observed_at,collected_at,channel,keyword_raw,entity,metric_type,metric_value,metadata,run_id
2026-10-06T10:00:30+09:00,2026-10-06T01:00:32+00:00,commerce_rank,스테디 썸머 플리츠 오버 셔츠_12 Color,29cm:1120309,heart_count,25404.0,"{""brand_eng"": ""TRIP LE SENS"", ""brand_kor"": ""트립르센스"", ""brand_no"": 3121, ""category1"": ""남성의류"", ""category2"": ""상의"", ""category3"": ""긴소매 셔츠"", ""category3_code"": 272103106, ""is_new"": false, ""item_no"": 1120309, ""period_sort"": ""ONE_DAY"", ""platform"": ""29cm"", ""ranking_category_code"": ""272103100"", ""ranking_category_name"": ""남성의류>상의"", ""review_avg"": 4.5, ""sale_percent"": 28, ""sale_price"": 53280, ""sold_out"": false, ""url"": ""https://product.29cm.co.kr/catalog/1120309""}",2026-10-06T01:00:30+00:00_6b919dbf
2026-10-06T10:00:30+09:00,2026-10-06T01:00:32+00:00,commerce_rank,스테디 썸머 플리츠 오버 셔츠_12 Color,29cm:1120309,review_count,1658.0,"{""brand_eng"": ""TRIP LE SENS"", ""brand_kor"": ""트립르센스"", ""brand_no"": 3121, ""category1"": ""남성의류"", ""category2"": ""상의"", ""category3"": ""긴소매 셔츠"", ""category3_code"": 272103106, ""is_new"": false, ""item_no"": 1120309, ""period_sort"": ""ONE_DAY"", ""platform"": ""29cm"", ""ranking_category_code"": ""272103100"", ""ranking_category_name"": ""남성의류>상의"", ""review_avg"": 4.5, ""sale_percent"": 28, ""sale_price"": 53280, ""sold_out"": false, ""url"": ""https://product.29cm.co.kr/catalog/1120309""}",2026-10-06T01:00:30+00:00_6b919dbf
2026-10-06T10:00:30+09:00,2026-10-06T01:00:32+00:00,commerce_rank,스테디 썸머 플리츠 오버 셔츠_12 Color,29cm:1120309@272103100,rank,91.0,"{""brand_eng"": ""TRIP LE SENS"", ""brand_kor"": ""트립르센스"", ""brand_no"": 3121, ""category1"": ""남성의류"", ""category2"": ""상의"", ""category3"": ""긴소매 셔츠"", ""category3_code"": 272103106, ""is_new"": false, ""item_no"": 1120309, ""period_sort"": ""ONE_DAY"", ""platform"": ""29cm"", ""ranking_category_code"": ""272103100"", ""ranking_category_name"": ""남성의류>상의"", ""review_avg"": 4.5, ""sale_percent"": 28, ""sale_price"": 53280, ""sold_out"": false, ""url"": ""https://product.29cm.co.kr/catalog/1120309""}",2026-10-06T01:00:30+00:00_6b919dbf
2026-10-06T10:00:30+09:00,2026-10-06T01:00:32+00:00,commerce_rank,TG3-SH2101 인디고 버튼다운 셔츠 - 연청,29cm:1374870,heart_count,11429.0,"{""brand_eng"": ""THOMAS MORE"", ""brand_kor"": ""토마스모어"", ""brand_no"": 2111, ""category1"": ""남성의류"", ""category2"": ""상의"", ""category3"": ""긴소매 셔츠"", ""category3_code"": 272103106, ""is_new"": false, ""item_no"": 1374870, ""period_sort"": ""ONE_DAY"", ""platform"": ""29cm"", ""ranking_category_code"": ""272103100"", ""ranking_category_name"": ""남성의류>상의"", ""review_avg"": 5.0, ""sale_percent"": 0, ""sale_price"": 67500, ""sold_out"": false, ""url"": ""https://product.29cm.co.kr/catalog/1374870""}",2026-10-06T01:00:30+00:00_6b919dbf
2026-10-06T10:00:30+09:00,2026-10-06T01:00:32+00:00,commerce_rank,TG3-SH2101 인디고 버튼다운 셔츠 - 연청,29cm:1374870,review_count,1299.0,"{""brand_eng"": ""THOMAS MORE"", ""brand_kor"": ""토마스모어"", ""brand_no"": 2111, ""category1"": ""남성의류"", ""category2"": ""상의"", ""category3"": ""긴소매 셔츠"", ""category3_code"": 272103106, ""is_new"": false, ""item_no"": 1374870, ""period_sort"": ""ONE_DAY"", ""platform"": ""29cm"", ""ranking_category_code"": ""272103100"", ""ranking_category_name"": ""남성의류>상의"", ""review_avg"": 5.0, ""sale_percent"": 0, ""sale_price"": 67500, ""sold_out"": false, ""url"": ""https://product.29cm.co.kr/catalog/1374870""}",2026-10-06T01:00:30+00:00_6b919dbf
2026-10-06T10:00:30+09:00,2026-10-06T01:00:32+00:00,commerce_rank,TG3-SH2101 인디고 버튼다운 셔츠 - 연청,29cm:1374870@272103100,rank,56.0,"{""brand_eng"": ""THOMAS MORE"", ""brand_kor"": ""토마스모어"", ""brand_no"": 2111, ""category1"": ""남성의류"", ""category2"": ""상의"", ""category3"": ""긴소매 셔츠"", ""category3_code"": 272103106, ""is_new"": false, ""item_no"": 1374870, ""period_sort"": ""ONE_DAY"", ""platform"": ""29cm"", ""ranking_category_code"": ""272103100"", ""ranking_category_name"": ""남성의류>상의"", ""review_avg"": 5.0, ""sale_percent"": 0, ""sale_price"": 67500, ""sold_out"": false, ""url"": ""https://product.29cm.co.kr/catalog/1374870""}",2026-10-06T01:00:30+00:00_6b919dbf
2026-10-06T10:00:30+09:00,2026-10-06T01:00:32+00:00,commerce_rank,[2PACK] 수피마 코튼 티셔츠,29cm:1501688,heart_count,3778.0,"{""brand_eng"": ""COOR"", ""brand_kor"": ""쿠어"", ""brand_no"": 15326, ""category1"": ""남성의류"", ""category2"": ""상의"", ""category3"": ""반소매 티셔츠"", ""category3_code"": 272103101, ""is_new"": false, ""item_no"": 1501688, ""period_sort"": ""ONE_DAY"", ""platform"": ""29cm"", ""ranking_category_code"": ""272103100"", ""ranking_category_name"": ""남성의류>상의"", ""review_avg"": 5.0, ""sale_percent"": 45, ""sale_price"": 44900, ""sold_out"": false, ""url"": ""https://product.29cm.co.kr/catalog/1501688""}",2026-10-06T01:00:30+00:00_6b919dbf
2026-10-06T10:00:30+09:00,2026-10-06T01:00:32+00:00,commerce_rank,[2PACK] 수피마 코튼 티셔츠,29cm:1501688,review_count,796.0,"{""brand_eng"": ""COOR"", ""brand_kor"": ""쿠어"", ""brand_no"": 15326, ""category1"": ""남성의류"", ""category2"": ""상의"", ""category3"": ""반소매 티셔츠"", ""category3_code"": 272103101, ""is_new"": false, ""item_no"": 1501688, ""period_sort"": ""ONE_DAY"", ""platform"": ""29cm"", ""ranking_category_code"": ""272103100"", ""ranking_category_name"": ""남성의류>상의"", ""review_avg"": 5.0, ""sale_percent"": 45, ""sale_price"": 44900, ""sold_out"": false, ""url"": ""https://product.29cm.co.kr/catalog/1501688""}",2026-10-06T01:00:30+00:00_6b919dbf
2026-10-06T10:00:30+09:00,2026-10-06T01:00:32+00:00,commerce_rank,[2PACK] 수피마 코튼 티셔츠,29cm:1501688@272103100,rank,42.0,"{""brand_eng"": ""COOR"", ""brand_kor"": ""쿠어"", ""brand_no"": 15326, ""category1"": ""남성의류"", ""category2"": ""상의"", ""category3"": ""반소매 티셔츠"", ""category3_code"": 272103101, ""is_new"": false, ""item_no"": 1501688, ""period_sort"": ""ONE_DAY"", ""platform"": ""29cm"", ""ranking_category_code"": ""272103100"", ""ranking_category_name"": ""남성의류>상의"", ""review_avg"": 5.0, ""sale_percent"": 45, ""sale_price"": 44900, ""sold_out"": false, ""url"": ""https://product.29cm.co.kr/catalog/1501688""}",2026-10-06T01:00:30+00:00_6b919dbf
2026-10-06T10:00:30+09:00,2026-10-06T01:00:32+00:00,commerce_rank,TG1-SH08 프렌치 스트라이프 셔츠 - [네이비],29cm:1678466,heart_count,6277.0,"{""brand_eng"": ""THOMAS MORE"", ""brand_kor"": ""토마스모어"", ""brand_no"": 2111, ""category1"": ""남성의류"", ""category2"": ""상의"", ""category3"": ""긴소매 셔츠"", ""category3_code"": 272103106, ""is_new"": false, ""item_no"": 1678466, ""period_sort"": ""ONE_DAY"", ""platform"": ""29cm"", ""ranking_category_code"": ""272103100"", ""ranking_category_name"": ""남성의류>상의"", ""review_avg"": 5.0, ""sale_percent"": 0, ""sale_price"": 59700, ""sold_out"": false, ""url"": ""https://product.29cm.co.kr/catalog/1678466""}",2026-10-06T01:00:30+00:00_6b919dbf
2026-10-06T10:00:30+09:00,2026-10-06T01:00:32+00:00,commerce_rank,TG1-SH08 프렌치 스트라이프 셔츠 - [네이비],29cm:1678466,review_count,1713.0,"{""brand_eng"": ""THOMAS MORE"", ""brand_kor"": ""토마스모어"", ""brand_no"": 2111, ""category1"": ""남성의류"", ""category2"": ""상의"", ""category3"": ""긴소매 셔츠"", ""category3_code"": 272103106, ""is_new"": false, ""item_no"": 1678466, ""period_sort"": ""ONE_DAY"", ""platform"": ""29cm"", ""ranking_category_code"": ""272103100"", ""ranking_category_name"": ""남성의류>상의"", ""review_avg"": 5.0, ""sale_percent"": 0, ""sale_price"": 59700, ""sold_out"": false, ""url"": ""https://product.29cm.co.kr/catalog/1678466""}",2026-10-06T01:00:30+00:00_6b919dbf
2026-10-06T10:00:30+09:00,2026-10-06T01:00:32+00:00,commerce_rank,TG1-SH08 프렌치 스트라이프 셔츠 - [네이비],29cm:1678466@272103100,rank,20.0,"{""brand_eng"": ""THOMAS MORE"", ""brand_kor"": ""토마스모어"", ""brand_no"": 2111, ""category1"": ""남성의류"", ""category2"": ""상의"", ""category3"": ""긴소매 셔츠"", ""category3_code"": 272103106, ""is_new"": false, ""item_no"": 1678466, ""period_sort"": ""ONE_DAY"", ""platform"": ""29cm"", ""ranking_category_code"": ""272103100"", ""ranking_category_name"": ""남성의류>상의"", ""review_avg"": 5.0, ""sale_percent"": 0, ""sale_price"": 59700, ""sold_out"": false, ""url"": ""https://product.29cm.co.kr/catalog/1678466""}",2026-10-06T01:00:30+00:00_6b919dbf
2026-10-06T10:00:30+09:00,2026-10-06T01:00:32+00:00,commerce_rank,TG1-SH08 프렌치 스트라이프 셔츠 - [그레이 그린],29cm:1678501,heart_count,10434.0,"{""brand_eng"": ""THOMAS MORE"", ""brand_kor"": ""토마스모어"", ""brand_no"": 2111, ""category1"": ""남성의류"", ""category2"": ""상의"", ""category3"": ""긴소매 셔츠"", ""category3_code"": 272103106, ""is_new"": false, ""item_no"": 1678501, ""period_sort"": ""ONE_DAY"", ""platform"": ""29cm"", ""ranking_category_code"": ""272103100"", ""ranking_category_name"": ""남성의류>상의"", ""review_avg"": 5.0, ""sale_percent"": 0, ""sale_price"": 59700, ""sold_out"": false, ""url"": ""https://product.29cm.co.kr/catalog/1678501""}",2026-10-06T01:00:30+00:00_6b919dbf
2026-10-06T10:00:30+09:00,2026-10-06T01:00:32+00:00,commerce_rank,TG1-SH08 프렌치 스트라이프 셔츠 - [그레이 그린],29cm:1678501,review_count,1599.0,"{""brand_eng"": ""THOMAS MORE"", ""brand_kor"": ""토마스모어"", ""brand_no"": 2111, ""category1"": ""남성의류"", ""category2"": ""상의"", ""category3"": ""긴소매 셔츠"", ""category3_code"": 272103106, ""is_new"": false, ""item_no"": 1678501, ""period_sort"": ""ONE_DAY"", ""platform"": ""29cm"", ""ranking_category_code"": ""272103100"", ""ranking_category_name"": ""남성의류>상의"", ""review_avg"": 5.0, ""sale_percent"": 0, ""sale_price"": 59700, ""sold_out"": false, ""url"": ""https://product.29cm.co.kr/catalog/1678501""}",2026-10-06T01:00:30+00:00_6b919dbf
2026-10-06T10:00:30+09:00,2026-10-06T01:00:32+00:00,commerce_rank,TG1-SH08 프렌치 스트라이프 셔츠 - [그레이 그린],29cm:1678501@272103100,rank,30.0,"{""brand_eng"": ""THOMAS MORE"", ""brand_kor"": ""토마스모어"", ""brand_no"": 2111, ""category1"": ""남성의류"", ""category2"": ""상의"", ""category3"": ""긴소매 셔츠"", ""category3_code"": 272103106, ""is_new"": false, ""item_no"": 1678501, ""period_sort"": ""ONE_DAY"", ""platform"": ""29cm"", ""ranking_category_code"": ""272103100"", ""ranking_category_name"": ""남성의류>상의"", ""review_avg"": 5.0, ""sale_percent"": 0, ""sale_price"": 59700, ""sold_out"": false, ""url"": ""https://product.29cm.co.kr/catalog/1678501""}",2026-10-06T01:00:30+00:00_6b919dbf
2026-10-06T10:00:30+09:00,2026-10-06T01:00:31+00:00,commerce_rank,a birthday sweatshirt (grey),29cm:1841835,heart_count,35526.0,"{""brand_eng"": ""HAAG"", ""brand_kor"": ""헤이그"", ""brand_no"": 19972, ""category1"": ""여성의류"", ""category2"": ""상의"", ""category3"": ""스웨트셔츠"", ""category3_code"": 268103104, ""is_new"": false, ""item_no"": 1841835, ""period_sort"": ""ONE_DAY"", ""platform"": ""29cm"", ""ranking_category_code"": ""268103100"", ""ranking_category_name"": ""여성의류>상의"", ""review_avg"": 5.0, ""sale_percent"": 5, ""sale_price"": 103550, ""sold_out"": false, ""url"": ""https://product.29cm.co.kr/catalog/1841835""}",2026-10-06T01:00:30+00:00_6b919dbf
2026-10-06T10:00:30+09:00,2026-10-06T01:00:31+00:00,commerce_rank,a birthday sweatshirt (grey),29cm:1841835,review_count,2540.0,"{""brand_eng"": ""HAAG"", ""brand_kor"": ""헤이그"", ""brand_no"": 19972, ""category1"": ""여성의류"", ""category2"": ""상의"", ""category3"": ""스웨트셔츠"", ""category3_code"": 268103104, ""is_new"": false, ""item_no"": 1841835, ""period_sort"": ""ONE_DAY"", ""platform"": ""29cm"", ""ranking_category_code"": ""268103100"", ""ranking_category_name"": ""여성의류>상의"", ""review_avg"": 5.0, ""sale_percent"": 5, ""sale_price"": 103550, ""sold_out"": false, ""url"": ""https://product.29cm.co.kr/catalog/1841835""}",2026-10-06T01:00:30+00:00_6b919dbf
2026-10-06T10:00:30+09:00,2026-10-06T01:00:31+00:00,commerce_rank,a birthday sweatshirt (grey),29cm:1841835@268103100,rank,93.0,"{""brand_eng"": ""HAAG"", ""brand_kor"": ""헤이그"", ""brand_no"": 19972, ""category1"": ""여성의류"", ""category2"": ""상의"", ""category3"": ""스웨트셔츠"", ""category3_code"": 268103104, ""is_new"": false, ""item_no"": 1841835, ""period_sort"": ""ONE_DAY"", ""platform"": ""29cm"", ""ranking_category_code"": ""268103100"", ""ranking_category_name"": ""여성의류>상의"", ""review_avg"": 5.0, ""sale_percent"": 5, ""sale_price"": 103550, ""sold_out"": false, ""url"": ""https://product.29cm.co.kr/catalog/1841835""}",2026-10-06T01:00:30+00:00_6b919dbf
2026-10-06T10:00:30+09:00,2026-10-06T01:00:32+00:00,commerce_rank,TF5-SH07 페이퍼셔츠 (12 Color),29cm:1911054,heart_count,66314.0,"{""brand_eng"": ""THOMAS MORE"", ""brand_kor"": ""토마스모어"", ""brand_no"": 2111, ""category1"": ""남성의류"", ""category2"": ""상의"", ""category3"": ""긴소매 셔츠"", ""category3_code"": 272103106, ""is_new"": false, ""item_no"": 1911054, ""period_sort"": ""ONE_DAY"", ""platform"": ""29cm"", ""ranking_category_code"": ""272103100"", ""ranking_category_name"": ""남성의류>상의"", ""review_avg"": 5.0, ""sale_percent"": 20, ""sale_price"": 47760, ""sold_out"": false, ""url"": ""https://product.29cm.co.kr/catalog/1911054""}",2026-10-06T01:00:30+00:00_6b919dbf
2026-10-06T10:00:30+09:00,2026-10-06T01:00:32+00:00,commerce_rank,TF5-SH07 페이퍼셔츠 (12 Color),29cm:1911054,review_count,21892.0,"{""brand_eng"": ""THOMAS MORE"", ""brand_kor"": ""토마스모어"", ""brand_no"": 2111, ""category1"": ""남성의류"", ""category2"": ""상의"", ""category3"": ""긴소매 셔츠"", ""category3_code"": 272103106, ""is_new"": false, ""item_no"": 1911054, ""period_sort"": ""ONE_DAY"", ""platform"": ""29cm"", ""ranking_category_code"": ""272103100"", ""ranking_category_name"": ""남성의류>상의"", ""review_avg"": 5.0, ""sale_percent"": 20, ""sale_price"": 47760, ""sold_out"": false, ""url"": ""https://product.29cm.co.kr/catalog/1911054""}",2026-10-06T01:00:30+00:00_6b919dbf
2026-10-06T10:00:30+09:00,2026-10-06T01:00:32+00:00,commerce_rank,TF5-SH07 페이퍼셔츠 (12 Color),29cm:1911054@272103100,rank,60.0,"{""brand_eng"": ""THOMAS MORE"", ""brand_kor"": ""토마스모어"", ""brand_no"": 2111, ""category1"": ""남성의류"", ""category2"": ""상의"", ""category3"": ""긴소매 셔츠"", ""category3_code"": 272103106, ""is_new"": false, ""item_no"": 1911054, ""period_sort"": ""ONE_DAY"", ""platform"": ""29cm"", ""ranking_category_code"": ""272103100"", ""ranking_category_name"": ""남성의류>상의"", ""review_avg"": 5.0, ""sale_percent"": 20, ""sale_price"": 47760, ""sold_out"": false, ""url"": ""https://product.29cm.co.kr/catalog/1911054""}",2026-10-06T01:00:30+00:00_6b919dbf
2026-10-06T10:00:30+09:00,2026-10-06T01:00:32+00:00,commerce_rank,ASKIN LOGO LONG SLEEVE (BLACK),29cm:1969351,heart_count,751.0,"{""brand_eng"": ""GOYOWEAR"", ""brand_kor"": ""고요웨어"", ""brand_no"": 16187, ""category1"": ""남성의류"", ""category2"": ""상의"", ""category3"": ""긴소매 티셔츠"", ""category3_code"": 272103102, ""is_new"": false, ""item_no"": 1969351, ""period_sort"": ""ONE_DAY"", ""platform"": ""29cm"", ""ranking_category_code"": ""272103100"", ""ranking_category_name"": ""남성의류>상의"", ""review_avg"": 5.0, ""sale_percent"": 10, ""sale_price"": 44100, ""sold_out"": false, ""url"": ""https://product.29cm.co.kr/catalog/1969351""}",2026-10-06T01:00:30+00:00_6b919dbf
2026-10-06T10:00:30+09:00,2026-10-06T01:00:32+00:00,commerce_rank,ASKIN LOGO LONG SLEEVE (BLACK),29cm:1969351,review_count,118.0,"{""brand_eng"": ""GOYOWEAR"", ""brand_kor"": ""고요웨어"", ""brand_no"": 16187, ""category1"": ""남성의류"", ""category2"": ""상의"", ""category3"": ""긴소매 티셔츠"", ""category3_code"": 272103102, ""is_new"": false, ""item_no"": 1969351, ""period_sort"": ""ONE_DAY"", ""platform"": ""29cm"", ""ranking_category_code"": ""272103100"", ""ranking_category_name"": ""남성의류>상의"", ""review_avg"": 5.0, ""sale_percent"": 10, ""sale_price"": 44100, ""sold_out"": false, ""url"": ""https://product.29cm.co.kr/catalog/1969351""}",2026-10-06T01:00:30+00:00_6b919dbf
2026-10-06T10:00:30+09:00,2026-10-06T01:00:32+00:00,commerce_rank,ASKIN LOGO LONG SLEEVE (BLACK),29cm:1969351@272103100,rank,59.0,"{""brand_eng"": ""GOYOWEAR"", ""brand_kor"": ""고요웨어"", ""brand_no"": 16187, ""category1"": ""남성의류"", ""category2"": ""상의"", ""category3"": ""긴소매 티셔츠"", ""category3_code"": 272103102, ""is_new"": false, ""item_no"": 1969351, ""period_sort"": ""ONE_DAY"", ""platform"": ""29cm"", ""ranking_category_code"": ""272103100"", ""ranking_category_name"": ""남성의류>상의"", ""review_avg"": 5.0, ""sale_percent"": 10, ""sale_price"": 44100, ""sold_out"": false, ""url"": ""https://product.29cm.co.kr/catalog/1969351""}",2026-10-06T01:00:30+00:00_6b919dbf
2026-10-06T10:00:30+09:00,2026-10-06T01:00:32+00:00,commerce_rank,83플래그 폴라 후디(3colors) NFL2356,29cm:2260843,heart_count,534.0,"{""brand_eng"": ""NAUTICA"", ""brand_kor"": ""노티카"", ""brand_no"": 17425, ""category1"": ""남성의류"", ""category2"": ""상의"", ""category3"": ""후디"", ""category3_code"": 272103108, ""is_new"": false, ""item_no"": 2260843, ""period_sort"": ""ONE_DAY"", ""platform"": ""29cm"", ""ranking_category_code"": ""272103100"", ""ranking_category_name"": ""남성의류>상의"", ""review_avg"": 4.5, ""sale_percent"": 10, ""sale_price"": 80100, ""sold_out"": false, ""url"": ""https://product.29cm.co.kr/catalog/2260843""}",2026-10-06T01:00:30+00:00_6b919dbf
2026-10-06T10:00:30+09:00,2026-10-06T01:00:32+00:00,commerce_rank,83플래그 폴라 후디(3colors) NFL2356,29cm:2260843,review_count,34.0,"{""brand_eng"": ""NAUTICA"", ""brand_kor"": ""노티카"", ""brand_no"": 17425, ""category1"": ""남성의류"", ""category2"": ""상의"", ""category3"": ""후디"", ""category3_code"": 272103108, ""is_new"": false, ""item_no"": 2260843, ""period_sort"": ""ONE_DAY"", ""platform"": ""29cm"", ""ranking_category_code"": ""272103100"", ""ranking_category_name"": ""남성의류>상의"", ""review_avg"": 4.5, ""sale_percent"": 10, ""sale_price"": 80100, ""sold_out"": false, ""url"": ""https://product.29cm.co.kr/catalog/2260843""}",2026-10-06T01:00:30+00:00_6b919dbf
2026-10-06T10:00:30+09:00,2026-10-06T01:00:32+00:00,commerce_rank,83플래그 폴라 후디(3colors) NFL2356,29cm:2260843@272103100,rank,92.0,"{""brand_eng"": ""NAUTICA"", ""brand_kor"": ""노티카"", ""brand_no"": 17425, ""category1"": ""남성의류"", ""category2"": ""상의"", ""category3"": ""후디"", ""category3_code"": 272103108, ""is_new"": false, ""item_no"": 2260843, ""period_sort"": ""ONE_DAY"", ""platform"": ""29cm"", ""ranking_category_code"": ""272103100"", ""ranking_category_name"": ""남성의류>상의"", ""review_avg"": 4.5, ""sale_percent"": 10, ""sale_price"": 80100, ""sold_out"": false, ""url"": ""https://product.29cm.co.kr/catalog/2260843""}",2026-10-06T01:00:30+00:00_6b919dbf
2026-10-06T10:00:30+09:00,2026-10-06T01:00:32+00:00,commerce_rank,1304 베이식 긴팔 티셔츠 18수,29cm:2378167,heart_count,59.0,"{""brand_eng"": ""ALSTYLE APPAREL & ACTIVEWEAR"", ""brand_kor"": ""트리플에이"", ""brand_no"": 32563, ""category1"": ""남성의류"", ""category2"": ""상의"", ""category3"": ""긴소매 티셔츠"", ""category3_code"": 272103102, ""is_new"": false, ""item_no"": 2378167, ""period_sort"": ""ONE_DAY"", ""platform"": ""29cm"", ""ranking_category_code"": ""272103100"", ""ranking_category_name"": ""남성의류>상의"", ""review_avg"": 5.0, ""sale_percent"": 67, ""sale_price"": 14900, ""sold_out"": false, ""url"": ""https://product.29cm.co.kr/catalog/2378167""}",2026-10-06T01:00:30+00:00_6b919dbf
2026-10-06T10:00:30+09:00,2026-10-06T01:00:32+00:00,commerce_rank,1304 베이식 긴팔 티셔츠 18수,29cm:2378167,review_count,8.0,"{""brand_eng"": ""ALSTYLE APPAREL & ACTIVEWEAR"", ""brand_kor"": ""트리플에이"", ""brand_no"": 32563, ""category1"": ""남성의류"", ""category2"": ""상의"", ""category3"": ""긴소매 티셔츠"", ""category3_code"": 272103102, ""is_new"": false, ""item_no"": 2378167, ""period_sort"": ""ONE_DAY"", ""platform"": ""29cm"", ""ranking_category_code"": ""272103100"", ""ranking_category_name"": ""남성의류>상의"", ""review_avg"": 5.0, ""sale_percent"": 67, ""sale_price"": 14900, ""sold_out"": false, ""url"": ""https://product.29cm.co.kr/catalog/2378167""}",2026-10-06T01:00:30+00:00_6b919dbf
2026-10-06T10:00:30+09:00,2026-10-06T01:00:32+00:00,commerce_rank,1304 베이식 긴팔 티셔츠 18수,29cm:2378167@272103100,rank,100.0,"{""brand_eng"": ""ALSTYLE APPAREL & ACTIVEWEAR"", ""brand_kor"": ""트리플에이"", ""brand_no"": 32563, ""category1"": ""남성의류"", ""category2"": ""상의"", ""category3"": ""긴소매 티셔츠"", ""category3_code"": 272103102, ""is_new"": false, ""item_no"": 2378167, ""period_sort"": ""ONE_DAY"", ""platform"": ""29cm"", ""ranking_category_code"": ""272103100"", ""ranking_category_name"": ""남성의류>상의"", ""review_avg"": 5.0, ""sale_percent"": 67, ""sale_price"": 14900, ""sold_out"": false, ""url"": ""https://product.29cm.co.kr/catalog/2378167""}",2026-10-06T01:00:30+00:00_6b919dbf
2026-10-06T10:00:30+09:00,2026-10-06T01:00:32+00:00,commerce_rank,Plan Half Zip-Up Sweatshirt Navy,29cm:2415059,heart_count,5894.0,"{""brand_eng"": ""TEKET"", ""brand_kor"": ""테켓"", ""brand_no"": 34509, ""category1"": ""남성의류"", ""category2"": ""상의"", ""category3"": ""스웨트셔츠"", ""category3_code"": 272103107, ""is_new"": false, ""item_no"": 2415059, ""period_sort"": ""ONE_DAY"", ""platform"": ""29cm"", ""ranking_category_code"": ""272103100"", ""ranking_category_name"": ""남성의류>상의"", ""review_avg"": 5.0, ""sale_percent"": 0, ""sale_price"": 94000, ""sold_out"": false, ""url"": ""https://product.29cm.co.kr/catalog/2415059""}",2026-10-06T01:00:30+00:00_6b919dbf
2026-10-06T10:00:30+09:00,2026-10-06T01:00:32+00:00,commerce_rank,Plan Half Zip-Up Sweatshirt Navy,29cm:2415059,review_count,425.0,"{""brand_eng"": ""TEKET"", ""brand_kor"": ""테켓"", ""brand_no"": 34509, ""category1"": ""남성의류"", ""category2"": ""상의"", ""category3"": ""스웨트셔츠"", ""category3_code"": 272103107, ""is_new"": false, ""item_no"": 2415059, ""period_sort"": ""ONE_DAY"", ""platform"": ""29cm"", ""ranking_category_code"": ""272103100"", ""ranking_category_name"": ""남성의류>상의"", ""review_avg"": 5.0, ""sale_percent"": 0, ""sale_price"": 94000, ""sold_out"": false, ""url"": ""https://product.29cm.co.kr/catalog/2415059""}",2026-10-06T01:00:30+00:00_6b919dbf
2026-10-06T10:00:30+09:00,2026-10-06T01:00:32+00:00,commerce_rank,Plan Half Zip-Up Sweatshirt Navy,29cm:2415059@272103100,rank,50.0,"{""brand_eng"": ""TEKET"", ""brand_kor"": ""테켓"", ""brand_no"": 34509, ""category1"": ""남성의류"", ""category2"": ""상의"", ""category3"": ""스웨트셔츠"", ""category3_code"": 272103107, ""is_new"": false, ""item_no"": 2415059, ""period_sort"": ""ONE_DAY"", ""platform"": ""29cm"", ""ranking_category_code"": ""272103100"", ""ranking_category_name"": ""남성의류>상의"", ""review_avg"": 5.0, ""sale_percent"": 0, ""sale_price"": 94000, ""sold_out"": false, ""url"": ""https://product.29cm.co.kr/catalog/2415059""}",2026-10-06T01:00:30+00:00_6b919dbf
2026-10-06T10:00:30+09:00,2026-10-06T01:00:32+00:00,commerce_rank,Comfort Shirt - 12 Color,29cm:2460665,heart_count,4503.0,"{""brand_eng"": ""POTTERY"", ""brand_kor"": ""포터리"", ""brand_no"": 3453, ""category1"": ""남성의류"", ""category2"": ""상의"", ""category3"": ""긴소매 셔츠"", ""category3_code"": 272103106, ""is_new"": false, ""item_no"": 2460665, ""period_sort"": ""ONE_DAY"", ""platform"": ""29cm"", ""ranking_category_code"": ""272103100"", ""ranking_category_name"": ""남성의류>상의"", ""review_avg"": 5.0, ""sale_percent"": 19, ""sale_price"": 153090, ""sold_out"": false, ""url"": ""https://product.29cm.co.kr/catalog/2460665""}",2026-10-06T01:00:30+00:00_6b919dbf
2026-10-06T10:00:30+09:00,2026-10-06T01:00:32+00:00,commerce_rank,Comfort Shirt - 12 Color,29cm:2460665,review_count,815.0,"{""brand_eng"": ""POTTERY"", ""brand_kor"": ""포터리"", ""brand_no"": 3453, ""category1"": ""남성의류"", ""category2"": ""상의"", ""category3"": ""긴소매 셔츠"", ""category3_code"": 272103106, ""is_new"": false, ""item_no"": 2460665, ""period_sort"": ""ONE_DAY"", ""platform"": ""29cm"", ""ranking_category_code"": ""272103100"", ""ranking_category_name"": ""남성의류>상의"", ""review_avg"": 5.0, ""sale_percent"": 19, ""sale_price"": 153090, ""sold_out"": false, ""url"": ""https://product.29cm.co.kr/catalog/2460665""}",2026-10-06T01:00:30+00:00_6b919dbf
2026-10-06T10:00:30+09:00,2026-10-06T01:00:32+00:00,commerce_rank,Comfort Shirt - 12 Color,29cm:2460665@272103100,rank,29.0,"{""brand_eng"": ""POTTERY"", ""brand_kor"": ""포터리"", ""brand_no"": 3453, ""category1"": ""남성의류"", ""category2"": ""상의"", ""category3"": ""긴소매 셔츠"", ""category3_code"": 272103106, ""is_new"": false, ""item_no"": 2460665, ""period_sort"": ""ONE_DAY"", ""platform"": ""29cm"", ""ranking_category_code"": ""272103100"", ""ranking_category_name"": ""남성의류>상의"", ""review_avg"": 5.0, ""sale_percent"": 19, ""sale_price"": 153090, ""sold_out"": false, ""url"": ""https://product.29cm.co.kr/catalog/2460665""}",2026-10-06T01:00:30+00:00_6b919dbf
2026-10-06T10:00:30+09:00,2026-10-06T01:00:32+00:00,commerce_rank,TG3-SH14 일리안 셔츠,29cm:2469530,heart_count,10412.0,"{""brand_eng"": ""THOMAS MORE"", ""brand_kor"": ""토마스모어"", ""brand_no"": 2111, ""category1"": ""남성의류"", ""category2"": ""상의"", ""category3"": ""긴소매 셔츠"", ""category3_code"": 272103106, ""is_new"": false, ""item_no"": 2469530, ""period_sort"": ""ONE_DAY"", ""platform"": ""29cm"", ""ranking_category_code"": ""272103100"", ""ranking_category_name"": ""남성의류>상의"", ""review_avg"": 5.0, ""sale_percent"": 0, ""sale_price"": 69500, ""sold_out"": false, ""url"": ""https://product.29cm.co.kr/catalog/2469530""}",2026-10-06T01:00:30+00:00_6b919dbf
2026-10-06T10:00:30+09:00,2026-10-06T01:00:32+00:00,commerce_rank,TG3-SH14 일리안 셔츠,29cm:2469530,review_count,926.0,"{""brand_eng"": ""THOMAS MORE"", ""brand_kor"": ""토마스모어"", ""brand_no"": 2111, ""category1"": ""남성의류"", ""category2"": ""상의"", ""category3"": ""긴소매 셔츠"", ""category3_code"": 272103106, ""is_new"": false, ""item_no"": 2469530, ""period_sort"": ""ONE_DAY"", ""platform"": ""29cm"", ""ranking_category_code"": ""272103100"", ""ranking_category_name"": ""남성의류>상의"", ""review_avg"": 5.0, ""sale_percent"": 0, ""sale_price"": 69500, ""sold_out"": false, ""url"": ""https://product.29cm.co.kr/catalog/2469530""}",2026-10-06T01:00:30+00:00_6b919dbf
2026-10-06T10:00:30+09:00,2026-10-06T01:00:32+00:00,commerce_rank,TG3-SH14 일리안 셔츠,29cm:2469530@272103100,rank,87.0,"{""brand_eng"": ""THOMAS MORE"", ""brand_kor"": ""토마스모어"", ""brand_no"": 2111, ""category1"": ""남성의류"", ""category2"": ""상의"", ""category3"": ""긴소매 셔츠"", ""category3_code"": 272103106, ""is_new"": false, ""item_no"": 2469530, ""period_sort"": ""ONE_DAY"", ""platform"": ""29cm"", ""ranking_category_code"": ""272103100"", ""ranking_category_name"": ""남성의류>상의"", ""review_avg"": 5.0, ""sale_percent"": 0, ""sale_price"": 69500, ""sold_out"": false, ""url"": ""https://product.29cm.co.kr/catalog/2469530""}",2026-10-06T01:00:30+00:00_6b919dbf
2026-10-06T10:00:30+09:00,2026-10-06T01:00:31+00:00,commerce_rank,Boat-neck Color Patch Tee (Cream/Blue),29cm:2469578,heart_count,7589.0,"{""brand_eng"": ""GREENBUTTER"", ""brand_kor"": ""그린버터"", ""brand_no"": 19819, ""category1"": ""여성의류"", ""category2"": ""상의"", ""category3"": ""긴소매 티셔츠"", ""category3_code"": 268103102, ""is_new"": false, ""item_no"": 2469578, ""period_sort"": ""ONE_DAY"", ""platform"": ""29cm"", ""ranking_category_code"": ""268103100"", ""ranking_category_name"": ""여성의류>상의"", ""review_avg"": 5.0, ""sale_percent"": 19, ""sale_price"": 42120, ""sold_out"": false, ""url"": ""https://product.29cm.co.kr/catalog/2469578""}",2026-10-06T01:00:30+00:00_6b919dbf
2026-10-06T10:00:30+09:00,2026-10-06T01:00:31+00:00,commerce_rank,Boat-neck Color Patch Tee (Cream/Blue),29cm:2469578,review_count,768.0,"{""brand_eng"": ""GREENBUTTER"", ""brand_kor"": ""그린버터"", ""brand_no"": 19819, ""category1"": ""여성의류"", ""category2"": ""상의"", ""category3"": ""긴소매 티셔츠"", ""category3_code"": 268103102, ""is_new"": false, ""item_no"": 2469578, ""period_sort"": ""ONE_DAY"", ""platform"": ""29cm"", ""ranking_category_code"": ""268103100"", ""ranking_category_name"": ""여성의류>상의"", ""review_avg"": 5.0, ""sale_percent"": 19, ""sale_price"": 42120, ""sold_out"": false, ""url"": ""https://product.29cm.co.kr/catalog/2469578""}",2026-10-06T01:00:30+00:00_6b919dbf
2026-10-06T10:00:30+09:00,2026-10-06T01:00:31+00:00,commerce_rank,Boat-neck Color Patch Tee (Cream/Blue),29cm:2469578@268103100,rank,25.0,"{""brand_eng"": ""GREENBUTTER"", ""brand_kor"": ""그린버터"", ""brand_no"": 19819, ""category1"": ""여성의류"", ""category2"": ""상의"", ""category3"": ""긴소매 티셔츠"", ""category3_code"": 268103102, ""is_new"": false, ""item_no"": 2469578, ""period_sort"": ""ONE_DAY"", ""platform"": ""29cm"", ""ranking_category_code"": ""268103100"", ""ranking_category_name"": ""여성의류>상의"", ""review_avg"": 5.0, ""sale_percent"": 19, ""sale_price"": 42120, ""sold_out"": false, ""url"": ""https://product.29cm.co.kr/catalog/2469578""}",2026-10-06T01:00:30+00:00_6b919dbf
2026-10-06T10:00:30+09:00,2026-10-06T01:00:32+00:00,commerce_rank,Neo Bold Garment Shirt (Dusty Indigo),29cm:2471351,heart_count,875.0,"{""brand_eng"": ""ANOTHER OFFICE"", ""brand_kor"": ""어나더오피스"", ""brand_no"": 1708, ""category1"": ""남성의류"", ""category2"": ""상의"", ""category3"": ""긴소매 셔츠"", ""category3_code"": 272103106, ""is_new"": false, ""item_no"": 2471351, ""period_sort"": ""ONE_DAY"", ""platform"": ""29cm"", ""ranking_category_code"": ""272103100"", ""ranking_category_name"": ""남성의류>상의"", ""review_avg"": 5.0, ""sale_percent"": 0, ""sale_price"": 128000, ""sold_out"": false, ""url"": ""https://product.29cm.co.kr/catalog/2471351""}",2026-10-06T01:00:30+00:00_6b919dbf
2026-10-06T10:00:30+09:00,2026-10-06T01:00:32+00:00,commerce_rank,Neo Bold Garment Shirt (Dusty Indigo),29cm:2471351,review_count,132.0,"{""brand_eng"": ""ANOTHER OFFICE"", ""brand_kor"": ""어나더오피스"", ""brand_no"": 1708, ""category1"": ""남성의류"", ""category2"": ""상의"", ""category3"": ""긴소매 셔츠"", ""category3_code"": 272103106, ""is_new"": false, ""item_no"": 2471351, ""period_sort"": ""ONE_DAY"", ""platform"": ""29cm"", ""ranking_category_code"": ""272103100"", ""ranking_category_name"": ""남성의류>상의"", ""review_avg"": 5.0, ""sale_percent"": 0, ""sale_price"": 128000, ""sold_out"": false, ""url"": ""https://product.29cm.co.kr/catalog/2471351""}",2026-10-06T01:00:30+00:00_6b919dbf
2026-10-06T10:00:30+09:00,2026-10-06T01:00:32+00:00,commerce_rank,Neo Bold Garment Shirt (Dusty Indigo),29cm:2471351@272103100,rank,93.0,"{""brand_eng"": ""ANOTHER OFFICE"", ""brand_kor"": ""어나더오피스"", ""brand_no"": 1708, ""category1"": ""남성의류"", ""category2"": ""상의"", ""category3"": ""긴소매 셔츠"", ""category3_code"": 272103106, ""is_new"": false, ""item_no"": 2471351, ""period_sort"": ""ONE_DAY"", ""platform"": ""29cm"", ""ranking_category_code"": ""272103100"", ""ranking_category_name"": ""남성의류>상의"", ""review_avg"": 5.0, ""sale_percent"": 0, ""sale_price"": 128000, ""sold_out"": false, ""url"": ""https://product.29cm.co.kr/catalog/2471351""}",2026-10-06T01:00:30+00:00_6b919dbf
2026-10-06T10:00:30+09:00,2026-10-06T01:00:31+00:00,commerce_rank,빅 트위치 로고 후드 티셔츠 오트밀,29cm:2737573,heart_count,573.0,"{""brand_eng"": ""Lee"", ""brand_kor"": ""리"", ""brand_no"": 15263, ""category1"": ""남성의류"", ""category2"": ""상의"", ""category3"": ""후디"", ""category3_code"": 272103108, ""is_new"": false, ""item_no"": 2737573, ""period_sort"": ""ONE_DAY"", ""platform"": ""29cm"", ""ranking_category_code"": ""268103100"", ""ranking_category_name"": ""여성의류>상의"", ""review_avg"": 5.0, ""sale_percent"": 63, ""sale_price"": 28980, ""sold_out"": false, ""url"": ""https://product.29cm.co.kr/catalog/2737573""}",2026-10-06T01:00:30+00:00_6b919dbf
2026-10-06T10:00:30+09:00,2026-10-06T01:00:31+00:00,commerce_rank,빅 트위치 로고 후드 티셔츠 오트밀,29cm:2737573,review_count,30.0,"{""brand_eng"": ""Lee"", ""brand_kor"": ""리"", ""brand_no"": 15263, ""category1"": ""남성의류"", ""category2"": ""상의"", ""category3"": ""후디"", ""category3_code"": 272103108, ""is_new"": false, ""item_no"": 2737573, ""period_sort"": ""ONE_DAY"", ""platform"": ""29cm"", ""ranking_category_code"": ""268103100"", ""ranking_category_name"": ""여성의류>상의"", ""review_avg"": 5.0, ""sale_percent"": 63, ""sale_price"": 28980, ""sold_out"": false, ""url"": ""https://product.29cm.co.kr/catalog/2737573""}",2026-10-06T01:00:30+00:00_6b919dbf
2026-10-06T10:00:30+09:00,2026-10-06T01:00:31+00:00,commerce_rank,빅 트위치 로고 후드 티셔츠 오트밀,29cm:2737573@268103100,rank,47.0,"{""brand_eng"": ""Lee"", ""brand_kor"": ""리"", ""brand_no"": 15263, ""category1"": ""남성의류"", ""category2"": ""상의"", ""category3"": ""후디"", ""category3_code"": 272103108, ""is_new"": false, ""item_no"": 2737573, ""period_sort"": ""ONE_DAY"", ""platform"": ""29cm"", ""ranking_category_code"": ""268103100"", ""ranking_category_name"": ""여성의류>상의"", ""review_avg"": 5.0, ""sale_percent"": 63, ""sale_price"": 28980, ""sold_out"": false, ""url"": ""https://product.29cm.co.kr/catalog/2737573""}",2026-10-06T01:00:30+00:00_6b919dbf
2026-10-06T10:00:30+09:00,2026-10-06T01:00:32+00:00,commerce_rank,빅 트위치 로고 후드 티셔츠 오트밀,29cm:2737573@272103100,rank,81.0,"{""brand_eng"": ""Lee"", ""brand_kor"": ""리"", ""brand_no"": 15263, ""category1"": ""남성의류"", ""category2"": ""상의"", ""category3"": ""후디"", ""category3_code"": 272103108, ""is_new"": false, ""item_no"": 2737573, ""period_sort"": ""ONE_DAY"", ""platform"": ""29cm"", ""ranking_category_code"": ""272103100"", ""ranking_category_name"": ""남성의류>상의"", ""review_avg"": 5.0, ""sale_percent"": 63, ""sale_price"": 28980, ""sold_out"": false, ""url"": ""https://product.29cm.co.kr/catalog/2737573""}",2026-10-06T01:00:30+00:00_6b919dbf
2026-10-06T10:00:30+09:00,2026-10-06T01:00:31+00:00,commerce_rank,Essential Boat Neck Tee_4 Colors,29cm:2746755,heart_count,28889.0,"{""brand_eng"": ""ARTTO"", ""brand_kor"": ""아르토"", ""brand_no"": 57017, ""category1"": ""여성의류"", ""category2"": ""단독"", ""category3"": ""상의"", ""category3_code"": 268116101, ""is_new"": false, ""item_no"": 2746755, ""period_sort"": ""ONE_DAY"", ""platform"": ""29cm"", ""ranking_category_code"": ""268103100"", ""ranking_category_name"": ""여성의류>상의"", ""review_avg"": 5.0, ""sale_percent"": 0, ""sale_price"": 36000, ""sold_out"": false, ""url"": ""https://product.29cm.co.kr/catalog/2746755""}",2026-10-06T01:00:30+00:00_6b919dbf
2026-10-06T10:00:30+09:00,2026-10-06T01:00:31+00:00,commerce_rank,Essential Boat Neck Tee_4 Colors,29cm:2746755,review_count,2017.0,"{""brand_eng"": ""ARTTO"", ""brand_kor"": ""아르토"", ""brand_no"": 57017, ""category1"": ""여성의류"", ""category2"": ""단독"", ""category3"": ""상의"", ""category3_code"": 268116101, ""is_new"": false, ""item_no"": 2746755, ""period_sort"": ""ONE_DAY"", ""platform"": ""29cm"", ""ranking_category_code"": ""268103100"", ""ranking_category_name"": ""여성의류>상의"", ""review_avg"": 5.0, ""sale_percent"": 0, ""sale_price"": 36000, ""sold_out"": false, ""url"": ""https://product.29cm.co.kr/catalog/2746755""}",2026-10-06T01:00:30+00:00_6b919dbf
2026-10-06T10:00:30+09:00,2026-10-06T01:00:31+00:00,commerce_rank,Essential Boat Neck Tee_4 Colors,29cm:2746755@268103100,rank,16.0,"{""brand_eng"": ""ARTTO"", ""brand_kor"": ""아르토"", ""brand_no"": 57017, ""category1"": ""여성의류"", ""category2"": ""단독"", ""category3"": ""상의"", ""category3_code"": 268116101, ""is_new"": false, ""item_no"": 2746755, ""period_sort"": ""ONE_DAY"", ""platform"": ""29cm"", ""ranking_category_code"": ""268103100"", ""ranking_category_name"": ""여성의류>상의"", ""review_avg"": 5.0, ""sale_percent"": 0, ""sale_price"": 36000, ""sold_out"": false, ""url"": ""https://product.29cm.co.kr/catalog/2746755""}",2026-10-06T01:00:30+00:00_6b919dbf
2026-10-06T10:00:30+09:00,2026-10-06T01:00:31+00:00,commerce_rank,[오제 PICK] 에센셜 롱 슬리브 티셔츠 MDTS063_6 Colors,29cm:2753432,heart_count,7867.0,"{""brand_eng"": ""MONGDOL"", ""brand_kor"": ""몽돌"", ""brand_no"": 10654, ""category1"": ""여성의류"", ""category2"": ""상의"", ""category3"": ""긴소매 티셔츠"", ""category3_code"": 268103102, ""is_new"": false, ""item_no"": 2753432, ""period_sort"": ""ONE_DAY"", ""platform"": ""29cm"", ""ranking_category_code"": ""268103100"", ""ranking_category_name"": ""여성의류>상의"", ""review_avg"": 4.5, ""sale_percent"": 19, ""sale_price"": 29970, ""sold_out"": false, ""url"": ""https://product.29cm.co.kr/catalog/2753432""}",2026-10-06T01:00:30+00:00_6b919dbf
2026-10-06T10:00:30+09:00,2026-10-06T01:00:31+00:00,commerce_rank,[오제 PICK] 에센셜 롱 슬리브 티셔츠 MDTS063_6 Colors,29cm:2753432,review_count,771.0,"{""brand_eng"": ""MONGDOL"", ""brand_kor"": ""몽돌"", ""brand_no"": 10654, ""category1"": ""여성의류"", ""category2"": ""상의"", ""category3"": ""긴소매 티셔츠"", ""category3_code"": 268103102, ""is_new"": false, ""item_no"": 2753432, ""period_sort"": ""ONE_DAY"", ""platform"": ""29cm"", ""ranking_category_code"": ""268103100"", ""ranking_category_name"": ""여성의류>상의"", ""review_avg"": 4.5, ""sale_percent"": 19, ""sale_price"": 29970, ""sold_out"": false, ""url"": ""https://product.29cm.co.kr/catalog/2753432""}",2026-10-06T01:00:30+00:00_6b919dbf
2026-10-06T10:00:30+09:00,2026-10-06T01:00:31+00:00,commerce_rank,[오제 PICK] 에센셜 롱 슬리브 티셔츠 MDTS063_6 Colors,29cm:2753432@268103100,rank,44.0,"{""brand_eng"": ""MONGDOL"", ""brand_kor"": ""몽돌"", ""brand_no"": 10654, ""category1"": ""여성의류"", ""category2"": ""상의"", ""category3"": ""긴소매 티셔츠"", ""category3_code"": 268103102, ""is_new"": false, ""item_no"": 2753432, ""period_sort"": ""ONE_DAY"", ""platform"": ""29cm"", ""ranking_category_code"": ""268103100"", ""ranking_category_name"": ""여성의류>상의"", ""review_avg"": 4.5, ""sale_percent"": 19, ""sale_price"": 29970, ""sold_out"": false, ""url"": ""https://product.29cm.co.kr/catalog/2753432""}",2026-10-06T01:00:30+00:00_6b919dbf
2026-10-06T10:00:30+09:00,2026-10-06T01:00:31+00:00,commerce_rank,[28th][소진pick]Raglan sleeve t-shirt (melange gray),29cm:2792718,heart_count,5381.0,"{""brand_eng"": ""THE MITTEN"", ""brand_kor"": ""더미튼"", ""brand_no"": 25573, ""category1"": ""여성의류"", ""category2"": ""상의"", ""category3"": ""긴소매 티셔츠"", ""category3_code"": 268103102, ""is_new"": false, ""item_no"": 2792718, ""period_sort"": ""ONE_DAY"", ""platform"": ""29cm"", ""ranking_category_code"": ""268103100"", ""ranking_category_name"": ""여성의류>상의"", ""review_avg"": 5.0, ""sale_percent"": 23, ""sale_price"": 42080, ""sold_out"": false, ""url"": ""https://product.29cm.co.kr/catalog/2792718""}",2026-10-06T01:00:30+00:00_6b919dbf
2026-10-06T10:00:30+09:00,2026-10-06T01:00:31+00:00,commerce_rank,[28th][소진pick]Raglan sleeve t-shirt (melange gray),29cm:2792718,review_count,257.0,"{""brand_eng"": ""THE MITTEN"", ""brand_kor"": ""더미튼"", ""brand_no"": 25573, ""category1"": ""여성의류"", ""category2"": ""상의"", ""category3"": ""긴소매 티셔츠"", ""category3_code"": 268103102, ""is_new"": false, ""item_no"": 2792718, ""period_sort"": ""ONE_DAY"", ""platform"": ""29cm"", ""ranking_category_code"": ""268103100"", ""ranking_category_name"": ""여성의류>상의"", ""review_avg"": 5.0, ""sale_percent"": 23, ""sale_price"": 42080, ""sold_out"": false, ""url"": ""https://product.29cm.co.kr/catalog/2792718""}",2026-10-06T01:00:30+00:00_6b919dbf
2026-10-06T10:00:30+09:00,2026-10-06T01:00:31+00:00,commerce_rank,[28th][소진pick]Raglan sleeve t-shirt (melange gray),29cm:2792718@268103100,rank,28.0,"{""brand_eng"": ""THE MITTEN"", ""brand_kor"": ""더미튼"", ""brand_no"": 25573, ""category1"": ""여성의류"", ""category2"": ""상의"", ""category3"": ""긴소매 티셔츠"", ""category3_code"": 268103102, ""is_new"": false, ""item_no"": 2792718, ""period_sort"": ""ONE_DAY"", ""platform"": ""29cm"", ""ranking_category_code"": ""268103100"", ""ranking_category_name"": ""여성의류>상의"", ""review_avg"": 5.0, ""sale_percent"": 23, ""sale_price"": 42080, ""sold_out"": false, ""url"": ""https://product.29cm.co.kr/catalog/2792718""}",2026-10-06T01:00:30+00:00_6b919dbf
2026-10-06T10:00:30+09:00,2026-10-06T01:00:31+00:00,commerce_rank,[13차]Wool tencel round Tee (Ivory),29cm:2794388,heart_count,4781.0,"{""brand_eng"": ""NOEUD"", ""brand_kor"": ""노우드"", ""brand_no"": 22234, ""category1"": ""여성의류"", ""category2"": ""상의"", ""category3"": ""긴소매 티셔츠"", ""category3_code"": 268103102, ""is_new"": false, ""item_no"": 2794388, ""period_sort"": ""ONE_DAY"", ""platform"": ""29cm"", ""ranking_category_code"": ""268103100"", ""ranking_category_name"": ""여성의류>상의"", ""review_avg"": 5.0, ""sale_percent"": 20, ""sale_price"": 33600, ""sold_out"": false, ""url"": ""https://product.29cm.co.kr/catalog/2794388""}",2026-10-06T01:00:30+00:00_6b919dbf
2026-10-06T10:00:30+09:00,2026-10-06T01:00:31+00:00,commerce_rank,[13차]Wool tencel round Tee (Ivory),29cm:2794388,review_count,479.0,"{""brand_eng"": ""NOEUD"", ""brand_kor"": ""노우드"", ""brand_no"": 22234, ""category1"": ""여성의류"", ""category2"": ""상의"", ""category3"": ""긴소매 티셔츠"", ""category3_code"": 268103102, ""is_new"": false, ""item_no"": 2794388, ""period_sort"": ""ONE_DAY"", ""platform"": ""29cm"", ""ranking_category_code"": ""268103100"", ""ranking_category_name"": ""여성의류>상의"", ""review_avg"": 5.0, ""sale_percent"": 20, ""sale_price"": 33600, ""sold_out"": false, ""url"": ""https://product.29cm.co.kr/catalog/2794388""}",2026-10-06T01:00:30+00:00_6b919dbf
2026-10-06T10:00:30+09:00,2026-10-06T01:00:31+00:00,commerce_rank,[13차]Wool tencel round Tee (Ivory),29cm:2794388@268103100,rank,36.0,"{""brand_eng"": ""NOEUD"", ""brand_kor"": ""노우드"", ""brand_no"": 22234, ""category1"": ""여성의류"", ""category2"": ""상의"", ""category3"": ""긴소매 티셔츠"", ""category3_code"": 268103102, ""is_new"": false, ""item_no"": 2794388, ""period_sort"": ""ONE_DAY"", ""platform"": ""29cm"", ""ranking_category_code"": ""268103100"", ""ranking_category_name"": ""여성의류>상의"", ""review_avg"": 5.0, ""sale_percent"": 20, ""sale_price"": 33600, ""sold_out"": false, ""url"": ""https://product.29cm.co.kr/catalog/2794388""}",2026-10-06T01:00:30+00:00_6b919dbf
2026-10-06T10:00:30+09:00,2026-10-06T01:00:31+00:00,commerce_rank,LOND2 WAIST TUCK BLOUSE (Z-BL-4287),29cm:2809438,heart_count,41591.0,"{""brand_eng"": ""ATELIER NAIN"", ""brand_kor"": ""아틀리에 나인"", ""brand_no"": 27282, ""category1"": ""여성의류"", ""category2"": ""상의"", ""category3"": ""블라우스"", ""category3_code"": 268103107, ""is_new"": false, ""item_no"": 2809438, ""period_sort"": ""ONE_DAY"", ""platform"": ""29cm"", ""ranking_category_code"": ""268103100"", ""ranking_category_name"": ""여성의류>상의"", ""review_avg"": 4.5, ""sale_percent"": 23, ""sale_price"": 45640, ""sold_out"": false, ""url"": ""https://product.29cm.co.kr/catalog/2809438""}",2026-10-06T01:00:30+00:00_6b919dbf
2026-10-06T10:00:30+09:00,2026-10-06T01:00:31+00:00,commerce_rank,LOND2 WAIST TUCK BLOUSE (Z-BL-4287),29cm:2809438,review_count,693.0,"{""brand_eng"": ""ATELIER NAIN"", ""brand_kor"": ""아틀리에 나인"", ""brand_no"": 27282, ""category1"": ""여성의류"", ""category2"": ""상의"", ""category3"": ""블라우스"", ""category3_code"": 268103107, ""is_new"": false, ""item_no"": 2809438, ""period_sort"": ""ONE_DAY"", ""platform"": ""29cm"", ""ranking_category_code"": ""268103100"", ""ranking_category_name"": ""여성의류>상의"", ""review_avg"": 4.5, ""sale_percent"": 23, ""sale_price"": 45640, ""sold_out"": false, ""url"": ""https://product.29cm.co.kr/catalog/2809438""}",2026-10-06T01:00:30+00:00_6b919dbf
2026-10-06T10:00:30+09:00,2026-10-06T01:00:31+00:00,commerce_rank,LOND2 WAIST TUCK BLOUSE (Z-BL-4287),29cm:2809438@268103100,rank,95.0,"{""brand_eng"": ""ATELIER NAIN"", ""brand_kor"": ""아틀리에 나인"", ""brand_no"": 27282, ""category1"": ""여성의류"", ""category2"": ""상의"", ""category3"": ""블라우스"", ""category3_code"": 268103107, ""is_new"": false, ""item_no"": 2809438, ""period_sort"": ""ONE_DAY"", ""platform"": ""29cm"", ""ranking_category_code"": ""268103100"", ""ranking_category_name"": ""여성의류>상의"", ""review_avg"": 4.5, ""sale_percent"": 23, ""sale_price"": 45640, ""sold_out"": false, ""url"": ""https://product.29cm.co.kr/catalog/2809438""}",2026-10-06T01:00:30+00:00_6b919dbf
2026-10-06T10:00:30+09:00,2026-10-06T01:00:32+00:00,commerce_rank,[스페셜오더] SWEAT SHIRT (5 COLOR),29cm:2816996,heart_count,1913.0,"{""brand_eng"": ""EASTLOGUE PERMANENT"", ""brand_kor"": ""이스트로그 퍼머넌트"", ""brand_no"": 9323, ""category1"": ""남성의류"", ""category2"": ""상의"", ""category3"": ""스웨트셔츠"", ""category3_code"": 272103107, ""is_new"": false, ""item_no"": 2816996, ""period_sort"": ""ONE_DAY"", ""platform"": ""29cm"", ""ranking_category_code"": ""272103100"", ""ranking_category_name"": ""남성의류>상의"", ""review_avg"": 5.0, ""sale_percent"": 24, ""sale_price"": 82620, ""sold_out"": false, ""url"": ""https://product.29cm.co.kr/catalog/2816996""}",2026-10-06T01:00:30+00:00_6b919dbf
2026-10-06T10:00:30+09:00,2026-10-06T01:00:32+00:00,commerce_rank,[스페셜오더] SWEAT SHIRT (5 COLOR),29cm:2816996,review_count,471.0,"{""brand_eng"": ""EASTLOGUE PERMANENT"", ""brand_kor"": ""이스트로그 퍼머넌트"", ""brand_no"": 9323, ""category1"": ""남성의류"", ""category2"": ""상의"", ""category3"": ""스웨트셔츠"", ""category3_code"": 272103107, ""is_new"": false, ""item_no"": 2816996, ""period_sort"": ""ONE_DAY"", ""platform"": ""29cm"", ""ranking_category_code"": ""272103100"", ""ranking_category_name"": ""남성의류>상의"", ""review_avg"": 5.0, ""sale_percent"": 24, ""sale_price"": 82620, ""sold_out"": false, ""url"": ""https://product.29cm.co.kr/catalog/2816996""}",2026-10-06T01:00:30+00:00_6b919dbf
2026-10-06T10:00:30+09:00,2026-10-06T01:00:32+00:00,commerce_rank,[스페셜오더] SWEAT SHIRT (5 COLOR),29cm:2816996@272103100,rank,11.0,"{""brand_eng"": ""EASTLOGUE PERMANENT"", ""brand_kor"": ""이스트로그 퍼머넌트"", ""brand_no"": 9323, ""category1"": ""남성의류"", ""category2"": ""상의"", ""category3"": ""스웨트셔츠"", ""category3_code"": 272103107, ""is_new"": false, ""item_no"": 2816996, ""period_sort"": ""ONE_DAY"", ""platform"": ""29cm"", ""ranking_category_code"": ""272103100"", ""ranking_category_name"": ""남성의류>상의"", ""review_avg"": 5.0, ""sale_percent"": 24, ""sale_price"": 82620, ""sold_out"": false, ""url"": ""https://product.29cm.co.kr/catalog/2816996""}",2026-10-06T01:00:30+00:00_6b919dbf
2026-10-06T10:00:30+09:00,2026-10-06T01:00:31+00:00,commerce_rank,Sheer Tencel T-Shirts - 11Colors,29cm:2850695,heart_count,12384.0,"{""brand_eng"": ""movewarm"", ""brand_kor"": ""무브웜"", ""brand_no"": 18801, ""category1"": ""레저"", ""category2"": ""요가/필라테스"", ""category3"": ""상의"", ""category3_code"": 286116101, ""is_new"": false, ""item_no"": 2850695, ""period_sort"": ""ONE_DAY"", ""platform"": ""29cm"", ""ranking_category_code"": ""268103100"", ""ranking_category_name"": ""여성의류>상의"", ""review_avg"": 5.0, ""sale_percent"": 0, ""sale_price"": 49000, ""sold_out"": false, ""url"": ""https://product.29cm.co.kr/catalog/2850695""}",2026-10-06T01:00:30+00:00_6b919dbf
2026-10-06T10:00:30+09:00,2026-10-06T01:00:31+00:00,commerce_rank,Sheer Tencel T-Shirts - 11Colors,29cm:2850695,review_count,1303.0,"{""brand_eng"": ""movewarm"", ""brand_kor"": ""무브웜"", ""brand_no"": 18801, ""category1"": ""레저"", ""category2"": ""요가/필라테스"", ""category3"": ""상의"", ""category3_code"": 286116101, ""is_new"": false, ""item_no"": 2850695, ""period_sort"": ""ONE_DAY"", ""platform"": ""29cm"", ""ranking_category_code"": ""268103100"", ""ranking_category_name"": ""여성의류>상의"", ""review_avg"": 5.0, ""sale_percent"": 0, ""sale_price"": 49000, ""sold_out"": false, ""url"": ""https://product.29cm.co.kr/catalog/2850695""}",2026-10-06T01:00:30+00:00_6b919dbf
2026-10-06T10:00:30+09:00,2026-10-06T01:00:31+00:00,commerce_rank,Sheer Tencel T-Shirts - 11Colors,29cm:2850695@268103100,rank,89.0,"{""brand_eng"": ""movewarm"", ""brand_kor"": ""무브웜"", ""brand_no"": 18801, ""category1"": ""레저"", ""category2"": ""요가/필라테스"", ""category3"": ""상의"", ""category3_code"": 286116101, ""is_new"": false, ""item_no"": 2850695, ""period_sort"": ""ONE_DAY"", ""platform"": ""29cm"", ""ranking_category_code"": ""268103100"", ""ranking_category_name"": ""여성의류>상의"", ""review_avg"": 5.0, ""sale_percent"": 0, ""sale_price"": 49000, ""sold_out"": false, ""url"": ""https://product.29cm.co.kr/catalog/2850695""}",2026-10-06T01:00:30+00:00_6b919dbf
2026-10-06T10:00:30+09:00,2026-10-06T01:00:31+00:00,commerce_rank,a haag half zip-up (grey),29cm:2883822,heart_count,14986.0,"{""brand_eng"": ""HAAG"", ""brand_kor"": ""헤이그"", ""brand_no"": 19972, ""category1"": ""여성의류"", ""category2"": ""상의"", ""category3"": ""스웨트셔츠"", ""category3_code"": 268103104, ""is_new"": false, ""item_no"": 2883822, ""period_sort"": ""ONE_DAY"", ""platform"": ""29cm"", ""ranking_category_code"": ""268103100"", ""ranking_category_name"": ""여성의류>상의"", ""review_avg"": 5.0, ""sale_percent"": 0, ""sale_price"": 118000, ""sold_out"": false, ""url"": ""https://product.29cm.co.kr/catalog/2883822""}",2026-10-06T01:00:30+00:00_6b919dbf
2026-10-06T10:00:30+09:00,2026-10-06T01:00:31+00:00,commerce_rank,a haag half zip-up (grey),29cm:2883822,review_count,835.0,"{""brand_eng"": ""HAAG"", ""brand_kor"": ""헤이그"", ""brand_no"": 19972, ""category1"": ""여성의류"", ""category2"": ""상의"", ""category3"": ""스웨트셔츠"", ""category3_code"": 268103104, ""is_new"": false, ""item_no"": 2883822, ""period_sort"": ""ONE_DAY"", ""platform"": ""29cm"", ""ranking_category_code"": ""268103100"", ""ranking_category_name"": ""여성의류>상의"", ""review_avg"": 5.0, ""sale_percent"": 0, ""sale_price"": 118000, ""sold_out"": false, ""url"": ""https://product.29cm.co.kr/catalog/2883822""}",2026-10-06T01:00:30+00:00_6b919dbf
2026-10-06T10:00:30+09:00,2026-10-06T01:00:31+00:00,commerce_rank,a haag half zip-up (grey),29cm:2883822@268103100,rank,87.0,"{""brand_eng"": ""HAAG"", ""brand_kor"": ""헤이그"", ""brand_no"": 19972, ""category1"": ""여성의류"", ""category2"": ""상의"", ""category3"": ""스웨트셔츠"", ""category3_code"": 268103104, ""is_new"": false, ""item_no"": 2883822, ""period_sort"": ""ONE_DAY"", ""platform"": ""29cm"", ""ranking_category_code"": ""268103100"", ""ranking_category_name"": ""여성의류>상의"", ""review_avg"": 5.0, ""sale_percent"": 0, ""sale_price"": 118000, ""sold_out"": false, ""url"": ""https://product.29cm.co.kr/catalog/2883822""}",2026-10-06T01:00:30+00:00_6b919dbf
2026-10-06T10:00:30+09:00,2026-10-06T01:00:32+00:00,commerce_rank,원포인트 그래픽 후드 블루,29cm:2970257,heart_count,2.0,"{""brand_eng"": ""Wacky Willy"", ""brand_kor"": ""와키윌리"", ""brand_no"": 15237, ""category1"": ""남성의류"", ""category2"": ""상의"", ""category3"": ""후디"", ""category3_code"": 272103108, ""is_new"": false, ""item_no"": 2970257, ""period_sort"": ""ONE_DAY"", ""platform"": ""29cm"", ""ranking_category_code"": ""272103100"", ""ranking_category_name"": ""남성의류>상의"", ""review_avg"": 0.0, ""sale_percent"": 71, ""sale_price"": 29000, ""sold_out"": true, ""url"": ""https://product.29cm.co.kr/catalog/2970257""}",2026-10-06T01:00:30+00:00_6b919dbf
2026-10-06T10:00:30+09:00,2026-10-06T01:00:32+00:00,commerce_rank,원포인트 그래픽 후드 블루,29cm:2970257,review_count,0.0,"{""brand_eng"": ""Wacky Willy"", ""brand_kor"": ""와키윌리"", ""brand_no"": 15237, ""category1"": ""남성의류"", ""category2"": ""상의"", ""category3"": ""후디"", ""category3_code"": 272103108, ""is_new"": false, ""item_no"": 2970257, ""period_sort"": ""ONE_DAY"", ""platform"": ""29cm"", ""ranking_category_code"": ""272103100"", ""ranking_category_name"": ""남성의류>상의"", ""review_avg"": 0.0, ""sale_percent"": 71, ""sale_price"": 29000, ""sold_out"": true, ""url"": ""https://product.29cm.co.kr/catalog/2970257""}",2026-10-06T01:00:30+00:00_6b919dbf
2026-10-06T10:00:30+09:00,2026-10-06T01:00:32+00:00,commerce_rank,원포인트 그래픽 후드 블루,29cm:2970257@272103100,rank,1.0,"{""brand_eng"": ""Wacky Willy"", ""brand_kor"": ""와키윌리"", ""brand_no"": 15237, ""category1"": ""남성의류"", ""category2"": ""상의"", ""category3"": ""후디"", ""category3_code"": 272103108, ""is_new"": false, ""item_no"": 2970257, ""period_sort"": ""ONE_DAY"", ""platform"": ""29cm"", ""ranking_category_code"": ""272103100"", ""ranking_category_name"": ""남성의류>상의"", ""review_avg"": 0.0, ""sale_percent"": 71, ""sale_price"": 29000, ""sold_out"": true, ""url"": ""https://product.29cm.co.kr/catalog/2970257""}",2026-10-06T01:00:30+00:00_6b919dbf
2026-10-06T10:00:30+09:00,2026-10-06T01:00:31+00:00,commerce_rank,[29CM 단독/컬러추가] SIKN2136 클래식 스트라이프 카라 니트_Navy,29cm:3033257,heart_count,22787.0,"{""brand_eng"": ""Siyazu"", ""brand_kor"": ""시야쥬"", ""brand_no"": 10005, ""category1"": ""여성의류"", ""category2"": ""상의"", ""category3"": ""피케/카라 티셔츠"", ""category3_code"": 268103109, ""is_new"": false, ""item_no"": 3033257, ""period_sort"": ""ONE_DAY"", ""platform"": ""29cm"", ""ranking_category_code"": ""268103100"", ""ranking_category_name"": ""여성의류>상의"", ""review_avg"": 5.0, ""sale_percent"": 32, ""sale_price"": 65870, ""sold_out"": false, ""url"": ""https://product.29cm.co.kr/catalog/3033257""}",2026-10-06T01:00:30+00:00_6b919dbf
2026-10-06T10:00:30+09:00,2026-10-06T01:00:31+00:00,commerce_rank,[29CM 단독/컬러추가] SIKN2136 클래식 스트라이프 카라 니트_Navy,29cm:3033257,review_count,537.0,"{""brand_eng"": ""Siyazu"", ""brand_kor"": ""시야쥬"", ""brand_no"": 10005, ""category1"": ""여성의류"", ""category2"": ""상의"", ""category3"": ""피케/카라 티셔츠"", ""category3_code"": 268103109, ""is_new"": false, ""item_no"": 3033257, ""period_sort"": ""ONE_DAY"", ""platform"": ""29cm"", ""ranking_category_code"": ""268103100"", ""ranking_category_name"": ""여성의류>상의"", ""review_avg"": 5.0, ""sale_percent"": 32, ""sale_price"": 65870, ""sold_out"": false, ""url"": ""https://product.29cm.co.kr/catalog/3033257""}",2026-10-06T01:00:30+00:00_6b919dbf
2026-10-06T10:00:30+09:00,2026-10-06T01:00:31+00:00,commerce_rank,[29CM 단독/컬러추가] SIKN2136 클래식 스트라이프 카라 니트_Navy,29cm:3033257@268103100,rank,4.0,"{""brand_eng"": ""Siyazu"", ""brand_kor"": ""시야쥬"", ""brand_no"": 10005, ""category1"": ""여성의류"", ""category2"": ""상의"", ""category3"": ""피케/카라 티셔츠"", ""category3_code"": 268103109, ""is_new"": false, ""item_no"": 3033257, ""period_sort"": ""ONE_DAY"", ""platform"": ""29cm"", ""ranking_category_code"": ""268103100"", ""ranking_category_name"": ""여성의류>상의"", ""review_avg"": 5.0, ""sale_percent"": 32, ""sale_price"": 65870, ""sold_out"": false, ""url"": ""https://product.29cm.co.kr/catalog/3033257""}",2026-10-06T01:00:30+00:00_6b919dbf
2026-10-06T10:00:30+09:00,2026-10-06T01:00:31+00:00,commerce_rank,[11차] Draped tie blouse_brown,29cm:3079603,heart_count,45825.0,"{""brand_eng"": ""AARAN"", ""brand_kor"": ""어랜"", ""brand_no"": 25864, ""category1"": ""여성의류"", ""category2"": ""단독"", ""category3"": ""상의"", ""category3_code"": 268116101, ""is_new"": false, ""item_no"": 3079603, ""period_sort"": ""ONE_DAY"", ""platform"": ""29cm"", ""ranking_category_code"": ""268103100"", ""ranking_category_name"": ""여성의류>상의"", ""review_avg"": 4.5, ""sale_percent"": 0, ""sale_price"": 152000, ""sold_out"": false, ""url"": ""https://product.29cm.co.kr/catalog/3079603""}",2026-10-06T01:00:30+00:00_6b919dbf
2026-10-06T10:00:30+09:00,2026-10-06T01:00:31+00:00,commerce_rank,[11차] Draped tie blouse_brown,29cm:3079603,review_count,655.0,"{""brand_eng"": ""AARAN"", ""brand_kor"": ""어랜"", ""brand_no"": 25864, ""category1"": ""여성의류"", ""category2"": ""단독"", ""category3"": ""상의"", ""category3_code"": 268116101, ""is_new"": false, ""item_no"": 3079603, ""period_sort"": ""ONE_DAY"", ""platform"": ""29cm"", ""ranking_category_code"": ""268103100"", ""ranking_category_name"": ""여성의류>상의"", ""review_avg"": 4.5, ""sale_percent"": 0, ""sale_price"": 152000, ""sold_out"": false, ""url"": ""https://product.29cm.co.kr/catalog/3079603""}",2026-10-06T01:00:30+00:00_6b919dbf
2026-10-06T10:00:30+09:00,2026-10-06T01:00:31+00:00,commerce_rank,[11차] Draped tie blouse_brown,29cm:3079603@268103100,rank,11.0,"{""brand_eng"": ""AARAN"", ""brand_kor"": ""어랜"", ""brand_no"": 25864, ""category1"": ""여성의류"", ""category2"": ""단독"", ""category3"": ""상의"", ""category3_code"": 268116101, ""is_new"": false, ""item_no"": 3079603, ""period_sort"": ""ONE_DAY"", ""platform"": ""29cm"", ""ranking_category_code"": ""268103100"", ""ranking_category_name"": ""여성의류>상의"", ""review_avg"": 4.5, ""sale_percent"": 0, ""sale_price"": 152000, ""sold_out"": false, ""url"": ""https://product.29cm.co.kr/catalog/3079603""}",2026-10-06T01:00:30+00:00_6b919dbf
2026-10-06T10:00:30+09:00,2026-10-06T01:00:32+00:00,commerce_rank,"Essential Long Sleeve, Grey",29cm:3178119,heart_count,869.0,"{""brand_eng"": ""BROWNYARD"", ""brand_kor"": ""브라운야드"", ""brand_no"": 2211, ""category1"": ""남성의류"", ""category2"": ""상의"", ""category3"": ""긴소매 티셔츠"", ""category3_code"": 272103102, ""is_new"": false, ""item_no"": 3178119, ""period_sort"": ""ONE_DAY"", ""platform"": ""29cm"", ""ranking_category_code"": ""272103100"", ""ranking_category_name"": ""남성의류>상의"", ""review_avg"": 5.0, ""sale_percent"": 0, ""sale_price"": 58000, ""sold_out"": false, ""url"": ""https://product.29cm.co.kr/catalog/3178119""}",2026-10-06T01:00:30+00:00_6b919dbf
2026-10-06T10:00:30+09:00,2026-10-06T01:00:32+00:00,commerce_rank,"Essential Long Sleeve, Grey",29cm:3178119,review_count,35.0,"{""brand_eng"": ""BROWNYARD"", ""brand_kor"": ""브라운야드"", ""brand_no"": 2211, ""category1"": ""남성의류"", ""category2"": ""상의"", ""category3"": ""긴소매 티셔츠"", ""category3_code"": 272103102, ""is_new"": false, ""item_no"": 3178119, ""period_sort"": ""ONE_DAY"", ""platform"": ""29cm"", ""ranking_category_code"": ""272103100"", ""ranking_category_name"": ""남성의류>상의"", ""review_avg"": 5.0, ""sale_percent"": 0, ""sale_price"": 58000, ""sold_out"": false, ""url"": ""https://product.29cm.co.kr/catalog/3178119""}",2026-10-06T01:00:30+00:00_6b919dbf
2026-10-06T10:00:30+09:00,2026-10-06T01:00:32+00:00,commerce_rank,"Essential Long Sleeve, Grey",29cm:3178119@272103100,rank,95.0,"{""brand_eng"": ""BROWNYARD"", ""brand_kor"": ""브라운야드"", ""brand_no"": 2211, ""category1"": ""남성의류"", ""category2"": ""상의"", ""category3"": ""긴소매 티셔츠"", ""category3_code"": 272103102, ""is_new"": false, ""item_no"": 3178119, ""period_sort"": ""ONE_DAY"", ""platform"": ""29cm"", ""ranking_category_code"": ""272103100"", ""ranking_category_name"": ""남성의류>상의"", ""review_avg"": 5.0, ""sale_percent"": 0, ""sale_price"": 58000, ""sold_out"": false, ""url"": ""https://product.29cm.co.kr/catalog/3178119""}",2026-10-06T01:00:30+00:00_6b919dbf
2026-10-06T10:00:30+09:00,2026-10-06T01:00:32+00:00,commerce_rank,"Essential Long Sleeve, White",29cm:3178132,heart_count,261.0,"{""brand_eng"": ""BROWNYARD"", ""brand_kor"": ""브라운야드"", ""brand_no"": 2211, ""category1"": ""남성의류"", ""category2"": ""상의"", ""category3"": ""긴소매 티셔츠"", ""category3_code"": 272103102, ""is_new"": false, ""item_no"": 3178132, ""period_sort"": ""ONE_DAY"", ""platform"": ""29cm"", ""ranking_category_code"": ""272103100"", ""ranking_category_name"": ""남성의류>상의"", ""review_avg"": 5.0, ""sale_percent"": 0, ""sale_price"": 58000, ""sold_out"": false, ""url"": ""https://product.29cm.co.kr/catalog/3178132""}",2026-10-06T01:00:30+00:00_6b919dbf
2026-10-06T10:00:30+09:00,2026-10-06T01:00:32+00:00,commerce_rank,"Essential Long Sleeve, White",29cm:3178132,review_count,24.0,"{""brand_eng"": ""BROWNYARD"", ""brand_kor"": ""브라운야드"", ""brand_no"": 2211, ""category1"": ""남성의류"", ""category2"": ""상의"", ""category3"": ""긴소매 티셔츠"", ""category3_code"": 272103102, ""is_new"": false, ""item_no"": 3178132, ""period_sort"": ""ONE_DAY"", ""platform"": ""29cm"", ""ranking_category_code"": ""272103100"", ""ranking_category_name"": ""남성의류>상의"", ""review_avg"": 5.0, ""sale_percent"": 0, ""sale_price"": 58000, ""sold_out"": false, ""url"": ""https://product.29cm.co.kr/catalog/3178132""}",2026-10-06T01:00:30+00:00_6b919dbf
2026-10-06T10:00:30+09:00,2026-10-06T01:00:32+00:00,commerce_rank,"Essential Long Sleeve, White",29cm:3178132@272103100,rank,94.0,"{""brand_eng"": ""BROWNYARD"", ""brand_kor"": ""브라운야드"", ""brand_no"": 2211, ""category1"": ""남성의류"", ""category2"": ""상의"", ""category3"": ""긴소매 티셔츠"", ""category3_code"": 272103102, ""is_new"": false, ""item_no"": 3178132, ""period_sort"": ""ONE_DAY"", ""platform"": ""29cm"", ""ranking_category_code"": ""272103100"", ""ranking_category_name"": ""남성의류>상의"", ""review_avg"": 5.0, ""sale_percent"": 0, ""sale_price"": 58000, ""sold_out"": false, ""url"": ""https://product.29cm.co.kr/catalog/3178132""}",2026-10-06T01:00:30+00:00_6b919dbf
2026-10-06T10:00:30+09:00,2026-10-06T01:00:32+00:00,commerce_rank,스트라이프 긴팔티 025520 [5color],29cm:3212845,heart_count,15.0,"{""brand_eng"": ""GIORDANO"", ""brand_kor"": ""지오다노"", ""brand_no"": 20585, ""category1"": ""남성의류"", ""category2"": ""상의"", ""category3"": ""긴소매 티셔츠"", ""category3_code"": 272103102, ""is_new"": false, ""item_no"": 3212845, ""period_sort"": ""ONE_DAY"", ""platform"": ""29cm"", ""ranking_category_code"": ""272103100"", ""ranking_category_name"": ""남성의류>상의"", ""review_avg"": 4.5, ""sale_percent"": 34, ""sale_price"": 23000, ""sold_out"": false, ""url"": ""https://product.29cm.co.kr/catalog/3212845""}",2026-10-06T01:00:30+00:00_6b919dbf
2026-10-06T10:00:30+09:00,2026-10-06T01:00:32+00:00,commerce_rank,스트라이프 긴팔티 025520 [5color],29cm:3212845,review_count,2.0,"{""brand_eng"": ""GIORDANO"", ""brand_kor"": ""지오다노"", ""brand_no"": 20585, ""category1"": ""남성의류"", ""category2"": ""상의"", ""category3"": ""긴소매 티셔츠"", ""category3_code"": 272103102, ""is_new"": false, ""item_no"": 3212845, ""period_sort"": ""ONE_DAY"", ""platform"": ""29cm"", ""ranking_category_code"": ""272103100"", ""ranking_category_name"": ""남성의류>상의"", ""review_avg"": 4.5, ""sale_percent"": 34, ""sale_price"": 23000, ""sold_out"": false, ""url"": ""https://product.29cm.co.kr/catalog/3212845""}",2026-10-06T01:00:30+00:00_6b919dbf
2026-10-06T10:00:30+09:00,2026-10-06T01:00:32+00:00,commerce_rank,스트라이프 긴팔티 025520 [5color],29cm:3212845@272103100,rank,99.0,"{""brand_eng"": ""GIORDANO"", ""brand_kor"": ""지오다노"", ""brand_no"": 20585, ""category1"": ""남성의류"", ""category2"": ""상의"", ""category3"": ""긴소매 티셔츠"", ""category3_code"": 272103102, ""is_new"": false, ""item_no"": 3212845, ""period_sort"": ""ONE_DAY"", ""platform"": ""29cm"", ""ranking_category_code"": ""272103100"", ""ranking_category_name"": ""남성의류>상의"", ""review_avg"": 4.5, ""sale_percent"": 34, ""sale_price"": 23000, ""sold_out"": false, ""url"": ""https://product.29cm.co.kr/catalog/3212845""}",2026-10-06T01:00:30+00:00_6b919dbf
2026-10-06T10:00:30+09:00,2026-10-06T01:00:32+00:00,commerce_rank,UNISEX HEART MESSAGE T-SHIRT atb1251u(ECRU),29cm:3226602,heart_count,16742.0,"{""brand_eng"": ""ADSB ANDERSSON BELL"", ""brand_kor"": ""앤더슨벨"", ""brand_no"": 1556, ""category1"": ""남성의류"", ""category2"": ""상의"", ""category3"": ""반소매 티셔츠"", ""category3_code"": 272103101, ""is_new"": false, ""item_no"": 3226602, ""period_sort"": ""ONE_DAY"", ""platform"": ""29cm"", ""ranking_category_code"": ""272103100"", ""ranking_category_name"": ""남성의류>상의"", ""review_avg"": 5.0, ""sale_percent"": 5, ""sale_price"": 69350, ""sold_out"": false, ""url"": ""https://product.29cm.co.kr/catalog/3226602""}",2026-10-06T01:00:30+00:00_6b919dbf
2026-10-06T10:00:30+09:00,2026-10-06T01:00:32+00:00,commerce_rank,UNISEX HEART MESSAGE T-SHIRT atb1251u(ECRU),29cm:3226602,review_count,314.0,"{""brand_eng"": ""ADSB ANDERSSON BELL"", ""brand_kor"": ""앤더슨벨"", ""brand_no"": 1556, ""category1"": ""남성의류"", ""category2"": ""상의"", ""category3"": ""반소매 티셔츠"", ""category3_code"": 272103101, ""is_new"": false, ""item_no"": 3226602, ""period_sort"": ""ONE_DAY"", ""platform"": ""29cm"", ""ranking_category_code"": ""272103100"", ""ranking_category_name"": ""남성의류>상의"", ""review_avg"": 5.0, ""sale_percent"": 5, ""sale_price"": 69350, ""sold_out"": false, ""url"": ""https://product.29cm.co.kr/catalog/3226602""}",2026-10-06T01:00:30+00:00_6b919dbf
2026-10-06T10:00:30+09:00,2026-10-06T01:00:32+00:00,commerce_rank,UNISEX HEART MESSAGE T-SHIRT atb1251u(ECRU),29cm:3226602@272103100,rank,61.0,"{""brand_eng"": ""ADSB ANDERSSON BELL"", ""brand_kor"": ""앤더슨벨"", ""brand_no"": 1556, ""category1"": ""남성의류"", ""category2"": ""상의"", ""category3"": ""반소매 티셔츠"", ""category3_code"": 272103101, ""is_new"": false, ""item_no"": 3226602, ""period_sort"": ""ONE_DAY"", ""platform"": ""29cm"", ""ranking_category_code"": ""272103100"", ""ranking_category_name"": ""남성의류>상의"", ""review_avg"": 5.0, ""sale_percent"": 5, ""sale_price"": 69350, ""sold_out"": false, ""url"": ""https://product.29cm.co.kr/catalog/3226602""}",2026-10-06T01:00:30+00:00_6b919dbf
2026-10-06T10:00:30+09:00,2026-10-06T01:00:32+00:00,commerce_rank,Tompkins Loopwheeled Tubular Tee 4 Color,29cm:3354267,heart_count,5303.0,"{""brand_eng"": ""BRONSON"", ""brand_kor"": ""브론슨"", ""brand_no"": 89408, ""category1"": ""여성의류"", ""category2"": ""상의"", ""category3"": ""반소매 티셔츠"", ""category3_code"": 268103101, ""is_new"": false, ""item_no"": 3354267, ""period_sort"": ""ONE_DAY"", ""platform"": ""29cm"", ""ranking_category_code"": ""272103100"", ""ranking_category_name"": ""남성의류>상의"", ""review_avg"": 5.0, ""sale_percent"": 10, ""sale_price"": 40500, ""sold_out"": false, ""url"": ""https://product.29cm.co.kr/catalog/3354267""}",2026-10-06T01:00:30+00:00_6b919dbf
2026-10-06T10:00:30+09:00,2026-10-06T01:00:32+00:00,commerce_rank,Tompkins Loopwheeled Tubular Tee 4 Color,29cm:3354267,review_count,855.0,"{""brand_eng"": ""BRONSON"", ""brand_kor"": ""브론슨"", ""brand_no"": 89408, ""category1"": ""여성의류"", ""category2"": ""상의"", ""category3"": ""반소매 티셔츠"", ""category3_code"": 268103101, ""is_new"": false, ""item_no"": 3354267, ""period_sort"": ""ONE_DAY"", ""platform"": ""29cm"", ""ranking_category_code"": ""272103100"", ""ranking_category_name"": ""남성의류>상의"", ""review_avg"": 5.0, ""sale_percent"": 10, ""sale_price"": 40500, ""sold_out"": false, ""url"": ""https://product.29cm.co.kr/catalog/3354267""}",2026-10-06T01:00:30+00:00_6b919dbf
2026-10-06T10:00:30+09:00,2026-10-06T01:00:32+00:00,commerce_rank,Tompkins Loopwheeled Tubular Tee 4 Color,29cm:3354267@272103100,rank,2.0,"{""brand_eng"": ""BRONSON"", ""brand_kor"": ""브론슨"", ""brand_no"": 89408, ""category1"": ""여성의류"", ""category2"": ""상의"", ""category3"": ""반소매 티셔츠"", ""category3_code"": 268103101, ""is_new"": false, ""item_no"": 3354267, ""period_sort"": ""ONE_DAY"", ""platform"": ""29cm"", ""ranking_category_code"": ""272103100"", ""ranking_category_name"": ""남성의류>상의"", ""review_avg"": 5.0, ""sale_percent"": 10, ""sale_price"": 40500, ""sold_out"": false, ""url"": ""https://product.29cm.co.kr/catalog/3354267""}",2026-10-06T01:00:30+00:00_6b919dbf
2026-10-06T10:00:30+09:00,2026-10-06T01:00:32+00:00,commerce_rank,Vintage Long Sleeve Henley Shirt Black,29cm:3354340,heart_count,2319.0,"{""brand_eng"": ""BRONSON"", ""brand_kor"": ""브론슨"", ""brand_no"": 89408, ""category1"": ""여성의류"", ""category2"": ""상의"", ""category3"": ""긴소매 티셔츠"", ""category3_code"": 268103102, ""is_new"": false, ""item_no"": 3354340, ""period_sort"": ""ONE_DAY"", ""platform"": ""29cm"", ""ranking_category_code"": ""272103100"", ""ranking_category_name"": ""남성의류>상의"", ""review_avg"": 5.0, ""sale_percent"": 10, ""sale_price"": 55800, ""sold_out"": false, ""url"": ""https://product.29cm.co.kr/catalog/3354340""}",2026-10-06T01:00:30+00:00_6b919dbf
2026-10-06T10:00:30+09:00,2026-10-06T01:00:32+00:00,commerce_rank,Vintage Long Sleeve Henley Shirt Black,29cm:3354340,review_count,249.0,"{""brand_eng"": ""BRONSON"", ""brand_kor"": ""브론슨"", ""brand_no"": 89408, ""category1"": ""여성의류"", ""category2"": ""상의"", ""category3"": ""긴소매 티셔츠"", ""category3_code"": 268103102, ""is_new"": false, ""item_no"": 3354340, ""period_sort"": ""ONE_DAY"", ""platform"": ""29cm"", ""ranking_category_code"": ""272103100"", ""ranking_category_name"": ""남성의류>상의"", ""review_avg"": 5.0, ""sale_percent"": 10, ""sale_price"": 55800, ""sold_out"": false, ""url"": ""https://product.29cm.co.kr/catalog/3354340""}",2026-10-06T01:00:30+00:00_6b919dbf
2026-10-06T10:00:30+09:00,2026-10-06T01:00:32+00:00,commerce_rank,Vintage Long Sleeve Henley Shirt Black,29cm:3354340@272103100,rank,15.0,"{""brand_eng"": ""BRONSON"", ""brand_kor"": ""브론슨"", ""brand_no"": 89408, ""category1"": ""여성의류"", ""category2"": ""상의"", ""category3"": ""긴소매 티셔츠"", ""category3_code"": 268103102, ""is_new"": false, ""item_no"": 3354340, ""period_sort"": ""ONE_DAY"", ""platform"": ""29cm"", ""ranking_category_code"": ""272103100"", ""ranking_category_name"": ""남성의류>상의"", ""review_avg"": 5.0, ""sale_percent"": 10, ""sale_price"": 55800, ""sold_out"": false, ""url"": ""https://product.29cm.co.kr/catalog/3354340""}",2026-10-06T01:00:30+00:00_6b919dbf
2026-10-06T10:00:30+09:00,2026-10-06T01:00:32+00:00,commerce_rank,Vintage Long Sleeve Henley Shirt Navy,29cm:3354342,heart_count,728.0,"{""brand_eng"": ""BRONSON"", ""brand_kor"": ""브론슨"", ""brand_no"": 89408, ""category1"": ""여성의류"", ""category2"": ""상의"", ""category3"": ""긴소매 티셔츠"", ""category3_code"": 268103102, ""is_new"": false, ""item_no"": 3354342, ""period_sort"": ""ONE_DAY"", ""platform"": ""29cm"", ""ranking_category_code"": ""272103100"", ""ranking_category_name"": ""남성의류>상의"", ""review_avg"": 5.0, ""sale_percent"": 10, ""sale_price"": 55800, ""sold_out"": false, ""url"": ""https://product.29cm.co.kr/catalog/3354342""}",2026-10-06T01:00:30+00:00_6b919dbf
2026-10-06T10:00:30+09:00,2026-10-06T01:00:32+00:00,commerce_rank,Vintage Long Sleeve Henley Shirt Navy,29cm:3354342,review_count,120.0,"{""brand_eng"": ""BRONSON"", ""brand_kor"": ""브론슨"", ""brand_no"": 89408, ""category1"": ""여성의류"", ""category2"": ""상의"", ""category3"": ""긴소매 티셔츠"", ""category3_code"": 268103102, ""is_new"": false, ""item_no"": 3354342, ""period_sort"": ""ONE_DAY"", ""platform"": ""29cm"", ""ranking_category_code"": ""272103100"", ""ranking_category_name"": ""남성의류>상의"", ""review_avg"": 5.0, ""sale_percent"": 10, ""sale_price"": 55800, ""sold_out"": false, ""url"": ""https://product.29cm.co.kr/catalog/3354342""}",2026-10-06T01:00:30+00:00_6b919dbf
2026-10-06T10:00:30+09:00,2026-10-06T01:00:32+00:00,commerce_rank,Vintage Long Sleeve Henley Shirt Navy,29cm:3354342@272103100,rank,68.0,"{""brand_eng"": ""BRONSON"", ""brand_kor"": ""브론슨"", ""brand_no"": 89408, ""category1"": ""여성의류"", ""category2"": ""상의"", ""category3"": ""긴소매 티셔츠"", ""category3_code"": 268103102, ""is_new"": false, ""item_no"": 3354342, ""period_sort"": ""ONE_DAY"", ""platform"": ""29cm"", ""ranking_category_code"": ""272103100"", ""ranking_category_name"": ""남성의류>상의"", ""review_avg"": 5.0, ""sale_percent"": 10, ""sale_price"": 55800, ""sold_out"": false, ""url"": ""https://product.29cm.co.kr/catalog/3354342""}",2026-10-06T01:00:30+00:00_6b919dbf
2026-10-06T10:00:30+09:00,2026-10-06T01:00:32+00:00,commerce_rank,Blue Chambray Work Shirt KR Ver. Light Indigo,29cm:3354494,heart_count,1300.0,"{""brand_eng"": ""BRONSON"", ""brand_kor"": ""브론슨"", ""brand_no"": 89408, ""category1"": ""남성의류"", ""category2"": ""상의"", ""category3"": ""긴소매 셔츠"", ""category3_code"": 272103106, ""is_new"": false, ""item_no"": 3354494, ""period_sort"": ""ONE_DAY"", ""platform"": ""29cm"", ""ranking_category_code"": ""272103100"", ""ranking_category_name"": ""남성의류>상의"", ""review_avg"": 5.0, ""sale_percent"": 10, ""sale_price"": 66600, ""sold_out"": false, ""url"": ""https://product.29cm.co.kr/catalog/3354494""}",2026-10-06T01:00:30+00:00_6b919dbf
2026-10-06T10:00:30+09:00,2026-10-06T01:00:32+00:00,commerce_rank,Blue Chambray Work Shirt KR Ver. Light Indigo,29cm:3354494,review_count,132.0,"{""brand_eng"": ""BRONSON"", ""brand_kor"": ""브론슨"", ""brand_no"": 89408, ""category1"": ""남성의류"", ""category2"": ""상의"", ""category3"": ""긴소매 셔츠"", ""category3_code"": 272103106, ""is_new"": false, ""item_no"": 3354494, ""period_sort"": ""ONE_DAY"", ""platform"": ""29cm"", ""ranking_category_code"": ""272103100"", ""ranking_category_name"": ""남성의류>상의"", ""review_avg"": 5.0, ""sale_percent"": 10, ""sale_price"": 66600, ""sold_out"": false, ""url"": ""https://product.29cm.co.kr/catalog/3354494""}",2026-10-06T01:00:30+00:00_6b919dbf
2026-10-06T10:00:30+09:00,2026-10-06T01:00:32+00:00,commerce_rank,Blue Chambray Work Shirt KR Ver. Light Indigo,29cm:3354494@272103100,rank,19.0,"{""brand_eng"": ""BRONSON"", ""brand_kor"": ""브론슨"", ""brand_no"": 89408, ""category1"": ""남성의류"", ""category2"": ""상의"", ""category3"": ""긴소매 셔츠"", ""category3_code"": 272103106, ""is_new"": false, ""item_no"": 3354494, ""period_sort"": ""ONE_DAY"", ""platform"": ""29cm"", ""ranking_category_code"": ""272103100"", ""ranking_category_name"": ""남성의류>상의"", ""review_avg"": 5.0, ""sale_percent"": 10, ""sale_price"": 66600, ""sold_out"": false, ""url"": ""https://product.29cm.co.kr/catalog/3354494""}",2026-10-06T01:00:30+00:00_6b919dbf
2026-10-06T10:00:30+09:00,2026-10-06T01:00:32+00:00,commerce_rank,9oz USA Cotton Tubular Tee Black,29cm:3355100,heart_count,532.0,"{""brand_eng"": ""BRONSON"", ""brand_kor"": ""브론슨"", ""brand_no"": 89408, ""category1"": ""여성의류"", ""category2"": ""상의"", ""category3"": ""반소매 티셔츠"", ""category3_code"": 268103101, ""is_new"": false, ""item_no"": 3355100, ""period_sort"": ""ONE_DAY"", ""platform"": ""29cm"", ""ranking_category_code"": ""272103100"", ""ranking_category_name"": ""남성의류>상의"", ""review_avg"": 5.0, ""sale_percent"": 28, ""sale_price"": 25200, ""sold_out"": false, ""url"": ""https://product.29cm.co.kr/catalog/3355100""}",2026-10-06T01:00:30+00:00_6b919dbf
2026-10-06T10:00:30+09:00,2026-10-06T01:00:32+00:00,commerce_rank,9oz USA Cotton Tubular Tee Black,29cm:3355100,review_count,107.0,"{""brand_eng"": ""BRONSON"", ""brand_kor"": ""브론슨"", ""brand_no"": 89408, ""category1"": ""여성의류"", ""category2"": ""상의"", ""category3"": ""반소매 티셔츠"", ""category3_code"": 268103101, ""is_new"": false, ""item_no"": 3355100, ""period_sort"": ""ONE_DAY"", ""platform"": ""29cm"", ""ranking_category_code"": ""272103100"", ""ranking_category_name"": ""남성의류>상의"", ""review_avg"": 5.0, ""sale_percent"": 28, ""sale_price"": 25200, ""sold_out"": false, ""url"": ""https://product.29cm.co.kr/catalog/3355100""}",2026-10-06T01:00:30+00:00_6b919dbf
2026-10-06T10:00:30+09:00,2026-10-06T01:00:32+00:00,commerce_rank,9oz USA Cotton Tubular Tee Black,29cm:3355100@272103100,rank,9.0,"{""brand_eng"": ""BRONSON"", ""brand_kor"": ""브론슨"", ""brand_no"": 89408, ""category1"": ""여성의류"", ""category2"": ""상의"", ""category3"": ""반소매 티셔츠"", ""category3_code"": 268103101, ""is_new"": false, ""item_no"": 3355100, ""period_sort"": ""ONE_DAY"", ""platform"": ""29cm"", ""ranking_category_code"": ""272103100"", ""ranking_category_name"": ""남성의류>상의"", ""review_avg"": 5.0, ""sale_percent"": 28, ""sale_price"": 25200, ""sold_out"": false, ""url"": ""https://product.29cm.co.kr/catalog/3355100""}",2026-10-06T01:00:30+00:00_6b919dbf
2026-10-06T10:00:30+09:00,2026-10-06T01:00:32+00:00,commerce_rank,9oz USA Cotton Tubular Tee White,29cm:3355216,heart_count,1325.0,"{""brand_eng"": ""BRONSON"", ""brand_kor"": ""브론슨"", ""brand_no"": 89408, ""category1"": ""여성의류"", ""category2"": ""상의"", ""category3"": ""반소매 티셔츠"", ""category3_code"": 268103101, ""is_new"": false, ""item_no"": 3355216, ""period_sort"": ""ONE_DAY"", ""platform"": ""29cm"", ""ranking_category_code"": ""272103100"", ""ranking_category_name"": ""남성의류>상의"", ""review_avg"": 5.0, ""sale_percent"": 28, ""sale_price"": 25200, ""sold_out"": false, ""url"": ""https://product.29cm.co.kr/catalog/3355216""}",2026-10-06T01:00:30+00:00_6b919dbf
2026-10-06T10:00:30+09:00,2026-10-06T01:00:32+00:00,commerce_rank,9oz USA Cotton Tubular Tee White,29cm:3355216,review_count,223.0,"{""brand_eng"": ""BRONSON"", ""brand_kor"": ""브론슨"", ""brand_no"": 89408, ""category1"": ""여성의류"", ""category2"": ""상의"", ""category3"": ""반소매 티셔츠"", ""category3_code"": 268103101, ""is_new"": false, ""item_no"": 3355216, ""period_sort"": ""ONE_DAY"", ""platform"": ""29cm"", ""ranking_category_code"": ""272103100"", ""ranking_category_name"": ""남성의류>상의"", ""review_avg"": 5.0, ""sale_percent"": 28, ""sale_price"": 25200, ""sold_out"": false, ""url"": ""https://product.29cm.co.kr/catalog/3355216""}",2026-10-06T01:00:30+00:00_6b919dbf
2026-10-06T10:00:30+09:00,2026-10-06T01:00:32+00:00,commerce_rank,9oz USA Cotton Tubular Tee White,29cm:3355216@272103100,rank,3.0,"{""brand_eng"": ""BRONSON"", ""brand_kor"": ""브론슨"", ""brand_no"": 89408, ""category1"": ""여성의류"", ""category2"": ""상의"", ""category3"": ""반소매 티셔츠"", ""category3_code"": 268103101, ""is_new"": false, ""item_no"": 3355216, ""period_sort"": ""ONE_DAY"", ""platform"": ""29cm"", ""ranking_category_code"": ""272103100"", ""ranking_category_name"": ""남성의류>상의"", ""review_avg"": 5.0, ""sale_percent"": 28, ""sale_price"": 25200, ""sold_out"": false, ""url"": ""https://product.29cm.co.kr/catalog/3355216""}",2026-10-06T01:00:30+00:00_6b919dbf
2026-10-06T10:00:30+09:00,2026-10-06T01:00:31+00:00,commerce_rank,G COMFORT HOODIE_3 Colors,29cm:3364815,heart_count,9829.0,"{""brand_eng"": ""GLOWNY"", ""brand_kor"": ""글로니"", ""brand_no"": 16723, ""category1"": ""여성의류"", ""category2"": ""단독"", ""category3"": ""상의"", ""category3_code"": 268116101, ""is_new"": false, ""item_no"": 3364815, ""period_sort"": ""ONE_DAY"", ""platform"": ""29cm"", ""ranking_category_code"": ""268103100"", ""ranking_category_name"": ""여성의류>상의"", ""review_avg"": 5.0, ""sale_percent"": 0, ""sale_price"": 62000, ""sold_out"": false, ""url"": ""https://product.29cm.co.kr/catalog/3364815""}",2026-10-06T01:00:30+00:00_6b919dbf
2026-10-06T10:00:30+09:00,2026-10-06T01:00:31+00:00,commerce_rank,G COMFORT HOODIE_3 Colors,29cm:3364815,review_count,386.0,"{""brand_eng"": ""GLOWNY"", ""brand_kor"": ""글로니"", ""brand_no"": 16723, ""category1"": ""여성의류"", ""category2"": ""단독"", ""category3"": ""상의"", ""category3_code"": 268116101, ""is_new"": false, ""item_no"": 3364815, ""period_sort"": ""ONE_DAY"", ""platform"": ""29cm"", ""ranking_category_code"": ""268103100"", ""ranking_category_name"": ""여성의류>상의"", ""review_avg"": 5.0, ""sale_percent"": 0, ""sale_price"": 62000, ""sold_out"": false, ""url"": ""https://product.29cm.co.kr/catalog/3364815""}",2026-10-06T01:00:30+00:00_6b919dbf
2026-10-06T10:00:30+09:00,2026-10-06T01:00:31+00:00,commerce_rank,G COMFORT HOODIE_3 Colors,29cm:3364815@268103100,rank,60.0,"{""brand_eng"": ""GLOWNY"", ""brand_kor"": ""글로니"", ""brand_no"": 16723, ""category1"": ""여성의류"", ""category2"": ""단독"", ""category3"": ""상의"", ""category3_code"": 268116101, ""is_new"": false, ""item_no"": 3364815, ""period_sort"": ""ONE_DAY"", ""platform"": ""29cm"", ""ranking_category_code"": ""268103100"", ""ranking_category_name"": ""여성의류>상의"", ""review_avg"": 5.0, ""sale_percent"": 0, ""sale_price"": 62000, ""sold_out"": false, ""url"": ""https://product.29cm.co.kr/catalog/3364815""}",2026-10-06T01:00:30+00:00_6b919dbf
2026-10-06T10:00:30+09:00,2026-10-06T01:00:31+00:00,commerce_rank,[닝닝 착용] 3/4 BUTTON FLY TEE_3 Colors,29cm:3364834,heart_count,23122.0,"{""brand_eng"": ""GLOWNY"", ""brand_kor"": ""글로니"", ""brand_no"": 16723, ""category1"": ""여성의류"", ""category2"": ""단독"", ""category3"": ""상의"", ""category3_code"": 268116101, ""is_new"": false, ""item_no"": 3364834, ""period_sort"": ""ONE_DAY"", ""platform"": ""29cm"", ""ranking_category_code"": ""268103100"", ""ranking_category_name"": ""여성의류>상의"", ""review_avg"": 5.0, ""sale_percent"": 0, ""sale_price"": 50000, ""sold_out"": false, ""url"": ""https://product.29cm.co.kr/catalog/3364834""}",2026-10-06T01:00:30+00:00_6b919dbf
2026-10-06T10:00:30+09:00,2026-10-06T01:00:31+00:00,commerce_rank,[닝닝 착용] 3/4 BUTTON FLY TEE_3 Colors,29cm:3364834,review_count,1026.0,"{""brand_eng"": ""GLOWNY"", ""brand_kor"": ""글로니"", ""brand_no"": 16723, ""category1"": ""여성의류"", ""category2"": ""단독"", ""category3"": ""상의"", ""category3_code"": 268116101, ""is_new"": false, ""item_no"": 3364834, ""period_sort"": ""ONE_DAY"", ""platform"": ""29cm"", ""ranking_category_code"": ""268103100"", ""ranking_category_name"": ""여성의류>상의"", ""review_avg"": 5.0, ""sale_percent"": 0, ""sale_price"": 50000, ""sold_out"": false, ""url"": ""https://product.29cm.co.kr/catalog/3364834""}",2026-10-06T01:00:30+00:00_6b919dbf
2026-10-06T10:00:30+09:00,2026-10-06T01:00:31+00:00,commerce_rank,[닝닝 착용] 3/4 BUTTON FLY TEE_3 Colors,29cm:3364834@268103100,rank,31.0,"{""brand_eng"": ""GLOWNY"", ""brand_kor"": ""글로니"", ""brand_no"": 16723, ""category1"": ""여성의류"", ""category2"": ""단독"", ""category3"": ""상의"", ""category3_code"": 268116101, ""is_new"": false, ""item_no"": 3364834, ""period_sort"": ""ONE_DAY"", ""platform"": ""29cm"", ""ranking_category_code"": ""268103100"", ""ranking_category_name"": ""여성의류>상의"", ""review_avg"": 5.0, ""sale_percent"": 0, ""sale_price"": 50000, ""sold_out"": false, ""url"": ""https://product.29cm.co.kr/catalog/3364834""}",2026-10-06T01:00:30+00:00_6b919dbf
2026-10-06T10:00:30+09:00,2026-10-06T01:00:32+00:00,commerce_rank,Heavyweight Waffle Cotton Underwear Black,29cm:3388468,heart_count,222.0,"{""brand_eng"": ""BRONSON"", ""brand_kor"": ""브론슨"", ""brand_no"": 89408, ""category1"": ""여성의류"", ""category2"": ""상의"", ""category3"": ""긴소매 티셔츠"", ""category3_code"": 268103102, ""is_new"": false, ""item_no"": 3388468, ""period_sort"": ""ONE_DAY"", ""platform"": ""29cm"", ""ranking_category_code"": ""272103100"", ""ranking_category_name"": ""남성의류>상의"", ""review_avg"": 5.0, ""sale_percent"": 10, ""sale_price"": 48600, ""sold_out"": false, ""url"": ""https://product.29cm.co.kr/catalog/3388468""}",2026-10-06T01:00:30+00:00_6b919dbf
2026-10-06T10:00:30+09:00,2026-10-06T01:00:32+00:00,commerce_rank,Heavyweight Waffle Cotton Underwear Black,29cm:3388468,review_count,35.0,"{""brand_eng"": ""BRONSON"", ""brand_kor"": ""브론슨"", ""brand_no"": 89408, ""category1"": ""여성의류"", ""category2"": ""상의"", ""category3"": ""긴소매 티셔츠"", ""category3_code"": 268103102, ""is_new"": false, ""item_no"": 3388468, ""period_sort"": ""ONE_DAY"", ""platform"": ""29cm"", ""ranking_category_code"": ""272103100"", ""ranking_category_name"": ""남성의류>상의"", ""review_avg"": 5.0, ""sale_percent"": 10, ""sale_price"": 48600, ""sold_out"": false, ""url"": ""https://product.29cm.co.kr/catalog/3388468""}",2026-10-06T01:00:30+00:00_6b919dbf
2026-10-06T10:00:30+09:00,2026-10-06T01:00:32+00:00,commerce_rank,Heavyweight Waffle Cotton Underwear Black,29cm:3388468@272103100,rank,65.0,"{""brand_eng"": ""BRONSON"", ""brand_kor"": ""브론슨"", ""brand_no"": 89408, ""category1"": ""여성의류"", ""category2"": ""상의"", ""category3"": ""긴소매 티셔츠"", ""category3_code"": 268103102, ""is_new"": false, ""item_no"": 3388468, ""period_sort"": ""ONE_DAY"", ""platform"": ""29cm"", ""ranking_category_code"": ""272103100"", ""ranking_category_name"": ""남성의류>상의"", ""review_avg"": 5.0, ""sale_percent"": 10, ""sale_price"": 48600, ""sold_out"": false, ""url"": ""https://product.29cm.co.kr/catalog/3388468""}",2026-10-06T01:00:30+00:00_6b919dbf
2026-10-06T10:00:30+09:00,2026-10-06T01:00:32+00:00,commerce_rank,Heavyweight Waffle Cotton Underwear White,29cm:3388469,heart_count,254.0,"{""brand_eng"": ""BRONSON"", ""brand_kor"": ""브론슨"", ""brand_no"": 89408, ""category1"": ""여성의류"", ""category2"": ""상의"", ""category3"": ""긴소매 티셔츠"", ""category3_code"": 268103102, ""is_new"": false, ""item_no"": 3388469, ""period_sort"": ""ONE_DAY"", ""platform"": ""29cm"", ""ranking_category_code"": ""272103100"", ""ranking_category_name"": ""남성의류>상의"", ""review_avg"": 5.0, ""sale_percent"": 10, ""sale_price"": 48600, ""sold_out"": false, ""url"": ""https://product.29cm.co.kr/catalog/3388469""}",2026-10-06T01:00:30+00:00_6b919dbf
2026-10-06T10:00:30+09:00,2026-10-06T01:00:32+00:00,commerce_rank,Heavyweight Waffle Cotton Underwear White,29cm:3388469,review_count,18.0,"{""brand_eng"": ""BRONSON"", ""brand_kor"": ""브론슨"", ""brand_no"": 89408, ""category1"": ""여성의류"", ""category2"": ""상의"", ""category3"": ""긴소매 티셔츠"", ""category3_code"": 268103102, ""is_new"": false, ""item_no"": 3388469, ""period_sort"": ""ONE_DAY"", ""platform"": ""29cm"", ""ranking_category_code"": ""272103100"", ""ranking_category_name"": ""남성의류>상의"", ""review_avg"": 5.0, ""sale_percent"": 10, ""sale_price"": 48600, ""sold_out"": false, ""url"": ""https://product.29cm.co.kr/catalog/3388469""}",2026-10-06T01:00:30+00:00_6b919dbf
2026-10-06T10:00:30+09:00,2026-10-06T01:00:32+00:00,commerce_rank,Heavyweight Waffle Cotton Underwear White,29cm:3388469@272103100,rank,46.0,"{""brand_eng"": ""BRONSON"", ""brand_kor"": ""브론슨"", ""brand_no"": 89408, ""category1"": ""여성의류"", ""category2"": ""상의"", ""category3"": ""긴소매 티셔츠"", ""category3_code"": 268103102, ""is_new"": false, ""item_no"": 3388469, ""period_sort"": ""ONE_DAY"", ""platform"": ""29cm"", ""ranking_category_code"": ""272103100"", ""ranking_category_name"": ""남성의류>상의"", ""review_avg"": 5.0, ""sale_percent"": 10, ""sale_price"": 48600, ""sold_out"": false, ""url"": ""https://product.29cm.co.kr/catalog/3388469""}",2026-10-06T01:00:30+00:00_6b919dbf
2026-10-06T10:00:30+09:00,2026-10-06T01:00:32+00:00,commerce_rank,Heavyweight Waffle Cotton Underwear Grey,29cm:3388472,heart_count,504.0,"{""brand_eng"": ""BRONSON"", ""brand_kor"": ""브론슨"", ""brand_no"": 89408, ""category1"": ""여성의류"", ""category2"": ""상의"", ""category3"": ""긴소매 티셔츠"", ""category3_code"": 268103102, ""is_new"": false, ""item_no"": 3388472, ""period_sort"": ""ONE_DAY"", ""platform"": ""29cm"", ""ranking_category_code"": ""272103100"", ""ranking_category_name"": ""남성의류>상의"", ""review_avg"": 5.0, ""sale_percent"": 10, ""sale_price"": 48600, ""sold_out"": false, ""url"": ""https://product.29cm.co.kr/catalog/3388472""}",2026-10-06T01:00:30+00:00_6b919dbf
2026-10-06T10:00:30+09:00,2026-10-06T01:00:32+00:00,commerce_rank,Heavyweight Waffle Cotton Underwear Grey,29cm:3388472,review_count,32.0,"{""brand_eng"": ""BRONSON"", ""brand_kor"": ""브론슨"", ""brand_no"": 89408, ""category1"": ""여성의류"", ""category2"": ""상의"", ""category3"": ""긴소매 티셔츠"", ""category3_code"": 268103102, ""is_new"": false, ""item_no"": 3388472, ""period_sort"": ""ONE_DAY"", ""platform"": ""29cm"", ""ranking_category_code"": ""272103100"", ""ranking_category_name"": ""남성의류>상의"", ""review_avg"": 5.0, ""sale_percent"": 10, ""sale_price"": 48600, ""sold_out"": false, ""url"": ""https://product.29cm.co.kr/catalog/3388472""}",2026-10-06T01:00:30+00:00_6b919dbf
2026-10-06T10:00:30+09:00,2026-10-06T01:00:32+00:00,commerce_rank,Heavyweight Waffle Cotton Underwear Grey,29cm:3388472@272103100,rank,7.0,"{""brand_eng"": ""BRONSON"", ""brand_kor"": ""브론슨"", ""brand_no"": 89408, ""category1"": ""여성의류"", ""category2"": ""상의"", ""category3"": ""긴소매 티셔츠"", ""category3_code"": 268103102, ""is_new"": false, ""item_no"": 3388472, ""period_sort"": ""ONE_DAY"", ""platform"": ""29cm"", ""ranking_category_code"": ""272103100"", ""ranking_category_name"": ""남성의류>상의"", ""review_avg"": 5.0, ""sale_percent"": 10, ""sale_price"": 48600, ""sold_out"": false, ""url"": ""https://product.29cm.co.kr/catalog/3388472""}",2026-10-06T01:00:30+00:00_6b919dbf
2026-10-06T10:00:30+09:00,2026-10-06T01:00:31+00:00,commerce_rank,Reversible 3/4 Sleeve Tee_Black,29cm:3410562,heart_count,10212.0,"{""brand_eng"": ""108POUND"", ""brand_kor"": ""108파운드"", ""brand_no"": 86198, ""category1"": ""여성의류"", ""category2"": ""상의"", ""category3"": ""긴소매 티셔츠"", ""category3_code"": 268103102, ""is_new"": false, ""item_no"": 3410562, ""period_sort"": ""ONE_DAY"", ""platform"": ""29cm"", ""ranking_category_code"": ""268103100"", ""ranking_category_name"": ""여성의류>상의"", ""review_avg"": 4.5, ""sale_percent"": 37, ""sale_price"": 24570, ""sold_out"": false, ""url"": ""https://product.29cm.co.kr/catalog/3410562""}",2026-10-06T01:00:30+00:00_6b919dbf
2026-10-06T10:00:30+09:00,2026-10-06T01:00:31+00:00,commerce_rank,Reversible 3/4 Sleeve Tee_Black,29cm:3410562,review_count,546.0,"{""brand_eng"": ""108POUND"", ""brand_kor"": ""108파운드"", ""brand_no"": 86198, ""category1"": ""여성의류"", ""category2"": ""상의"", ""category3"": ""긴소매 티셔츠"", ""category3_code"": 268103102, ""is_new"": false, ""item_no"": 3410562, ""period_sort"": ""ONE_DAY"", ""platform"": ""29cm"", ""ranking_category_code"": ""268103100"", ""ranking_category_name"": ""여성의류>상의"", ""review_avg"": 4.5, ""sale_percent"": 37, ""sale_price"": 24570, ""sold_out"": false, ""url"": ""https://product.29cm.co.kr/catalog/3410562""}",2026-10-06T01:00:30+00:00_6b919dbf
2026-10-06T10:00:30+09:00,2026-10-06T01:00:31+00:00,commerce_rank,Reversible 3/4 Sleeve Tee_Black,29cm:3410562@268103100,rank,100.0,"{""brand_eng"": ""108POUND"", ""brand_kor"": ""108파운드"", ""brand_no"": 86198, ""category1"": ""여성의류"", ""category2"": ""상의"", ""category3"": ""긴소매 티셔츠"", ""category3_code"": 268103102, ""is_new"": false, ""item_no"": 3410562, ""period_sort"": ""ONE_DAY"", ""platform"": ""29cm"", ""ranking_category_code"": ""268103100"", ""ranking_category_name"": ""여성의류>상의"", ""review_avg"": 4.5, ""sale_percent"": 37, ""sale_price"": 24570, ""sold_out"": false, ""url"": ""https://product.29cm.co.kr/catalog/3410562""}",2026-10-06T01:00:30+00:00_6b919dbf
2026-10-06T10:00:30+09:00,2026-10-06T01:00:31+00:00,commerce_rank,Reversible 3/4 Sleeve Tee_Ivory,29cm:3410565,heart_count,21308.0,"{""brand_eng"": ""108POUND"", ""brand_kor"": ""108파운드"", ""brand_no"": 86198, ""category1"": ""여성의류"", ""category2"": ""상의"", ""category3"": ""긴소매 티셔츠"", ""category3_code"": 268103102, ""is_new"": false, ""item_no"": 3410565, ""period_sort"": ""ONE_DAY"", ""platform"": ""29cm"", ""ranking_category_code"": ""268103100"", ""ranking_category_name"": ""여성의류>상의"", ""review_avg"": 4.5, ""sale_percent"": 23, ""sale_price"": 29840, ""sold_out"": false, ""url"": ""https://product.29cm.co.kr/catalog/3410565""}",2026-10-06T01:00:30+00:00_6b919dbf
2026-10-06T10:00:30+09:00,2026-10-06T01:00:31+00:00,commerce_rank,Reversible 3/4 Sleeve Tee_Ivory,29cm:3410565,review_count,967.0,"{""brand_eng"": ""108POUND"", ""brand_kor"": ""108파운드"", ""brand_no"": 86198, ""category1"": ""여성의류"", ""category2"": ""상의"", ""category3"": ""긴소매 티셔츠"", ""category3_code"": 268103102, ""is_new"": false, ""item_no"": 3410565, ""period_sort"": ""ONE_DAY"", ""platform"": ""29cm"", ""ranking_category_code"": ""268103100"", ""ranking_category_name"": ""여성의류>상의"", ""review_avg"": 4.5, ""sale_percent"": 23, ""sale_price"": 29840, ""sold_out"": false, ""url"": ""https://product.29cm.co.kr/catalog/3410565""}",2026-10-06T01:00:30+00:00_6b919dbf
2026-10-06T10:00:30+09:00,2026-10-06T01:00:31+00:00,commerce_rank,Reversible 3/4 Sleeve Tee_Ivory,29cm:3410565@268103100,rank,12.0,"{""brand_eng"": ""108POUND"", ""brand_kor"": ""108파운드"", ""brand_no"": 86198, ""category1"": ""여성의류"", ""category2"": ""상의"", ""category3"": ""긴소매 티셔츠"", ""category3_code"": 268103102, ""is_new"": false, ""item_no"": 3410565, ""period_sort"": ""ONE_DAY"", ""platform"": ""29cm"", ""ranking_category_code"": ""268103100"", ""ranking_category_name"": ""여성의류>상의"", ""review_avg"": 4.5, ""sale_percent"": 23, ""sale_price"": 29840, ""sold_out"": false, ""url"": ""https://product.29cm.co.kr/catalog/3410565""}",2026-10-06T01:00:30+00:00_6b919dbf
2026-10-06T10:00:30+09:00,2026-10-06T01:00:31+00:00,commerce_rank,Henley Neck Stripe Long Sleeve Black,29cm:3429540,heart_count,8937.0,"{""brand_eng"": ""partimento"", ""brand_kor"": ""파르티멘토"", ""brand_no"": 1588, ""category1"": ""여성의류"", ""category2"": ""상의"", ""category3"": ""긴소매 티셔츠"", ""category3_code"": 268103102, ""is_new"": false, ""item_no"": 3429540, ""period_sort"": ""ONE_DAY"", ""platform"": ""29cm"", ""ranking_category_code"": ""268103100"", ""ranking_category_name"": ""여성의류>상의"", ""review_avg"": 5.0, ""sale_percent"": 33, ""sale_price"": 32850, ""sold_out"": false, ""url"": ""https://product.29cm.co.kr/catalog/3429540""}",2026-10-06T01:00:30+00:00_6b919dbf
2026-10-06T10:00:30+09:00,2026-10-06T01:00:31+00:00,commerce_rank,Henley Neck Stripe Long Sleeve Black,29cm:3429540,review_count,437.0,"{""brand_eng"": ""partimento"", ""brand_kor"": ""파르티멘토"", ""brand_no"": 1588, ""category1"": ""여성의류"", ""category2"": ""상의"", ""category3"": ""긴소매 티셔츠"", ""category3_code"": 268103102, ""is_new"": false, ""item_no"": 3429540, ""period_sort"": ""ONE_DAY"", ""platform"": ""29cm"", ""ranking_category_code"": ""268103100"", ""ranking_category_name"": ""여성의류>상의"", ""review_avg"": 5.0, ""sale_percent"": 33, ""sale_price"": 32850, ""sold_out"": false, ""url"": ""https://product.29cm.co.kr/catalog/3429540""}",2026-10-06T01:00:30+00:00_6b919dbf
2026-10-06T10:00:30+09:00,2026-10-06T01:00:31+00:00,commerce_rank,Henley Neck Stripe Long Sleeve Black,29cm:3429540@268103100,rank,5.0,"{""brand_eng"": ""partimento"", ""brand_kor"": ""파르티멘토"", ""brand_no"": 1588, ""category1"": ""여성의류"", ""category2"": ""상의"", ""category3"": ""긴소매 티셔츠"", ""category3_code"": 268103102, ""is_new"": false, ""item_no"": 3429540, ""period_sort"": ""ONE_DAY"", ""platform"": ""29cm"", ""ranking_category_code"": ""268103100"", ""ranking_category_name"": ""여성의류>상의"", ""review_avg"": 5.0, ""sale_percent"": 33, ""sale_price"": 32850, ""sold_out"": false, ""url"": ""https://product.29cm.co.kr/catalog/3429540""}",2026-10-06T01:00:30+00:00_6b919dbf
2026-10-06T10:00:30+09:00,2026-10-06T01:00:31+00:00,commerce_rank,Circle Star Layered Long Sleeve Black,29cm:3429552,heart_count,7275.0,"{""brand_eng"": ""partimento"", ""brand_kor"": ""파르티멘토"", ""brand_no"": 1588, ""category1"": ""여성의류"", ""category2"": ""상의"", ""category3"": ""긴소매 티셔츠"", ""category3_code"": 268103102, ""is_new"": false, ""item_no"": 3429552, ""period_sort"": ""ONE_DAY"", ""platform"": ""29cm"", ""ranking_category_code"": ""268103100"", ""ranking_category_name"": ""여성의류>상의"", ""review_avg"": 5.0, ""sale_percent"": 48, ""sale_price"": 25550, ""sold_out"": false, ""url"": ""https://product.29cm.co.kr/catalog/3429552""}",2026-10-06T01:00:30+00:00_6b919dbf
2026-10-06T10:00:30+09:00,2026-10-06T01:00:31+00:00,commerce_rank,Circle Star Layered Long Sleeve Black,29cm:3429552,review_count,493.0,"{""brand_eng"": ""partimento"", ""brand_kor"": ""파르티멘토"", ""brand_no"": 1588, ""category1"": ""여성의류"", ""category2"": ""상의"", ""category3"": ""긴소매 티셔츠"", ""category3_code"": 268103102, ""is_new"": false, ""item_no"": 3429552, ""period_sort"": ""ONE_DAY"", ""platform"": ""29cm"", ""ranking_category_code"": ""268103100"", ""ranking_category_name"": ""여성의류>상의"", ""review_avg"": 5.0, ""sale_percent"": 48, ""sale_price"": 25550, ""sold_out"": false, ""url"": ""https://product.29cm.co.kr/catalog/3429552""}",2026-10-06T01:00:30+00:00_6b919dbf
2026-10-06T10:00:30+09:00,2026-10-06T01:00:31+00:00,commerce_rank,Circle Star Layered Long Sleeve Black,29cm:3429552@268103100,rank,53.0,"{""brand_eng"": ""partimento"", ""brand_kor"": ""파르티멘토"", ""brand_no"": 1588, ""category1"": ""여성의류"", ""category2"": ""상의"", ""category3"": ""긴소매 티셔츠"", ""category3_code"": 268103102, ""is_new"": false, ""item_no"": 3429552, ""period_sort"": ""ONE_DAY"", ""platform"": ""29cm"", ""ranking_category_code"": ""268103100"", ""ranking_category_name"": ""여성의류>상의"", ""review_avg"": 5.0, ""sale_percent"": 48, ""sale_price"": 25550, ""sold_out"": false, ""url"": ""https://product.29cm.co.kr/catalog/3429552""}",2026-10-06T01:00:30+00:00_6b919dbf
2026-10-06T10:00:30+09:00,2026-10-06T01:00:32+00:00,commerce_rank,TG3-SH13 블랙 워시드 데님 셔츠,29cm:3434711,heart_count,779.0,"{""brand_eng"": ""THOMAS MORE"", ""brand_kor"": ""토마스모어"", ""brand_no"": 2111, ""category1"": ""남성의류"", ""category2"": ""상의"", ""category3"": ""긴소매 셔츠"", ""category3_code"": 272103106, ""is_new"": false, ""item_no"": 3434711, ""period_sort"": ""ONE_DAY"", ""platform"": ""29cm"", ""ranking_category_code"": ""272103100"", ""ranking_category_name"": ""남성의류>상의"", ""review_avg"": 4.5, ""sale_percent"": 0, ""sale_price"": 67500, ""sold_out"": false, ""url"": ""https://product.29cm.co.kr/catalog/3434711""}",2026-10-06T01:00:30+00:00_6b919dbf
2026-10-06T10:00:30+09:00,2026-10-06T01:00:32+00:00,commerce_rank,TG3-SH13 블랙 워시드 데님 셔츠,29cm:3434711,review_count,52.0,"{""brand_eng"": ""THOMAS MORE"", ""brand_kor"": ""토마스모어"", ""brand_no"": 2111, ""category1"": ""남성의류"", ""category2"": ""상의"", ""category3"": ""긴소매 셔츠"", ""category3_code"": 272103106, ""is_new"": false, ""item_no"": 3434711, ""period_sort"": ""ONE_DAY"", ""platform"": ""29cm"", ""ranking_category_code"": ""272103100"", ""ranking_category_name"": ""남성의류>상의"", ""review_avg"": 4.5, ""sale_percent"": 0, ""sale_price"": 67500, ""sold_out"": false, ""url"": ""https://product.29cm.co.kr/catalog/3434711""}",2026-10-06T01:00:30+00:00_6b919dbf
2026-10-06T10:00:30+09:00,2026-10-06T01:00:32+00:00,commerce_rank,TG3-SH13 블랙 워시드 데님 셔츠,29cm:3434711@272103100,rank,12.0,"{""brand_eng"": ""THOMAS MORE"", ""brand_kor"": ""토마스모어"", ""brand_no"": 2111, ""category1"": ""남성의류"", ""category2"": ""상의"", ""category3"": ""긴소매 셔츠"", ""category3_code"": 272103106, ""is_new"": false, ""item_no"": 3434711, ""period_sort"": ""ONE_DAY"", ""platform"": ""29cm"", ""ranking_category_code"": ""272103100"", ""ranking_category_name"": ""남성의류>상의"", ""review_avg"": 4.5, ""sale_percent"": 0, ""sale_price"": 67500, ""sold_out"": false, ""url"": ""https://product.29cm.co.kr/catalog/3434711""}",2026-10-06T01:00:30+00:00_6b919dbf
2026-10-06T10:00:30+09:00,2026-10-06T01:00:31+00:00,commerce_rank,VINTAGE PIQUE T-SHIRT_CHARCOAL NAVY,29cm:3438952,heart_count,2170.0,"{""brand_eng"": ""OVERDUE FLAIR"", ""brand_kor"": ""오버듀플레어"", ""brand_no"": 4348, ""category1"": ""여성의류"", ""category2"": ""상의"", ""category3"": ""피케/카라 티셔츠"", ""category3_code"": 268103109, ""is_new"": false, ""item_no"": 3438952, ""period_sort"": ""ONE_DAY"", ""platform"": ""29cm"", ""ranking_category_code"": ""268103100"", ""ranking_category_name"": ""여성의류>상의"", ""review_avg"": 5.0, ""sale_percent"": 30, ""sale_price"": 104300, ""sold_out"": false, ""url"": ""https://product.29cm.co.kr/catalog/3438952""}",2026-10-06T01:00:30+00:00_6b919dbf
2026-10-06T10:00:30+09:00,2026-10-06T01:00:31+00:00,commerce_rank,VINTAGE PIQUE T-SHIRT_CHARCOAL NAVY,29cm:3438952,review_count,108.0,"{""brand_eng"": ""OVERDUE FLAIR"", ""brand_kor"": ""오버듀플레어"", ""brand_no"": 4348, ""category1"": ""여성의류"", ""category2"": ""상의"", ""category3"": ""피케/카라 티셔츠"", ""category3_code"": 268103109, ""is_new"": false, ""item_no"": 3438952, ""period_sort"": ""ONE_DAY"", ""platform"": ""29cm"", ""ranking_category_code"": ""268103100"", ""ranking_category_name"": ""여성의류>상의"", ""review_avg"": 5.0, ""sale_percent"": 30, ""sale_price"": 104300, ""sold_out"": false, ""url"": ""https://product.29cm.co.kr/catalog/3438952""}",2026-10-06T01:00:30+00:00_6b919dbf
2026-10-06T10:00:30+09:00,2026-10-06T01:00:31+00:00,commerce_rank,VINTAGE PIQUE T-SHIRT_CHARCOAL NAVY,29cm:3438952@268103100,rank,75.0,"{""brand_eng"": ""OVERDUE FLAIR"", ""brand_kor"": ""오버듀플레어"", ""brand_no"": 4348, ""category1"": ""여성의류"", ""category2"": ""상의"", ""category3"": ""피케/카라 티셔츠"", ""category3_code"": 268103109, ""is_new"": false, ""item_no"": 3438952, ""period_sort"": ""ONE_DAY"", ""platform"": ""29cm"", ""ranking_category_code"": ""268103100"", ""ranking_category_name"": ""여성의류>상의"", ""review_avg"": 5.0, ""sale_percent"": 30, ""sale_price"": 104300, ""sold_out"": false, ""url"": ""https://product.29cm.co.kr/catalog/3438952""}",2026-10-06T01:00:30+00:00_6b919dbf
2026-10-06T10:00:30+09:00,2026-10-06T01:00:31+00:00,commerce_rank,[2 PACK-컬러추가]Essential Golgi Tee-11 colors,29cm:3442256,heart_count,51155.0,"{""brand_eng"": ""BITTERCELLS"", ""brand_kor"": ""비터셀즈"", ""brand_no"": 15063, ""category1"": ""여성의류"", ""category2"": ""상의"", ""category3"": ""긴소매 티셔츠"", ""category3_code"": 268103102, ""is_new"": false, ""item_no"": 3442256, ""period_sort"": ""ONE_DAY"", ""platform"": ""29cm"", ""ranking_category_code"": ""268103100"", ""ranking_category_name"": ""여성의류>상의"", ""review_avg"": 5.0, ""sale_percent"": 19, ""sale_price"": 63180, ""sold_out"": false, ""url"": ""https://product.29cm.co.kr/catalog/3442256""}",2026-10-06T01:00:30+00:00_6b919dbf
2026-10-06T10:00:30+09:00,2026-10-06T01:00:31+00:00,commerce_rank,[2 PACK-컬러추가]Essential Golgi Tee-11 colors,29cm:3442256,review_count,2801.0,"{""brand_eng"": ""BITTERCELLS"", ""brand_kor"": ""비터셀즈"", ""brand_no"": 15063, ""category1"": ""여성의류"", ""category2"": ""상의"", ""category3"": ""긴소매 티셔츠"", ""category3_code"": 268103102, ""is_new"": false, ""item_no"": 3442256, ""period_sort"": ""ONE_DAY"", ""platform"": ""29cm"", ""ranking_category_code"": ""268103100"", ""ranking_category_name"": ""여성의류>상의"", ""review_avg"": 5.0, ""sale_percent"": 19, ""sale_price"": 63180, ""sold_out"": false, ""url"": ""https://product.29cm.co.kr/catalog/3442256""}",2026-10-06T01:00:30+00:00_6b919dbf
2026-10-06T10:00:30+09:00,2026-10-06T01:00:31+00:00,commerce_rank,[2 PACK-컬러추가]Essential Golgi Tee-11 colors,29cm:3442256@268103100,rank,14.0,"{""brand_eng"": ""BITTERCELLS"", ""brand_kor"": ""비터셀즈"", ""brand_no"": 15063, ""category1"": ""여성의류"", ""category2"": ""상의"", ""category3"": ""긴소매 티셔츠"", ""category3_code"": 268103102, ""is_new"": false, ""item_no"": 3442256, ""period_sort"": ""ONE_DAY"", ""platform"": ""29cm"", ""ranking_category_code"": ""268103100"", ""ranking_category_name"": ""여성의류>상의"", ""review_avg"": 5.0, ""sale_percent"": 19, ""sale_price"": 63180, ""sold_out"": false, ""url"": ""https://product.29cm.co.kr/catalog/3442256""}",2026-10-06T01:00:30+00:00_6b919dbf
2026-10-06T10:00:30+09:00,2026-10-06T01:00:31+00:00,commerce_rank,Oversized Essential Shirt-Ivory,29cm:3442316,heart_count,24198.0,"{""brand_eng"": ""BITTERCELLS"", ""brand_kor"": ""비터셀즈"", ""brand_no"": 15063, ""category1"": ""여성의류"", ""category2"": ""상의"", ""category3"": ""셔츠"", ""category3_code"": 268103106, ""is_new"": false, ""item_no"": 3442316, ""period_sort"": ""ONE_DAY"", ""platform"": ""29cm"", ""ranking_category_code"": ""268103100"", ""ranking_category_name"": ""여성의류>상의"", ""review_avg"": 5.0, ""sale_percent"": 10, ""sale_price"": 53100, ""sold_out"": false, ""url"": ""https://product.29cm.co.kr/catalog/3442316""}",2026-10-06T01:00:30+00:00_6b919dbf
2026-10-06T10:00:30+09:00,2026-10-06T01:00:31+00:00,commerce_rank,Oversized Essential Shirt-Ivory,29cm:3442316,review_count,685.0,"{""brand_eng"": ""BITTERCELLS"", ""brand_kor"": ""비터셀즈"", ""brand_no"": 15063, ""category1"": ""여성의류"", ""category2"": ""상의"", ""category3"": ""셔츠"", ""category3_code"": 268103106, ""is_new"": false, ""item_no"": 3442316, ""period_sort"": ""ONE_DAY"", ""platform"": ""29cm"", ""ranking_category_code"": ""268103100"", ""ranking_category_name"": ""여성의류>상의"", ""review_avg"": 5.0, ""sale_percent"": 10, ""sale_price"": 53100, ""sold_out"": false, ""url"": ""https://product.29cm.co.kr/catalog/3442316""}",2026-10-06T01:00:30+00:00_6b919dbf
2026-10-06T10:00:30+09:00,2026-10-06T01:00:31+00:00,commerce_rank,Oversized Essential Shirt-Ivory,29cm:3442316@268103100,rank,85.0,"{""brand_eng"": ""BITTERCELLS"", ""brand_kor"": ""비터셀즈"", ""brand_no"": 15063, ""category1"": ""여성의류"", ""category2"": ""상의"", ""category3"": ""셔츠"", ""category3_code"": 268103106, ""is_new"": false, ""item_no"": 3442316, ""period_sort"": ""ONE_DAY"", ""platform"": ""29cm"", ""ranking_category_code"": ""268103100"", ""ranking_category_name"": ""여성의류>상의"", ""review_avg"": 5.0, ""sale_percent"": 10, ""sale_price"": 53100, ""sold_out"": false, ""url"": ""https://product.29cm.co.kr/catalog/3442316""}",2026-10-06T01:00:30+00:00_6b919dbf
2026-10-06T10:00:30+09:00,2026-10-06T01:00:31+00:00,commerce_rank,[8COLORS] 라인드 와플 롱 슬리브,29cm:3450583,heart_count,4725.0,"{""brand_eng"": ""MADDEN"", ""brand_kor"": ""매든"", ""brand_no"": 28008, ""category1"": ""여성의류"", ""category2"": ""상의"", ""category3"": ""긴소매 티셔츠"", ""category3_code"": 268103102, ""is_new"": false, ""item_no"": 3450583, ""period_sort"": ""ONE_DAY"", ""platform"": ""29cm"", ""ranking_category_code"": ""268103100"", ""ranking_category_name"": ""여성의류>상의"", ""review_avg"": 5.0, ""sale_percent"": 20, ""sale_price"": 47980, ""sold_out"": false, ""url"": ""https://product.29cm.co.kr/catalog/3450583""}",2026-10-06T01:00:30+00:00_6b919dbf
2026-10-06T10:00:30+09:00,2026-10-06T01:00:31+00:00,commerce_rank,[8COLORS] 라인드 와플 롱 슬리브,29cm:3450583,review_count,233.0,"{""brand_eng"": ""MADDEN"", ""brand_kor"": ""매든"", ""brand_no"": 28008, ""category1"": ""여성의류"", ""category2"": ""상의"", ""category3"": ""긴소매 티셔츠"", ""category3_code"": 268103102, ""is_new"": false, ""item_no"": 3450583, ""period_sort"": ""ONE_DAY"", ""platform"": ""29cm"", ""ranking_category_code"": ""268103100"", ""ranking_category_name"": ""여성의류>상의"", ""review_avg"": 5.0, ""sale_percent"": 20, ""sale_price"": 47980, ""sold_out"": false, ""url"": ""https://product.29cm.co.kr/catalog/3450583""}",2026-10-06T01:00:30+00:00_6b919dbf
2026-10-06T10:00:30+09:00,2026-10-06T01:00:31+00:00,commerce_rank,[8COLORS] 라인드 와플 롱 슬리브,29cm:3450583@268103100,rank,3.0,"{""brand_eng"": ""MADDEN"", ""brand_kor"": ""매든"", ""brand_no"": 28008, ""category1"": ""여성의류"", ""category2"": ""상의"", ""category3"": ""긴소매 티셔츠"", ""category3_code"": 268103102, ""is_new"": false, ""item_no"": 3450583, ""period_sort"": ""ONE_DAY"", ""platform"": ""29cm"", ""ranking_category_code"": ""268103100"", ""ranking_category_name"": ""여성의류>상의"", ""review_avg"": 5.0, ""sale_percent"": 20, ""sale_price"": 47980, ""sold_out"": false, ""url"": ""https://product.29cm.co.kr/catalog/3450583""}",2026-10-06T01:00:30+00:00_6b919dbf
2026-10-06T10:00:30+09:00,2026-10-06T01:00:31+00:00,commerce_rank,TIE SHIRRING BLOUSE (BEIGE),29cm:3453912,heart_count,3765.0,"{""brand_eng"": ""EAAH"", ""brand_kor"": ""이아"", ""brand_no"": 9707, ""category1"": ""여성의류"", ""category2"": ""상의"", ""category3"": ""블라우스"", ""category3_code"": 268103107, ""is_new"": false, ""item_no"": 3453912, ""period_sort"": ""ONE_DAY"", ""platform"": ""29cm"", ""ranking_category_code"": ""268103100"", ""ranking_category_name"": ""여성의류>상의"", ""review_avg"": 5.0, ""sale_percent"": 5, ""sale_price"": 140600, ""sold_out"": false, ""url"": ""https://product.29cm.co.kr/catalog/3453912""}",2026-10-06T01:00:30+00:00_6b919dbf
2026-10-06T10:00:30+09:00,2026-10-06T01:00:31+00:00,commerce_rank,TIE SHIRRING BLOUSE (BEIGE),29cm:3453912,review_count,54.0,"{""brand_eng"": ""EAAH"", ""brand_kor"": ""이아"", ""brand_no"": 9707, ""category1"": ""여성의류"", ""category2"": ""상의"", ""category3"": ""블라우스"", ""category3_code"": 268103107, ""is_new"": false, ""item_no"": 3453912, ""period_sort"": ""ONE_DAY"", ""platform"": ""29cm"", ""ranking_category_code"": ""268103100"", ""ranking_category_name"": ""여성의류>상의"", ""review_avg"": 5.0, ""sale_percent"": 5, ""sale_price"": 140600, ""sold_out"": false, ""url"": ""https://product.29cm.co.kr/catalog/3453912""}",2026-10-06T01:00:30+00:00_6b919dbf
2026-10-06T10:00:30+09:00,2026-10-06T01:00:31+00:00,commerce_rank,TIE SHIRRING BLOUSE (BEIGE),29cm:3453912@268103100,rank,99.0,"{""brand_eng"": ""EAAH"", ""brand_kor"": ""이아"", ""brand_no"": 9707, ""category1"": ""여성의류"", ""category2"": ""상의"", ""category3"": ""블라우스"", ""category3_code"": 268103107, ""is_new"": false, ""item_no"": 3453912, ""period_sort"": ""ONE_DAY"", ""platform"": ""29cm"", ""ranking_category_code"": ""268103100"", ""ranking_category_name"": ""여성의류>상의"", ""review_avg"": 5.0, ""sale_percent"": 5, ""sale_price"": 140600, ""sold_out"": false, ""url"": ""https://product.29cm.co.kr/catalog/3453912""}",2026-10-06T01:00:30+00:00_6b919dbf
2026-10-06T10:00:30+09:00,2026-10-06T01:00:31+00:00,commerce_rank,[6th] Nov raglan t-shirt (melange gray),29cm:3460541,heart_count,3155.0,"{""brand_eng"": ""THE MITTEN"", ""brand_kor"": ""더미튼"", ""brand_no"": 25573, ""category1"": ""여성의류"", ""category2"": ""상의"", ""category3"": ""긴소매 티셔츠"", ""category3_code"": 268103102, ""is_new"": false, ""item_no"": 3460541, ""period_sort"": ""ONE_DAY"", ""platform"": ""29cm"", ""ranking_category_code"": ""268103100"", ""ranking_category_name"": ""여성의류>상의"", ""review_avg"": 5.0, ""sale_percent"": 17, ""sale_price"": 70810, ""sold_out"": false, ""url"": ""https://product.29cm.co.kr/catalog/3460541""}",2026-10-06T01:00:30+00:00_6b919dbf
2026-10-06T10:00:30+09:00,2026-10-06T01:00:31+00:00,commerce_rank,[6th] Nov raglan t-shirt (melange gray),29cm:3460541,review_count,82.0,"{""brand_eng"": ""THE MITTEN"", ""brand_kor"": ""더미튼"", ""brand_no"": 25573, ""category1"": ""여성의류"", ""category2"": ""상의"", ""category3"": ""긴소매 티셔츠"", ""category3_code"": 268103102, ""is_new"": false, ""item_no"": 3460541, ""period_sort"": ""ONE_DAY"", ""platform"": ""29cm"", ""ranking_category_code"": ""268103100"", ""ranking_category_name"": ""여성의류>상의"", ""review_avg"": 5.0, ""sale_percent"": 17, ""sale_price"": 70810, ""sold_out"": false, ""url"": ""https://product.29cm.co.kr/catalog/3460541""}",2026-10-06T01:00:30+00:00_6b919dbf
2026-10-06T10:00:30+09:00,2026-10-06T01:00:31+00:00,commerce_rank,[6th] Nov raglan t-shirt (melange gray),29cm:3460541@268103100,rank,51.0,"{""brand_eng"": ""THE MITTEN"", ""brand_kor"": ""더미튼"", ""brand_no"": 25573, ""category1"": ""여성의류"", ""category2"": ""상의"", ""category3"": ""긴소매 티셔츠"", ""category3_code"": 268103102, ""is_new"": false, ""item_no"": 3460541, ""period_sort"": ""ONE_DAY"", ""platform"": ""29cm"", ""ranking_category_code"": ""268103100"", ""ranking_category_name"": ""여성의류>상의"", ""review_avg"": 5.0, ""sale_percent"": 17, ""sale_price"": 70810, ""sold_out"": false, ""url"": ""https://product.29cm.co.kr/catalog/3460541""}",2026-10-06T01:00:30+00:00_6b919dbf
2026-10-06T10:00:30+09:00,2026-10-06T01:00:31+00:00,commerce_rank,"[26th][오제,소진pick]Molly hoodie t-shirt (melange gray)",29cm:3460559,heart_count,10755.0,"{""brand_eng"": ""THE MITTEN"", ""brand_kor"": ""더미튼"", ""brand_no"": 25573, ""category1"": ""여성의류"", ""category2"": ""상의"", ""category3"": ""후디"", ""category3_code"": 268103105, ""is_new"": false, ""item_no"": 3460559, ""period_sort"": ""ONE_DAY"", ""platform"": ""29cm"", ""ranking_category_code"": ""268103100"", ""ranking_category_name"": ""여성의류>상의"", ""review_avg"": 5.0, ""sale_percent"": 24, ""sale_price"": 67330, ""sold_out"": false, ""url"": ""https://product.29cm.co.kr/catalog/3460559""}",2026-10-06T01:00:30+00:00_6b919dbf
2026-10-06T10:00:30+09:00,2026-10-06T01:00:31+00:00,commerce_rank,"[26th][오제,소진pick]Molly hoodie t-shirt (melange gray)",29cm:3460559,review_count,388.0,"{""brand_eng"": ""THE MITTEN"", ""brand_kor"": ""더미튼"", ""brand_no"": 25573, ""category1"": ""여성의류"", ""category2"": ""상의"", ""category3"": ""후디"", ""category3_code"": 268103105, ""is_new"": false, ""item_no"": 3460559, ""period_sort"": ""ONE_DAY"", ""platform"": ""29cm"", ""ranking_category_code"": ""268103100"", ""ranking_category_name"": ""여성의류>상의"", ""review_avg"": 5.0, ""sale_percent"": 24, ""sale_price"": 67330, ""sold_out"": false, ""url"": ""https://product.29cm.co.kr/catalog/3460559""}",2026-10-06T01:00:30+00:00_6b919dbf
2026-10-06T10:00:30+09:00,2026-10-06T01:00:31+00:00,commerce_rank,"[26th][오제,소진pick]Molly hoodie t-shirt (melange gray)",29cm:3460559@268103100,rank,40.0,"{""brand_eng"": ""THE MITTEN"", ""brand_kor"": ""더미튼"", ""brand_no"": 25573, ""category1"": ""여성의류"", ""category2"": ""상의"", ""category3"": ""후디"", ""category3_code"": 268103105, ""is_new"": false, ""item_no"": 3460559, ""period_sort"": ""ONE_DAY"", ""platform"": ""29cm"", ""ranking_category_code"": ""268103100"", ""ranking_category_name"": ""여성의류>상의"", ""review_avg"": 5.0, ""sale_percent"": 24, ""sale_price"": 67330, ""sold_out"": false, ""url"": ""https://product.29cm.co.kr/catalog/3460559""}",2026-10-06T01:00:30+00:00_6b919dbf
2026-10-06T10:00:30+09:00,2026-10-06T01:00:32+00:00,commerce_rank,페이디드 셔츠 - 차콜 브라운,29cm:3472831,heart_count,657.0,"{""brand_eng"": ""asp"", ""brand_kor"": ""애습"", ""brand_no"": 10042, ""category1"": ""남성의류"", ""category2"": ""상의"", ""category3"": ""긴소매 셔츠"", ""category3_code"": 272103106, ""is_new"": false, ""item_no"": 3472831, ""period_sort"": ""ONE_DAY"", ""platform"": ""29cm"", ""ranking_category_code"": ""272103100"", ""ranking_category_name"": ""남성의류>상의"", ""review_avg"": 5.0, ""sale_percent"": 15, ""sale_price"": 64980, ""sold_out"": false, ""url"": ""https://product.29cm.co.kr/catalog/3472831""}",2026-10-06T01:00:30+00:00_6b919dbf
2026-10-06T10:00:30+09:00,2026-10-06T01:00:32+00:00,commerce_rank,페이디드 셔츠 - 차콜 브라운,29cm:3472831,review_count,31.0,"{""brand_eng"": ""asp"", ""brand_kor"": ""애습"", ""brand_no"": 10042, ""category1"": ""남성의류"", ""category2"": ""상의"", ""category3"": ""긴소매 셔츠"", ""category3_code"": 272103106, ""is_new"": false, ""item_no"": 3472831, ""period_sort"": ""ONE_DAY"", ""platform"": ""29cm"", ""ranking_category_code"": ""272103100"", ""ranking_category_name"": ""남성의류>상의"", ""review_avg"": 5.0, ""sale_percent"": 15, ""sale_price"": 64980, ""sold_out"": false, ""url"": ""https://product.29cm.co.kr/catalog/3472831""}",2026-10-06T01:00:30+00:00_6b919dbf
2026-10-06T10:00:30+09:00,2026-10-06T01:00:32+00:00,commerce_rank,페이디드 셔츠 - 차콜 브라운,29cm:3472831@272103100,rank,27.0,"{""brand_eng"": ""asp"", ""brand_kor"": ""애습"", ""brand_no"": 10042, ""category1"": ""남성의류"", ""category2"": ""상의"", ""category3"": ""긴소매 셔츠"", ""category3_code"": 272103106, ""is_new"": false, ""item_no"": 3472831, ""period_sort"": ""ONE_DAY"", ""platform"": ""29cm"", ""ranking_category_code"": ""272103100"", ""ranking_category_name"": ""남성의류>상의"", ""review_avg"": 5.0, ""sale_percent"": 15, ""sale_price"": 64980, ""sold_out"": false, ""url"": ""https://product.29cm.co.kr/catalog/3472831""}",2026-10-06T01:00:30+00:00_6b919dbf
2026-10-06T10:00:30+09:00,2026-10-06T01:00:32+00:00,commerce_rank,[CK] 릴렉스핏 코듀로이 포켓 긴팔 셔츠 4RD106G WD7,29cm:3485659,heart_count,11.0,"{""brand_eng"": ""Calvin Klein Jeans"", ""brand_kor"": ""캘빈클라인 진"", ""brand_no"": 18378, ""category1"": ""남성의류"", ""category2"": ""상의"", ""category3"": ""긴소매 셔츠"", ""category3_code"": 272103106, ""is_new"": false, ""item_no"": 3485659, ""period_sort"": ""ONE_DAY"", ""platform"": ""29cm"", ""ranking_category_code"": ""272103100"", ""ranking_category_name"": ""남성의류>상의"", ""review_avg"": 0.0, ""sale_percent"": 65, ""sale_price"": 70290, ""sold_out"": false, ""url"": ""https://product.29cm.co.kr/catalog/3485659""}",2026-10-06T01:00:30+00:00_6b919dbf
2026-10-06T10:00:30+09:00,2026-10-06T01:00:32+00:00,commerce_rank,[CK] 릴렉스핏 코듀로이 포켓 긴팔 셔츠 4RD106G WD7,29cm:3485659,review_count,0.0,"{""brand_eng"": ""Calvin Klein Jeans"", ""brand_kor"": ""캘빈클라인 진"", ""brand_no"": 18378, ""category1"": ""남성의류"", ""category2"": ""상의"", ""category3"": ""긴소매 셔츠"", ""category3_code"": 272103106, ""is_new"": false, ""item_no"": 3485659, ""period_sort"": ""ONE_DAY"", ""platform"": ""29cm"", ""ranking_category_code"": ""272103100"", ""ranking_category_name"": ""남성의류>상의"", ""review_avg"": 0.0, ""sale_percent"": 65, ""sale_price"": 70290, ""sold_out"": false, ""url"": ""https://product.29cm.co.kr/catalog/3485659""}",2026-10-06T01:00:30+00:00_6b919dbf
2026-10-06T10:00:30+09:00,2026-10-06T01:00:32+00:00,commerce_rank,[CK] 릴렉스핏 코듀로이 포켓 긴팔 셔츠 4RD106G WD7,29cm:3485659@272103100,rank,84.0,"{""brand_eng"": ""Calvin Klein Jeans"", ""brand_kor"": ""캘빈클라인 진"", ""brand_no"": 18378, ""category1"": ""남성의류"", ""category2"": ""상의"", ""category3"": ""긴소매 셔츠"", ""category3_code"": 272103106, ""is_new"": false, ""item_no"": 3485659, ""period_sort"": ""ONE_DAY"", ""platform"": ""29cm"", ""ranking_category_code"": ""272103100"", ""ranking_category_name"": ""남성의류>상의"", ""review_avg"": 0.0, ""sale_percent"": 65, ""sale_price"": 70290, ""sold_out"": false, ""url"": ""https://product.29cm.co.kr/catalog/3485659""}",2026-10-06T01:00:30+00:00_6b919dbf
2026-10-06T10:00:30+09:00,2026-10-06T01:00:32+00:00,commerce_rank,[CK] 남성 릴렉스핏 코듀로이 포켓 긴팔 셔츠 4RD106G 2X9,29cm:3485661,heart_count,17.0,"{""brand_eng"": ""Calvin Klein Jeans"", ""brand_kor"": ""캘빈클라인 진"", ""brand_no"": 18378, ""category1"": ""남성의류"", ""category2"": ""상의"", ""category3"": ""긴소매 셔츠"", ""category3_code"": 272103106, ""is_new"": false, ""item_no"": 3485661, ""period_sort"": ""ONE_DAY"", ""platform"": ""29cm"", ""ranking_category_code"": ""272103100"", ""ranking_category_name"": ""남성의류>상의"", ""review_avg"": 0.0, ""sale_percent"": 65, ""sale_price"": 70290, ""sold_out"": false, ""url"": ""https://product.29cm.co.kr/catalog/3485661""}",2026-10-06T01:00:30+00:00_6b919dbf
2026-10-06T10:00:30+09:00,2026-10-06T01:00:32+00:00,commerce_rank,[CK] 남성 릴렉스핏 코듀로이 포켓 긴팔 셔츠 4RD106G 2X9,29cm:3485661,review_count,0.0,"{""brand_eng"": ""Calvin Klein Jeans"", ""brand_kor"": ""캘빈클라인 진"", ""brand_no"": 18378, ""category1"": ""남성의류"", ""category2"": ""상의"", ""category3"": ""긴소매 셔츠"", ""category3_code"": 272103106, ""is_new"": false, ""item_no"": 3485661, ""period_sort"": ""ONE_DAY"", ""platform"": ""29cm"", ""ranking_category_code"": ""272103100"", ""ranking_category_name"": ""남성의류>상의"", ""review_avg"": 0.0, ""sale_percent"": 65, ""sale_price"": 70290, ""sold_out"": false, ""url"": ""https://product.29cm.co.kr/catalog/3485661""}",2026-10-06T01:00:30+00:00_6b919dbf
2026-10-06T10:00:30+09:00,2026-10-06T01:00:32+00:00,commerce_rank,[CK] 남성 릴렉스핏 코듀로이 포켓 긴팔 셔츠 4RD106G 2X9,29cm:3485661@272103100,rank,83.0,"{""brand_eng"": ""Calvin Klein Jeans"", ""brand_kor"": ""캘빈클라인 진"", ""brand_no"": 18378, ""category1"": ""남성의류"", ""category2"": ""상의"", ""category3"": ""긴소매 셔츠"", ""category3_code"": 272103106, ""is_new"": false, ""item_no"": 3485661, ""period_sort"": ""ONE_DAY"", ""platform"": ""29cm"", ""ranking_category_code"": ""272103100"", ""ranking_category_name"": ""남성의류>상의"", ""review_avg"": 0.0, ""sale_percent"": 65, ""sale_price"": 70290, ""sold_out"": false, ""url"": ""https://product.29cm.co.kr/catalog/3485661""}",2026-10-06T01:00:30+00:00_6b919dbf
2026-10-06T10:00:30+09:00,2026-10-06T01:00:31+00:00,commerce_rank,Folder L/S Tee (4 Colors),29cm:3522545,heart_count,8155.0,"{""brand_eng"": ""TEKET"", ""brand_kor"": ""테켓"", ""brand_no"": 34509, ""category1"": ""여성의류"", ""category2"": ""상의"", ""category3"": ""긴소매 티셔츠"", ""category3_code"": 268103102, ""is_new"": false, ""item_no"": 3522545, ""period_sort"": ""ONE_DAY"", ""platform"": ""29cm"", ""ranking_category_code"": ""268103100"", ""ranking_category_name"": ""여성의류>상의"", ""review_avg"": 5.0, ""sale_percent"": 0, ""sale_price"": 65000, ""sold_out"": false, ""url"": ""https://product.29cm.co.kr/catalog/3522545""}",2026-10-06T01:00:30+00:00_6b919dbf
2026-10-06T10:00:30+09:00,2026-10-06T01:00:31+00:00,commerce_rank,Folder L/S Tee (4 Colors),29cm:3522545,review_count,606.0,"{""brand_eng"": ""TEKET"", ""brand_kor"": ""테켓"", ""brand_no"": 34509, ""category1"": ""여성의류"", ""category2"": ""상의"", ""category3"": ""긴소매 티셔츠"", ""category3_code"": 268103102, ""is_new"": false, ""item_no"": 3522545, ""period_sort"": ""ONE_DAY"", ""platform"": ""29cm"", ""ranking_category_code"": ""268103100"", ""ranking_category_name"": ""여성의류>상의"", ""review_avg"": 5.0, ""sale_percent"": 0, ""sale_price"": 65000, ""sold_out"": false, ""url"": ""https://product.29cm.co.kr/catalog/3522545""}",2026-10-06T01:00:30+00:00_6b919dbf
2026-10-06T10:00:30+09:00,2026-10-06T01:00:31+00:00,commerce_rank,Folder L/S Tee (4 Colors),29cm:3522545@268103100,rank,23.0,"{""brand_eng"": ""TEKET"", ""brand_kor"": ""테켓"", ""brand_no"": 34509, ""category1"": ""여성의류"", ""category2"": ""상의"", ""category3"": ""긴소매 티셔츠"", ""category3_code"": 268103102, ""is_new"": false, ""item_no"": 3522545, ""period_sort"": ""ONE_DAY"", ""platform"": ""29cm"", ""ranking_category_code"": ""268103100"", ""ranking_category_name"": ""여성의류>상의"", ""review_avg"": 5.0, ""sale_percent"": 0, ""sale_price"": 65000, ""sold_out"": false, ""url"": ""https://product.29cm.co.kr/catalog/3522545""}",2026-10-06T01:00:30+00:00_6b919dbf
2026-10-06T10:00:30+09:00,2026-10-06T01:00:31+00:00,commerce_rank,Raye Pocket Shirt_Navy,29cm:3523834,heart_count,10646.0,"{""brand_eng"": ""THE BARNNET"", ""brand_kor"": ""더바넷"", ""brand_no"": 76630, ""category1"": ""여성의류"", ""category2"": ""상의"", ""category3"": ""셔츠"", ""category3_code"": 268103106, ""is_new"": false, ""item_no"": 3523834, ""period_sort"": ""ONE_DAY"", ""platform"": ""29cm"", ""ranking_category_code"": ""268103100"", ""ranking_category_name"": ""여성의류>상의"", ""review_avg"": 5.0, ""sale_percent"": 33, ""sale_price"": 92480, ""sold_out"": false, ""url"": ""https://product.29cm.co.kr/catalog/3523834""}",2026-10-06T01:00:30+00:00_6b919dbf
2026-10-06T10:00:30+09:00,2026-10-06T01:00:31+00:00,commerce_rank,Raye Pocket Shirt_Navy,29cm:3523834,review_count,191.0,"{""brand_eng"": ""THE BARNNET"", ""brand_kor"": ""더바넷"", ""brand_no"": 76630, ""category1"": ""여성의류"", ""category2"": ""상의"", ""category3"": ""셔츠"", ""category3_code"": 268103106, ""is_new"": false, ""item_no"": 3523834, ""period_sort"": ""ONE_DAY"", ""platform"": ""29cm"", ""ranking_category_code"": ""268103100"", ""ranking_category_name"": ""여성의류>상의"", ""review_avg"": 5.0, ""sale_percent"": 33, ""sale_price"": 92480, ""sold_out"": false, ""url"": ""https://product.29cm.co.kr/catalog/3523834""}",2026-10-06T01:00:30+00:00_6b919dbf
2026-10-06T10:00:30+09:00,2026-10-06T01:00:31+00:00,commerce_rank,Raye Pocket Shirt_Navy,29cm:3523834@268103100,rank,64.0,"{""brand_eng"": ""THE BARNNET"", ""brand_kor"": ""더바넷"", ""brand_no"": 76630, ""category1"": ""여성의류"", ""category2"": ""상의"", ""category3"": ""셔츠"", ""category3_code"": 268103106, ""is_new"": false, ""item_no"": 3523834, ""period_sort"": ""ONE_DAY"", ""platform"": ""29cm"", ""ranking_category_code"": ""268103100"", ""ranking_category_name"": ""여성의류>상의"", ""review_avg"": 5.0, ""sale_percent"": 33, ""sale_price"": 92480, ""sold_out"": false, ""url"": ""https://product.29cm.co.kr/catalog/3523834""}",2026-10-06T01:00:30+00:00_6b919dbf
2026-10-06T10:00:30+09:00,2026-10-06T01:00:31+00:00,commerce_rank,[57th] Curve scarf blouse (stone gray),29cm:3535240,heart_count,33718.0,"{""brand_eng"": ""PREP FOR THE"", ""brand_kor"": ""프렙포더"", ""brand_no"": 86845, ""category1"": ""여성의류"", ""category2"": ""상의"", ""category3"": ""블라우스"", ""category3_code"": 268103107, ""is_new"": false, ""item_no"": 3535240, ""period_sort"": ""ONE_DAY"", ""platform"": ""29cm"", ""ranking_category_code"": ""268103100"", ""ranking_category_name"": ""여성의류>상의"", ""review_avg"": 5.0, ""sale_percent"": 14, ""sale_price"": 125690, ""sold_out"": false, ""url"": ""https://product.29cm.co.kr/catalog/3535240""}",2026-10-06T01:00:30+00:00_6b919dbf
2026-10-06T10:00:30+09:00,2026-10-06T01:00:31+00:00,commerce_rank,[57th] Curve scarf blouse (stone gray),29cm:3535240,review_count,416.0,"{""brand_eng"": ""PREP FOR THE"", ""brand_kor"": ""프렙포더"", ""brand_no"": 86845, ""category1"": ""여성의류"", ""category2"": ""상의"", ""category3"": ""블라우스"", ""category3_code"": 268103107, ""is_new"": false, ""item_no"": 3535240, ""period_sort"": ""ONE_DAY"", ""platform"": ""29cm"", ""ranking_category_code"": ""268103100"", ""ranking_category_name"": ""여성의류>상의"", ""review_avg"": 5.0, ""sale_percent"": 14, ""sale_price"": 125690, ""sold_out"": false, ""url"": ""https://product.29cm.co.kr/catalog/3535240""}",2026-10-06T01:00:30+00:00_6b919dbf
2026-10-06T10:00:30+09:00,2026-10-06T01:00:31+00:00,commerce_rank,[57th] Curve scarf blouse (stone gray),29cm:3535240@268103100,rank,7.0,"{""brand_eng"": ""PREP FOR THE"", ""brand_kor"": ""프렙포더"", ""brand_no"": 86845, ""category1"": ""여성의류"", ""category2"": ""상의"", ""category3"": ""블라우스"", ""category3_code"": 268103107, ""is_new"": false, ""item_no"": 3535240, ""period_sort"": ""ONE_DAY"", ""platform"": ""29cm"", ""ranking_category_code"": ""268103100"", ""ranking_category_name"": ""여성의류>상의"", ""review_avg"": 5.0, ""sale_percent"": 14, ""sale_price"": 125690, ""sold_out"": false, ""url"": ""https://product.29cm.co.kr/catalog/3535240""}",2026-10-06T01:00:30+00:00_6b919dbf
2026-10-06T10:00:30+09:00,2026-10-06T01:00:31+00:00,commerce_rank,044 레글런 롱 슬리브 티셔츠,29cm:3545920,heart_count,10553.0,"{""brand_eng"": ""VIVA LA VIDA"", ""brand_kor"": ""비바라비다"", ""brand_no"": 100816, ""category1"": ""여성의류"", ""category2"": ""상의"", ""category3"": ""긴소매 티셔츠"", ""category3_code"": 268103102, ""is_new"": false, ""item_no"": 3545920, ""period_sort"": ""ONE_DAY"", ""platform"": ""29cm"", ""ranking_category_code"": ""268103100"", ""ranking_category_name"": ""여성의류>상의"", ""review_avg"": 5.0, ""sale_percent"": 31, ""sale_price"": 32310, ""sold_out"": false, ""url"": ""https://product.29cm.co.kr/catalog/3545920""}",2026-10-06T01:00:30+00:00_6b919dbf
2026-10-06T10:00:30+09:00,2026-10-06T01:00:31+00:00,commerce_rank,044 레글런 롱 슬리브 티셔츠,29cm:3545920,review_count,233.0,"{""brand_eng"": ""VIVA LA VIDA"", ""brand_kor"": ""비바라비다"", ""brand_no"": 100816, ""category1"": ""여성의류"", ""category2"": ""상의"", ""category3"": ""긴소매 티셔츠"", ""category3_code"": 268103102, ""is_new"": false, ""item_no"": 3545920, ""period_sort"": ""ONE_DAY"", ""platform"": ""29cm"", ""ranking_category_code"": ""268103100"", ""ranking_category_name"": ""여성의류>상의"", ""review_avg"": 5.0, ""sale_percent"": 31, ""sale_price"": 32310, ""sold_out"": false, ""url"": ""https://product.29cm.co.kr/catalog/3545920""}",2026-10-06T01:00:30+00:00_6b919dbf
2026-10-06T10:00:30+09:00,2026-10-06T01:00:31+00:00,commerce_rank,044 레글런 롱 슬리브 티셔츠,29cm:3545920@268103100,rank,20.0,"{""brand_eng"": ""VIVA LA VIDA"", ""brand_kor"": ""비바라비다"", ""brand_no"": 100816, ""category1"": ""여성의류"", ""category2"": ""상의"", ""category3"": ""긴소매 티셔츠"", ""category3_code"": 268103102, ""is_new"": false, ""item_no"": 3545920, ""period_sort"": ""ONE_DAY"", ""platform"": ""29cm"", ""ranking_category_code"": ""268103100"", ""ranking_category_name"": ""여성의류>상의"", ""review_avg"": 5.0, ""sale_percent"": 31, ""sale_price"": 32310, ""sold_out"": false, ""url"": ""https://product.29cm.co.kr/catalog/3545920""}",2026-10-06T01:00:30+00:00_6b919dbf
2026-10-06T10:00:30+09:00,2026-10-06T01:00:32+00:00,commerce_rank,ASKIN LOGO LONG SLEEVE (BROWN GREY),29cm:3549850,heart_count,503.0,"{""brand_eng"": ""GOYOWEAR"", ""brand_kor"": ""고요웨어"", ""brand_no"": 16187, ""category1"": ""남성의류"", ""category2"": ""상의"", ""category3"": ""긴소매 티셔츠"", ""category3_code"": 272103102, ""is_new"": false, ""item_no"": 3549850, ""period_sort"": ""ONE_DAY"", ""platform"": ""29cm"", ""ranking_category_code"": ""272103100"", ""ranking_category_name"": ""남성의류>상의"", ""review_avg"": 5.0, ""sale_percent"": 10, ""sale_price"": 44100, ""sold_out"": false, ""url"": ""https://product.29cm.co.kr/catalog/3549850""}",2026-10-06T01:00:30+00:00_6b919dbf
2026-10-06T10:00:30+09:00,2026-10-06T01:00:32+00:00,commerce_rank,ASKIN LOGO LONG SLEEVE (BROWN GREY),29cm:3549850,review_count,36.0,"{""brand_eng"": ""GOYOWEAR"", ""brand_kor"": ""고요웨어"", ""brand_no"": 16187, ""category1"": ""남성의류"", ""category2"": ""상의"", ""category3"": ""긴소매 티셔츠"", ""category3_code"": 272103102, ""is_new"": false, ""item_no"": 3549850, ""period_sort"": ""ONE_DAY"", ""platform"": ""29cm"", ""ranking_category_code"": ""272103100"", ""ranking_category_name"": ""남성의류>상의"", ""review_avg"": 5.0, ""sale_percent"": 10, ""sale_price"": 44100, ""sold_out"": false, ""url"": ""https://product.29cm.co.kr/catalog/3549850""}",2026-10-06T01:00:30+00:00_6b919dbf
2026-10-06T10:00:30+09:00,2026-10-06T01:00:32+00:00,commerce_rank,ASKIN LOGO LONG SLEEVE (BROWN GREY),29cm:3549850@272103100,rank,21.0,"{""brand_eng"": ""GOYOWEAR"", ""brand_kor"": ""고요웨어"", ""brand_no"": 16187, ""category1"": ""남성의류"", ""category2"": ""상의"", ""category3"": ""긴소매 티셔츠"", ""category3_code"": 272103102, ""is_new"": false, ""item_no"": 3549850, ""period_sort"": ""ONE_DAY"", ""platform"": ""29cm"", ""ranking_category_code"": ""272103100"", ""ranking_category_name"": ""남성의류>상의"", ""review_avg"": 5.0, ""sale_percent"": 10, ""sale_price"": 44100, ""sold_out"": false, ""url"": ""https://product.29cm.co.kr/catalog/3549850""}",2026-10-06T01:00:30+00:00_6b919dbf
2026-10-06T10:00:30+09:00,2026-10-06T01:00:31+00:00,commerce_rank,[41th] Raglan Campus Logo Long Top - Grey(Navy),29cm:3628013,heart_count,22633.0,"{""brand_eng"": ""SOMEWHEREBUTTER"", ""brand_kor"": ""썸웨어버터"", ""brand_no"": 18640, ""category1"": ""여성의류"", ""category2"": ""상의"", ""category3"": ""긴소매 티셔츠"", ""category3_code"": 268103102, ""is_new"": false, ""item_no"": 3628013, ""period_sort"": ""ONE_DAY"", ""platform"": ""29cm"", ""ranking_category_code"": ""268103100"", ""ranking_category_name"": ""여성의류>상의"", ""review_avg"": 5.0, ""sale_percent"": 10, ""sale_price"": 44100, ""sold_out"": false, ""url"": ""https://product.29cm.co.kr/catalog/3628013""}",2026-10-06T01:00:30+00:00_6b919dbf
2026-10-06T10:00:30+09:00,2026-10-06T01:00:31+00:00,commerce_rank,[41th] Raglan Campus Logo Long Top - Grey(Navy),29cm:3628013,review_count,637.0,"{""brand_eng"": ""SOMEWHEREBUTTER"", ""brand_kor"": ""썸웨어버터"", ""brand_no"": 18640, ""category1"": ""여성의류"", ""category2"": ""상의"", ""category3"": ""긴소매 티셔츠"", ""category3_code"": 268103102, ""is_new"": false, ""item_no"": 3628013, ""period_sort"": ""ONE_DAY"", ""platform"": ""29cm"", ""ranking_category_code"": ""268103100"", ""ranking_category_name"": ""여성의류>상의"", ""review_avg"": 5.0, ""sale_percent"": 10, ""sale_price"": 44100, ""sold_out"": false, ""url"": ""https://product.29cm.co.kr/catalog/3628013""}",2026-10-06T01:00:30+00:00_6b919dbf
2026-10-06T10:00:30+09:00,2026-10-06T01:00:31+00:00,commerce_rank,[41th] Raglan Campus Logo Long Top - Grey(Navy),29cm:3628013@268103100,rank,6.0,"{""brand_eng"": ""SOMEWHEREBUTTER"", ""brand_kor"": ""썸웨어버터"", ""brand_no"": 18640, ""category1"": ""여성의류"", ""category2"": ""상의"", ""category3"": ""긴소매 티셔츠"", ""category3_code"": 268103102, ""is_new"": false, ""item_no"": 3628013, ""period_sort"": ""ONE_DAY"", ""platform"": ""29cm"", ""ranking_category_code"": ""268103100"", ""ranking_category_name"": ""여성의류>상의"", ""review_avg"": 5.0, ""sale_percent"": 10, ""sale_price"": 44100, ""sold_out"": false, ""url"": ""https://product.29cm.co.kr/catalog/3628013""}",2026-10-06T01:00:30+00:00_6b919dbf
2026-10-06T10:00:30+09:00,2026-10-06T01:00:32+00:00,commerce_rank,Blue Chambray Work Shirt KR Ver. Dark Indigo,29cm:3628796,heart_count,990.0,"{""brand_eng"": ""BRONSON"", ""brand_kor"": ""브론슨"", ""brand_no"": 89408, ""category1"": ""남성의류"", ""category2"": ""상의"", ""category3"": ""긴소매 셔츠"", ""category3_code"": 272103106, ""is_new"": false, ""item_no"": 3628796, ""period_sort"": ""ONE_DAY"", ""platform"": ""29cm"", ""ranking_category_code"": ""272103100"", ""ranking_category_name"": ""남성의류>상의"", ""review_avg"": 4.5, ""sale_percent"": 10, ""sale_price"": 66600, ""sold_out"": false, ""url"": ""https://product.29cm.co.kr/catalog/3628796""}",2026-10-06T01:00:30+00:00_6b919dbf
2026-10-06T10:00:30+09:00,2026-10-06T01:00:32+00:00,commerce_rank,Blue Chambray Work Shirt KR Ver. Dark Indigo,29cm:3628796,review_count,41.0,"{""brand_eng"": ""BRONSON"", ""brand_kor"": ""브론슨"", ""brand_no"": 89408, ""category1"": ""남성의류"", ""category2"": ""상의"", ""category3"": ""긴소매 셔츠"", ""category3_code"": 272103106, ""is_new"": false, ""item_no"": 3628796, ""period_sort"": ""ONE_DAY"", ""platform"": ""29cm"", ""ranking_category_code"": ""272103100"", ""ranking_category_name"": ""남성의류>상의"", ""review_avg"": 4.5, ""sale_percent"": 10, ""sale_price"": 66600, ""sold_out"": false, ""url"": ""https://product.29cm.co.kr/catalog/3628796""}",2026-10-06T01:00:30+00:00_6b919dbf
2026-10-06T10:00:30+09:00,2026-10-06T01:00:32+00:00,commerce_rank,Blue Chambray Work Shirt KR Ver. Dark Indigo,29cm:3628796@272103100,rank,22.0,"{""brand_eng"": ""BRONSON"", ""brand_kor"": ""브론슨"", ""brand_no"": 89408, ""category1"": ""남성의류"", ""category2"": ""상의"", ""category3"": ""긴소매 셔츠"", ""category3_code"": 272103106, ""is_new"": false, ""item_no"": 3628796, ""period_sort"": ""ONE_DAY"", ""platform"": ""29cm"", ""ranking_category_code"": ""272103100"", ""ranking_category_name"": ""남성의류>상의"", ""review_avg"": 4.5, ""sale_percent"": 10, ""sale_price"": 66600, ""sold_out"": false, ""url"": ""https://product.29cm.co.kr/catalog/3628796""}",2026-10-06T01:00:30+00:00_6b919dbf
2026-10-06T10:00:30+09:00,2026-10-06T01:00:32+00:00,commerce_rank,Vintage Long Sleeve Henley Shirt Dark Grey (Korea Edition),29cm:3692715,heart_count,403.0,"{""brand_eng"": ""BRONSON"", ""brand_kor"": ""브론슨"", ""brand_no"": 89408, ""category1"": ""남성의류"", ""category2"": ""상의"", ""category3"": ""긴소매 티셔츠"", ""category3_code"": 272103102, ""is_new"": false, ""item_no"": 3692715, ""period_sort"": ""ONE_DAY"", ""platform"": ""29cm"", ""ranking_category_code"": ""272103100"", ""ranking_category_name"": ""남성의류>상의"", ""review_avg"": 4.5, ""sale_percent"": 10, ""sale_price"": 55800, ""sold_out"": false, ""url"": ""https://product.29cm.co.kr/catalog/3692715""}",2026-10-06T01:00:30+00:00_6b919dbf
2026-10-06T10:00:30+09:00,2026-10-06T01:00:32+00:00,commerce_rank,Vintage Long Sleeve Henley Shirt Dark Grey (Korea Edition),29cm:3692715,review_count,39.0,"{""brand_eng"": ""BRONSON"", ""brand_kor"": ""브론슨"", ""brand_no"": 89408, ""category1"": ""남성의류"", ""category2"": ""상의"", ""category3"": ""긴소매 티셔츠"", ""category3_code"": 272103102, ""is_new"": false, ""item_no"": 3692715, ""period_sort"": ""ONE_DAY"", ""platform"": ""29cm"", ""ranking_category_code"": ""272103100"", ""ranking_category_name"": ""남성의류>상의"", ""review_avg"": 4.5, ""sale_percent"": 10, ""sale_price"": 55800, ""sold_out"": false, ""url"": ""https://product.29cm.co.kr/catalog/3692715""}",2026-10-06T01:00:30+00:00_6b919dbf
2026-10-06T10:00:30+09:00,2026-10-06T01:00:32+00:00,commerce_rank,Vintage Long Sleeve Henley Shirt Dark Grey (Korea Edition),29cm:3692715@272103100,rank,48.0,"{""brand_eng"": ""BRONSON"", ""brand_kor"": ""브론슨"", ""brand_no"": 89408, ""category1"": ""남성의류"", ""category2"": ""상의"", ""category3"": ""긴소매 티셔츠"", ""category3_code"": 272103102, ""is_new"": false, ""item_no"": 3692715, ""period_sort"": ""ONE_DAY"", ""platform"": ""29cm"", ""ranking_category_code"": ""272103100"", ""ranking_category_name"": ""남성의류>상의"", ""review_avg"": 4.5, ""sale_percent"": 10, ""sale_price"": 55800, ""sold_out"": false, ""url"": ""https://product.29cm.co.kr/catalog/3692715""}",2026-10-06T01:00:30+00:00_6b919dbf
2026-10-06T10:00:30+09:00,2026-10-06T01:00:31+00:00,commerce_rank,마티니 프릴 블라우스,29cm:3719533,heart_count,5668.0,"{""brand_eng"": ""MERRYON"", ""brand_kor"": ""메리온"", ""brand_no"": 108383, ""category1"": ""여성의류"", ""category2"": ""상의"", ""category3"": ""블라우스"", ""category3_code"": 268103107, ""is_new"": false, ""item_no"": 3719533, ""period_sort"": ""ONE_DAY"", ""platform"": ""29cm"", ""ranking_category_code"": ""268103100"", ""ranking_category_name"": ""여성의류>상의"", ""review_avg"": 5.0, ""sale_percent"": 19, ""sale_price"": 95580, ""sold_out"": false, ""url"": ""https://product.29cm.co.kr/catalog/3719533""}",2026-10-06T01:00:30+00:00_6b919dbf
2026-10-06T10:00:30+09:00,2026-10-06T01:00:31+00:00,commerce_rank,마티니 프릴 블라우스,29cm:3719533,review_count,38.0,"{""brand_eng"": ""MERRYON"", ""brand_kor"": ""메리온"", ""brand_no"": 108383, ""category1"": ""여성의류"", ""category2"": ""상의"", ""category3"": ""블라우스"", ""category3_code"": 268103107, ""is_new"": false, ""item_no"": 3719533, ""period_sort"": ""ONE_DAY"", ""platform"": ""29cm"", ""ranking_category_code"": ""268103100"", ""ranking_category_name"": ""여성의류>상의"", ""review_avg"": 5.0, ""sale_percent"": 19, ""sale_price"": 95580, ""sold_out"": false, ""url"": ""https://product.29cm.co.kr/catalog/3719533""}",2026-10-06T01:00:30+00:00_6b919dbf
2026-10-06T10:00:30+09:00,2026-10-06T01:00:31+00:00,commerce_rank,마티니 프릴 블라우스,29cm:3719533@268103100,rank,17.0,"{""brand_eng"": ""MERRYON"", ""brand_kor"": ""메리온"", ""brand_no"": 108383, ""category1"": ""여성의류"", ""category2"": ""상의"", ""category3"": ""블라우스"", ""category3_code"": 268103107, ""is_new"": false, ""item_no"": 3719533, ""period_sort"": ""ONE_DAY"", ""platform"": ""29cm"", ""ranking_category_code"": ""268103100"", ""ranking_category_name"": ""여성의류>상의"", ""review_avg"": 5.0, ""sale_percent"": 19, ""sale_price"": 95580, ""sold_out"": false, ""url"": ""https://product.29cm.co.kr/catalog/3719533""}",2026-10-06T01:00:30+00:00_6b919dbf
2026-10-06T10:00:30+09:00,2026-10-06T01:00:31+00:00,commerce_rank,델리스 뷔스티에_2COLORS,29cm:3720050,heart_count,8670.0,"{""brand_eng"": ""MERRYON"", ""brand_kor"": ""메리온"", ""brand_no"": 108383, ""category1"": ""여성의류"", ""category2"": ""상의"", ""category3"": ""슬리브리스"", ""category3_code"": 268103103, ""is_new"": false, ""item_no"": 3720050, ""period_sort"": ""ONE_DAY"", ""platform"": ""29cm"", ""ranking_category_code"": ""268103100"", ""ranking_category_name"": ""여성의류>상의"", ""review_avg"": 5.0, ""sale_percent"": 19, ""sale_price"": 82620, ""sold_out"": false, ""url"": ""https://product.29cm.co.kr/catalog/3720050""}",2026-10-06T01:00:30+00:00_6b919dbf
2026-10-06T10:00:30+09:00,2026-10-06T01:00:31+00:00,commerce_rank,델리스 뷔스티에_2COLORS,29cm:3720050,review_count,28.0,"{""brand_eng"": ""MERRYON"", ""brand_kor"": ""메리온"", ""brand_no"": 108383, ""category1"": ""여성의류"", ""category2"": ""상의"", ""category3"": ""슬리브리스"", ""category3_code"": 268103103, ""is_new"": false, ""item_no"": 3720050, ""period_sort"": ""ONE_DAY"", ""platform"": ""29cm"", ""ranking_category_code"": ""268103100"", ""ranking_category_name"": ""여성의류>상의"", ""review_avg"": 5.0, ""sale_percent"": 19, ""sale_price"": 82620, ""sold_out"": false, ""url"": ""https://product.29cm.co.kr/catalog/3720050""}",2026-10-06T01:00:30+00:00_6b919dbf
2026-10-06T10:00:30+09:00,2026-10-06T01:00:31+00:00,commerce_rank,델리스 뷔스티에_2COLORS,29cm:3720050@268103100,rank,91.0,"{""brand_eng"": ""MERRYON"", ""brand_kor"": ""메리온"", ""brand_no"": 108383, ""category1"": ""여성의류"", ""category2"": ""상의"", ""category3"": ""슬리브리스"", ""category3_code"": 268103103, ""is_new"": false, ""item_no"": 3720050, ""period_sort"": ""ONE_DAY"", ""platform"": ""29cm"", ""ranking_category_code"": ""268103100"", ""ranking_category_name"": ""여성의류>상의"", ""review_avg"": 5.0, ""sale_percent"": 19, ""sale_price"": 82620, ""sold_out"": false, ""url"": ""https://product.29cm.co.kr/catalog/3720050""}",2026-10-06T01:00:30+00:00_6b919dbf
2026-10-06T10:00:30+09:00,2026-10-06T01:00:32+00:00,commerce_rank,TG1-TS04 마일드 크루 스웻셔츠 - [네이비],29cm:3724264,heart_count,1771.0,"{""brand_eng"": ""THOMAS MORE"", ""brand_kor"": ""토마스모어"", ""brand_no"": 2111, ""category1"": ""남성의류"", ""category2"": ""상의"", ""category3"": ""스웨트셔츠"", ""category3_code"": 272103107, ""is_new"": false, ""item_no"": 3724264, ""period_sort"": ""ONE_DAY"", ""platform"": ""29cm"", ""ranking_category_code"": ""272103100"", ""ranking_category_name"": ""남성의류>상의"", ""review_avg"": 4.5, ""sale_percent"": 0, ""sale_price"": 59700, ""sold_out"": false, ""url"": ""https://product.29cm.co.kr/catalog/3724264""}",2026-10-06T01:00:30+00:00_6b919dbf
2026-10-06T10:00:30+09:00,2026-10-06T01:00:32+00:00,commerce_rank,TG1-TS04 마일드 크루 스웻셔츠 - [네이비],29cm:3724264,review_count,80.0,"{""brand_eng"": ""THOMAS MORE"", ""brand_kor"": ""토마스모어"", ""brand_no"": 2111, ""category1"": ""남성의류"", ""category2"": ""상의"", ""category3"": ""스웨트셔츠"", ""category3_code"": 272103107, ""is_new"": false, ""item_no"": 3724264, ""period_sort"": ""ONE_DAY"", ""platform"": ""29cm"", ""ranking_category_code"": ""272103100"", ""ranking_category_name"": ""남성의류>상의"", ""review_avg"": 4.5, ""sale_percent"": 0, ""sale_price"": 59700, ""sold_out"": false, ""url"": ""https://product.29cm.co.kr/catalog/3724264""}",2026-10-06T01:00:30+00:00_6b919dbf
2026-10-06T10:00:30+09:00,2026-10-06T01:00:32+00:00,commerce_rank,TG1-TS04 마일드 크루 스웻셔츠 - [네이비],29cm:3724264@272103100,rank,53.0,"{""brand_eng"": ""THOMAS MORE"", ""brand_kor"": ""토마스모어"", ""brand_no"": 2111, ""category1"": ""남성의류"", ""category2"": ""상의"", ""category3"": ""스웨트셔츠"", ""category3_code"": 272103107, ""is_new"": false, ""item_no"": 3724264, ""period_sort"": ""ONE_DAY"", ""platform"": ""29cm"", ""ranking_category_code"": ""272103100"", ""ranking_category_name"": ""남성의류>상의"", ""review_avg"": 4.5, ""sale_percent"": 0, ""sale_price"": 59700, ""sold_out"": false, ""url"": ""https://product.29cm.co.kr/catalog/3724264""}",2026-10-06T01:00:30+00:00_6b919dbf
2026-10-06T10:00:30+09:00,2026-10-06T01:00:32+00:00,commerce_rank,Waffle Long Sleeve Mud,29cm:3735549,heart_count,74.0,"{""brand_eng"": ""rough side"", ""brand_kor"": ""러프사이드"", ""brand_no"": 3821, ""category1"": ""남성의류"", ""category2"": ""상의"", ""category3"": ""긴소매 티셔츠"", ""category3_code"": 272103102, ""is_new"": false, ""item_no"": 3735549, ""period_sort"": ""ONE_DAY"", ""platform"": ""29cm"", ""ranking_category_code"": ""272103100"", ""ranking_category_name"": ""남성의류>상의"", ""review_avg"": 5.0, ""sale_percent"": 0, ""sale_price"": 95000, ""sold_out"": false, ""url"": ""https://product.29cm.co.kr/catalog/3735549""}",2026-10-06T01:00:30+00:00_6b919dbf
2026-10-06T10:00:30+09:00,2026-10-06T01:00:32+00:00,commerce_rank,Waffle Long Sleeve Mud,29cm:3735549,review_count,3.0,"{""brand_eng"": ""rough side"", ""brand_kor"": ""러프사이드"", ""brand_no"": 3821, ""category1"": ""남성의류"", ""category2"": ""상의"", ""category3"": ""긴소매 티셔츠"", ""category3_code"": 272103102, ""is_new"": false, ""item_no"": 3735549, ""period_sort"": ""ONE_DAY"", ""platform"": ""29cm"", ""ranking_category_code"": ""272103100"", ""ranking_category_name"": ""남성의류>상의"", ""review_avg"": 5.0, ""sale_percent"": 0, ""sale_price"": 95000, ""sold_out"": false, ""url"": ""https://product.29cm.co.kr/catalog/3735549""}",2026-10-06T01:00:30+00:00_6b919dbf
2026-10-06T10:00:30+09:00,2026-10-06T01:00:32+00:00,commerce_rank,Waffle Long Sleeve Mud,29cm:3735549@272103100,rank,74.0,"{""brand_eng"": ""rough side"", ""brand_kor"": ""러프사이드"", ""brand_no"": 3821, ""category1"": ""남성의류"", ""category2"": ""상의"", ""category3"": ""긴소매 티셔츠"", ""category3_code"": 272103102, ""is_new"": false, ""item_no"": 3735549, ""period_sort"": ""ONE_DAY"", ""platform"": ""29cm"", ""ranking_category_code"": ""272103100"", ""ranking_category_name"": ""남성의류>상의"", ""review_avg"": 5.0, ""sale_percent"": 0, ""sale_price"": 95000, ""sold_out"": false, ""url"": ""https://product.29cm.co.kr/catalog/3735549""}",2026-10-06T01:00:30+00:00_6b919dbf
2026-10-06T10:00:30+09:00,2026-10-06T01:00:32+00:00,commerce_rank,Fine Long Sleeve Mud,29cm:3735576,heart_count,71.0,"{""brand_eng"": ""rough side"", ""brand_kor"": ""러프사이드"", ""brand_no"": 3821, ""category1"": ""남성의류"", ""category2"": ""상의"", ""category3"": ""긴소매 티셔츠"", ""category3_code"": 272103102, ""is_new"": false, ""item_no"": 3735576, ""period_sort"": ""ONE_DAY"", ""platform"": ""29cm"", ""ranking_category_code"": ""272103100"", ""ranking_category_name"": ""남성의류>상의"", ""review_avg"": 5.0, ""sale_percent"": 5, ""sale_price"": 65550, ""sold_out"": false, ""url"": ""https://product.29cm.co.kr/catalog/3735576""}",2026-10-06T01:00:30+00:00_6b919dbf
2026-10-06T10:00:30+09:00,2026-10-06T01:00:32+00:00,commerce_rank,Fine Long Sleeve Mud,29cm:3735576,review_count,1.0,"{""brand_eng"": ""rough side"", ""brand_kor"": ""러프사이드"", ""brand_no"": 3821, ""category1"": ""남성의류"", ""category2"": ""상의"", ""category3"": ""긴소매 티셔츠"", ""category3_code"": 272103102, ""is_new"": false, ""item_no"": 3735576, ""period_sort"": ""ONE_DAY"", ""platform"": ""29cm"", ""ranking_category_code"": ""272103100"", ""ranking_category_name"": ""남성의류>상의"", ""review_avg"": 5.0, ""sale_percent"": 5, ""sale_price"": 65550, ""sold_out"": false, ""url"": ""https://product.29cm.co.kr/catalog/3735576""}",2026-10-06T01:00:30+00:00_6b919dbf
2026-10-06T10:00:30+09:00,2026-10-06T01:00:32+00:00,commerce_rank,Fine Long Sleeve Mud,29cm:3735576@272103100,rank,47.0,"{""brand_eng"": ""rough side"", ""brand_kor"": ""러프사이드"", ""brand_no"": 3821, ""category1"": ""남성의류"", ""category2"": ""상의"", ""category3"": ""긴소매 티셔츠"", ""category3_code"": 272103102, ""is_new"": false, ""item_no"": 3735576, ""period_sort"": ""ONE_DAY"", ""platform"": ""29cm"", ""ranking_category_code"": ""272103100"", ""ranking_category_name"": ""남성의류>상의"", ""review_avg"": 5.0, ""sale_percent"": 5, ""sale_price"": 65550, ""sold_out"": false, ""url"": ""https://product.29cm.co.kr/catalog/3735576""}",2026-10-06T01:00:30+00:00_6b919dbf
2026-10-06T10:00:30+09:00,2026-10-06T01:00:32+00:00,commerce_rank,Fine Long Sleeve Charcoal,29cm:3735577,heart_count,63.0,"{""brand_eng"": ""rough side"", ""brand_kor"": ""러프사이드"", ""brand_no"": 3821, ""category1"": ""남성의류"", ""category2"": ""상의"", ""category3"": ""긴소매 티셔츠"", ""category3_code"": 272103102, ""is_new"": false, ""item_no"": 3735577, ""period_sort"": ""ONE_DAY"", ""platform"": ""29cm"", ""ranking_category_code"": ""272103100"", ""ranking_category_name"": ""남성의류>상의"", ""review_avg"": 0.0, ""sale_percent"": 5, ""sale_price"": 65550, ""sold_out"": false, ""url"": ""https://product.29cm.co.kr/catalog/3735577""}",2026-10-06T01:00:30+00:00_6b919dbf
2026-10-06T10:00:30+09:00,2026-10-06T01:00:32+00:00,commerce_rank,Fine Long Sleeve Charcoal,29cm:3735577,review_count,0.0,"{""brand_eng"": ""rough side"", ""brand_kor"": ""러프사이드"", ""brand_no"": 3821, ""category1"": ""남성의류"", ""category2"": ""상의"", ""category3"": ""긴소매 티셔츠"", ""category3_code"": 272103102, ""is_new"": false, ""item_no"": 3735577, ""period_sort"": ""ONE_DAY"", ""platform"": ""29cm"", ""ranking_category_code"": ""272103100"", ""ranking_category_name"": ""남성의류>상의"", ""review_avg"": 0.0, ""sale_percent"": 5, ""sale_price"": 65550, ""sold_out"": false, ""url"": ""https://product.29cm.co.kr/catalog/3735577""}",2026-10-06T01:00:30+00:00_6b919dbf
2026-10-06T10:00:30+09:00,2026-10-06T01:00:32+00:00,commerce_rank,Fine Long Sleeve Charcoal,29cm:3735577@272103100,rank,86.0,"{""brand_eng"": ""rough side"", ""brand_kor"": ""러프사이드"", ""brand_no"": 3821, ""category1"": ""남성의류"", ""category2"": ""상의"", ""category3"": ""긴소매 티셔츠"", ""category3_code"": 272103102, ""is_new"": false, ""item_no"": 3735577, ""period_sort"": ""ONE_DAY"", ""platform"": ""29cm"", ""ranking_category_code"": ""272103100"", ""ranking_category_name"": ""남성의류>상의"", ""review_avg"": 0.0, ""sale_percent"": 5, ""sale_price"": 65550, ""sold_out"": false, ""url"": ""https://product.29cm.co.kr/catalog/3735577""}",2026-10-06T01:00:30+00:00_6b919dbf
2026-10-06T10:00:30+09:00,2026-10-06T01:00:32+00:00,commerce_rank,로고 3팩 티셔츠 (믹스),29cm:3747533,heart_count,95.0,"{""brand_eng"": ""OUTDOOR PRODUCTS"", ""brand_kor"": ""아웃도어프로덕츠"", ""brand_no"": 20691, ""category1"": ""남성의류"", ""category2"": ""상의"", ""category3"": ""반소매 티셔츠"", ""category3_code"": 272103101, ""is_new"": false, ""item_no"": 3747533, ""period_sort"": ""ONE_DAY"", ""platform"": ""29cm"", ""ranking_category_code"": ""272103100"", ""ranking_category_name"": ""남성의류>상의"", ""review_avg"": 5.0, ""sale_percent"": 47, ""sale_price"": 31240, ""sold_out"": false, ""url"": ""https://product.29cm.co.kr/catalog/3747533""}",2026-10-06T01:00:30+00:00_6b919dbf
2026-10-06T10:00:30+09:00,2026-10-06T01:00:32+00:00,commerce_rank,로고 3팩 티셔츠 (믹스),29cm:3747533,review_count,8.0,"{""brand_eng"": ""OUTDOOR PRODUCTS"", ""brand_kor"": ""아웃도어프로덕츠"", ""brand_no"": 20691, ""category1"": ""남성의류"", ""category2"": ""상의"", ""category3"": ""반소매 티셔츠"", ""category3_code"": 272103101, ""is_new"": false, ""item_no"": 3747533, ""period_sort"": ""ONE_DAY"", ""platform"": ""29cm"", ""ranking_category_code"": ""272103100"", ""ranking_category_name"": ""남성의류>상의"", ""review_avg"": 5.0, ""sale_percent"": 47, ""sale_price"": 31240, ""sold_out"": false, ""url"": ""https://product.29cm.co.kr/catalog/3747533""}",2026-10-06T01:00:30+00:00_6b919dbf
2026-10-06T10:00:30+09:00,2026-10-06T01:00:32+00:00,commerce_rank,로고 3팩 티셔츠 (믹스),29cm:3747533@272103100,rank,77.0,"{""brand_eng"": ""OUTDOOR PRODUCTS"", ""brand_kor"": ""아웃도어프로덕츠"", ""brand_no"": 20691, ""category1"": ""남성의류"", ""category2"": ""상의"", ""category3"": ""반소매 티셔츠"", ""category3_code"": 272103101, ""is_new"": false, ""item_no"": 3747533, ""period_sort"": ""ONE_DAY"", ""platform"": ""29cm"", ""ranking_category_code"": ""272103100"", ""ranking_category_name"": ""남성의류>상의"", ""review_avg"": 5.0, ""sale_percent"": 47, ""sale_price"": 31240, ""sold_out"": false, ""url"": ""https://product.29cm.co.kr/catalog/3747533""}",2026-10-06T01:00:30+00:00_6b919dbf
2026-10-06T10:00:30+09:00,2026-10-06T01:00:31+00:00,commerce_rank,[13차] 오버 스트라이프 티셔츠_네이비,29cm:3748318,heart_count,4802.0,"{""brand_eng"": ""YUPPE"", ""brand_kor"": ""엽페"", ""brand_no"": 2856, ""category1"": ""여성의류"", ""category2"": ""상의"", ""category3"": ""긴소매 티셔츠"", ""category3_code"": 268103102, ""is_new"": false, ""item_no"": 3748318, ""period_sort"": ""ONE_DAY"", ""platform"": ""29cm"", ""ranking_category_code"": ""268103100"", ""ranking_category_name"": ""여성의류>상의"", ""review_avg"": 5.0, ""sale_percent"": 36, ""sale_price"": 50560, ""sold_out"": false, ""url"": ""https://product.29cm.co.kr/catalog/3748318""}",2026-10-06T01:00:30+00:00_6b919dbf
2026-10-06T10:00:30+09:00,2026-10-06T01:00:31+00:00,commerce_rank,[13차] 오버 스트라이프 티셔츠_네이비,29cm:3748318,review_count,133.0,"{""brand_eng"": ""YUPPE"", ""brand_kor"": ""엽페"", ""brand_no"": 2856, ""category1"": ""여성의류"", ""category2"": ""상의"", ""category3"": ""긴소매 티셔츠"", ""category3_code"": 268103102, ""is_new"": false, ""item_no"": 3748318, ""period_sort"": ""ONE_DAY"", ""platform"": ""29cm"", ""ranking_category_code"": ""268103100"", ""ranking_category_name"": ""여성의류>상의"", ""review_avg"": 5.0, ""sale_percent"": 36, ""sale_price"": 50560, ""sold_out"": false, ""url"": ""https://product.29cm.co.kr/catalog/3748318""}",2026-10-06T01:00:30+00:00_6b919dbf
2026-10-06T10:00:30+09:00,2026-10-06T01:00:31+00:00,commerce_rank,[13차] 오버 스트라이프 티셔츠_네이비,29cm:3748318@268103100,rank,27.0,"{""brand_eng"": ""YUPPE"", ""brand_kor"": ""엽페"", ""brand_no"": 2856, ""category1"": ""여성의류"", ""category2"": ""상의"", ""category3"": ""긴소매 티셔츠"", ""category3_code"": 268103102, ""is_new"": false, ""item_no"": 3748318, ""period_sort"": ""ONE_DAY"", ""platform"": ""29cm"", ""ranking_category_code"": ""268103100"", ""ranking_category_name"": ""여성의류>상의"", ""review_avg"": 5.0, ""sale_percent"": 36, ""sale_price"": 50560, ""sold_out"": false, ""url"": ""https://product.29cm.co.kr/catalog/3748318""}",2026-10-06T01:00:30+00:00_6b919dbf
2026-10-06T10:00:30+09:00,2026-10-06T01:00:31+00:00,commerce_rank,Light Oversized Check Shirts Blue / Black,29cm:3748753,heart_count,21394.0,"{""brand_eng"": ""MICHIKO LONDON KOSHINO"", ""brand_kor"": ""미치코런던 코시노"", ""brand_no"": 26100, ""category1"": ""여성의류"", ""category2"": ""상의"", ""category3"": ""셔츠"", ""category3_code"": 268103106, ""is_new"": false, ""item_no"": 3748753, ""period_sort"": ""ONE_DAY"", ""platform"": ""29cm"", ""ranking_category_code"": ""268103100"", ""ranking_category_name"": ""여성의류>상의"", ""review_avg"": 5.0, ""sale_percent"": 19, ""sale_price"": 58320, ""sold_out"": false, ""url"": ""https://product.29cm.co.kr/catalog/3748753""}",2026-10-06T01:00:30+00:00_6b919dbf
2026-10-06T10:00:30+09:00,2026-10-06T01:00:31+00:00,commerce_rank,Light Oversized Check Shirts Blue / Black,29cm:3748753,review_count,646.0,"{""brand_eng"": ""MICHIKO LONDON KOSHINO"", ""brand_kor"": ""미치코런던 코시노"", ""brand_no"": 26100, ""category1"": ""여성의류"", ""category2"": ""상의"", ""category3"": ""셔츠"", ""category3_code"": 268103106, ""is_new"": false, ""item_no"": 3748753, ""period_sort"": ""ONE_DAY"", ""platform"": ""29cm"", ""ranking_category_code"": ""268103100"", ""ranking_category_name"": ""여성의류>상의"", ""review_avg"": 5.0, ""sale_percent"": 19, ""sale_price"": 58320, ""sold_out"": false, ""url"": ""https://product.29cm.co.kr/catalog/3748753""}",2026-10-06T01:00:30+00:00_6b919dbf
2026-10-06T10:00:30+09:00,2026-10-06T01:00:31+00:00,commerce_rank,Light Oversized Check Shirts Blue / Black,29cm:3748753@268103100,rank,35.0,"{""brand_eng"": ""MICHIKO LONDON KOSHINO"", ""brand_kor"": ""미치코런던 코시노"", ""brand_no"": 26100, ""category1"": ""여성의류"", ""category2"": ""상의"", ""category3"": ""셔츠"", ""category3_code"": 268103106, ""is_new"": false, ""item_no"": 3748753, ""period_sort"": ""ONE_DAY"", ""platform"": ""29cm"", ""ranking_category_code"": ""268103100"", ""ranking_category_name"": ""여성의류>상의"", ""review_avg"": 5.0, ""sale_percent"": 19, ""sale_price"": 58320, ""sold_out"": false, ""url"": ""https://product.29cm.co.kr/catalog/3748753""}",2026-10-06T01:00:30+00:00_6b919dbf
2026-10-06T10:00:30+09:00,2026-10-06T01:00:31+00:00,commerce_rank,3/4 Sleeve Slim Fit Shirts White,29cm:3748861,heart_count,6623.0,"{""brand_eng"": ""MICHIKO LONDON KOSHINO"", ""brand_kor"": ""미치코런던 코시노"", ""brand_no"": 26100, ""category1"": ""여성의류"", ""category2"": ""상의"", ""category3"": ""셔츠"", ""category3_code"": 268103106, ""is_new"": false, ""item_no"": 3748861, ""period_sort"": ""ONE_DAY"", ""platform"": ""29cm"", ""ranking_category_code"": ""268103100"", ""ranking_category_name"": ""여성의류>상의"", ""review_avg"": 4.5, ""sale_percent"": 19, ""sale_price"": 51030, ""sold_out"": false, ""url"": ""https://product.29cm.co.kr/catalog/3748861""}",2026-10-06T01:00:30+00:00_6b919dbf
2026-10-06T10:00:30+09:00,2026-10-06T01:00:31+00:00,commerce_rank,3/4 Sleeve Slim Fit Shirts White,29cm:3748861,review_count,110.0,"{""brand_eng"": ""MICHIKO LONDON KOSHINO"", ""brand_kor"": ""미치코런던 코시노"", ""brand_no"": 26100, ""category1"": ""여성의류"", ""category2"": ""상의"", ""category3"": ""셔츠"", ""category3_code"": 268103106, ""is_new"": false, ""item_no"": 3748861, ""period_sort"": ""ONE_DAY"", ""platform"": ""29cm"", ""ranking_category_code"": ""268103100"", ""ranking_category_name"": ""여성의류>상의"", ""review_avg"": 4.5, ""sale_percent"": 19, ""sale_price"": 51030, ""sold_out"": false, ""url"": ""https://product.29cm.co.kr/catalog/3748861""}",2026-10-06T01:00:30+00:00_6b919dbf
2026-10-06T10:00:30+09:00,2026-10-06T01:00:31+00:00,commerce_rank,3/4 Sleeve Slim Fit Shirts White,29cm:3748861@268103100,rank,22.0,"{""brand_eng"": ""MICHIKO LONDON KOSHINO"", ""brand_kor"": ""미치코런던 코시노"", ""brand_no"": 26100, ""category1"": ""여성의류"", ""category2"": ""상의"", ""category3"": ""셔츠"", ""category3_code"": 268103106, ""is_new"": false, ""item_no"": 3748861, ""period_sort"": ""ONE_DAY"", ""platform"": ""29cm"", ""ranking_category_code"": ""268103100"", ""ranking_category_name"": ""여성의류>상의"", ""review_avg"": 4.5, ""sale_percent"": 19, ""sale_price"": 51030, ""sold_out"": false, ""url"": ""https://product.29cm.co.kr/catalog/3748861""}",2026-10-06T01:00:30+00:00_6b919dbf
2026-10-06T10:00:30+09:00,2026-10-06T01:00:31+00:00,commerce_rank,[2nd] Long Sleeve Tie T-shirts E201_2color,29cm:3752697,heart_count,1753.0,"{""brand_eng"": ""TENUVE"", ""brand_kor"": ""테누브"", ""brand_no"": 97132, ""category1"": ""여성의류"", ""category2"": ""단독"", ""category3"": ""상의"", ""category3_code"": 268116101, ""is_new"": false, ""item_no"": 3752697, ""period_sort"": ""ONE_DAY"", ""platform"": ""29cm"", ""ranking_category_code"": ""268103100"", ""ranking_category_name"": ""여성의류>상의"", ""review_avg"": 4.5, ""sale_percent"": 20, ""sale_price"": 71200, ""sold_out"": false, ""url"": ""https://product.29cm.co.kr/catalog/3752697""}",2026-10-06T01:00:30+00:00_6b919dbf
2026-10-06T10:00:30+09:00,2026-10-06T01:00:31+00:00,commerce_rank,[2nd] Long Sleeve Tie T-shirts E201_2color,29cm:3752697,review_count,32.0,"{""brand_eng"": ""TENUVE"", ""brand_kor"": ""테누브"", ""brand_no"": 97132, ""category1"": ""여성의류"", ""category2"": ""단독"", ""category3"": ""상의"", ""category3_code"": 268116101, ""is_new"": false, ""item_no"": 3752697, ""period_sort"": ""ONE_DAY"", ""platform"": ""29cm"", ""ranking_category_code"": ""268103100"", ""ranking_category_name"": ""여성의류>상의"", ""review_avg"": 4.5, ""sale_percent"": 20, ""sale_price"": 71200, ""sold_out"": false, ""url"": ""https://product.29cm.co.kr/catalog/3752697""}",2026-10-06T01:00:30+00:00_6b919dbf
2026-10-06T10:00:30+09:00,2026-10-06T01:00:31+00:00,commerce_rank,[2nd] Long Sleeve Tie T-shirts E201_2color,29cm:3752697@268103100,rank,80.0,"{""brand_eng"": ""TENUVE"", ""brand_kor"": ""테누브"", ""brand_no"": 97132, ""category1"": ""여성의류"", ""category2"": ""단독"", ""category3"": ""상의"", ""category3_code"": 268116101, ""is_new"": false, ""item_no"": 3752697, ""period_sort"": ""ONE_DAY"", ""platform"": ""29cm"", ""ranking_category_code"": ""268103100"", ""ranking_category_name"": ""여성의류>상의"", ""review_avg"": 4.5, ""sale_percent"": 20, ""sale_price"": 71200, ""sold_out"": false, ""url"": ""https://product.29cm.co.kr/catalog/3752697""}",2026-10-06T01:00:30+00:00_6b919dbf
2026-10-06T10:00:30+09:00,2026-10-06T01:00:32+00:00,commerce_rank,T-Logo L/S Tee Washed Black,29cm:3772048,heart_count,165.0,"{""brand_eng"": ""thisisneverthat"", ""brand_kor"": ""디스이즈네버댓"", ""brand_no"": 70, ""category1"": ""남성의류"", ""category2"": ""상의"", ""category3"": ""긴소매 티셔츠"", ""category3_code"": 272103102, ""is_new"": false, ""item_no"": 3772048, ""period_sort"": ""ONE_DAY"", ""platform"": ""29cm"", ""ranking_category_code"": ""272103100"", ""ranking_category_name"": ""남성의류>상의"", ""review_avg"": 5.0, ""sale_percent"": 0, ""sale_price"": 65000, ""sold_out"": false, ""url"": ""https://product.29cm.co.kr/catalog/3772048""}",2026-10-06T01:00:30+00:00_6b919dbf
2026-10-06T10:00:30+09:00,2026-10-06T01:00:32+00:00,commerce_rank,T-Logo L/S Tee Washed Black,29cm:3772048,review_count,8.0,"{""brand_eng"": ""thisisneverthat"", ""brand_kor"": ""디스이즈네버댓"", ""brand_no"": 70, ""category1"": ""남성의류"", ""category2"": ""상의"", ""category3"": ""긴소매 티셔츠"", ""category3_code"": 272103102, ""is_new"": false, ""item_no"": 3772048, ""period_sort"": ""ONE_DAY"", ""platform"": ""29cm"", ""ranking_category_code"": ""272103100"", ""ranking_category_name"": ""남성의류>상의"", ""review_avg"": 5.0, ""sale_percent"": 0, ""sale_price"": 65000, ""sold_out"": false, ""url"": ""https://product.29cm.co.kr/catalog/3772048""}",2026-10-06T01:00:30+00:00_6b919dbf
2026-10-06T10:00:30+09:00,2026-10-06T01:00:32+00:00,commerce_rank,T-Logo L/S Tee Washed Black,29cm:3772048@272103100,rank,41.0,"{""brand_eng"": ""thisisneverthat"", ""brand_kor"": ""디스이즈네버댓"", ""brand_no"": 70, ""category1"": ""남성의류"", ""category2"": ""상의"", ""category3"": ""긴소매 티셔츠"", ""category3_code"": 272103102, ""is_new"": false, ""item_no"": 3772048, ""period_sort"": ""ONE_DAY"", ""platform"": ""29cm"", ""ranking_category_code"": ""272103100"", ""ranking_category_name"": ""남성의류>상의"", ""review_avg"": 5.0, ""sale_percent"": 0, ""sale_price"": 65000, ""sold_out"": false, ""url"": ""https://product.29cm.co.kr/catalog/3772048""}",2026-10-06T01:00:30+00:00_6b919dbf
2026-10-06T10:00:30+09:00,2026-10-06T01:00:31+00:00,commerce_rank,Born Slit Top [BLACK],29cm:3772745,heart_count,1697.0,"{""brand_eng"": ""PROJECTWAVE"", ""brand_kor"": ""프로젝트 웨이브"", ""brand_no"": 52782, ""category1"": ""여성의류"", ""category2"": ""상의"", ""category3"": ""슬리브리스"", ""category3_code"": 268103103, ""is_new"": false, ""item_no"": 3772745, ""period_sort"": ""ONE_DAY"", ""platform"": ""29cm"", ""ranking_category_code"": ""268103100"", ""ranking_category_name"": ""여성의류>상의"", ""review_avg"": 4.5, ""sale_percent"": 10, ""sale_price"": 67320, ""sold_out"": false, ""url"": ""https://product.29cm.co.kr/catalog/3772745""}",2026-10-06T01:00:30+00:00_6b919dbf
2026-10-06T10:00:30+09:00,2026-10-06T01:00:31+00:00,commerce_rank,Born Slit Top [BLACK],29cm:3772745,review_count,4.0,"{""brand_eng"": ""PROJECTWAVE"", ""brand_kor"": ""프로젝트 웨이브"", ""brand_no"": 52782, ""category1"": ""여성의류"", ""category2"": ""상의"", ""category3"": ""슬리브리스"", ""category3_code"": 268103103, ""is_new"": false, ""item_no"": 3772745, ""period_sort"": ""ONE_DAY"", ""platform"": ""29cm"", ""ranking_category_code"": ""268103100"", ""ranking_category_name"": ""여성의류>상의"", ""review_avg"": 4.5, ""sale_percent"": 10, ""sale_price"": 67320, ""sold_out"": false, ""url"": ""https://product.29cm.co.kr/catalog/3772745""}",2026-10-06T01:00:30+00:00_6b919dbf
2026-10-06T10:00:30+09:00,2026-10-06T01:00:31+00:00,commerce_rank,Born Slit Top [BLACK],29cm:3772745@268103100,rank,42.0,"{""brand_eng"": ""PROJECTWAVE"", ""brand_kor"": ""프로젝트 웨이브"", ""brand_no"": 52782, ""category1"": ""여성의류"", ""category2"": ""상의"", ""category3"": ""슬리브리스"", ""category3_code"": 268103103, ""is_new"": false, ""item_no"": 3772745, ""period_sort"": ""ONE_DAY"", ""platform"": ""29cm"", ""ranking_category_code"": ""268103100"", ""ranking_category_name"": ""여성의류>상의"", ""review_avg"": 4.5, ""sale_percent"": 10, ""sale_price"": 67320, ""sold_out"": false, ""url"": ""https://product.29cm.co.kr/catalog/3772745""}",2026-10-06T01:00:30+00:00_6b919dbf
2026-10-06T10:00:30+09:00,2026-10-06T01:00:32+00:00,commerce_rank,"Cut Off Long Sleeve, Black",29cm:3776405,heart_count,530.0,"{""brand_eng"": ""BROWNYARD"", ""brand_kor"": ""브라운야드"", ""brand_no"": 2211, ""category1"": ""남성의류"", ""category2"": ""상의"", ""category3"": ""긴소매 티셔츠"", ""category3_code"": 272103102, ""is_new"": false, ""item_no"": 3776405, ""period_sort"": ""ONE_DAY"", ""platform"": ""29cm"", ""ranking_category_code"": ""272103100"", ""ranking_category_name"": ""남성의류>상의"", ""review_avg"": 5.0, ""sale_percent"": 0, ""sale_price"": 68000, ""sold_out"": false, ""url"": ""https://product.29cm.co.kr/catalog/3776405""}",2026-10-06T01:00:30+00:00_6b919dbf
2026-10-06T10:00:30+09:00,2026-10-06T01:00:32+00:00,commerce_rank,"Cut Off Long Sleeve, Black",29cm:3776405,review_count,38.0,"{""brand_eng"": ""BROWNYARD"", ""brand_kor"": ""브라운야드"", ""brand_no"": 2211, ""category1"": ""남성의류"", ""category2"": ""상의"", ""category3"": ""긴소매 티셔츠"", ""category3_code"": 272103102, ""is_new"": false, ""item_no"": 3776405, ""period_sort"": ""ONE_DAY"", ""platform"": ""29cm"", ""ranking_category_code"": ""272103100"", ""ranking_category_name"": ""남성의류>상의"", ""review_avg"": 5.0, ""sale_percent"": 0, ""sale_price"": 68000, ""sold_out"": false, ""url"": ""https://product.29cm.co.kr/catalog/3776405""}",2026-10-06T01:00:30+00:00_6b919dbf
2026-10-06T10:00:30+09:00,2026-10-06T01:00:32+00:00,commerce_rank,"Cut Off Long Sleeve, Black",29cm:3776405@272103100,rank,25.0,"{""brand_eng"": ""BROWNYARD"", ""brand_kor"": ""브라운야드"", ""brand_no"": 2211, ""category1"": ""남성의류"", ""category2"": ""상의"", ""category3"": ""긴소매 티셔츠"", ""category3_code"": 272103102, ""is_new"": false, ""item_no"": 3776405, ""period_sort"": ""ONE_DAY"", ""platform"": ""29cm"", ""ranking_category_code"": ""272103100"", ""ranking_category_name"": ""남성의류>상의"", ""review_avg"": 5.0, ""sale_percent"": 0, ""sale_price"": 68000, ""sold_out"": false, ""url"": ""https://product.29cm.co.kr/catalog/3776405""}",2026-10-06T01:00:30+00:00_6b919dbf
2026-10-06T10:00:30+09:00,2026-10-06T01:00:31+00:00,commerce_rank,[29CM 단독컬러][재이 pick]Number 23 Raglan Off-Shoulder T-Shirt_CTT3002(5color),29cm:3781911,heart_count,10734.0,"{""brand_eng"": ""CITTA"", ""brand_kor"": ""씨타"", ""brand_no"": 71833, ""category1"": ""여성의류"", ""category2"": ""상의"", ""category3"": ""긴소매 티셔츠"", ""category3_code"": 268103102, ""is_new"": false, ""item_no"": 3781911, ""period_sort"": ""ONE_DAY"", ""platform"": ""29cm"", ""ranking_category_code"": ""268103100"", ""ranking_category_name"": ""여성의류>상의"", ""review_avg"": 5.0, ""sale_percent"": 29, ""sale_price"": 39820, ""sold_out"": false, ""url"": ""https://product.29cm.co.kr/catalog/3781911""}",2026-10-06T01:00:30+00:00_6b919dbf
2026-10-06T10:00:30+09:00,2026-10-06T01:00:31+00:00,commerce_rank,[29CM 단독컬러][재이 pick]Number 23 Raglan Off-Shoulder T-Shirt_CTT3002(5color),29cm:3781911,review_count,399.0,"{""brand_eng"": ""CITTA"", ""brand_kor"": ""씨타"", ""brand_no"": 71833, ""category1"": ""여성의류"", ""category2"": ""상의"", ""category3"": ""긴소매 티셔츠"", ""category3_code"": 268103102, ""is_new"": false, ""item_no"": 3781911, ""period_sort"": ""ONE_DAY"", ""platform"": ""29cm"", ""ranking_category_code"": ""268103100"", ""ranking_category_name"": ""여성의류>상의"", ""review_avg"": 5.0, ""sale_percent"": 29, ""sale_price"": 39820, ""sold_out"": false, ""url"": ""https://product.29cm.co.kr/catalog/3781911""}",2026-10-06T01:00:30+00:00_6b919dbf
2026-10-06T10:00:30+09:00,2026-10-06T01:00:31+00:00,commerce_rank,[29CM 단독컬러][재이 pick]Number 23 Raglan Off-Shoulder T-Shirt_CTT3002(5color),29cm:3781911@268103100,rank,49.0,"{""brand_eng"": ""CITTA"", ""brand_kor"": ""씨타"", ""brand_no"": 71833, ""category1"": ""여성의류"", ""category2"": ""상의"", ""category3"": ""긴소매 티셔츠"", ""category3_code"": 268103102, ""is_new"": false, ""item_no"": 3781911, ""period_sort"": ""ONE_DAY"", ""platform"": ""29cm"", ""ranking_category_code"": ""268103100"", ""ranking_category_name"": ""여성의류>상의"", ""review_avg"": 5.0, ""sale_percent"": 29, ""sale_price"": 39820, ""sold_out"": false, ""url"": ""https://product.29cm.co.kr/catalog/3781911""}",2026-10-06T01:00:30+00:00_6b919dbf
2026-10-06T10:00:30+09:00,2026-10-06T01:00:31+00:00,commerce_rank,[14차/경리님 착용]Cut-off one shoulder sweatshirt_melange pink,29cm:3798217,heart_count,13037.0,"{""brand_eng"": ""AARAN"", ""brand_kor"": ""어랜"", ""brand_no"": 25864, ""category1"": ""여성의류"", ""category2"": ""상의"", ""category3"": ""스웨트셔츠"", ""category3_code"": 268103104, ""is_new"": false, ""item_no"": 3798217, ""period_sort"": ""ONE_DAY"", ""platform"": ""29cm"", ""ranking_category_code"": ""268103100"", ""ranking_category_name"": ""여성의류>상의"", ""review_avg"": 4.5, ""sale_percent"": 0, ""sale_price"": 85000, ""sold_out"": false, ""url"": ""https://product.29cm.co.kr/catalog/3798217""}",2026-10-06T01:00:30+00:00_6b919dbf
2026-10-06T10:00:30+09:00,2026-10-06T01:00:31+00:00,commerce_rank,[14차/경리님 착용]Cut-off one shoulder sweatshirt_melange pink,29cm:3798217,review_count,257.0,"{""brand_eng"": ""AARAN"", ""brand_kor"": ""어랜"", ""brand_no"": 25864, ""category1"": ""여성의류"", ""category2"": ""상의"", ""category3"": ""스웨트셔츠"", ""category3_code"": 268103104, ""is_new"": false, ""item_no"": 3798217, ""period_sort"": ""ONE_DAY"", ""platform"": ""29cm"", ""ranking_category_code"": ""268103100"", ""ranking_category_name"": ""여성의류>상의"", ""review_avg"": 4.5, ""sale_percent"": 0, ""sale_price"": 85000, ""sold_out"": false, ""url"": ""https://product.29cm.co.kr/catalog/3798217""}",2026-10-06T01:00:30+00:00_6b919dbf
2026-10-06T10:00:30+09:00,2026-10-06T01:00:31+00:00,commerce_rank,[14차/경리님 착용]Cut-off one shoulder sweatshirt_melange pink,29cm:3798217@268103100,rank,77.0,"{""brand_eng"": ""AARAN"", ""brand_kor"": ""어랜"", ""brand_no"": 25864, ""category1"": ""여성의류"", ""category2"": ""상의"", ""category3"": ""스웨트셔츠"", ""category3_code"": 268103104, ""is_new"": false, ""item_no"": 3798217, ""period_sort"": ""ONE_DAY"", ""platform"": ""29cm"", ""ranking_category_code"": ""268103100"", ""ranking_category_name"": ""여성의류>상의"", ""review_avg"": 4.5, ""sale_percent"": 0, ""sale_price"": 85000, ""sold_out"": false, ""url"": ""https://product.29cm.co.kr/catalog/3798217""}",2026-10-06T01:00:30+00:00_6b919dbf
2026-10-06T10:00:30+09:00,2026-10-06T01:00:32+00:00,commerce_rank,Everyday Comfort Shirts (Dusty Blue),29cm:3803158,heart_count,414.0,"{""brand_eng"": ""HAVE HAD"", ""brand_kor"": ""해브해드"", ""brand_no"": 2910, ""category1"": ""남성의류"", ""category2"": ""상의"", ""category3"": ""긴소매 셔츠"", ""category3_code"": 272103106, ""is_new"": false, ""item_no"": 3803158, ""period_sort"": ""ONE_DAY"", ""platform"": ""29cm"", ""ranking_category_code"": ""272103100"", ""ranking_category_name"": ""남성의류>상의"", ""review_avg"": 5.0, ""sale_percent"": 23, ""sale_price"": 52790, ""sold_out"": false, ""url"": ""https://product.29cm.co.kr/catalog/3803158""}",2026-10-06T01:00:30+00:00_6b919dbf
2026-10-06T10:00:30+09:00,2026-10-06T01:00:32+00:00,commerce_rank,Everyday Comfort Shirts (Dusty Blue),29cm:3803158,review_count,9.0,"{""brand_eng"": ""HAVE HAD"", ""brand_kor"": ""해브해드"", ""brand_no"": 2910, ""category1"": ""남성의류"", ""category2"": ""상의"", ""category3"": ""긴소매 셔츠"", ""category3_code"": 272103106, ""is_new"": false, ""item_no"": 3803158, ""period_sort"": ""ONE_DAY"", ""platform"": ""29cm"", ""ranking_category_code"": ""272103100"", ""ranking_category_name"": ""남성의류>상의"", ""review_avg"": 5.0, ""sale_percent"": 23, ""sale_price"": 52790, ""sold_out"": false, ""url"": ""https://product.29cm.co.kr/catalog/3803158""}",2026-10-06T01:00:30+00:00_6b919dbf
2026-10-06T10:00:30+09:00,2026-10-06T01:00:32+00:00,commerce_rank,Everyday Comfort Shirts (Dusty Blue),29cm:3803158@272103100,rank,88.0,"{""brand_eng"": ""HAVE HAD"", ""brand_kor"": ""해브해드"", ""brand_no"": 2910, ""category1"": ""남성의류"", ""category2"": ""상의"", ""category3"": ""긴소매 셔츠"", ""category3_code"": 272103106, ""is_new"": false, ""item_no"": 3803158, ""period_sort"": ""ONE_DAY"", ""platform"": ""29cm"", ""ranking_category_code"": ""272103100"", ""ranking_category_name"": ""남성의류>상의"", ""review_avg"": 5.0, ""sale_percent"": 23, ""sale_price"": 52790, ""sold_out"": false, ""url"": ""https://product.29cm.co.kr/catalog/3803158""}",2026-10-06T01:00:30+00:00_6b919dbf
2026-10-06T10:00:30+09:00,2026-10-06T01:00:32+00:00,commerce_rank,Flannel Check Shirt Off Black,29cm:3808760,heart_count,86.0,"{""brand_eng"": ""thisisneverthat"", ""brand_kor"": ""디스이즈네버댓"", ""brand_no"": 70, ""category1"": ""남성의류"", ""category2"": ""상의"", ""category3"": ""긴소매 셔츠"", ""category3_code"": 272103106, ""is_new"": false, ""item_no"": 3808760, ""period_sort"": ""ONE_DAY"", ""platform"": ""29cm"", ""ranking_category_code"": ""272103100"", ""ranking_category_name"": ""남성의류>상의"", ""review_avg"": 5.0, ""sale_percent"": 30, ""sale_price"": 97300, ""sold_out"": false, ""url"": ""https://product.29cm.co.kr/catalog/3808760""}",2026-10-06T01:00:30+00:00_6b919dbf
2026-10-06T10:00:30+09:00,2026-10-06T01:00:32+00:00,commerce_rank,Flannel Check Shirt Off Black,29cm:3808760,review_count,2.0,"{""brand_eng"": ""thisisneverthat"", ""brand_kor"": ""디스이즈네버댓"", ""brand_no"": 70, ""category1"": ""남성의류"", ""category2"": ""상의"", ""category3"": ""긴소매 셔츠"", ""category3_code"": 272103106, ""is_new"": false, ""item_no"": 3808760, ""period_sort"": ""ONE_DAY"", ""platform"": ""29cm"", ""ranking_category_code"": ""272103100"", ""ranking_category_name"": ""남성의류>상의"", ""review_avg"": 5.0, ""sale_percent"": 30, ""sale_price"": 97300, ""sold_out"": false, ""url"": ""https://product.29cm.co.kr/catalog/3808760""}",2026-10-06T01:00:30+00:00_6b919dbf
2026-10-06T10:00:30+09:00,2026-10-06T01:00:32+00:00,commerce_rank,Flannel Check Shirt Off Black,29cm:3808760@272103100,rank,96.0,"{""brand_eng"": ""thisisneverthat"", ""brand_kor"": ""디스이즈네버댓"", ""brand_no"": 70, ""category1"": ""남성의류"", ""category2"": ""상의"", ""category3"": ""긴소매 셔츠"", ""category3_code"": 272103106, ""is_new"": false, ""item_no"": 3808760, ""period_sort"": ""ONE_DAY"", ""platform"": ""29cm"", ""ranking_category_code"": ""272103100"", ""ranking_category_name"": ""남성의류>상의"", ""review_avg"": 5.0, ""sale_percent"": 30, ""sale_price"": 97300, ""sold_out"": false, ""url"": ""https://product.29cm.co.kr/catalog/3808760""}",2026-10-06T01:00:30+00:00_6b919dbf
2026-10-06T10:00:30+09:00,2026-10-06T01:00:32+00:00,commerce_rank,VTG Washed Binding Long Sleeve Black,29cm:3814807,heart_count,388.0,"{""brand_eng"": ""partimento"", ""brand_kor"": ""파르티멘토"", ""brand_no"": 1588, ""category1"": ""남성의류"", ""category2"": ""상의"", ""category3"": ""긴소매 티셔츠"", ""category3_code"": 272103102, ""is_new"": false, ""item_no"": 3814807, ""period_sort"": ""ONE_DAY"", ""platform"": ""29cm"", ""ranking_category_code"": ""272103100"", ""ranking_category_name"": ""남성의류>상의"", ""review_avg"": 5.0, ""sale_percent"": 37, ""sale_price"": 39240, ""sold_out"": false, ""url"": ""https://product.29cm.co.kr/catalog/3814807""}",2026-10-06T01:00:30+00:00_6b919dbf
2026-10-06T10:00:30+09:00,2026-10-06T01:00:32+00:00,commerce_rank,VTG Washed Binding Long Sleeve Black,29cm:3814807,review_count,14.0,"{""brand_eng"": ""partimento"", ""brand_kor"": ""파르티멘토"", ""brand_no"": 1588, ""category1"": ""남성의류"", ""category2"": ""상의"", ""category3"": ""긴소매 티셔츠"", ""category3_code"": 272103102, ""is_new"": false, ""item_no"": 3814807, ""period_sort"": ""ONE_DAY"", ""platform"": ""29cm"", ""ranking_category_code"": ""272103100"", ""ranking_category_name"": ""남성의류>상의"", ""review_avg"": 5.0, ""sale_percent"": 37, ""sale_price"": 39240, ""sold_out"": false, ""url"": ""https://product.29cm.co.kr/catalog/3814807""}",2026-10-06T01:00:30+00:00_6b919dbf
2026-10-06T10:00:30+09:00,2026-10-06T01:00:32+00:00,commerce_rank,VTG Washed Binding Long Sleeve Black,29cm:3814807@272103100,rank,37.0,"{""brand_eng"": ""partimento"", ""brand_kor"": ""파르티멘토"", ""brand_no"": 1588, ""category1"": ""남성의류"", ""category2"": ""상의"", ""category3"": ""긴소매 티셔츠"", ""category3_code"": 272103102, ""is_new"": false, ""item_no"": 3814807, ""period_sort"": ""ONE_DAY"", ""platform"": ""29cm"", ""ranking_category_code"": ""272103100"", ""ranking_category_name"": ""남성의류>상의"", ""review_avg"": 5.0, ""sale_percent"": 37, ""sale_price"": 39240, ""sold_out"": false, ""url"": ""https://product.29cm.co.kr/catalog/3814807""}",2026-10-06T01:00:30+00:00_6b919dbf
2026-10-06T10:00:30+09:00,2026-10-06T01:00:32+00:00,commerce_rank,HANES 헤인즈 시로/쿠로/모쿠 크루넥 티셔츠 (숏 슬리브/롱 슬리브),29cm:3818268,heart_count,800.0,"{""brand_eng"": ""HANES"", ""brand_kor"": ""헤인즈"", ""brand_no"": 111528, ""category1"": ""남성의류"", ""category2"": ""상의"", ""category3"": ""긴소매 티셔츠"", ""category3_code"": 272103102, ""is_new"": false, ""item_no"": 3818268, ""period_sort"": ""ONE_DAY"", ""platform"": ""29cm"", ""ranking_category_code"": ""272103100"", ""ranking_category_name"": ""남성의류>상의"", ""review_avg"": 5.0, ""sale_percent"": 15, ""sale_price"": 27970, ""sold_out"": false, ""url"": ""https://product.29cm.co.kr/catalog/3818268""}",2026-10-06T01:00:30+00:00_6b919dbf
2026-10-06T10:00:30+09:00,2026-10-06T01:00:32+00:00,commerce_rank,HANES 헤인즈 시로/쿠로/모쿠 크루넥 티셔츠 (숏 슬리브/롱 슬리브),29cm:3818268,review_count,80.0,"{""brand_eng"": ""HANES"", ""brand_kor"": ""헤인즈"", ""brand_no"": 111528, ""category1"": ""남성의류"", ""category2"": ""상의"", ""category3"": ""긴소매 티셔츠"", ""category3_code"": 272103102, ""is_new"": false, ""item_no"": 3818268, ""period_sort"": ""ONE_DAY"", ""platform"": ""29cm"", ""ranking_category_code"": ""272103100"", ""ranking_category_name"": ""남성의류>상의"", ""review_avg"": 5.0, ""sale_percent"": 15, ""sale_price"": 27970, ""sold_out"": false, ""url"": ""https://product.29cm.co.kr/catalog/3818268""}",2026-10-06T01:00:30+00:00_6b919dbf
2026-10-06T10:00:30+09:00,2026-10-06T01:00:32+00:00,commerce_rank,HANES 헤인즈 시로/쿠로/모쿠 크루넥 티셔츠 (숏 슬리브/롱 슬리브),29cm:3818268@272103100,rank,36.0,"{""brand_eng"": ""HANES"", ""brand_kor"": ""헤인즈"", ""brand_no"": 111528, ""category1"": ""남성의류"", ""category2"": ""상의"", ""category3"": ""긴소매 티셔츠"", ""category3_code"": 272103102, ""is_new"": false, ""item_no"": 3818268, ""period_sort"": ""ONE_DAY"", ""platform"": ""29cm"", ""ranking_category_code"": ""272103100"", ""ranking_category_name"": ""남성의류>상의"", ""review_avg"": 5.0, ""sale_percent"": 15, ""sale_price"": 27970, ""sold_out"": false, ""url"": ""https://product.29cm.co.kr/catalog/3818268""}",2026-10-06T01:00:30+00:00_6b919dbf
2026-10-06T10:00:30+09:00,2026-10-06T01:00:32+00:00,commerce_rank,Golden Dawn Long Sleeve Black,29cm:3819555,heart_count,900.0,"{""brand_eng"": ""HIGHTIDE FRANKIE"", ""brand_kor"": ""하이타이드 프랭키"", ""brand_no"": 58650, ""category1"": ""남성의류"", ""category2"": ""상의"", ""category3"": ""긴소매 티셔츠"", ""category3_code"": 272103102, ""is_new"": false, ""item_no"": 3819555, ""period_sort"": ""ONE_DAY"", ""platform"": ""29cm"", ""ranking_category_code"": ""272103100"", ""ranking_category_name"": ""남성의류>상의"", ""review_avg"": 5.0, ""sale_percent"": 20, ""sale_price"": 87600, ""sold_out"": false, ""url"": ""https://product.29cm.co.kr/catalog/3819555""}",2026-10-06T01:00:30+00:00_6b919dbf
2026-10-06T10:00:30+09:00,2026-10-06T01:00:32+00:00,commerce_rank,Golden Dawn Long Sleeve Black,29cm:3819555,review_count,19.0,"{""brand_eng"": ""HIGHTIDE FRANKIE"", ""brand_kor"": ""하이타이드 프랭키"", ""brand_no"": 58650, ""category1"": ""남성의류"", ""category2"": ""상의"", ""category3"": ""긴소매 티셔츠"", ""category3_code"": 272103102, ""is_new"": false, ""item_no"": 3819555, ""period_sort"": ""ONE_DAY"", ""platform"": ""29cm"", ""ranking_category_code"": ""272103100"", ""ranking_category_name"": ""남성의류>상의"", ""review_avg"": 5.0, ""sale_percent"": 20, ""sale_price"": 87600, ""sold_out"": false, ""url"": ""https://product.29cm.co.kr/catalog/3819555""}",2026-10-06T01:00:30+00:00_6b919dbf
2026-10-06T10:00:30+09:00,2026-10-06T01:00:32+00:00,commerce_rank,Golden Dawn Long Sleeve Black,29cm:3819555@272103100,rank,73.0,"{""brand_eng"": ""HIGHTIDE FRANKIE"", ""brand_kor"": ""하이타이드 프랭키"", ""brand_no"": 58650, ""category1"": ""남성의류"", ""category2"": ""상의"", ""category3"": ""긴소매 티셔츠"", ""category3_code"": 272103102, ""is_new"": false, ""item_no"": 3819555, ""period_sort"": ""ONE_DAY"", ""platform"": ""29cm"", ""ranking_category_code"": ""272103100"", ""ranking_category_name"": ""남성의류>상의"", ""review_avg"": 5.0, ""sale_percent"": 20, ""sale_price"": 87600, ""sold_out"": false, ""url"": ""https://product.29cm.co.kr/catalog/3819555""}",2026-10-06T01:00:30+00:00_6b919dbf
2026-10-06T10:00:30+09:00,2026-10-06T01:00:32+00:00,commerce_rank,TG2-TS05 튜블러 티 (11 Color),29cm:3873884,heart_count,4655.0,"{""brand_eng"": ""THOMAS MORE"", ""brand_kor"": ""토마스모어"", ""brand_no"": 2111, ""category1"": ""남성의류"", ""category2"": ""상의"", ""category3"": ""반소매 티셔츠"", ""category3_code"": 272103101, ""is_new"": false, ""item_no"": 3873884, ""period_sort"": ""ONE_DAY"", ""platform"": ""29cm"", ""ranking_category_code"": ""272103100"", ""ranking_category_name"": ""남성의류>상의"", ""review_avg"": 4.5, ""sale_percent"": 0, ""sale_price"": 23700, ""sold_out"": false, ""url"": ""https://product.29cm.co.kr/catalog/3873884""}",2026-10-06T01:00:30+00:00_6b919dbf
2026-10-06T10:00:30+09:00,2026-10-06T01:00:32+00:00,commerce_rank,TG2-TS05 튜블러 티 (11 Color),29cm:3873884,review_count,803.0,"{""brand_eng"": ""THOMAS MORE"", ""brand_kor"": ""토마스모어"", ""brand_no"": 2111, ""category1"": ""남성의류"", ""category2"": ""상의"", ""category3"": ""반소매 티셔츠"", ""category3_code"": 272103101, ""is_new"": false, ""item_no"": 3873884, ""period_sort"": ""ONE_DAY"", ""platform"": ""29cm"", ""ranking_category_code"": ""272103100"", ""ranking_category_name"": ""남성의류>상의"", ""review_avg"": 4.5, ""sale_percent"": 0, ""sale_price"": 23700, ""sold_out"": false, ""url"": ""https://product.29cm.co.kr/catalog/3873884""}",2026-10-06T01:00:30+00:00_6b919dbf
2026-10-06T10:00:30+09:00,2026-10-06T01:00:32+00:00,commerce_rank,TG2-TS05 튜블러 티 (11 Color),29cm:3873884@272103100,rank,16.0,"{""brand_eng"": ""THOMAS MORE"", ""brand_kor"": ""토마스모어"", ""brand_no"": 2111, ""category1"": ""남성의류"", ""category2"": ""상의"", ""category3"": ""반소매 티셔츠"", ""category3_code"": 272103101, ""is_new"": false, ""item_no"": 3873884, ""period_sort"": ""ONE_DAY"", ""platform"": ""29cm"", ""ranking_category_code"": ""272103100"", ""ranking_category_name"": ""남성의류>상의"", ""review_avg"": 4.5, ""sale_percent"": 0, ""sale_price"": 23700, ""sold_out"": false, ""url"": ""https://product.29cm.co.kr/catalog/3873884""}",2026-10-06T01:00:30+00:00_6b919dbf
2026-10-06T10:00:30+09:00,2026-10-06T01:00:32+00:00,commerce_rank,[건조기가능] 컴포트 U넥 반팔티 ( 3Color ),29cm:3897886,heart_count,58.0,"{""brand_eng"": ""BRENSON"", ""brand_kor"": ""브렌슨"", ""brand_no"": 8969, ""category1"": ""남성의류"", ""category2"": ""상의"", ""category3"": ""반소매 티셔츠"", ""category3_code"": 272103101, ""is_new"": false, ""item_no"": 3897886, ""period_sort"": ""ONE_DAY"", ""platform"": ""29cm"", ""ranking_category_code"": ""272103100"", ""ranking_category_name"": ""남성의류>상의"", ""review_avg"": 5.0, ""sale_percent"": 11, ""sale_price"": 25500, ""sold_out"": false, ""url"": ""https://product.29cm.co.kr/catalog/3897886""}",2026-10-06T01:00:30+00:00_6b919dbf
2026-10-06T10:00:30+09:00,2026-10-06T01:00:32+00:00,commerce_rank,[건조기가능] 컴포트 U넥 반팔티 ( 3Color ),29cm:3897886,review_count,2.0,"{""brand_eng"": ""BRENSON"", ""brand_kor"": ""브렌슨"", ""brand_no"": 8969, ""category1"": ""남성의류"", ""category2"": ""상의"", ""category3"": ""반소매 티셔츠"", ""category3_code"": 272103101, ""is_new"": false, ""item_no"": 3897886, ""period_sort"": ""ONE_DAY"", ""platform"": ""29cm"", ""ranking_category_code"": ""272103100"", ""ranking_category_name"": ""남성의류>상의"", ""review_avg"": 5.0, ""sale_percent"": 11, ""sale_price"": 25500, ""sold_out"": false, ""url"": ""https://product.29cm.co.kr/catalog/3897886""}",2026-10-06T01:00:30+00:00_6b919dbf
2026-10-06T10:00:30+09:00,2026-10-06T01:00:32+00:00,commerce_rank,[건조기가능] 컴포트 U넥 반팔티 ( 3Color ),29cm:3897886@272103100,rank,34.0,"{""brand_eng"": ""BRENSON"", ""brand_kor"": ""브렌슨"", ""brand_no"": 8969, ""category1"": ""남성의류"", ""category2"": ""상의"", ""category3"": ""반소매 티셔츠"", ""category3_code"": 272103101, ""is_new"": false, ""item_no"": 3897886, ""period_sort"": ""ONE_DAY"", ""platform"": ""29cm"", ""ranking_category_code"": ""272103100"", ""ranking_category_name"": ""남성의류>상의"", ""review_avg"": 5.0, ""sale_percent"": 11, ""sale_price"": 25500, ""sold_out"": false, ""url"": ""https://product.29cm.co.kr/catalog/3897886""}",2026-10-06T01:00:30+00:00_6b919dbf
2026-10-06T10:00:30+09:00,2026-10-06T01:00:32+00:00,commerce_rank,"Chambray Shirt, Blue",29cm:3930364,heart_count,144.0,"{""brand_eng"": ""BROWNYARD"", ""brand_kor"": ""브라운야드"", ""brand_no"": 2211, ""category1"": ""남성의류"", ""category2"": ""상의"", ""category3"": ""긴소매 셔츠"", ""category3_code"": 272103106, ""is_new"": false, ""item_no"": 3930364, ""period_sort"": ""ONE_DAY"", ""platform"": ""29cm"", ""ranking_category_code"": ""272103100"", ""ranking_category_name"": ""남성의류>상의"", ""review_avg"": 5.0, ""sale_percent"": 30, ""sale_price"": 124600, ""sold_out"": false, ""url"": ""https://product.29cm.co.kr/catalog/3930364""}",2026-10-06T01:00:30+00:00_6b919dbf
2026-10-06T10:00:30+09:00,2026-10-06T01:00:32+00:00,commerce_rank,"Chambray Shirt, Blue",29cm:3930364,review_count,4.0,"{""brand_eng"": ""BROWNYARD"", ""brand_kor"": ""브라운야드"", ""brand_no"": 2211, ""category1"": ""남성의류"", ""category2"": ""상의"", ""category3"": ""긴소매 셔츠"", ""category3_code"": 272103106, ""is_new"": false, ""item_no"": 3930364, ""period_sort"": ""ONE_DAY"", ""platform"": ""29cm"", ""ranking_category_code"": ""272103100"", ""ranking_category_name"": ""남성의류>상의"", ""review_avg"": 5.0, ""sale_percent"": 30, ""sale_price"": 124600, ""sold_out"": false, ""url"": ""https://product.29cm.co.kr/catalog/3930364""}",2026-10-06T01:00:30+00:00_6b919dbf
2026-10-06T10:00:30+09:00,2026-10-06T01:00:32+00:00,commerce_rank,"Chambray Shirt, Blue",29cm:3930364@272103100,rank,44.0,"{""brand_eng"": ""BROWNYARD"", ""brand_kor"": ""브라운야드"", ""brand_no"": 2211, ""category1"": ""남성의류"", ""category2"": ""상의"", ""category3"": ""긴소매 셔츠"", ""category3_code"": 272103106, ""is_new"": false, ""item_no"": 3930364, ""period_sort"": ""ONE_DAY"", ""platform"": ""29cm"", ""ranking_category_code"": ""272103100"", ""ranking_category_name"": ""남성의류>상의"", ""review_avg"": 5.0, ""sale_percent"": 30, ""sale_price"": 124600, ""sold_out"": false, ""url"": ""https://product.29cm.co.kr/catalog/3930364""}",2026-10-06T01:00:30+00:00_6b919dbf
2026-10-06T10:00:30+09:00,2026-10-06T01:00:32+00:00,commerce_rank,LAUNDRY SMALL CHECK SHIRT [CHARCOAL BLACK],29cm:3945677,heart_count,678.0,"{""brand_eng"": ""UNION BLUE"", ""brand_kor"": ""유니온 블루"", ""brand_no"": 13510, ""category1"": ""남성의류"", ""category2"": ""상의"", ""category3"": ""긴소매 셔츠"", ""category3_code"": 272103106, ""is_new"": false, ""item_no"": 3945677, ""period_sort"": ""ONE_DAY"", ""platform"": ""29cm"", ""ranking_category_code"": ""272103100"", ""ranking_category_name"": ""남성의류>상의"", ""review_avg"": 5.0, ""sale_percent"": 5, ""sale_price"": 82650, ""sold_out"": false, ""url"": ""https://product.29cm.co.kr/catalog/3945677""}",2026-10-06T01:00:30+00:00_6b919dbf
2026-10-06T10:00:30+09:00,2026-10-06T01:00:32+00:00,commerce_rank,LAUNDRY SMALL CHECK SHIRT [CHARCOAL BLACK],29cm:3945677,review_count,47.0,"{""brand_eng"": ""UNION BLUE"", ""brand_kor"": ""유니온 블루"", ""brand_no"": 13510, ""category1"": ""남성의류"", ""category2"": ""상의"", ""category3"": ""긴소매 셔츠"", ""category3_code"": 272103106, ""is_new"": false, ""item_no"": 3945677, ""period_sort"": ""ONE_DAY"", ""platform"": ""29cm"", ""ranking_category_code"": ""272103100"", ""ranking_category_name"": ""남성의류>상의"", ""review_avg"": 5.0, ""sale_percent"": 5, ""sale_price"": 82650, ""sold_out"": false, ""url"": ""https://product.29cm.co.kr/catalog/3945677""}",2026-10-06T01:00:30+00:00_6b919dbf
2026-10-06T10:00:30+09:00,2026-10-06T01:00:32+00:00,commerce_rank,LAUNDRY SMALL CHECK SHIRT [CHARCOAL BLACK],29cm:3945677@272103100,rank,98.0,"{""brand_eng"": ""UNION BLUE"", ""brand_kor"": ""유니온 블루"", ""brand_no"": 13510, ""category1"": ""남성의류"", ""category2"": ""상의"", ""category3"": ""긴소매 셔츠"", ""category3_code"": 272103106, ""is_new"": false, ""item_no"": 3945677, ""period_sort"": ""ONE_DAY"", ""platform"": ""29cm"", ""ranking_category_code"": ""272103100"", ""ranking_category_name"": ""남성의류>상의"", ""review_avg"": 5.0, ""sale_percent"": 5, ""sale_price"": 82650, ""sold_out"": false, ""url"": ""https://product.29cm.co.kr/catalog/3945677""}",2026-10-06T01:00:30+00:00_6b919dbf
2026-10-06T10:00:30+09:00,2026-10-06T01:00:31+00:00,commerce_rank,[화사PICK] 에르고핏 베이직 홀터탑,29cm:3949081,heart_count,4779.0,"{""brand_eng"": ""COMFORTLAB"", ""brand_kor"": ""컴포트랩"", ""brand_no"": 4760, ""category1"": ""여성의류"", ""category2"": ""상의"", ""category3"": ""슬리브리스"", ""category3_code"": 268103103, ""is_new"": false, ""item_no"": 3949081, ""period_sort"": ""ONE_DAY"", ""platform"": ""29cm"", ""ranking_category_code"": ""268103100"", ""ranking_category_name"": ""여성의류>상의"", ""review_avg"": 4.5, ""sale_percent"": 34, ""sale_price"": 45900, ""sold_out"": false, ""url"": ""https://product.29cm.co.kr/catalog/3949081""}",2026-10-06T01:00:30+00:00_6b919dbf
2026-10-06T10:00:30+09:00,2026-10-06T01:00:31+00:00,commerce_rank,[화사PICK] 에르고핏 베이직 홀터탑,29cm:3949081,review_count,159.0,"{""brand_eng"": ""COMFORTLAB"", ""brand_kor"": ""컴포트랩"", ""brand_no"": 4760, ""category1"": ""여성의류"", ""category2"": ""상의"", ""category3"": ""슬리브리스"", ""category3_code"": 268103103, ""is_new"": false, ""item_no"": 3949081, ""period_sort"": ""ONE_DAY"", ""platform"": ""29cm"", ""ranking_category_code"": ""268103100"", ""ranking_category_name"": ""여성의류>상의"", ""review_avg"": 4.5, ""sale_percent"": 34, ""sale_price"": 45900, ""sold_out"": false, ""url"": ""https://product.29cm.co.kr/catalog/3949081""}",2026-10-06T01:00:30+00:00_6b919dbf
2026-10-06T10:00:30+09:00,2026-10-06T01:00:31+00:00,commerce_rank,[화사PICK] 에르고핏 베이직 홀터탑,29cm:3949081@268103100,rank,92.0,"{""brand_eng"": ""COMFORTLAB"", ""brand_kor"": ""컴포트랩"", ""brand_no"": 4760, ""category1"": ""여성의류"", ""category2"": ""상의"", ""category3"": ""슬리브리스"", ""category3_code"": 268103103, ""is_new"": false, ""item_no"": 3949081, ""period_sort"": ""ONE_DAY"", ""platform"": ""29cm"", ""ranking_category_code"": ""268103100"", ""ranking_category_name"": ""여성의류>상의"", ""review_avg"": 4.5, ""sale_percent"": 34, ""sale_price"": 45900, ""sold_out"": false, ""url"": ""https://product.29cm.co.kr/catalog/3949081""}",2026-10-06T01:00:30+00:00_6b919dbf
2026-10-06T10:00:30+09:00,2026-10-06T01:00:32+00:00,commerce_rank,Overdyed Pajama Shirt (Dark Gray),29cm:3970868,heart_count,61.0,"{""brand_eng"": ""ANOTHER OFFICE"", ""brand_kor"": ""어나더오피스"", ""brand_no"": 1708, ""category1"": ""남성의류"", ""category2"": ""상의"", ""category3"": ""긴소매 셔츠"", ""category3_code"": 272103106, ""is_new"": false, ""item_no"": 3970868, ""period_sort"": ""ONE_DAY"", ""platform"": ""29cm"", ""ranking_category_code"": ""272103100"", ""ranking_category_name"": ""남성의류>상의"", ""review_avg"": 5.0, ""sale_percent"": 0, ""sale_price"": 188000, ""sold_out"": false, ""url"": ""https://product.29cm.co.kr/catalog/3970868""}",2026-10-06T01:00:30+00:00_6b919dbf
2026-10-06T10:00:30+09:00,2026-10-06T01:00:32+00:00,commerce_rank,Overdyed Pajama Shirt (Dark Gray),29cm:3970868,review_count,3.0,"{""brand_eng"": ""ANOTHER OFFICE"", ""brand_kor"": ""어나더오피스"", ""brand_no"": 1708, ""category1"": ""남성의류"", ""category2"": ""상의"", ""category3"": ""긴소매 셔츠"", ""category3_code"": 272103106, ""is_new"": false, ""item_no"": 3970868, ""period_sort"": ""ONE_DAY"", ""platform"": ""29cm"", ""ranking_category_code"": ""272103100"", ""ranking_category_name"": ""남성의류>상의"", ""review_avg"": 5.0, ""sale_percent"": 0, ""sale_price"": 188000, ""sold_out"": false, ""url"": ""https://product.29cm.co.kr/catalog/3970868""}",2026-10-06T01:00:30+00:00_6b919dbf
2026-10-06T10:00:30+09:00,2026-10-06T01:00:32+00:00,commerce_rank,Overdyed Pajama Shirt (Dark Gray),29cm:3970868@272103100,rank,82.0,"{""brand_eng"": ""ANOTHER OFFICE"", ""brand_kor"": ""어나더오피스"", ""brand_no"": 1708, ""category1"": ""남성의류"", ""category2"": ""상의"", ""category3"": ""긴소매 셔츠"", ""category3_code"": 272103106, ""is_new"": false, ""item_no"": 3970868, ""period_sort"": ""ONE_DAY"", ""platform"": ""29cm"", ""ranking_category_code"": ""272103100"", ""ranking_category_name"": ""남성의류>상의"", ""review_avg"": 5.0, ""sale_percent"": 0, ""sale_price"": 188000, ""sold_out"": false, ""url"": ""https://product.29cm.co.kr/catalog/3970868""}",2026-10-06T01:00:30+00:00_6b919dbf
2026-10-06T10:00:30+09:00,2026-10-06T01:00:32+00:00,commerce_rank,Raw Edge Pocket Tee Black,29cm:3995074,heart_count,94.0,"{""brand_eng"": ""partimento"", ""brand_kor"": ""파르티멘토"", ""brand_no"": 1588, ""category1"": ""남성의류"", ""category2"": ""상의"", ""category3"": ""반소매 티셔츠"", ""category3_code"": 272103101, ""is_new"": false, ""item_no"": 3995074, ""period_sort"": ""ONE_DAY"", ""platform"": ""29cm"", ""ranking_category_code"": ""272103100"", ""ranking_category_name"": ""남성의류>상의"", ""review_avg"": 5.0, ""sale_percent"": 33, ""sale_price"": 33660, ""sold_out"": false, ""url"": ""https://product.29cm.co.kr/catalog/3995074""}",2026-10-06T01:00:30+00:00_6b919dbf
2026-10-06T10:00:30+09:00,2026-10-06T01:00:32+00:00,commerce_rank,Raw Edge Pocket Tee Black,29cm:3995074,review_count,20.0,"{""brand_eng"": ""partimento"", ""brand_kor"": ""파르티멘토"", ""brand_no"": 1588, ""category1"": ""남성의류"", ""category2"": ""상의"", ""category3"": ""반소매 티셔츠"", ""category3_code"": 272103101, ""is_new"": false, ""item_no"": 3995074, ""period_sort"": ""ONE_DAY"", ""platform"": ""29cm"", ""ranking_category_code"": ""272103100"", ""ranking_category_name"": ""남성의류>상의"", ""review_avg"": 5.0, ""sale_percent"": 33, ""sale_price"": 33660, ""sold_out"": false, ""url"": ""https://product.29cm.co.kr/catalog/3995074""}",2026-10-06T01:00:30+00:00_6b919dbf
2026-10-06T10:00:30+09:00,2026-10-06T01:00:32+00:00,commerce_rank,Raw Edge Pocket Tee Black,29cm:3995074@272103100,rank,71.0,"{""brand_eng"": ""partimento"", ""brand_kor"": ""파르티멘토"", ""brand_no"": 1588, ""category1"": ""남성의류"", ""category2"": ""상의"", ""category3"": ""반소매 티셔츠"", ""category3_code"": 272103101, ""is_new"": false, ""item_no"": 3995074, ""period_sort"": ""ONE_DAY"", ""platform"": ""29cm"", ""ranking_category_code"": ""272103100"", ""ranking_category_name"": ""남성의류>상의"", ""review_avg"": 5.0, ""sale_percent"": 33, ""sale_price"": 33660, ""sold_out"": false, ""url"": ""https://product.29cm.co.kr/catalog/3995074""}",2026-10-06T01:00:30+00:00_6b919dbf
2026-10-06T10:00:30+09:00,2026-10-06T01:00:31+00:00,commerce_rank,[3rd] Rosy Rib Sleeveless (6color),29cm:4015004,heart_count,4253.0,"{""brand_eng"": ""HOKUSPOKUS"", ""brand_kor"": ""호쿠스포쿠스"", ""brand_no"": 17423, ""category1"": ""여성의류"", ""category2"": ""상의"", ""category3"": ""슬리브리스"", ""category3_code"": 268103103, ""is_new"": false, ""item_no"": 4015004, ""period_sort"": ""ONE_DAY"", ""platform"": ""29cm"", ""ranking_category_code"": ""268103100"", ""ranking_category_name"": ""여성의류>상의"", ""review_avg"": 5.0, ""sale_percent"": 19, ""sale_price"": 31590, ""sold_out"": false, ""url"": ""https://product.29cm.co.kr/catalog/4015004""}",2026-10-06T01:00:30+00:00_6b919dbf
2026-10-06T10:00:30+09:00,2026-10-06T01:00:31+00:00,commerce_rank,[3rd] Rosy Rib Sleeveless (6color),29cm:4015004,review_count,246.0,"{""brand_eng"": ""HOKUSPOKUS"", ""brand_kor"": ""호쿠스포쿠스"", ""brand_no"": 17423, ""category1"": ""여성의류"", ""category2"": ""상의"", ""category3"": ""슬리브리스"", ""category3_code"": 268103103, ""is_new"": false, ""item_no"": 4015004, ""period_sort"": ""ONE_DAY"", ""platform"": ""29cm"", ""ranking_category_code"": ""268103100"", ""ranking_category_name"": ""여성의류>상의"", ""review_avg"": 5.0, ""sale_percent"": 19, ""sale_price"": 31590, ""sold_out"": false, ""url"": ""https://product.29cm.co.kr/catalog/4015004""}",2026-10-06T01:00:30+00:00_6b919dbf
2026-10-06T10:00:30+09:00,2026-10-06T01:00:31+00:00,commerce_rank,[3rd] Rosy Rib Sleeveless (6color),29cm:4015004@268103100,rank,39.0,"{""brand_eng"": ""HOKUSPOKUS"", ""brand_kor"": ""호쿠스포쿠스"", ""brand_no"": 17423, ""category1"": ""여성의류"", ""category2"": ""상의"", ""category3"": ""슬리브리스"", ""category3_code"": 268103103, ""is_new"": false, ""item_no"": 4015004, ""period_sort"": ""ONE_DAY"", ""platform"": ""29cm"", ""ranking_category_code"": ""268103100"", ""ranking_category_name"": ""여성의류>상의"", ""review_avg"": 5.0, ""sale_percent"": 19, ""sale_price"": 31590, ""sold_out"": false, ""url"": ""https://product.29cm.co.kr/catalog/4015004""}",2026-10-06T01:00:30+00:00_6b919dbf
2026-10-06T10:00:30+09:00,2026-10-06T01:00:32+00:00,commerce_rank,SEMI CROP CHECK SHIRT [SLATE],29cm:4040012,heart_count,306.0,"{""brand_eng"": ""UNION BLUE"", ""brand_kor"": ""유니온 블루"", ""brand_no"": 13510, ""category1"": ""남성의류"", ""category2"": ""상의"", ""category3"": ""긴소매 셔츠"", ""category3_code"": 272103106, ""is_new"": false, ""item_no"": 4040012, ""period_sort"": ""ONE_DAY"", ""platform"": ""29cm"", ""ranking_category_code"": ""272103100"", ""ranking_category_name"": ""남성의류>상의"", ""review_avg"": 5.0, ""sale_percent"": 5, ""sale_price"": 77900, ""sold_out"": false, ""url"": ""https://product.29cm.co.kr/catalog/4040012""}",2026-10-06T01:00:30+00:00_6b919dbf
2026-10-06T10:00:30+09:00,2026-10-06T01:00:32+00:00,commerce_rank,SEMI CROP CHECK SHIRT [SLATE],29cm:4040012,review_count,24.0,"{""brand_eng"": ""UNION BLUE"", ""brand_kor"": ""유니온 블루"", ""brand_no"": 13510, ""category1"": ""남성의류"", ""category2"": ""상의"", ""category3"": ""긴소매 셔츠"", ""category3_code"": 272103106, ""is_new"": false, ""item_no"": 4040012, ""period_sort"": ""ONE_DAY"", ""platform"": ""29cm"", ""ranking_category_code"": ""272103100"", ""ranking_category_name"": ""남성의류>상의"", ""review_avg"": 5.0, ""sale_percent"": 5, ""sale_price"": 77900, ""sold_out"": false, ""url"": ""https://product.29cm.co.kr/catalog/4040012""}",2026-10-06T01:00:30+00:00_6b919dbf
2026-10-06T10:00:30+09:00,2026-10-06T01:00:32+00:00,commerce_rank,SEMI CROP CHECK SHIRT [SLATE],29cm:4040012@272103100,rank,67.0,"{""brand_eng"": ""UNION BLUE"", ""brand_kor"": ""유니온 블루"", ""brand_no"": 13510, ""category1"": ""남성의류"", ""category2"": ""상의"", ""category3"": ""긴소매 셔츠"", ""category3_code"": 272103106, ""is_new"": false, ""item_no"": 4040012, ""period_sort"": ""ONE_DAY"", ""platform"": ""29cm"", ""ranking_category_code"": ""272103100"", ""ranking_category_name"": ""남성의류>상의"", ""review_avg"": 5.0, ""sale_percent"": 5, ""sale_price"": 77900, ""sold_out"": false, ""url"": ""https://product.29cm.co.kr/catalog/4040012""}",2026-10-06T01:00:30+00:00_6b919dbf
2026-10-06T10:00:30+09:00,2026-10-06T01:00:31+00:00,commerce_rank,Flower Mid Sleeve Shirt_Blue,29cm:4081080,heart_count,5983.0,"{""brand_eng"": ""108POUND"", ""brand_kor"": ""108파운드"", ""brand_no"": 86198, ""category1"": ""여성의류"", ""category2"": ""상의"", ""category3"": ""셔츠"", ""category3_code"": 268103106, ""is_new"": false, ""item_no"": 4081080, ""period_sort"": ""ONE_DAY"", ""platform"": ""29cm"", ""ranking_category_code"": ""268103100"", ""ranking_category_name"": ""여성의류>상의"", ""review_avg"": 4.5, ""sale_percent"": 21, ""sale_price"": 69570, ""sold_out"": false, ""url"": ""https://product.29cm.co.kr/catalog/4081080""}",2026-10-06T01:00:30+00:00_6b919dbf
2026-10-06T10:00:30+09:00,2026-10-06T01:00:31+00:00,commerce_rank,Flower Mid Sleeve Shirt_Blue,29cm:4081080,review_count,21.0,"{""brand_eng"": ""108POUND"", ""brand_kor"": ""108파운드"", ""brand_no"": 86198, ""category1"": ""여성의류"", ""category2"": ""상의"", ""category3"": ""셔츠"", ""category3_code"": 268103106, ""is_new"": false, ""item_no"": 4081080, ""period_sort"": ""ONE_DAY"", ""platform"": ""29cm"", ""ranking_category_code"": ""268103100"", ""ranking_category_name"": ""여성의류>상의"", ""review_avg"": 4.5, ""sale_percent"": 21, ""sale_price"": 69570, ""sold_out"": false, ""url"": ""https://product.29cm.co.kr/catalog/4081080""}",2026-10-06T01:00:30+00:00_6b919dbf
2026-10-06T10:00:30+09:00,2026-10-06T01:00:31+00:00,commerce_rank,Flower Mid Sleeve Shirt_Blue,29cm:4081080@268103100,rank,74.0,"{""brand_eng"": ""108POUND"", ""brand_kor"": ""108파운드"", ""brand_no"": 86198, ""category1"": ""여성의류"", ""category2"": ""상의"", ""category3"": ""셔츠"", ""category3_code"": 268103106, ""is_new"": false, ""item_no"": 4081080, ""period_sort"": ""ONE_DAY"", ""platform"": ""29cm"", ""ranking_category_code"": ""268103100"", ""ranking_category_name"": ""여성의류>상의"", ""review_avg"": 4.5, ""sale_percent"": 21, ""sale_price"": 69570, ""sold_out"": false, ""url"": ""https://product.29cm.co.kr/catalog/4081080""}",2026-10-06T01:00:30+00:00_6b919dbf
2026-10-06T10:00:30+09:00,2026-10-06T01:00:31+00:00,commerce_rank,Corduroy Mid Sleeve Shirt_Khaki Beige,29cm:4081083,heart_count,9337.0,"{""brand_eng"": ""108POUND"", ""brand_kor"": ""108파운드"", ""brand_no"": 86198, ""category1"": ""여성의류"", ""category2"": ""상의"", ""category3"": ""셔츠"", ""category3_code"": 268103106, ""is_new"": false, ""item_no"": 4081083, ""period_sort"": ""ONE_DAY"", ""platform"": ""29cm"", ""ranking_category_code"": ""268103100"", ""ranking_category_name"": ""여성의류>상의"", ""review_avg"": 4.5, ""sale_percent"": 21, ""sale_price"": 72730, ""sold_out"": false, ""url"": ""https://product.29cm.co.kr/catalog/4081083""}",2026-10-06T01:00:30+00:00_6b919dbf
2026-10-06T10:00:30+09:00,2026-10-06T01:00:31+00:00,commerce_rank,Corduroy Mid Sleeve Shirt_Khaki Beige,29cm:4081083,review_count,114.0,"{""brand_eng"": ""108POUND"", ""brand_kor"": ""108파운드"", ""brand_no"": 86198, ""category1"": ""여성의류"", ""category2"": ""상의"", ""category3"": ""셔츠"", ""category3_code"": 268103106, ""is_new"": false, ""item_no"": 4081083, ""period_sort"": ""ONE_DAY"", ""platform"": ""29cm"", ""ranking_category_code"": ""268103100"", ""ranking_category_name"": ""여성의류>상의"", ""review_avg"": 4.5, ""sale_percent"": 21, ""sale_price"": 72730, ""sold_out"": false, ""url"": ""https://product.29cm.co.kr/catalog/4081083""}",2026-10-06T01:00:30+00:00_6b919dbf
2026-10-06T10:00:30+09:00,2026-10-06T01:00:31+00:00,commerce_rank,Corduroy Mid Sleeve Shirt_Khaki Beige,29cm:4081083@268103100,rank,73.0,"{""brand_eng"": ""108POUND"", ""brand_kor"": ""108파운드"", ""brand_no"": 86198, ""category1"": ""여성의류"", ""category2"": ""상의"", ""category3"": ""셔츠"", ""category3_code"": 268103106, ""is_new"": false, ""item_no"": 4081083, ""period_sort"": ""ONE_DAY"", ""platform"": ""29cm"", ""ranking_category_code"": ""268103100"", ""ranking_category_name"": ""여성의류>상의"", ""review_avg"": 4.5, ""sale_percent"": 21, ""sale_price"": 72730, ""sold_out"": false, ""url"": ""https://product.29cm.co.kr/catalog/4081083""}",2026-10-06T01:00:30+00:00_6b919dbf
2026-10-06T10:00:30+09:00,2026-10-06T01:00:31+00:00,commerce_rank,Corduroy Mid Sleeve Shirt_Navy,29cm:4081084,heart_count,3803.0,"{""brand_eng"": ""108POUND"", ""brand_kor"": ""108파운드"", ""brand_no"": 86198, ""category1"": ""여성의류"", ""category2"": ""상의"", ""category3"": ""셔츠"", ""category3_code"": 268103106, ""is_new"": false, ""item_no"": 4081084, ""period_sort"": ""ONE_DAY"", ""platform"": ""29cm"", ""ranking_category_code"": ""268103100"", ""ranking_category_name"": ""여성의류>상의"", ""review_avg"": 4.5, ""sale_percent"": 21, ""sale_price"": 72730, ""sold_out"": false, ""url"": ""https://product.29cm.co.kr/catalog/4081084""}",2026-10-06T01:00:30+00:00_6b919dbf
2026-10-06T10:00:30+09:00,2026-10-06T01:00:31+00:00,commerce_rank,Corduroy Mid Sleeve Shirt_Navy,29cm:4081084,review_count,86.0,"{""brand_eng"": ""108POUND"", ""brand_kor"": ""108파운드"", ""brand_no"": 86198, ""category1"": ""여성의류"", ""category2"": ""상의"", ""category3"": ""셔츠"", ""category3_code"": 268103106, ""is_new"": false, ""item_no"": 4081084, ""period_sort"": ""ONE_DAY"", ""platform"": ""29cm"", ""ranking_category_code"": ""268103100"", ""ranking_category_name"": ""여성의류>상의"", ""review_avg"": 4.5, ""sale_percent"": 21, ""sale_price"": 72730, ""sold_out"": false, ""url"": ""https://product.29cm.co.kr/catalog/4081084""}",2026-10-06T01:00:30+00:00_6b919dbf
2026-10-06T10:00:30+09:00,2026-10-06T01:00:31+00:00,commerce_rank,Corduroy Mid Sleeve Shirt_Navy,29cm:4081084@268103100,rank,76.0,"{""brand_eng"": ""108POUND"", ""brand_kor"": ""108파운드"", ""brand_no"": 86198, ""category1"": ""여성의류"", ""category2"": ""상의"", ""category3"": ""셔츠"", ""category3_code"": 268103106, ""is_new"": false, ""item_no"": 4081084, ""period_sort"": ""ONE_DAY"", ""platform"": ""29cm"", ""ranking_category_code"": ""268103100"", ""ranking_category_name"": ""여성의류>상의"", ""review_avg"": 4.5, ""sale_percent"": 21, ""sale_price"": 72730, ""sold_out"": false, ""url"": ""https://product.29cm.co.kr/catalog/4081084""}",2026-10-06T01:00:30+00:00_6b919dbf
2026-10-06T10:00:30+09:00,2026-10-06T01:00:31+00:00,commerce_rank,Dusty Raglan Tee_Beige,29cm:4081115,heart_count,13766.0,"{""brand_eng"": ""108POUND"", ""brand_kor"": ""108파운드"", ""brand_no"": 86198, ""category1"": ""여성의류"", ""category2"": ""상의"", ""category3"": ""긴소매 티셔츠"", ""category3_code"": 268103102, ""is_new"": false, ""item_no"": 4081115, ""period_sort"": ""ONE_DAY"", ""platform"": ""29cm"", ""ranking_category_code"": ""268103100"", ""ranking_category_name"": ""여성의류>상의"", ""review_avg"": 4.5, ""sale_percent"": 23, ""sale_price"": 37490, ""sold_out"": false, ""url"": ""https://product.29cm.co.kr/catalog/4081115""}",2026-10-06T01:00:30+00:00_6b919dbf
2026-10-06T10:00:30+09:00,2026-10-06T01:00:31+00:00,commerce_rank,Dusty Raglan Tee_Beige,29cm:4081115,review_count,204.0,"{""brand_eng"": ""108POUND"", ""brand_kor"": ""108파운드"", ""brand_no"": 86198, ""category1"": ""여성의류"", ""category2"": ""상의"", ""category3"": ""긴소매 티셔츠"", ""category3_code"": 268103102, ""is_new"": false, ""item_no"": 4081115, ""period_sort"": ""ONE_DAY"", ""platform"": ""29cm"", ""ranking_category_code"": ""268103100"", ""ranking_category_name"": ""여성의류>상의"", ""review_avg"": 4.5, ""sale_percent"": 23, ""sale_price"": 37490, ""sold_out"": false, ""url"": ""https://product.29cm.co.kr/catalog/4081115""}",2026-10-06T01:00:30+00:00_6b919dbf
2026-10-06T10:00:30+09:00,2026-10-06T01:00:31+00:00,commerce_rank,Dusty Raglan Tee_Beige,29cm:4081115@268103100,rank,94.0,"{""brand_eng"": ""108POUND"", ""brand_kor"": ""108파운드"", ""brand_no"": 86198, ""category1"": ""여성의류"", ""category2"": ""상의"", ""category3"": ""긴소매 티셔츠"", ""category3_code"": 268103102, ""is_new"": false, ""item_no"": 4081115, ""period_sort"": ""ONE_DAY"", ""platform"": ""29cm"", ""ranking_category_code"": ""268103100"", ""ranking_category_name"": ""여성의류>상의"", ""review_avg"": 4.5, ""sale_percent"": 23, ""sale_price"": 37490, ""sold_out"": false, ""url"": ""https://product.29cm.co.kr/catalog/4081115""}",2026-10-06T01:00:30+00:00_6b919dbf
2026-10-06T10:00:30+09:00,2026-10-06T01:00:31+00:00,commerce_rank,Dusty Raglan Tee_Dusty Blue,29cm:4081117,heart_count,5685.0,"{""brand_eng"": ""108POUND"", ""brand_kor"": ""108파운드"", ""brand_no"": 86198, ""category1"": ""여성의류"", ""category2"": ""상의"", ""category3"": ""긴소매 티셔츠"", ""category3_code"": 268103102, ""is_new"": false, ""item_no"": 4081117, ""period_sort"": ""ONE_DAY"", ""platform"": ""29cm"", ""ranking_category_code"": ""268103100"", ""ranking_category_name"": ""여성의류>상의"", ""review_avg"": 4.5, ""sale_percent"": 23, ""sale_price"": 37490, ""sold_out"": false, ""url"": ""https://product.29cm.co.kr/catalog/4081117""}",2026-10-06T01:00:30+00:00_6b919dbf
2026-10-06T10:00:30+09:00,2026-10-06T01:00:31+00:00,commerce_rank,Dusty Raglan Tee_Dusty Blue,29cm:4081117,review_count,90.0,"{""brand_eng"": ""108POUND"", ""brand_kor"": ""108파운드"", ""brand_no"": 86198, ""category1"": ""여성의류"", ""category2"": ""상의"", ""category3"": ""긴소매 티셔츠"", ""category3_code"": 268103102, ""is_new"": false, ""item_no"": 4081117, ""period_sort"": ""ONE_DAY"", ""platform"": ""29cm"", ""ranking_category_code"": ""268103100"", ""ranking_category_name"": ""여성의류>상의"", ""review_avg"": 4.5, ""sale_percent"": 23, ""sale_price"": 37490, ""sold_out"": false, ""url"": ""https://product.29cm.co.kr/catalog/4081117""}",2026-10-06T01:00:30+00:00_6b919dbf
2026-10-06T10:00:30+09:00,2026-10-06T01:00:31+00:00,commerce_rank,Dusty Raglan Tee_Dusty Blue,29cm:4081117@268103100,rank,63.0,"{""brand_eng"": ""108POUND"", ""brand_kor"": ""108파운드"", ""brand_no"": 86198, ""category1"": ""여성의류"", ""category2"": ""상의"", ""category3"": ""긴소매 티셔츠"", ""category3_code"": 268103102, ""is_new"": false, ""item_no"": 4081117, ""period_sort"": ""ONE_DAY"", ""platform"": ""29cm"", ""ranking_category_code"": ""268103100"", ""ranking_category_name"": ""여성의류>상의"", ""review_avg"": 4.5, ""sale_percent"": 23, ""sale_price"": 37490, ""sold_out"": false, ""url"": ""https://product.29cm.co.kr/catalog/4081117""}",2026-10-06T01:00:30+00:00_6b919dbf
2026-10-06T10:00:30+09:00,2026-10-06T01:00:31+00:00,commerce_rank,Henley 3/4 Sleeve Tee_Melange Gray,29cm:4081120,heart_count,10282.0,"{""brand_eng"": ""108POUND"", ""brand_kor"": ""108파운드"", ""brand_no"": 86198, ""category1"": ""여성의류"", ""category2"": ""상의"", ""category3"": ""긴소매 티셔츠"", ""category3_code"": 268103102, ""is_new"": false, ""item_no"": 4081120, ""period_sort"": ""ONE_DAY"", ""platform"": ""29cm"", ""ranking_category_code"": ""268103100"", ""ranking_category_name"": ""여성의류>상의"", ""review_avg"": 4.5, ""sale_percent"": 21, ""sale_price"": 45850, ""sold_out"": false, ""url"": ""https://product.29cm.co.kr/catalog/4081120""}",2026-10-06T01:00:30+00:00_6b919dbf
2026-10-06T10:00:30+09:00,2026-10-06T01:00:31+00:00,commerce_rank,Henley 3/4 Sleeve Tee_Melange Gray,29cm:4081120,review_count,101.0,"{""brand_eng"": ""108POUND"", ""brand_kor"": ""108파운드"", ""brand_no"": 86198, ""category1"": ""여성의류"", ""category2"": ""상의"", ""category3"": ""긴소매 티셔츠"", ""category3_code"": 268103102, ""is_new"": false, ""item_no"": 4081120, ""period_sort"": ""ONE_DAY"", ""platform"": ""29cm"", ""ranking_category_code"": ""268103100"", ""ranking_category_name"": ""여성의류>상의"", ""review_avg"": 4.5, ""sale_percent"": 21, ""sale_price"": 45850, ""sold_out"": false, ""url"": ""https://product.29cm.co.kr/catalog/4081120""}",2026-10-06T01:00:30+00:00_6b919dbf
2026-10-06T10:00:30+09:00,2026-10-06T01:00:31+00:00,commerce_rank,Henley 3/4 Sleeve Tee_Melange Gray,29cm:4081120@268103100,rank,54.0,"{""brand_eng"": ""108POUND"", ""brand_kor"": ""108파운드"", ""brand_no"": 86198, ""category1"": ""여성의류"", ""category2"": ""상의"", ""category3"": ""긴소매 티셔츠"", ""category3_code"": 268103102, ""is_new"": false, ""item_no"": 4081120, ""period_sort"": ""ONE_DAY"", ""platform"": ""29cm"", ""ranking_category_code"": ""268103100"", ""ranking_category_name"": ""여성의류>상의"", ""review_avg"": 4.5, ""sale_percent"": 21, ""sale_price"": 45850, ""sold_out"": false, ""url"": ""https://product.29cm.co.kr/catalog/4081120""}",2026-10-06T01:00:30+00:00_6b919dbf
2026-10-06T10:00:30+09:00,2026-10-06T01:00:31+00:00,commerce_rank,와플 래글런 LST (Dark Navy),29cm:4088282,heart_count,2510.0,"{""brand_eng"": ""ENZO BLUES"", ""brand_kor"": ""엔조블루스"", ""brand_no"": 1549, ""category1"": ""여성의류"", ""category2"": ""상의"", ""category3"": ""긴소매 티셔츠"", ""category3_code"": 268103102, ""is_new"": false, ""item_no"": 4088282, ""period_sort"": ""ONE_DAY"", ""platform"": ""29cm"", ""ranking_category_code"": ""268103100"", ""ranking_category_name"": ""여성의류>상의"", ""review_avg"": 5.0, ""sale_percent"": 19, ""sale_price"": 63990, ""sold_out"": false, ""url"": ""https://product.29cm.co.kr/catalog/4088282""}",2026-10-06T01:00:30+00:00_6b919dbf
2026-10-06T10:00:30+09:00,2026-10-06T01:00:31+00:00,commerce_rank,와플 래글런 LST (Dark Navy),29cm:4088282,review_count,18.0,"{""brand_eng"": ""ENZO BLUES"", ""brand_kor"": ""엔조블루스"", ""brand_no"": 1549, ""category1"": ""여성의류"", ""category2"": ""상의"", ""category3"": ""긴소매 티셔츠"", ""category3_code"": 268103102, ""is_new"": false, ""item_no"": 4088282, ""period_sort"": ""ONE_DAY"", ""platform"": ""29cm"", ""ranking_category_code"": ""268103100"", ""ranking_category_name"": ""여성의류>상의"", ""review_avg"": 5.0, ""sale_percent"": 19, ""sale_price"": 63990, ""sold_out"": false, ""url"": ""https://product.29cm.co.kr/catalog/4088282""}",2026-10-06T01:00:30+00:00_6b919dbf
2026-10-06T10:00:30+09:00,2026-10-06T01:00:31+00:00,commerce_rank,와플 래글런 LST (Dark Navy),29cm:4088282@268103100,rank,58.0,"{""brand_eng"": ""ENZO BLUES"", ""brand_kor"": ""엔조블루스"", ""brand_no"": 1549, ""category1"": ""여성의류"", ""category2"": ""상의"", ""category3"": ""긴소매 티셔츠"", ""category3_code"": 268103102, ""is_new"": false, ""item_no"": 4088282, ""period_sort"": ""ONE_DAY"", ""platform"": ""29cm"", ""ranking_category_code"": ""268103100"", ""ranking_category_name"": ""여성의류>상의"", ""review_avg"": 5.0, ""sale_percent"": 19, ""sale_price"": 63990, ""sold_out"": false, ""url"": ""https://product.29cm.co.kr/catalog/4088282""}",2026-10-06T01:00:30+00:00_6b919dbf
2026-10-06T10:00:30+09:00,2026-10-06T01:00:32+00:00,commerce_rank,오션 토템 폴라 후디드 풀오버(4colors) NFL2226,29cm:4095396,heart_count,1676.0,"{""brand_eng"": ""NAUTICA"", ""brand_kor"": ""노티카"", ""brand_no"": 17425, ""category1"": ""남성의류"", ""category2"": ""상의"", ""category3"": ""후디"", ""category3_code"": 272103108, ""is_new"": false, ""item_no"": 4095396, ""period_sort"": ""ONE_DAY"", ""platform"": ""29cm"", ""ranking_category_code"": ""272103100"", ""ranking_category_name"": ""남성의류>상의"", ""review_avg"": 5.0, ""sale_percent"": 10, ""sale_price"": 80100, ""sold_out"": false, ""url"": ""https://product.29cm.co.kr/catalog/4095396""}",2026-10-06T01:00:30+00:00_6b919dbf
2026-10-06T10:00:30+09:00,2026-10-06T01:00:32+00:00,commerce_rank,오션 토템 폴라 후디드 풀오버(4colors) NFL2226,29cm:4095396,review_count,10.0,"{""brand_eng"": ""NAUTICA"", ""brand_kor"": ""노티카"", ""brand_no"": 17425, ""category1"": ""남성의류"", ""category2"": ""상의"", ""category3"": ""후디"", ""category3_code"": 272103108, ""is_new"": false, ""item_no"": 4095396, ""period_sort"": ""ONE_DAY"", ""platform"": ""29cm"", ""ranking_category_code"": ""272103100"", ""ranking_category_name"": ""남성의류>상의"", ""review_avg"": 5.0, ""sale_percent"": 10, ""sale_price"": 80100, ""sold_out"": false, ""url"": ""https://product.29cm.co.kr/catalog/4095396""}",2026-10-06T01:00:30+00:00_6b919dbf
2026-10-06T10:00:30+09:00,2026-10-06T01:00:32+00:00,commerce_rank,오션 토템 폴라 후디드 풀오버(4colors) NFL2226,29cm:4095396@272103100,rank,52.0,"{""brand_eng"": ""NAUTICA"", ""brand_kor"": ""노티카"", ""brand_no"": 17425, ""category1"": ""남성의류"", ""category2"": ""상의"", ""category3"": ""후디"", ""category3_code"": 272103108, ""is_new"": false, ""item_no"": 4095396, ""period_sort"": ""ONE_DAY"", ""platform"": ""29cm"", ""ranking_category_code"": ""272103100"", ""ranking_category_name"": ""남성의류>상의"", ""review_avg"": 5.0, ""sale_percent"": 10, ""sale_price"": 80100, ""sold_out"": false, ""url"": ""https://product.29cm.co.kr/catalog/4095396""}",2026-10-06T01:00:30+00:00_6b919dbf
2026-10-06T10:00:30+09:00,2026-10-06T01:00:31+00:00,commerce_rank,50s RAGLAN GRAPHIC T-SHIRT_NAVY,29cm:4096889,heart_count,9203.0,"{""brand_eng"": ""TTUDEMENT"", ""brand_kor"": ""튜드먼트"", ""brand_no"": 36259, ""category1"": ""여성의류"", ""category2"": ""상의"", ""category3"": ""긴소매 티셔츠"", ""category3_code"": 268103102, ""is_new"": false, ""item_no"": 4096889, ""period_sort"": ""ONE_DAY"", ""platform"": ""29cm"", ""ranking_category_code"": ""268103100"", ""ranking_category_name"": ""여성의류>상의"", ""review_avg"": 5.0, ""sale_percent"": 28, ""sale_price"": 50510, ""sold_out"": false, ""url"": ""https://product.29cm.co.kr/catalog/4096889""}",2026-10-06T01:00:30+00:00_6b919dbf
2026-10-06T10:00:30+09:00,2026-10-06T01:00:31+00:00,commerce_rank,50s RAGLAN GRAPHIC T-SHIRT_NAVY,29cm:4096889,review_count,75.0,"{""brand_eng"": ""TTUDEMENT"", ""brand_kor"": ""튜드먼트"", ""brand_no"": 36259, ""category1"": ""여성의류"", ""category2"": ""상의"", ""category3"": ""긴소매 티셔츠"", ""category3_code"": 268103102, ""is_new"": false, ""item_no"": 4096889, ""period_sort"": ""ONE_DAY"", ""platform"": ""29cm"", ""ranking_category_code"": ""268103100"", ""ranking_category_name"": ""여성의류>상의"", ""review_avg"": 5.0, ""sale_percent"": 28, ""sale_price"": 50510, ""sold_out"": false, ""url"": ""https://product.29cm.co.kr/catalog/4096889""}",2026-10-06T01:00:30+00:00_6b919dbf
2026-10-06T10:00:30+09:00,2026-10-06T01:00:31+00:00,commerce_rank,50s RAGLAN GRAPHIC T-SHIRT_NAVY,29cm:4096889@268103100,rank,29.0,"{""brand_eng"": ""TTUDEMENT"", ""brand_kor"": ""튜드먼트"", ""brand_no"": 36259, ""category1"": ""여성의류"", ""category2"": ""상의"", ""category3"": ""긴소매 티셔츠"", ""category3_code"": 268103102, ""is_new"": false, ""item_no"": 4096889, ""period_sort"": ""ONE_DAY"", ""platform"": ""29cm"", ""ranking_category_code"": ""268103100"", ""ranking_category_name"": ""여성의류>상의"", ""review_avg"": 5.0, ""sale_percent"": 28, ""sale_price"": 50510, ""sold_out"": false, ""url"": ""https://product.29cm.co.kr/catalog/4096889""}",2026-10-06T01:00:30+00:00_6b919dbf
2026-10-06T10:00:30+09:00,2026-10-06T01:00:31+00:00,commerce_rank,"[디렉터픽] REGULAR WAFFLE HENLEY LONG SLEEVE, GRAY",29cm:4099039,heart_count,3208.0,"{""brand_eng"": ""PLZPROJECT"", ""brand_kor"": ""플리즈프로젝트"", ""brand_no"": 18645, ""category1"": ""여성의류"", ""category2"": ""상의"", ""category3"": ""긴소매 티셔츠"", ""category3_code"": 268103102, ""is_new"": false, ""item_no"": 4099039, ""period_sort"": ""ONE_DAY"", ""platform"": ""29cm"", ""ranking_category_code"": ""268103100"", ""ranking_category_name"": ""여성의류>상의"", ""review_avg"": 4.5, ""sale_percent"": 10, ""sale_price"": 52200, ""sold_out"": false, ""url"": ""https://product.29cm.co.kr/catalog/4099039""}",2026-10-06T01:00:30+00:00_6b919dbf
2026-10-06T10:00:30+09:00,2026-10-06T01:00:31+00:00,commerce_rank,"[디렉터픽] REGULAR WAFFLE HENLEY LONG SLEEVE, GRAY",29cm:4099039,review_count,22.0,"{""brand_eng"": ""PLZPROJECT"", ""brand_kor"": ""플리즈프로젝트"", ""brand_no"": 18645, ""category1"": ""여성의류"", ""category2"": ""상의"", ""category3"": ""긴소매 티셔츠"", ""category3_code"": 268103102, ""is_new"": false, ""item_no"": 4099039, ""period_sort"": ""ONE_DAY"", ""platform"": ""29cm"", ""ranking_category_code"": ""268103100"", ""ranking_category_name"": ""여성의류>상의"", ""review_avg"": 4.5, ""sale_percent"": 10, ""sale_price"": 52200, ""sold_out"": false, ""url"": ""https://product.29cm.co.kr/catalog/4099039""}",2026-10-06T01:00:30+00:00_6b919dbf
2026-10-06T10:00:30+09:00,2026-10-06T01:00:31+00:00,commerce_rank,"[디렉터픽] REGULAR WAFFLE HENLEY LONG SLEEVE, GRAY",29cm:4099039@268103100,rank,26.0,"{""brand_eng"": ""PLZPROJECT"", ""brand_kor"": ""플리즈프로젝트"", ""brand_no"": 18645, ""category1"": ""여성의류"", ""category2"": ""상의"", ""category3"": ""긴소매 티셔츠"", ""category3_code"": 268103102, ""is_new"": false, ""item_no"": 4099039, ""period_sort"": ""ONE_DAY"", ""platform"": ""29cm"", ""ranking_category_code"": ""268103100"", ""ranking_category_name"": ""여성의류>상의"", ""review_avg"": 4.5, ""sale_percent"": 10, ""sale_price"": 52200, ""sold_out"": false, ""url"": ""https://product.29cm.co.kr/catalog/4099039""}",2026-10-06T01:00:30+00:00_6b919dbf
2026-10-06T10:00:30+09:00,2026-10-06T01:00:31+00:00,commerce_rank,"[디렉터픽][2차] DAMAGE WAFFLE LONG SLEEVE, CHARCOAL",29cm:4099045,heart_count,2139.0,"{""brand_eng"": ""PLZPROJECT"", ""brand_kor"": ""플리즈프로젝트"", ""brand_no"": 18645, ""category1"": ""여성의류"", ""category2"": ""상의"", ""category3"": ""긴소매 티셔츠"", ""category3_code"": 268103102, ""is_new"": false, ""item_no"": 4099045, ""period_sort"": ""ONE_DAY"", ""platform"": ""29cm"", ""ranking_category_code"": ""268103100"", ""ranking_category_name"": ""여성의류>상의"", ""review_avg"": 5.0, ""sale_percent"": 10, ""sale_price"": 53100, ""sold_out"": false, ""url"": ""https://product.29cm.co.kr/catalog/4099045""}",2026-10-06T01:00:30+00:00_6b919dbf
2026-10-06T10:00:30+09:00,2026-10-06T01:00:31+00:00,commerce_rank,"[디렉터픽][2차] DAMAGE WAFFLE LONG SLEEVE, CHARCOAL",29cm:4099045,review_count,24.0,"{""brand_eng"": ""PLZPROJECT"", ""brand_kor"": ""플리즈프로젝트"", ""brand_no"": 18645, ""category1"": ""여성의류"", ""category2"": ""상의"", ""category3"": ""긴소매 티셔츠"", ""category3_code"": 268103102, ""is_new"": false, ""item_no"": 4099045, ""period_sort"": ""ONE_DAY"", ""platform"": ""29cm"", ""ranking_category_code"": ""268103100"", ""ranking_category_name"": ""여성의류>상의"", ""review_avg"": 5.0, ""sale_percent"": 10, ""sale_price"": 53100, ""sold_out"": false, ""url"": ""https://product.29cm.co.kr/catalog/4099045""}",2026-10-06T01:00:30+00:00_6b919dbf
2026-10-06T10:00:30+09:00,2026-10-06T01:00:31+00:00,commerce_rank,"[디렉터픽][2차] DAMAGE WAFFLE LONG SLEEVE, CHARCOAL",29cm:4099045@268103100,rank,21.0,"{""brand_eng"": ""PLZPROJECT"", ""brand_kor"": ""플리즈프로젝트"", ""brand_no"": 18645, ""category1"": ""여성의류"", ""category2"": ""상의"", ""category3"": ""긴소매 티셔츠"", ""category3_code"": 268103102, ""is_new"": false, ""item_no"": 4099045, ""period_sort"": ""ONE_DAY"", ""platform"": ""29cm"", ""ranking_category_code"": ""268103100"", ""ranking_category_name"": ""여성의류>상의"", ""review_avg"": 5.0, ""sale_percent"": 10, ""sale_price"": 53100, ""sold_out"": false, ""url"": ""https://product.29cm.co.kr/catalog/4099045""}",2026-10-06T01:00:30+00:00_6b919dbf
2026-10-06T10:00:30+09:00,2026-10-06T01:00:32+00:00,commerce_rank,로고 와플 롱슬리브 티셔츠 Grey Melange,29cm:4109966,heart_count,183.0,"{""brand_eng"": ""CHAMPION"", ""brand_kor"": ""챔피온"", ""brand_no"": 71185, ""category1"": ""여성의류"", ""category2"": ""상의"", ""category3"": ""긴소매 티셔츠"", ""category3_code"": 268103102, ""is_new"": false, ""item_no"": 4109966, ""period_sort"": ""ONE_DAY"", ""platform"": ""29cm"", ""ranking_category_code"": ""272103100"", ""ranking_category_name"": ""남성의류>상의"", ""review_avg"": 4.5, ""sale_percent"": 10, ""sale_price"": 80100, ""sold_out"": false, ""url"": ""https://product.29cm.co.kr/catalog/4109966""}",2026-10-06T01:00:30+00:00_6b919dbf
2026-10-06T10:00:30+09:00,2026-10-06T01:00:32+00:00,commerce_rank,로고 와플 롱슬리브 티셔츠 Grey Melange,29cm:4109966,review_count,4.0,"{""brand_eng"": ""CHAMPION"", ""brand_kor"": ""챔피온"", ""brand_no"": 71185, ""category1"": ""여성의류"", ""category2"": ""상의"", ""category3"": ""긴소매 티셔츠"", ""category3_code"": 268103102, ""is_new"": false, ""item_no"": 4109966, ""period_sort"": ""ONE_DAY"", ""platform"": ""29cm"", ""ranking_category_code"": ""272103100"", ""ranking_category_name"": ""남성의류>상의"", ""review_avg"": 4.5, ""sale_percent"": 10, ""sale_price"": 80100, ""sold_out"": false, ""url"": ""https://product.29cm.co.kr/catalog/4109966""}",2026-10-06T01:00:30+00:00_6b919dbf
2026-10-06T10:00:30+09:00,2026-10-06T01:00:32+00:00,commerce_rank,로고 와플 롱슬리브 티셔츠 Grey Melange,29cm:4109966@272103100,rank,62.0,"{""brand_eng"": ""CHAMPION"", ""brand_kor"": ""챔피온"", ""brand_no"": 71185, ""category1"": ""여성의류"", ""category2"": ""상의"", ""category3"": ""긴소매 티셔츠"", ""category3_code"": 268103102, ""is_new"": false, ""item_no"": 4109966, ""period_sort"": ""ONE_DAY"", ""platform"": ""29cm"", ""ranking_category_code"": ""272103100"", ""ranking_category_name"": ""남성의류>상의"", ""review_avg"": 4.5, ""sale_percent"": 10, ""sale_price"": 80100, ""sold_out"": false, ""url"": ""https://product.29cm.co.kr/catalog/4109966""}",2026-10-06T01:00:30+00:00_6b919dbf
2026-10-06T10:00:30+09:00,2026-10-06T01:00:31+00:00,commerce_rank,[오제 PICK]BRUSHED ZIP UP MTM [TIFA04LT03]_Melange,29cm:4110885,heart_count,1223.0,"{""brand_eng"": ""TILLIDIE"", ""brand_kor"": ""틸아이다이"", ""brand_no"": 3421, ""category1"": ""여성의류"", ""category2"": ""상의"", ""category3"": ""스웨트셔츠"", ""category3_code"": 268103104, ""is_new"": false, ""item_no"": 4110885, ""period_sort"": ""ONE_DAY"", ""platform"": ""29cm"", ""ranking_category_code"": ""268103100"", ""ranking_category_name"": ""여성의류>상의"", ""review_avg"": 5.0, ""sale_percent"": 17, ""sale_price"": 90800, ""sold_out"": false, ""url"": ""https://product.29cm.co.kr/catalog/4110885""}",2026-10-06T01:00:30+00:00_6b919dbf
2026-10-06T10:00:30+09:00,2026-10-06T01:00:31+00:00,commerce_rank,[오제 PICK]BRUSHED ZIP UP MTM [TIFA04LT03]_Melange,29cm:4110885,review_count,3.0,"{""brand_eng"": ""TILLIDIE"", ""brand_kor"": ""틸아이다이"", ""brand_no"": 3421, ""category1"": ""여성의류"", ""category2"": ""상의"", ""category3"": ""스웨트셔츠"", ""category3_code"": 268103104, ""is_new"": false, ""item_no"": 4110885, ""period_sort"": ""ONE_DAY"", ""platform"": ""29cm"", ""ranking_category_code"": ""268103100"", ""ranking_category_name"": ""여성의류>상의"", ""review_avg"": 5.0, ""sale_percent"": 17, ""sale_price"": 90800, ""sold_out"": false, ""url"": ""https://product.29cm.co.kr/catalog/4110885""}",2026-10-06T01:00:30+00:00_6b919dbf
2026-10-06T10:00:30+09:00,2026-10-06T01:00:31+00:00,commerce_rank,[오제 PICK]BRUSHED ZIP UP MTM [TIFA04LT03]_Melange,29cm:4110885@268103100,rank,71.0,"{""brand_eng"": ""TILLIDIE"", ""brand_kor"": ""틸아이다이"", ""brand_no"": 3421, ""category1"": ""여성의류"", ""category2"": ""상의"", ""category3"": ""스웨트셔츠"", ""category3_code"": 268103104, ""is_new"": false, ""item_no"": 4110885, ""period_sort"": ""ONE_DAY"", ""platform"": ""29cm"", ""ranking_category_code"": ""268103100"", ""ranking_category_name"": ""여성의류>상의"", ""review_avg"": 5.0, ""sale_percent"": 17, ""sale_price"": 90800, ""sold_out"": false, ""url"": ""https://product.29cm.co.kr/catalog/4110885""}",2026-10-06T01:00:30+00:00_6b919dbf
2026-10-06T10:00:30+09:00,2026-10-06T01:00:31+00:00,commerce_rank,MAISON DE ROLA EMBROIDERY STRIPE LONG SLEEVE L/GR+NV,29cm:4115527,heart_count,1056.0,"{""brand_eng"": ""rolarola"", ""brand_kor"": ""로라로라"", ""brand_no"": 2250, ""category1"": ""여성의류"", ""category2"": ""상의"", ""category3"": ""긴소매 티셔츠"", ""category3_code"": 268103102, ""is_new"": false, ""item_no"": 4115527, ""period_sort"": ""ONE_DAY"", ""platform"": ""29cm"", ""ranking_category_code"": ""268103100"", ""ranking_category_name"": ""여성의류>상의"", ""review_avg"": 4.5, ""sale_percent"": 28, ""sale_price"": 49680, ""sold_out"": false, ""url"": ""https://product.29cm.co.kr/catalog/4115527""}",2026-10-06T01:00:30+00:00_6b919dbf
2026-10-06T10:00:30+09:00,2026-10-06T01:00:31+00:00,commerce_rank,MAISON DE ROLA EMBROIDERY STRIPE LONG SLEEVE L/GR+NV,29cm:4115527,review_count,10.0,"{""brand_eng"": ""rolarola"", ""brand_kor"": ""로라로라"", ""brand_no"": 2250, ""category1"": ""여성의류"", ""category2"": ""상의"", ""category3"": ""긴소매 티셔츠"", ""category3_code"": 268103102, ""is_new"": false, ""item_no"": 4115527, ""period_sort"": ""ONE_DAY"", ""platform"": ""29cm"", ""ranking_category_code"": ""268103100"", ""ranking_category_name"": ""여성의류>상의"", ""review_avg"": 4.5, ""sale_percent"": 28, ""sale_price"": 49680, ""sold_out"": false, ""url"": ""https://product.29cm.co.kr/catalog/4115527""}",2026-10-06T01:00:30+00:00_6b919dbf
2026-10-06T10:00:30+09:00,2026-10-06T01:00:31+00:00,commerce_rank,MAISON DE ROLA EMBROIDERY STRIPE LONG SLEEVE L/GR+NV,29cm:4115527@268103100,rank,98.0,"{""brand_eng"": ""rolarola"", ""brand_kor"": ""로라로라"", ""brand_no"": 2250, ""category1"": ""여성의류"", ""category2"": ""상의"", ""category3"": ""긴소매 티셔츠"", ""category3_code"": 268103102, ""is_new"": false, ""item_no"": 4115527, ""period_sort"": ""ONE_DAY"", ""platform"": ""29cm"", ""ranking_category_code"": ""268103100"", ""ranking_category_name"": ""여성의류>상의"", ""review_avg"": 4.5, ""sale_percent"": 28, ""sale_price"": 49680, ""sold_out"": false, ""url"": ""https://product.29cm.co.kr/catalog/4115527""}",2026-10-06T01:00:30+00:00_6b919dbf
2026-10-06T10:00:30+09:00,2026-10-06T01:00:31+00:00,commerce_rank,"[소담,유미 pick]Daily Soft Slim Raglan Tee_CTT3039(6color)",29cm:4117309,heart_count,11332.0,"{""brand_eng"": ""CITTA"", ""brand_kor"": ""씨타"", ""brand_no"": 71833, ""category1"": ""여성의류"", ""category2"": ""상의"", ""category3"": ""긴소매 티셔츠"", ""category3_code"": 268103102, ""is_new"": false, ""item_no"": 4117309, ""period_sort"": ""ONE_DAY"", ""platform"": ""29cm"", ""ranking_category_code"": ""268103100"", ""ranking_category_name"": ""여성의류>상의"", ""review_avg"": 4.5, ""sale_percent"": 17, ""sale_price"": 37260, ""sold_out"": false, ""url"": ""https://product.29cm.co.kr/catalog/4117309""}",2026-10-06T01:00:30+00:00_6b919dbf
2026-10-06T10:00:30+09:00,2026-10-06T01:00:31+00:00,commerce_rank,"[소담,유미 pick]Daily Soft Slim Raglan Tee_CTT3039(6color)",29cm:4117309,review_count,69.0,"{""brand_eng"": ""CITTA"", ""brand_kor"": ""씨타"", ""brand_no"": 71833, ""category1"": ""여성의류"", ""category2"": ""상의"", ""category3"": ""긴소매 티셔츠"", ""category3_code"": 268103102, ""is_new"": false, ""item_no"": 4117309, ""period_sort"": ""ONE_DAY"", ""platform"": ""29cm"", ""ranking_category_code"": ""268103100"", ""ranking_category_name"": ""여성의류>상의"", ""review_avg"": 4.5, ""sale_percent"": 17, ""sale_price"": 37260, ""sold_out"": false, ""url"": ""https://product.29cm.co.kr/catalog/4117309""}",2026-10-06T01:00:30+00:00_6b919dbf
2026-10-06T10:00:30+09:00,2026-10-06T01:00:31+00:00,commerce_rank,"[소담,유미 pick]Daily Soft Slim Raglan Tee_CTT3039(6color)",29cm:4117309@268103100,rank,13.0,"{""brand_eng"": ""CITTA"", ""brand_kor"": ""씨타"", ""brand_no"": 71833, ""category1"": ""여성의류"", ""category2"": ""상의"", ""category3"": ""긴소매 티셔츠"", ""category3_code"": 268103102, ""is_new"": false, ""item_no"": 4117309, ""period_sort"": ""ONE_DAY"", ""platform"": ""29cm"", ""ranking_category_code"": ""268103100"", ""ranking_category_name"": ""여성의류>상의"", ""review_avg"": 4.5, ""sale_percent"": 17, ""sale_price"": 37260, ""sold_out"": false, ""url"": ""https://product.29cm.co.kr/catalog/4117309""}",2026-10-06T01:00:30+00:00_6b919dbf
2026-10-06T10:00:30+09:00,2026-10-06T01:00:32+00:00,commerce_rank,리브드 헨리넥 롱슬리브_8Color,29cm:4118543,heart_count,51.0,"{""brand_eng"": ""MOODINSIDE"", ""brand_kor"": ""무드인사이드"", ""brand_no"": 98995, ""category1"": ""남성의류"", ""category2"": ""상의"", ""category3"": ""긴소매 티셔츠"", ""category3_code"": 272103102, ""is_new"": false, ""item_no"": 4118543, ""period_sort"": ""ONE_DAY"", ""platform"": ""29cm"", ""ranking_category_code"": ""272103100"", ""ranking_category_name"": ""남성의류>상의"", ""review_avg"": 0.0, ""sale_percent"": 33, ""sale_price"": 39900, ""sold_out"": false, ""url"": ""https://product.29cm.co.kr/catalog/4118543""}",2026-10-06T01:00:30+00:00_6b919dbf
2026-10-06T10:00:30+09:00,2026-10-06T01:00:32+00:00,commerce_rank,리브드 헨리넥 롱슬리브_8Color,29cm:4118543,review_count,0.0,"{""brand_eng"": ""MOODINSIDE"", ""brand_kor"": ""무드인사이드"", ""brand_no"": 98995, ""category1"": ""남성의류"", ""category2"": ""상의"", ""category3"": ""긴소매 티셔츠"", ""category3_code"": 272103102, ""is_new"": false, ""item_no"": 4118543, ""period_sort"": ""ONE_DAY"", ""platform"": ""29cm"", ""ranking_category_code"": ""272103100"", ""ranking_category_name"": ""남성의류>상의"", ""review_avg"": 0.0, ""sale_percent"": 33, ""sale_price"": 39900, ""sold_out"": false, ""url"": ""https://product.29cm.co.kr/catalog/4118543""}",2026-10-06T01:00:30+00:00_6b919dbf
2026-10-06T10:00:30+09:00,2026-10-06T01:00:32+00:00,commerce_rank,리브드 헨리넥 롱슬리브_8Color,29cm:4118543@272103100,rank,32.0,"{""brand_eng"": ""MOODINSIDE"", ""brand_kor"": ""무드인사이드"", ""brand_no"": 98995, ""category1"": ""남성의류"", ""category2"": ""상의"", ""category3"": ""긴소매 티셔츠"", ""category3_code"": 272103102, ""is_new"": false, ""item_no"": 4118543, ""period_sort"": ""ONE_DAY"", ""platform"": ""29cm"", ""ranking_category_code"": ""272103100"", ""ranking_category_name"": ""남성의류>상의"", ""review_avg"": 0.0, ""sale_percent"": 33, ""sale_price"": 39900, ""sold_out"": false, ""url"": ""https://product.29cm.co.kr/catalog/4118543""}",2026-10-06T01:00:30+00:00_6b919dbf
2026-10-06T10:00:30+09:00,2026-10-06T01:00:32+00:00,commerce_rank,스웻 크롭 반집업_6Color,29cm:4118913,heart_count,848.0,"{""brand_eng"": ""MOODINSIDE"", ""brand_kor"": ""무드인사이드"", ""brand_no"": 98995, ""category1"": ""남성의류"", ""category2"": ""상의"", ""category3"": ""스웨트셔츠"", ""category3_code"": 272103107, ""is_new"": false, ""item_no"": 4118913, ""period_sort"": ""ONE_DAY"", ""platform"": ""29cm"", ""ranking_category_code"": ""272103100"", ""ranking_category_name"": ""남성의류>상의"", ""review_avg"": 5.0, ""sale_percent"": 54, ""sale_price"": 54900, ""sold_out"": false, ""url"": ""https://product.29cm.co.kr/catalog/4118913""}",2026-10-06T01:00:30+00:00_6b919dbf
2026-10-06T10:00:30+09:00,2026-10-06T01:00:32+00:00,commerce_rank,스웻 크롭 반집업_6Color,29cm:4118913,review_count,23.0,"{""brand_eng"": ""MOODINSIDE"", ""brand_kor"": ""무드인사이드"", ""brand_no"": 98995, ""category1"": ""남성의류"", ""category2"": ""상의"", ""category3"": ""스웨트셔츠"", ""category3_code"": 272103107, ""is_new"": false, ""item_no"": 4118913, ""period_sort"": ""ONE_DAY"", ""platform"": ""29cm"", ""ranking_category_code"": ""272103100"", ""ranking_category_name"": ""남성의류>상의"", ""review_avg"": 5.0, ""sale_percent"": 54, ""sale_price"": 54900, ""sold_out"": false, ""url"": ""https://product.29cm.co.kr/catalog/4118913""}",2026-10-06T01:00:30+00:00_6b919dbf
2026-10-06T10:00:30+09:00,2026-10-06T01:00:32+00:00,commerce_rank,스웻 크롭 반집업_6Color,29cm:4118913@272103100,rank,35.0,"{""brand_eng"": ""MOODINSIDE"", ""brand_kor"": ""무드인사이드"", ""brand_no"": 98995, ""category1"": ""남성의류"", ""category2"": ""상의"", ""category3"": ""스웨트셔츠"", ""category3_code"": 272103107, ""is_new"": false, ""item_no"": 4118913, ""period_sort"": ""ONE_DAY"", ""platform"": ""29cm"", ""ranking_category_code"": ""272103100"", ""ranking_category_name"": ""남성의류>상의"", ""review_avg"": 5.0, ""sale_percent"": 54, ""sale_price"": 54900, ""sold_out"": false, ""url"": ""https://product.29cm.co.kr/catalog/4118913""}",2026-10-06T01:00:30+00:00_6b919dbf
2026-10-06T10:00:30+09:00,2026-10-06T01:00:31+00:00,commerce_rank,[7th_10/15 예약배송] Marc waffle t-shirt_Navy&grey,29cm:4120280,heart_count,4902.0,"{""brand_eng"": ""Tekto"", ""brand_kor"": ""텍토"", ""brand_no"": 75938, ""category1"": ""여성의류"", ""category2"": ""상의"", ""category3"": ""긴소매 티셔츠"", ""category3_code"": 268103102, ""is_new"": false, ""item_no"": 4120280, ""period_sort"": ""ONE_DAY"", ""platform"": ""29cm"", ""ranking_category_code"": ""268103100"", ""ranking_category_name"": ""여성의류>상의"", ""review_avg"": 4.5, ""sale_percent"": 14, ""sale_price"": 64130, ""sold_out"": false, ""url"": ""https://product.29cm.co.kr/catalog/4120280""}",2026-10-06T01:00:30+00:00_6b919dbf
2026-10-06T10:00:30+09:00,2026-10-06T01:00:31+00:00,commerce_rank,[7th_10/15 예약배송] Marc waffle t-shirt_Navy&grey,29cm:4120280,review_count,55.0,"{""brand_eng"": ""Tekto"", ""brand_kor"": ""텍토"", ""brand_no"": 75938, ""category1"": ""여성의류"", ""category2"": ""상의"", ""category3"": ""긴소매 티셔츠"", ""category3_code"": 268103102, ""is_new"": false, ""item_no"": 4120280, ""period_sort"": ""ONE_DAY"", ""platform"": ""29cm"", ""ranking_category_code"": ""268103100"", ""ranking_category_name"": ""여성의류>상의"", ""review_avg"": 4.5, ""sale_percent"": 14, ""sale_price"": 64130, ""sold_out"": false, ""url"": ""https://product.29cm.co.kr/catalog/4120280""}",2026-10-06T01:00:30+00:00_6b919dbf
2026-10-06T10:00:30+09:00,2026-10-06T01:00:31+00:00,commerce_rank,[7th_10/15 예약배송] Marc waffle t-shirt_Navy&grey,29cm:4120280@268103100,rank,72.0,"{""brand_eng"": ""Tekto"", ""brand_kor"": ""텍토"", ""brand_no"": 75938, ""category1"": ""여성의류"", ""category2"": ""상의"", ""category3"": ""긴소매 티셔츠"", ""category3_code"": 268103102, ""is_new"": false, ""item_no"": 4120280, ""period_sort"": ""ONE_DAY"", ""platform"": ""29cm"", ""ranking_category_code"": ""268103100"", ""ranking_category_name"": ""여성의류>상의"", ""review_avg"": 4.5, ""sale_percent"": 14, ""sale_price"": 64130, ""sold_out"": false, ""url"": ""https://product.29cm.co.kr/catalog/4120280""}",2026-10-06T01:00:30+00:00_6b919dbf
2026-10-06T10:00:30+09:00,2026-10-06T01:00:31+00:00,commerce_rank,[8th]Standard-fit Basic Sleeveless,29cm:4122652,heart_count,526.0,"{""brand_eng"": ""TORTE"", ""brand_kor"": ""토르테"", ""brand_no"": 104998, ""category1"": ""여성의류"", ""category2"": ""상의"", ""category3"": ""슬리브리스"", ""category3_code"": 268103103, ""is_new"": false, ""item_no"": 4122652, ""period_sort"": ""ONE_DAY"", ""platform"": ""29cm"", ""ranking_category_code"": ""268103100"", ""ranking_category_name"": ""여성의류>상의"", ""review_avg"": 5.0, ""sale_percent"": 37, ""sale_price"": 24570, ""sold_out"": false, ""url"": ""https://product.29cm.co.kr/catalog/4122652""}",2026-10-06T01:00:30+00:00_6b919dbf
2026-10-06T10:00:30+09:00,2026-10-06T01:00:31+00:00,commerce_rank,[8th]Standard-fit Basic Sleeveless,29cm:4122652,review_count,13.0,"{""brand_eng"": ""TORTE"", ""brand_kor"": ""토르테"", ""brand_no"": 104998, ""category1"": ""여성의류"", ""category2"": ""상의"", ""category3"": ""슬리브리스"", ""category3_code"": 268103103, ""is_new"": false, ""item_no"": 4122652, ""period_sort"": ""ONE_DAY"", ""platform"": ""29cm"", ""ranking_category_code"": ""268103100"", ""ranking_category_name"": ""여성의류>상의"", ""review_avg"": 5.0, ""sale_percent"": 37, ""sale_price"": 24570, ""sold_out"": false, ""url"": ""https://product.29cm.co.kr/catalog/4122652""}",2026-10-06T01:00:30+00:00_6b919dbf
2026-10-06T10:00:30+09:00,2026-10-06T01:00:31+00:00,commerce_rank,[8th]Standard-fit Basic Sleeveless,29cm:4122652@268103100,rank,32.0,"{""brand_eng"": ""TORTE"", ""brand_kor"": ""토르테"", ""brand_no"": 104998, ""category1"": ""여성의류"", ""category2"": ""상의"", ""category3"": ""슬리브리스"", ""category3_code"": 268103103, ""is_new"": false, ""item_no"": 4122652, ""period_sort"": ""ONE_DAY"", ""platform"": ""29cm"", ""ranking_category_code"": ""268103100"", ""ranking_category_name"": ""여성의류>상의"", ""review_avg"": 5.0, ""sale_percent"": 37, ""sale_price"": 24570, ""sold_out"": false, ""url"": ""https://product.29cm.co.kr/catalog/4122652""}",2026-10-06T01:00:30+00:00_6b919dbf
2026-10-06T10:00:30+09:00,2026-10-06T01:00:31+00:00,commerce_rank,[5th]Boat Neck 3/4 Sleeve T-Shirt,29cm:4122668,heart_count,496.0,"{""brand_eng"": ""TORTE"", ""brand_kor"": ""토르테"", ""brand_no"": 104998, ""category1"": ""여성의류"", ""category2"": ""상의"", ""category3"": ""긴소매 티셔츠"", ""category3_code"": 268103102, ""is_new"": false, ""item_no"": 4122668, ""period_sort"": ""ONE_DAY"", ""platform"": ""29cm"", ""ranking_category_code"": ""268103100"", ""ranking_category_name"": ""여성의류>상의"", ""review_avg"": 5.0, ""sale_percent"": 37, ""sale_price"": 26460, ""sold_out"": false, ""url"": ""https://product.29cm.co.kr/catalog/4122668""}",2026-10-06T01:00:30+00:00_6b919dbf
2026-10-06T10:00:30+09:00,2026-10-06T01:00:31+00:00,commerce_rank,[5th]Boat Neck 3/4 Sleeve T-Shirt,29cm:4122668,review_count,11.0,"{""brand_eng"": ""TORTE"", ""brand_kor"": ""토르테"", ""brand_no"": 104998, ""category1"": ""여성의류"", ""category2"": ""상의"", ""category3"": ""긴소매 티셔츠"", ""category3_code"": 268103102, ""is_new"": false, ""item_no"": 4122668, ""period_sort"": ""ONE_DAY"", ""platform"": ""29cm"", ""ranking_category_code"": ""268103100"", ""ranking_category_name"": ""여성의류>상의"", ""review_avg"": 5.0, ""sale_percent"": 37, ""sale_price"": 26460, ""sold_out"": false, ""url"": ""https://product.29cm.co.kr/catalog/4122668""}",2026-10-06T01:00:30+00:00_6b919dbf
2026-10-06T10:00:30+09:00,2026-10-06T01:00:31+00:00,commerce_rank,[5th]Boat Neck 3/4 Sleeve T-Shirt,29cm:4122668@268103100,rank,34.0,"{""brand_eng"": ""TORTE"", ""brand_kor"": ""토르테"", ""brand_no"": 104998, ""category1"": ""여성의류"", ""category2"": ""상의"", ""category3"": ""긴소매 티셔츠"", ""category3_code"": 268103102, ""is_new"": false, ""item_no"": 4122668, ""period_sort"": ""ONE_DAY"", ""platform"": ""29cm"", ""ranking_category_code"": ""268103100"", ""ranking_category_name"": ""여성의류>상의"", ""review_avg"": 5.0, ""sale_percent"": 37, ""sale_price"": 26460, ""sold_out"": false, ""url"": ""https://product.29cm.co.kr/catalog/4122668""}",2026-10-06T01:00:30+00:00_6b919dbf
2026-10-06T10:00:30+09:00,2026-10-06T01:00:32+00:00,commerce_rank,[1st Reorder] Raw Edge L/S Tee - 3 Color,29cm:4127841,heart_count,441.0,"{""brand_eng"": ""NWT"", ""brand_kor"": ""엔더블유티"", ""brand_no"": 1813, ""category1"": ""남성의류"", ""category2"": ""상의"", ""category3"": ""긴소매 티셔츠"", ""category3_code"": 272103102, ""is_new"": false, ""item_no"": 4127841, ""period_sort"": ""ONE_DAY"", ""platform"": ""29cm"", ""ranking_category_code"": ""272103100"", ""ranking_category_name"": ""남성의류>상의"", ""review_avg"": 0.0, ""sale_percent"": 0, ""sale_price"": 68000, ""sold_out"": false, ""url"": ""https://product.29cm.co.kr/catalog/4127841""}",2026-10-06T01:00:30+00:00_6b919dbf
2026-10-06T10:00:30+09:00,2026-10-06T01:00:32+00:00,commerce_rank,[1st Reorder] Raw Edge L/S Tee - 3 Color,29cm:4127841,review_count,0.0,"{""brand_eng"": ""NWT"", ""brand_kor"": ""엔더블유티"", ""brand_no"": 1813, ""category1"": ""남성의류"", ""category2"": ""상의"", ""category3"": ""긴소매 티셔츠"", ""category3_code"": 272103102, ""is_new"": false, ""item_no"": 4127841, ""period_sort"": ""ONE_DAY"", ""platform"": ""29cm"", ""ranking_category_code"": ""272103100"", ""ranking_category_name"": ""남성의류>상의"", ""review_avg"": 0.0, ""sale_percent"": 0, ""sale_price"": 68000, ""sold_out"": false, ""url"": ""https://product.29cm.co.kr/catalog/4127841""}",2026-10-06T01:00:30+00:00_6b919dbf
2026-10-06T10:00:30+09:00,2026-10-06T01:00:32+00:00,commerce_rank,[1st Reorder] Raw Edge L/S Tee - 3 Color,29cm:4127841@272103100,rank,5.0,"{""brand_eng"": ""NWT"", ""brand_kor"": ""엔더블유티"", ""brand_no"": 1813, ""category1"": ""남성의류"", ""category2"": ""상의"", ""category3"": ""긴소매 티셔츠"", ""category3_code"": 272103102, ""is_new"": false, ""item_no"": 4127841, ""period_sort"": ""ONE_DAY"", ""platform"": ""29cm"", ""ranking_category_code"": ""272103100"", ""ranking_category_name"": ""남성의류>상의"", ""review_avg"": 0.0, ""sale_percent"": 0, ""sale_price"": 68000, ""sold_out"": false, ""url"": ""https://product.29cm.co.kr/catalog/4127841""}",2026-10-06T01:00:30+00:00_6b919dbf
2026-10-06T10:00:30+09:00,2026-10-06T01:00:32+00:00,commerce_rank,레스티드 세미 오버핏 브이넥 니트 [차콜],29cm:4128064,heart_count,2.0,"{""brand_eng"": ""WORK ON BODY OFF"", ""brand_kor"": ""워크온바디오프"", ""brand_no"": 96347, ""category1"": ""남성의류"", ""category2"": ""상의"", ""category3"": ""긴소매 티셔츠"", ""category3_code"": 272103102, ""is_new"": false, ""item_no"": 4128064, ""period_sort"": ""ONE_DAY"", ""platform"": ""29cm"", ""ranking_category_code"": ""272103100"", ""ranking_category_name"": ""남성의류>상의"", ""review_avg"": 0.0, ""sale_percent"": 41, ""sale_price"": 21170, ""sold_out"": true, ""url"": ""https://product.29cm.co.kr/catalog/4128064""}",2026-10-06T01:00:30+00:00_6b919dbf
2026-10-06T10:00:30+09:00,2026-10-06T01:00:32+00:00,commerce_rank,레스티드 세미 오버핏 브이넥 니트 [차콜],29cm:4128064,review_count,0.0,"{""brand_eng"": ""WORK ON BODY OFF"", ""brand_kor"": ""워크온바디오프"", ""brand_no"": 96347, ""category1"": ""남성의류"", ""category2"": ""상의"", ""category3"": ""긴소매 티셔츠"", ""category3_code"": 272103102, ""is_new"": false, ""item_no"": 4128064, ""period_sort"": ""ONE_DAY"", ""platform"": ""29cm"", ""ranking_category_code"": ""272103100"", ""ranking_category_name"": ""남성의류>상의"", ""review_avg"": 0.0, ""sale_percent"": 41, ""sale_price"": 21170, ""sold_out"": true, ""url"": ""https://product.29cm.co.kr/catalog/4128064""}",2026-10-06T01:00:30+00:00_6b919dbf
2026-10-06T10:00:30+09:00,2026-10-06T01:00:32+00:00,commerce_rank,레스티드 세미 오버핏 브이넥 니트 [차콜],29cm:4128064@272103100,rank,90.0,"{""brand_eng"": ""WORK ON BODY OFF"", ""brand_kor"": ""워크온바디오프"", ""brand_no"": 96347, ""category1"": ""남성의류"", ""category2"": ""상의"", ""category3"": ""긴소매 티셔츠"", ""category3_code"": 272103102, ""is_new"": false, ""item_no"": 4128064, ""period_sort"": ""ONE_DAY"", ""platform"": ""29cm"", ""ranking_category_code"": ""272103100"", ""ranking_category_name"": ""남성의류>상의"", ""review_avg"": 0.0, ""sale_percent"": 41, ""sale_price"": 21170, ""sold_out"": true, ""url"": ""https://product.29cm.co.kr/catalog/4128064""}",2026-10-06T01:00:30+00:00_6b919dbf
2026-10-06T10:00:30+09:00,2026-10-06T01:00:32+00:00,commerce_rank,TG3-TS14 하이넥 하프집업 스웻셔츠 - [딥네이비],29cm:4128388,heart_count,417.0,"{""brand_eng"": ""THOMAS MORE"", ""brand_kor"": ""토마스모어"", ""brand_no"": 2111, ""category1"": ""남성의류"", ""category2"": ""상의"", ""category3"": ""스웨트셔츠"", ""category3_code"": 272103107, ""is_new"": false, ""item_no"": 4128388, ""period_sort"": ""ONE_DAY"", ""platform"": ""29cm"", ""ranking_category_code"": ""272103100"", ""ranking_category_name"": ""남성의류>상의"", ""review_avg"": 5.0, ""sale_percent"": 0, ""sale_price"": 73500, ""sold_out"": false, ""url"": ""https://product.29cm.co.kr/catalog/4128388""}",2026-10-06T01:00:30+00:00_6b919dbf
2026-10-06T10:00:30+09:00,2026-10-06T01:00:32+00:00,commerce_rank,TG3-TS14 하이넥 하프집업 스웻셔츠 - [딥네이비],29cm:4128388,review_count,37.0,"{""brand_eng"": ""THOMAS MORE"", ""brand_kor"": ""토마스모어"", ""brand_no"": 2111, ""category1"": ""남성의류"", ""category2"": ""상의"", ""category3"": ""스웨트셔츠"", ""category3_code"": 272103107, ""is_new"": false, ""item_no"": 4128388, ""period_sort"": ""ONE_DAY"", ""platform"": ""29cm"", ""ranking_category_code"": ""272103100"", ""ranking_category_name"": ""남성의류>상의"", ""review_avg"": 5.0, ""sale_percent"": 0, ""sale_price"": 73500, ""sold_out"": false, ""url"": ""https://product.29cm.co.kr/catalog/4128388""}",2026-10-06T01:00:30+00:00_6b919dbf
2026-10-06T10:00:30+09:00,2026-10-06T01:00:32+00:00,commerce_rank,TG3-TS14 하이넥 하프집업 스웻셔츠 - [딥네이비],29cm:4128388@272103100,rank,58.0,"{""brand_eng"": ""THOMAS MORE"", ""brand_kor"": ""토마스모어"", ""brand_no"": 2111, ""category1"": ""남성의류"", ""category2"": ""상의"", ""category3"": ""스웨트셔츠"", ""category3_code"": 272103107, ""is_new"": false, ""item_no"": 4128388, ""period_sort"": ""ONE_DAY"", ""platform"": ""29cm"", ""ranking_category_code"": ""272103100"", ""ranking_category_name"": ""남성의류>상의"", ""review_avg"": 5.0, ""sale_percent"": 0, ""sale_price"": 73500, ""sold_out"": false, ""url"": ""https://product.29cm.co.kr/catalog/4128388""}",2026-10-06T01:00:30+00:00_6b919dbf
2026-10-06T10:00:30+09:00,2026-10-06T01:00:32+00:00,commerce_rank,TG3-TS07 선 페이디드 스웻셔츠 - [하버블루],29cm:4128394,heart_count,642.0,"{""brand_eng"": ""THOMAS MORE"", ""brand_kor"": ""토마스모어"", ""brand_no"": 2111, ""category1"": ""남성의류"", ""category2"": ""상의"", ""category3"": ""스웨트셔츠"", ""category3_code"": 272103107, ""is_new"": false, ""item_no"": 4128394, ""period_sort"": ""ONE_DAY"", ""platform"": ""29cm"", ""ranking_category_code"": ""272103100"", ""ranking_category_name"": ""남성의류>상의"", ""review_avg"": 5.0, ""sale_percent"": 0, ""sale_price"": 67000, ""sold_out"": false, ""url"": ""https://product.29cm.co.kr/catalog/4128394""}",2026-10-06T01:00:30+00:00_6b919dbf
2026-10-06T10:00:30+09:00,2026-10-06T01:00:32+00:00,commerce_rank,TG3-TS07 선 페이디드 스웻셔츠 - [하버블루],29cm:4128394,review_count,38.0,"{""brand_eng"": ""THOMAS MORE"", ""brand_kor"": ""토마스모어"", ""brand_no"": 2111, ""category1"": ""남성의류"", ""category2"": ""상의"", ""category3"": ""스웨트셔츠"", ""category3_code"": 272103107, ""is_new"": false, ""item_no"": 4128394, ""period_sort"": ""ONE_DAY"", ""platform"": ""29cm"", ""ranking_category_code"": ""272103100"", ""ranking_category_name"": ""남성의류>상의"", ""review_avg"": 5.0, ""sale_percent"": 0, ""sale_price"": 67000, ""sold_out"": false, ""url"": ""https://product.29cm.co.kr/catalog/4128394""}",2026-10-06T01:00:30+00:00_6b919dbf
2026-10-06T10:00:30+09:00,2026-10-06T01:00:32+00:00,commerce_rank,TG3-TS07 선 페이디드 스웻셔츠 - [하버블루],29cm:4128394@272103100,rank,17.0,"{""brand_eng"": ""THOMAS MORE"", ""brand_kor"": ""토마스모어"", ""brand_no"": 2111, ""category1"": ""남성의류"", ""category2"": ""상의"", ""category3"": ""스웨트셔츠"", ""category3_code"": 272103107, ""is_new"": false, ""item_no"": 4128394, ""period_sort"": ""ONE_DAY"", ""platform"": ""29cm"", ""ranking_category_code"": ""272103100"", ""ranking_category_name"": ""남성의류>상의"", ""review_avg"": 5.0, ""sale_percent"": 0, ""sale_price"": 67000, ""sold_out"": false, ""url"": ""https://product.29cm.co.kr/catalog/4128394""}",2026-10-06T01:00:30+00:00_6b919dbf
2026-10-06T10:00:30+09:00,2026-10-06T01:00:32+00:00,commerce_rank,TG3-TS07 선 페이디드 스웻셔츠 - [프룬그레이],29cm:4128395,heart_count,411.0,"{""brand_eng"": ""THOMAS MORE"", ""brand_kor"": ""토마스모어"", ""brand_no"": 2111, ""category1"": ""남성의류"", ""category2"": ""상의"", ""category3"": ""스웨트셔츠"", ""category3_code"": 272103107, ""is_new"": false, ""item_no"": 4128395, ""period_sort"": ""ONE_DAY"", ""platform"": ""29cm"", ""ranking_category_code"": ""272103100"", ""ranking_category_name"": ""남성의류>상의"", ""review_avg"": 4.5, ""sale_percent"": 0, ""sale_price"": 67000, ""sold_out"": false, ""url"": ""https://product.29cm.co.kr/catalog/4128395""}",2026-10-06T01:00:30+00:00_6b919dbf
2026-10-06T10:00:30+09:00,2026-10-06T01:00:32+00:00,commerce_rank,TG3-TS07 선 페이디드 스웻셔츠 - [프룬그레이],29cm:4128395,review_count,19.0,"{""brand_eng"": ""THOMAS MORE"", ""brand_kor"": ""토마스모어"", ""brand_no"": 2111, ""category1"": ""남성의류"", ""category2"": ""상의"", ""category3"": ""스웨트셔츠"", ""category3_code"": 272103107, ""is_new"": false, ""item_no"": 4128395, ""period_sort"": ""ONE_DAY"", ""platform"": ""29cm"", ""ranking_category_code"": ""272103100"", ""ranking_category_name"": ""남성의류>상의"", ""review_avg"": 4.5, ""sale_percent"": 0, ""sale_price"": 67000, ""sold_out"": false, ""url"": ""https://product.29cm.co.kr/catalog/4128395""}",2026-10-06T01:00:30+00:00_6b919dbf
2026-10-06T10:00:30+09:00,2026-10-06T01:00:32+00:00,commerce_rank,TG3-TS07 선 페이디드 스웻셔츠 - [프룬그레이],29cm:4128395@272103100,rank,8.0,"{""brand_eng"": ""THOMAS MORE"", ""brand_kor"": ""토마스모어"", ""brand_no"": 2111, ""category1"": ""남성의류"", ""category2"": ""상의"", ""category3"": ""스웨트셔츠"", ""category3_code"": 272103107, ""is_new"": false, ""item_no"": 4128395, ""period_sort"": ""ONE_DAY"", ""platform"": ""29cm"", ""ranking_category_code"": ""272103100"", ""ranking_category_name"": ""남성의류>상의"", ""review_avg"": 4.5, ""sale_percent"": 0, ""sale_price"": 67000, ""sold_out"": false, ""url"": ""https://product.29cm.co.kr/catalog/4128395""}",2026-10-06T01:00:30+00:00_6b919dbf
2026-10-06T10:00:30+09:00,2026-10-06T01:00:32+00:00,commerce_rank,TG3-TS13 멀티 스트라이프 롱슬리브 티셔츠,29cm:4128404,heart_count,2810.0,"{""brand_eng"": ""THOMAS MORE"", ""brand_kor"": ""토마스모어"", ""brand_no"": 2111, ""category1"": ""남성의류"", ""category2"": ""상의"", ""category3"": ""긴소매 티셔츠"", ""category3_code"": 272103102, ""is_new"": false, ""item_no"": 4128404, ""period_sort"": ""ONE_DAY"", ""platform"": ""29cm"", ""ranking_category_code"": ""272103100"", ""ranking_category_name"": ""남성의류>상의"", ""review_avg"": 4.5, ""sale_percent"": 0, ""sale_price"": 39700, ""sold_out"": false, ""url"": ""https://product.29cm.co.kr/catalog/4128404""}",2026-10-06T01:00:30+00:00_6b919dbf
2026-10-06T10:00:30+09:00,2026-10-06T01:00:32+00:00,commerce_rank,TG3-TS13 멀티 스트라이프 롱슬리브 티셔츠,29cm:4128404,review_count,174.0,"{""brand_eng"": ""THOMAS MORE"", ""brand_kor"": ""토마스모어"", ""brand_no"": 2111, ""category1"": ""남성의류"", ""category2"": ""상의"", ""category3"": ""긴소매 티셔츠"", ""category3_code"": 272103102, ""is_new"": false, ""item_no"": 4128404, ""period_sort"": ""ONE_DAY"", ""platform"": ""29cm"", ""ranking_category_code"": ""272103100"", ""ranking_category_name"": ""남성의류>상의"", ""review_avg"": 4.5, ""sale_percent"": 0, ""sale_price"": 39700, ""sold_out"": false, ""url"": ""https://product.29cm.co.kr/catalog/4128404""}",2026-10-06T01:00:30+00:00_6b919dbf
2026-10-06T10:00:30+09:00,2026-10-06T01:00:32+00:00,commerce_rank,TG3-TS13 멀티 스트라이프 롱슬리브 티셔츠,29cm:4128404@272103100,rank,33.0,"{""brand_eng"": ""THOMAS MORE"", ""brand_kor"": ""토마스모어"", ""brand_no"": 2111, ""category1"": ""남성의류"", ""category2"": ""상의"", ""category3"": ""긴소매 티셔츠"", ""category3_code"": 272103102, ""is_new"": false, ""item_no"": 4128404, ""period_sort"": ""ONE_DAY"", ""platform"": ""29cm"", ""ranking_category_code"": ""272103100"", ""ranking_category_name"": ""남성의류>상의"", ""review_avg"": 4.5, ""sale_percent"": 0, ""sale_price"": 39700, ""sold_out"": false, ""url"": ""https://product.29cm.co.kr/catalog/4128404""}",2026-10-06T01:00:30+00:00_6b919dbf
2026-10-06T10:00:30+09:00,2026-10-06T01:00:32+00:00,commerce_rank,TG3-TS12 씬 스트라이프 롱슬리브 티셔츠,29cm:4128405,heart_count,919.0,"{""brand_eng"": ""THOMAS MORE"", ""brand_kor"": ""토마스모어"", ""brand_no"": 2111, ""category1"": ""남성의류"", ""category2"": ""상의"", ""category3"": ""긴소매 티셔츠"", ""category3_code"": 272103102, ""is_new"": false, ""item_no"": 4128405, ""period_sort"": ""ONE_DAY"", ""platform"": ""29cm"", ""ranking_category_code"": ""272103100"", ""ranking_category_name"": ""남성의류>상의"", ""review_avg"": 4.5, ""sale_percent"": 0, ""sale_price"": 35700, ""sold_out"": false, ""url"": ""https://product.29cm.co.kr/catalog/4128405""}",2026-10-06T01:00:30+00:00_6b919dbf
2026-10-06T10:00:30+09:00,2026-10-06T01:00:32+00:00,commerce_rank,TG3-TS12 씬 스트라이프 롱슬리브 티셔츠,29cm:4128405,review_count,46.0,"{""brand_eng"": ""THOMAS MORE"", ""brand_kor"": ""토마스모어"", ""brand_no"": 2111, ""category1"": ""남성의류"", ""category2"": ""상의"", ""category3"": ""긴소매 티셔츠"", ""category3_code"": 272103102, ""is_new"": false, ""item_no"": 4128405, ""period_sort"": ""ONE_DAY"", ""platform"": ""29cm"", ""ranking_category_code"": ""272103100"", ""ranking_category_name"": ""남성의류>상의"", ""review_avg"": 4.5, ""sale_percent"": 0, ""sale_price"": 35700, ""sold_out"": false, ""url"": ""https://product.29cm.co.kr/catalog/4128405""}",2026-10-06T01:00:30+00:00_6b919dbf
2026-10-06T10:00:30+09:00,2026-10-06T01:00:32+00:00,commerce_rank,TG3-TS12 씬 스트라이프 롱슬리브 티셔츠,29cm:4128405@272103100,rank,6.0,"{""brand_eng"": ""THOMAS MORE"", ""brand_kor"": ""토마스모어"", ""brand_no"": 2111, ""category1"": ""남성의류"", ""category2"": ""상의"", ""category3"": ""긴소매 티셔츠"", ""category3_code"": 272103102, ""is_new"": false, ""item_no"": 4128405, ""period_sort"": ""ONE_DAY"", ""platform"": ""29cm"", ""ranking_category_code"": ""272103100"", ""ranking_category_name"": ""남성의류>상의"", ""review_avg"": 4.5, ""sale_percent"": 0, ""sale_price"": 35700, ""sold_out"": false, ""url"": ""https://product.29cm.co.kr/catalog/4128405""}",2026-10-06T01:00:30+00:00_6b919dbf
2026-10-06T10:00:30+09:00,2026-10-06T01:00:32+00:00,commerce_rank,Multi Stripe Long Sleeve Ocean Blue,29cm:4128770,heart_count,16.0,"{""brand_eng"": ""rough side"", ""brand_kor"": ""러프사이드"", ""brand_no"": 3821, ""category1"": ""남성의류"", ""category2"": ""상의"", ""category3"": ""긴소매 티셔츠"", ""category3_code"": 272103102, ""is_new"": false, ""item_no"": 4128770, ""period_sort"": ""ONE_DAY"", ""platform"": ""29cm"", ""ranking_category_code"": ""272103100"", ""ranking_category_name"": ""남성의류>상의"", ""review_avg"": 0.0, ""sale_percent"": 5, ""sale_price"": 75100, ""sold_out"": false, ""url"": ""https://product.29cm.co.kr/catalog/4128770""}",2026-10-06T01:00:30+00:00_6b919dbf
2026-10-06T10:00:30+09:00,2026-10-06T01:00:32+00:00,commerce_rank,Multi Stripe Long Sleeve Ocean Blue,29cm:4128770,review_count,0.0,"{""brand_eng"": ""rough side"", ""brand_kor"": ""러프사이드"", ""brand_no"": 3821, ""category1"": ""남성의류"", ""category2"": ""상의"", ""category3"": ""긴소매 티셔츠"", ""category3_code"": 272103102, ""is_new"": false, ""item_no"": 4128770, ""period_sort"": ""ONE_DAY"", ""platform"": ""29cm"", ""ranking_category_code"": ""272103100"", ""ranking_category_name"": ""남성의류>상의"", ""review_avg"": 0.0, ""sale_percent"": 5, ""sale_price"": 75100, ""sold_out"": false, ""url"": ""https://product.29cm.co.kr/catalog/4128770""}",2026-10-06T01:00:30+00:00_6b919dbf
2026-10-06T10:00:30+09:00,2026-10-06T01:00:32+00:00,commerce_rank,Multi Stripe Long Sleeve Ocean Blue,29cm:4128770@272103100,rank,14.0,"{""brand_eng"": ""rough side"", ""brand_kor"": ""러프사이드"", ""brand_no"": 3821, ""category1"": ""남성의류"", ""category2"": ""상의"", ""category3"": ""긴소매 티셔츠"", ""category3_code"": 272103102, ""is_new"": false, ""item_no"": 4128770, ""period_sort"": ""ONE_DAY"", ""platform"": ""29cm"", ""ranking_category_code"": ""272103100"", ""ranking_category_name"": ""남성의류>상의"", ""review_avg"": 0.0, ""sale_percent"": 5, ""sale_price"": 75100, ""sold_out"": false, ""url"": ""https://product.29cm.co.kr/catalog/4128770""}",2026-10-06T01:00:30+00:00_6b919dbf
2026-10-06T10:00:30+09:00,2026-10-06T01:00:32+00:00,commerce_rank,Fine Stripe Long Sleeve Graphite,29cm:4128782,heart_count,107.0,"{""brand_eng"": ""rough side"", ""brand_kor"": ""러프사이드"", ""brand_no"": 3821, ""category1"": ""남성의류"", ""category2"": ""상의"", ""category3"": ""긴소매 티셔츠"", ""category3_code"": 272103102, ""is_new"": false, ""item_no"": 4128782, ""period_sort"": ""ONE_DAY"", ""platform"": ""29cm"", ""ranking_category_code"": ""272103100"", ""ranking_category_name"": ""남성의류>상의"", ""review_avg"": 5.0, ""sale_percent"": 5, ""sale_price"": 75100, ""sold_out"": false, ""url"": ""https://product.29cm.co.kr/catalog/4128782""}",2026-10-06T01:00:30+00:00_6b919dbf
2026-10-06T10:00:30+09:00,2026-10-06T01:00:32+00:00,commerce_rank,Fine Stripe Long Sleeve Graphite,29cm:4128782,review_count,1.0,"{""brand_eng"": ""rough side"", ""brand_kor"": ""러프사이드"", ""brand_no"": 3821, ""category1"": ""남성의류"", ""category2"": ""상의"", ""category3"": ""긴소매 티셔츠"", ""category3_code"": 272103102, ""is_new"": false, ""item_no"": 4128782, ""period_sort"": ""ONE_DAY"", ""platform"": ""29cm"", ""ranking_category_code"": ""272103100"", ""ranking_category_name"": ""남성의류>상의"", ""review_avg"": 5.0, ""sale_percent"": 5, ""sale_price"": 75100, ""sold_out"": false, ""url"": ""https://product.29cm.co.kr/catalog/4128782""}",2026-10-06T01:00:30+00:00_6b919dbf
2026-10-06T10:00:30+09:00,2026-10-06T01:00:32+00:00,commerce_rank,Fine Stripe Long Sleeve Graphite,29cm:4128782@272103100,rank,4.0,"{""brand_eng"": ""rough side"", ""brand_kor"": ""러프사이드"", ""brand_no"": 3821, ""category1"": ""남성의류"", ""category2"": ""상의"", ""category3"": ""긴소매 티셔츠"", ""category3_code"": 272103102, ""is_new"": false, ""item_no"": 4128782, ""period_sort"": ""ONE_DAY"", ""platform"": ""29cm"", ""ranking_category_code"": ""272103100"", ""ranking_category_name"": ""남성의류>상의"", ""review_avg"": 5.0, ""sale_percent"": 5, ""sale_price"": 75100, ""sold_out"": false, ""url"": ""https://product.29cm.co.kr/catalog/4128782""}",2026-10-06T01:00:30+00:00_6b919dbf
2026-10-06T10:00:30+09:00,2026-10-06T01:00:31+00:00,commerce_rank,[쁨이 PICK] Essential Button Hoodie-Butter,29cm:4129128,heart_count,2696.0,"{""brand_eng"": ""BITTERCELLS"", ""brand_kor"": ""비터셀즈"", ""brand_no"": 15063, ""category1"": ""여성의류"", ""category2"": ""상의"", ""category3"": ""후디"", ""category3_code"": 268103105, ""is_new"": false, ""item_no"": 4129128, ""period_sort"": ""ONE_DAY"", ""platform"": ""29cm"", ""ranking_category_code"": ""268103100"", ""ranking_category_name"": ""여성의류>상의"", ""review_avg"": 5.0, ""sale_percent"": 10, ""sale_price"": 71100, ""sold_out"": false, ""url"": ""https://product.29cm.co.kr/catalog/4129128""}",2026-10-06T01:00:30+00:00_6b919dbf
2026-10-06T10:00:30+09:00,2026-10-06T01:00:31+00:00,commerce_rank,[쁨이 PICK] Essential Button Hoodie-Butter,29cm:4129128,review_count,7.0,"{""brand_eng"": ""BITTERCELLS"", ""brand_kor"": ""비터셀즈"", ""brand_no"": 15063, ""category1"": ""여성의류"", ""category2"": ""상의"", ""category3"": ""후디"", ""category3_code"": 268103105, ""is_new"": false, ""item_no"": 4129128, ""period_sort"": ""ONE_DAY"", ""platform"": ""29cm"", ""ranking_category_code"": ""268103100"", ""ranking_category_name"": ""여성의류>상의"", ""review_avg"": 5.0, ""sale_percent"": 10, ""sale_price"": 71100, ""sold_out"": false, ""url"": ""https://product.29cm.co.kr/catalog/4129128""}",2026-10-06T01:00:30+00:00_6b919dbf
2026-10-06T10:00:30+09:00,2026-10-06T01:00:31+00:00,commerce_rank,[쁨이 PICK] Essential Button Hoodie-Butter,29cm:4129128@268103100,rank,90.0,"{""brand_eng"": ""BITTERCELLS"", ""brand_kor"": ""비터셀즈"", ""brand_no"": 15063, ""category1"": ""여성의류"", ""category2"": ""상의"", ""category3"": ""후디"", ""category3_code"": 268103105, ""is_new"": false, ""item_no"": 4129128, ""period_sort"": ""ONE_DAY"", ""platform"": ""29cm"", ""ranking_category_code"": ""268103100"", ""ranking_category_name"": ""여성의류>상의"", ""review_avg"": 5.0, ""sale_percent"": 10, ""sale_price"": 71100, ""sold_out"": false, ""url"": ""https://product.29cm.co.kr/catalog/4129128""}",2026-10-06T01:00:30+00:00_6b919dbf
2026-10-06T10:00:30+09:00,2026-10-06T01:00:31+00:00,commerce_rank,[쁨이 PICK] Gradation Knit Hood Zip Up-Olive,29cm:4129140,heart_count,2906.0,"{""brand_eng"": ""BITTERCELLS"", ""brand_kor"": ""비터셀즈"", ""brand_no"": 15063, ""category1"": ""여성의류"", ""category2"": ""상의"", ""category3"": ""후디"", ""category3_code"": 268103105, ""is_new"": false, ""item_no"": 4129140, ""period_sort"": ""ONE_DAY"", ""platform"": ""29cm"", ""ranking_category_code"": ""268103100"", ""ranking_category_name"": ""여성의류>상의"", ""review_avg"": 5.0, ""sale_percent"": 10, ""sale_price"": 88200, ""sold_out"": false, ""url"": ""https://product.29cm.co.kr/catalog/4129140""}",2026-10-06T01:00:30+00:00_6b919dbf
2026-10-06T10:00:30+09:00,2026-10-06T01:00:31+00:00,commerce_rank,[쁨이 PICK] Gradation Knit Hood Zip Up-Olive,29cm:4129140,review_count,6.0,"{""brand_eng"": ""BITTERCELLS"", ""brand_kor"": ""비터셀즈"", ""brand_no"": 15063, ""category1"": ""여성의류"", ""category2"": ""상의"", ""category3"": ""후디"", ""category3_code"": 268103105, ""is_new"": false, ""item_no"": 4129140, ""period_sort"": ""ONE_DAY"", ""platform"": ""29cm"", ""ranking_category_code"": ""268103100"", ""ranking_category_name"": ""여성의류>상의"", ""review_avg"": 5.0, ""sale_percent"": 10, ""sale_price"": 88200, ""sold_out"": false, ""url"": ""https://product.29cm.co.kr/catalog/4129140""}",2026-10-06T01:00:30+00:00_6b919dbf
2026-10-06T10:00:30+09:00,2026-10-06T01:00:31+00:00,commerce_rank,[쁨이 PICK] Gradation Knit Hood Zip Up-Olive,29cm:4129140@268103100,rank,55.0,"{""brand_eng"": ""BITTERCELLS"", ""brand_kor"": ""비터셀즈"", ""brand_no"": 15063, ""category1"": ""여성의류"", ""category2"": ""상의"", ""category3"": ""후디"", ""category3_code"": 268103105, ""is_new"": false, ""item_no"": 4129140, ""period_sort"": ""ONE_DAY"", ""platform"": ""29cm"", ""ranking_category_code"": ""268103100"", ""ranking_category_name"": ""여성의류>상의"", ""review_avg"": 5.0, ""sale_percent"": 10, ""sale_price"": 88200, ""sold_out"": false, ""url"": ""https://product.29cm.co.kr/catalog/4129140""}",2026-10-06T01:00:30+00:00_6b919dbf
2026-10-06T10:00:30+09:00,2026-10-06T01:00:32+00:00,commerce_rank,소프트 브러쉬드 멀티핀 스트라이프 티셔츠 (차콜),29cm:4129305,heart_count,163.0,"{""brand_eng"": ""COOR"", ""brand_kor"": ""쿠어"", ""brand_no"": 15326, ""category1"": ""남성의류"", ""category2"": ""상의"", ""category3"": ""긴소매 티셔츠"", ""category3_code"": 272103102, ""is_new"": false, ""item_no"": 4129305, ""period_sort"": ""ONE_DAY"", ""platform"": ""29cm"", ""ranking_category_code"": ""272103100"", ""ranking_category_name"": ""남성의류>상의"", ""review_avg"": 5.0, ""sale_percent"": 10, ""sale_price"": 76500, ""sold_out"": false, ""url"": ""https://product.29cm.co.kr/catalog/4129305""}",2026-10-06T01:00:30+00:00_6b919dbf
2026-10-06T10:00:30+09:00,2026-10-06T01:00:32+00:00,commerce_rank,소프트 브러쉬드 멀티핀 스트라이프 티셔츠 (차콜),29cm:4129305,review_count,2.0,"{""brand_eng"": ""COOR"", ""brand_kor"": ""쿠어"", ""brand_no"": 15326, ""category1"": ""남성의류"", ""category2"": ""상의"", ""category3"": ""긴소매 티셔츠"", ""category3_code"": 272103102, ""is_new"": false, ""item_no"": 4129305, ""period_sort"": ""ONE_DAY"", ""platform"": ""29cm"", ""ranking_category_code"": ""272103100"", ""ranking_category_name"": ""남성의류>상의"", ""review_avg"": 5.0, ""sale_percent"": 10, ""sale_price"": 76500, ""sold_out"": false, ""url"": ""https://product.29cm.co.kr/catalog/4129305""}",2026-10-06T01:00:30+00:00_6b919dbf
2026-10-06T10:00:30+09:00,2026-10-06T01:00:32+00:00,commerce_rank,소프트 브러쉬드 멀티핀 스트라이프 티셔츠 (차콜),29cm:4129305@272103100,rank,63.0,"{""brand_eng"": ""COOR"", ""brand_kor"": ""쿠어"", ""brand_no"": 15326, ""category1"": ""남성의류"", ""category2"": ""상의"", ""category3"": ""긴소매 티셔츠"", ""category3_code"": 272103102, ""is_new"": false, ""item_no"": 4129305, ""period_sort"": ""ONE_DAY"", ""platform"": ""29cm"", ""ranking_category_code"": ""272103100"", ""ranking_category_name"": ""남성의류>상의"", ""review_avg"": 5.0, ""sale_percent"": 10, ""sale_price"": 76500, ""sold_out"": false, ""url"": ""https://product.29cm.co.kr/catalog/4129305""}",2026-10-06T01:00:30+00:00_6b919dbf
2026-10-06T10:00:30+09:00,2026-10-06T01:00:32+00:00,commerce_rank,레귤러핏 와플 롱 슬리브 (멜란지그레이),29cm:4129326,heart_count,127.0,"{""brand_eng"": ""COOR"", ""brand_kor"": ""쿠어"", ""brand_no"": 15326, ""category1"": ""남성의류"", ""category2"": ""상의"", ""category3"": ""긴소매 티셔츠"", ""category3_code"": 272103102, ""is_new"": false, ""item_no"": 4129326, ""period_sort"": ""ONE_DAY"", ""platform"": ""29cm"", ""ranking_category_code"": ""272103100"", ""ranking_category_name"": ""남성의류>상의"", ""review_avg"": 5.0, ""sale_percent"": 10, ""sale_price"": 68400, ""sold_out"": false, ""url"": ""https://product.29cm.co.kr/catalog/4129326""}",2026-10-06T01:00:30+00:00_6b919dbf
2026-10-06T10:00:30+09:00,2026-10-06T01:00:32+00:00,commerce_rank,레귤러핏 와플 롱 슬리브 (멜란지그레이),29cm:4129326,review_count,2.0,"{""brand_eng"": ""COOR"", ""brand_kor"": ""쿠어"", ""brand_no"": 15326, ""category1"": ""남성의류"", ""category2"": ""상의"", ""category3"": ""긴소매 티셔츠"", ""category3_code"": 272103102, ""is_new"": false, ""item_no"": 4129326, ""period_sort"": ""ONE_DAY"", ""platform"": ""29cm"", ""ranking_category_code"": ""272103100"", ""ranking_category_name"": ""남성의류>상의"", ""review_avg"": 5.0, ""sale_percent"": 10, ""sale_price"": 68400, ""sold_out"": false, ""url"": ""https://product.29cm.co.kr/catalog/4129326""}",2026-10-06T01:00:30+00:00_6b919dbf
2026-10-06T10:00:30+09:00,2026-10-06T01:00:32+00:00,commerce_rank,레귤러핏 와플 롱 슬리브 (멜란지그레이),29cm:4129326@272103100,rank,18.0,"{""brand_eng"": ""COOR"", ""brand_kor"": ""쿠어"", ""brand_no"": 15326, ""category1"": ""남성의류"", ""category2"": ""상의"", ""category3"": ""긴소매 티셔츠"", ""category3_code"": 272103102, ""is_new"": false, ""item_no"": 4129326, ""period_sort"": ""ONE_DAY"", ""platform"": ""29cm"", ""ranking_category_code"": ""272103100"", ""ranking_category_name"": ""남성의류>상의"", ""review_avg"": 5.0, ""sale_percent"": 10, ""sale_price"": 68400, ""sold_out"": false, ""url"": ""https://product.29cm.co.kr/catalog/4129326""}",2026-10-06T01:00:30+00:00_6b919dbf
2026-10-06T10:00:30+09:00,2026-10-06T01:00:31+00:00,commerce_rank,[29EDITION X 알로하]Oasis Blooming Sweatshirt_CLOUD,29cm:4130049,heart_count,5939.0,"{""brand_eng"": ""WEDNESDAYOASIS"", ""brand_kor"": ""웬즈데이오아시스"", ""brand_no"": 69104, ""category1"": ""여성의류"", ""category2"": ""상의"", ""category3"": ""스웨트셔츠"", ""category3_code"": 268103104, ""is_new"": false, ""item_no"": 4130049, ""period_sort"": ""ONE_DAY"", ""platform"": ""29cm"", ""ranking_category_code"": ""268103100"", ""ranking_category_name"": ""여성의류>상의"", ""review_avg"": 5.0, ""sale_percent"": 14, ""sale_price"": 53870, ""sold_out"": false, ""url"": ""https://product.29cm.co.kr/catalog/4130049""}",2026-10-06T01:00:30+00:00_6b919dbf
2026-10-06T10:00:30+09:00,2026-10-06T01:00:31+00:00,commerce_rank,[29EDITION X 알로하]Oasis Blooming Sweatshirt_CLOUD,29cm:4130049,review_count,97.0,"{""brand_eng"": ""WEDNESDAYOASIS"", ""brand_kor"": ""웬즈데이오아시스"", ""brand_no"": 69104, ""category1"": ""여성의류"", ""category2"": ""상의"", ""category3"": ""스웨트셔츠"", ""category3_code"": 268103104, ""is_new"": false, ""item_no"": 4130049, ""period_sort"": ""ONE_DAY"", ""platform"": ""29cm"", ""ranking_category_code"": ""268103100"", ""ranking_category_name"": ""여성의류>상의"", ""review_avg"": 5.0, ""sale_percent"": 14, ""sale_price"": 53870, ""sold_out"": false, ""url"": ""https://product.29cm.co.kr/catalog/4130049""}",2026-10-06T01:00:30+00:00_6b919dbf
2026-10-06T10:00:30+09:00,2026-10-06T01:00:31+00:00,commerce_rank,[29EDITION X 알로하]Oasis Blooming Sweatshirt_CLOUD,29cm:4130049@268103100,rank,52.0,"{""brand_eng"": ""WEDNESDAYOASIS"", ""brand_kor"": ""웬즈데이오아시스"", ""brand_no"": 69104, ""category1"": ""여성의류"", ""category2"": ""상의"", ""category3"": ""스웨트셔츠"", ""category3_code"": 268103104, ""is_new"": false, ""item_no"": 4130049, ""period_sort"": ""ONE_DAY"", ""platform"": ""29cm"", ""ranking_category_code"": ""268103100"", ""ranking_category_name"": ""여성의류>상의"", ""review_avg"": 5.0, ""sale_percent"": 14, ""sale_price"": 53870, ""sold_out"": false, ""url"": ""https://product.29cm.co.kr/catalog/4130049""}",2026-10-06T01:00:30+00:00_6b919dbf
2026-10-06T10:00:30+09:00,2026-10-06T01:00:32+00:00,commerce_rank,Comfort Shirt_Stripe - 4 Color,29cm:4131380,heart_count,96.0,"{""brand_eng"": ""POTTERY"", ""brand_kor"": ""포터리"", ""brand_no"": 3453, ""category1"": ""남성의류"", ""category2"": ""상의"", ""category3"": ""긴소매 셔츠"", ""category3_code"": 272103106, ""is_new"": false, ""item_no"": 4131380, ""period_sort"": ""ONE_DAY"", ""platform"": ""29cm"", ""ranking_category_code"": ""272103100"", ""ranking_category_name"": ""남성의류>상의"", ""review_avg"": 5.0, ""sale_percent"": 10, ""sale_price"": 170280, ""sold_out"": false, ""url"": ""https://product.29cm.co.kr/catalog/4131380""}",2026-10-06T01:00:30+00:00_6b919dbf
2026-10-06T10:00:30+09:00,2026-10-06T01:00:32+00:00,commerce_rank,Comfort Shirt_Stripe - 4 Color,29cm:4131380,review_count,5.0,"{""brand_eng"": ""POTTERY"", ""brand_kor"": ""포터리"", ""brand_no"": 3453, ""category1"": ""남성의류"", ""category2"": ""상의"", ""category3"": ""긴소매 셔츠"", ""category3_code"": 272103106, ""is_new"": false, ""item_no"": 4131380, ""period_sort"": ""ONE_DAY"", ""platform"": ""29cm"", ""ranking_category_code"": ""272103100"", ""ranking_category_name"": ""남성의류>상의"", ""review_avg"": 5.0, ""sale_percent"": 10, ""sale_price"": 170280, ""sold_out"": false, ""url"": ""https://product.29cm.co.kr/catalog/4131380""}",2026-10-06T01:00:30+00:00_6b919dbf
2026-10-06T10:00:30+09:00,2026-10-06T01:00:32+00:00,commerce_rank,Comfort Shirt_Stripe - 4 Color,29cm:4131380@272103100,rank,79.0,"{""brand_eng"": ""POTTERY"", ""brand_kor"": ""포터리"", ""brand_no"": 3453, ""category1"": ""남성의류"", ""category2"": ""상의"", ""category3"": ""긴소매 셔츠"", ""category3_code"": 272103106, ""is_new"": false, ""item_no"": 4131380, ""period_sort"": ""ONE_DAY"", ""platform"": ""29cm"", ""ranking_category_code"": ""272103100"", ""ranking_category_name"": ""남성의류>상의"", ""review_avg"": 5.0, ""sale_percent"": 10, ""sale_price"": 170280, ""sold_out"": false, ""url"": ""https://product.29cm.co.kr/catalog/4131380""}",2026-10-06T01:00:30+00:00_6b919dbf
2026-10-06T10:00:30+09:00,2026-10-06T01:00:31+00:00,commerce_rank,[9th] Pecan Waffle Raglan Long Top - Grey(Navy),29cm:4132890,heart_count,2002.0,"{""brand_eng"": ""SOMEWHEREBUTTER"", ""brand_kor"": ""썸웨어버터"", ""brand_no"": 18640, ""category1"": ""여성의류"", ""category2"": ""상의"", ""category3"": ""긴소매 티셔츠"", ""category3_code"": 268103102, ""is_new"": false, ""item_no"": 4132890, ""period_sort"": ""ONE_DAY"", ""platform"": ""29cm"", ""ranking_category_code"": ""268103100"", ""ranking_category_name"": ""여성의류>상의"", ""review_avg"": 5.0, ""sale_percent"": 10, ""sale_price"": 71100, ""sold_out"": false, ""url"": ""https://product.29cm.co.kr/catalog/4132890""}",2026-10-06T01:00:30+00:00_6b919dbf
2026-10-06T10:00:30+09:00,2026-10-06T01:00:31+00:00,commerce_rank,[9th] Pecan Waffle Raglan Long Top - Grey(Navy),29cm:4132890,review_count,39.0,"{""brand_eng"": ""SOMEWHEREBUTTER"", ""brand_kor"": ""썸웨어버터"", ""brand_no"": 18640, ""category1"": ""여성의류"", ""category2"": ""상의"", ""category3"": ""긴소매 티셔츠"", ""category3_code"": 268103102, ""is_new"": false, ""item_no"": 4132890, ""period_sort"": ""ONE_DAY"", ""platform"": ""29cm"", ""ranking_category_code"": ""268103100"", ""ranking_category_name"": ""여성의류>상의"", ""review_avg"": 5.0, ""sale_percent"": 10, ""sale_price"": 71100, ""sold_out"": false, ""url"": ""https://product.29cm.co.kr/catalog/4132890""}",2026-10-06T01:00:30+00:00_6b919dbf
2026-10-06T10:00:30+09:00,2026-10-06T01:00:31+00:00,commerce_rank,[9th] Pecan Waffle Raglan Long Top - Grey(Navy),29cm:4132890@268103100,rank,48.0,"{""brand_eng"": ""SOMEWHEREBUTTER"", ""brand_kor"": ""썸웨어버터"", ""brand_no"": 18640, ""category1"": ""여성의류"", ""category2"": ""상의"", ""category3"": ""긴소매 티셔츠"", ""category3_code"": 268103102, ""is_new"": false, ""item_no"": 4132890, ""period_sort"": ""ONE_DAY"", ""platform"": ""29cm"", ""ranking_category_code"": ""268103100"", ""ranking_category_name"": ""여성의류>상의"", ""review_avg"": 5.0, ""sale_percent"": 10, ""sale_price"": 71100, ""sold_out"": false, ""url"": ""https://product.29cm.co.kr/catalog/4132890""}",2026-10-06T01:00:30+00:00_6b919dbf
2026-10-06T10:00:30+09:00,2026-10-06T01:00:31+00:00,commerce_rank,[6th] Pecan Waffle Raglan Long Top - Light Blue(Black),29cm:4132891,heart_count,1040.0,"{""brand_eng"": ""SOMEWHEREBUTTER"", ""brand_kor"": ""썸웨어버터"", ""brand_no"": 18640, ""category1"": ""여성의류"", ""category2"": ""상의"", ""category3"": ""긴소매 티셔츠"", ""category3_code"": 268103102, ""is_new"": false, ""item_no"": 4132891, ""period_sort"": ""ONE_DAY"", ""platform"": ""29cm"", ""ranking_category_code"": ""268103100"", ""ranking_category_name"": ""여성의류>상의"", ""review_avg"": 5.0, ""sale_percent"": 10, ""sale_price"": 71100, ""sold_out"": true, ""url"": ""https://product.29cm.co.kr/catalog/4132891""}",2026-10-06T01:00:30+00:00_6b919dbf
2026-10-06T10:00:30+09:00,2026-10-06T01:00:31+00:00,commerce_rank,[6th] Pecan Waffle Raglan Long Top - Light Blue(Black),29cm:4132891,review_count,6.0,"{""brand_eng"": ""SOMEWHEREBUTTER"", ""brand_kor"": ""썸웨어버터"", ""brand_no"": 18640, ""category1"": ""여성의류"", ""category2"": ""상의"", ""category3"": ""긴소매 티셔츠"", ""category3_code"": 268103102, ""is_new"": false, ""item_no"": 4132891, ""period_sort"": ""ONE_DAY"", ""platform"": ""29cm"", ""ranking_category_code"": ""268103100"", ""ranking_category_name"": ""여성의류>상의"", ""review_avg"": 5.0, ""sale_percent"": 10, ""sale_price"": 71100, ""sold_out"": true, ""url"": ""https://product.29cm.co.kr/catalog/4132891""}",2026-10-06T01:00:30+00:00_6b919dbf
2026-10-06T10:00:30+09:00,2026-10-06T01:00:31+00:00,commerce_rank,[6th] Pecan Waffle Raglan Long Top - Light Blue(Black),29cm:4132891@268103100,rank,88.0,"{""brand_eng"": ""SOMEWHEREBUTTER"", ""brand_kor"": ""썸웨어버터"", ""brand_no"": 18640, ""category1"": ""여성의류"", ""category2"": ""상의"", ""category3"": ""긴소매 티셔츠"", ""category3_code"": 268103102, ""is_new"": false, ""item_no"": 4132891, ""period_sort"": ""ONE_DAY"", ""platform"": ""29cm"", ""ranking_category_code"": ""268103100"", ""ranking_category_name"": ""여성의류>상의"", ""review_avg"": 5.0, ""sale_percent"": 10, ""sale_price"": 71100, ""sold_out"": true, ""url"": ""https://product.29cm.co.kr/catalog/4132891""}",2026-10-06T01:00:30+00:00_6b919dbf
2026-10-06T10:00:30+09:00,2026-10-06T01:00:32+00:00,commerce_rank,DISTRESSED BASEBALL L/S SHIRTS d.purple/heather,29cm:4132943,heart_count,128.0,"{""brand_eng"": ""beheavyer"", ""brand_kor"": ""비헤비어"", ""brand_no"": 1897, ""category1"": ""남성의류"", ""category2"": ""상의"", ""category3"": ""긴소매 티셔츠"", ""category3_code"": 272103102, ""is_new"": false, ""item_no"": 4132943, ""period_sort"": ""ONE_DAY"", ""platform"": ""29cm"", ""ranking_category_code"": ""272103100"", ""ranking_category_name"": ""남성의류>상의"", ""review_avg"": 0.0, ""sale_percent"": 0, ""sale_price"": 119000, ""sold_out"": false, ""url"": ""https://product.29cm.co.kr/catalog/4132943""}",2026-10-06T01:00:30+00:00_6b919dbf
2026-10-06T10:00:30+09:00,2026-10-06T01:00:32+00:00,commerce_rank,DISTRESSED BASEBALL L/S SHIRTS d.purple/heather,29cm:4132943,review_count,0.0,"{""brand_eng"": ""beheavyer"", ""brand_kor"": ""비헤비어"", ""brand_no"": 1897, ""category1"": ""남성의류"", ""category2"": ""상의"", ""category3"": ""긴소매 티셔츠"", ""category3_code"": 272103102, ""is_new"": false, ""item_no"": 4132943, ""period_sort"": ""ONE_DAY"", ""platform"": ""29cm"", ""ranking_category_code"": ""272103100"", ""ranking_category_name"": ""남성의류>상의"", ""review_avg"": 0.0, ""sale_percent"": 0, ""sale_price"": 119000, ""sold_out"": false, ""url"": ""https://product.29cm.co.kr/catalog/4132943""}",2026-10-06T01:00:30+00:00_6b919dbf
2026-10-06T10:00:30+09:00,2026-10-06T01:00:32+00:00,commerce_rank,DISTRESSED BASEBALL L/S SHIRTS d.purple/heather,29cm:4132943@272103100,rank,45.0,"{""brand_eng"": ""beheavyer"", ""brand_kor"": ""비헤비어"", ""brand_no"": 1897, ""category1"": ""남성의류"", ""category2"": ""상의"", ""category3"": ""긴소매 티셔츠"", ""category3_code"": 272103102, ""is_new"": false, ""item_no"": 4132943, ""period_sort"": ""ONE_DAY"", ""platform"": ""29cm"", ""ranking_category_code"": ""272103100"", ""ranking_category_name"": ""남성의류>상의"", ""review_avg"": 0.0, ""sale_percent"": 0, ""sale_price"": 119000, ""sold_out"": false, ""url"": ""https://product.29cm.co.kr/catalog/4132943""}",2026-10-06T01:00:30+00:00_6b919dbf
2026-10-06T10:00:30+09:00,2026-10-06T01:00:31+00:00,commerce_rank,V Layered Tee Purple,29cm:4134050,heart_count,1373.0,"{""brand_eng"": ""RENSE"", ""brand_kor"": ""렌세"", ""brand_no"": 72648, ""category1"": ""여성의류"", ""category2"": ""상의"", ""category3"": ""긴소매 티셔츠"", ""category3_code"": 268103102, ""is_new"": false, ""item_no"": 4134050, ""period_sort"": ""ONE_DAY"", ""platform"": ""29cm"", ""ranking_category_code"": ""268103100"", ""ranking_category_name"": ""여성의류>상의"", ""review_avg"": 5.0, ""sale_percent"": 28, ""sale_price"": 33840, ""sold_out"": false, ""url"": ""https://product.29cm.co.kr/catalog/4134050""}",2026-10-06T01:00:30+00:00_6b919dbf
2026-10-06T10:00:30+09:00,2026-10-06T01:00:31+00:00,commerce_rank,V Layered Tee Purple,29cm:4134050,review_count,24.0,"{""brand_eng"": ""RENSE"", ""brand_kor"": ""렌세"", ""brand_no"": 72648, ""category1"": ""여성의류"", ""category2"": ""상의"", ""category3"": ""긴소매 티셔츠"", ""category3_code"": 268103102, ""is_new"": false, ""item_no"": 4134050, ""period_sort"": ""ONE_DAY"", ""platform"": ""29cm"", ""ranking_category_code"": ""268103100"", ""ranking_category_name"": ""여성의류>상의"", ""review_avg"": 5.0, ""sale_percent"": 28, ""sale_price"": 33840, ""sold_out"": false, ""url"": ""https://product.29cm.co.kr/catalog/4134050""}",2026-10-06T01:00:30+00:00_6b919dbf
2026-10-06T10:00:30+09:00,2026-10-06T01:00:31+00:00,commerce_rank,V Layered Tee Purple,29cm:4134050@268103100,rank,56.0,"{""brand_eng"": ""RENSE"", ""brand_kor"": ""렌세"", ""brand_no"": 72648, ""category1"": ""여성의류"", ""category2"": ""상의"", ""category3"": ""긴소매 티셔츠"", ""category3_code"": 268103102, ""is_new"": false, ""item_no"": 4134050, ""period_sort"": ""ONE_DAY"", ""platform"": ""29cm"", ""ranking_category_code"": ""268103100"", ""ranking_category_name"": ""여성의류>상의"", ""review_avg"": 5.0, ""sale_percent"": 28, ""sale_price"": 33840, ""sold_out"": false, ""url"": ""https://product.29cm.co.kr/catalog/4134050""}",2026-10-06T01:00:30+00:00_6b919dbf
2026-10-06T10:00:30+09:00,2026-10-06T01:00:32+00:00,commerce_rank,GUSSET RAGLAN L/S T-SHIRT [BLUE],29cm:4134340,heart_count,682.0,"{""brand_eng"": ""UNION BLUE"", ""brand_kor"": ""유니온 블루"", ""brand_no"": 13510, ""category1"": ""남성의류"", ""category2"": ""상의"", ""category3"": ""긴소매 티셔츠"", ""category3_code"": 272103102, ""is_new"": false, ""item_no"": 4134340, ""period_sort"": ""ONE_DAY"", ""platform"": ""29cm"", ""ranking_category_code"": ""272103100"", ""ranking_category_name"": ""남성의류>상의"", ""review_avg"": 5.0, ""sale_percent"": 10, ""sale_price"": 70200, ""sold_out"": false, ""url"": ""https://product.29cm.co.kr/catalog/4134340""}",2026-10-06T01:00:30+00:00_6b919dbf
2026-10-06T10:00:30+09:00,2026-10-06T01:00:32+00:00,commerce_rank,GUSSET RAGLAN L/S T-SHIRT [BLUE],29cm:4134340,review_count,5.0,"{""brand_eng"": ""UNION BLUE"", ""brand_kor"": ""유니온 블루"", ""brand_no"": 13510, ""category1"": ""남성의류"", ""category2"": ""상의"", ""category3"": ""긴소매 티셔츠"", ""category3_code"": 272103102, ""is_new"": false, ""item_no"": 4134340, ""period_sort"": ""ONE_DAY"", ""platform"": ""29cm"", ""ranking_category_code"": ""272103100"", ""ranking_category_name"": ""남성의류>상의"", ""review_avg"": 5.0, ""sale_percent"": 10, ""sale_price"": 70200, ""sold_out"": false, ""url"": ""https://product.29cm.co.kr/catalog/4134340""}",2026-10-06T01:00:30+00:00_6b919dbf
2026-10-06T10:00:30+09:00,2026-10-06T01:00:32+00:00,commerce_rank,GUSSET RAGLAN L/S T-SHIRT [BLUE],29cm:4134340@272103100,rank,13.0,"{""brand_eng"": ""UNION BLUE"", ""brand_kor"": ""유니온 블루"", ""brand_no"": 13510, ""category1"": ""남성의류"", ""category2"": ""상의"", ""category3"": ""긴소매 티셔츠"", ""category3_code"": 272103102, ""is_new"": false, ""item_no"": 4134340, ""period_sort"": ""ONE_DAY"", ""platform"": ""29cm"", ""ranking_category_code"": ""272103100"", ""ranking_category_name"": ""남성의류>상의"", ""review_avg"": 5.0, ""sale_percent"": 10, ""sale_price"": 70200, ""sold_out"": false, ""url"": ""https://product.29cm.co.kr/catalog/4134340""}",2026-10-06T01:00:30+00:00_6b919dbf
2026-10-06T10:00:30+09:00,2026-10-06T01:00:31+00:00,commerce_rank,셀즈 셔츠 블라우스_2COLORS,29cm:4134563,heart_count,5250.0,"{""brand_eng"": ""MERRYON"", ""brand_kor"": ""메리온"", ""brand_no"": 108383, ""category1"": ""여성의류"", ""category2"": ""상의"", ""category3"": ""셔츠"", ""category3_code"": 268103106, ""is_new"": false, ""item_no"": 4134563, ""period_sort"": ""ONE_DAY"", ""platform"": ""29cm"", ""ranking_category_code"": ""268103100"", ""ranking_category_name"": ""여성의류>상의"", ""review_avg"": 4.5, ""sale_percent"": 14, ""sale_price"": 101750, ""sold_out"": false, ""url"": ""https://product.29cm.co.kr/catalog/4134563""}",2026-10-06T01:00:30+00:00_6b919dbf
2026-10-06T10:00:30+09:00,2026-10-06T01:00:31+00:00,commerce_rank,셀즈 셔츠 블라우스_2COLORS,29cm:4134563,review_count,22.0,"{""brand_eng"": ""MERRYON"", ""brand_kor"": ""메리온"", ""brand_no"": 108383, ""category1"": ""여성의류"", ""category2"": ""상의"", ""category3"": ""셔츠"", ""category3_code"": 268103106, ""is_new"": false, ""item_no"": 4134563, ""period_sort"": ""ONE_DAY"", ""platform"": ""29cm"", ""ranking_category_code"": ""268103100"", ""ranking_category_name"": ""여성의류>상의"", ""review_avg"": 4.5, ""sale_percent"": 14, ""sale_price"": 101750, ""sold_out"": false, ""url"": ""https://product.29cm.co.kr/catalog/4134563""}",2026-10-06T01:00:30+00:00_6b919dbf
2026-10-06T10:00:30+09:00,2026-10-06T01:00:31+00:00,commerce_rank,셀즈 셔츠 블라우스_2COLORS,29cm:4134563@268103100,rank,97.0,"{""brand_eng"": ""MERRYON"", ""brand_kor"": ""메리온"", ""brand_no"": 108383, ""category1"": ""여성의류"", ""category2"": ""상의"", ""category3"": ""셔츠"", ""category3_code"": 268103106, ""is_new"": false, ""item_no"": 4134563, ""period_sort"": ""ONE_DAY"", ""platform"": ""29cm"", ""ranking_category_code"": ""268103100"", ""ranking_category_name"": ""여성의류>상의"", ""review_avg"": 4.5, ""sale_percent"": 14, ""sale_price"": 101750, ""sold_out"": false, ""url"": ""https://product.29cm.co.kr/catalog/4134563""}",2026-10-06T01:00:30+00:00_6b919dbf
2026-10-06T10:00:30+09:00,2026-10-06T01:00:31+00:00,commerce_rank,"[4th REORDER, 10/15 예약배송] LACE-DETAILED SLEEVELESS TOP (GREY)",29cm:4135019,heart_count,3755.0,"{""brand_eng"": ""LCDC TM"", ""brand_kor"": ""엘씨디씨 티엠"", ""brand_no"": 20882, ""category1"": ""여성의류"", ""category2"": ""상의"", ""category3"": ""긴소매 티셔츠"", ""category3_code"": 268103102, ""is_new"": false, ""item_no"": 4135019, ""period_sort"": ""ONE_DAY"", ""platform"": ""29cm"", ""ranking_category_code"": ""268103100"", ""ranking_category_name"": ""여성의류>상의"", ""review_avg"": 5.0, ""sale_percent"": 10, ""sale_price"": 116100, ""sold_out"": false, ""url"": ""https://product.29cm.co.kr/catalog/4135019""}",2026-10-06T01:00:30+00:00_6b919dbf
2026-10-06T10:00:30+09:00,2026-10-06T01:00:31+00:00,commerce_rank,"[4th REORDER, 10/15 예약배송] LACE-DETAILED SLEEVELESS TOP (GREY)",29cm:4135019,review_count,20.0,"{""brand_eng"": ""LCDC TM"", ""brand_kor"": ""엘씨디씨 티엠"", ""brand_no"": 20882, ""category1"": ""여성의류"", ""category2"": ""상의"", ""category3"": ""긴소매 티셔츠"", ""category3_code"": 268103102, ""is_new"": false, ""item_no"": 4135019, ""period_sort"": ""ONE_DAY"", ""platform"": ""29cm"", ""ranking_category_code"": ""268103100"", ""ranking_category_name"": ""여성의류>상의"", ""review_avg"": 5.0, ""sale_percent"": 10, ""sale_price"": 116100, ""sold_out"": false, ""url"": ""https://product.29cm.co.kr/catalog/4135019""}",2026-10-06T01:00:30+00:00_6b919dbf
2026-10-06T10:00:30+09:00,2026-10-06T01:00:31+00:00,commerce_rank,"[4th REORDER, 10/15 예약배송] LACE-DETAILED SLEEVELESS TOP (GREY)",29cm:4135019@268103100,rank,30.0,"{""brand_eng"": ""LCDC TM"", ""brand_kor"": ""엘씨디씨 티엠"", ""brand_no"": 20882, ""category1"": ""여성의류"", ""category2"": ""상의"", ""category3"": ""긴소매 티셔츠"", ""category3_code"": 268103102, ""is_new"": false, ""item_no"": 4135019, ""period_sort"": ""ONE_DAY"", ""platform"": ""29cm"", ""ranking_category_code"": ""268103100"", ""ranking_category_name"": ""여성의류>상의"", ""review_avg"": 5.0, ""sale_percent"": 10, ""sale_price"": 116100, ""sold_out"": false, ""url"": ""https://product.29cm.co.kr/catalog/4135019""}",2026-10-06T01:00:30+00:00_6b919dbf
2026-10-06T10:00:30+09:00,2026-10-06T01:00:32+00:00,commerce_rank,Raw Edge Pocket Long Sleeve Melange Gray,29cm:4135206,heart_count,763.0,"{""brand_eng"": ""partimento"", ""brand_kor"": ""파르티멘토"", ""brand_no"": 1588, ""category1"": ""여성의류"", ""category2"": ""상의"", ""category3"": ""긴소매 티셔츠"", ""category3_code"": 268103102, ""is_new"": false, ""item_no"": 4135206, ""period_sort"": ""ONE_DAY"", ""platform"": ""29cm"", ""ranking_category_code"": ""272103100"", ""ranking_category_name"": ""남성의류>상의"", ""review_avg"": 5.0, ""sale_percent"": 28, ""sale_price"": 29610, ""sold_out"": false, ""url"": ""https://product.29cm.co.kr/catalog/4135206""}",2026-10-06T01:00:30+00:00_6b919dbf
2026-10-06T10:00:30+09:00,2026-10-06T01:00:32+00:00,commerce_rank,Raw Edge Pocket Long Sleeve Melange Gray,29cm:4135206,review_count,25.0,"{""brand_eng"": ""partimento"", ""brand_kor"": ""파르티멘토"", ""brand_no"": 1588, ""category1"": ""여성의류"", ""category2"": ""상의"", ""category3"": ""긴소매 티셔츠"", ""category3_code"": 268103102, ""is_new"": false, ""item_no"": 4135206, ""period_sort"": ""ONE_DAY"", ""platform"": ""29cm"", ""ranking_category_code"": ""272103100"", ""ranking_category_name"": ""남성의류>상의"", ""review_avg"": 5.0, ""sale_percent"": 28, ""sale_price"": 29610, ""sold_out"": false, ""url"": ""https://product.29cm.co.kr/catalog/4135206""}",2026-10-06T01:00:30+00:00_6b919dbf
2026-10-06T10:00:30+09:00,2026-10-06T01:00:32+00:00,commerce_rank,Raw Edge Pocket Long Sleeve Melange Gray,29cm:4135206@272103100,rank,10.0,"{""brand_eng"": ""partimento"", ""brand_kor"": ""파르티멘토"", ""brand_no"": 1588, ""category1"": ""여성의류"", ""category2"": ""상의"", ""category3"": ""긴소매 티셔츠"", ""category3_code"": 268103102, ""is_new"": false, ""item_no"": 4135206, ""period_sort"": ""ONE_DAY"", ""platform"": ""29cm"", ""ranking_category_code"": ""272103100"", ""ranking_category_name"": ""남성의류>상의"", ""review_avg"": 5.0, ""sale_percent"": 28, ""sale_price"": 29610, ""sold_out"": false, ""url"": ""https://product.29cm.co.kr/catalog/4135206""}",2026-10-06T01:00:30+00:00_6b919dbf
2026-10-06T10:00:30+09:00,2026-10-06T01:00:32+00:00,commerce_rank,Raw Edge Pocket Long Sleeve Black,29cm:4135210,heart_count,225.0,"{""brand_eng"": ""partimento"", ""brand_kor"": ""파르티멘토"", ""brand_no"": 1588, ""category1"": ""여성의류"", ""category2"": ""상의"", ""category3"": ""긴소매 티셔츠"", ""category3_code"": 268103102, ""is_new"": false, ""item_no"": 4135210, ""period_sort"": ""ONE_DAY"", ""platform"": ""29cm"", ""ranking_category_code"": ""272103100"", ""ranking_category_name"": ""남성의류>상의"", ""review_avg"": 5.0, ""sale_percent"": 28, ""sale_price"": 29610, ""sold_out"": false, ""url"": ""https://product.29cm.co.kr/catalog/4135210""}",2026-10-06T01:00:30+00:00_6b919dbf
2026-10-06T10:00:30+09:00,2026-10-06T01:00:32+00:00,commerce_rank,Raw Edge Pocket Long Sleeve Black,29cm:4135210,review_count,15.0,"{""brand_eng"": ""partimento"", ""brand_kor"": ""파르티멘토"", ""brand_no"": 1588, ""category1"": ""여성의류"", ""category2"": ""상의"", ""category3"": ""긴소매 티셔츠"", ""category3_code"": 268103102, ""is_new"": false, ""item_no"": 4135210, ""period_sort"": ""ONE_DAY"", ""platform"": ""29cm"", ""ranking_category_code"": ""272103100"", ""ranking_category_name"": ""남성의류>상의"", ""review_avg"": 5.0, ""sale_percent"": 28, ""sale_price"": 29610, ""sold_out"": false, ""url"": ""https://product.29cm.co.kr/catalog/4135210""}",2026-10-06T01:00:30+00:00_6b919dbf
2026-10-06T10:00:30+09:00,2026-10-06T01:00:32+00:00,commerce_rank,Raw Edge Pocket Long Sleeve Black,29cm:4135210@272103100,rank,23.0,"{""brand_eng"": ""partimento"", ""brand_kor"": ""파르티멘토"", ""brand_no"": 1588, ""category1"": ""여성의류"", ""category2"": ""상의"", ""category3"": ""긴소매 티셔츠"", ""category3_code"": 268103102, ""is_new"": false, ""item_no"": 4135210, ""period_sort"": ""ONE_DAY"", ""platform"": ""29cm"", ""ranking_category_code"": ""272103100"", ""ranking_category_name"": ""남성의류>상의"", ""review_avg"": 5.0, ""sale_percent"": 28, ""sale_price"": 29610, ""sold_out"": false, ""url"": ""https://product.29cm.co.kr/catalog/4135210""}",2026-10-06T01:00:30+00:00_6b919dbf
2026-10-06T10:00:30+09:00,2026-10-06T01:00:32+00:00,commerce_rank,Raw Edge Layered Long Sleeve Black,29cm:4135214,heart_count,472.0,"{""brand_eng"": ""partimento"", ""brand_kor"": ""파르티멘토"", ""brand_no"": 1588, ""category1"": ""여성의류"", ""category2"": ""상의"", ""category3"": ""긴소매 티셔츠"", ""category3_code"": 268103102, ""is_new"": false, ""item_no"": 4135214, ""period_sort"": ""ONE_DAY"", ""platform"": ""29cm"", ""ranking_category_code"": ""272103100"", ""ranking_category_name"": ""남성의류>상의"", ""review_avg"": 5.0, ""sale_percent"": 28, ""sale_price"": 34110, ""sold_out"": false, ""url"": ""https://product.29cm.co.kr/catalog/4135214""}",2026-10-06T01:00:30+00:00_6b919dbf
2026-10-06T10:00:30+09:00,2026-10-06T01:00:32+00:00,commerce_rank,Raw Edge Layered Long Sleeve Black,29cm:4135214,review_count,16.0,"{""brand_eng"": ""partimento"", ""brand_kor"": ""파르티멘토"", ""brand_no"": 1588, ""category1"": ""여성의류"", ""category2"": ""상의"", ""category3"": ""긴소매 티셔츠"", ""category3_code"": 268103102, ""is_new"": false, ""item_no"": 4135214, ""period_sort"": ""ONE_DAY"", ""platform"": ""29cm"", ""ranking_category_code"": ""272103100"", ""ranking_category_name"": ""남성의류>상의"", ""review_avg"": 5.0, ""sale_percent"": 28, ""sale_price"": 34110, ""sold_out"": false, ""url"": ""https://product.29cm.co.kr/catalog/4135214""}",2026-10-06T01:00:30+00:00_6b919dbf
2026-10-06T10:00:30+09:00,2026-10-06T01:00:32+00:00,commerce_rank,Raw Edge Layered Long Sleeve Black,29cm:4135214@272103100,rank,70.0,"{""brand_eng"": ""partimento"", ""brand_kor"": ""파르티멘토"", ""brand_no"": 1588, ""category1"": ""여성의류"", ""category2"": ""상의"", ""category3"": ""긴소매 티셔츠"", ""category3_code"": 268103102, ""is_new"": false, ""item_no"": 4135214, ""period_sort"": ""ONE_DAY"", ""platform"": ""29cm"", ""ranking_category_code"": ""272103100"", ""ranking_category_name"": ""남성의류>상의"", ""review_avg"": 5.0, ""sale_percent"": 28, ""sale_price"": 34110, ""sold_out"": false, ""url"": ""https://product.29cm.co.kr/catalog/4135214""}",2026-10-06T01:00:30+00:00_6b919dbf
2026-10-06T10:00:30+09:00,2026-10-06T01:00:31+00:00,commerce_rank,[29CM 단독] (8차_10/8 순차배송) 데일리 레글런 티셔츠 (라벤더),29cm:4135750,heart_count,3992.0,"{""brand_eng"": ""FOREU"", ""brand_kor"": ""포르어"", ""brand_no"": 95874, ""category1"": ""여성의류"", ""category2"": ""상의"", ""category3"": ""긴소매 티셔츠"", ""category3_code"": 268103102, ""is_new"": false, ""item_no"": 4135750, ""period_sort"": ""ONE_DAY"", ""platform"": ""29cm"", ""ranking_category_code"": ""268103100"", ""ranking_category_name"": ""여성의류>상의"", ""review_avg"": 5.0, ""sale_percent"": 10, ""sale_price"": 57600, ""sold_out"": false, ""url"": ""https://product.29cm.co.kr/catalog/4135750""}",2026-10-06T01:00:30+00:00_6b919dbf
2026-10-06T10:00:30+09:00,2026-10-06T01:00:31+00:00,commerce_rank,[29CM 단독] (8차_10/8 순차배송) 데일리 레글런 티셔츠 (라벤더),29cm:4135750,review_count,70.0,"{""brand_eng"": ""FOREU"", ""brand_kor"": ""포르어"", ""brand_no"": 95874, ""category1"": ""여성의류"", ""category2"": ""상의"", ""category3"": ""긴소매 티셔츠"", ""category3_code"": 268103102, ""is_new"": false, ""item_no"": 4135750, ""period_sort"": ""ONE_DAY"", ""platform"": ""29cm"", ""ranking_category_code"": ""268103100"", ""ranking_category_name"": ""여성의류>상의"", ""review_avg"": 5.0, ""sale_percent"": 10, ""sale_price"": 57600, ""sold_out"": false, ""url"": ""https://product.29cm.co.kr/catalog/4135750""}",2026-10-06T01:00:30+00:00_6b919dbf
2026-10-06T10:00:30+09:00,2026-10-06T01:00:31+00:00,commerce_rank,[29CM 단독] (8차_10/8 순차배송) 데일리 레글런 티셔츠 (라벤더),29cm:4135750@268103100,rank,96.0,"{""brand_eng"": ""FOREU"", ""brand_kor"": ""포르어"", ""brand_no"": 95874, ""category1"": ""여성의류"", ""category2"": ""상의"", ""category3"": ""긴소매 티셔츠"", ""category3_code"": 268103102, ""is_new"": false, ""item_no"": 4135750, ""period_sort"": ""ONE_DAY"", ""platform"": ""29cm"", ""ranking_category_code"": ""268103100"", ""ranking_category_name"": ""여성의류>상의"", ""review_avg"": 5.0, ""sale_percent"": 10, ""sale_price"": 57600, ""sold_out"": false, ""url"": ""https://product.29cm.co.kr/catalog/4135750""}",2026-10-06T01:00:30+00:00_6b919dbf
2026-10-06T10:00:30+09:00,2026-10-06T01:00:32+00:00,commerce_rank,멘즈 라이트웨이트 신칠라 스냅-티 풀오버 25551R7,29cm:4136312,heart_count,1033.0,"{""brand_eng"": ""PATAGONIA"", ""brand_kor"": ""파타고니아"", ""brand_no"": 34278, ""category1"": ""남성의류"", ""category2"": ""상의"", ""category3"": ""스웨트셔츠"", ""category3_code"": 272103107, ""is_new"": false, ""item_no"": 4136312, ""period_sort"": ""ONE_DAY"", ""platform"": ""29cm"", ""ranking_category_code"": ""272103100"", ""ranking_category_name"": ""남성의류>상의"", ""review_avg"": 5.0, ""sale_percent"": 5, ""sale_price"": 227050, ""sold_out"": false, ""url"": ""https://product.29cm.co.kr/catalog/4136312""}",2026-10-06T01:00:30+00:00_6b919dbf
2026-10-06T10:00:30+09:00,2026-10-06T01:00:32+00:00,commerce_rank,멘즈 라이트웨이트 신칠라 스냅-티 풀오버 25551R7,29cm:4136312,review_count,8.0,"{""brand_eng"": ""PATAGONIA"", ""brand_kor"": ""파타고니아"", ""brand_no"": 34278, ""category1"": ""남성의류"", ""category2"": ""상의"", ""category3"": ""스웨트셔츠"", ""category3_code"": 272103107, ""is_new"": false, ""item_no"": 4136312, ""period_sort"": ""ONE_DAY"", ""platform"": ""29cm"", ""ranking_category_code"": ""272103100"", ""ranking_category_name"": ""남성의류>상의"", ""review_avg"": 5.0, ""sale_percent"": 5, ""sale_price"": 227050, ""sold_out"": false, ""url"": ""https://product.29cm.co.kr/catalog/4136312""}",2026-10-06T01:00:30+00:00_6b919dbf
2026-10-06T10:00:30+09:00,2026-10-06T01:00:32+00:00,commerce_rank,멘즈 라이트웨이트 신칠라 스냅-티 풀오버 25551R7,29cm:4136312@272103100,rank,28.0,"{""brand_eng"": ""PATAGONIA"", ""brand_kor"": ""파타고니아"", ""brand_no"": 34278, ""category1"": ""남성의류"", ""category2"": ""상의"", ""category3"": ""스웨트셔츠"", ""category3_code"": 272103107, ""is_new"": false, ""item_no"": 4136312, ""period_sort"": ""ONE_DAY"", ""platform"": ""29cm"", ""ranking_category_code"": ""272103100"", ""ranking_category_name"": ""남성의류>상의"", ""review_avg"": 5.0, ""sale_percent"": 5, ""sale_price"": 227050, ""sold_out"": false, ""url"": ""https://product.29cm.co.kr/catalog/4136312""}",2026-10-06T01:00:30+00:00_6b919dbf
2026-10-06T10:00:30+09:00,2026-10-06T01:00:31+00:00,commerce_rank,[1차 리오더] Sheer boatneck raglan t-shirt_4colors,29cm:4137017,heart_count,2927.0,"{""brand_eng"": ""URAGO"", ""brand_kor"": ""유라고"", ""brand_no"": 2221, ""category1"": ""여성의류"", ""category2"": ""상의"", ""category3"": ""긴소매 티셔츠"", ""category3_code"": 268103102, ""is_new"": false, ""item_no"": 4137017, ""period_sort"": ""ONE_DAY"", ""platform"": ""29cm"", ""ranking_category_code"": ""268103100"", ""ranking_category_name"": ""여성의류>상의"", ""review_avg"": 5.0, ""sale_percent"": 10, ""sale_price"": 52200, ""sold_out"": false, ""url"": ""https://product.29cm.co.kr/catalog/4137017""}",2026-10-06T01:00:30+00:00_6b919dbf
2026-10-06T10:00:30+09:00,2026-10-06T01:00:31+00:00,commerce_rank,[1차 리오더] Sheer boatneck raglan t-shirt_4colors,29cm:4137017,review_count,19.0,"{""brand_eng"": ""URAGO"", ""brand_kor"": ""유라고"", ""brand_no"": 2221, ""category1"": ""여성의류"", ""category2"": ""상의"", ""category3"": ""긴소매 티셔츠"", ""category3_code"": 268103102, ""is_new"": false, ""item_no"": 4137017, ""period_sort"": ""ONE_DAY"", ""platform"": ""29cm"", ""ranking_category_code"": ""268103100"", ""ranking_category_name"": ""여성의류>상의"", ""review_avg"": 5.0, ""sale_percent"": 10, ""sale_price"": 52200, ""sold_out"": false, ""url"": ""https://product.29cm.co.kr/catalog/4137017""}",2026-10-06T01:00:30+00:00_6b919dbf
2026-10-06T10:00:30+09:00,2026-10-06T01:00:31+00:00,commerce_rank,[1차 리오더] Sheer boatneck raglan t-shirt_4colors,29cm:4137017@268103100,rank,38.0,"{""brand_eng"": ""URAGO"", ""brand_kor"": ""유라고"", ""brand_no"": 2221, ""category1"": ""여성의류"", ""category2"": ""상의"", ""category3"": ""긴소매 티셔츠"", ""category3_code"": 268103102, ""is_new"": false, ""item_no"": 4137017, ""period_sort"": ""ONE_DAY"", ""platform"": ""29cm"", ""ranking_category_code"": ""268103100"", ""ranking_category_name"": ""여성의류>상의"", ""review_avg"": 5.0, ""sale_percent"": 10, ""sale_price"": 52200, ""sold_out"": false, ""url"": ""https://product.29cm.co.kr/catalog/4137017""}",2026-10-06T01:00:30+00:00_6b919dbf
2026-10-06T10:00:30+09:00,2026-10-06T01:00:32+00:00,commerce_rank,남녀공용 오리진 헨리넥 무지 롱 슬리브 세미 크롭 긴팔 티셔츠_6colors,29cm:4142830,heart_count,57.0,"{""brand_eng"": ""NUARTSTUDIO"", ""brand_kor"": ""누아트스튜디오"", ""brand_no"": 21874, ""category1"": ""남성의류"", ""category2"": ""상의"", ""category3"": ""긴소매 티셔츠"", ""category3_code"": 272103102, ""is_new"": false, ""item_no"": 4142830, ""period_sort"": ""ONE_DAY"", ""platform"": ""29cm"", ""ranking_category_code"": ""272103100"", ""ranking_category_name"": ""남성의류>상의"", ""review_avg"": 5.0, ""sale_percent"": 66, ""sale_price"": 13410, ""sold_out"": false, ""url"": ""https://product.29cm.co.kr/catalog/4142830""}",2026-10-06T01:00:30+00:00_6b919dbf
2026-10-06T10:00:30+09:00,2026-10-06T01:00:32+00:00,commerce_rank,남녀공용 오리진 헨리넥 무지 롱 슬리브 세미 크롭 긴팔 티셔츠_6colors,29cm:4142830,review_count,1.0,"{""brand_eng"": ""NUARTSTUDIO"", ""brand_kor"": ""누아트스튜디오"", ""brand_no"": 21874, ""category1"": ""남성의류"", ""category2"": ""상의"", ""category3"": ""긴소매 티셔츠"", ""category3_code"": 272103102, ""is_new"": false, ""item_no"": 4142830, ""period_sort"": ""ONE_DAY"", ""platform"": ""29cm"", ""ranking_category_code"": ""272103100"", ""ranking_category_name"": ""남성의류>상의"", ""review_avg"": 5.0, ""sale_percent"": 66, ""sale_price"": 13410, ""sold_out"": false, ""url"": ""https://product.29cm.co.kr/catalog/4142830""}",2026-10-06T01:00:30+00:00_6b919dbf
2026-10-06T10:00:30+09:00,2026-10-06T01:00:32+00:00,commerce_rank,남녀공용 오리진 헨리넥 무지 롱 슬리브 세미 크롭 긴팔 티셔츠_6colors,29cm:4142830@272103100,rank,31.0,"{""brand_eng"": ""NUARTSTUDIO"", ""brand_kor"": ""누아트스튜디오"", ""brand_no"": 21874, ""category1"": ""남성의류"", ""category2"": ""상의"", ""category3"": ""긴소매 티셔츠"", ""category3_code"": 272103102, ""is_new"": false, ""item_no"": 4142830, ""period_sort"": ""ONE_DAY"", ""platform"": ""29cm"", ""ranking_category_code"": ""272103100"", ""ranking_category_name"": ""남성의류>상의"", ""review_avg"": 5.0, ""sale_percent"": 66, ""sale_price"": 13410, ""sold_out"": false, ""url"": ""https://product.29cm.co.kr/catalog/4142830""}",2026-10-06T01:00:30+00:00_6b919dbf
2026-10-06T10:00:30+09:00,2026-10-06T01:00:31+00:00,commerce_rank,Bertie overfit sweatshirt (mgy/ch),29cm:4142878,heart_count,817.0,"{""brand_eng"": ""THE MITTEN"", ""brand_kor"": ""더미튼"", ""brand_no"": 25573, ""category1"": ""여성의류"", ""category2"": ""상의"", ""category3"": ""스웨트셔츠"", ""category3_code"": 268103104, ""is_new"": false, ""item_no"": 4142878, ""period_sort"": ""ONE_DAY"", ""platform"": ""29cm"", ""ranking_category_code"": ""268103100"", ""ranking_category_name"": ""여성의류>상의"", ""review_avg"": 5.0, ""sale_percent"": 16, ""sale_price"": 79950, ""sold_out"": false, ""url"": ""https://product.29cm.co.kr/catalog/4142878""}",2026-10-06T01:00:30+00:00_6b919dbf
2026-10-06T10:00:30+09:00,2026-10-06T01:00:31+00:00,commerce_rank,Bertie overfit sweatshirt (mgy/ch),29cm:4142878,review_count,5.0,"{""brand_eng"": ""THE MITTEN"", ""brand_kor"": ""더미튼"", ""brand_no"": 25573, ""category1"": ""여성의류"", ""category2"": ""상의"", ""category3"": ""스웨트셔츠"", ""category3_code"": 268103104, ""is_new"": false, ""item_no"": 4142878, ""period_sort"": ""ONE_DAY"", ""platform"": ""29cm"", ""ranking_category_code"": ""268103100"", ""ranking_category_name"": ""여성의류>상의"", ""review_avg"": 5.0, ""sale_percent"": 16, ""sale_price"": 79950, ""sold_out"": false, ""url"": ""https://product.29cm.co.kr/catalog/4142878""}",2026-10-06T01:00:30+00:00_6b919dbf
2026-10-06T10:00:30+09:00,2026-10-06T01:00:31+00:00,commerce_rank,Bertie overfit sweatshirt (mgy/ch),29cm:4142878@268103100,rank,83.0,"{""brand_eng"": ""THE MITTEN"", ""brand_kor"": ""더미튼"", ""brand_no"": 25573, ""category1"": ""여성의류"", ""category2"": ""상의"", ""category3"": ""스웨트셔츠"", ""category3_code"": 268103104, ""is_new"": false, ""item_no"": 4142878, ""period_sort"": ""ONE_DAY"", ""platform"": ""29cm"", ""ranking_category_code"": ""268103100"", ""ranking_category_name"": ""여성의류>상의"", ""review_avg"": 5.0, ""sale_percent"": 16, ""sale_price"": 79950, ""sold_out"": false, ""url"": ""https://product.29cm.co.kr/catalog/4142878""}",2026-10-06T01:00:30+00:00_6b919dbf
2026-10-06T10:00:30+09:00,2026-10-06T01:00:32+00:00,commerce_rank,Oxford Work Shirts (Stripe Blue),29cm:4143204,heart_count,281.0,"{""brand_eng"": ""HAVE HAD"", ""brand_kor"": ""해브해드"", ""brand_no"": 2910, ""category1"": ""남성의류"", ""category2"": ""상의"", ""category3"": ""긴소매 셔츠"", ""category3_code"": 272103106, ""is_new"": false, ""item_no"": 4143204, ""period_sort"": ""ONE_DAY"", ""platform"": ""29cm"", ""ranking_category_code"": ""272103100"", ""ranking_category_name"": ""남성의류>상의"", ""review_avg"": 5.0, ""sale_percent"": 28, ""sale_price"": 64310, ""sold_out"": false, ""url"": ""https://product.29cm.co.kr/catalog/4143204""}",2026-10-06T01:00:30+00:00_6b919dbf
2026-10-06T10:00:30+09:00,2026-10-06T01:00:32+00:00,commerce_rank,Oxford Work Shirts (Stripe Blue),29cm:4143204,review_count,6.0,"{""brand_eng"": ""HAVE HAD"", ""brand_kor"": ""해브해드"", ""brand_no"": 2910, ""category1"": ""남성의류"", ""category2"": ""상의"", ""category3"": ""긴소매 셔츠"", ""category3_code"": 272103106, ""is_new"": false, ""item_no"": 4143204, ""period_sort"": ""ONE_DAY"", ""platform"": ""29cm"", ""ranking_category_code"": ""272103100"", ""ranking_category_name"": ""남성의류>상의"", ""review_avg"": 5.0, ""sale_percent"": 28, ""sale_price"": 64310, ""sold_out"": false, ""url"": ""https://product.29cm.co.kr/catalog/4143204""}",2026-10-06T01:00:30+00:00_6b919dbf
2026-10-06T10:00:30+09:00,2026-10-06T01:00:32+00:00,commerce_rank,Oxford Work Shirts (Stripe Blue),29cm:4143204@272103100,rank,43.0,"{""brand_eng"": ""HAVE HAD"", ""brand_kor"": ""해브해드"", ""brand_no"": 2910, ""category1"": ""남성의류"", ""category2"": ""상의"", ""category3"": ""긴소매 셔츠"", ""category3_code"": 272103106, ""is_new"": false, ""item_no"": 4143204, ""period_sort"": ""ONE_DAY"", ""platform"": ""29cm"", ""ranking_category_code"": ""272103100"", ""ranking_category_name"": ""남성의류>상의"", ""review_avg"": 5.0, ""sale_percent"": 28, ""sale_price"": 64310, ""sold_out"": false, ""url"": ""https://product.29cm.co.kr/catalog/4143204""}",2026-10-06T01:00:30+00:00_6b919dbf
2026-10-06T10:00:30+09:00,2026-10-06T01:00:32+00:00,commerce_rank,Oxford Work Shirts (Light Blue),29cm:4143210,heart_count,176.0,"{""brand_eng"": ""HAVE HAD"", ""brand_kor"": ""해브해드"", ""brand_no"": 2910, ""category1"": ""남성의류"", ""category2"": ""상의"", ""category3"": ""긴소매 셔츠"", ""category3_code"": 272103106, ""is_new"": false, ""item_no"": 4143210, ""period_sort"": ""ONE_DAY"", ""platform"": ""29cm"", ""ranking_category_code"": ""272103100"", ""ranking_category_name"": ""남성의류>상의"", ""review_avg"": 5.0, ""sale_percent"": 28, ""sale_price"": 64310, ""sold_out"": false, ""url"": ""https://product.29cm.co.kr/catalog/4143210""}",2026-10-06T01:00:30+00:00_6b919dbf
2026-10-06T10:00:30+09:00,2026-10-06T01:00:32+00:00,commerce_rank,Oxford Work Shirts (Light Blue),29cm:4143210,review_count,2.0,"{""brand_eng"": ""HAVE HAD"", ""brand_kor"": ""해브해드"", ""brand_no"": 2910, ""category1"": ""남성의류"", ""category2"": ""상의"", ""category3"": ""긴소매 셔츠"", ""category3_code"": 272103106, ""is_new"": false, ""item_no"": 4143210, ""period_sort"": ""ONE_DAY"", ""platform"": ""29cm"", ""ranking_category_code"": ""272103100"", ""ranking_category_name"": ""남성의류>상의"", ""review_avg"": 5.0, ""sale_percent"": 28, ""sale_price"": 64310, ""sold_out"": false, ""url"": ""https://product.29cm.co.kr/catalog/4143210""}",2026-10-06T01:00:30+00:00_6b919dbf
2026-10-06T10:00:30+09:00,2026-10-06T01:00:32+00:00,commerce_rank,Oxford Work Shirts (Light Blue),29cm:4143210@272103100,rank,80.0,"{""brand_eng"": ""HAVE HAD"", ""brand_kor"": ""해브해드"", ""brand_no"": 2910, ""category1"": ""남성의류"", ""category2"": ""상의"", ""category3"": ""긴소매 셔츠"", ""category3_code"": 272103106, ""is_new"": false, ""item_no"": 4143210, ""period_sort"": ""ONE_DAY"", ""platform"": ""29cm"", ""ranking_category_code"": ""272103100"", ""ranking_category_name"": ""남성의류>상의"", ""review_avg"": 5.0, ""sale_percent"": 28, ""sale_price"": 64310, ""sold_out"": false, ""url"": ""https://product.29cm.co.kr/catalog/4143210""}",2026-10-06T01:00:30+00:00_6b919dbf
2026-10-06T10:00:30+09:00,2026-10-06T01:00:31+00:00,commerce_rank,[오제 PICK] 울 텐셀 헨리넥 긴팔 티셔츠 MDTS112_6 Colors,29cm:4147743,heart_count,921.0,"{""brand_eng"": ""MONGDOL"", ""brand_kor"": ""몽돌"", ""brand_no"": 10654, ""category1"": ""여성의류"", ""category2"": ""상의"", ""category3"": ""긴소매 티셔츠"", ""category3_code"": 268103102, ""is_new"": false, ""item_no"": 4147743, ""period_sort"": ""ONE_DAY"", ""platform"": ""29cm"", ""ranking_category_code"": ""268103100"", ""ranking_category_name"": ""여성의류>상의"", ""review_avg"": 5.0, ""sale_percent"": 19, ""sale_price"": 38880, ""sold_out"": false, ""url"": ""https://product.29cm.co.kr/catalog/4147743""}",2026-10-06T01:00:30+00:00_6b919dbf
2026-10-06T10:00:30+09:00,2026-10-06T01:00:31+00:00,commerce_rank,[오제 PICK] 울 텐셀 헨리넥 긴팔 티셔츠 MDTS112_6 Colors,29cm:4147743,review_count,13.0,"{""brand_eng"": ""MONGDOL"", ""brand_kor"": ""몽돌"", ""brand_no"": 10654, ""category1"": ""여성의류"", ""category2"": ""상의"", ""category3"": ""긴소매 티셔츠"", ""category3_code"": 268103102, ""is_new"": false, ""item_no"": 4147743, ""period_sort"": ""ONE_DAY"", ""platform"": ""29cm"", ""ranking_category_code"": ""268103100"", ""ranking_category_name"": ""여성의류>상의"", ""review_avg"": 5.0, ""sale_percent"": 19, ""sale_price"": 38880, ""sold_out"": false, ""url"": ""https://product.29cm.co.kr/catalog/4147743""}",2026-10-06T01:00:30+00:00_6b919dbf
2026-10-06T10:00:30+09:00,2026-10-06T01:00:31+00:00,commerce_rank,[오제 PICK] 울 텐셀 헨리넥 긴팔 티셔츠 MDTS112_6 Colors,29cm:4147743@268103100,rank,50.0,"{""brand_eng"": ""MONGDOL"", ""brand_kor"": ""몽돌"", ""brand_no"": 10654, ""category1"": ""여성의류"", ""category2"": ""상의"", ""category3"": ""긴소매 티셔츠"", ""category3_code"": 268103102, ""is_new"": false, ""item_no"": 4147743, ""period_sort"": ""ONE_DAY"", ""platform"": ""29cm"", ""ranking_category_code"": ""268103100"", ""ranking_category_name"": ""여성의류>상의"", ""review_avg"": 5.0, ""sale_percent"": 19, ""sale_price"": 38880, ""sold_out"": false, ""url"": ""https://product.29cm.co.kr/catalog/4147743""}",2026-10-06T01:00:30+00:00_6b919dbf
2026-10-06T10:00:30+09:00,2026-10-06T01:00:32+00:00,commerce_rank,울 블렌디드 롱 슬리브 티셔츠 레몬,29cm:4149344,heart_count,101.0,"{""brand_eng"": ""AFTER PRAY"", ""brand_kor"": ""애프터프레이"", ""brand_no"": 3262, ""category1"": ""여성의류"", ""category2"": ""상의"", ""category3"": ""긴소매 티셔츠"", ""category3_code"": 268103102, ""is_new"": false, ""item_no"": 4149344, ""period_sort"": ""ONE_DAY"", ""platform"": ""29cm"", ""ranking_category_code"": ""272103100"", ""ranking_category_name"": ""남성의류>상의"", ""review_avg"": 0.0, ""sale_percent"": 0, ""sale_price"": 89000, ""sold_out"": false, ""url"": ""https://product.29cm.co.kr/catalog/4149344""}",2026-10-06T01:00:30+00:00_6b919dbf
2026-10-06T10:00:30+09:00,2026-10-06T01:00:32+00:00,commerce_rank,울 블렌디드 롱 슬리브 티셔츠 레몬,29cm:4149344,review_count,0.0,"{""brand_eng"": ""AFTER PRAY"", ""brand_kor"": ""애프터프레이"", ""brand_no"": 3262, ""category1"": ""여성의류"", ""category2"": ""상의"", ""category3"": ""긴소매 티셔츠"", ""category3_code"": 268103102, ""is_new"": false, ""item_no"": 4149344, ""period_sort"": ""ONE_DAY"", ""platform"": ""29cm"", ""ranking_category_code"": ""272103100"", ""ranking_category_name"": ""남성의류>상의"", ""review_avg"": 0.0, ""sale_percent"": 0, ""sale_price"": 89000, ""sold_out"": false, ""url"": ""https://product.29cm.co.kr/catalog/4149344""}",2026-10-06T01:00:30+00:00_6b919dbf
2026-10-06T10:00:30+09:00,2026-10-06T01:00:32+00:00,commerce_rank,울 블렌디드 롱 슬리브 티셔츠 레몬,29cm:4149344@272103100,rank,78.0,"{""brand_eng"": ""AFTER PRAY"", ""brand_kor"": ""애프터프레이"", ""brand_no"": 3262, ""category1"": ""여성의류"", ""category2"": ""상의"", ""category3"": ""긴소매 티셔츠"", ""category3_code"": 268103102, ""is_new"": false, ""item_no"": 4149344, ""period_sort"": ""ONE_DAY"", ""platform"": ""29cm"", ""ranking_category_code"": ""272103100"", ""ranking_category_name"": ""남성의류>상의"", ""review_avg"": 0.0, ""sale_percent"": 0, ""sale_price"": 89000, ""sold_out"": false, ""url"": ""https://product.29cm.co.kr/catalog/4149344""}",2026-10-06T01:00:30+00:00_6b919dbf
2026-10-06T10:00:30+09:00,2026-10-06T01:00:32+00:00,commerce_rank,라이트웨이트 후드 집업 BLACK,29cm:4149418,heart_count,8.0,"{""brand_eng"": ""INSILENCE"", ""brand_kor"": ""인사일런스"", ""brand_no"": 1642, ""category1"": ""남성의류"", ""category2"": ""상의"", ""category3"": ""스웨트셔츠"", ""category3_code"": 272103107, ""is_new"": false, ""item_no"": 4149418, ""period_sort"": ""ONE_DAY"", ""platform"": ""29cm"", ""ranking_category_code"": ""272103100"", ""ranking_category_name"": ""남성의류>상의"", ""review_avg"": 0.0, ""sale_percent"": 10, ""sale_price"": 99000, ""sold_out"": false, ""url"": ""https://product.29cm.co.kr/catalog/4149418""}",2026-10-06T01:00:30+00:00_6b919dbf
2026-10-06T10:00:30+09:00,2026-10-06T01:00:32+00:00,commerce_rank,라이트웨이트 후드 집업 BLACK,29cm:4149418,review_count,0.0,"{""brand_eng"": ""INSILENCE"", ""brand_kor"": ""인사일런스"", ""brand_no"": 1642, ""category1"": ""남성의류"", ""category2"": ""상의"", ""category3"": ""스웨트셔츠"", ""category3_code"": 272103107, ""is_new"": false, ""item_no"": 4149418, ""period_sort"": ""ONE_DAY"", ""platform"": ""29cm"", ""ranking_category_code"": ""272103100"", ""ranking_category_name"": ""남성의류>상의"", ""review_avg"": 0.0, ""sale_percent"": 10, ""sale_price"": 99000, ""sold_out"": false, ""url"": ""https://product.29cm.co.kr/catalog/4149418""}",2026-10-06T01:00:30+00:00_6b919dbf
2026-10-06T10:00:30+09:00,2026-10-06T01:00:32+00:00,commerce_rank,라이트웨이트 후드 집업 BLACK,29cm:4149418@272103100,rank,54.0,"{""brand_eng"": ""INSILENCE"", ""brand_kor"": ""인사일런스"", ""brand_no"": 1642, ""category1"": ""남성의류"", ""category2"": ""상의"", ""category3"": ""스웨트셔츠"", ""category3_code"": 272103107, ""is_new"": false, ""item_no"": 4149418, ""period_sort"": ""ONE_DAY"", ""platform"": ""29cm"", ""ranking_category_code"": ""272103100"", ""ranking_category_name"": ""남성의류>상의"", ""review_avg"": 0.0, ""sale_percent"": 10, ""sale_price"": 99000, ""sold_out"": false, ""url"": ""https://product.29cm.co.kr/catalog/4149418""}",2026-10-06T01:00:30+00:00_6b919dbf
2026-10-06T10:00:30+09:00,2026-10-06T01:00:32+00:00,commerce_rank,Everyday Classic Check Shirts (Navy),29cm:4149637,heart_count,432.0,"{""brand_eng"": ""HAVE HAD"", ""brand_kor"": ""해브해드"", ""brand_no"": 2910, ""category1"": ""남성의류"", ""category2"": ""상의"", ""category3"": ""긴소매 셔츠"", ""category3_code"": 272103106, ""is_new"": false, ""item_no"": 4149637, ""period_sort"": ""ONE_DAY"", ""platform"": ""29cm"", ""ranking_category_code"": ""272103100"", ""ranking_category_name"": ""남성의류>상의"", ""review_avg"": 5.0, ""sale_percent"": 28, ""sale_price"": 64310, ""sold_out"": false, ""url"": ""https://product.29cm.co.kr/catalog/4149637""}",2026-10-06T01:00:30+00:00_6b919dbf
2026-10-06T10:00:30+09:00,2026-10-06T01:00:32+00:00,commerce_rank,Everyday Classic Check Shirts (Navy),29cm:4149637,review_count,7.0,"{""brand_eng"": ""HAVE HAD"", ""brand_kor"": ""해브해드"", ""brand_no"": 2910, ""category1"": ""남성의류"", ""category2"": ""상의"", ""category3"": ""긴소매 셔츠"", ""category3_code"": 272103106, ""is_new"": false, ""item_no"": 4149637, ""period_sort"": ""ONE_DAY"", ""platform"": ""29cm"", ""ranking_category_code"": ""272103100"", ""ranking_category_name"": ""남성의류>상의"", ""review_avg"": 5.0, ""sale_percent"": 28, ""sale_price"": 64310, ""sold_out"": false, ""url"": ""https://product.29cm.co.kr/catalog/4149637""}",2026-10-06T01:00:30+00:00_6b919dbf
2026-10-06T10:00:30+09:00,2026-10-06T01:00:32+00:00,commerce_rank,Everyday Classic Check Shirts (Navy),29cm:4149637@272103100,rank,39.0,"{""brand_eng"": ""HAVE HAD"", ""brand_kor"": ""해브해드"", ""brand_no"": 2910, ""category1"": ""남성의류"", ""category2"": ""상의"", ""category3"": ""긴소매 셔츠"", ""category3_code"": 272103106, ""is_new"": false, ""item_no"": 4149637, ""period_sort"": ""ONE_DAY"", ""platform"": ""29cm"", ""ranking_category_code"": ""272103100"", ""ranking_category_name"": ""남성의류>상의"", ""review_avg"": 5.0, ""sale_percent"": 28, ""sale_price"": 64310, ""sold_out"": false, ""url"": ""https://product.29cm.co.kr/catalog/4149637""}",2026-10-06T01:00:30+00:00_6b919dbf
2026-10-06T10:00:30+09:00,2026-10-06T01:00:31+00:00,commerce_rank,[주미니 Pick]Raglan oversized modal tee [TIFA06LT06]_Navy,29cm:4149711,heart_count,4232.0,"{""brand_eng"": ""TILLIDIE"", ""brand_kor"": ""틸아이다이"", ""brand_no"": 3421, ""category1"": ""여성의류"", ""category2"": ""상의"", ""category3"": ""긴소매 티셔츠"", ""category3_code"": 268103102, ""is_new"": false, ""item_no"": 4149711, ""period_sort"": ""ONE_DAY"", ""platform"": ""29cm"", ""ranking_category_code"": ""268103100"", ""ranking_category_name"": ""여성의류>상의"", ""review_avg"": 5.0, ""sale_percent"": 17, ""sale_price"": 63310, ""sold_out"": false, ""url"": ""https://product.29cm.co.kr/catalog/4149711""}",2026-10-06T01:00:30+00:00_6b919dbf
2026-10-06T10:00:30+09:00,2026-10-06T01:00:31+00:00,commerce_rank,[주미니 Pick]Raglan oversized modal tee [TIFA06LT06]_Navy,29cm:4149711,review_count,114.0,"{""brand_eng"": ""TILLIDIE"", ""brand_kor"": ""틸아이다이"", ""brand_no"": 3421, ""category1"": ""여성의류"", ""category2"": ""상의"", ""category3"": ""긴소매 티셔츠"", ""category3_code"": 268103102, ""is_new"": false, ""item_no"": 4149711, ""period_sort"": ""ONE_DAY"", ""platform"": ""29cm"", ""ranking_category_code"": ""268103100"", ""ranking_category_name"": ""여성의류>상의"", ""review_avg"": 5.0, ""sale_percent"": 17, ""sale_price"": 63310, ""sold_out"": false, ""url"": ""https://product.29cm.co.kr/catalog/4149711""}",2026-10-06T01:00:30+00:00_6b919dbf
2026-10-06T10:00:30+09:00,2026-10-06T01:00:31+00:00,commerce_rank,[주미니 Pick]Raglan oversized modal tee [TIFA06LT06]_Navy,29cm:4149711@268103100,rank,8.0,"{""brand_eng"": ""TILLIDIE"", ""brand_kor"": ""틸아이다이"", ""brand_no"": 3421, ""category1"": ""여성의류"", ""category2"": ""상의"", ""category3"": ""긴소매 티셔츠"", ""category3_code"": 268103102, ""is_new"": false, ""item_no"": 4149711, ""period_sort"": ""ONE_DAY"", ""platform"": ""29cm"", ""ranking_category_code"": ""268103100"", ""ranking_category_name"": ""여성의류>상의"", ""review_avg"": 5.0, ""sale_percent"": 17, ""sale_price"": 63310, ""sold_out"": false, ""url"": ""https://product.29cm.co.kr/catalog/4149711""}",2026-10-06T01:00:30+00:00_6b919dbf
2026-10-06T10:00:30+09:00,2026-10-06T01:00:31+00:00,commerce_rank,[4차 재입고] 로우엣지 래글런 롱슬리브 티셔츠_퍼플,29cm:4150333,heart_count,2696.0,"{""brand_eng"": ""URBANDTYPE"", ""brand_kor"": ""어반디타입"", ""brand_no"": 2295, ""category1"": ""여성의류"", ""category2"": ""상의"", ""category3"": ""긴소매 티셔츠"", ""category3_code"": 268103102, ""is_new"": false, ""item_no"": 4150333, ""period_sort"": ""ONE_DAY"", ""platform"": ""29cm"", ""ranking_category_code"": ""268103100"", ""ranking_category_name"": ""여성의류>상의"", ""review_avg"": 4.5, ""sale_percent"": 19, ""sale_price"": 31500, ""sold_out"": false, ""url"": ""https://product.29cm.co.kr/catalog/4150333""}",2026-10-06T01:00:30+00:00_6b919dbf
2026-10-06T10:00:30+09:00,2026-10-06T01:00:31+00:00,commerce_rank,[4차 재입고] 로우엣지 래글런 롱슬리브 티셔츠_퍼플,29cm:4150333,review_count,8.0,"{""brand_eng"": ""URBANDTYPE"", ""brand_kor"": ""어반디타입"", ""brand_no"": 2295, ""category1"": ""여성의류"", ""category2"": ""상의"", ""category3"": ""긴소매 티셔츠"", ""category3_code"": 268103102, ""is_new"": false, ""item_no"": 4150333, ""period_sort"": ""ONE_DAY"", ""platform"": ""29cm"", ""ranking_category_code"": ""268103100"", ""ranking_category_name"": ""여성의류>상의"", ""review_avg"": 4.5, ""sale_percent"": 19, ""sale_price"": 31500, ""sold_out"": false, ""url"": ""https://product.29cm.co.kr/catalog/4150333""}",2026-10-06T01:00:30+00:00_6b919dbf
2026-10-06T10:00:30+09:00,2026-10-06T01:00:31+00:00,commerce_rank,[4차 재입고] 로우엣지 래글런 롱슬리브 티셔츠_퍼플,29cm:4150333@268103100,rank,82.0,"{""brand_eng"": ""URBANDTYPE"", ""brand_kor"": ""어반디타입"", ""brand_no"": 2295, ""category1"": ""여성의류"", ""category2"": ""상의"", ""category3"": ""긴소매 티셔츠"", ""category3_code"": 268103102, ""is_new"": false, ""item_no"": 4150333, ""period_sort"": ""ONE_DAY"", ""platform"": ""29cm"", ""ranking_category_code"": ""268103100"", ""ranking_category_name"": ""여성의류>상의"", ""review_avg"": 4.5, ""sale_percent"": 19, ""sale_price"": 31500, ""sold_out"": false, ""url"": ""https://product.29cm.co.kr/catalog/4150333""}",2026-10-06T01:00:30+00:00_6b919dbf
2026-10-06T10:00:30+09:00,2026-10-06T01:00:31+00:00,commerce_rank,[7부/오버핏] Vintage Essential Raglan Tee,29cm:4152302,heart_count,16757.0,"{""brand_eng"": ""BITTERCELLS"", ""brand_kor"": ""비터셀즈"", ""brand_no"": 15063, ""category1"": ""여성의류"", ""category2"": ""상의"", ""category3"": ""긴소매 티셔츠"", ""category3_code"": 268103102, ""is_new"": false, ""item_no"": 4152302, ""period_sort"": ""ONE_DAY"", ""platform"": ""29cm"", ""ranking_category_code"": ""268103100"", ""ranking_category_name"": ""여성의류>상의"", ""review_avg"": 5.0, ""sale_percent"": 21, ""sale_price"": 34850, ""sold_out"": false, ""url"": ""https://product.29cm.co.kr/catalog/4152302""}",2026-10-06T01:00:30+00:00_6b919dbf
2026-10-06T10:00:30+09:00,2026-10-06T01:00:31+00:00,commerce_rank,[7부/오버핏] Vintage Essential Raglan Tee,29cm:4152302,review_count,388.0,"{""brand_eng"": ""BITTERCELLS"", ""brand_kor"": ""비터셀즈"", ""brand_no"": 15063, ""category1"": ""여성의류"", ""category2"": ""상의"", ""category3"": ""긴소매 티셔츠"", ""category3_code"": 268103102, ""is_new"": false, ""item_no"": 4152302, ""period_sort"": ""ONE_DAY"", ""platform"": ""29cm"", ""ranking_category_code"": ""268103100"", ""ranking_category_name"": ""여성의류>상의"", ""review_avg"": 5.0, ""sale_percent"": 21, ""sale_price"": 34850, ""sold_out"": false, ""url"": ""https://product.29cm.co.kr/catalog/4152302""}",2026-10-06T01:00:30+00:00_6b919dbf
2026-10-06T10:00:30+09:00,2026-10-06T01:00:31+00:00,commerce_rank,[7부/오버핏] Vintage Essential Raglan Tee,29cm:4152302@268103100,rank,1.0,"{""brand_eng"": ""BITTERCELLS"", ""brand_kor"": ""비터셀즈"", ""brand_no"": 15063, ""category1"": ""여성의류"", ""category2"": ""상의"", ""category3"": ""긴소매 티셔츠"", ""category3_code"": 268103102, ""is_new"": false, ""item_no"": 4152302, ""period_sort"": ""ONE_DAY"", ""platform"": ""29cm"", ""ranking_category_code"": ""268103100"", ""ranking_category_name"": ""여성의류>상의"", ""review_avg"": 5.0, ""sale_percent"": 21, ""sale_price"": 34850, ""sold_out"": false, ""url"": ""https://product.29cm.co.kr/catalog/4152302""}",2026-10-06T01:00:30+00:00_6b919dbf
2026-10-06T10:00:30+09:00,2026-10-06T01:00:31+00:00,commerce_rank,RAGLAN STITCH T [ 7 COLORS ],29cm:4153227,heart_count,393.0,"{""brand_eng"": ""OURO"", ""brand_kor"": ""아우로"", ""brand_no"": 16452, ""category1"": ""여성의류"", ""category2"": ""상의"", ""category3"": ""긴소매 티셔츠"", ""category3_code"": 268103102, ""is_new"": false, ""item_no"": 4153227, ""period_sort"": ""ONE_DAY"", ""platform"": ""29cm"", ""ranking_category_code"": ""268103100"", ""ranking_category_name"": ""여성의류>상의"", ""review_avg"": 5.0, ""sale_percent"": 19, ""sale_price"": 55720, ""sold_out"": false, ""url"": ""https://product.29cm.co.kr/catalog/4153227""}",2026-10-06T01:00:30+00:00_6b919dbf
2026-10-06T10:00:30+09:00,2026-10-06T01:00:31+00:00,commerce_rank,RAGLAN STITCH T [ 7 COLORS ],29cm:4153227,review_count,3.0,"{""brand_eng"": ""OURO"", ""brand_kor"": ""아우로"", ""brand_no"": 16452, ""category1"": ""여성의류"", ""category2"": ""상의"", ""category3"": ""긴소매 티셔츠"", ""category3_code"": 268103102, ""is_new"": false, ""item_no"": 4153227, ""period_sort"": ""ONE_DAY"", ""platform"": ""29cm"", ""ranking_category_code"": ""268103100"", ""ranking_category_name"": ""여성의류>상의"", ""review_avg"": 5.0, ""sale_percent"": 19, ""sale_price"": 55720, ""sold_out"": false, ""url"": ""https://product.29cm.co.kr/catalog/4153227""}",2026-10-06T01:00:30+00:00_6b919dbf
2026-10-06T10:00:30+09:00,2026-10-06T01:00:31+00:00,commerce_rank,RAGLAN STITCH T [ 7 COLORS ],29cm:4153227@268103100,rank,41.0,"{""brand_eng"": ""OURO"", ""brand_kor"": ""아우로"", ""brand_no"": 16452, ""category1"": ""여성의류"", ""category2"": ""상의"", ""category3"": ""긴소매 티셔츠"", ""category3_code"": 268103102, ""is_new"": false, ""item_no"": 4153227, ""period_sort"": ""ONE_DAY"", ""platform"": ""29cm"", ""ranking_category_code"": ""268103100"", ""ranking_category_name"": ""여성의류>상의"", ""review_avg"": 5.0, ""sale_percent"": 19, ""sale_price"": 55720, ""sold_out"": false, ""url"": ""https://product.29cm.co.kr/catalog/4153227""}",2026-10-06T01:00:30+00:00_6b919dbf
2026-10-06T10:00:30+09:00,2026-10-06T01:00:31+00:00,commerce_rank,SOFT RAGLAN T-SHIRT - RED,29cm:4156837,heart_count,3343.0,"{""brand_eng"": ""SO IR"", ""brand_kor"": ""쏘이르"", ""brand_no"": 15532, ""category1"": ""여성의류"", ""category2"": ""상의"", ""category3"": ""긴소매 티셔츠"", ""category3_code"": 268103102, ""is_new"": false, ""item_no"": 4156837, ""period_sort"": ""ONE_DAY"", ""platform"": ""29cm"", ""ranking_category_code"": ""268103100"", ""ranking_category_name"": ""여성의류>상의"", ""review_avg"": 5.0, ""sale_percent"": 23, ""sale_price"": 34430, ""sold_out"": false, ""url"": ""https://product.29cm.co.kr/catalog/4156837""}",2026-10-06T01:00:30+00:00_6b919dbf
2026-10-06T10:00:30+09:00,2026-10-06T01:00:31+00:00,commerce_rank,SOFT RAGLAN T-SHIRT - RED,29cm:4156837,review_count,31.0,"{""brand_eng"": ""SO IR"", ""brand_kor"": ""쏘이르"", ""brand_no"": 15532, ""category1"": ""여성의류"", ""category2"": ""상의"", ""category3"": ""긴소매 티셔츠"", ""category3_code"": 268103102, ""is_new"": false, ""item_no"": 4156837, ""period_sort"": ""ONE_DAY"", ""platform"": ""29cm"", ""ranking_category_code"": ""268103100"", ""ranking_category_name"": ""여성의류>상의"", ""review_avg"": 5.0, ""sale_percent"": 23, ""sale_price"": 34430, ""sold_out"": false, ""url"": ""https://product.29cm.co.kr/catalog/4156837""}",2026-10-06T01:00:30+00:00_6b919dbf
2026-10-06T10:00:30+09:00,2026-10-06T01:00:31+00:00,commerce_rank,SOFT RAGLAN T-SHIRT - RED,29cm:4156837@268103100,rank,84.0,"{""brand_eng"": ""SO IR"", ""brand_kor"": ""쏘이르"", ""brand_no"": 15532, ""category1"": ""여성의류"", ""category2"": ""상의"", ""category3"": ""긴소매 티셔츠"", ""category3_code"": 268103102, ""is_new"": false, ""item_no"": 4156837, ""period_sort"": ""ONE_DAY"", ""platform"": ""29cm"", ""ranking_category_code"": ""268103100"", ""ranking_category_name"": ""여성의류>상의"", ""review_avg"": 5.0, ""sale_percent"": 23, ""sale_price"": 34430, ""sold_out"": false, ""url"": ""https://product.29cm.co.kr/catalog/4156837""}",2026-10-06T01:00:30+00:00_6b919dbf
2026-10-06T10:00:30+09:00,2026-10-06T01:00:31+00:00,commerce_rank,[8차] Pond Floral Hook T-Shirt (Pink yellow),29cm:4163596,heart_count,3887.0,"{""brand_eng"": ""TOAVE"", ""brand_kor"": ""토아베"", ""brand_no"": 101870, ""category1"": ""여성의류"", ""category2"": ""상의"", ""category3"": ""긴소매 티셔츠"", ""category3_code"": 268103102, ""is_new"": false, ""item_no"": 4163596, ""period_sort"": ""ONE_DAY"", ""platform"": ""29cm"", ""ranking_category_code"": ""268103100"", ""ranking_category_name"": ""여성의류>상의"", ""review_avg"": 5.0, ""sale_percent"": 10, ""sale_price"": 62100, ""sold_out"": false, ""url"": ""https://product.29cm.co.kr/catalog/4163596""}",2026-10-06T01:00:30+00:00_6b919dbf
2026-10-06T10:00:30+09:00,2026-10-06T01:00:31+00:00,commerce_rank,[8차] Pond Floral Hook T-Shirt (Pink yellow),29cm:4163596,review_count,21.0,"{""brand_eng"": ""TOAVE"", ""brand_kor"": ""토아베"", ""brand_no"": 101870, ""category1"": ""여성의류"", ""category2"": ""상의"", ""category3"": ""긴소매 티셔츠"", ""category3_code"": 268103102, ""is_new"": false, ""item_no"": 4163596, ""period_sort"": ""ONE_DAY"", ""platform"": ""29cm"", ""ranking_category_code"": ""268103100"", ""ranking_category_name"": ""여성의류>상의"", ""review_avg"": 5.0, ""sale_percent"": 10, ""sale_price"": 62100, ""sold_out"": false, ""url"": ""https://product.29cm.co.kr/catalog/4163596""}",2026-10-06T01:00:30+00:00_6b919dbf
2026-10-06T10:00:30+09:00,2026-10-06T01:00:31+00:00,commerce_rank,[8차] Pond Floral Hook T-Shirt (Pink yellow),29cm:4163596@268103100,rank,86.0,"{""brand_eng"": ""TOAVE"", ""brand_kor"": ""토아베"", ""brand_no"": 101870, ""category1"": ""여성의류"", ""category2"": ""상의"", ""category3"": ""긴소매 티셔츠"", ""category3_code"": 268103102, ""is_new"": false, ""item_no"": 4163596, ""period_sort"": ""ONE_DAY"", ""platform"": ""29cm"", ""ranking_category_code"": ""268103100"", ""ranking_category_name"": ""여성의류>상의"", ""review_avg"": 5.0, ""sale_percent"": 10, ""sale_price"": 62100, ""sold_out"": false, ""url"": ""https://product.29cm.co.kr/catalog/4163596""}",2026-10-06T01:00:30+00:00_6b919dbf
2026-10-06T10:00:30+09:00,2026-10-06T01:00:31+00:00,commerce_rank,[2nd] 200 Base 3/4 tee (v-neck ver.)(5 color),29cm:4165065,heart_count,2662.0,"{""brand_eng"": ""FOETO"", ""brand_kor"": ""포에토"", ""brand_no"": 53520, ""category1"": ""여성의류"", ""category2"": ""상의"", ""category3"": ""반소매 티셔츠"", ""category3_code"": 268103101, ""is_new"": false, ""item_no"": 4165065, ""period_sort"": ""ONE_DAY"", ""platform"": ""29cm"", ""ranking_category_code"": ""268103100"", ""ranking_category_name"": ""여성의류>상의"", ""review_avg"": 5.0, ""sale_percent"": 19, ""sale_price"": 33210, ""sold_out"": false, ""url"": ""https://product.29cm.co.kr/catalog/4165065""}",2026-10-06T01:00:30+00:00_6b919dbf
2026-10-06T10:00:30+09:00,2026-10-06T01:00:31+00:00,commerce_rank,[2nd] 200 Base 3/4 tee (v-neck ver.)(5 color),29cm:4165065,review_count,30.0,"{""brand_eng"": ""FOETO"", ""brand_kor"": ""포에토"", ""brand_no"": 53520, ""category1"": ""여성의류"", ""category2"": ""상의"", ""category3"": ""반소매 티셔츠"", ""category3_code"": 268103101, ""is_new"": false, ""item_no"": 4165065, ""period_sort"": ""ONE_DAY"", ""platform"": ""29cm"", ""ranking_category_code"": ""268103100"", ""ranking_category_name"": ""여성의류>상의"", ""review_avg"": 5.0, ""sale_percent"": 19, ""sale_price"": 33210, ""sold_out"": false, ""url"": ""https://product.29cm.co.kr/catalog/4165065""}",2026-10-06T01:00:30+00:00_6b919dbf
2026-10-06T10:00:30+09:00,2026-10-06T01:00:31+00:00,commerce_rank,[2nd] 200 Base 3/4 tee (v-neck ver.)(5 color),29cm:4165065@268103100,rank,10.0,"{""brand_eng"": ""FOETO"", ""brand_kor"": ""포에토"", ""brand_no"": 53520, ""category1"": ""여성의류"", ""category2"": ""상의"", ""category3"": ""반소매 티셔츠"", ""category3_code"": 268103101, ""is_new"": false, ""item_no"": 4165065, ""period_sort"": ""ONE_DAY"", ""platform"": ""29cm"", ""ranking_category_code"": ""268103100"", ""ranking_category_name"": ""여성의류>상의"", ""review_avg"": 5.0, ""sale_percent"": 19, ""sale_price"": 33210, ""sold_out"": false, ""url"": ""https://product.29cm.co.kr/catalog/4165065""}",2026-10-06T01:00:30+00:00_6b919dbf
2026-10-06T10:00:30+09:00,2026-10-06T01:00:31+00:00,commerce_rank,[5th] 200 Base 3/4 tee (boatneck ver.)(5 color),29cm:4165076,heart_count,1579.0,"{""brand_eng"": ""FOETO"", ""brand_kor"": ""포에토"", ""brand_no"": 53520, ""category1"": ""여성의류"", ""category2"": ""상의"", ""category3"": ""반소매 티셔츠"", ""category3_code"": 268103101, ""is_new"": false, ""item_no"": 4165076, ""period_sort"": ""ONE_DAY"", ""platform"": ""29cm"", ""ranking_category_code"": ""268103100"", ""ranking_category_name"": ""여성의류>상의"", ""review_avg"": 5.0, ""sale_percent"": 19, ""sale_price"": 33210, ""sold_out"": false, ""url"": ""https://product.29cm.co.kr/catalog/4165076""}",2026-10-06T01:00:30+00:00_6b919dbf
2026-10-06T10:00:30+09:00,2026-10-06T01:00:31+00:00,commerce_rank,[5th] 200 Base 3/4 tee (boatneck ver.)(5 color),29cm:4165076,review_count,37.0,"{""brand_eng"": ""FOETO"", ""brand_kor"": ""포에토"", ""brand_no"": 53520, ""category1"": ""여성의류"", ""category2"": ""상의"", ""category3"": ""반소매 티셔츠"", ""category3_code"": 268103101, ""is_new"": false, ""item_no"": 4165076, ""period_sort"": ""ONE_DAY"", ""platform"": ""29cm"", ""ranking_category_code"": ""268103100"", ""ranking_category_name"": ""여성의류>상의"", ""review_avg"": 5.0, ""sale_percent"": 19, ""sale_price"": 33210, ""sold_out"": false, ""url"": ""https://product.29cm.co.kr/catalog/4165076""}",2026-10-06T01:00:30+00:00_6b919dbf
2026-10-06T10:00:30+09:00,2026-10-06T01:00:31+00:00,commerce_rank,[5th] 200 Base 3/4 tee (boatneck ver.)(5 color),29cm:4165076@268103100,rank,46.0,"{""brand_eng"": ""FOETO"", ""brand_kor"": ""포에토"", ""brand_no"": 53520, ""category1"": ""여성의류"", ""category2"": ""상의"", ""category3"": ""반소매 티셔츠"", ""category3_code"": 268103101, ""is_new"": false, ""item_no"": 4165076, ""period_sort"": ""ONE_DAY"", ""platform"": ""29cm"", ""ranking_category_code"": ""268103100"", ""ranking_category_name"": ""여성의류>상의"", ""review_avg"": 5.0, ""sale_percent"": 19, ""sale_price"": 33210, ""sold_out"": false, ""url"": ""https://product.29cm.co.kr/catalog/4165076""}",2026-10-06T01:00:30+00:00_6b919dbf
2026-10-06T10:00:30+09:00,2026-10-06T01:00:31+00:00,commerce_rank,[7th] Index wrinkle top (scarf set) - charcoal,29cm:4165674,heart_count,1123.0,"{""brand_eng"": ""FOETO"", ""brand_kor"": ""포에토"", ""brand_no"": 53520, ""category1"": ""여성의류"", ""category2"": ""상의"", ""category3"": ""블라우스"", ""category3_code"": 268103107, ""is_new"": false, ""item_no"": 4165674, ""period_sort"": ""ONE_DAY"", ""platform"": ""29cm"", ""ranking_category_code"": ""268103100"", ""ranking_category_name"": ""여성의류>상의"", ""review_avg"": 5.0, ""sale_percent"": 19, ""sale_price"": 63990, ""sold_out"": false, ""url"": ""https://product.29cm.co.kr/catalog/4165674""}",2026-10-06T01:00:30+00:00_6b919dbf
2026-10-06T10:00:30+09:00,2026-10-06T01:00:31+00:00,commerce_rank,[7th] Index wrinkle top (scarf set) - charcoal,29cm:4165674,review_count,6.0,"{""brand_eng"": ""FOETO"", ""brand_kor"": ""포에토"", ""brand_no"": 53520, ""category1"": ""여성의류"", ""category2"": ""상의"", ""category3"": ""블라우스"", ""category3_code"": 268103107, ""is_new"": false, ""item_no"": 4165674, ""period_sort"": ""ONE_DAY"", ""platform"": ""29cm"", ""ranking_category_code"": ""268103100"", ""ranking_category_name"": ""여성의류>상의"", ""review_avg"": 5.0, ""sale_percent"": 19, ""sale_price"": 63990, ""sold_out"": false, ""url"": ""https://product.29cm.co.kr/catalog/4165674""}",2026-10-06T01:00:30+00:00_6b919dbf
2026-10-06T10:00:30+09:00,2026-10-06T01:00:31+00:00,commerce_rank,[7th] Index wrinkle top (scarf set) - charcoal,29cm:4165674@268103100,rank,62.0,"{""brand_eng"": ""FOETO"", ""brand_kor"": ""포에토"", ""brand_no"": 53520, ""category1"": ""여성의류"", ""category2"": ""상의"", ""category3"": ""블라우스"", ""category3_code"": 268103107, ""is_new"": false, ""item_no"": 4165674, ""period_sort"": ""ONE_DAY"", ""platform"": ""29cm"", ""ranking_category_code"": ""268103100"", ""ranking_category_name"": ""여성의류>상의"", ""review_avg"": 5.0, ""sale_percent"": 19, ""sale_price"": 63990, ""sold_out"": false, ""url"": ""https://product.29cm.co.kr/catalog/4165674""}",2026-10-06T01:00:30+00:00_6b919dbf
2026-10-06T10:00:30+09:00,2026-10-06T01:00:31+00:00,commerce_rank,[2차]Frill Pintuck Blouse _Cream,29cm:4170796,heart_count,1620.0,"{""brand_eng"": ""SLIE"", ""brand_kor"": ""슬리"", ""brand_no"": 112713, ""category1"": ""여성의류"", ""category2"": ""상의"", ""category3"": ""블라우스"", ""category3_code"": 268103107, ""is_new"": false, ""item_no"": 4170796, ""period_sort"": ""ONE_DAY"", ""platform"": ""29cm"", ""ranking_category_code"": ""268103100"", ""ranking_category_name"": ""여성의류>상의"", ""review_avg"": 0.0, ""sale_percent"": 19, ""sale_price"": 72090, ""sold_out"": false, ""url"": ""https://product.29cm.co.kr/catalog/4170796""}",2026-10-06T01:00:30+00:00_6b919dbf
2026-10-06T10:00:30+09:00,2026-10-06T01:00:31+00:00,commerce_rank,[2차]Frill Pintuck Blouse _Cream,29cm:4170796,review_count,0.0,"{""brand_eng"": ""SLIE"", ""brand_kor"": ""슬리"", ""brand_no"": 112713, ""category1"": ""여성의류"", ""category2"": ""상의"", ""category3"": ""블라우스"", ""category3_code"": 268103107, ""is_new"": false, ""item_no"": 4170796, ""period_sort"": ""ONE_DAY"", ""platform"": ""29cm"", ""ranking_category_code"": ""268103100"", ""ranking_category_name"": ""여성의류>상의"", ""review_avg"": 0.0, ""sale_percent"": 19, ""sale_price"": 72090, ""sold_out"": false, ""url"": ""https://product.29cm.co.kr/catalog/4170796""}",2026-10-06T01:00:30+00:00_6b919dbf
2026-10-06T10:00:30+09:00,2026-10-06T01:00:31+00:00,commerce_rank,[2차]Frill Pintuck Blouse _Cream,29cm:4170796@268103100,rank,45.0,"{""brand_eng"": ""SLIE"", ""brand_kor"": ""슬리"", ""brand_no"": 112713, ""category1"": ""여성의류"", ""category2"": ""상의"", ""category3"": ""블라우스"", ""category3_code"": 268103107, ""is_new"": false, ""item_no"": 4170796, ""period_sort"": ""ONE_DAY"", ""platform"": ""29cm"", ""ranking_category_code"": ""268103100"", ""ranking_category_name"": ""여성의류>상의"", ""review_avg"": 0.0, ""sale_percent"": 19, ""sale_price"": 72090, ""sold_out"": false, ""url"": ""https://product.29cm.co.kr/catalog/4170796""}",2026-10-06T01:00:30+00:00_6b919dbf
2026-10-06T10:00:30+09:00,2026-10-06T01:00:31+00:00,commerce_rank,[3차 10/30 예약배송] Loose Mock Neck Tee (Charcoal),29cm:4183648,heart_count,1262.0,"{""brand_eng"": ""NOD"", ""brand_kor"": ""엔오디"", ""brand_no"": 34806, ""category1"": ""여성의류"", ""category2"": ""상의"", ""category3"": ""반소매 티셔츠"", ""category3_code"": 268103101, ""is_new"": false, ""item_no"": 4183648, ""period_sort"": ""ONE_DAY"", ""platform"": ""29cm"", ""ranking_category_code"": ""268103100"", ""ranking_category_name"": ""여성의류>상의"", ""review_avg"": 5.0, ""sale_percent"": 15, ""sale_price"": 47880, ""sold_out"": false, ""url"": ""https://product.29cm.co.kr/catalog/4183648""}",2026-10-06T01:00:30+00:00_6b919dbf
2026-10-06T10:00:30+09:00,2026-10-06T01:00:31+00:00,commerce_rank,[3차 10/30 예약배송] Loose Mock Neck Tee (Charcoal),29cm:4183648,review_count,19.0,"{""brand_eng"": ""NOD"", ""brand_kor"": ""엔오디"", ""brand_no"": 34806, ""category1"": ""여성의류"", ""category2"": ""상의"", ""category3"": ""반소매 티셔츠"", ""category3_code"": 268103101, ""is_new"": false, ""item_no"": 4183648, ""period_sort"": ""ONE_DAY"", ""platform"": ""29cm"", ""ranking_category_code"": ""268103100"", ""ranking_category_name"": ""여성의류>상의"", ""review_avg"": 5.0, ""sale_percent"": 15, ""sale_price"": 47880, ""sold_out"": false, ""url"": ""https://product.29cm.co.kr/catalog/4183648""}",2026-10-06T01:00:30+00:00_6b919dbf
2026-10-06T10:00:30+09:00,2026-10-06T01:00:31+00:00,commerce_rank,[3차 10/30 예약배송] Loose Mock Neck Tee (Charcoal),29cm:4183648@268103100,rank,70.0,"{""brand_eng"": ""NOD"", ""brand_kor"": ""엔오디"", ""brand_no"": 34806, ""category1"": ""여성의류"", ""category2"": ""상의"", ""category3"": ""반소매 티셔츠"", ""category3_code"": 268103101, ""is_new"": false, ""item_no"": 4183648, ""period_sort"": ""ONE_DAY"", ""platform"": ""29cm"", ""ranking_category_code"": ""268103100"", ""ranking_category_name"": ""여성의류>상의"", ""review_avg"": 5.0, ""sale_percent"": 15, ""sale_price"": 47880, ""sold_out"": false, ""url"": ""https://product.29cm.co.kr/catalog/4183648""}",2026-10-06T01:00:30+00:00_6b919dbf
2026-10-06T10:00:30+09:00,2026-10-06T01:00:31+00:00,commerce_rank,[5th]Wrinkle Tie Pintuck Blouse Cream,29cm:4184227,heart_count,797.0,"{""brand_eng"": ""TORTE"", ""brand_kor"": ""토르테"", ""brand_no"": 104998, ""category1"": ""여성의류"", ""category2"": ""상의"", ""category3"": ""블라우스"", ""category3_code"": 268103107, ""is_new"": false, ""item_no"": 4184227, ""period_sort"": ""ONE_DAY"", ""platform"": ""29cm"", ""ranking_category_code"": ""268103100"", ""ranking_category_name"": ""여성의류>상의"", ""review_avg"": 5.0, ""sale_percent"": 37, ""sale_price"": 57960, ""sold_out"": false, ""url"": ""https://product.29cm.co.kr/catalog/4184227""}",2026-10-06T01:00:30+00:00_6b919dbf
2026-10-06T10:00:30+09:00,2026-10-06T01:00:31+00:00,commerce_rank,[5th]Wrinkle Tie Pintuck Blouse Cream,29cm:4184227,review_count,12.0,"{""brand_eng"": ""TORTE"", ""brand_kor"": ""토르테"", ""brand_no"": 104998, ""category1"": ""여성의류"", ""category2"": ""상의"", ""category3"": ""블라우스"", ""category3_code"": 268103107, ""is_new"": false, ""item_no"": 4184227, ""period_sort"": ""ONE_DAY"", ""platform"": ""29cm"", ""ranking_category_code"": ""268103100"", ""ranking_category_name"": ""여성의류>상의"", ""review_avg"": 5.0, ""sale_percent"": 37, ""sale_price"": 57960, ""sold_out"": false, ""url"": ""https://product.29cm.co.kr/catalog/4184227""}",2026-10-06T01:00:30+00:00_6b919dbf
2026-10-06T10:00:30+09:00,2026-10-06T01:00:31+00:00,commerce_rank,[5th]Wrinkle Tie Pintuck Blouse Cream,29cm:4184227@268103100,rank,18.0,"{""brand_eng"": ""TORTE"", ""brand_kor"": ""토르테"", ""brand_no"": 104998, ""category1"": ""여성의류"", ""category2"": ""상의"", ""category3"": ""블라우스"", ""category3_code"": 268103107, ""is_new"": false, ""item_no"": 4184227, ""period_sort"": ""ONE_DAY"", ""platform"": ""29cm"", ""ranking_category_code"": ""268103100"", ""ranking_category_name"": ""여성의류>상의"", ""review_avg"": 5.0, ""sale_percent"": 37, ""sale_price"": 57960, ""sold_out"": false, ""url"": ""https://product.29cm.co.kr/catalog/4184227""}",2026-10-06T01:00:30+00:00_6b919dbf
2026-10-06T10:00:30+09:00,2026-10-06T01:00:31+00:00,commerce_rank,Wrinkle Tie Pintuck Blouse Deep brown,29cm:4184228,heart_count,338.0,"{""brand_eng"": ""TORTE"", ""brand_kor"": ""토르테"", ""brand_no"": 104998, ""category1"": ""여성의류"", ""category2"": ""상의"", ""category3"": ""블라우스"", ""category3_code"": 268103107, ""is_new"": false, ""item_no"": 4184228, ""period_sort"": ""ONE_DAY"", ""platform"": ""29cm"", ""ranking_category_code"": ""268103100"", ""ranking_category_name"": ""여성의류>상의"", ""review_avg"": 5.0, ""sale_percent"": 37, ""sale_price"": 57960, ""sold_out"": false, ""url"": ""https://product.29cm.co.kr/catalog/4184228""}",2026-10-06T01:00:30+00:00_6b919dbf
2026-10-06T10:00:30+09:00,2026-10-06T01:00:31+00:00,commerce_rank,Wrinkle Tie Pintuck Blouse Deep brown,29cm:4184228,review_count,2.0,"{""brand_eng"": ""TORTE"", ""brand_kor"": ""토르테"", ""brand_no"": 104998, ""category1"": ""여성의류"", ""category2"": ""상의"", ""category3"": ""블라우스"", ""category3_code"": 268103107, ""is_new"": false, ""item_no"": 4184228, ""period_sort"": ""ONE_DAY"", ""platform"": ""29cm"", ""ranking_category_code"": ""268103100"", ""ranking_category_name"": ""여성의류>상의"", ""review_avg"": 5.0, ""sale_percent"": 37, ""sale_price"": 57960, ""sold_out"": false, ""url"": ""https://product.29cm.co.kr/catalog/4184228""}",2026-10-06T01:00:30+00:00_6b919dbf
2026-10-06T10:00:30+09:00,2026-10-06T01:00:31+00:00,commerce_rank,Wrinkle Tie Pintuck Blouse Deep brown,29cm:4184228@268103100,rank,67.0,"{""brand_eng"": ""TORTE"", ""brand_kor"": ""토르테"", ""brand_no"": 104998, ""category1"": ""여성의류"", ""category2"": ""상의"", ""category3"": ""블라우스"", ""category3_code"": 268103107, ""is_new"": false, ""item_no"": 4184228, ""period_sort"": ""ONE_DAY"", ""platform"": ""29cm"", ""ranking_category_code"": ""268103100"", ""ranking_category_name"": ""여성의류>상의"", ""review_avg"": 5.0, ""sale_percent"": 37, ""sale_price"": 57960, ""sold_out"": false, ""url"": ""https://product.29cm.co.kr/catalog/4184228""}",2026-10-06T01:00:30+00:00_6b919dbf
2026-10-06T10:00:30+09:00,2026-10-06T01:00:32+00:00,commerce_rank,CLASSIC PATINA SWEATSHIRT [ATHLETIC GREY],29cm:4188226,heart_count,22.0,"{""brand_eng"": ""THE RESQ"", ""brand_kor"": ""더 레스큐"", ""brand_no"": 4332, ""category1"": ""남성의류"", ""category2"": ""상의"", ""category3"": ""스웨트셔츠"", ""category3_code"": 272103107, ""is_new"": false, ""item_no"": 4188226, ""period_sort"": ""ONE_DAY"", ""platform"": ""29cm"", ""ranking_category_code"": ""272103100"", ""ranking_category_name"": ""남성의류>상의"", ""review_avg"": 5.0, ""sale_percent"": 0, ""sale_price"": 89000, ""sold_out"": false, ""url"": ""https://product.29cm.co.kr/catalog/4188226""}",2026-10-06T01:00:30+00:00_6b919dbf
2026-10-06T10:00:30+09:00,2026-10-06T01:00:32+00:00,commerce_rank,CLASSIC PATINA SWEATSHIRT [ATHLETIC GREY],29cm:4188226,review_count,1.0,"{""brand_eng"": ""THE RESQ"", ""brand_kor"": ""더 레스큐"", ""brand_no"": 4332, ""category1"": ""남성의류"", ""category2"": ""상의"", ""category3"": ""스웨트셔츠"", ""category3_code"": 272103107, ""is_new"": false, ""item_no"": 4188226, ""period_sort"": ""ONE_DAY"", ""platform"": ""29cm"", ""ranking_category_code"": ""272103100"", ""ranking_category_name"": ""남성의류>상의"", ""review_avg"": 5.0, ""sale_percent"": 0, ""sale_price"": 89000, ""sold_out"": false, ""url"": ""https://product.29cm.co.kr/catalog/4188226""}",2026-10-06T01:00:30+00:00_6b919dbf
2026-10-06T10:00:30+09:00,2026-10-06T01:00:32+00:00,commerce_rank,CLASSIC PATINA SWEATSHIRT [ATHLETIC GREY],29cm:4188226@272103100,rank,72.0,"{""brand_eng"": ""THE RESQ"", ""brand_kor"": ""더 레스큐"", ""brand_no"": 4332, ""category1"": ""남성의류"", ""category2"": ""상의"", ""category3"": ""스웨트셔츠"", ""category3_code"": 272103107, ""is_new"": false, ""item_no"": 4188226, ""period_sort"": ""ONE_DAY"", ""platform"": ""29cm"", ""ranking_category_code"": ""272103100"", ""ranking_category_name"": ""남성의류>상의"", ""review_avg"": 5.0, ""sale_percent"": 0, ""sale_price"": 89000, ""sold_out"": false, ""url"": ""https://product.29cm.co.kr/catalog/4188226""}",2026-10-06T01:00:30+00:00_6b919dbf
2026-10-06T10:00:30+09:00,2026-10-06T01:00:31+00:00,commerce_rank,[2차 리오더] Muse Lace V-neck Long Sleeve - Misty Grey,29cm:4188339,heart_count,551.0,"{""brand_eng"": ""RHEME"", ""brand_kor"": ""리임"", ""brand_no"": 80266, ""category1"": ""여성의류"", ""category2"": ""상의"", ""category3"": ""긴소매 티셔츠"", ""category3_code"": 268103102, ""is_new"": false, ""item_no"": 4188339, ""period_sort"": ""ONE_DAY"", ""platform"": ""29cm"", ""ranking_category_code"": ""268103100"", ""ranking_category_name"": ""여성의류>상의"", ""review_avg"": 0.0, ""sale_percent"": 19, ""sale_price"": 95400, ""sold_out"": false, ""url"": ""https://product.29cm.co.kr/catalog/4188339""}",2026-10-06T01:00:30+00:00_6b919dbf
2026-10-06T10:00:30+09:00,2026-10-06T01:00:31+00:00,commerce_rank,[2차 리오더] Muse Lace V-neck Long Sleeve - Misty Grey,29cm:4188339,review_count,0.0,"{""brand_eng"": ""RHEME"", ""brand_kor"": ""리임"", ""brand_no"": 80266, ""category1"": ""여성의류"", ""category2"": ""상의"", ""category3"": ""긴소매 티셔츠"", ""category3_code"": 268103102, ""is_new"": false, ""item_no"": 4188339, ""period_sort"": ""ONE_DAY"", ""platform"": ""29cm"", ""ranking_category_code"": ""268103100"", ""ranking_category_name"": ""여성의류>상의"", ""review_avg"": 0.0, ""sale_percent"": 19, ""sale_price"": 95400, ""sold_out"": false, ""url"": ""https://product.29cm.co.kr/catalog/4188339""}",2026-10-06T01:00:30+00:00_6b919dbf
2026-10-06T10:00:30+09:00,2026-10-06T01:00:31+00:00,commerce_rank,[2차 리오더] Muse Lace V-neck Long Sleeve - Misty Grey,29cm:4188339@268103100,rank,68.0,"{""brand_eng"": ""RHEME"", ""brand_kor"": ""리임"", ""brand_no"": 80266, ""category1"": ""여성의류"", ""category2"": ""상의"", ""category3"": ""긴소매 티셔츠"", ""category3_code"": 268103102, ""is_new"": false, ""item_no"": 4188339, ""period_sort"": ""ONE_DAY"", ""platform"": ""29cm"", ""ranking_category_code"": ""268103100"", ""ranking_category_name"": ""여성의류>상의"", ""review_avg"": 0.0, ""sale_percent"": 19, ""sale_price"": 95400, ""sold_out"": false, ""url"": ""https://product.29cm.co.kr/catalog/4188339""}",2026-10-06T01:00:30+00:00_6b919dbf
2026-10-06T10:00:30+09:00,2026-10-06T01:00:31+00:00,commerce_rank,Two-way Button Neck Top Black,29cm:4190360,heart_count,3528.0,"{""brand_eng"": ""MICHIKO LONDON KOSHINO"", ""brand_kor"": ""미치코런던 코시노"", ""brand_no"": 26100, ""category1"": ""여성의류"", ""category2"": ""상의"", ""category3"": ""반소매 티셔츠"", ""category3_code"": 268103101, ""is_new"": false, ""item_no"": 4190360, ""period_sort"": ""ONE_DAY"", ""platform"": ""29cm"", ""ranking_category_code"": ""268103100"", ""ranking_category_name"": ""여성의류>상의"", ""review_avg"": 4.5, ""sale_percent"": 15, ""sale_price"": 49590, ""sold_out"": false, ""url"": ""https://product.29cm.co.kr/catalog/4190360""}",2026-10-06T01:00:30+00:00_6b919dbf
2026-10-06T10:00:30+09:00,2026-10-06T01:00:31+00:00,commerce_rank,Two-way Button Neck Top Black,29cm:4190360,review_count,3.0,"{""brand_eng"": ""MICHIKO LONDON KOSHINO"", ""brand_kor"": ""미치코런던 코시노"", ""brand_no"": 26100, ""category1"": ""여성의류"", ""category2"": ""상의"", ""category3"": ""반소매 티셔츠"", ""category3_code"": 268103101, ""is_new"": false, ""item_no"": 4190360, ""period_sort"": ""ONE_DAY"", ""platform"": ""29cm"", ""ranking_category_code"": ""268103100"", ""ranking_category_name"": ""여성의류>상의"", ""review_avg"": 4.5, ""sale_percent"": 15, ""sale_price"": 49590, ""sold_out"": false, ""url"": ""https://product.29cm.co.kr/catalog/4190360""}",2026-10-06T01:00:30+00:00_6b919dbf
2026-10-06T10:00:30+09:00,2026-10-06T01:00:31+00:00,commerce_rank,Two-way Button Neck Top Black,29cm:4190360@268103100,rank,57.0,"{""brand_eng"": ""MICHIKO LONDON KOSHINO"", ""brand_kor"": ""미치코런던 코시노"", ""brand_no"": 26100, ""category1"": ""여성의류"", ""category2"": ""상의"", ""category3"": ""반소매 티셔츠"", ""category3_code"": 268103101, ""is_new"": false, ""item_no"": 4190360, ""period_sort"": ""ONE_DAY"", ""platform"": ""29cm"", ""ranking_category_code"": ""268103100"", ""ranking_category_name"": ""여성의류>상의"", ""review_avg"": 4.5, ""sale_percent"": 15, ""sale_price"": 49590, ""sold_out"": false, ""url"": ""https://product.29cm.co.kr/catalog/4190360""}",2026-10-06T01:00:30+00:00_6b919dbf
2026-10-06T10:00:30+09:00,2026-10-06T01:00:31+00:00,commerce_rank,Two-way Button Neck Top Charcoal,29cm:4190361,heart_count,6576.0,"{""brand_eng"": ""MICHIKO LONDON KOSHINO"", ""brand_kor"": ""미치코런던 코시노"", ""brand_no"": 26100, ""category1"": ""여성의류"", ""category2"": ""상의"", ""category3"": ""반소매 티셔츠"", ""category3_code"": 268103101, ""is_new"": false, ""item_no"": 4190361, ""period_sort"": ""ONE_DAY"", ""platform"": ""29cm"", ""ranking_category_code"": ""268103100"", ""ranking_category_name"": ""여성의류>상의"", ""review_avg"": 4.5, ""sale_percent"": 15, ""sale_price"": 49590, ""sold_out"": false, ""url"": ""https://product.29cm.co.kr/catalog/4190361""}",2026-10-06T01:00:30+00:00_6b919dbf
2026-10-06T10:00:30+09:00,2026-10-06T01:00:31+00:00,commerce_rank,Two-way Button Neck Top Charcoal,29cm:4190361,review_count,7.0,"{""brand_eng"": ""MICHIKO LONDON KOSHINO"", ""brand_kor"": ""미치코런던 코시노"", ""brand_no"": 26100, ""category1"": ""여성의류"", ""category2"": ""상의"", ""category3"": ""반소매 티셔츠"", ""category3_code"": 268103101, ""is_new"": false, ""item_no"": 4190361, ""period_sort"": ""ONE_DAY"", ""platform"": ""29cm"", ""ranking_category_code"": ""268103100"", ""ranking_category_name"": ""여성의류>상의"", ""review_avg"": 4.5, ""sale_percent"": 15, ""sale_price"": 49590, ""sold_out"": false, ""url"": ""https://product.29cm.co.kr/catalog/4190361""}",2026-10-06T01:00:30+00:00_6b919dbf
2026-10-06T10:00:30+09:00,2026-10-06T01:00:31+00:00,commerce_rank,Two-way Button Neck Top Charcoal,29cm:4190361@268103100,rank,9.0,"{""brand_eng"": ""MICHIKO LONDON KOSHINO"", ""brand_kor"": ""미치코런던 코시노"", ""brand_no"": 26100, ""category1"": ""여성의류"", ""category2"": ""상의"", ""category3"": ""반소매 티셔츠"", ""category3_code"": 268103101, ""is_new"": false, ""item_no"": 4190361, ""period_sort"": ""ONE_DAY"", ""platform"": ""29cm"", ""ranking_category_code"": ""268103100"", ""ranking_category_name"": ""여성의류>상의"", ""review_avg"": 4.5, ""sale_percent"": 15, ""sale_price"": 49590, ""sold_out"": false, ""url"": ""https://product.29cm.co.kr/catalog/4190361""}",2026-10-06T01:00:30+00:00_6b919dbf
2026-10-06T10:00:30+09:00,2026-10-06T01:00:32+00:00,commerce_rank,Neo Bold Garment Shirt (Carbon),29cm:4192104,heart_count,75.0,"{""brand_eng"": ""ANOTHER OFFICE"", ""brand_kor"": ""어나더오피스"", ""brand_no"": 1708, ""category1"": ""남성의류"", ""category2"": ""상의"", ""category3"": ""긴소매 셔츠"", ""category3_code"": 272103106, ""is_new"": false, ""item_no"": 4192104, ""period_sort"": ""ONE_DAY"", ""platform"": ""29cm"", ""ranking_category_code"": ""272103100"", ""ranking_category_name"": ""남성의류>상의"", ""review_avg"": 5.0, ""sale_percent"": 0, ""sale_price"": 128000, ""sold_out"": false, ""url"": ""https://product.29cm.co.kr/catalog/4192104""}",2026-10-06T01:00:30+00:00_6b919dbf
2026-10-06T10:00:30+09:00,2026-10-06T01:00:32+00:00,commerce_rank,Neo Bold Garment Shirt (Carbon),29cm:4192104,review_count,1.0,"{""brand_eng"": ""ANOTHER OFFICE"", ""brand_kor"": ""어나더오피스"", ""brand_no"": 1708, ""category1"": ""남성의류"", ""category2"": ""상의"", ""category3"": ""긴소매 셔츠"", ""category3_code"": 272103106, ""is_new"": false, ""item_no"": 4192104, ""period_sort"": ""ONE_DAY"", ""platform"": ""29cm"", ""ranking_category_code"": ""272103100"", ""ranking_category_name"": ""남성의류>상의"", ""review_avg"": 5.0, ""sale_percent"": 0, ""sale_price"": 128000, ""sold_out"": false, ""url"": ""https://product.29cm.co.kr/catalog/4192104""}",2026-10-06T01:00:30+00:00_6b919dbf
2026-10-06T10:00:30+09:00,2026-10-06T01:00:32+00:00,commerce_rank,Neo Bold Garment Shirt (Carbon),29cm:4192104@272103100,rank,49.0,"{""brand_eng"": ""ANOTHER OFFICE"", ""brand_kor"": ""어나더오피스"", ""brand_no"": 1708, ""category1"": ""남성의류"", ""category2"": ""상의"", ""category3"": ""긴소매 셔츠"", ""category3_code"": 272103106, ""is_new"": false, ""item_no"": 4192104, ""period_sort"": ""ONE_DAY"", ""platform"": ""29cm"", ""ranking_category_code"": ""272103100"", ""ranking_category_name"": ""남성의류>상의"", ""review_avg"": 5.0, ""sale_percent"": 0, ""sale_price"": 128000, ""sold_out"": false, ""url"": ""https://product.29cm.co.kr/catalog/4192104""}",2026-10-06T01:00:30+00:00_6b919dbf
2026-10-06T10:00:30+09:00,2026-10-06T01:00:31+00:00,commerce_rank,[9th]Wool Halter Neck Sleeveless Top,29cm:4192333,heart_count,2047.0,"{""brand_eng"": ""TORTE"", ""brand_kor"": ""토르테"", ""brand_no"": 104998, ""category1"": ""여성의류"", ""category2"": ""상의"", ""category3"": ""슬리브리스"", ""category3_code"": 268103103, ""is_new"": false, ""item_no"": 4192333, ""period_sort"": ""ONE_DAY"", ""platform"": ""29cm"", ""ranking_category_code"": ""268103100"", ""ranking_category_name"": ""여성의류>상의"", ""review_avg"": 5.0, ""sale_percent"": 37, ""sale_price"": 24570, ""sold_out"": false, ""url"": ""https://product.29cm.co.kr/catalog/4192333""}",2026-10-06T01:00:30+00:00_6b919dbf
2026-10-06T10:00:30+09:00,2026-10-06T01:00:31+00:00,commerce_rank,[9th]Wool Halter Neck Sleeveless Top,29cm:4192333,review_count,21.0,"{""brand_eng"": ""TORTE"", ""brand_kor"": ""토르테"", ""brand_no"": 104998, ""category1"": ""여성의류"", ""category2"": ""상의"", ""category3"": ""슬리브리스"", ""category3_code"": 268103103, ""is_new"": false, ""item_no"": 4192333, ""period_sort"": ""ONE_DAY"", ""platform"": ""29cm"", ""ranking_category_code"": ""268103100"", ""ranking_category_name"": ""여성의류>상의"", ""review_avg"": 5.0, ""sale_percent"": 37, ""sale_price"": 24570, ""sold_out"": false, ""url"": ""https://product.29cm.co.kr/catalog/4192333""}",2026-10-06T01:00:30+00:00_6b919dbf
2026-10-06T10:00:30+09:00,2026-10-06T01:00:31+00:00,commerce_rank,[9th]Wool Halter Neck Sleeveless Top,29cm:4192333@268103100,rank,2.0,"{""brand_eng"": ""TORTE"", ""brand_kor"": ""토르테"", ""brand_no"": 104998, ""category1"": ""여성의류"", ""category2"": ""상의"", ""category3"": ""슬리브리스"", ""category3_code"": 268103103, ""is_new"": false, ""item_no"": 4192333, ""period_sort"": ""ONE_DAY"", ""platform"": ""29cm"", ""ranking_category_code"": ""268103100"", ""ranking_category_name"": ""여성의류>상의"", ""review_avg"": 5.0, ""sale_percent"": 37, ""sale_price"": 24570, ""sold_out"": false, ""url"": ""https://product.29cm.co.kr/catalog/4192333""}",2026-10-06T01:00:30+00:00_6b919dbf
2026-10-06T10:00:30+09:00,2026-10-06T01:00:31+00:00,commerce_rank,WAFFLE SWEATSHIRT MOON,29cm:4201038,heart_count,2248.0,"{""brand_eng"": ""pesto"", ""brand_kor"": ""페스토"", ""brand_no"": 16507, ""category1"": ""여성의류"", ""category2"": ""상의"", ""category3"": ""긴소매 티셔츠"", ""category3_code"": 268103102, ""is_new"": false, ""item_no"": 4201038, ""period_sort"": ""ONE_DAY"", ""platform"": ""29cm"", ""ranking_category_code"": ""268103100"", ""ranking_category_name"": ""여성의류>상의"", ""review_avg"": 5.0, ""sale_percent"": 10, ""sale_price"": 109800, ""sold_out"": false, ""url"": ""https://product.29cm.co.kr/catalog/4201038""}",2026-10-06T01:00:30+00:00_6b919dbf
2026-10-06T10:00:30+09:00,2026-10-06T01:00:31+00:00,commerce_rank,WAFFLE SWEATSHIRT MOON,29cm:4201038,review_count,2.0,"{""brand_eng"": ""pesto"", ""brand_kor"": ""페스토"", ""brand_no"": 16507, ""category1"": ""여성의류"", ""category2"": ""상의"", ""category3"": ""긴소매 티셔츠"", ""category3_code"": 268103102, ""is_new"": false, ""item_no"": 4201038, ""period_sort"": ""ONE_DAY"", ""platform"": ""29cm"", ""ranking_category_code"": ""268103100"", ""ranking_category_name"": ""여성의류>상의"", ""review_avg"": 5.0, ""sale_percent"": 10, ""sale_price"": 109800, ""sold_out"": false, ""url"": ""https://product.29cm.co.kr/catalog/4201038""}",2026-10-06T01:00:30+00:00_6b919dbf
2026-10-06T10:00:30+09:00,2026-10-06T01:00:31+00:00,commerce_rank,WAFFLE SWEATSHIRT MOON,29cm:4201038@268103100,rank,79.0,"{""brand_eng"": ""pesto"", ""brand_kor"": ""페스토"", ""brand_no"": 16507, ""category1"": ""여성의류"", ""category2"": ""상의"", ""category3"": ""긴소매 티셔츠"", ""category3_code"": 268103102, ""is_new"": false, ""item_no"": 4201038, ""period_sort"": ""ONE_DAY"", ""platform"": ""29cm"", ""ranking_category_code"": ""268103100"", ""ranking_category_name"": ""여성의류>상의"", ""review_avg"": 5.0, ""sale_percent"": 10, ""sale_price"": 109800, ""sold_out"": false, ""url"": ""https://product.29cm.co.kr/catalog/4201038""}",2026-10-06T01:00:30+00:00_6b919dbf
2026-10-06T10:00:30+09:00,2026-10-06T01:00:31+00:00,commerce_rank,[3rd] Hand pigment sweatshirt - vintage purple,29cm:4201248,heart_count,946.0,"{""brand_eng"": ""FOETO"", ""brand_kor"": ""포에토"", ""brand_no"": 53520, ""category1"": ""여성의류"", ""category2"": ""상의"", ""category3"": ""스웨트셔츠"", ""category3_code"": 268103104, ""is_new"": false, ""item_no"": 4201248, ""period_sort"": ""ONE_DAY"", ""platform"": ""29cm"", ""ranking_category_code"": ""268103100"", ""ranking_category_name"": ""여성의류>상의"", ""review_avg"": 5.0, ""sale_percent"": 19, ""sale_price"": 102060, ""sold_out"": false, ""url"": ""https://product.29cm.co.kr/catalog/4201248""}",2026-10-06T01:00:30+00:00_6b919dbf
2026-10-06T10:00:30+09:00,2026-10-06T01:00:31+00:00,commerce_rank,[3rd] Hand pigment sweatshirt - vintage purple,29cm:4201248,review_count,3.0,"{""brand_eng"": ""FOETO"", ""brand_kor"": ""포에토"", ""brand_no"": 53520, ""category1"": ""여성의류"", ""category2"": ""상의"", ""category3"": ""스웨트셔츠"", ""category3_code"": 268103104, ""is_new"": false, ""item_no"": 4201248, ""period_sort"": ""ONE_DAY"", ""platform"": ""29cm"", ""ranking_category_code"": ""268103100"", ""ranking_category_name"": ""여성의류>상의"", ""review_avg"": 5.0, ""sale_percent"": 19, ""sale_price"": 102060, ""sold_out"": false, ""url"": ""https://product.29cm.co.kr/catalog/4201248""}",2026-10-06T01:00:30+00:00_6b919dbf
2026-10-06T10:00:30+09:00,2026-10-06T01:00:31+00:00,commerce_rank,[3rd] Hand pigment sweatshirt - vintage purple,29cm:4201248@268103100,rank,69.0,"{""brand_eng"": ""FOETO"", ""brand_kor"": ""포에토"", ""brand_no"": 53520, ""category1"": ""여성의류"", ""category2"": ""상의"", ""category3"": ""스웨트셔츠"", ""category3_code"": 268103104, ""is_new"": false, ""item_no"": 4201248, ""period_sort"": ""ONE_DAY"", ""platform"": ""29cm"", ""ranking_category_code"": ""268103100"", ""ranking_category_name"": ""여성의류>상의"", ""review_avg"": 5.0, ""sale_percent"": 19, ""sale_price"": 102060, ""sold_out"": false, ""url"": ""https://product.29cm.co.kr/catalog/4201248""}",2026-10-06T01:00:30+00:00_6b919dbf
2026-10-06T10:00:30+09:00,2026-10-06T01:00:31+00:00,commerce_rank,FLORAL-PRINTED TEE BLOUSE_BLACK,29cm:4201450,heart_count,2406.0,"{""brand_eng"": ""OVERDUE FLAIR"", ""brand_kor"": ""오버듀플레어"", ""brand_no"": 4348, ""category1"": ""여성의류"", ""category2"": ""상의"", ""category3"": ""블라우스"", ""category3_code"": 268103107, ""is_new"": false, ""item_no"": 4201450, ""period_sort"": ""ONE_DAY"", ""platform"": ""29cm"", ""ranking_category_code"": ""268103100"", ""ranking_category_name"": ""여성의류>상의"", ""review_avg"": 5.0, ""sale_percent"": 30, ""sale_price"": 97300, ""sold_out"": true, ""url"": ""https://product.29cm.co.kr/catalog/4201450""}",2026-10-06T01:00:30+00:00_6b919dbf
2026-10-06T10:00:30+09:00,2026-10-06T01:00:31+00:00,commerce_rank,FLORAL-PRINTED TEE BLOUSE_BLACK,29cm:4201450,review_count,4.0,"{""brand_eng"": ""OVERDUE FLAIR"", ""brand_kor"": ""오버듀플레어"", ""brand_no"": 4348, ""category1"": ""여성의류"", ""category2"": ""상의"", ""category3"": ""블라우스"", ""category3_code"": 268103107, ""is_new"": false, ""item_no"": 4201450, ""period_sort"": ""ONE_DAY"", ""platform"": ""29cm"", ""ranking_category_code"": ""268103100"", ""ranking_category_name"": ""여성의류>상의"", ""review_avg"": 5.0, ""sale_percent"": 30, ""sale_price"": 97300, ""sold_out"": true, ""url"": ""https://product.29cm.co.kr/catalog/4201450""}",2026-10-06T01:00:30+00:00_6b919dbf
2026-10-06T10:00:30+09:00,2026-10-06T01:00:31+00:00,commerce_rank,FLORAL-PRINTED TEE BLOUSE_BLACK,29cm:4201450@268103100,rank,78.0,"{""brand_eng"": ""OVERDUE FLAIR"", ""brand_kor"": ""오버듀플레어"", ""brand_no"": 4348, ""category1"": ""여성의류"", ""category2"": ""상의"", ""category3"": ""블라우스"", ""category3_code"": 268103107, ""is_new"": false, ""item_no"": 4201450, ""period_sort"": ""ONE_DAY"", ""platform"": ""29cm"", ""ranking_category_code"": ""268103100"", ""ranking_category_name"": ""여성의류>상의"", ""review_avg"": 5.0, ""sale_percent"": 30, ""sale_price"": 97300, ""sold_out"": true, ""url"": ""https://product.29cm.co.kr/catalog/4201450""}",2026-10-06T01:00:30+00:00_6b919dbf
2026-10-06T10:00:30+09:00,2026-10-06T01:00:31+00:00,commerce_rank,IMPACT CORSET TOP_ROSE,29cm:4201486,heart_count,620.0,"{""brand_eng"": ""OVERDUE FLAIR"", ""brand_kor"": ""오버듀플레어"", ""brand_no"": 4348, ""category1"": ""여성의류"", ""category2"": ""상의"", ""category3"": ""블라우스"", ""category3_code"": 268103107, ""is_new"": false, ""item_no"": 4201486, ""period_sort"": ""ONE_DAY"", ""platform"": ""29cm"", ""ranking_category_code"": ""268103100"", ""ranking_category_name"": ""여성의류>상의"", ""review_avg"": 5.0, ""sale_percent"": 30, ""sale_price"": 97300, ""sold_out"": false, ""url"": ""https://product.29cm.co.kr/catalog/4201486""}",2026-10-06T01:00:30+00:00_6b919dbf
2026-10-06T10:00:30+09:00,2026-10-06T01:00:31+00:00,commerce_rank,IMPACT CORSET TOP_ROSE,29cm:4201486,review_count,2.0,"{""brand_eng"": ""OVERDUE FLAIR"", ""brand_kor"": ""오버듀플레어"", ""brand_no"": 4348, ""category1"": ""여성의류"", ""category2"": ""상의"", ""category3"": ""블라우스"", ""category3_code"": 268103107, ""is_new"": false, ""item_no"": 4201486, ""period_sort"": ""ONE_DAY"", ""platform"": ""29cm"", ""ranking_category_code"": ""268103100"", ""ranking_category_name"": ""여성의류>상의"", ""review_avg"": 5.0, ""sale_percent"": 30, ""sale_price"": 97300, ""sold_out"": false, ""url"": ""https://product.29cm.co.kr/catalog/4201486""}",2026-10-06T01:00:30+00:00_6b919dbf
2026-10-06T10:00:30+09:00,2026-10-06T01:00:31+00:00,commerce_rank,IMPACT CORSET TOP_ROSE,29cm:4201486@268103100,rank,43.0,"{""brand_eng"": ""OVERDUE FLAIR"", ""brand_kor"": ""오버듀플레어"", ""brand_no"": 4348, ""category1"": ""여성의류"", ""category2"": ""상의"", ""category3"": ""블라우스"", ""category3_code"": 268103107, ""is_new"": false, ""item_no"": 4201486, ""period_sort"": ""ONE_DAY"", ""platform"": ""29cm"", ""ranking_category_code"": ""268103100"", ""ranking_category_name"": ""여성의류>상의"", ""review_avg"": 5.0, ""sale_percent"": 30, ""sale_price"": 97300, ""sold_out"": false, ""url"": ""https://product.29cm.co.kr/catalog/4201486""}",2026-10-06T01:00:30+00:00_6b919dbf
2026-10-06T10:00:30+09:00,2026-10-06T01:00:32+00:00,commerce_rank,Striped Layered Henley Long Sleeve - Black,29cm:4202984,heart_count,35.0,"{""brand_eng"": ""ANGLAN"", ""brand_kor"": ""앵글런"", ""brand_no"": 10088, ""category1"": ""여성의류"", ""category2"": ""상의"", ""category3"": ""반소매 티셔츠"", ""category3_code"": 268103101, ""is_new"": false, ""item_no"": 4202984, ""period_sort"": ""ONE_DAY"", ""platform"": ""29cm"", ""ranking_category_code"": ""272103100"", ""ranking_category_name"": ""남성의류>상의"", ""review_avg"": 0.0, ""sale_percent"": 0, ""sale_price"": 89000, ""sold_out"": false, ""url"": ""https://product.29cm.co.kr/catalog/4202984""}",2026-10-06T01:00:30+00:00_6b919dbf
2026-10-06T10:00:30+09:00,2026-10-06T01:00:32+00:00,commerce_rank,Striped Layered Henley Long Sleeve - Black,29cm:4202984,review_count,0.0,"{""brand_eng"": ""ANGLAN"", ""brand_kor"": ""앵글런"", ""brand_no"": 10088, ""category1"": ""여성의류"", ""category2"": ""상의"", ""category3"": ""반소매 티셔츠"", ""category3_code"": 268103101, ""is_new"": false, ""item_no"": 4202984, ""period_sort"": ""ONE_DAY"", ""platform"": ""29cm"", ""ranking_category_code"": ""272103100"", ""ranking_category_name"": ""남성의류>상의"", ""review_avg"": 0.0, ""sale_percent"": 0, ""sale_price"": 89000, ""sold_out"": false, ""url"": ""https://product.29cm.co.kr/catalog/4202984""}",2026-10-06T01:00:30+00:00_6b919dbf
2026-10-06T10:00:30+09:00,2026-10-06T01:00:32+00:00,commerce_rank,Striped Layered Henley Long Sleeve - Black,29cm:4202984@272103100,rank,51.0,"{""brand_eng"": ""ANGLAN"", ""brand_kor"": ""앵글런"", ""brand_no"": 10088, ""category1"": ""여성의류"", ""category2"": ""상의"", ""category3"": ""반소매 티셔츠"", ""category3_code"": 268103101, ""is_new"": false, ""item_no"": 4202984, ""period_sort"": ""ONE_DAY"", ""platform"": ""29cm"", ""ranking_category_code"": ""272103100"", ""ranking_category_name"": ""남성의류>상의"", ""review_avg"": 0.0, ""sale_percent"": 0, ""sale_price"": 89000, ""sold_out"": false, ""url"": ""https://product.29cm.co.kr/catalog/4202984""}",2026-10-06T01:00:30+00:00_6b919dbf
2026-10-06T10:00:30+09:00,2026-10-06T01:00:31+00:00,commerce_rank,26VOLUME BELL PLEATS TEE (4COLOR),29cm:4205587,heart_count,287.0,"{""brand_eng"": ""UNDERSTANDING EDITION"", ""brand_kor"": ""언더스탠딩 에디션"", ""brand_no"": 58415, ""category1"": ""여성의류"", ""category2"": ""상의"", ""category3"": ""반소매 티셔츠"", ""category3_code"": 268103101, ""is_new"": false, ""item_no"": 4205587, ""period_sort"": ""ONE_DAY"", ""platform"": ""29cm"", ""ranking_category_code"": ""268103100"", ""ranking_category_name"": ""여성의류>상의"", ""review_avg"": 4.5, ""sale_percent"": 20, ""sale_price"": 46400, ""sold_out"": false, ""url"": ""https://product.29cm.co.kr/catalog/4205587""}",2026-10-06T01:00:30+00:00_6b919dbf
2026-10-06T10:00:30+09:00,2026-10-06T01:00:31+00:00,commerce_rank,26VOLUME BELL PLEATS TEE (4COLOR),29cm:4205587,review_count,4.0,"{""brand_eng"": ""UNDERSTANDING EDITION"", ""brand_kor"": ""언더스탠딩 에디션"", ""brand_no"": 58415, ""category1"": ""여성의류"", ""category2"": ""상의"", ""category3"": ""반소매 티셔츠"", ""category3_code"": 268103101, ""is_new"": false, ""item_no"": 4205587, ""period_sort"": ""ONE_DAY"", ""platform"": ""29cm"", ""ranking_category_code"": ""268103100"", ""ranking_category_name"": ""여성의류>상의"", ""review_avg"": 4.5, ""sale_percent"": 20, ""sale_price"": 46400, ""sold_out"": false, ""url"": ""https://product.29cm.co.kr/catalog/4205587""}",2026-10-06T01:00:30+00:00_6b919dbf
2026-10-06T10:00:30+09:00,2026-10-06T01:00:31+00:00,commerce_rank,26VOLUME BELL PLEATS TEE (4COLOR),29cm:4205587@268103100,rank,61.0,"{""brand_eng"": ""UNDERSTANDING EDITION"", ""brand_kor"": ""언더스탠딩 에디션"", ""brand_no"": 58415, ""category1"": ""여성의류"", ""category2"": ""상의"", ""category3"": ""반소매 티셔츠"", ""category3_code"": 268103101, ""is_new"": false, ""item_no"": 4205587, ""period_sort"": ""ONE_DAY"", ""platform"": ""29cm"", ""ranking_category_code"": ""268103100"", ""ranking_category_name"": ""여성의류>상의"", ""review_avg"": 4.5, ""sale_percent"": 20, ""sale_price"": 46400, ""sold_out"": false, ""url"": ""https://product.29cm.co.kr/catalog/4205587""}",2026-10-06T01:00:30+00:00_6b919dbf
2026-10-06T10:00:30+09:00,2026-10-06T01:00:32+00:00,commerce_rank,JAPANESE URAKE JERSEY TUBULAR SWEAT_3%MELANGE GRAY,29cm:4205647,heart_count,42.0,"{""brand_eng"": ""OUTSTANDING"", ""brand_kor"": ""아웃스탠딩"", ""brand_no"": 1657, ""category1"": ""남성의류"", ""category2"": ""상의"", ""category3"": ""스웨트셔츠"", ""category3_code"": 272103107, ""is_new"": false, ""item_no"": 4205647, ""period_sort"": ""ONE_DAY"", ""platform"": ""29cm"", ""ranking_category_code"": ""272103100"", ""ranking_category_name"": ""남성의류>상의"", ""review_avg"": 0.0, ""sale_percent"": 10, ""sale_price"": 88200, ""sold_out"": false, ""url"": ""https://product.29cm.co.kr/catalog/4205647""}",2026-10-06T01:00:30+00:00_6b919dbf
2026-10-06T10:00:30+09:00,2026-10-06T01:00:32+00:00,commerce_rank,JAPANESE URAKE JERSEY TUBULAR SWEAT_3%MELANGE GRAY,29cm:4205647,review_count,0.0,"{""brand_eng"": ""OUTSTANDING"", ""brand_kor"": ""아웃스탠딩"", ""brand_no"": 1657, ""category1"": ""남성의류"", ""category2"": ""상의"", ""category3"": ""스웨트셔츠"", ""category3_code"": 272103107, ""is_new"": false, ""item_no"": 4205647, ""period_sort"": ""ONE_DAY"", ""platform"": ""29cm"", ""ranking_category_code"": ""272103100"", ""ranking_category_name"": ""남성의류>상의"", ""review_avg"": 0.0, ""sale_percent"": 10, ""sale_price"": 88200, ""sold_out"": false, ""url"": ""https://product.29cm.co.kr/catalog/4205647""}",2026-10-06T01:00:30+00:00_6b919dbf
2026-10-06T10:00:30+09:00,2026-10-06T01:00:32+00:00,commerce_rank,JAPANESE URAKE JERSEY TUBULAR SWEAT_3%MELANGE GRAY,29cm:4205647@272103100,rank,85.0,"{""brand_eng"": ""OUTSTANDING"", ""brand_kor"": ""아웃스탠딩"", ""brand_no"": 1657, ""category1"": ""남성의류"", ""category2"": ""상의"", ""category3"": ""스웨트셔츠"", ""category3_code"": 272103107, ""is_new"": false, ""item_no"": 4205647, ""period_sort"": ""ONE_DAY"", ""platform"": ""29cm"", ""ranking_category_code"": ""272103100"", ""ranking_category_name"": ""남성의류>상의"", ""review_avg"": 0.0, ""sale_percent"": 10, ""sale_price"": 88200, ""sold_out"": false, ""url"": ""https://product.29cm.co.kr/catalog/4205647""}",2026-10-06T01:00:30+00:00_6b919dbf
2026-10-06T10:00:30+09:00,2026-10-06T01:00:32+00:00,commerce_rank,JAPANESE URAKE JERSEY TUBULAR SWEAT_VINTAGE BLACK,29cm:4205648,heart_count,24.0,"{""brand_eng"": ""OUTSTANDING"", ""brand_kor"": ""아웃스탠딩"", ""brand_no"": 1657, ""category1"": ""남성의류"", ""category2"": ""상의"", ""category3"": ""스웨트셔츠"", ""category3_code"": 272103107, ""is_new"": false, ""item_no"": 4205648, ""period_sort"": ""ONE_DAY"", ""platform"": ""29cm"", ""ranking_category_code"": ""272103100"", ""ranking_category_name"": ""남성의류>상의"", ""review_avg"": 0.0, ""sale_percent"": 10, ""sale_price"": 88200, ""sold_out"": false, ""url"": ""https://product.29cm.co.kr/catalog/4205648""}",2026-10-06T01:00:30+00:00_6b919dbf
2026-10-06T10:00:30+09:00,2026-10-06T01:00:32+00:00,commerce_rank,JAPANESE URAKE JERSEY TUBULAR SWEAT_VINTAGE BLACK,29cm:4205648,review_count,0.0,"{""brand_eng"": ""OUTSTANDING"", ""brand_kor"": ""아웃스탠딩"", ""brand_no"": 1657, ""category1"": ""남성의류"", ""category2"": ""상의"", ""category3"": ""스웨트셔츠"", ""category3_code"": 272103107, ""is_new"": false, ""item_no"": 4205648, ""period_sort"": ""ONE_DAY"", ""platform"": ""29cm"", ""ranking_category_code"": ""272103100"", ""ranking_category_name"": ""남성의류>상의"", ""review_avg"": 0.0, ""sale_percent"": 10, ""sale_price"": 88200, ""sold_out"": false, ""url"": ""https://product.29cm.co.kr/catalog/4205648""}",2026-10-06T01:00:30+00:00_6b919dbf
2026-10-06T10:00:30+09:00,2026-10-06T01:00:32+00:00,commerce_rank,JAPANESE URAKE JERSEY TUBULAR SWEAT_VINTAGE BLACK,29cm:4205648@272103100,rank,55.0,"{""brand_eng"": ""OUTSTANDING"", ""brand_kor"": ""아웃스탠딩"", ""brand_no"": 1657, ""category1"": ""남성의류"", ""category2"": ""상의"", ""category3"": ""스웨트셔츠"", ""category3_code"": 272103107, ""is_new"": false, ""item_no"": 4205648, ""period_sort"": ""ONE_DAY"", ""platform"": ""29cm"", ""ranking_category_code"": ""272103100"", ""ranking_category_name"": ""남성의류>상의"", ""review_avg"": 0.0, ""sale_percent"": 10, ""sale_price"": 88200, ""sold_out"": false, ""url"": ""https://product.29cm.co.kr/catalog/4205648""}",2026-10-06T01:00:30+00:00_6b919dbf
2026-10-06T10:00:30+09:00,2026-10-06T01:00:32+00:00,commerce_rank,JAPANESE URAKE JERSEY TUBULAR SWEAT_VINTAGE NAVY,29cm:4205649,heart_count,62.0,"{""brand_eng"": ""OUTSTANDING"", ""brand_kor"": ""아웃스탠딩"", ""brand_no"": 1657, ""category1"": ""남성의류"", ""category2"": ""상의"", ""category3"": ""스웨트셔츠"", ""category3_code"": 272103107, ""is_new"": false, ""item_no"": 4205649, ""period_sort"": ""ONE_DAY"", ""platform"": ""29cm"", ""ranking_category_code"": ""272103100"", ""ranking_category_name"": ""남성의류>상의"", ""review_avg"": 0.0, ""sale_percent"": 10, ""sale_price"": 88200, ""sold_out"": false, ""url"": ""https://product.29cm.co.kr/catalog/4205649""}",2026-10-06T01:00:30+00:00_6b919dbf
2026-10-06T10:00:30+09:00,2026-10-06T01:00:32+00:00,commerce_rank,JAPANESE URAKE JERSEY TUBULAR SWEAT_VINTAGE NAVY,29cm:4205649,review_count,0.0,"{""brand_eng"": ""OUTSTANDING"", ""brand_kor"": ""아웃스탠딩"", ""brand_no"": 1657, ""category1"": ""남성의류"", ""category2"": ""상의"", ""category3"": ""스웨트셔츠"", ""category3_code"": 272103107, ""is_new"": false, ""item_no"": 4205649, ""period_sort"": ""ONE_DAY"", ""platform"": ""29cm"", ""ranking_category_code"": ""272103100"", ""ranking_category_name"": ""남성의류>상의"", ""review_avg"": 0.0, ""sale_percent"": 10, ""sale_price"": 88200, ""sold_out"": false, ""url"": ""https://product.29cm.co.kr/catalog/4205649""}",2026-10-06T01:00:30+00:00_6b919dbf
2026-10-06T10:00:30+09:00,2026-10-06T01:00:32+00:00,commerce_rank,JAPANESE URAKE JERSEY TUBULAR SWEAT_VINTAGE NAVY,29cm:4205649@272103100,rank,64.0,"{""brand_eng"": ""OUTSTANDING"", ""brand_kor"": ""아웃스탠딩"", ""brand_no"": 1657, ""category1"": ""남성의류"", ""category2"": ""상의"", ""category3"": ""스웨트셔츠"", ""category3_code"": 272103107, ""is_new"": false, ""item_no"": 4205649, ""period_sort"": ""ONE_DAY"", ""platform"": ""29cm"", ""ranking_category_code"": ""272103100"", ""ranking_category_name"": ""남성의류>상의"", ""review_avg"": 0.0, ""sale_percent"": 10, ""sale_price"": 88200, ""sold_out"": false, ""url"": ""https://product.29cm.co.kr/catalog/4205649""}",2026-10-06T01:00:30+00:00_6b919dbf
2026-10-06T10:00:30+09:00,2026-10-06T01:00:31+00:00,commerce_rank,Milo Stripe Tee_Oatmeal,29cm:4205823,heart_count,1015.0,"{""brand_eng"": ""108POUND"", ""brand_kor"": ""108파운드"", ""brand_no"": 86198, ""category1"": ""여성의류"", ""category2"": ""상의"", ""category3"": ""긴소매 티셔츠"", ""category3_code"": 268103102, ""is_new"": false, ""item_no"": 4205823, ""period_sort"": ""ONE_DAY"", ""platform"": ""29cm"", ""ranking_category_code"": ""268103100"", ""ranking_category_name"": ""여성의류>상의"", ""review_avg"": 5.0, ""sale_percent"": 24, ""sale_price"": 55080, ""sold_out"": false, ""url"": ""https://product.29cm.co.kr/catalog/4205823""}",2026-10-06T01:00:30+00:00_6b919dbf
2026-10-06T10:00:30+09:00,2026-10-06T01:00:31+00:00,commerce_rank,Milo Stripe Tee_Oatmeal,29cm:4205823,review_count,4.0,"{""brand_eng"": ""108POUND"", ""brand_kor"": ""108파운드"", ""brand_no"": 86198, ""category1"": ""여성의류"", ""category2"": ""상의"", ""category3"": ""긴소매 티셔츠"", ""category3_code"": 268103102, ""is_new"": false, ""item_no"": 4205823, ""period_sort"": ""ONE_DAY"", ""platform"": ""29cm"", ""ranking_category_code"": ""268103100"", ""ranking_category_name"": ""여성의류>상의"", ""review_avg"": 5.0, ""sale_percent"": 24, ""sale_price"": 55080, ""sold_out"": false, ""url"": ""https://product.29cm.co.kr/catalog/4205823""}",2026-10-06T01:00:30+00:00_6b919dbf
2026-10-06T10:00:30+09:00,2026-10-06T01:00:31+00:00,commerce_rank,Milo Stripe Tee_Oatmeal,29cm:4205823@268103100,rank,33.0,"{""brand_eng"": ""108POUND"", ""brand_kor"": ""108파운드"", ""brand_no"": 86198, ""category1"": ""여성의류"", ""category2"": ""상의"", ""category3"": ""긴소매 티셔츠"", ""category3_code"": 268103102, ""is_new"": false, ""item_no"": 4205823, ""period_sort"": ""ONE_DAY"", ""platform"": ""29cm"", ""ranking_category_code"": ""268103100"", ""ranking_category_name"": ""여성의류>상의"", ""review_avg"": 5.0, ""sale_percent"": 24, ""sale_price"": 55080, ""sold_out"": false, ""url"": ""https://product.29cm.co.kr/catalog/4205823""}",2026-10-06T01:00:30+00:00_6b919dbf
2026-10-06T10:00:30+09:00,2026-10-06T01:00:31+00:00,commerce_rank,Henley 3/4 Sleeve Tee_Stripe Blue,29cm:4205826,heart_count,1295.0,"{""brand_eng"": ""108POUND"", ""brand_kor"": ""108파운드"", ""brand_no"": 86198, ""category1"": ""여성의류"", ""category2"": ""상의"", ""category3"": ""반소매 티셔츠"", ""category3_code"": 268103101, ""is_new"": false, ""item_no"": 4205826, ""period_sort"": ""ONE_DAY"", ""platform"": ""29cm"", ""ranking_category_code"": ""268103100"", ""ranking_category_name"": ""여성의류>상의"", ""review_avg"": 5.0, ""sale_percent"": 19, ""sale_price"": 51680, ""sold_out"": false, ""url"": ""https://product.29cm.co.kr/catalog/4205826""}",2026-10-06T01:00:30+00:00_6b919dbf
2026-10-06T10:00:30+09:00,2026-10-06T01:00:31+00:00,commerce_rank,Henley 3/4 Sleeve Tee_Stripe Blue,29cm:4205826,review_count,4.0,"{""brand_eng"": ""108POUND"", ""brand_kor"": ""108파운드"", ""brand_no"": 86198, ""category1"": ""여성의류"", ""category2"": ""상의"", ""category3"": ""반소매 티셔츠"", ""category3_code"": 268103101, ""is_new"": false, ""item_no"": 4205826, ""period_sort"": ""ONE_DAY"", ""platform"": ""29cm"", ""ranking_category_code"": ""268103100"", ""ranking_category_name"": ""여성의류>상의"", ""review_avg"": 5.0, ""sale_percent"": 19, ""sale_price"": 51680, ""sold_out"": false, ""url"": ""https://product.29cm.co.kr/catalog/4205826""}",2026-10-06T01:00:30+00:00_6b919dbf
2026-10-06T10:00:30+09:00,2026-10-06T01:00:31+00:00,commerce_rank,Henley 3/4 Sleeve Tee_Stripe Blue,29cm:4205826@268103100,rank,66.0,"{""brand_eng"": ""108POUND"", ""brand_kor"": ""108파운드"", ""brand_no"": 86198, ""category1"": ""여성의류"", ""category2"": ""상의"", ""category3"": ""반소매 티셔츠"", ""category3_code"": 268103101, ""is_new"": false, ""item_no"": 4205826, ""period_sort"": ""ONE_DAY"", ""platform"": ""29cm"", ""ranking_category_code"": ""268103100"", ""ranking_category_name"": ""여성의류>상의"", ""review_avg"": 5.0, ""sale_percent"": 19, ""sale_price"": 51680, ""sold_out"": false, ""url"": ""https://product.29cm.co.kr/catalog/4205826""}",2026-10-06T01:00:30+00:00_6b919dbf
2026-10-06T10:00:30+09:00,2026-10-06T01:00:31+00:00,commerce_rank,Henley 3/4 Sleeve Tee_Stripe Gray,29cm:4205827,heart_count,1675.0,"{""brand_eng"": ""108POUND"", ""brand_kor"": ""108파운드"", ""brand_no"": 86198, ""category1"": ""여성의류"", ""category2"": ""상의"", ""category3"": ""반소매 티셔츠"", ""category3_code"": 268103101, ""is_new"": false, ""item_no"": 4205827, ""period_sort"": ""ONE_DAY"", ""platform"": ""29cm"", ""ranking_category_code"": ""268103100"", ""ranking_category_name"": ""여성의류>상의"", ""review_avg"": 5.0, ""sale_percent"": 19, ""sale_price"": 51680, ""sold_out"": false, ""url"": ""https://product.29cm.co.kr/catalog/4205827""}",2026-10-06T01:00:30+00:00_6b919dbf
2026-10-06T10:00:30+09:00,2026-10-06T01:00:31+00:00,commerce_rank,Henley 3/4 Sleeve Tee_Stripe Gray,29cm:4205827,review_count,2.0,"{""brand_eng"": ""108POUND"", ""brand_kor"": ""108파운드"", ""brand_no"": 86198, ""category1"": ""여성의류"", ""category2"": ""상의"", ""category3"": ""반소매 티셔츠"", ""category3_code"": 268103101, ""is_new"": false, ""item_no"": 4205827, ""period_sort"": ""ONE_DAY"", ""platform"": ""29cm"", ""ranking_category_code"": ""268103100"", ""ranking_category_name"": ""여성의류>상의"", ""review_avg"": 5.0, ""sale_percent"": 19, ""sale_price"": 51680, ""sold_out"": false, ""url"": ""https://product.29cm.co.kr/catalog/4205827""}",2026-10-06T01:00:30+00:00_6b919dbf
2026-10-06T10:00:30+09:00,2026-10-06T01:00:31+00:00,commerce_rank,Henley 3/4 Sleeve Tee_Stripe Gray,29cm:4205827@268103100,rank,19.0,"{""brand_eng"": ""108POUND"", ""brand_kor"": ""108파운드"", ""brand_no"": 86198, ""category1"": ""여성의류"", ""category2"": ""상의"", ""category3"": ""반소매 티셔츠"", ""category3_code"": 268103101, ""is_new"": false, ""item_no"": 4205827, ""period_sort"": ""ONE_DAY"", ""platform"": ""29cm"", ""ranking_category_code"": ""268103100"", ""ranking_category_name"": ""여성의류>상의"", ""review_avg"": 5.0, ""sale_percent"": 19, ""sale_price"": 51680, ""sold_out"": false, ""url"": ""https://product.29cm.co.kr/catalog/4205827""}",2026-10-06T01:00:30+00:00_6b919dbf
2026-10-06T10:00:30+09:00,2026-10-06T01:00:32+00:00,commerce_rank,Bumpy Slub Double Neck Long Sleeve Charcoal,29cm:4209630,heart_count,73.0,"{""brand_eng"": ""partimento"", ""brand_kor"": ""파르티멘토"", ""brand_no"": 1588, ""category1"": ""여성의류"", ""category2"": ""상의"", ""category3"": ""긴소매 티셔츠"", ""category3_code"": 268103102, ""is_new"": false, ""item_no"": 4209630, ""period_sort"": ""ONE_DAY"", ""platform"": ""29cm"", ""ranking_category_code"": ""272103100"", ""ranking_category_name"": ""남성의류>상의"", ""review_avg"": 0.0, ""sale_percent"": 28, ""sale_price"": 31410, ""sold_out"": false, ""url"": ""https://product.29cm.co.kr/catalog/4209630""}",2026-10-06T01:00:30+00:00_6b919dbf
2026-10-06T10:00:30+09:00,2026-10-06T01:00:32+00:00,commerce_rank,Bumpy Slub Double Neck Long Sleeve Charcoal,29cm:4209630,review_count,0.0,"{""brand_eng"": ""partimento"", ""brand_kor"": ""파르티멘토"", ""brand_no"": 1588, ""category1"": ""여성의류"", ""category2"": ""상의"", ""category3"": ""긴소매 티셔츠"", ""category3_code"": 268103102, ""is_new"": false, ""item_no"": 4209630, ""period_sort"": ""ONE_DAY"", ""platform"": ""29cm"", ""ranking_category_code"": ""272103100"", ""ranking_category_name"": ""남성의류>상의"", ""review_avg"": 0.0, ""sale_percent"": 28, ""sale_price"": 31410, ""sold_out"": false, ""url"": ""https://product.29cm.co.kr/catalog/4209630""}",2026-10-06T01:00:30+00:00_6b919dbf
2026-10-06T10:00:30+09:00,2026-10-06T01:00:32+00:00,commerce_rank,Bumpy Slub Double Neck Long Sleeve Charcoal,29cm:4209630@272103100,rank,57.0,"{""brand_eng"": ""partimento"", ""brand_kor"": ""파르티멘토"", ""brand_no"": 1588, ""category1"": ""여성의류"", ""category2"": ""상의"", ""category3"": ""긴소매 티셔츠"", ""category3_code"": 268103102, ""is_new"": false, ""item_no"": 4209630, ""period_sort"": ""ONE_DAY"", ""platform"": ""29cm"", ""ranking_category_code"": ""272103100"", ""ranking_category_name"": ""남성의류>상의"", ""review_avg"": 0.0, ""sale_percent"": 28, ""sale_price"": 31410, ""sold_out"": false, ""url"": ""https://product.29cm.co.kr/catalog/4209630""}",2026-10-06T01:00:30+00:00_6b919dbf
2026-10-06T10:00:30+09:00,2026-10-06T01:00:32+00:00,commerce_rank,BOILED C/W ROVER SHIRTS navy,29cm:4210674,heart_count,61.0,"{""brand_eng"": ""beheavyer"", ""brand_kor"": ""비헤비어"", ""brand_no"": 1897, ""category1"": ""남성의류"", ""category2"": ""상의"", ""category3"": ""긴소매 셔츠"", ""category3_code"": 272103106, ""is_new"": false, ""item_no"": 4210674, ""period_sort"": ""ONE_DAY"", ""platform"": ""29cm"", ""ranking_category_code"": ""272103100"", ""ranking_category_name"": ""남성의류>상의"", ""review_avg"": 5.0, ""sale_percent"": 0, ""sale_price"": 198000, ""sold_out"": false, ""url"": ""https://product.29cm.co.kr/catalog/4210674""}",2026-10-06T01:00:30+00:00_6b919dbf
2026-10-06T10:00:30+09:00,2026-10-06T01:00:32+00:00,commerce_rank,BOILED C/W ROVER SHIRTS navy,29cm:4210674,review_count,1.0,"{""brand_eng"": ""beheavyer"", ""brand_kor"": ""비헤비어"", ""brand_no"": 1897, ""category1"": ""남성의류"", ""category2"": ""상의"", ""category3"": ""긴소매 셔츠"", ""category3_code"": 272103106, ""is_new"": false, ""item_no"": 4210674, ""period_sort"": ""ONE_DAY"", ""platform"": ""29cm"", ""ranking_category_code"": ""272103100"", ""ranking_category_name"": ""남성의류>상의"", ""review_avg"": 5.0, ""sale_percent"": 0, ""sale_price"": 198000, ""sold_out"": false, ""url"": ""https://product.29cm.co.kr/catalog/4210674""}",2026-10-06T01:00:30+00:00_6b919dbf
2026-10-06T10:00:30+09:00,2026-10-06T01:00:32+00:00,commerce_rank,BOILED C/W ROVER SHIRTS navy,29cm:4210674@272103100,rank,76.0,"{""brand_eng"": ""beheavyer"", ""brand_kor"": ""비헤비어"", ""brand_no"": 1897, ""category1"": ""남성의류"", ""category2"": ""상의"", ""category3"": ""긴소매 셔츠"", ""category3_code"": 272103106, ""is_new"": false, ""item_no"": 4210674, ""period_sort"": ""ONE_DAY"", ""platform"": ""29cm"", ""ranking_category_code"": ""272103100"", ""ranking_category_name"": ""남성의류>상의"", ""review_avg"": 5.0, ""sale_percent"": 0, ""sale_price"": 198000, ""sold_out"": false, ""url"": ""https://product.29cm.co.kr/catalog/4210674""}",2026-10-06T01:00:30+00:00_6b919dbf
2026-10-06T10:00:30+09:00,2026-10-06T01:00:31+00:00,commerce_rank,Rose Jacquard Crinkled Wrap Shirt SW6AB857-12,29cm:4212990,heart_count,572.0,"{""brand_eng"": ""LOEUVRE"", ""brand_kor"": ""루에브르"", ""brand_no"": 5433, ""category1"": ""여성의류"", ""category2"": ""상의"", ""category3"": ""셔츠"", ""category3_code"": 268103106, ""is_new"": false, ""item_no"": 4212990, ""period_sort"": ""ONE_DAY"", ""platform"": ""29cm"", ""ranking_category_code"": ""268103100"", ""ranking_category_name"": ""여성의류>상의"", ""review_avg"": 0.0, ""sale_percent"": 15, ""sale_price"": 126650, ""sold_out"": false, ""url"": ""https://product.29cm.co.kr/catalog/4212990""}",2026-10-06T01:00:30+00:00_6b919dbf
2026-10-06T10:00:30+09:00,2026-10-06T01:00:31+00:00,commerce_rank,Rose Jacquard Crinkled Wrap Shirt SW6AB857-12,29cm:4212990,review_count,0.0,"{""brand_eng"": ""LOEUVRE"", ""brand_kor"": ""루에브르"", ""brand_no"": 5433, ""category1"": ""여성의류"", ""category2"": ""상의"", ""category3"": ""셔츠"", ""category3_code"": 268103106, ""is_new"": false, ""item_no"": 4212990, ""period_sort"": ""ONE_DAY"", ""platform"": ""29cm"", ""ranking_category_code"": ""268103100"", ""ranking_category_name"": ""여성의류>상의"", ""review_avg"": 0.0, ""sale_percent"": 15, ""sale_price"": 126650, ""sold_out"": false, ""url"": ""https://product.29cm.co.kr/catalog/4212990""}",2026-10-06T01:00:30+00:00_6b919dbf
2026-10-06T10:00:30+09:00,2026-10-06T01:00:31+00:00,commerce_rank,Rose Jacquard Crinkled Wrap Shirt SW6AB857-12,29cm:4212990@268103100,rank,37.0,"{""brand_eng"": ""LOEUVRE"", ""brand_kor"": ""루에브르"", ""brand_no"": 5433, ""category1"": ""여성의류"", ""category2"": ""상의"", ""category3"": ""셔츠"", ""category3_code"": 268103106, ""is_new"": false, ""item_no"": 4212990, ""period_sort"": ""ONE_DAY"", ""platform"": ""29cm"", ""ranking_category_code"": ""268103100"", ""ranking_category_name"": ""여성의류>상의"", ""review_avg"": 0.0, ""sale_percent"": 15, ""sale_price"": 126650, ""sold_out"": false, ""url"": ""https://product.29cm.co.kr/catalog/4212990""}",2026-10-06T01:00:30+00:00_6b919dbf
2026-10-06T10:00:30+09:00,2026-10-06T01:00:32+00:00,commerce_rank,CUT OUT DB-V SWEAT SHIRTS (BLUE),29cm:4216006,heart_count,1.0,"{""brand_eng"": ""BIRDNOTE"", ""brand_kor"": ""버드노트"", ""brand_no"": 98490, ""category1"": ""남성의류"", ""category2"": ""상의"", ""category3"": ""스웨트셔츠"", ""category3_code"": 272103107, ""is_new"": true, ""item_no"": 4216006, ""period_sort"": ""ONE_DAY"", ""platform"": ""29cm"", ""ranking_category_code"": ""272103100"", ""ranking_category_name"": ""남성의류>상의"", ""review_avg"": 0.0, ""sale_percent"": 0, ""sale_price"": 138000, ""sold_out"": false, ""url"": ""https://product.29cm.co.kr/catalog/4216006""}",2026-10-06T01:00:30+00:00_6b919dbf
2026-10-06T10:00:30+09:00,2026-10-06T01:00:32+00:00,commerce_rank,CUT OUT DB-V SWEAT SHIRTS (BLUE),29cm:4216006,review_count,0.0,"{""brand_eng"": ""BIRDNOTE"", ""brand_kor"": ""버드노트"", ""brand_no"": 98490, ""category1"": ""남성의류"", ""category2"": ""상의"", ""category3"": ""스웨트셔츠"", ""category3_code"": 272103107, ""is_new"": true, ""item_no"": 4216006, ""period_sort"": ""ONE_DAY"", ""platform"": ""29cm"", ""ranking_category_code"": ""272103100"", ""ranking_category_name"": ""남성의류>상의"", ""review_avg"": 0.0, ""sale_percent"": 0, ""sale_price"": 138000, ""sold_out"": false, ""url"": ""https://product.29cm.co.kr/catalog/4216006""}",2026-10-06T01:00:30+00:00_6b919dbf
2026-10-06T10:00:30+09:00,2026-10-06T01:00:32+00:00,commerce_rank,CUT OUT DB-V SWEAT SHIRTS (BLUE),29cm:4216006@272103100,rank,38.0,"{""brand_eng"": ""BIRDNOTE"", ""brand_kor"": ""버드노트"", ""brand_no"": 98490, ""category1"": ""남성의류"", ""category2"": ""상의"", ""category3"": ""스웨트셔츠"", ""category3_code"": 272103107, ""is_new"": true, ""item_no"": 4216006, ""period_sort"": ""ONE_DAY"", ""platform"": ""29cm"", ""ranking_category_code"": ""272103100"", ""ranking_category_name"": ""남성의류>상의"", ""review_avg"": 0.0, ""sale_percent"": 0, ""sale_price"": 138000, ""sold_out"": false, ""url"": ""https://product.29cm.co.kr/catalog/4216006""}",2026-10-06T01:00:30+00:00_6b919dbf
2026-10-06T10:00:30+09:00,2026-10-06T01:00:32+00:00,commerce_rank,[리복x발란사] 그래픽 하프 집업 - 그레이,29cm:4216856,heart_count,65.0,"{""brand_eng"": ""REEBOK"", ""brand_kor"": ""리복"", ""brand_no"": 19234, ""category1"": ""남성의류"", ""category2"": ""상의"", ""category3"": ""스웨트셔츠"", ""category3_code"": 272103107, ""is_new"": false, ""item_no"": 4216856, ""period_sort"": ""ONE_DAY"", ""platform"": ""29cm"", ""ranking_category_code"": ""272103100"", ""ranking_category_name"": ""남성의류>상의"", ""review_avg"": 0.0, ""sale_percent"": 0, ""sale_price"": 109000, ""sold_out"": false, ""url"": ""https://product.29cm.co.kr/catalog/4216856""}",2026-10-06T01:00:30+00:00_6b919dbf
2026-10-06T10:00:30+09:00,2026-10-06T01:00:32+00:00,commerce_rank,[리복x발란사] 그래픽 하프 집업 - 그레이,29cm:4216856,review_count,0.0,"{""brand_eng"": ""REEBOK"", ""brand_kor"": ""리복"", ""brand_no"": 19234, ""category1"": ""남성의류"", ""category2"": ""상의"", ""category3"": ""스웨트셔츠"", ""category3_code"": 272103107, ""is_new"": false, ""item_no"": 4216856, ""period_sort"": ""ONE_DAY"", ""platform"": ""29cm"", ""ranking_category_code"": ""272103100"", ""ranking_category_name"": ""남성의류>상의"", ""review_avg"": 0.0, ""sale_percent"": 0, ""sale_price"": 109000, ""sold_out"": false, ""url"": ""https://product.29cm.co.kr/catalog/4216856""}",2026-10-06T01:00:30+00:00_6b919dbf
2026-10-06T10:00:30+09:00,2026-10-06T01:00:32+00:00,commerce_rank,[리복x발란사] 그래픽 하프 집업 - 그레이,29cm:4216856@272103100,rank,66.0,"{""brand_eng"": ""REEBOK"", ""brand_kor"": ""리복"", ""brand_no"": 19234, ""category1"": ""남성의류"", ""category2"": ""상의"", ""category3"": ""스웨트셔츠"", ""category3_code"": 272103107, ""is_new"": false, ""item_no"": 4216856, ""period_sort"": ""ONE_DAY"", ""platform"": ""29cm"", ""ranking_category_code"": ""272103100"", ""ranking_category_name"": ""남성의류>상의"", ""review_avg"": 0.0, ""sale_percent"": 0, ""sale_price"": 109000, ""sold_out"": false, ""url"": ""https://product.29cm.co.kr/catalog/4216856""}",2026-10-06T01:00:30+00:00_6b919dbf
2026-10-06T10:00:30+09:00,2026-10-06T01:00:32+00:00,commerce_rank,STRIPE POCKET L.S T-SHIRTS / D.NAVY & CHARCOAL,29cm:4218423,heart_count,27.0,"{""brand_eng"": ""EASTLOGUE PERMANENT"", ""brand_kor"": ""이스트로그 퍼머넌트"", ""brand_no"": 9323, ""category1"": ""여성의류"", ""category2"": ""상의"", ""category3"": ""긴소매 티셔츠"", ""category3_code"": 268103102, ""is_new"": false, ""item_no"": 4218423, ""period_sort"": ""ONE_DAY"", ""platform"": ""29cm"", ""ranking_category_code"": ""272103100"", ""ranking_category_name"": ""남성의류>상의"", ""review_avg"": 0.0, ""sale_percent"": 15, ""sale_price"": 66300, ""sold_out"": false, ""url"": ""https://product.29cm.co.kr/catalog/4218423""}",2026-10-06T01:00:30+00:00_6b919dbf
2026-10-06T10:00:30+09:00,2026-10-06T01:00:32+00:00,commerce_rank,STRIPE POCKET L.S T-SHIRTS / D.NAVY & CHARCOAL,29cm:4218423,review_count,0.0,"{""brand_eng"": ""EASTLOGUE PERMANENT"", ""brand_kor"": ""이스트로그 퍼머넌트"", ""brand_no"": 9323, ""category1"": ""여성의류"", ""category2"": ""상의"", ""category3"": ""긴소매 티셔츠"", ""category3_code"": 268103102, ""is_new"": false, ""item_no"": 4218423, ""period_sort"": ""ONE_DAY"", ""platform"": ""29cm"", ""ranking_category_code"": ""272103100"", ""ranking_category_name"": ""남성의류>상의"", ""review_avg"": 0.0, ""sale_percent"": 15, ""sale_price"": 66300, ""sold_out"": false, ""url"": ""https://product.29cm.co.kr/catalog/4218423""}",2026-10-06T01:00:30+00:00_6b919dbf
2026-10-06T10:00:30+09:00,2026-10-06T01:00:32+00:00,commerce_rank,STRIPE POCKET L.S T-SHIRTS / D.NAVY & CHARCOAL,29cm:4218423@272103100,rank,69.0,"{""brand_eng"": ""EASTLOGUE PERMANENT"", ""brand_kor"": ""이스트로그 퍼머넌트"", ""brand_no"": 9323, ""category1"": ""여성의류"", ""category2"": ""상의"", ""category3"": ""긴소매 티셔츠"", ""category3_code"": 268103102, ""is_new"": false, ""item_no"": 4218423, ""period_sort"": ""ONE_DAY"", ""platform"": ""29cm"", ""ranking_category_code"": ""272103100"", ""ranking_category_name"": ""남성의류>상의"", ""review_avg"": 0.0, ""sale_percent"": 15, ""sale_price"": 66300, ""sold_out"": false, ""url"": ""https://product.29cm.co.kr/catalog/4218423""}",2026-10-06T01:00:30+00:00_6b919dbf
2026-10-06T10:00:30+09:00,2026-10-06T01:00:31+00:00,commerce_rank,[3rd] ETO logo patch loose tee - purple navy,29cm:4219779,heart_count,397.0,"{""brand_eng"": ""FOETO"", ""brand_kor"": ""포에토"", ""brand_no"": 53520, ""category1"": ""여성의류"", ""category2"": ""상의"", ""category3"": ""긴소매 티셔츠"", ""category3_code"": 268103102, ""is_new"": true, ""item_no"": 4219779, ""period_sort"": ""ONE_DAY"", ""platform"": ""29cm"", ""ranking_category_code"": ""268103100"", ""ranking_category_name"": ""여성의류>상의"", ""review_avg"": 0.0, ""sale_percent"": 19, ""sale_price"": 58320, ""sold_out"": false, ""url"": ""https://product.29cm.co.kr/catalog/4219779""}",2026-10-06T01:00:30+00:00_6b919dbf
2026-10-06T10:00:30+09:00,2026-10-06T01:00:31+00:00,commerce_rank,[3rd] ETO logo patch loose tee - purple navy,29cm:4219779,review_count,0.0,"{""brand_eng"": ""FOETO"", ""brand_kor"": ""포에토"", ""brand_no"": 53520, ""category1"": ""여성의류"", ""category2"": ""상의"", ""category3"": ""긴소매 티셔츠"", ""category3_code"": 268103102, ""is_new"": true, ""item_no"": 4219779, ""period_sort"": ""ONE_DAY"", ""platform"": ""29cm"", ""ranking_category_code"": ""268103100"", ""ranking_category_name"": ""여성의류>상의"", ""review_avg"": 0.0, ""sale_percent"": 19, ""sale_price"": 58320, ""sold_out"": false, ""url"": ""https://product.29cm.co.kr/catalog/4219779""}",2026-10-06T01:00:30+00:00_6b919dbf
2026-10-06T10:00:30+09:00,2026-10-06T01:00:31+00:00,commerce_rank,[3rd] ETO logo patch loose tee - purple navy,29cm:4219779@268103100,rank,81.0,"{""brand_eng"": ""FOETO"", ""brand_kor"": ""포에토"", ""brand_no"": 53520, ""category1"": ""여성의류"", ""category2"": ""상의"", ""category3"": ""긴소매 티셔츠"", ""category3_code"": 268103102, ""is_new"": true, ""item_no"": 4219779, ""period_sort"": ""ONE_DAY"", ""platform"": ""29cm"", ""ranking_category_code"": ""268103100"", ""ranking_category_name"": ""여성의류>상의"", ""review_avg"": 0.0, ""sale_percent"": 19, ""sale_price"": 58320, ""sold_out"": false, ""url"": ""https://product.29cm.co.kr/catalog/4219779""}",2026-10-06T01:00:30+00:00_6b919dbf
2026-10-06T10:00:30+09:00,2026-10-06T01:00:31+00:00,commerce_rank,[5th] Kid pocket henry tee - charcoal,29cm:4219804,heart_count,1060.0,"{""brand_eng"": ""FOETO"", ""brand_kor"": ""포에토"", ""brand_no"": 53520, ""category1"": ""여성의류"", ""category2"": ""상의"", ""category3"": ""반소매 티셔츠"", ""category3_code"": 268103101, ""is_new"": true, ""item_no"": 4219804, ""period_sort"": ""ONE_DAY"", ""platform"": ""29cm"", ""ranking_category_code"": ""268103100"", ""ranking_category_name"": ""여성의류>상의"", ""review_avg"": 0.0, ""sale_percent"": 19, ""sale_price"": 65610, ""sold_out"": false, ""url"": ""https://product.29cm.co.kr/catalog/4219804""}",2026-10-06T01:00:30+00:00_6b919dbf
2026-10-06T10:00:30+09:00,2026-10-06T01:00:31+00:00,commerce_rank,[5th] Kid pocket henry tee - charcoal,29cm:4219804,review_count,0.0,"{""brand_eng"": ""FOETO"", ""brand_kor"": ""포에토"", ""brand_no"": 53520, ""category1"": ""여성의류"", ""category2"": ""상의"", ""category3"": ""반소매 티셔츠"", ""category3_code"": 268103101, ""is_new"": true, ""item_no"": 4219804, ""period_sort"": ""ONE_DAY"", ""platform"": ""29cm"", ""ranking_category_code"": ""268103100"", ""ranking_category_name"": ""여성의류>상의"", ""review_avg"": 0.0, ""sale_percent"": 19, ""sale_price"": 65610, ""sold_out"": false, ""url"": ""https://product.29cm.co.kr/catalog/4219804""}",2026-10-06T01:00:30+00:00_6b919dbf
2026-10-06T10:00:30+09:00,2026-10-06T01:00:31+00:00,commerce_rank,[5th] Kid pocket henry tee - charcoal,29cm:4219804@268103100,rank,65.0,"{""brand_eng"": ""FOETO"", ""brand_kor"": ""포에토"", ""brand_no"": 53520, ""category1"": ""여성의류"", ""category2"": ""상의"", ""category3"": ""반소매 티셔츠"", ""category3_code"": 268103101, ""is_new"": true, ""item_no"": 4219804, ""period_sort"": ""ONE_DAY"", ""platform"": ""29cm"", ""ranking_category_code"": ""268103100"", ""ranking_category_name"": ""여성의류>상의"", ""review_avg"": 0.0, ""sale_percent"": 19, ""sale_price"": 65610, ""sold_out"": false, ""url"": ""https://product.29cm.co.kr/catalog/4219804""}",2026-10-06T01:00:30+00:00_6b919dbf
2026-10-06T10:00:30+09:00,2026-10-06T01:00:31+00:00,commerce_rank,"Essential Oversized Shirt, MUTED PURPLE",29cm:4225031,heart_count,632.0,"{""brand_eng"": ""LONDONDADA"", ""brand_kor"": ""런던다다"", ""brand_no"": 102751, ""category1"": ""여성의류"", ""category2"": ""상의"", ""category3"": ""셔츠"", ""category3_code"": 268103106, ""is_new"": false, ""item_no"": 4225031, ""period_sort"": ""ONE_DAY"", ""platform"": ""29cm"", ""ranking_category_code"": ""268103100"", ""ranking_category_name"": ""여성의류>상의"", ""review_avg"": 0.0, ""sale_percent"": 14, ""sale_price"": 76100, ""sold_out"": false, ""url"": ""https://product.29cm.co.kr/catalog/4225031""}",2026-10-06T01:00:30+00:00_6b919dbf
2026-10-06T10:00:30+09:00,2026-10-06T01:00:31+00:00,commerce_rank,"Essential Oversized Shirt, MUTED PURPLE",29cm:4225031,review_count,0.0,"{""brand_eng"": ""LONDONDADA"", ""brand_kor"": ""런던다다"", ""brand_no"": 102751, ""category1"": ""여성의류"", ""category2"": ""상의"", ""category3"": ""셔츠"", ""category3_code"": 268103106, ""is_new"": false, ""item_no"": 4225031, ""period_sort"": ""ONE_DAY"", ""platform"": ""29cm"", ""ranking_category_code"": ""268103100"", ""ranking_category_name"": ""여성의류>상의"", ""review_avg"": 0.0, ""sale_percent"": 14, ""sale_price"": 76100, ""sold_out"": false, ""url"": ""https://product.29cm.co.kr/catalog/4225031""}",2026-10-06T01:00:30+00:00_6b919dbf
2026-10-06T10:00:30+09:00,2026-10-06T01:00:31+00:00,commerce_rank,"Essential Oversized Shirt, MUTED PURPLE",29cm:4225031@268103100,rank,59.0,"{""brand_eng"": ""LONDONDADA"", ""brand_kor"": ""런던다다"", ""brand_no"": 102751, ""category1"": ""여성의류"", ""category2"": ""상의"", ""category3"": ""셔츠"", ""category3_code"": 268103106, ""is_new"": false, ""item_no"": 4225031, ""period_sort"": ""ONE_DAY"", ""platform"": ""29cm"", ""ranking_category_code"": ""268103100"", ""ranking_category_name"": ""여성의류>상의"", ""review_avg"": 0.0, ""sale_percent"": 14, ""sale_price"": 76100, ""sold_out"": false, ""url"": ""https://product.29cm.co.kr/catalog/4225031""}",2026-10-06T01:00:30+00:00_6b919dbf
2026-10-06T10:00:30+09:00,2026-10-06T01:00:31+00:00,commerce_rank,오디세이 VTG 롱슬리브 (차콜),29cm:4225704,heart_count,3702.0,"{""brand_eng"": ""FINDOUBT"", ""brand_kor"": ""핀다웃"", ""brand_no"": 81719, ""category1"": ""여성의류"", ""category2"": ""상의"", ""category3"": ""긴소매 티셔츠"", ""category3_code"": 268103102, ""is_new"": false, ""item_no"": 4225704, ""period_sort"": ""ONE_DAY"", ""platform"": ""29cm"", ""ranking_category_code"": ""268103100"", ""ranking_category_name"": ""여성의류>상의"", ""review_avg"": 5.0, ""sale_percent"": 0, ""sale_price"": 92000, ""sold_out"": false, ""url"": ""https://product.29cm.co.kr/catalog/4225704""}",2026-10-06T01:00:30+00:00_6b919dbf
2026-10-06T10:00:30+09:00,2026-10-06T01:00:31+00:00,commerce_rank,오디세이 VTG 롱슬리브 (차콜),29cm:4225704,review_count,1.0,"{""brand_eng"": ""FINDOUBT"", ""brand_kor"": ""핀다웃"", ""brand_no"": 81719, ""category1"": ""여성의류"", ""category2"": ""상의"", ""category3"": ""긴소매 티셔츠"", ""category3_code"": 268103102, ""is_new"": false, ""item_no"": 4225704, ""period_sort"": ""ONE_DAY"", ""platform"": ""29cm"", ""ranking_category_code"": ""268103100"", ""ranking_category_name"": ""여성의류>상의"", ""review_avg"": 5.0, ""sale_percent"": 0, ""sale_price"": 92000, ""sold_out"": false, ""url"": ""https://product.29cm.co.kr/catalog/4225704""}",2026-10-06T01:00:30+00:00_6b919dbf
2026-10-06T10:00:30+09:00,2026-10-06T01:00:31+00:00,commerce_rank,오디세이 VTG 롱슬리브 (차콜),29cm:4225704@268103100,rank,15.0,"{""brand_eng"": ""FINDOUBT"", ""brand_kor"": ""핀다웃"", ""brand_no"": 81719, ""category1"": ""여성의류"", ""category2"": ""상의"", ""category3"": ""긴소매 티셔츠"", ""category3_code"": 268103102, ""is_new"": false, ""item_no"": 4225704, ""period_sort"": ""ONE_DAY"", ""platform"": ""29cm"", ""ranking_category_code"": ""268103100"", ""ranking_category_name"": ""여성의류>상의"", ""review_avg"": 5.0, ""sale_percent"": 0, ""sale_price"": 92000, ""sold_out"": false, ""url"": ""https://product.29cm.co.kr/catalog/4225704""}",2026-10-06T01:00:30+00:00_6b919dbf
2026-10-06T10:00:30+09:00,2026-10-06T01:00:32+00:00,commerce_rank,MANMADE FLEECE SNAP TEE / FOLIAGE GREEN,29cm:4237661,heart_count,17.0,"{""brand_eng"": ""HUMOROUS_ACCOUNT"", ""brand_kor"": ""휴머러스 어카운트"", ""brand_no"": 80883, ""category1"": ""남성의류"", ""category2"": ""상의"", ""category3"": ""후디"", ""category3_code"": 272103108, ""is_new"": false, ""item_no"": 4237661, ""period_sort"": ""ONE_DAY"", ""platform"": ""29cm"", ""ranking_category_code"": ""272103100"", ""ranking_category_name"": ""남성의류>상의"", ""review_avg"": 0.0, ""sale_percent"": 0, ""sale_price"": 215000, ""sold_out"": false, ""url"": ""https://product.29cm.co.kr/catalog/4237661""}",2026-10-06T01:00:30+00:00_6b919dbf
2026-10-06T10:00:30+09:00,2026-10-06T01:00:32+00:00,commerce_rank,MANMADE FLEECE SNAP TEE / FOLIAGE GREEN,29cm:4237661,review_count,0.0,"{""brand_eng"": ""HUMOROUS_ACCOUNT"", ""brand_kor"": ""휴머러스 어카운트"", ""brand_no"": 80883, ""category1"": ""남성의류"", ""category2"": ""상의"", ""category3"": ""후디"", ""category3_code"": 272103108, ""is_new"": false, ""item_no"": 4237661, ""period_sort"": ""ONE_DAY"", ""platform"": ""29cm"", ""ranking_category_code"": ""272103100"", ""ranking_category_name"": ""남성의류>상의"", ""review_avg"": 0.0, ""sale_percent"": 0, ""sale_price"": 215000, ""sold_out"": false, ""url"": ""https://product.29cm.co.kr/catalog/4237661""}",2026-10-06T01:00:30+00:00_6b919dbf
2026-10-06T10:00:30+09:00,2026-10-06T01:00:32+00:00,commerce_rank,MANMADE FLEECE SNAP TEE / FOLIAGE GREEN,29cm:4237661@272103100,rank,26.0,"{""brand_eng"": ""HUMOROUS_ACCOUNT"", ""brand_kor"": ""휴머러스 어카운트"", ""brand_no"": 80883, ""category1"": ""남성의류"", ""category2"": ""상의"", ""category3"": ""후디"", ""category3_code"": 272103108, ""is_new"": false, ""item_no"": 4237661, ""period_sort"": ""ONE_DAY"", ""platform"": ""29cm"", ""ranking_category_code"": ""272103100"", ""ranking_category_name"": ""남성의류>상의"", ""review_avg"": 0.0, ""sale_percent"": 0, ""sale_price"": 215000, ""sold_out"": false, ""url"": ""https://product.29cm.co.kr/catalog/4237661""}",2026-10-06T01:00:30+00:00_6b919dbf
2026-10-06T10:00:30+09:00,2026-10-06T01:00:32+00:00,commerce_rank,stitchball long sleeve tee (grey),29cm:4261767,heart_count,13.0,"{""brand_eng"": ""homly"", ""brand_kor"": ""홈리"", ""brand_no"": 16869, ""category1"": ""남성의류"", ""category2"": ""상의"", ""category3"": ""긴소매 티셔츠"", ""category3_code"": 272103102, ""is_new"": false, ""item_no"": 4261767, ""period_sort"": ""ONE_DAY"", ""platform"": ""29cm"", ""ranking_category_code"": ""272103100"", ""ranking_category_name"": ""남성의류>상의"", ""review_avg"": 0.0, ""sale_percent"": 10, ""sale_price"": 80100, ""sold_out"": false, ""url"": ""https://product.29cm.co.kr/catalog/4261767""}",2026-10-06T01:00:30+00:00_6b919dbf
2026-10-06T10:00:30+09:00,2026-10-06T01:00:32+00:00,commerce_rank,stitchball long sleeve tee (grey),29cm:4261767,review_count,0.0,"{""brand_eng"": ""homly"", ""brand_kor"": ""홈리"", ""brand_no"": 16869, ""category1"": ""남성의류"", ""category2"": ""상의"", ""category3"": ""긴소매 티셔츠"", ""category3_code"": 272103102, ""is_new"": false, ""item_no"": 4261767, ""period_sort"": ""ONE_DAY"", ""platform"": ""29cm"", ""ranking_category_code"": ""272103100"", ""ranking_category_name"": ""남성의류>상의"", ""review_avg"": 0.0, ""sale_percent"": 10, ""sale_price"": 80100, ""sold_out"": false, ""url"": ""https://product.29cm.co.kr/catalog/4261767""}",2026-10-06T01:00:30+00:00_6b919dbf
2026-10-06T10:00:30+09:00,2026-10-06T01:00:32+00:00,commerce_rank,stitchball long sleeve tee (grey),29cm:4261767@272103100,rank,75.0,"{""brand_eng"": ""homly"", ""brand_kor"": ""홈리"", ""brand_no"": 16869, ""category1"": ""남성의류"", ""category2"": ""상의"", ""category3"": ""긴소매 티셔츠"", ""category3_code"": 272103102, ""is_new"": false, ""item_no"": 4261767, ""period_sort"": ""ONE_DAY"", ""platform"": ""29cm"", ""ranking_category_code"": ""272103100"", ""ranking_category_name"": ""남성의류>상의"", ""review_avg"": 0.0, ""sale_percent"": 10, ""sale_price"": 80100, ""sold_out"": false, ""url"": ""https://product.29cm.co.kr/catalog/4261767""}",2026-10-06T01:00:30+00:00_6b919dbf
2026-10-06T10:00:30+09:00,2026-10-06T01:00:31+00:00,commerce_rank,"[29CM 단독, 2nd] [꼬민지 착용] BUTTON CAMI & TOP 002 (3color)",29cm:4264098,heart_count,271.0,"{""brand_eng"": ""Yuje"", ""brand_kor"": ""유제"", ""brand_no"": 9441, ""category1"": ""여성의류"", ""category2"": ""상의"", ""category3"": ""긴소매 티셔츠"", ""category3_code"": 268103102, ""is_new"": true, ""item_no"": 4264098, ""period_sort"": ""ONE_DAY"", ""platform"": ""29cm"", ""ranking_category_code"": ""268103100"", ""ranking_category_name"": ""여성의류>상의"", ""review_avg"": 0.0, ""sale_percent"": 20, ""sale_price"": 66320, ""sold_out"": false, ""url"": ""https://product.29cm.co.kr/catalog/4264098""}",2026-10-06T01:00:30+00:00_6b919dbf
2026-10-06T10:00:30+09:00,2026-10-06T01:00:31+00:00,commerce_rank,"[29CM 단독, 2nd] [꼬민지 착용] BUTTON CAMI & TOP 002 (3color)",29cm:4264098,review_count,0.0,"{""brand_eng"": ""Yuje"", ""brand_kor"": ""유제"", ""brand_no"": 9441, ""category1"": ""여성의류"", ""category2"": ""상의"", ""category3"": ""긴소매 티셔츠"", ""category3_code"": 268103102, ""is_new"": true, ""item_no"": 4264098, ""period_sort"": ""ONE_DAY"", ""platform"": ""29cm"", ""ranking_category_code"": ""268103100"", ""ranking_category_name"": ""여성의류>상의"", ""review_avg"": 0.0, ""sale_percent"": 20, ""sale_price"": 66320, ""sold_out"": false, ""url"": ""https://product.29cm.co.kr/catalog/4264098""}",2026-10-06T01:00:30+00:00_6b919dbf
2026-10-06T10:00:30+09:00,2026-10-06T01:00:31+00:00,commerce_rank,"[29CM 단독, 2nd] [꼬민지 착용] BUTTON CAMI & TOP 002 (3color)",29cm:4264098@268103100,rank,24.0,"{""brand_eng"": ""Yuje"", ""brand_kor"": ""유제"", ""brand_no"": 9441, ""category1"": ""여성의류"", ""category2"": ""상의"", ""category3"": ""긴소매 티셔츠"", ""category3_code"": 268103102, ""is_new"": true, ""item_no"": 4264098, ""period_sort"": ""ONE_DAY"", ""platform"": ""29cm"", ""ranking_category_code"": ""268103100"", ""ranking_category_name"": ""여성의류>상의"", ""review_avg"": 0.0, ""sale_percent"": 20, ""sale_price"": 66320, ""sold_out"": false, ""url"": ""https://product.29cm.co.kr/catalog/4264098""}",2026-10-06T01:00:30+00:00_6b919dbf
2026-10-06T10:00:30+09:00,2026-10-06T01:00:32+00:00,commerce_rank,Stripe Fleece L/S Tee Navy,29cm:4267848,heart_count,6.0,"{""brand_eng"": ""ESPIONAGE"", ""brand_kor"": ""에스피오나지"", ""brand_no"": 78460, ""category1"": ""남성의류"", ""category2"": ""상의"", ""category3"": ""긴소매 티셔츠"", ""category3_code"": 272103102, ""is_new"": true, ""item_no"": 4267848, ""period_sort"": ""ONE_DAY"", ""platform"": ""29cm"", ""ranking_category_code"": ""272103100"", ""ranking_category_name"": ""남성의류>상의"", ""review_avg"": 0.0, ""sale_percent"": 10, ""sale_price"": 77400, ""sold_out"": false, ""url"": ""https://product.29cm.co.kr/catalog/4267848""}",2026-10-06T01:00:30+00:00_6b919dbf
2026-10-06T10:00:30+09:00,2026-10-06T01:00:32+00:00,commerce_rank,Stripe Fleece L/S Tee Navy,29cm:4267848,review_count,0.0,"{""brand_eng"": ""ESPIONAGE"", ""brand_kor"": ""에스피오나지"", ""brand_no"": 78460, ""category1"": ""남성의류"", ""category2"": ""상의"", ""category3"": ""긴소매 티셔츠"", ""category3_code"": 272103102, ""is_new"": true, ""item_no"": 4267848, ""period_sort"": ""ONE_DAY"", ""platform"": ""29cm"", ""ranking_category_code"": ""272103100"", ""ranking_category_name"": ""남성의류>상의"", ""review_avg"": 0.0, ""sale_percent"": 10, ""sale_price"": 77400, ""sold_out"": false, ""url"": ""https://product.29cm.co.kr/catalog/4267848""}",2026-10-06T01:00:30+00:00_6b919dbf
2026-10-06T10:00:30+09:00,2026-10-06T01:00:32+00:00,commerce_rank,Stripe Fleece L/S Tee Navy,29cm:4267848@272103100,rank,89.0,"{""brand_eng"": ""ESPIONAGE"", ""brand_kor"": ""에스피오나지"", ""brand_no"": 78460, ""category1"": ""남성의류"", ""category2"": ""상의"", ""category3"": ""긴소매 티셔츠"", ""category3_code"": 272103102, ""is_new"": true, ""item_no"": 4267848, ""period_sort"": ""ONE_DAY"", ""platform"": ""29cm"", ""ranking_category_code"": ""272103100"", ""ranking_category_name"": ""남성의류>상의"", ""review_avg"": 0.0, ""sale_percent"": 10, ""sale_price"": 77400, ""sold_out"": false, ""url"": ""https://product.29cm.co.kr/catalog/4267848""}",2026-10-06T01:00:30+00:00_6b919dbf
2026-10-06T10:00:30+09:00,2026-10-06T01:00:32+00:00,commerce_rank,Oversized Sweat Shirt (8color),29cm:642847,heart_count,6937.0,"{""brand_eng"": ""rough side"", ""brand_kor"": ""러프사이드"", ""brand_no"": 3821, ""category1"": ""남성의류"", ""category2"": ""상의"", ""category3"": ""스웨트셔츠"", ""category3_code"": 272103107, ""is_new"": false, ""item_no"": 642847, ""period_sort"": ""ONE_DAY"", ""platform"": ""29cm"", ""ranking_category_code"": ""272103100"", ""ranking_category_name"": ""남성의류>상의"", ""review_avg"": 5.0, ""sale_percent"": 0, ""sale_price"": 98000, ""sold_out"": false, ""url"": ""https://product.29cm.co.kr/catalog/642847""}",2026-10-06T01:00:30+00:00_6b919dbf
2026-10-06T10:00:30+09:00,2026-10-06T01:00:32+00:00,commerce_rank,Oversized Sweat Shirt (8color),29cm:642847,review_count,839.0,"{""brand_eng"": ""rough side"", ""brand_kor"": ""러프사이드"", ""brand_no"": 3821, ""category1"": ""남성의류"", ""category2"": ""상의"", ""category3"": ""스웨트셔츠"", ""category3_code"": 272103107, ""is_new"": false, ""item_no"": 642847, ""period_sort"": ""ONE_DAY"", ""platform"": ""29cm"", ""ranking_category_code"": ""272103100"", ""ranking_category_name"": ""남성의류>상의"", ""review_avg"": 5.0, ""sale_percent"": 0, ""sale_price"": 98000, ""sold_out"": false, ""url"": ""https://product.29cm.co.kr/catalog/642847""}",2026-10-06T01:00:30+00:00_6b919dbf
2026-10-06T10:00:30+09:00,2026-10-06T01:00:32+00:00,commerce_rank,Oversized Sweat Shirt (8color),29cm:642847@272103100,rank,24.0,"{""brand_eng"": ""rough side"", ""brand_kor"": ""러프사이드"", ""brand_no"": 3821, ""category1"": ""남성의류"", ""category2"": ""상의"", ""category3"": ""스웨트셔츠"", ""category3_code"": 272103107, ""is_new"": false, ""item_no"": 642847, ""period_sort"": ""ONE_DAY"", ""platform"": ""29cm"", ""ranking_category_code"": ""272103100"", ""ranking_category_name"": ""남성의류>상의"", ""review_avg"": 5.0, ""sale_percent"": 0, ""sale_price"": 98000, ""sold_out"": false, ""url"": ""https://product.29cm.co.kr/catalog/642847""}",2026-10-06T01:00:30+00:00_6b919dbf
2026-10-06T10:00:30+09:00,2026-10-06T01:00:32+00:00,commerce_rank,20' REGULAR COLLAR SHIRT (WH),29cm:776385,heart_count,195.0,"{""brand_eng"": ""PRODE SHIRT"", ""brand_kor"": ""프로드셔츠"", ""brand_no"": 10939, ""category1"": ""남성의류"", ""category2"": ""상의"", ""category3"": ""긴소매 셔츠"", ""category3_code"": 272103106, ""is_new"": false, ""item_no"": 776385, ""period_sort"": ""ONE_DAY"", ""platform"": ""29cm"", ""ranking_category_code"": ""272103100"", ""ranking_category_name"": ""남성의류>상의"", ""review_avg"": 5.0, ""sale_percent"": 0, ""sale_price"": 138000, ""sold_out"": false, ""url"": ""https://product.29cm.co.kr/catalog/776385""}",2026-10-06T01:00:30+00:00_6b919dbf
2026-10-06T10:00:30+09:00,2026-10-06T01:00:32+00:00,commerce_rank,20' REGULAR COLLAR SHIRT (WH),29cm:776385,review_count,32.0,"{""brand_eng"": ""PRODE SHIRT"", ""brand_kor"": ""프로드셔츠"", ""brand_no"": 10939, ""category1"": ""남성의류"", ""category2"": ""상의"", ""category3"": ""긴소매 셔츠"", ""category3_code"": 272103106, ""is_new"": false, ""item_no"": 776385, ""period_sort"": ""ONE_DAY"", ""platform"": ""29cm"", ""ranking_category_code"": ""272103100"", ""ranking_category_name"": ""남성의류>상의"", ""review_avg"": 5.0, ""sale_percent"": 0, ""sale_price"": 138000, ""sold_out"": false, ""url"": ""https://product.29cm.co.kr/catalog/776385""}",2026-10-06T01:00:30+00:00_6b919dbf
2026-10-06T10:00:30+09:00,2026-10-06T01:00:32+00:00,commerce_rank,20' REGULAR COLLAR SHIRT (WH),29cm:776385@272103100,rank,97.0,"{""brand_eng"": ""PRODE SHIRT"", ""brand_kor"": ""프로드셔츠"", ""brand_no"": 10939, ""category1"": ""남성의류"", ""category2"": ""상의"", ""category3"": ""긴소매 셔츠"", ""category3_code"": 272103106, ""is_new"": false, ""item_no"": 776385, ""period_sort"": ""ONE_DAY"", ""platform"": ""29cm"", ""ranking_category_code"": ""272103100"", ""ranking_category_name"": ""남성의류>상의"", ""review_avg"": 5.0, ""sale_percent"": 0, ""sale_price"": 138000, ""sold_out"": false, ""url"": ""https://product.29cm.co.kr/catalog/776385""}",2026-10-06T01:00:30+00:00_6b919dbf
2026-10-06T10:00:30+09:00,2026-10-06T01:00:32+00:00,commerce_rank,[스페셜오더] ONE POCKET T-SHIRT new ver. (12 COLORS),29cm:993892,heart_count,11797.0,"{""brand_eng"": ""EASTLOGUE PERMANENT"", ""brand_kor"": ""이스트로그 퍼머넌트"", ""brand_no"": 9323, ""category1"": ""여성의류"", ""category2"": ""상의"", ""category3"": ""반소매 티셔츠"", ""category3_code"": 268103101, ""is_new"": false, ""item_no"": 993892, ""period_sort"": ""ONE_DAY"", ""platform"": ""29cm"", ""ranking_category_code"": ""272103100"", ""ranking_category_name"": ""남성의류>상의"", ""review_avg"": 5.0, ""sale_percent"": 19, ""sale_price"": 38760, ""sold_out"": false, ""url"": ""https://product.29cm.co.kr/catalog/993892""}",2026-10-06T01:00:30+00:00_6b919dbf
2026-10-06T10:00:30+09:00,2026-10-06T01:00:32+00:00,commerce_rank,[스페셜오더] ONE POCKET T-SHIRT new ver. (12 COLORS),29cm:993892,review_count,2398.0,"{""brand_eng"": ""EASTLOGUE PERMANENT"", ""brand_kor"": ""이스트로그 퍼머넌트"", ""brand_no"": 9323, ""category1"": ""여성의류"", ""category2"": ""상의"", ""category3"": ""반소매 티셔츠"", ""category3_code"": 268103101, ""is_new"": false, ""item_no"": 993892, ""period_sort"": ""ONE_DAY"", ""platform"": ""29cm"", ""ranking_category_code"": ""272103100"", ""ranking_category_name"": ""남성의류>상의"", ""review_avg"": 5.0, ""sale_percent"": 19, ""sale_price"": 38760, ""sold_out"": false, ""url"": ""https://product.29cm.co.kr/catalog/993892""}",2026-10-06T01:00:30+00:00_6b919dbf
2026-10-06T10:00:30+09:00,2026-10-06T01:00:32+00:00,commerce_rank,[스페셜오더] ONE POCKET T-SHIRT new ver. (12 COLORS),29cm:993892@272103100,rank,40.0,"{""brand_eng"": ""EASTLOGUE PERMANENT"", ""brand_kor"": ""이스트로그 퍼머넌트"", ""brand_no"": 9323, ""category1"": ""여성의류"", ""category2"": ""상의"", ""category3"": ""반소매 티셔츠"", ""category3_code"": 268103101, ""is_new"": false, ""item_no"": 993892, ""period_sort"": ""ONE_DAY"", ""platform"": ""29cm"", ""ranking_category_code"": ""272103100"", ""ranking_category_name"": ""남성의류>상의"", ""review_avg"": 5.0, ""sale_percent"": 19, ""sale_price"": 38760, ""sold_out"": false, ""url"": ""https://product.29cm.co.kr/catalog/993892""}",2026-10-06T01:00:30+00:00_6b919dbf
2026-10-06T22:06:52+09:00,2026-10-06T13:06:52+00:00,commerce_rank,[43th][서예지 PICK] [ESSENTIAL] ESSENTIAL ROUND TOP_10 COLOR,29cm:1403398,heart_count,19268.0,"{""brand_eng"": ""NICK&NICOLE"", ""brand_kor"": ""닉앤니콜"", ""brand_no"": 6442, ""category1"": ""여성의류"", ""category2"": ""상의"", ""category3"": ""긴소매 티셔츠"", ""category3_code"": 268103102, ""is_new"": false, ""item_no"": 1403398, ""period_sort"": ""ONE_DAY"", ""platform"": ""29cm"", ""ranking_category_code"": ""268103100"", ""ranking_category_name"": ""여성의류>상의"", ""review_avg"": 4.5, ""sale_percent"": 51, ""sale_price"": 19110, ""sold_out"": false, ""url"": ""https://product.29cm.co.kr/catalog/1403398""}",2026-10-06T13:06:52+00:00_c2f52f8d
2026-10-06T22:06:52+09:00,2026-10-06T13:06:52+00:00,commerce_rank,[43th][서예지 PICK] [ESSENTIAL] ESSENTIAL ROUND TOP_10 COLOR,29cm:1403398,review_count,2383.0,"{""brand_eng"": ""NICK&NICOLE"", ""brand_kor"": ""닉앤니콜"", ""brand_no"": 6442, ""category1"": ""여성의류"", ""category2"": ""상의"", ""category3"": ""긴소매 티셔츠"", ""category3_code"": 268103102, ""is_new"": false, ""item_no"": 1403398, ""period_sort"": ""ONE_DAY"", ""platform"": ""29cm"", ""ranking_category_code"": ""268103100"", ""ranking_category_name"": ""여성의류>상의"", ""review_avg"": 4.5, ""sale_percent"": 51, ""sale_price"": 19110, ""sold_out"": false, ""url"": ""https://product.29cm.co.kr/catalog/1403398""}",2026-10-06T13:06:52+00:00_c2f52f8d
2026-10-06T22:06:52+09:00,2026-10-06T13:06:52+00:00,commerce_rank,[43th][서예지 PICK] [ESSENTIAL] ESSENTIAL ROUND TOP_10 COLOR,29cm:1403398@268103100,rank,74.0,"{""brand_eng"": ""NICK&NICOLE"", ""brand_kor"": ""닉앤니콜"", ""brand_no"": 6442, ""category1"": ""여성의류"", ""category2"": ""상의"", ""category3"": ""긴소매 티셔츠"", ""category3_code"": 268103102, ""is_new"": false, ""item_no"": 1403398, ""period_sort"": ""ONE_DAY"", ""platform"": ""29cm"", ""ranking_category_code"": ""268103100"", ""ranking_category_name"": ""여성의류>상의"", ""review_avg"": 4.5, ""sale_percent"": 51, ""sale_price"": 19110, ""sold_out"": false, ""url"": ""https://product.29cm.co.kr/catalog/1403398""}",2026-10-06T13:06:52+00:00_c2f52f8d
2026-10-06T22:06:52+09:00,2026-10-06T13:06:53+00:00,commerce_rank,[2PACK] 수피마 코튼 티셔츠,29cm:1501688,heart_count,3778.0,"{""brand_eng"": ""COOR"", ""brand_kor"": ""쿠어"", ""brand_no"": 15326, ""category1"": ""남성의류"", ""category2"": ""상의"", ""category3"": ""반소매 티셔츠"", ""category3_code"": 272103101, ""is_new"": false, ""item_no"": 1501688, ""period_sort"": ""ONE_DAY"", ""platform"": ""29cm"", ""ranking_category_code"": ""272103100"", ""ranking_category_name"": ""남성의류>상의"", ""review_avg"": 5.0, ""sale_percent"": 45, ""sale_price"": 44900, ""sold_out"": false, ""url"": ""https://product.29cm.co.kr/catalog/1501688""}",2026-10-06T13:06:52+00:00_c2f52f8d
2026-10-06T22:06:52+09:00,2026-10-06T13:06:53+00:00,commerce_rank,[2PACK] 수피마 코튼 티셔츠,29cm:1501688,review_count,796.0,"{""brand_eng"": ""COOR"", ""brand_kor"": ""쿠어"", ""brand_no"": 15326, ""category1"": ""남성의류"", ""category2"": ""상의"", ""category3"": ""반소매 티셔츠"", ""category3_code"": 272103101, ""is_new"": false, ""item_no"": 1501688, ""period_sort"": ""ONE_DAY"", ""platform"": ""29cm"", ""ranking_category_code"": ""272103100"", ""ranking_category_name"": ""남성의류>상의"", ""review_avg"": 5.0, ""sale_percent"": 45, ""sale_price"": 44900, ""sold_out"": false, ""url"": ""https://product.29cm.co.kr/catalog/1501688""}",2026-10-06T13:06:52+00:00_c2f52f8d
2026-10-06T22:06:52+09:00,2026-10-06T13:06:53+00:00,commerce_rank,[2PACK] 수피마 코튼 티셔츠,29cm:1501688@272103100,rank,31.0,"{""brand_eng"": ""COOR"", ""brand_kor"": ""쿠어"", ""brand_no"": 15326, ""category1"": ""남성의류"", ""category2"": ""상의"", ""category3"": ""반소매 티셔츠"", ""category3_code"": 272103101, ""is_new"": false, ""item_no"": 1501688, ""period_sort"": ""ONE_DAY"", ""platform"": ""29cm"", ""ranking_category_code"": ""272103100"", ""ranking_category_name"": ""남성의류>상의"", ""review_avg"": 5.0, ""sale_percent"": 45, ""sale_price"": 44900, ""sold_out"": false, ""url"": ""https://product.29cm.co.kr/catalog/1501688""}",2026-10-06T13:06:52+00:00_c2f52f8d
2026-10-06T22:06:52+09:00,2026-10-06T13:06:53+00:00,commerce_rank,TG1-SH08 프렌치 스트라이프 셔츠 - [네이비],29cm:1678466,heart_count,6279.0,"{""brand_eng"": ""THOMAS MORE"", ""brand_kor"": ""토마스모어"", ""brand_no"": 2111, ""category1"": ""남성의류"", ""category2"": ""상의"", ""category3"": ""긴소매 셔츠"", ""category3_code"": 272103106, ""is_new"": false, ""item_no"": 1678466, ""period_sort"": ""ONE_DAY"", ""platform"": ""29cm"", ""ranking_category_code"": ""272103100"", ""ranking_category_name"": ""남성의류>상의"", ""review_avg"": 5.0, ""sale_percent"": 0, ""sale_price"": 59700, ""sold_out"": false, ""url"": ""https://product.29cm.co.kr/catalog/1678466""}",2026-10-06T13:06:52+00:00_c2f52f8d
2026-10-06T22:06:52+09:00,2026-10-06T13:06:53+00:00,commerce_rank,TG1-SH08 프렌치 스트라이프 셔츠 - [네이비],29cm:1678466,review_count,1713.0,"{""brand_eng"": ""THOMAS MORE"", ""brand_kor"": ""토마스모어"", ""brand_no"": 2111, ""category1"": ""남성의류"", ""category2"": ""상의"", ""category3"": ""긴소매 셔츠"", ""category3_code"": 272103106, ""is_new"": false, ""item_no"": 1678466, ""period_sort"": ""ONE_DAY"", ""platform"": ""29cm"", ""ranking_category_code"": ""272103100"", ""ranking_category_name"": ""남성의류>상의"", ""review_avg"": 5.0, ""sale_percent"": 0, ""sale_price"": 59700, ""sold_out"": false, ""url"": ""https://product.29cm.co.kr/catalog/1678466""}",2026-10-06T13:06:52+00:00_c2f52f8d
2026-10-06T22:06:52+09:00,2026-10-06T13:06:53+00:00,commerce_rank,TG1-SH08 프렌치 스트라이프 셔츠 - [네이비],29cm:1678466@272103100,rank,36.0,"{""brand_eng"": ""THOMAS MORE"", ""brand_kor"": ""토마스모어"", ""brand_no"": 2111, ""category1"": ""남성의류"", ""category2"": ""상의"", ""category3"": ""긴소매 셔츠"", ""category3_code"": 272103106, ""is_new"": false, ""item_no"": 1678466, ""period_sort"": ""ONE_DAY"", ""platform"": ""29cm"", ""ranking_category_code"": ""272103100"", ""ranking_category_name"": ""남성의류>상의"", ""review_avg"": 5.0, ""sale_percent"": 0, ""sale_price"": 59700, ""sold_out"": false, ""url"": ""https://product.29cm.co.kr/catalog/1678466""}",2026-10-06T13:06:52+00:00_c2f52f8d
2026-10-06T22:06:52+09:00,2026-10-06T13:06:53+00:00,commerce_rank,TG1-SH08 프렌치 스트라이프 셔츠 - [그레이 그린],29cm:1678501,heart_count,10434.0,"{""brand_eng"": ""THOMAS MORE"", ""brand_kor"": ""토마스모어"", ""brand_no"": 2111, ""category1"": ""남성의류"", ""category2"": ""상의"", ""category3"": ""긴소매 셔츠"", ""category3_code"": 272103106, ""is_new"": false, ""item_no"": 1678501, ""period_sort"": ""ONE_DAY"", ""platform"": ""29cm"", ""ranking_category_code"": ""272103100"", ""ranking_category_name"": ""남성의류>상의"", ""review_avg"": 5.0, ""sale_percent"": 0, ""sale_price"": 59700, ""sold_out"": false, ""url"": ""https://product.29cm.co.kr/catalog/1678501""}",2026-10-06T13:06:52+00:00_c2f52f8d
2026-10-06T22:06:52+09:00,2026-10-06T13:06:53+00:00,commerce_rank,TG1-SH08 프렌치 스트라이프 셔츠 - [그레이 그린],29cm:1678501,review_count,1599.0,"{""brand_eng"": ""THOMAS MORE"", ""brand_kor"": ""토마스모어"", ""brand_no"": 2111, ""category1"": ""남성의류"", ""category2"": ""상의"", ""category3"": ""긴소매 셔츠"", ""category3_code"": 272103106, ""is_new"": false, ""item_no"": 1678501, ""period_sort"": ""ONE_DAY"", ""platform"": ""29cm"", ""ranking_category_code"": ""272103100"", ""ranking_category_name"": ""남성의류>상의"", ""review_avg"": 5.0, ""sale_percent"": 0, ""sale_price"": 59700, ""sold_out"": false, ""url"": ""https://product.29cm.co.kr/catalog/1678501""}",2026-10-06T13:06:52+00:00_c2f52f8d
2026-10-06T22:06:52+09:00,2026-10-06T13:06:53+00:00,commerce_rank,TG1-SH08 프렌치 스트라이프 셔츠 - [그레이 그린],29cm:1678501@272103100,rank,47.0,"{""brand_eng"": ""THOMAS MORE"", ""brand_kor"": ""토마스모어"", ""brand_no"": 2111, ""category1"": ""남성의류"", ""category2"": ""상의"", ""category3"": ""긴소매 셔츠"", ""category3_code"": 272103106, ""is_new"": false, ""item_no"": 1678501, ""period_sort"": ""ONE_DAY"", ""platform"": ""29cm"", ""ranking_category_code"": ""272103100"", ""ranking_category_name"": ""남성의류>상의"", ""review_avg"": 5.0, ""sale_percent"": 0, ""sale_price"": 59700, ""sold_out"": false, ""url"": ""https://product.29cm.co.kr/catalog/1678501""}",2026-10-06T13:06:52+00:00_c2f52f8d
2026-10-06T22:06:52+09:00,2026-10-06T13:06:52+00:00,commerce_rank,a birthday sweatshirt (grey),29cm:1841835,heart_count,35528.0,"{""brand_eng"": ""HAAG"", ""brand_kor"": ""헤이그"", ""brand_no"": 19972, ""category1"": ""여성의류"", ""category2"": ""상의"", ""category3"": ""스웨트셔츠"", ""category3_code"": 268103104, ""is_new"": false, ""item_no"": 1841835, ""period_sort"": ""ONE_DAY"", ""platform"": ""29cm"", ""ranking_category_code"": ""268103100"", ""ranking_category_name"": ""여성의류>상의"", ""review_avg"": 5.0, ""sale_percent"": 14, ""sale_price"": 93200, ""sold_out"": false, ""url"": ""https://product.29cm.co.kr/catalog/1841835""}",2026-10-06T13:06:52+00:00_c2f52f8d
2026-10-06T22:06:52+09:00,2026-10-06T13:06:52+00:00,commerce_rank,a birthday sweatshirt (grey),29cm:1841835,review_count,2540.0,"{""brand_eng"": ""HAAG"", ""brand_kor"": ""헤이그"", ""brand_no"": 19972, ""category1"": ""여성의류"", ""category2"": ""상의"", ""category3"": ""스웨트셔츠"", ""category3_code"": 268103104, ""is_new"": false, ""item_no"": 1841835, ""period_sort"": ""ONE_DAY"", ""platform"": ""29cm"", ""ranking_category_code"": ""268103100"", ""ranking_category_name"": ""여성의류>상의"", ""review_avg"": 5.0, ""sale_percent"": 14, ""sale_price"": 93200, ""sold_out"": false, ""url"": ""https://product.29cm.co.kr/catalog/1841835""}",2026-10-06T13:06:52+00:00_c2f52f8d
2026-10-06T22:06:52+09:00,2026-10-06T13:06:52+00:00,commerce_rank,a birthday sweatshirt (grey),29cm:1841835@268103100,rank,55.0,"{""brand_eng"": ""HAAG"", ""brand_kor"": ""헤이그"", ""brand_no"": 19972, ""category1"": ""여성의류"", ""category2"": ""상의"", ""category3"": ""스웨트셔츠"", ""category3_code"": 268103104, ""is_new"": false, ""item_no"": 1841835, ""period_sort"": ""ONE_DAY"", ""platform"": ""29cm"", ""ranking_category_code"": ""268103100"", ""ranking_category_name"": ""여성의류>상의"", ""review_avg"": 5.0, ""sale_percent"": 14, ""sale_price"": 93200, ""sold_out"": false, ""url"": ""https://product.29cm.co.kr/catalog/1841835""}",2026-10-06T13:06:52+00:00_c2f52f8d
2026-10-06T22:06:52+09:00,2026-10-06T13:06:53+00:00,commerce_rank,TF5-SH07 페이퍼셔츠 (12 Color),29cm:1911054,heart_count,66314.0,"{""brand_eng"": ""THOMAS MORE"", ""brand_kor"": ""토마스모어"", ""brand_no"": 2111, ""category1"": ""남성의류"", ""category2"": ""상의"", ""category3"": ""긴소매 셔츠"", ""category3_code"": 272103106, ""is_new"": false, ""item_no"": 1911054, ""period_sort"": ""ONE_DAY"", ""platform"": ""29cm"", ""ranking_category_code"": ""272103100"", ""ranking_category_name"": ""남성의류>상의"", ""review_avg"": 5.0, ""sale_percent"": 20, ""sale_price"": 47760, ""sold_out"": false, ""url"": ""https://product.29cm.co.kr/catalog/1911054""}",2026-10-06T13:06:52+00:00_c2f52f8d
2026-10-06T22:06:52+09:00,2026-10-06T13:06:53+00:00,commerce_rank,TF5-SH07 페이퍼셔츠 (12 Color),29cm:1911054,review_count,21892.0,"{""brand_eng"": ""THOMAS MORE"", ""brand_kor"": ""토마스모어"", ""brand_no"": 2111, ""category1"": ""남성의류"", ""category2"": ""상의"", ""category3"": ""긴소매 셔츠"", ""category3_code"": 272103106, ""is_new"": false, ""item_no"": 1911054, ""period_sort"": ""ONE_DAY"", ""platform"": ""29cm"", ""ranking_category_code"": ""272103100"", ""ranking_category_name"": ""남성의류>상의"", ""review_avg"": 5.0, ""sale_percent"": 20, ""sale_price"": 47760, ""sold_out"": false, ""url"": ""https://product.29cm.co.kr/catalog/1911054""}",2026-10-06T13:06:52+00:00_c2f52f8d
2026-10-06T22:06:52+09:00,2026-10-06T13:06:53+00:00,commerce_rank,TF5-SH07 페이퍼셔츠 (12 Color),29cm:1911054@272103100,rank,32.0,"{""brand_eng"": ""THOMAS MORE"", ""brand_kor"": ""토마스모어"", ""brand_no"": 2111, ""category1"": ""남성의류"", ""category2"": ""상의"", ""category3"": ""긴소매 셔츠"", ""category3_code"": 272103106, ""is_new"": false, ""item_no"": 1911054, ""period_sort"": ""ONE_DAY"", ""platform"": ""29cm"", ""ranking_category_code"": ""272103100"", ""ranking_category_name"": ""남성의류>상의"", ""review_avg"": 5.0, ""sale_percent"": 20, ""sale_price"": 47760, ""sold_out"": false, ""url"": ""https://product.29cm.co.kr/catalog/1911054""}",2026-10-06T13:06:52+00:00_c2f52f8d
2026-10-06T22:06:52+09:00,2026-10-06T13:06:53+00:00,commerce_rank,[스페셜오더]_[레귤러] X-300 Supima Oxford Shirt (4color),29cm:2213632,heart_count,301.0,"{""brand_eng"": ""PRODE SHIRT"", ""brand_kor"": ""프로드셔츠"", ""brand_no"": 10939, ""category1"": ""남성의류"", ""category2"": ""상의"", ""category3"": ""긴소매 셔츠"", ""category3_code"": 272103106, ""is_new"": false, ""item_no"": 2213632, ""period_sort"": ""ONE_DAY"", ""platform"": ""29cm"", ""ranking_category_code"": ""272103100"", ""ranking_category_name"": ""남성의류>상의"", ""review_avg"": 5.0, ""sale_percent"": 0, ""sale_price"": 178000, ""sold_out"": false, ""url"": ""https://product.29cm.co.kr/catalog/2213632""}",2026-10-06T13:06:52+00:00_c2f52f8d
2026-10-06T22:06:52+09:00,2026-10-06T13:06:53+00:00,commerce_rank,[스페셜오더]_[레귤러] X-300 Supima Oxford Shirt (4color),29cm:2213632,review_count,31.0,"{""brand_eng"": ""PRODE SHIRT"", ""brand_kor"": ""프로드셔츠"", ""brand_no"": 10939, ""category1"": ""남성의류"", ""category2"": ""상의"", ""category3"": ""긴소매 셔츠"", ""category3_code"": 272103106, ""is_new"": false, ""item_no"": 2213632, ""period_sort"": ""ONE_DAY"", ""platform"": ""29cm"", ""ranking_category_code"": ""272103100"", ""ranking_category_name"": ""남성의류>상의"", ""review_avg"": 5.0, ""sale_percent"": 0, ""sale_price"": 178000, ""sold_out"": false, ""url"": ""https://product.29cm.co.kr/catalog/2213632""}",2026-10-06T13:06:52+00:00_c2f52f8d
2026-10-06T22:06:52+09:00,2026-10-06T13:06:53+00:00,commerce_rank,[스페셜오더]_[레귤러] X-300 Supima Oxford Shirt (4color),29cm:2213632@272103100,rank,27.0,"{""brand_eng"": ""PRODE SHIRT"", ""brand_kor"": ""프로드셔츠"", ""brand_no"": 10939, ""category1"": ""남성의류"", ""category2"": ""상의"", ""category3"": ""긴소매 셔츠"", ""category3_code"": 272103106, ""is_new"": false, ""item_no"": 2213632, ""period_sort"": ""ONE_DAY"", ""platform"": ""29cm"", ""ranking_category_code"": ""272103100"", ""ranking_category_name"": ""남성의류>상의"", ""review_avg"": 5.0, ""sale_percent"": 0, ""sale_price"": 178000, ""sold_out"": false, ""url"": ""https://product.29cm.co.kr/catalog/2213632""}",2026-10-06T13:06:52+00:00_c2f52f8d
2026-10-06T22:06:52+09:00,2026-10-06T13:06:52+00:00,commerce_rank,Warmer T-Shirts - 9Colors,29cm:2248441,heart_count,17083.0,"{""brand_eng"": ""movewarm"", ""brand_kor"": ""무브웜"", ""brand_no"": 18801, ""category1"": ""여성의류"", ""category2"": ""상의"", ""category3"": ""긴소매 티셔츠"", ""category3_code"": 268103102, ""is_new"": false, ""item_no"": 2248441, ""period_sort"": ""ONE_DAY"", ""platform"": ""29cm"", ""ranking_category_code"": ""268103100"", ""ranking_category_name"": ""여성의류>상의"", ""review_avg"": 5.0, ""sale_percent"": 0, ""sale_price"": 39000, ""sold_out"": false, ""url"": ""https://product.29cm.co.kr/catalog/2248441""}",2026-10-06T13:06:52+00:00_c2f52f8d
2026-10-06T22:06:52+09:00,2026-10-06T13:06:52+00:00,commerce_rank,Warmer T-Shirts - 9Colors,29cm:2248441,review_count,1730.0,"{""brand_eng"": ""movewarm"", ""brand_kor"": ""무브웜"", ""brand_no"": 18801, ""category1"": ""여성의류"", ""category2"": ""상의"", ""category3"": ""긴소매 티셔츠"", ""category3_code"": 268103102, ""is_new"": false, ""item_no"": 2248441, ""period_sort"": ""ONE_DAY"", ""platform"": ""29cm"", ""ranking_category_code"": ""268103100"", ""ranking_category_name"": ""여성의류>상의"", ""review_avg"": 5.0, ""sale_percent"": 0, ""sale_price"": 39000, ""sold_out"": false, ""url"": ""https://product.29cm.co.kr/catalog/2248441""}",2026-10-06T13:06:52+00:00_c2f52f8d
2026-10-06T22:06:52+09:00,2026-10-06T13:06:52+00:00,commerce_rank,Warmer T-Shirts - 9Colors,29cm:2248441@268103100,rank,91.0,"{""brand_eng"": ""movewarm"", ""brand_kor"": ""무브웜"", ""brand_no"": 18801, ""category1"": ""여성의류"", ""category2"": ""상의"", ""category3"": ""긴소매 티셔츠"", ""category3_code"": 268103102, ""is_new"": false, ""item_no"": 2248441, ""period_sort"": ""ONE_DAY"", ""platform"": ""29cm"", ""ranking_category_code"": ""268103100"", ""ranking_category_name"": ""여성의류>상의"", ""review_avg"": 5.0, ""sale_percent"": 0, ""sale_price"": 39000, ""sold_out"": false, ""url"": ""https://product.29cm.co.kr/catalog/2248441""}",2026-10-06T13:06:52+00:00_c2f52f8d
2026-10-06T22:06:52+09:00,2026-10-06T13:06:53+00:00,commerce_rank,Comfort Shirt - 12 Color,29cm:2460665,heart_count,4509.0,"{""brand_eng"": ""POTTERY"", ""brand_kor"": ""포터리"", ""brand_no"": 3453, ""category1"": ""남성의류"", ""category2"": ""상의"", ""category3"": ""긴소매 셔츠"", ""category3_code"": 272103106, ""is_new"": false, ""item_no"": 2460665, ""period_sort"": ""ONE_DAY"", ""platform"": ""29cm"", ""ranking_category_code"": ""272103100"", ""ranking_category_name"": ""남성의류>상의"", ""review_avg"": 5.0, ""sale_percent"": 19, ""sale_price"": 153090, ""sold_out"": false, ""url"": ""https://product.29cm.co.kr/catalog/2460665""}",2026-10-06T13:06:52+00:00_c2f52f8d
2026-10-06T22:06:52+09:00,2026-10-06T13:06:53+00:00,commerce_rank,Comfort Shirt - 12 Color,29cm:2460665,review_count,815.0,"{""brand_eng"": ""POTTERY"", ""brand_kor"": ""포터리"", ""brand_no"": 3453, ""category1"": ""남성의류"", ""category2"": ""상의"", ""category3"": ""긴소매 셔츠"", ""category3_code"": 272103106, ""is_new"": false, ""item_no"": 2460665, ""period_sort"": ""ONE_DAY"", ""platform"": ""29cm"", ""ranking_category_code"": ""272103100"", ""ranking_category_name"": ""남성의류>상의"", ""review_avg"": 5.0, ""sale_percent"": 19, ""sale_price"": 153090, ""sold_out"": false, ""url"": ""https://product.29cm.co.kr/catalog/2460665""}",2026-10-06T13:06:52+00:00_c2f52f8d
2026-10-06T22:06:52+09:00,2026-10-06T13:06:53+00:00,commerce_rank,Comfort Shirt - 12 Color,29cm:2460665@272103100,rank,82.0,"{""brand_eng"": ""POTTERY"", ""brand_kor"": ""포터리"", ""brand_no"": 3453, ""category1"": ""남성의류"", ""category2"": ""상의"", ""category3"": ""긴소매 셔츠"", ""category3_code"": 272103106, ""is_new"": false, ""item_no"": 2460665, ""period_sort"": ""ONE_DAY"", ""platform"": ""29cm"", ""ranking_category_code"": ""272103100"", ""ranking_category_name"": ""남성의류>상의"", ""review_avg"": 5.0, ""sale_percent"": 19, ""sale_price"": 153090, ""sold_out"": false, ""url"": ""https://product.29cm.co.kr/catalog/2460665""}",2026-10-06T13:06:52+00:00_c2f52f8d
2026-10-06T22:06:52+09:00,2026-10-06T13:06:53+00:00,commerce_rank,TG3-SH14 일리안 셔츠,29cm:2469530,heart_count,10415.0,"{""brand_eng"": ""THOMAS MORE"", ""brand_kor"": ""토마스모어"", ""brand_no"": 2111, ""category1"": ""남성의류"", ""category2"": ""상의"", ""category3"": ""긴소매 셔츠"", ""category3_code"": 272103106, ""is_new"": false, ""item_no"": 2469530, ""period_sort"": ""ONE_DAY"", ""platform"": ""29cm"", ""ranking_category_code"": ""272103100"", ""ranking_category_name"": ""남성의류>상의"", ""review_avg"": 5.0, ""sale_percent"": 0, ""sale_price"": 69500, ""sold_out"": false, ""url"": ""https://product.29cm.co.kr/catalog/2469530""}",2026-10-06T13:06:52+00:00_c2f52f8d
2026-10-06T22:06:52+09:00,2026-10-06T13:06:53+00:00,commerce_rank,TG3-SH14 일리안 셔츠,29cm:2469530,review_count,926.0,"{""brand_eng"": ""THOMAS MORE"", ""brand_kor"": ""토마스모어"", ""brand_no"": 2111, ""category1"": ""남성의류"", ""category2"": ""상의"", ""category3"": ""긴소매 셔츠"", ""category3_code"": 272103106, ""is_new"": false, ""item_no"": 2469530, ""period_sort"": ""ONE_DAY"", ""platform"": ""29cm"", ""ranking_category_code"": ""272103100"", ""ranking_category_name"": ""남성의류>상의"", ""review_avg"": 5.0, ""sale_percent"": 0, ""sale_price"": 69500, ""sold_out"": false, ""url"": ""https://product.29cm.co.kr/catalog/2469530""}",2026-10-06T13:06:52+00:00_c2f52f8d
2026-10-06T22:06:52+09:00,2026-10-06T13:06:53+00:00,commerce_rank,TG3-SH14 일리안 셔츠,29cm:2469530@272103100,rank,62.0,"{""brand_eng"": ""THOMAS MORE"", ""brand_kor"": ""토마스모어"", ""brand_no"": 2111, ""category1"": ""남성의류"", ""category2"": ""상의"", ""category3"": ""긴소매 셔츠"", ""category3_code"": 272103106, ""is_new"": false, ""item_no"": 2469530, ""period_sort"": ""ONE_DAY"", ""platform"": ""29cm"", ""ranking_category_code"": ""272103100"", ""ranking_category_name"": ""남성의류>상의"", ""review_avg"": 5.0, ""sale_percent"": 0, ""sale_price"": 69500, ""sold_out"": false, ""url"": ""https://product.29cm.co.kr/catalog/2469530""}",2026-10-06T13:06:52+00:00_c2f52f8d
2026-10-06T22:06:52+09:00,2026-10-06T13:06:52+00:00,commerce_rank,Boat-neck Color Patch Tee (Cream/Blue),29cm:2469578,heart_count,7615.0,"{""brand_eng"": ""GREENBUTTER"", ""brand_kor"": ""그린버터"", ""brand_no"": 19819, ""category1"": ""여성의류"", ""category2"": ""상의"", ""category3"": ""긴소매 티셔츠"", ""category3_code"": 268103102, ""is_new"": false, ""item_no"": 2469578, ""period_sort"": ""ONE_DAY"", ""platform"": ""29cm"", ""ranking_category_code"": ""268103100"", ""ranking_category_name"": ""여성의류>상의"", ""review_avg"": 5.0, ""sale_percent"": 30, ""sale_price"": 36400, ""sold_out"": false, ""url"": ""https://product.29cm.co.kr/catalog/2469578""}",2026-10-06T13:06:52+00:00_c2f52f8d
2026-10-06T22:06:52+09:00,2026-10-06T13:06:52+00:00,commerce_rank,Boat-neck Color Patch Tee (Cream/Blue),29cm:2469578,review_count,768.0,"{""brand_eng"": ""GREENBUTTER"", ""brand_kor"": ""그린버터"", ""brand_no"": 19819, ""category1"": ""여성의류"", ""category2"": ""상의"", ""category3"": ""긴소매 티셔츠"", ""category3_code"": 268103102, ""is_new"": false, ""item_no"": 2469578, ""period_sort"": ""ONE_DAY"", ""platform"": ""29cm"", ""ranking_category_code"": ""268103100"", ""ranking_category_name"": ""여성의류>상의"", ""review_avg"": 5.0, ""sale_percent"": 30, ""sale_price"": 36400, ""sold_out"": false, ""url"": ""https://product.29cm.co.kr/catalog/2469578""}",2026-10-06T13:06:52+00:00_c2f52f8d
2026-10-06T22:06:52+09:00,2026-10-06T13:06:52+00:00,commerce_rank,Boat-neck Color Patch Tee (Cream/Blue),29cm:2469578@268103100,rank,19.0,"{""brand_eng"": ""GREENBUTTER"", ""brand_kor"": ""그린버터"", ""brand_no"": 19819, ""category1"": ""여성의류"", ""category2"": ""상의"", ""category3"": ""긴소매 티셔츠"", ""category3_code"": 268103102, ""is_new"": false, ""item_no"": 2469578, ""period_sort"": ""ONE_DAY"", ""platform"": ""29cm"", ""ranking_category_code"": ""268103100"", ""ranking_category_name"": ""여성의류>상의"", ""review_avg"": 5.0, ""sale_percent"": 30, ""sale_price"": 36400, ""sold_out"": false, ""url"": ""https://product.29cm.co.kr/catalog/2469578""}",2026-10-06T13:06:52+00:00_c2f52f8d
2026-10-06T22:06:52+09:00,2026-10-06T13:06:53+00:00,commerce_rank,테크 2.0 1/2 집업 1328495-014,29cm:2498856,heart_count,189.0,"{""brand_eng"": ""UNDERARMOUR"", ""brand_kor"": ""언더아머"", ""brand_no"": 37578, ""category1"": ""남성의류"", ""category2"": ""상의"", ""category3"": ""집업"", ""category3_code"": 272103109, ""is_new"": false, ""item_no"": 2498856, ""period_sort"": ""ONE_DAY"", ""platform"": ""29cm"", ""ranking_category_code"": ""272103100"", ""ranking_category_name"": ""남성의류>상의"", ""review_avg"": 5.0, ""sale_percent"": 35, ""sale_price"": 35810, ""sold_out"": false, ""url"": ""https://product.29cm.co.kr/catalog/2498856""}",2026-10-06T13:06:52+00:00_c2f52f8d
2026-10-06T22:06:52+09:00,2026-10-06T13:06:53+00:00,commerce_rank,테크 2.0 1/2 집업 1328495-014,29cm:2498856,review_count,8.0,"{""brand_eng"": ""UNDERARMOUR"", ""brand_kor"": ""언더아머"", ""brand_no"": 37578, ""category1"": ""남성의류"", ""category2"": ""상의"", ""category3"": ""집업"", ""category3_code"": 272103109, ""is_new"": false, ""item_no"": 2498856, ""period_sort"": ""ONE_DAY"", ""platform"": ""29cm"", ""ranking_category_code"": ""272103100"", ""ranking_category_name"": ""남성의류>상의"", ""review_avg"": 5.0, ""sale_percent"": 35, ""sale_price"": 35810, ""sold_out"": false, ""url"": ""https://product.29cm.co.kr/catalog/2498856""}",2026-10-06T13:06:52+00:00_c2f52f8d
2026-10-06T22:06:52+09:00,2026-10-06T13:06:53+00:00,commerce_rank,테크 2.0 1/2 집업 1328495-014,29cm:2498856@272103100,rank,72.0,"{""brand_eng"": ""UNDERARMOUR"", ""brand_kor"": ""언더아머"", ""brand_no"": 37578, ""category1"": ""남성의류"", ""category2"": ""상의"", ""category3"": ""집업"", ""category3_code"": 272103109, ""is_new"": false, ""item_no"": 2498856, ""period_sort"": ""ONE_DAY"", ""platform"": ""29cm"", ""ranking_category_code"": ""272103100"", ""ranking_category_name"": ""남성의류>상의"", ""review_avg"": 5.0, ""sale_percent"": 35, ""sale_price"": 35810, ""sold_out"": false, ""url"": ""https://product.29cm.co.kr/catalog/2498856""}",2026-10-06T13:06:52+00:00_c2f52f8d
2026-10-06T22:06:52+09:00,2026-10-06T13:06:53+00:00,commerce_rank,소프트 U넥 세미 오버핏 티셔츠 [화이트],29cm:2676389,heart_count,284.0,"{""brand_eng"": ""Millo Archive"", ""brand_kor"": ""밀로 아카이브"", ""brand_no"": 9191, ""category1"": ""남성의류"", ""category2"": ""상의"", ""category3"": ""반소매 티셔츠"", ""category3_code"": 272103101, ""is_new"": false, ""item_no"": 2676389, ""period_sort"": ""ONE_DAY"", ""platform"": ""29cm"", ""ranking_category_code"": ""272103100"", ""ranking_category_name"": ""남성의류>상의"", ""review_avg"": 5.0, ""sale_percent"": 51, ""sale_price"": 11760, ""sold_out"": false, ""url"": ""https://product.29cm.co.kr/catalog/2676389""}",2026-10-06T13:06:52+00:00_c2f52f8d
2026-10-06T22:06:52+09:00,2026-10-06T13:06:53+00:00,commerce_rank,소프트 U넥 세미 오버핏 티셔츠 [화이트],29cm:2676389,review_count,41.0,"{""brand_eng"": ""Millo Archive"", ""brand_kor"": ""밀로 아카이브"", ""brand_no"": 9191, ""category1"": ""남성의류"", ""category2"": ""상의"", ""category3"": ""반소매 티셔츠"", ""category3_code"": 272103101, ""is_new"": false, ""item_no"": 2676389, ""period_sort"": ""ONE_DAY"", ""platform"": ""29cm"", ""ranking_category_code"": ""272103100"", ""ranking_category_name"": ""남성의류>상의"", ""review_avg"": 5.0, ""sale_percent"": 51, ""sale_price"": 11760, ""sold_out"": false, ""url"": ""https://product.29cm.co.kr/catalog/2676389""}",2026-10-06T13:06:52+00:00_c2f52f8d
2026-10-06T22:06:52+09:00,2026-10-06T13:06:53+00:00,commerce_rank,소프트 U넥 세미 오버핏 티셔츠 [화이트],29cm:2676389@272103100,rank,100.0,"{""brand_eng"": ""Millo Archive"", ""brand_kor"": ""밀로 아카이브"", ""brand_no"": 9191, ""category1"": ""남성의류"", ""category2"": ""상의"", ""category3"": ""반소매 티셔츠"", ""category3_code"": 272103101, ""is_new"": false, ""item_no"": 2676389, ""period_sort"": ""ONE_DAY"", ""platform"": ""29cm"", ""ranking_category_code"": ""272103100"", ""ranking_category_name"": ""남성의류>상의"", ""review_avg"": 5.0, ""sale_percent"": 51, ""sale_price"": 11760, ""sold_out"": false, ""url"": ""https://product.29cm.co.kr/catalog/2676389""}",2026-10-06T13:06:52+00:00_c2f52f8d
2026-10-06T22:06:52+09:00,2026-10-06T13:06:52+00:00,commerce_rank,빅 트위치 로고 후드 티셔츠 오트밀,29cm:2737573,heart_count,589.0,"{""brand_eng"": ""Lee"", ""brand_kor"": ""리"", ""brand_no"": 15263, ""category1"": ""남성의류"", ""category2"": ""상의"", ""category3"": ""후디"", ""category3_code"": 272103108, ""is_new"": false, ""item_no"": 2737573, ""period_sort"": ""ONE_DAY"", ""platform"": ""29cm"", ""ranking_category_code"": ""268103100"", ""ranking_category_name"": ""여성의류>상의"", ""review_avg"": 5.0, ""sale_percent"": 71, ""sale_price"": 22540, ""sold_out"": false, ""url"": ""https://product.29cm.co.kr/catalog/2737573""}",2026-10-06T13:06:52+00:00_c2f52f8d
2026-10-06T22:06:52+09:00,2026-10-06T13:06:52+00:00,commerce_rank,빅 트위치 로고 후드 티셔츠 오트밀,29cm:2737573,review_count,30.0,"{""brand_eng"": ""Lee"", ""brand_kor"": ""리"", ""brand_no"": 15263, ""category1"": ""남성의류"", ""category2"": ""상의"", ""category3"": ""후디"", ""category3_code"": 272103108, ""is_new"": false, ""item_no"": 2737573, ""period_sort"": ""ONE_DAY"", ""platform"": ""29cm"", ""ranking_category_code"": ""268103100"", ""ranking_category_name"": ""여성의류>상의"", ""review_avg"": 5.0, ""sale_percent"": 71, ""sale_price"": 22540, ""sold_out"": false, ""url"": ""https://product.29cm.co.kr/catalog/2737573""}",2026-10-06T13:06:52+00:00_c2f52f8d
2026-10-06T22:06:52+09:00,2026-10-06T13:06:52+00:00,commerce_rank,빅 트위치 로고 후드 티셔츠 오트밀,29cm:2737573@268103100,rank,61.0,"{""brand_eng"": ""Lee"", ""brand_kor"": ""리"", ""brand_no"": 15263, ""category1"": ""남성의류"", ""category2"": ""상의"", ""category3"": ""후디"", ""category3_code"": 272103108, ""is_new"": false, ""item_no"": 2737573, ""period_sort"": ""ONE_DAY"", ""platform"": ""29cm"", ""ranking_category_code"": ""268103100"", ""ranking_category_name"": ""여성의류>상의"", ""review_avg"": 5.0, ""sale_percent"": 71, ""sale_price"": 22540, ""sold_out"": false, ""url"": ""https://product.29cm.co.kr/catalog/2737573""}",2026-10-06T13:06:52+00:00_c2f52f8d
2026-10-06T22:06:52+09:00,2026-10-06T13:06:53+00:00,commerce_rank,빅 트위치 로고 후드 티셔츠 오트밀,29cm:2737573@272103100,rank,48.0,"{""brand_eng"": ""Lee"", ""brand_kor"": ""리"", ""brand_no"": 15263, ""category1"": ""남성의류"", ""category2"": ""상의"", ""category3"": ""후디"", ""category3_code"": 272103108, ""is_new"": false, ""item_no"": 2737573, ""period_sort"": ""ONE_DAY"", ""platform"": ""29cm"", ""ranking_category_code"": ""272103100"", ""ranking_category_name"": ""남성의류>상의"", ""review_avg"": 5.0, ""sale_percent"": 71, ""sale_price"": 22540, ""sold_out"": false, ""url"": ""https://product.29cm.co.kr/catalog/2737573""}",2026-10-06T13:06:52+00:00_c2f52f8d
2026-10-06T22:06:52+09:00,2026-10-06T13:06:52+00:00,commerce_rank,Essential Boat Neck Tee_4 Colors,29cm:2746755,heart_count,28898.0,"{""brand_eng"": ""ARTTO"", ""brand_kor"": ""아르토"", ""brand_no"": 57017, ""category1"": ""여성의류"", ""category2"": ""단독"", ""category3"": ""상의"", ""category3_code"": 268116101, ""is_new"": false, ""item_no"": 2746755, ""period_sort"": ""ONE_DAY"", ""platform"": ""29cm"", ""ranking_category_code"": ""268103100"", ""ranking_category_name"": ""여성의류>상의"", ""review_avg"": 5.0, ""sale_percent"": 0, ""sale_price"": 36000, ""sold_out"": false, ""url"": ""https://product.29cm.co.kr/catalog/2746755""}",2026-10-06T13:06:52+00:00_c2f52f8d
2026-10-06T22:06:52+09:00,2026-10-06T13:06:52+00:00,commerce_rank,Essential Boat Neck Tee_4 Colors,29cm:2746755,review_count,2017.0,"{""brand_eng"": ""ARTTO"", ""brand_kor"": ""아르토"", ""brand_no"": 57017, ""category1"": ""여성의류"", ""category2"": ""단독"", ""category3"": ""상의"", ""category3_code"": 268116101, ""is_new"": false, ""item_no"": 2746755, ""period_sort"": ""ONE_DAY"", ""platform"": ""29cm"", ""ranking_category_code"": ""268103100"", ""ranking_category_name"": ""여성의류>상의"", ""review_avg"": 5.0, ""sale_percent"": 0, ""sale_price"": 36000, ""sold_out"": false, ""url"": ""https://product.29cm.co.kr/catalog/2746755""}",2026-10-06T13:06:52+00:00_c2f52f8d
2026-10-06T22:06:52+09:00,2026-10-06T13:06:52+00:00,commerce_rank,Essential Boat Neck Tee_4 Colors,29cm:2746755@268103100,rank,32.0,"{""brand_eng"": ""ARTTO"", ""brand_kor"": ""아르토"", ""brand_no"": 57017, ""category1"": ""여성의류"", ""category2"": ""단독"", ""category3"": ""상의"", ""category3_code"": 268116101, ""is_new"": false, ""item_no"": 2746755, ""period_sort"": ""ONE_DAY"", ""platform"": ""29cm"", ""ranking_category_code"": ""268103100"", ""ranking_category_name"": ""여성의류>상의"", ""review_avg"": 5.0, ""sale_percent"": 0, ""sale_price"": 36000, ""sold_out"": false, ""url"": ""https://product.29cm.co.kr/catalog/2746755""}",2026-10-06T13:06:52+00:00_c2f52f8d
2026-10-06T22:06:52+09:00,2026-10-06T13:06:52+00:00,commerce_rank,[오제 PICK] 에센셜 롱 슬리브 티셔츠 MDTS063_6 Colors,29cm:2753432,heart_count,7889.0,"{""brand_eng"": ""MONGDOL"", ""brand_kor"": ""몽돌"", ""brand_no"": 10654, ""category1"": ""여성의류"", ""category2"": ""상의"", ""category3"": ""긴소매 티셔츠"", ""category3_code"": 268103102, ""is_new"": false, ""item_no"": 2753432, ""period_sort"": ""ONE_DAY"", ""platform"": ""29cm"", ""ranking_category_code"": ""268103100"", ""ranking_category_name"": ""여성의류>상의"", ""review_avg"": 4.5, ""sale_percent"": 37, ""sale_price"": 23310, ""sold_out"": false, ""url"": ""https://product.29cm.co.kr/catalog/2753432""}",2026-10-06T13:06:52+00:00_c2f52f8d
2026-10-06T22:06:52+09:00,2026-10-06T13:06:52+00:00,commerce_rank,[오제 PICK] 에센셜 롱 슬리브 티셔츠 MDTS063_6 Colors,29cm:2753432,review_count,771.0,"{""brand_eng"": ""MONGDOL"", ""brand_kor"": ""몽돌"", ""brand_no"": 10654, ""category1"": ""여성의류"", ""category2"": ""상의"", ""category3"": ""긴소매 티셔츠"", ""category3_code"": 268103102, ""is_new"": false, ""item_no"": 2753432, ""period_sort"": ""ONE_DAY"", ""platform"": ""29cm"", ""ranking_category_code"": ""268103100"", ""ranking_category_name"": ""여성의류>상의"", ""review_avg"": 4.5, ""sale_percent"": 37, ""sale_price"": 23310, ""sold_out"": false, ""url"": ""https://product.29cm.co.kr/catalog/2753432""}",2026-10-06T13:06:52+00:00_c2f52f8d
2026-10-06T22:06:52+09:00,2026-10-06T13:06:52+00:00,commerce_rank,[오제 PICK] 에센셜 롱 슬리브 티셔츠 MDTS063_6 Colors,29cm:2753432@268103100,rank,45.0,"{""brand_eng"": ""MONGDOL"", ""brand_kor"": ""몽돌"", ""brand_no"": 10654, ""category1"": ""여성의류"", ""category2"": ""상의"", ""category3"": ""긴소매 티셔츠"", ""category3_code"": 268103102, ""is_new"": false, ""item_no"": 2753432, ""period_sort"": ""ONE_DAY"", ""platform"": ""29cm"", ""ranking_category_code"": ""268103100"", ""ranking_category_name"": ""여성의류>상의"", ""review_avg"": 4.5, ""sale_percent"": 37, ""sale_price"": 23310, ""sold_out"": false, ""url"": ""https://product.29cm.co.kr/catalog/2753432""}",2026-10-06T13:06:52+00:00_c2f52f8d
2026-10-06T22:06:52+09:00,2026-10-06T13:06:53+00:00,commerce_rank,Classic Stripe Long Sleeve Blue,29cm:2759910,heart_count,4121.0,"{""brand_eng"": ""partimento"", ""brand_kor"": ""파르티멘토"", ""brand_no"": 1588, ""category1"": ""남성의류"", ""category2"": ""상의"", ""category3"": ""긴소매 티셔츠"", ""category3_code"": 272103102, ""is_new"": false, ""item_no"": 2759910, ""period_sort"": ""ONE_DAY"", ""platform"": ""29cm"", ""ranking_category_code"": ""272103100"", ""ranking_category_name"": ""남성의류>상의"", ""review_avg"": 5.0, ""sale_percent"": 48, ""sale_price"": 19600, ""sold_out"": false, ""url"": ""https://product.29cm.co.kr/catalog/2759910""}",2026-10-06T13:06:52+00:00_c2f52f8d
2026-10-06T22:06:52+09:00,2026-10-06T13:06:53+00:00,commerce_rank,Classic Stripe Long Sleeve Blue,29cm:2759910,review_count,477.0,"{""brand_eng"": ""partimento"", ""brand_kor"": ""파르티멘토"", ""brand_no"": 1588, ""category1"": ""남성의류"", ""category2"": ""상의"", ""category3"": ""긴소매 티셔츠"", ""category3_code"": 272103102, ""is_new"": false, ""item_no"": 2759910, ""period_sort"": ""ONE_DAY"", ""platform"": ""29cm"", ""ranking_category_code"": ""272103100"", ""ranking_category_name"": ""남성의류>상의"", ""review_avg"": 5.0, ""sale_percent"": 48, ""sale_price"": 19600, ""sold_out"": false, ""url"": ""https://product.29cm.co.kr/catalog/2759910""}",2026-10-06T13:06:52+00:00_c2f52f8d
2026-10-06T22:06:52+09:00,2026-10-06T13:06:53+00:00,commerce_rank,Classic Stripe Long Sleeve Blue,29cm:2759910@272103100,rank,19.0,"{""brand_eng"": ""partimento"", ""brand_kor"": ""파르티멘토"", ""brand_no"": 1588, ""category1"": ""남성의류"", ""category2"": ""상의"", ""category3"": ""긴소매 티셔츠"", ""category3_code"": 272103102, ""is_new"": false, ""item_no"": 2759910, ""period_sort"": ""ONE_DAY"", ""platform"": ""29cm"", ""ranking_category_code"": ""272103100"", ""ranking_category_name"": ""남성의류>상의"", ""review_avg"": 5.0, ""sale_percent"": 48, ""sale_price"": 19600, ""sold_out"": false, ""url"": ""https://product.29cm.co.kr/catalog/2759910""}",2026-10-06T13:06:52+00:00_c2f52f8d
2026-10-06T22:06:52+09:00,2026-10-06T13:06:53+00:00,commerce_rank,83플래그 하프 집업 스웨트셔츠(기모)(4colors) NSW6036,29cm:2779685,heart_count,2395.0,"{""brand_eng"": ""NAUTICA"", ""brand_kor"": ""노티카"", ""brand_no"": 17425, ""category1"": ""남성의류"", ""category2"": ""상의"", ""category3"": ""스웨트셔츠"", ""category3_code"": 272103107, ""is_new"": false, ""item_no"": 2779685, ""period_sort"": ""ONE_DAY"", ""platform"": ""29cm"", ""ranking_category_code"": ""272103100"", ""ranking_category_name"": ""남성의류>상의"", ""review_avg"": 5.0, ""sale_percent"": 38, ""sale_price"": 55300, ""sold_out"": false, ""url"": ""https://product.29cm.co.kr/catalog/2779685""}",2026-10-06T13:06:52+00:00_c2f52f8d
2026-10-06T22:06:52+09:00,2026-10-06T13:06:53+00:00,commerce_rank,83플래그 하프 집업 스웨트셔츠(기모)(4colors) NSW6036,29cm:2779685,review_count,193.0,"{""brand_eng"": ""NAUTICA"", ""brand_kor"": ""노티카"", ""brand_no"": 17425, ""category1"": ""남성의류"", ""category2"": ""상의"", ""category3"": ""스웨트셔츠"", ""category3_code"": 272103107, ""is_new"": false, ""item_no"": 2779685, ""period_sort"": ""ONE_DAY"", ""platform"": ""29cm"", ""ranking_category_code"": ""272103100"", ""ranking_category_name"": ""남성의류>상의"", ""review_avg"": 5.0, ""sale_percent"": 38, ""sale_price"": 55300, ""sold_out"": false, ""url"": ""https://product.29cm.co.kr/catalog/2779685""}",2026-10-06T13:06:52+00:00_c2f52f8d
2026-10-06T22:06:52+09:00,2026-10-06T13:06:53+00:00,commerce_rank,83플래그 하프 집업 스웨트셔츠(기모)(4colors) NSW6036,29cm:2779685@272103100,rank,79.0,"{""brand_eng"": ""NAUTICA"", ""brand_kor"": ""노티카"", ""brand_no"": 17425, ""category1"": ""남성의류"", ""category2"": ""상의"", ""category3"": ""스웨트셔츠"", ""category3_code"": 272103107, ""is_new"": false, ""item_no"": 2779685, ""period_sort"": ""ONE_DAY"", ""platform"": ""29cm"", ""ranking_category_code"": ""272103100"", ""ranking_category_name"": ""남성의류>상의"", ""review_avg"": 5.0, ""sale_percent"": 38, ""sale_price"": 55300, ""sold_out"": false, ""url"": ""https://product.29cm.co.kr/catalog/2779685""}",2026-10-06T13:06:52+00:00_c2f52f8d
2026-10-06T22:06:52+09:00,2026-10-06T13:06:52+00:00,commerce_rank,[28th][소진pick]Raglan sleeve t-shirt (melange gray),29cm:2792718,heart_count,5498.0,"{""brand_eng"": ""THE MITTEN"", ""brand_kor"": ""더미튼"", ""brand_no"": 25573, ""category1"": ""여성의류"", ""category2"": ""상의"", ""category3"": ""긴소매 티셔츠"", ""category3_code"": 268103102, ""is_new"": false, ""item_no"": 2792718, ""period_sort"": ""ONE_DAY"", ""platform"": ""29cm"", ""ranking_category_code"": ""268103100"", ""ranking_category_name"": ""여성의류>상의"", ""review_avg"": 5.0, ""sale_percent"": 31, ""sale_price"": 37730, ""sold_out"": false, ""url"": ""https://product.29cm.co.kr/catalog/2792718""}",2026-10-06T13:06:52+00:00_c2f52f8d
2026-10-06T22:06:52+09:00,2026-10-06T13:06:52+00:00,commerce_rank,[28th][소진pick]Raglan sleeve t-shirt (melange gray),29cm:2792718,review_count,257.0,"{""brand_eng"": ""THE MITTEN"", ""brand_kor"": ""더미튼"", ""brand_no"": 25573, ""category1"": ""여성의류"", ""category2"": ""상의"", ""category3"": ""긴소매 티셔츠"", ""category3_code"": 268103102, ""is_new"": false, ""item_no"": 2792718, ""period_sort"": ""ONE_DAY"", ""platform"": ""29cm"", ""ranking_category_code"": ""268103100"", ""ranking_category_name"": ""여성의류>상의"", ""review_avg"": 5.0, ""sale_percent"": 31, ""sale_price"": 37730, ""sold_out"": false, ""url"": ""https://product.29cm.co.kr/catalog/2792718""}",2026-10-06T13:06:52+00:00_c2f52f8d
2026-10-06T22:06:52+09:00,2026-10-06T13:06:52+00:00,commerce_rank,[28th][소진pick]Raglan sleeve t-shirt (melange gray),29cm:2792718@268103100,rank,10.0,"{""brand_eng"": ""THE MITTEN"", ""brand_kor"": ""더미튼"", ""brand_no"": 25573, ""category1"": ""여성의류"", ""category2"": ""상의"", ""category3"": ""긴소매 티셔츠"", ""category3_code"": 268103102, ""is_new"": false, ""item_no"": 2792718, ""period_sort"": ""ONE_DAY"", ""platform"": ""29cm"", ""ranking_category_code"": ""268103100"", ""ranking_category_name"": ""여성의류>상의"", ""review_avg"": 5.0, ""sale_percent"": 31, ""sale_price"": 37730, ""sold_out"": false, ""url"": ""https://product.29cm.co.kr/catalog/2792718""}",2026-10-06T13:06:52+00:00_c2f52f8d
2026-10-06T22:06:52+09:00,2026-10-06T13:06:53+00:00,commerce_rank,(FW24) Arch-Logo Hoodie Heather Grey,29cm:2792877,heart_count,532.0,"{""brand_eng"": ""thisisneverthat"", ""brand_kor"": ""디스이즈네버댓"", ""brand_no"": 70, ""category1"": ""남성의류"", ""category2"": ""상의"", ""category3"": ""후디"", ""category3_code"": 272103108, ""is_new"": false, ""item_no"": 2792877, ""period_sort"": ""ONE_DAY"", ""platform"": ""29cm"", ""ranking_category_code"": ""272103100"", ""ranking_category_name"": ""남성의류>상의"", ""review_avg"": 5.0, ""sale_percent"": 51, ""sale_price"": 46550, ""sold_out"": false, ""url"": ""https://product.29cm.co.kr/catalog/2792877""}",2026-10-06T13:06:52+00:00_c2f52f8d
2026-10-06T22:06:52+09:00,2026-10-06T13:06:53+00:00,commerce_rank,(FW24) Arch-Logo Hoodie Heather Grey,29cm:2792877,review_count,34.0,"{""brand_eng"": ""thisisneverthat"", ""brand_kor"": ""디스이즈네버댓"", ""brand_no"": 70, ""category1"": ""남성의류"", ""category2"": ""상의"", ""category3"": ""후디"", ""category3_code"": 272103108, ""is_new"": false, ""item_no"": 2792877, ""period_sort"": ""ONE_DAY"", ""platform"": ""29cm"", ""ranking_category_code"": ""272103100"", ""ranking_category_name"": ""남성의류>상의"", ""review_avg"": 5.0, ""sale_percent"": 51, ""sale_price"": 46550, ""sold_out"": false, ""url"": ""https://product.29cm.co.kr/catalog/2792877""}",2026-10-06T13:06:52+00:00_c2f52f8d
2026-10-06T22:06:52+09:00,2026-10-06T13:06:53+00:00,commerce_rank,(FW24) Arch-Logo Hoodie Heather Grey,29cm:2792877@272103100,rank,66.0,"{""brand_eng"": ""thisisneverthat"", ""brand_kor"": ""디스이즈네버댓"", ""brand_no"": 70, ""category1"": ""남성의류"", ""category2"": ""상의"", ""category3"": ""후디"", ""category3_code"": 272103108, ""is_new"": false, ""item_no"": 2792877, ""period_sort"": ""ONE_DAY"", ""platform"": ""29cm"", ""ranking_category_code"": ""272103100"", ""ranking_category_name"": ""남성의류>상의"", ""review_avg"": 5.0, ""sale_percent"": 51, ""sale_price"": 46550, ""sold_out"": false, ""url"": ""https://product.29cm.co.kr/catalog/2792877""}",2026-10-06T13:06:52+00:00_c2f52f8d
2026-10-06T22:06:52+09:00,2026-10-06T13:06:52+00:00,commerce_rank,[13차]Wool tencel round Tee (Ivory),29cm:2794388,heart_count,4875.0,"{""brand_eng"": ""NOEUD"", ""brand_kor"": ""노우드"", ""brand_no"": 22234, ""category1"": ""여성의류"", ""category2"": ""상의"", ""category3"": ""긴소매 티셔츠"", ""category3_code"": 268103102, ""is_new"": false, ""item_no"": 2794388, ""period_sort"": ""ONE_DAY"", ""platform"": ""29cm"", ""ranking_category_code"": ""268103100"", ""ranking_category_name"": ""여성의류>상의"", ""review_avg"": 5.0, ""sale_percent"": 30, ""sale_price"": 29400, ""sold_out"": false, ""url"": ""https://product.29cm.co.kr/catalog/2794388""}",2026-10-06T13:06:52+00:00_c2f52f8d
2026-10-06T22:06:52+09:00,2026-10-06T13:06:52+00:00,commerce_rank,[13차]Wool tencel round Tee (Ivory),29cm:2794388,review_count,479.0,"{""brand_eng"": ""NOEUD"", ""brand_kor"": ""노우드"", ""brand_no"": 22234, ""category1"": ""여성의류"", ""category2"": ""상의"", ""category3"": ""긴소매 티셔츠"", ""category3_code"": 268103102, ""is_new"": false, ""item_no"": 2794388, ""period_sort"": ""ONE_DAY"", ""platform"": ""29cm"", ""ranking_category_code"": ""268103100"", ""ranking_category_name"": ""여성의류>상의"", ""review_avg"": 5.0, ""sale_percent"": 30, ""sale_price"": 29400, ""sold_out"": false, ""url"": ""https://product.29cm.co.kr/catalog/2794388""}",2026-10-06T13:06:52+00:00_c2f52f8d
2026-10-06T22:06:52+09:00,2026-10-06T13:06:52+00:00,commerce_rank,[13차]Wool tencel round Tee (Ivory),29cm:2794388@268103100,rank,16.0,"{""brand_eng"": ""NOEUD"", ""brand_kor"": ""노우드"", ""brand_no"": 22234, ""category1"": ""여성의류"", ""category2"": ""상의"", ""category3"": ""긴소매 티셔츠"", ""category3_code"": 268103102, ""is_new"": false, ""item_no"": 2794388, ""period_sort"": ""ONE_DAY"", ""platform"": ""29cm"", ""ranking_category_code"": ""268103100"", ""ranking_category_name"": ""여성의류>상의"", ""review_avg"": 5.0, ""sale_percent"": 30, ""sale_price"": 29400, ""sold_out"": false, ""url"": ""https://product.29cm.co.kr/catalog/2794388""}",2026-10-06T13:06:52+00:00_c2f52f8d
2026-10-06T22:06:52+09:00,2026-10-06T13:06:53+00:00,commerce_rank,[스페셜오더] SWEAT SHIRT (5 COLOR),29cm:2816996,heart_count,1914.0,"{""brand_eng"": ""EASTLOGUE PERMANENT"", ""brand_kor"": ""이스트로그 퍼머넌트"", ""brand_no"": 9323, ""category1"": ""남성의류"", ""category2"": ""상의"", ""category3"": ""스웨트셔츠"", ""category3_code"": 272103107, ""is_new"": false, ""item_no"": 2816996, ""period_sort"": ""ONE_DAY"", ""platform"": ""29cm"", ""ranking_category_code"": ""272103100"", ""ranking_category_name"": ""남성의류>상의"", ""review_avg"": 5.0, ""sale_percent"": 24, ""sale_price"": 82620, ""sold_out"": false, ""url"": ""https://product.29cm.co.kr/catalog/2816996""}",2026-10-06T13:06:52+00:00_c2f52f8d
2026-10-06T22:06:52+09:00,2026-10-06T13:06:53+00:00,commerce_rank,[스페셜오더] SWEAT SHIRT (5 COLOR),29cm:2816996,review_count,471.0,"{""brand_eng"": ""EASTLOGUE PERMANENT"", ""brand_kor"": ""이스트로그 퍼머넌트"", ""brand_no"": 9323, ""category1"": ""남성의류"", ""category2"": ""상의"", ""category3"": ""스웨트셔츠"", ""category3_code"": 272103107, ""is_new"": false, ""item_no"": 2816996, ""period_sort"": ""ONE_DAY"", ""platform"": ""29cm"", ""ranking_category_code"": ""272103100"", ""ranking_category_name"": ""남성의류>상의"", ""review_avg"": 5.0, ""sale_percent"": 24, ""sale_price"": 82620, ""sold_out"": false, ""url"": ""https://product.29cm.co.kr/catalog/2816996""}",2026-10-06T13:06:52+00:00_c2f52f8d
2026-10-06T22:06:52+09:00,2026-10-06T13:06:53+00:00,commerce_rank,[스페셜오더] SWEAT SHIRT (5 COLOR),29cm:2816996@272103100,rank,5.0,"{""brand_eng"": ""EASTLOGUE PERMANENT"", ""brand_kor"": ""이스트로그 퍼머넌트"", ""brand_no"": 9323, ""category1"": ""남성의류"", ""category2"": ""상의"", ""category3"": ""스웨트셔츠"", ""category3_code"": 272103107, ""is_new"": false, ""item_no"": 2816996, ""period_sort"": ""ONE_DAY"", ""platform"": ""29cm"", ""ranking_category_code"": ""272103100"", ""ranking_category_name"": ""남성의류>상의"", ""review_avg"": 5.0, ""sale_percent"": 24, ""sale_price"": 82620, ""sold_out"": false, ""url"": ""https://product.29cm.co.kr/catalog/2816996""}",2026-10-06T13:06:52+00:00_c2f52f8d
2026-10-06T22:06:52+09:00,2026-10-06T13:06:52+00:00,commerce_rank,Sheer Tencel T-Shirts - 11Colors,29cm:2850695,heart_count,12386.0,"{""brand_eng"": ""movewarm"", ""brand_kor"": ""무브웜"", ""brand_no"": 18801, ""category1"": ""레저"", ""category2"": ""요가/필라테스"", ""category3"": ""상의"", ""category3_code"": 286116101, ""is_new"": false, ""item_no"": 2850695, ""period_sort"": ""ONE_DAY"", ""platform"": ""29cm"", ""ranking_category_code"": ""268103100"", ""ranking_category_name"": ""여성의류>상의"", ""review_avg"": 5.0, ""sale_percent"": 0, ""sale_price"": 49000, ""sold_out"": false, ""url"": ""https://product.29cm.co.kr/catalog/2850695""}",2026-10-06T13:06:52+00:00_c2f52f8d
2026-10-06T22:06:52+09:00,2026-10-06T13:06:52+00:00,commerce_rank,Sheer Tencel T-Shirts - 11Colors,29cm:2850695,review_count,1303.0,"{""brand_eng"": ""movewarm"", ""brand_kor"": ""무브웜"", ""brand_no"": 18801, ""category1"": ""레저"", ""category2"": ""요가/필라테스"", ""category3"": ""상의"", ""category3_code"": 286116101, ""is_new"": false, ""item_no"": 2850695, ""period_sort"": ""ONE_DAY"", ""platform"": ""29cm"", ""ranking_category_code"": ""268103100"", ""ranking_category_name"": ""여성의류>상의"", ""review_avg"": 5.0, ""sale_percent"": 0, ""sale_price"": 49000, ""sold_out"": false, ""url"": ""https://product.29cm.co.kr/catalog/2850695""}",2026-10-06T13:06:52+00:00_c2f52f8d
2026-10-06T22:06:52+09:00,2026-10-06T13:06:52+00:00,commerce_rank,Sheer Tencel T-Shirts - 11Colors,29cm:2850695@268103100,rank,96.0,"{""brand_eng"": ""movewarm"", ""brand_kor"": ""무브웜"", ""brand_no"": 18801, ""category1"": ""레저"", ""category2"": ""요가/필라테스"", ""category3"": ""상의"", ""category3_code"": 286116101, ""is_new"": false, ""item_no"": 2850695, ""period_sort"": ""ONE_DAY"", ""platform"": ""29cm"", ""ranking_category_code"": ""268103100"", ""ranking_category_name"": ""여성의류>상의"", ""review_avg"": 5.0, ""sale_percent"": 0, ""sale_price"": 49000, ""sold_out"": false, ""url"": ""https://product.29cm.co.kr/catalog/2850695""}",2026-10-06T13:06:52+00:00_c2f52f8d
2026-10-06T22:06:52+09:00,2026-10-06T13:06:53+00:00,commerce_rank,엔자임 코튼 베이직 롱슬리브 3color,29cm:2851522,heart_count,83.0,"{""brand_eng"": ""THE KNIT COMPANY"", ""brand_kor"": ""더니트컴퍼니"", ""brand_no"": 2347, ""category1"": ""남성의류"", ""category2"": ""상의"", ""category3"": ""긴소매 티셔츠"", ""category3_code"": 272103102, ""is_new"": false, ""item_no"": 2851522, ""period_sort"": ""ONE_DAY"", ""platform"": ""29cm"", ""ranking_category_code"": ""272103100"", ""ranking_category_name"": ""남성의류>상의"", ""review_avg"": 5.0, ""sale_percent"": 20, ""sale_price"": 39000, ""sold_out"": false, ""url"": ""https://product.29cm.co.kr/catalog/2851522""}",2026-10-06T13:06:52+00:00_c2f52f8d
2026-10-06T22:06:52+09:00,2026-10-06T13:06:53+00:00,commerce_rank,엔자임 코튼 베이직 롱슬리브 3color,29cm:2851522,review_count,4.0,"{""brand_eng"": ""THE KNIT COMPANY"", ""brand_kor"": ""더니트컴퍼니"", ""brand_no"": 2347, ""category1"": ""남성의류"", ""category2"": ""상의"", ""category3"": ""긴소매 티셔츠"", ""category3_code"": 272103102, ""is_new"": false, ""item_no"": 2851522, ""period_sort"": ""ONE_DAY"", ""platform"": ""29cm"", ""ranking_category_code"": ""272103100"", ""ranking_category_name"": ""남성의류>상의"", ""review_avg"": 5.0, ""sale_percent"": 20, ""sale_price"": 39000, ""sold_out"": false, ""url"": ""https://product.29cm.co.kr/catalog/2851522""}",2026-10-06T13:06:52+00:00_c2f52f8d
2026-10-06T22:06:52+09:00,2026-10-06T13:06:53+00:00,commerce_rank,엔자임 코튼 베이직 롱슬리브 3color,29cm:2851522@272103100,rank,39.0,"{""brand_eng"": ""THE KNIT COMPANY"", ""brand_kor"": ""더니트컴퍼니"", ""brand_no"": 2347, ""category1"": ""남성의류"", ""category2"": ""상의"", ""category3"": ""긴소매 티셔츠"", ""category3_code"": 272103102, ""is_new"": false, ""item_no"": 2851522, ""period_sort"": ""ONE_DAY"", ""platform"": ""29cm"", ""ranking_category_code"": ""272103100"", ""ranking_category_name"": ""남성의류>상의"", ""review_avg"": 5.0, ""sale_percent"": 20, ""sale_price"": 39000, ""sold_out"": false, ""url"": ""https://product.29cm.co.kr/catalog/2851522""}",2026-10-06T13:06:52+00:00_c2f52f8d
2026-10-06T22:06:52+09:00,2026-10-06T13:06:53+00:00,commerce_rank,Pocket Crewneck Heather Grey,29cm:2853483,heart_count,335.0,"{""brand_eng"": ""thisisneverthat"", ""brand_kor"": ""디스이즈네버댓"", ""brand_no"": 70, ""category1"": ""남성의류"", ""category2"": ""상의"", ""category3"": ""스웨트셔츠"", ""category3_code"": 272103107, ""is_new"": false, ""item_no"": 2853483, ""period_sort"": ""ONE_DAY"", ""platform"": ""29cm"", ""ranking_category_code"": ""272103100"", ""ranking_category_name"": ""남성의류>상의"", ""review_avg"": 5.0, ""sale_percent"": 65, ""sale_price"": 33250, ""sold_out"": true, ""url"": ""https://product.29cm.co.kr/catalog/2853483""}",2026-10-06T13:06:52+00:00_c2f52f8d
2026-10-06T22:06:52+09:00,2026-10-06T13:06:53+00:00,commerce_rank,Pocket Crewneck Heather Grey,29cm:2853483,review_count,20.0,"{""brand_eng"": ""thisisneverthat"", ""brand_kor"": ""디스이즈네버댓"", ""brand_no"": 70, ""category1"": ""남성의류"", ""category2"": ""상의"", ""category3"": ""스웨트셔츠"", ""category3_code"": 272103107, ""is_new"": false, ""item_no"": 2853483, ""period_sort"": ""ONE_DAY"", ""platform"": ""29cm"", ""ranking_category_code"": ""272103100"", ""ranking_category_name"": ""남성의류>상의"", ""review_avg"": 5.0, ""sale_percent"": 65, ""sale_price"": 33250, ""sold_out"": true, ""url"": ""https://product.29cm.co.kr/catalog/2853483""}",2026-10-06T13:06:52+00:00_c2f52f8d
2026-10-06T22:06:52+09:00,2026-10-06T13:06:53+00:00,commerce_rank,Pocket Crewneck Heather Grey,29cm:2853483@272103100,rank,20.0,"{""brand_eng"": ""thisisneverthat"", ""brand_kor"": ""디스이즈네버댓"", ""brand_no"": 70, ""category1"": ""남성의류"", ""category2"": ""상의"", ""category3"": ""스웨트셔츠"", ""category3_code"": 272103107, ""is_new"": false, ""item_no"": 2853483, ""period_sort"": ""ONE_DAY"", ""platform"": ""29cm"", ""ranking_category_code"": ""272103100"", ""ranking_category_name"": ""남성의류>상의"", ""review_avg"": 5.0, ""sale_percent"": 65, ""sale_price"": 33250, ""sold_out"": true, ""url"": ""https://product.29cm.co.kr/catalog/2853483""}",2026-10-06T13:06:52+00:00_c2f52f8d
2026-10-06T22:06:52+09:00,2026-10-06T13:06:52+00:00,commerce_rank,a haag half zip-up (grey),29cm:2883822,heart_count,14992.0,"{""brand_eng"": ""HAAG"", ""brand_kor"": ""헤이그"", ""brand_no"": 19972, ""category1"": ""여성의류"", ""category2"": ""상의"", ""category3"": ""스웨트셔츠"", ""category3_code"": 268103104, ""is_new"": false, ""item_no"": 2883822, ""period_sort"": ""ONE_DAY"", ""platform"": ""29cm"", ""ranking_category_code"": ""268103100"", ""ranking_category_name"": ""여성의류>상의"", ""review_avg"": 5.0, ""sale_percent"": 0, ""sale_price"": 124000, ""sold_out"": false, ""url"": ""https://product.29cm.co.kr/catalog/2883822""}",2026-10-06T13:06:52+00:00_c2f52f8d
2026-10-06T22:06:52+09:00,2026-10-06T13:06:52+00:00,commerce_rank,a haag half zip-up (grey),29cm:2883822,review_count,835.0,"{""brand_eng"": ""HAAG"", ""brand_kor"": ""헤이그"", ""brand_no"": 19972, ""category1"": ""여성의류"", ""category2"": ""상의"", ""category3"": ""스웨트셔츠"", ""category3_code"": 268103104, ""is_new"": false, ""item_no"": 2883822, ""period_sort"": ""ONE_DAY"", ""platform"": ""29cm"", ""ranking_category_code"": ""268103100"", ""ranking_category_name"": ""여성의류>상의"", ""review_avg"": 5.0, ""sale_percent"": 0, ""sale_price"": 124000, ""sold_out"": false, ""url"": ""https://product.29cm.co.kr/catalog/2883822""}",2026-10-06T13:06:52+00:00_c2f52f8d
2026-10-06T22:06:52+09:00,2026-10-06T13:06:52+00:00,commerce_rank,a haag half zip-up (grey),29cm:2883822@268103100,rank,76.0,"{""brand_eng"": ""HAAG"", ""brand_kor"": ""헤이그"", ""brand_no"": 19972, ""category1"": ""여성의류"", ""category2"": ""상의"", ""category3"": ""스웨트셔츠"", ""category3_code"": 268103104, ""is_new"": false, ""item_no"": 2883822, ""period_sort"": ""ONE_DAY"", ""platform"": ""29cm"", ""ranking_category_code"": ""268103100"", ""ranking_category_name"": ""여성의류>상의"", ""review_avg"": 5.0, ""sale_percent"": 0, ""sale_price"": 124000, ""sold_out"": false, ""url"": ""https://product.29cm.co.kr/catalog/2883822""}",2026-10-06T13:06:52+00:00_c2f52f8d
2026-10-06T22:06:52+09:00,2026-10-06T13:06:53+00:00,commerce_rank,빈티지 오버 듀플린 체크 셔츠 (차콜),29cm:3011442,heart_count,1503.0,"{""brand_eng"": ""TAKEASY"", ""brand_kor"": ""테이크이지"", ""brand_no"": 4549, ""category1"": ""남성의류"", ""category2"": ""상의"", ""category3"": ""긴소매 셔츠"", ""category3_code"": 272103106, ""is_new"": false, ""item_no"": 3011442, ""period_sort"": ""ONE_DAY"", ""platform"": ""29cm"", ""ranking_category_code"": ""272103100"", ""ranking_category_name"": ""남성의류>상의"", ""review_avg"": 4.5, ""sale_percent"": 31, ""sale_price"": 33900, ""sold_out"": false, ""url"": ""https://product.29cm.co.kr/catalog/3011442""}",2026-10-06T13:06:52+00:00_c2f52f8d
2026-10-06T22:06:52+09:00,2026-10-06T13:06:53+00:00,commerce_rank,빈티지 오버 듀플린 체크 셔츠 (차콜),29cm:3011442,review_count,25.0,"{""brand_eng"": ""TAKEASY"", ""brand_kor"": ""테이크이지"", ""brand_no"": 4549, ""category1"": ""남성의류"", ""category2"": ""상의"", ""category3"": ""긴소매 셔츠"", ""category3_code"": 272103106, ""is_new"": false, ""item_no"": 3011442, ""period_sort"": ""ONE_DAY"", ""platform"": ""29cm"", ""ranking_category_code"": ""272103100"", ""ranking_category_name"": ""남성의류>상의"", ""review_avg"": 4.5, ""sale_percent"": 31, ""sale_price"": 33900, ""sold_out"": false, ""url"": ""https://product.29cm.co.kr/catalog/3011442""}",2026-10-06T13:06:52+00:00_c2f52f8d
2026-10-06T22:06:52+09:00,2026-10-06T13:06:53+00:00,commerce_rank,빈티지 오버 듀플린 체크 셔츠 (차콜),29cm:3011442@272103100,rank,94.0,"{""brand_eng"": ""TAKEASY"", ""brand_kor"": ""테이크이지"", ""brand_no"": 4549, ""category1"": ""남성의류"", ""category2"": ""상의"", ""category3"": ""긴소매 셔츠"", ""category3_code"": 272103106, ""is_new"": false, ""item_no"": 3011442, ""period_sort"": ""ONE_DAY"", ""platform"": ""29cm"", ""ranking_category_code"": ""272103100"", ""ranking_category_name"": ""남성의류>상의"", ""review_avg"": 4.5, ""sale_percent"": 31, ""sale_price"": 33900, ""sold_out"": false, ""url"": ""https://product.29cm.co.kr/catalog/3011442""}",2026-10-06T13:06:52+00:00_c2f52f8d
2026-10-06T22:06:52+09:00,2026-10-06T13:06:52+00:00,commerce_rank,[29CM 단독/컬러추가] SIKN2136 클래식 스트라이프 카라 니트_Navy,29cm:3033257,heart_count,22933.0,"{""brand_eng"": ""Siyazu"", ""brand_kor"": ""시야쥬"", ""brand_no"": 10005, ""category1"": ""여성의류"", ""category2"": ""상의"", ""category3"": ""피케/카라 티셔츠"", ""category3_code"": 268103109, ""is_new"": false, ""item_no"": 3033257, ""period_sort"": ""ONE_DAY"", ""platform"": ""29cm"", ""ranking_category_code"": ""268103100"", ""ranking_category_name"": ""여성의류>상의"", ""review_avg"": 5.0, ""sale_percent"": 32, ""sale_price"": 65870, ""sold_out"": false, ""url"": ""https://product.29cm.co.kr/catalog/3033257""}",2026-10-06T13:06:52+00:00_c2f52f8d
2026-10-06T22:06:52+09:00,2026-10-06T13:06:52+00:00,commerce_rank,[29CM 단독/컬러추가] SIKN2136 클래식 스트라이프 카라 니트_Navy,29cm:3033257,review_count,537.0,"{""brand_eng"": ""Siyazu"", ""brand_kor"": ""시야쥬"", ""brand_no"": 10005, ""category1"": ""여성의류"", ""category2"": ""상의"", ""category3"": ""피케/카라 티셔츠"", ""category3_code"": 268103109, ""is_new"": false, ""item_no"": 3033257, ""period_sort"": ""ONE_DAY"", ""platform"": ""29cm"", ""ranking_category_code"": ""268103100"", ""ranking_category_name"": ""여성의류>상의"", ""review_avg"": 5.0, ""sale_percent"": 32, ""sale_price"": 65870, ""sold_out"": false, ""url"": ""https://product.29cm.co.kr/catalog/3033257""}",2026-10-06T13:06:52+00:00_c2f52f8d
2026-10-06T22:06:52+09:00,2026-10-06T13:06:52+00:00,commerce_rank,[29CM 단독/컬러추가] SIKN2136 클래식 스트라이프 카라 니트_Navy,29cm:3033257@268103100,rank,2.0,"{""brand_eng"": ""Siyazu"", ""brand_kor"": ""시야쥬"", ""brand_no"": 10005, ""category1"": ""여성의류"", ""category2"": ""상의"", ""category3"": ""피케/카라 티셔츠"", ""category3_code"": 268103109, ""is_new"": false, ""item_no"": 3033257, ""period_sort"": ""ONE_DAY"", ""platform"": ""29cm"", ""ranking_category_code"": ""268103100"", ""ranking_category_name"": ""여성의류>상의"", ""review_avg"": 5.0, ""sale_percent"": 32, ""sale_price"": 65870, ""sold_out"": false, ""url"": ""https://product.29cm.co.kr/catalog/3033257""}",2026-10-06T13:06:52+00:00_c2f52f8d
2026-10-06T22:06:52+09:00,2026-10-06T13:06:53+00:00,commerce_rank,All Weather T-Shirt (8color),29cm:3041689,heart_count,1474.0,"{""brand_eng"": ""rough side"", ""brand_kor"": ""러프사이드"", ""brand_no"": 3821, ""category1"": ""남성의류"", ""category2"": ""상의"", ""category3"": ""반소매 티셔츠"", ""category3_code"": 272103101, ""is_new"": false, ""item_no"": 3041689, ""period_sort"": ""ONE_DAY"", ""platform"": ""29cm"", ""ranking_category_code"": ""272103100"", ""ranking_category_name"": ""남성의류>상의"", ""review_avg"": 5.0, ""sale_percent"": 0, ""sale_price"": 39000, ""sold_out"": false, ""url"": ""https://product.29cm.co.kr/catalog/3041689""}",2026-10-06T13:06:52+00:00_c2f52f8d
2026-10-06T22:06:52+09:00,2026-10-06T13:06:53+00:00,commerce_rank,All Weather T-Shirt (8color),29cm:3041689,review_count,61.0,"{""brand_eng"": ""rough side"", ""brand_kor"": ""러프사이드"", ""brand_no"": 3821, ""category1"": ""남성의류"", ""category2"": ""상의"", ""category3"": ""반소매 티셔츠"", ""category3_code"": 272103101, ""is_new"": false, ""item_no"": 3041689, ""period_sort"": ""ONE_DAY"", ""platform"": ""29cm"", ""ranking_category_code"": ""272103100"", ""ranking_category_name"": ""남성의류>상의"", ""review_avg"": 5.0, ""sale_percent"": 0, ""sale_price"": 39000, ""sold_out"": false, ""url"": ""https://product.29cm.co.kr/catalog/3041689""}",2026-10-06T13:06:52+00:00_c2f52f8d
2026-10-06T22:06:52+09:00,2026-10-06T13:06:53+00:00,commerce_rank,All Weather T-Shirt (8color),29cm:3041689@272103100,rank,56.0,"{""brand_eng"": ""rough side"", ""brand_kor"": ""러프사이드"", ""brand_no"": 3821, ""category1"": ""남성의류"", ""category2"": ""상의"", ""category3"": ""반소매 티셔츠"", ""category3_code"": 272103101, ""is_new"": false, ""item_no"": 3041689, ""period_sort"": ""ONE_DAY"", ""platform"": ""29cm"", ""ranking_category_code"": ""272103100"", ""ranking_category_name"": ""남성의류>상의"", ""review_avg"": 5.0, ""sale_percent"": 0, ""sale_price"": 39000, ""sold_out"": false, ""url"": ""https://product.29cm.co.kr/catalog/3041689""}",2026-10-06T13:06:52+00:00_c2f52f8d
2026-10-06T22:06:52+09:00,2026-10-06T13:06:53+00:00,commerce_rank,T-Logo LT Crewneck Navy,29cm:3044844,heart_count,402.0,"{""brand_eng"": ""thisisneverthat"", ""brand_kor"": ""디스이즈네버댓"", ""brand_no"": 70, ""category1"": ""남성의류"", ""category2"": ""상의"", ""category3"": ""스웨트셔츠"", ""category3_code"": 272103107, ""is_new"": false, ""item_no"": 3044844, ""period_sort"": ""ONE_DAY"", ""platform"": ""29cm"", ""ranking_category_code"": ""272103100"", ""ranking_category_name"": ""남성의류>상의"", ""review_avg"": 5.0, ""sale_percent"": 51, ""sale_price"": 46550, ""sold_out"": false, ""url"": ""https://product.29cm.co.kr/catalog/3044844""}",2026-10-06T13:06:52+00:00_c2f52f8d
2026-10-06T22:06:52+09:00,2026-10-06T13:06:53+00:00,commerce_rank,T-Logo LT Crewneck Navy,29cm:3044844,review_count,13.0,"{""brand_eng"": ""thisisneverthat"", ""brand_kor"": ""디스이즈네버댓"", ""brand_no"": 70, ""category1"": ""남성의류"", ""category2"": ""상의"", ""category3"": ""스웨트셔츠"", ""category3_code"": 272103107, ""is_new"": false, ""item_no"": 3044844, ""period_sort"": ""ONE_DAY"", ""platform"": ""29cm"", ""ranking_category_code"": ""272103100"", ""ranking_category_name"": ""남성의류>상의"", ""review_avg"": 5.0, ""sale_percent"": 51, ""sale_price"": 46550, ""sold_out"": false, ""url"": ""https://product.29cm.co.kr/catalog/3044844""}",2026-10-06T13:06:52+00:00_c2f52f8d
2026-10-06T22:06:52+09:00,2026-10-06T13:06:53+00:00,commerce_rank,T-Logo LT Crewneck Navy,29cm:3044844@272103100,rank,49.0,"{""brand_eng"": ""thisisneverthat"", ""brand_kor"": ""디스이즈네버댓"", ""brand_no"": 70, ""category1"": ""남성의류"", ""category2"": ""상의"", ""category3"": ""스웨트셔츠"", ""category3_code"": 272103107, ""is_new"": false, ""item_no"": 3044844, ""period_sort"": ""ONE_DAY"", ""platform"": ""29cm"", ""ranking_category_code"": ""272103100"", ""ranking_category_name"": ""남성의류>상의"", ""review_avg"": 5.0, ""sale_percent"": 51, ""sale_price"": 46550, ""sold_out"": false, ""url"": ""https://product.29cm.co.kr/catalog/3044844""}",2026-10-06T13:06:52+00:00_c2f52f8d
2026-10-06T22:06:52+09:00,2026-10-06T13:06:53+00:00,commerce_rank,Quarter Button Hoodie Off Black,29cm:3044852,heart_count,166.0,"{""brand_eng"": ""thisisneverthat"", ""brand_kor"": ""디스이즈네버댓"", ""brand_no"": 70, ""category1"": ""남성의류"", ""category2"": ""상의"", ""category3"": ""후디"", ""category3_code"": 272103108, ""is_new"": false, ""item_no"": 3044852, ""period_sort"": ""ONE_DAY"", ""platform"": ""29cm"", ""ranking_category_code"": ""272103100"", ""ranking_category_name"": ""남성의류>상의"", ""review_avg"": 5.0, ""sale_percent"": 65, ""sale_price"": 38150, ""sold_out"": false, ""url"": ""https://product.29cm.co.kr/catalog/3044852""}",2026-10-06T13:06:52+00:00_c2f52f8d
2026-10-06T22:06:52+09:00,2026-10-06T13:06:53+00:00,commerce_rank,Quarter Button Hoodie Off Black,29cm:3044852,review_count,4.0,"{""brand_eng"": ""thisisneverthat"", ""brand_kor"": ""디스이즈네버댓"", ""brand_no"": 70, ""category1"": ""남성의류"", ""category2"": ""상의"", ""category3"": ""후디"", ""category3_code"": 272103108, ""is_new"": false, ""item_no"": 3044852, ""period_sort"": ""ONE_DAY"", ""platform"": ""29cm"", ""ranking_category_code"": ""272103100"", ""ranking_category_name"": ""남성의류>상의"", ""review_avg"": 5.0, ""sale_percent"": 65, ""sale_price"": 38150, ""sold_out"": false, ""url"": ""https://product.29cm.co.kr/catalog/3044852""}",2026-10-06T13:06:52+00:00_c2f52f8d
2026-10-06T22:06:52+09:00,2026-10-06T13:06:53+00:00,commerce_rank,Quarter Button Hoodie Off Black,29cm:3044852@272103100,rank,93.0,"{""brand_eng"": ""thisisneverthat"", ""brand_kor"": ""디스이즈네버댓"", ""brand_no"": 70, ""category1"": ""남성의류"", ""category2"": ""상의"", ""category3"": ""후디"", ""category3_code"": 272103108, ""is_new"": false, ""item_no"": 3044852, ""period_sort"": ""ONE_DAY"", ""platform"": ""29cm"", ""ranking_category_code"": ""272103100"", ""ranking_category_name"": ""남성의류>상의"", ""review_avg"": 5.0, ""sale_percent"": 65, ""sale_price"": 38150, ""sold_out"": false, ""url"": ""https://product.29cm.co.kr/catalog/3044852""}",2026-10-06T13:06:52+00:00_c2f52f8d
2026-10-06T22:06:52+09:00,2026-10-06T13:06:53+00:00,commerce_rank,Trucker Plaid Shirt Grass,29cm:3055062,heart_count,443.0,"{""brand_eng"": ""Khakis"", ""brand_kor"": ""카키스"", ""brand_no"": 16064, ""category1"": ""남성의류"", ""category2"": ""상의"", ""category3"": ""긴소매 셔츠"", ""category3_code"": 272103106, ""is_new"": false, ""item_no"": 3055062, ""period_sort"": ""ONE_DAY"", ""platform"": ""29cm"", ""ranking_category_code"": ""272103100"", ""ranking_category_name"": ""남성의류>상의"", ""review_avg"": 5.0, ""sale_percent"": 42, ""sale_price"": 139090, ""sold_out"": false, ""url"": ""https://product.29cm.co.kr/catalog/3055062""}",2026-10-06T13:06:52+00:00_c2f52f8d
2026-10-06T22:06:52+09:00,2026-10-06T13:06:53+00:00,commerce_rank,Trucker Plaid Shirt Grass,29cm:3055062,review_count,13.0,"{""brand_eng"": ""Khakis"", ""brand_kor"": ""카키스"", ""brand_no"": 16064, ""category1"": ""남성의류"", ""category2"": ""상의"", ""category3"": ""긴소매 셔츠"", ""category3_code"": 272103106, ""is_new"": false, ""item_no"": 3055062, ""period_sort"": ""ONE_DAY"", ""platform"": ""29cm"", ""ranking_category_code"": ""272103100"", ""ranking_category_name"": ""남성의류>상의"", ""review_avg"": 5.0, ""sale_percent"": 42, ""sale_price"": 139090, ""sold_out"": false, ""url"": ""https://product.29cm.co.kr/catalog/3055062""}",2026-10-06T13:06:52+00:00_c2f52f8d
2026-10-06T22:06:52+09:00,2026-10-06T13:06:53+00:00,commerce_rank,Trucker Plaid Shirt Grass,29cm:3055062@272103100,rank,41.0,"{""brand_eng"": ""Khakis"", ""brand_kor"": ""카키스"", ""brand_no"": 16064, ""category1"": ""남성의류"", ""category2"": ""상의"", ""category3"": ""긴소매 셔츠"", ""category3_code"": 272103106, ""is_new"": false, ""item_no"": 3055062, ""period_sort"": ""ONE_DAY"", ""platform"": ""29cm"", ""ranking_category_code"": ""272103100"", ""ranking_category_name"": ""남성의류>상의"", ""review_avg"": 5.0, ""sale_percent"": 42, ""sale_price"": 139090, ""sold_out"": false, ""url"": ""https://product.29cm.co.kr/catalog/3055062""}",2026-10-06T13:06:52+00:00_c2f52f8d
2026-10-06T22:06:52+09:00,2026-10-06T13:06:53+00:00,commerce_rank,POLARTEC Alpha Direct 60 Hoodie Green,29cm:3064263,heart_count,1150.0,"{""brand_eng"": ""thisisneverthat"", ""brand_kor"": ""디스이즈네버댓"", ""brand_no"": 70, ""category1"": ""남성의류"", ""category2"": ""상의"", ""category3"": ""후디"", ""category3_code"": 272103108, ""is_new"": false, ""item_no"": 3064263, ""period_sort"": ""ONE_DAY"", ""platform"": ""29cm"", ""ranking_category_code"": ""272103100"", ""ranking_category_name"": ""남성의류>상의"", ""review_avg"": 4.5, ""sale_percent"": 65, ""sale_price"": 55650, ""sold_out"": false, ""url"": ""https://product.29cm.co.kr/catalog/3064263""}",2026-10-06T13:06:52+00:00_c2f52f8d
2026-10-06T22:06:52+09:00,2026-10-06T13:06:53+00:00,commerce_rank,POLARTEC Alpha Direct 60 Hoodie Green,29cm:3064263,review_count,26.0,"{""brand_eng"": ""thisisneverthat"", ""brand_kor"": ""디스이즈네버댓"", ""brand_no"": 70, ""category1"": ""남성의류"", ""category2"": ""상의"", ""category3"": ""후디"", ""category3_code"": 272103108, ""is_new"": false, ""item_no"": 3064263, ""period_sort"": ""ONE_DAY"", ""platform"": ""29cm"", ""ranking_category_code"": ""272103100"", ""ranking_category_name"": ""남성의류>상의"", ""review_avg"": 4.5, ""sale_percent"": 65, ""sale_price"": 55650, ""sold_out"": false, ""url"": ""https://product.29cm.co.kr/catalog/3064263""}",2026-10-06T13:06:52+00:00_c2f52f8d
2026-10-06T22:06:52+09:00,2026-10-06T13:06:53+00:00,commerce_rank,POLARTEC Alpha Direct 60 Hoodie Green,29cm:3064263@272103100,rank,7.0,"{""brand_eng"": ""thisisneverthat"", ""brand_kor"": ""디스이즈네버댓"", ""brand_no"": 70, ""category1"": ""남성의류"", ""category2"": ""상의"", ""category3"": ""후디"", ""category3_code"": 272103108, ""is_new"": false, ""item_no"": 3064263, ""period_sort"": ""ONE_DAY"", ""platform"": ""29cm"", ""ranking_category_code"": ""272103100"", ""ranking_category_name"": ""남성의류>상의"", ""review_avg"": 4.5, ""sale_percent"": 65, ""sale_price"": 55650, ""sold_out"": false, ""url"": ""https://product.29cm.co.kr/catalog/3064263""}",2026-10-06T13:06:52+00:00_c2f52f8d
2026-10-06T22:06:52+09:00,2026-10-06T13:06:53+00:00,commerce_rank,Flannel Check Shirt Blue,29cm:3064267,heart_count,853.0,"{""brand_eng"": ""thisisneverthat"", ""brand_kor"": ""디스이즈네버댓"", ""brand_no"": 70, ""category1"": ""남성의류"", ""category2"": ""상의"", ""category3"": ""긴소매 셔츠"", ""category3_code"": 272103106, ""is_new"": false, ""item_no"": 3064267, ""period_sort"": ""ONE_DAY"", ""platform"": ""29cm"", ""ranking_category_code"": ""272103100"", ""ranking_category_name"": ""남성의류>상의"", ""review_avg"": 5.0, ""sale_percent"": 65, ""sale_price"": 48650, ""sold_out"": true, ""url"": ""https://product.29cm.co.kr/catalog/3064267""}",2026-10-06T13:06:52+00:00_c2f52f8d
2026-10-06T22:06:52+09:00,2026-10-06T13:06:53+00:00,commerce_rank,Flannel Check Shirt Blue,29cm:3064267,review_count,35.0,"{""brand_eng"": ""thisisneverthat"", ""brand_kor"": ""디스이즈네버댓"", ""brand_no"": 70, ""category1"": ""남성의류"", ""category2"": ""상의"", ""category3"": ""긴소매 셔츠"", ""category3_code"": 272103106, ""is_new"": false, ""item_no"": 3064267, ""period_sort"": ""ONE_DAY"", ""platform"": ""29cm"", ""ranking_category_code"": ""272103100"", ""ranking_category_name"": ""남성의류>상의"", ""review_avg"": 5.0, ""sale_percent"": 65, ""sale_price"": 48650, ""sold_out"": true, ""url"": ""https://product.29cm.co.kr/catalog/3064267""}",2026-10-06T13:06:52+00:00_c2f52f8d
2026-10-06T22:06:52+09:00,2026-10-06T13:06:53+00:00,commerce_rank,Flannel Check Shirt Blue,29cm:3064267@272103100,rank,9.0,"{""brand_eng"": ""thisisneverthat"", ""brand_kor"": ""디스이즈네버댓"", ""brand_no"": 70, ""category1"": ""남성의류"", ""category2"": ""상의"", ""category3"": ""긴소매 셔츠"", ""category3_code"": 272103106, ""is_new"": false, ""item_no"": 3064267, ""period_sort"": ""ONE_DAY"", ""platform"": ""29cm"", ""ranking_category_code"": ""272103100"", ""ranking_category_name"": ""남성의류>상의"", ""review_avg"": 5.0, ""sale_percent"": 65, ""sale_price"": 48650, ""sold_out"": true, ""url"": ""https://product.29cm.co.kr/catalog/3064267""}",2026-10-06T13:06:52+00:00_c2f52f8d
2026-10-06T22:06:52+09:00,2026-10-06T13:06:52+00:00,commerce_rank,[11차] Draped tie blouse_brown,29cm:3079603,heart_count,45874.0,"{""brand_eng"": ""AARAN"", ""brand_kor"": ""어랜"", ""brand_no"": 25864, ""category1"": ""여성의류"", ""category2"": ""단독"", ""category3"": ""상의"", ""category3_code"": 268116101, ""is_new"": false, ""item_no"": 3079603, ""period_sort"": ""ONE_DAY"", ""platform"": ""29cm"", ""ranking_category_code"": ""268103100"", ""ranking_category_name"": ""여성의류>상의"", ""review_avg"": 4.5, ""sale_percent"": 0, ""sale_price"": 152000, ""sold_out"": false, ""url"": ""https://product.29cm.co.kr/catalog/3079603""}",2026-10-06T13:06:52+00:00_c2f52f8d
2026-10-06T22:06:52+09:00,2026-10-06T13:06:52+00:00,commerce_rank,[11차] Draped tie blouse_brown,29cm:3079603,review_count,655.0,"{""brand_eng"": ""AARAN"", ""brand_kor"": ""어랜"", ""brand_no"": 25864, ""category1"": ""여성의류"", ""category2"": ""단독"", ""category3"": ""상의"", ""category3_code"": 268116101, ""is_new"": false, ""item_no"": 3079603, ""period_sort"": ""ONE_DAY"", ""platform"": ""29cm"", ""ranking_category_code"": ""268103100"", ""ranking_category_name"": ""여성의류>상의"", ""review_avg"": 4.5, ""sale_percent"": 0, ""sale_price"": 152000, ""sold_out"": false, ""url"": ""https://product.29cm.co.kr/catalog/3079603""}",2026-10-06T13:06:52+00:00_c2f52f8d
2026-10-06T22:06:52+09:00,2026-10-06T13:06:52+00:00,commerce_rank,[11차] Draped tie blouse_brown,29cm:3079603@268103100,rank,15.0,"{""brand_eng"": ""AARAN"", ""brand_kor"": ""어랜"", ""brand_no"": 25864, ""category1"": ""여성의류"", ""category2"": ""단독"", ""category3"": ""상의"", ""category3_code"": 268116101, ""is_new"": false, ""item_no"": 3079603, ""period_sort"": ""ONE_DAY"", ""platform"": ""29cm"", ""ranking_category_code"": ""268103100"", ""ranking_category_name"": ""여성의류>상의"", ""review_avg"": 4.5, ""sale_percent"": 0, ""sale_price"": 152000, ""sold_out"": false, ""url"": ""https://product.29cm.co.kr/catalog/3079603""}",2026-10-06T13:06:52+00:00_c2f52f8d
2026-10-06T22:06:52+09:00,2026-10-06T13:06:53+00:00,commerce_rank,Circulation Tee Heather Grey,29cm:3155305,heart_count,418.0,"{""brand_eng"": ""thisisneverthat"", ""brand_kor"": ""디스이즈네버댓"", ""brand_no"": 70, ""category1"": ""여성의류"", ""category2"": ""상의"", ""category3"": ""반소매 티셔츠"", ""category3_code"": 268103101, ""is_new"": false, ""item_no"": 3155305, ""period_sort"": ""ONE_DAY"", ""platform"": ""29cm"", ""ranking_category_code"": ""272103100"", ""ranking_category_name"": ""남성의류>상의"", ""review_avg"": 5.0, ""sale_percent"": 65, ""sale_price"": 19250, ""sold_out"": false, ""url"": ""https://product.29cm.co.kr/catalog/3155305""}",2026-10-06T13:06:52+00:00_c2f52f8d
2026-10-06T22:06:52+09:00,2026-10-06T13:06:53+00:00,commerce_rank,Circulation Tee Heather Grey,29cm:3155305,review_count,16.0,"{""brand_eng"": ""thisisneverthat"", ""brand_kor"": ""디스이즈네버댓"", ""brand_no"": 70, ""category1"": ""여성의류"", ""category2"": ""상의"", ""category3"": ""반소매 티셔츠"", ""category3_code"": 268103101, ""is_new"": false, ""item_no"": 3155305, ""period_sort"": ""ONE_DAY"", ""platform"": ""29cm"", ""ranking_category_code"": ""272103100"", ""ranking_category_name"": ""남성의류>상의"", ""review_avg"": 5.0, ""sale_percent"": 65, ""sale_price"": 19250, ""sold_out"": false, ""url"": ""https://product.29cm.co.kr/catalog/3155305""}",2026-10-06T13:06:52+00:00_c2f52f8d
2026-10-06T22:06:52+09:00,2026-10-06T13:06:53+00:00,commerce_rank,Circulation Tee Heather Grey,29cm:3155305@272103100,rank,80.0,"{""brand_eng"": ""thisisneverthat"", ""brand_kor"": ""디스이즈네버댓"", ""brand_no"": 70, ""category1"": ""여성의류"", ""category2"": ""상의"", ""category3"": ""반소매 티셔츠"", ""category3_code"": 268103101, ""is_new"": false, ""item_no"": 3155305, ""period_sort"": ""ONE_DAY"", ""platform"": ""29cm"", ""ranking_category_code"": ""272103100"", ""ranking_category_name"": ""남성의류>상의"", ""review_avg"": 5.0, ""sale_percent"": 65, ""sale_price"": 19250, ""sold_out"": false, ""url"": ""https://product.29cm.co.kr/catalog/3155305""}",2026-10-06T13:06:52+00:00_c2f52f8d
2026-10-06T22:06:52+09:00,2026-10-06T13:06:53+00:00,commerce_rank,"Essential Long Sleeve, White",29cm:3178132,heart_count,262.0,"{""brand_eng"": ""BROWNYARD"", ""brand_kor"": ""브라운야드"", ""brand_no"": 2211, ""category1"": ""남성의류"", ""category2"": ""상의"", ""category3"": ""긴소매 티셔츠"", ""category3_code"": 272103102, ""is_new"": false, ""item_no"": 3178132, ""period_sort"": ""ONE_DAY"", ""platform"": ""29cm"", ""ranking_category_code"": ""272103100"", ""ranking_category_name"": ""남성의류>상의"", ""review_avg"": 5.0, ""sale_percent"": 0, ""sale_price"": 58000, ""sold_out"": false, ""url"": ""https://product.29cm.co.kr/catalog/3178132""}",2026-10-06T13:06:52+00:00_c2f52f8d
2026-10-06T22:06:52+09:00,2026-10-06T13:06:53+00:00,commerce_rank,"Essential Long Sleeve, White",29cm:3178132,review_count,24.0,"{""brand_eng"": ""BROWNYARD"", ""brand_kor"": ""브라운야드"", ""brand_no"": 2211, ""category1"": ""남성의류"", ""category2"": ""상의"", ""category3"": ""긴소매 티셔츠"", ""category3_code"": 272103102, ""is_new"": false, ""item_no"": 3178132, ""period_sort"": ""ONE_DAY"", ""platform"": ""29cm"", ""ranking_category_code"": ""272103100"", ""ranking_category_name"": ""남성의류>상의"", ""review_avg"": 5.0, ""sale_percent"": 0, ""sale_price"": 58000, ""sold_out"": false, ""url"": ""https://product.29cm.co.kr/catalog/3178132""}",2026-10-06T13:06:52+00:00_c2f52f8d
2026-10-06T22:06:52+09:00,2026-10-06T13:06:53+00:00,commerce_rank,"Essential Long Sleeve, White",29cm:3178132@272103100,rank,75.0,"{""brand_eng"": ""BROWNYARD"", ""brand_kor"": ""브라운야드"", ""brand_no"": 2211, ""category1"": ""남성의류"", ""category2"": ""상의"", ""category3"": ""긴소매 티셔츠"", ""category3_code"": 272103102, ""is_new"": false, ""item_no"": 3178132, ""period_sort"": ""ONE_DAY"", ""platform"": ""29cm"", ""ranking_category_code"": ""272103100"", ""ranking_category_name"": ""남성의류>상의"", ""review_avg"": 5.0, ""sale_percent"": 0, ""sale_price"": 58000, ""sold_out"": false, ""url"": ""https://product.29cm.co.kr/catalog/3178132""}",2026-10-06T13:06:52+00:00_c2f52f8d
2026-10-06T22:06:52+09:00,2026-10-06T13:06:53+00:00,commerce_rank,Tompkins Loopwheeled Tubular Tee 4 Color,29cm:3354267,heart_count,5306.0,"{""brand_eng"": ""BRONSON"", ""brand_kor"": ""브론슨"", ""brand_no"": 89408, ""category1"": ""여성의류"", ""category2"": ""상의"", ""category3"": ""반소매 티셔츠"", ""category3_code"": 268103101, ""is_new"": false, ""item_no"": 3354267, ""period_sort"": ""ONE_DAY"", ""platform"": ""29cm"", ""ranking_category_code"": ""272103100"", ""ranking_category_name"": ""남성의류>상의"", ""review_avg"": 5.0, ""sale_percent"": 10, ""sale_price"": 40500, ""sold_out"": false, ""url"": ""https://product.29cm.co.kr/catalog/3354267""}",2026-10-06T13:06:52+00:00_c2f52f8d
2026-10-06T22:06:52+09:00,2026-10-06T13:06:53+00:00,commerce_rank,Tompkins Loopwheeled Tubular Tee 4 Color,29cm:3354267,review_count,855.0,"{""brand_eng"": ""BRONSON"", ""brand_kor"": ""브론슨"", ""brand_no"": 89408, ""category1"": ""여성의류"", ""category2"": ""상의"", ""category3"": ""반소매 티셔츠"", ""category3_code"": 268103101, ""is_new"": false, ""item_no"": 3354267, ""period_sort"": ""ONE_DAY"", ""platform"": ""29cm"", ""ranking_category_code"": ""272103100"", ""ranking_category_name"": ""남성의류>상의"", ""review_avg"": 5.0, ""sale_percent"": 10, ""sale_price"": 40500, ""sold_out"": false, ""url"": ""https://product.29cm.co.kr/catalog/3354267""}",2026-10-06T13:06:52+00:00_c2f52f8d
2026-10-06T22:06:52+09:00,2026-10-06T13:06:53+00:00,commerce_rank,Tompkins Loopwheeled Tubular Tee 4 Color,29cm:3354267@272103100,rank,2.0,"{""brand_eng"": ""BRONSON"", ""brand_kor"": ""브론슨"", ""brand_no"": 89408, ""category1"": ""여성의류"", ""category2"": ""상의"", ""category3"": ""반소매 티셔츠"", ""category3_code"": 268103101, ""is_new"": false, ""item_no"": 3354267, ""period_sort"": ""ONE_DAY"", ""platform"": ""29cm"", ""ranking_category_code"": ""272103100"", ""ranking_category_name"": ""남성의류>상의"", ""review_avg"": 5.0, ""sale_percent"": 10, ""sale_price"": 40500, ""sold_out"": false, ""url"": ""https://product.29cm.co.kr/catalog/3354267""}",2026-10-06T13:06:52+00:00_c2f52f8d
2026-10-06T22:06:52+09:00,2026-10-06T13:06:53+00:00,commerce_rank,Vintage Long Sleeve Henley Shirt Black,29cm:3354340,heart_count,2323.0,"{""brand_eng"": ""BRONSON"", ""brand_kor"": ""브론슨"", ""brand_no"": 89408, ""category1"": ""여성의류"", ""category2"": ""상의"", ""category3"": ""긴소매 티셔츠"", ""category3_code"": 268103102, ""is_new"": false, ""item_no"": 3354340, ""period_sort"": ""ONE_DAY"", ""platform"": ""29cm"", ""ranking_category_code"": ""272103100"", ""ranking_category_name"": ""남성의류>상의"", ""review_avg"": 5.0, ""sale_percent"": 10, ""sale_price"": 55800, ""sold_out"": false, ""url"": ""https://product.29cm.co.kr/catalog/3354340""}",2026-10-06T13:06:52+00:00_c2f52f8d
2026-10-06T22:06:52+09:00,2026-10-06T13:06:53+00:00,commerce_rank,Vintage Long Sleeve Henley Shirt Black,29cm:3354340,review_count,249.0,"{""brand_eng"": ""BRONSON"", ""brand_kor"": ""브론슨"", ""brand_no"": 89408, ""category1"": ""여성의류"", ""category2"": ""상의"", ""category3"": ""긴소매 티셔츠"", ""category3_code"": 268103102, ""is_new"": false, ""item_no"": 3354340, ""period_sort"": ""ONE_DAY"", ""platform"": ""29cm"", ""ranking_category_code"": ""272103100"", ""ranking_category_name"": ""남성의류>상의"", ""review_avg"": 5.0, ""sale_percent"": 10, ""sale_price"": 55800, ""sold_out"": false, ""url"": ""https://product.29cm.co.kr/catalog/3354340""}",2026-10-06T13:06:52+00:00_c2f52f8d
2026-10-06T22:06:52+09:00,2026-10-06T13:06:53+00:00,commerce_rank,Vintage Long Sleeve Henley Shirt Black,29cm:3354340@272103100,rank,4.0,"{""brand_eng"": ""BRONSON"", ""brand_kor"": ""브론슨"", ""brand_no"": 89408, ""category1"": ""여성의류"", ""category2"": ""상의"", ""category3"": ""긴소매 티셔츠"", ""category3_code"": 268103102, ""is_new"": false, ""item_no"": 3354340, ""period_sort"": ""ONE_DAY"", ""platform"": ""29cm"", ""ranking_category_code"": ""272103100"", ""ranking_category_name"": ""남성의류>상의"", ""review_avg"": 5.0, ""sale_percent"": 10, ""sale_price"": 55800, ""sold_out"": false, ""url"": ""https://product.29cm.co.kr/catalog/3354340""}",2026-10-06T13:06:52+00:00_c2f52f8d
2026-10-06T22:06:52+09:00,2026-10-06T13:06:53+00:00,commerce_rank,Vintage Long Sleeve Henley Shirt Navy,29cm:3354342,heart_count,728.0,"{""brand_eng"": ""BRONSON"", ""brand_kor"": ""브론슨"", ""brand_no"": 89408, ""category1"": ""여성의류"", ""category2"": ""상의"", ""category3"": ""긴소매 티셔츠"", ""category3_code"": 268103102, ""is_new"": false, ""item_no"": 3354342, ""period_sort"": ""ONE_DAY"", ""platform"": ""29cm"", ""ranking_category_code"": ""272103100"", ""ranking_category_name"": ""남성의류>상의"", ""review_avg"": 5.0, ""sale_percent"": 10, ""sale_price"": 55800, ""sold_out"": false, ""url"": ""https://product.29cm.co.kr/catalog/3354342""}",2026-10-06T13:06:52+00:00_c2f52f8d
2026-10-06T22:06:52+09:00,2026-10-06T13:06:53+00:00,commerce_rank,Vintage Long Sleeve Henley Shirt Navy,29cm:3354342,review_count,120.0,"{""brand_eng"": ""BRONSON"", ""brand_kor"": ""브론슨"", ""brand_no"": 89408, ""category1"": ""여성의류"", ""category2"": ""상의"", ""category3"": ""긴소매 티셔츠"", ""category3_code"": 268103102, ""is_new"": false, ""item_no"": 3354342, ""period_sort"": ""ONE_DAY"", ""platform"": ""29cm"", ""ranking_category_code"": ""272103100"", ""ranking_category_name"": ""남성의류>상의"", ""review_avg"": 5.0, ""sale_percent"": 10, ""sale_price"": 55800, ""sold_out"": false, ""url"": ""https://product.29cm.co.kr/catalog/3354342""}",2026-10-06T13:06:52+00:00_c2f52f8d
2026-10-06T22:06:52+09:00,2026-10-06T13:06:53+00:00,commerce_rank,Vintage Long Sleeve Henley Shirt Navy,29cm:3354342@272103100,rank,95.0,"{""brand_eng"": ""BRONSON"", ""brand_kor"": ""브론슨"", ""brand_no"": 89408, ""category1"": ""여성의류"", ""category2"": ""상의"", ""category3"": ""긴소매 티셔츠"", ""category3_code"": 268103102, ""is_new"": false, ""item_no"": 3354342, ""period_sort"": ""ONE_DAY"", ""platform"": ""29cm"", ""ranking_category_code"": ""272103100"", ""ranking_category_name"": ""남성의류>상의"", ""review_avg"": 5.0, ""sale_percent"": 10, ""sale_price"": 55800, ""sold_out"": false, ""url"": ""https://product.29cm.co.kr/catalog/3354342""}",2026-10-06T13:06:52+00:00_c2f52f8d
2026-10-06T22:06:52+09:00,2026-10-06T13:06:53+00:00,commerce_rank,Vintage Long Sleeve Henley Shirt White,29cm:3354346,heart_count,502.0,"{""brand_eng"": ""BRONSON"", ""brand_kor"": ""브론슨"", ""brand_no"": 89408, ""category1"": ""여성의류"", ""category2"": ""상의"", ""category3"": ""긴소매 티셔츠"", ""category3_code"": 268103102, ""is_new"": false, ""item_no"": 3354346, ""period_sort"": ""ONE_DAY"", ""platform"": ""29cm"", ""ranking_category_code"": ""272103100"", ""ranking_category_name"": ""남성의류>상의"", ""review_avg"": 5.0, ""sale_percent"": 10, ""sale_price"": 55800, ""sold_out"": false, ""url"": ""https://product.29cm.co.kr/catalog/3354346""}",2026-10-06T13:06:52+00:00_c2f52f8d
2026-10-06T22:06:52+09:00,2026-10-06T13:06:53+00:00,commerce_rank,Vintage Long Sleeve Henley Shirt White,29cm:3354346,review_count,150.0,"{""brand_eng"": ""BRONSON"", ""brand_kor"": ""브론슨"", ""brand_no"": 89408, ""category1"": ""여성의류"", ""category2"": ""상의"", ""category3"": ""긴소매 티셔츠"", ""category3_code"": 268103102, ""is_new"": false, ""item_no"": 3354346, ""period_sort"": ""ONE_DAY"", ""platform"": ""29cm"", ""ranking_category_code"": ""272103100"", ""ranking_category_name"": ""남성의류>상의"", ""review_avg"": 5.0, ""sale_percent"": 10, ""sale_price"": 55800, ""sold_out"": false, ""url"": ""https://product.29cm.co.kr/catalog/3354346""}",2026-10-06T13:06:52+00:00_c2f52f8d
2026-10-06T22:06:52+09:00,2026-10-06T13:06:53+00:00,commerce_rank,Vintage Long Sleeve Henley Shirt White,29cm:3354346@272103100,rank,51.0,"{""brand_eng"": ""BRONSON"", ""brand_kor"": ""브론슨"", ""brand_no"": 89408, ""category1"": ""여성의류"", ""category2"": ""상의"", ""category3"": ""긴소매 티셔츠"", ""category3_code"": 268103102, ""is_new"": false, ""item_no"": 3354346, ""period_sort"": ""ONE_DAY"", ""platform"": ""29cm"", ""ranking_category_code"": ""272103100"", ""ranking_category_name"": ""남성의류>상의"", ""review_avg"": 5.0, ""sale_percent"": 10, ""sale_price"": 55800, ""sold_out"": false, ""url"": ""https://product.29cm.co.kr/catalog/3354346""}",2026-10-06T13:06:52+00:00_c2f52f8d
2026-10-06T22:06:52+09:00,2026-10-06T13:06:53+00:00,commerce_rank,Blue Chambray Work Shirt KR Ver. Light Indigo,29cm:3354494,heart_count,1301.0,"{""brand_eng"": ""BRONSON"", ""brand_kor"": ""브론슨"", ""brand_no"": 89408, ""category1"": ""남성의류"", ""category2"": ""상의"", ""category3"": ""긴소매 셔츠"", ""category3_code"": 272103106, ""is_new"": false, ""item_no"": 3354494, ""period_sort"": ""ONE_DAY"", ""platform"": ""29cm"", ""ranking_category_code"": ""272103100"", ""ranking_category_name"": ""남성의류>상의"", ""review_avg"": 5.0, ""sale_percent"": 10, ""sale_price"": 66600, ""sold_out"": false, ""url"": ""https://product.29cm.co.kr/catalog/3354494""}",2026-10-06T13:06:52+00:00_c2f52f8d
2026-10-06T22:06:52+09:00,2026-10-06T13:06:53+00:00,commerce_rank,Blue Chambray Work Shirt KR Ver. Light Indigo,29cm:3354494,review_count,132.0,"{""brand_eng"": ""BRONSON"", ""brand_kor"": ""브론슨"", ""brand_no"": 89408, ""category1"": ""남성의류"", ""category2"": ""상의"", ""category3"": ""긴소매 셔츠"", ""category3_code"": 272103106, ""is_new"": false, ""item_no"": 3354494, ""period_sort"": ""ONE_DAY"", ""platform"": ""29cm"", ""ranking_category_code"": ""272103100"", ""ranking_category_name"": ""남성의류>상의"", ""review_avg"": 5.0, ""sale_percent"": 10, ""sale_price"": 66600, ""sold_out"": false, ""url"": ""https://product.29cm.co.kr/catalog/3354494""}",2026-10-06T13:06:52+00:00_c2f52f8d
2026-10-06T22:06:52+09:00,2026-10-06T13:06:53+00:00,commerce_rank,Blue Chambray Work Shirt KR Ver. Light Indigo,29cm:3354494@272103100,rank,55.0,"{""brand_eng"": ""BRONSON"", ""brand_kor"": ""브론슨"", ""brand_no"": 89408, ""category1"": ""남성의류"", ""category2"": ""상의"", ""category3"": ""긴소매 셔츠"", ""category3_code"": 272103106, ""is_new"": false, ""item_no"": 3354494, ""period_sort"": ""ONE_DAY"", ""platform"": ""29cm"", ""ranking_category_code"": ""272103100"", ""ranking_category_name"": ""남성의류>상의"", ""review_avg"": 5.0, ""sale_percent"": 10, ""sale_price"": 66600, ""sold_out"": false, ""url"": ""https://product.29cm.co.kr/catalog/3354494""}",2026-10-06T13:06:52+00:00_c2f52f8d
2026-10-06T22:06:52+09:00,2026-10-06T13:06:53+00:00,commerce_rank,9oz USA Cotton Tubular Tee Black,29cm:3355100,heart_count,534.0,"{""brand_eng"": ""BRONSON"", ""brand_kor"": ""브론슨"", ""brand_no"": 89408, ""category1"": ""여성의류"", ""category2"": ""상의"", ""category3"": ""반소매 티셔츠"", ""category3_code"": 268103101, ""is_new"": false, ""item_no"": 3355100, ""period_sort"": ""ONE_DAY"", ""platform"": ""29cm"", ""ranking_category_code"": ""272103100"", ""ranking_category_name"": ""남성의류>상의"", ""review_avg"": 5.0, ""sale_percent"": 28, ""sale_price"": 25200, ""sold_out"": false, ""url"": ""https://product.29cm.co.kr/catalog/3355100""}",2026-10-06T13:06:52+00:00_c2f52f8d
2026-10-06T22:06:52+09:00,2026-10-06T13:06:53+00:00,commerce_rank,9oz USA Cotton Tubular Tee Black,29cm:3355100,review_count,107.0,"{""brand_eng"": ""BRONSON"", ""brand_kor"": ""브론슨"", ""brand_no"": 89408, ""category1"": ""여성의류"", ""category2"": ""상의"", ""category3"": ""반소매 티셔츠"", ""category3_code"": 268103101, ""is_new"": false, ""item_no"": 3355100, ""period_sort"": ""ONE_DAY"", ""platform"": ""29cm"", ""ranking_category_code"": ""272103100"", ""ranking_category_name"": ""남성의류>상의"", ""review_avg"": 5.0, ""sale_percent"": 28, ""sale_price"": 25200, ""sold_out"": false, ""url"": ""https://product.29cm.co.kr/catalog/3355100""}",2026-10-06T13:06:52+00:00_c2f52f8d
2026-10-06T22:06:52+09:00,2026-10-06T13:06:53+00:00,commerce_rank,9oz USA Cotton Tubular Tee Black,29cm:3355100@272103100,rank,11.0,"{""brand_eng"": ""BRONSON"", ""brand_kor"": ""브론슨"", ""brand_no"": 89408, ""category1"": ""여성의류"", ""category2"": ""상의"", ""category3"": ""반소매 티셔츠"", ""category3_code"": 268103101, ""is_new"": false, ""item_no"": 3355100, ""period_sort"": ""ONE_DAY"", ""platform"": ""29cm"", ""ranking_category_code"": ""272103100"", ""ranking_category_name"": ""남성의류>상의"", ""review_avg"": 5.0, ""sale_percent"": 28, ""sale_price"": 25200, ""sold_out"": false, ""url"": ""https://product.29cm.co.kr/catalog/3355100""}",2026-10-06T13:06:52+00:00_c2f52f8d
2026-10-06T22:06:52+09:00,2026-10-06T13:06:53+00:00,commerce_rank,9oz USA Cotton Tubular Tee White,29cm:3355216,heart_count,1329.0,"{""brand_eng"": ""BRONSON"", ""brand_kor"": ""브론슨"", ""brand_no"": 89408, ""category1"": ""여성의류"", ""category2"": ""상의"", ""category3"": ""반소매 티셔츠"", ""category3_code"": 268103101, ""is_new"": false, ""item_no"": 3355216, ""period_sort"": ""ONE_DAY"", ""platform"": ""29cm"", ""ranking_category_code"": ""272103100"", ""ranking_category_name"": ""남성의류>상의"", ""review_avg"": 5.0, ""sale_percent"": 28, ""sale_price"": 25200, ""sold_out"": false, ""url"": ""https://product.29cm.co.kr/catalog/3355216""}",2026-10-06T13:06:52+00:00_c2f52f8d
2026-10-06T22:06:52+09:00,2026-10-06T13:06:53+00:00,commerce_rank,9oz USA Cotton Tubular Tee White,29cm:3355216,review_count,223.0,"{""brand_eng"": ""BRONSON"", ""brand_kor"": ""브론슨"", ""brand_no"": 89408, ""category1"": ""여성의류"", ""category2"": ""상의"", ""category3"": ""반소매 티셔츠"", ""category3_code"": 268103101, ""is_new"": false, ""item_no"": 3355216, ""period_sort"": ""ONE_DAY"", ""platform"": ""29cm"", ""ranking_category_code"": ""272103100"", ""ranking_category_name"": ""남성의류>상의"", ""review_avg"": 5.0, ""sale_percent"": 28, ""sale_price"": 25200, ""sold_out"": false, ""url"": ""https://product.29cm.co.kr/catalog/3355216""}",2026-10-06T13:06:52+00:00_c2f52f8d
2026-10-06T22:06:52+09:00,2026-10-06T13:06:53+00:00,commerce_rank,9oz USA Cotton Tubular Tee White,29cm:3355216@272103100,rank,1.0,"{""brand_eng"": ""BRONSON"", ""brand_kor"": ""브론슨"", ""brand_no"": 89408, ""category1"": ""여성의류"", ""category2"": ""상의"", ""category3"": ""반소매 티셔츠"", ""category3_code"": 268103101, ""is_new"": false, ""item_no"": 3355216, ""period_sort"": ""ONE_DAY"", ""platform"": ""29cm"", ""ranking_category_code"": ""272103100"", ""ranking_category_name"": ""남성의류>상의"", ""review_avg"": 5.0, ""sale_percent"": 28, ""sale_price"": 25200, ""sold_out"": false, ""url"": ""https://product.29cm.co.kr/catalog/3355216""}",2026-10-06T13:06:52+00:00_c2f52f8d
2026-10-06T22:06:52+09:00,2026-10-06T13:06:52+00:00,commerce_rank,G CLASSIC LONG SLEEVE_3 Colors,29cm:3364509,heart_count,7493.0,"{""brand_eng"": ""GLOWNY"", ""brand_kor"": ""글로니"", ""brand_no"": 16723, ""category1"": ""여성의류"", ""category2"": ""상의"", ""category3"": ""긴소매 티셔츠"", ""category3_code"": 268103102, ""is_new"": false, ""item_no"": 3364509, ""period_sort"": ""ONE_DAY"", ""platform"": ""29cm"", ""ranking_category_code"": ""268103100"", ""ranking_category_name"": ""여성의류>상의"", ""review_avg"": 5.0, ""sale_percent"": 0, ""sale_price"": 50000, ""sold_out"": false, ""url"": ""https://product.29cm.co.kr/catalog/3364509""}",2026-10-06T13:06:52+00:00_c2f52f8d
2026-10-06T22:06:52+09:00,2026-10-06T13:06:52+00:00,commerce_rank,G CLASSIC LONG SLEEVE_3 Colors,29cm:3364509,review_count,368.0,"{""brand_eng"": ""GLOWNY"", ""brand_kor"": ""글로니"", ""brand_no"": 16723, ""category1"": ""여성의류"", ""category2"": ""상의"", ""category3"": ""긴소매 티셔츠"", ""category3_code"": 268103102, ""is_new"": false, ""item_no"": 3364509, ""period_sort"": ""ONE_DAY"", ""platform"": ""29cm"", ""ranking_category_code"": ""268103100"", ""ranking_category_name"": ""여성의류>상의"", ""review_avg"": 5.0, ""sale_percent"": 0, ""sale_price"": 50000, ""sold_out"": false, ""url"": ""https://product.29cm.co.kr/catalog/3364509""}",2026-10-06T13:06:52+00:00_c2f52f8d
2026-10-06T22:06:52+09:00,2026-10-06T13:06:52+00:00,commerce_rank,G CLASSIC LONG SLEEVE_3 Colors,29cm:3364509@268103100,rank,83.0,"{""brand_eng"": ""GLOWNY"", ""brand_kor"": ""글로니"", ""brand_no"": 16723, ""category1"": ""여성의류"", ""category2"": ""상의"", ""category3"": ""긴소매 티셔츠"", ""category3_code"": 268103102, ""is_new"": false, ""item_no"": 3364509, ""period_sort"": ""ONE_DAY"", ""platform"": ""29cm"", ""ranking_category_code"": ""268103100"", ""ranking_category_name"": ""여성의류>상의"", ""review_avg"": 5.0, ""sale_percent"": 0, ""sale_price"": 50000, ""sold_out"": false, ""url"": ""https://product.29cm.co.kr/catalog/3364509""}",2026-10-06T13:06:52+00:00_c2f52f8d
2026-10-06T22:06:52+09:00,2026-10-06T13:06:52+00:00,commerce_rank,G COMFORT HOODIE_3 Colors,29cm:3364815,heart_count,9839.0,"{""brand_eng"": ""GLOWNY"", ""brand_kor"": ""글로니"", ""brand_no"": 16723, ""category1"": ""여성의류"", ""category2"": ""단독"", ""category3"": ""상의"", ""category3_code"": 268116101, ""is_new"": false, ""item_no"": 3364815, ""period_sort"": ""ONE_DAY"", ""platform"": ""29cm"", ""ranking_category_code"": ""268103100"", ""ranking_category_name"": ""여성의류>상의"", ""review_avg"": 5.0, ""sale_percent"": 0, ""sale_price"": 62000, ""sold_out"": false, ""url"": ""https://product.29cm.co.kr/catalog/3364815""}",2026-10-06T13:06:52+00:00_c2f52f8d
2026-10-06T22:06:52+09:00,2026-10-06T13:06:52+00:00,commerce_rank,G COMFORT HOODIE_3 Colors,29cm:3364815,review_count,386.0,"{""brand_eng"": ""GLOWNY"", ""brand_kor"": ""글로니"", ""brand_no"": 16723, ""category1"": ""여성의류"", ""category2"": ""단독"", ""category3"": ""상의"", ""category3_code"": 268116101, ""is_new"": false, ""item_no"": 3364815, ""period_sort"": ""ONE_DAY"", ""platform"": ""29cm"", ""ranking_category_code"": ""268103100"", ""ranking_category_name"": ""여성의류>상의"", ""review_avg"": 5.0, ""sale_percent"": 0, ""sale_price"": 62000, ""sold_out"": false, ""url"": ""https://product.29cm.co.kr/catalog/3364815""}",2026-10-06T13:06:52+00:00_c2f52f8d
2026-10-06T22:06:52+09:00,2026-10-06T13:06:52+00:00,commerce_rank,G COMFORT HOODIE_3 Colors,29cm:3364815@268103100,rank,59.0,"{""brand_eng"": ""GLOWNY"", ""brand_kor"": ""글로니"", ""brand_no"": 16723, ""category1"": ""여성의류"", ""category2"": ""단독"", ""category3"": ""상의"", ""category3_code"": 268116101, ""is_new"": false, ""item_no"": 3364815, ""period_sort"": ""ONE_DAY"", ""platform"": ""29cm"", ""ranking_category_code"": ""268103100"", ""ranking_category_name"": ""여성의류>상의"", ""review_avg"": 5.0, ""sale_percent"": 0, ""sale_price"": 62000, ""sold_out"": false, ""url"": ""https://product.29cm.co.kr/catalog/3364815""}",2026-10-06T13:06:52+00:00_c2f52f8d
2026-10-06T22:06:52+09:00,2026-10-06T13:06:52+00:00,commerce_rank,[닝닝 착용] 3/4 BUTTON FLY TEE_3 Colors,29cm:3364834,heart_count,23142.0,"{""brand_eng"": ""GLOWNY"", ""brand_kor"": ""글로니"", ""brand_no"": 16723, ""category1"": ""여성의류"", ""category2"": ""단독"", ""category3"": ""상의"", ""category3_code"": 268116101, ""is_new"": false, ""item_no"": 3364834, ""period_sort"": ""ONE_DAY"", ""platform"": ""29cm"", ""ranking_category_code"": ""268103100"", ""ranking_category_name"": ""여성의류>상의"", ""review_avg"": 5.0, ""sale_percent"": 0, ""sale_price"": 50000, ""sold_out"": false, ""url"": ""https://product.29cm.co.kr/catalog/3364834""}",2026-10-06T13:06:52+00:00_c2f52f8d
2026-10-06T22:06:52+09:00,2026-10-06T13:06:52+00:00,commerce_rank,[닝닝 착용] 3/4 BUTTON FLY TEE_3 Colors,29cm:3364834,review_count,1026.0,"{""brand_eng"": ""GLOWNY"", ""brand_kor"": ""글로니"", ""brand_no"": 16723, ""category1"": ""여성의류"", ""category2"": ""단독"", ""category3"": ""상의"", ""category3_code"": 268116101, ""is_new"": false, ""item_no"": 3364834, ""period_sort"": ""ONE_DAY"", ""platform"": ""29cm"", ""ranking_category_code"": ""268103100"", ""ranking_category_name"": ""여성의류>상의"", ""review_avg"": 5.0, ""sale_percent"": 0, ""sale_price"": 50000, ""sold_out"": false, ""url"": ""https://product.29cm.co.kr/catalog/3364834""}",2026-10-06T13:06:52+00:00_c2f52f8d
2026-10-06T22:06:52+09:00,2026-10-06T13:06:52+00:00,commerce_rank,[닝닝 착용] 3/4 BUTTON FLY TEE_3 Colors,29cm:3364834@268103100,rank,25.0,"{""brand_eng"": ""GLOWNY"", ""brand_kor"": ""글로니"", ""brand_no"": 16723, ""category1"": ""여성의류"", ""category2"": ""단독"", ""category3"": ""상의"", ""category3_code"": 268116101, ""is_new"": false, ""item_no"": 3364834, ""period_sort"": ""ONE_DAY"", ""platform"": ""29cm"", ""ranking_category_code"": ""268103100"", ""ranking_category_name"": ""여성의류>상의"", ""review_avg"": 5.0, ""sale_percent"": 0, ""sale_price"": 50000, ""sold_out"": false, ""url"": ""https://product.29cm.co.kr/catalog/3364834""}",2026-10-06T13:06:52+00:00_c2f52f8d
2026-10-06T22:06:52+09:00,2026-10-06T13:06:53+00:00,commerce_rank,Heavyweight Waffle Cotton Underwear Black,29cm:3388468,heart_count,223.0,"{""brand_eng"": ""BRONSON"", ""brand_kor"": ""브론슨"", ""brand_no"": 89408, ""category1"": ""여성의류"", ""category2"": ""상의"", ""category3"": ""긴소매 티셔츠"", ""category3_code"": 268103102, ""is_new"": false, ""item_no"": 3388468, ""period_sort"": ""ONE_DAY"", ""platform"": ""29cm"", ""ranking_category_code"": ""272103100"", ""ranking_category_name"": ""남성의류>상의"", ""review_avg"": 5.0, ""sale_percent"": 10, ""sale_price"": 48600, ""sold_out"": false, ""url"": ""https://product.29cm.co.kr/catalog/3388468""}",2026-10-06T13:06:52+00:00_c2f52f8d
2026-10-06T22:06:52+09:00,2026-10-06T13:06:53+00:00,commerce_rank,Heavyweight Waffle Cotton Underwear Black,29cm:3388468,review_count,35.0,"{""brand_eng"": ""BRONSON"", ""brand_kor"": ""브론슨"", ""brand_no"": 89408, ""category1"": ""여성의류"", ""category2"": ""상의"", ""category3"": ""긴소매 티셔츠"", ""category3_code"": 268103102, ""is_new"": false, ""item_no"": 3388468, ""period_sort"": ""ONE_DAY"", ""platform"": ""29cm"", ""ranking_category_code"": ""272103100"", ""ranking_category_name"": ""남성의류>상의"", ""review_avg"": 5.0, ""sale_percent"": 10, ""sale_price"": 48600, ""sold_out"": false, ""url"": ""https://product.29cm.co.kr/catalog/3388468""}",2026-10-06T13:06:52+00:00_c2f52f8d
2026-10-06T22:06:52+09:00,2026-10-06T13:06:53+00:00,commerce_rank,Heavyweight Waffle Cotton Underwear Black,29cm:3388468@272103100,rank,98.0,"{""brand_eng"": ""BRONSON"", ""brand_kor"": ""브론슨"", ""brand_no"": 89408, ""category1"": ""여성의류"", ""category2"": ""상의"", ""category3"": ""긴소매 티셔츠"", ""category3_code"": 268103102, ""is_new"": false, ""item_no"": 3388468, ""period_sort"": ""ONE_DAY"", ""platform"": ""29cm"", ""ranking_category_code"": ""272103100"", ""ranking_category_name"": ""남성의류>상의"", ""review_avg"": 5.0, ""sale_percent"": 10, ""sale_price"": 48600, ""sold_out"": false, ""url"": ""https://product.29cm.co.kr/catalog/3388468""}",2026-10-06T13:06:52+00:00_c2f52f8d
2026-10-06T22:06:52+09:00,2026-10-06T13:06:53+00:00,commerce_rank,Heavyweight Waffle Cotton Underwear Grey,29cm:3388472,heart_count,506.0,"{""brand_eng"": ""BRONSON"", ""brand_kor"": ""브론슨"", ""brand_no"": 89408, ""category1"": ""여성의류"", ""category2"": ""상의"", ""category3"": ""긴소매 티셔츠"", ""category3_code"": 268103102, ""is_new"": false, ""item_no"": 3388472, ""period_sort"": ""ONE_DAY"", ""platform"": ""29cm"", ""ranking_category_code"": ""272103100"", ""ranking_category_name"": ""남성의류>상의"", ""review_avg"": 5.0, ""sale_percent"": 10, ""sale_price"": 48600, ""sold_out"": false, ""url"": ""https://product.29cm.co.kr/catalog/3388472""}",2026-10-06T13:06:52+00:00_c2f52f8d
2026-10-06T22:06:52+09:00,2026-10-06T13:06:53+00:00,commerce_rank,Heavyweight Waffle Cotton Underwear Grey,29cm:3388472,review_count,32.0,"{""brand_eng"": ""BRONSON"", ""brand_kor"": ""브론슨"", ""brand_no"": 89408, ""category1"": ""여성의류"", ""category2"": ""상의"", ""category3"": ""긴소매 티셔츠"", ""category3_code"": 268103102, ""is_new"": false, ""item_no"": 3388472, ""period_sort"": ""ONE_DAY"", ""platform"": ""29cm"", ""ranking_category_code"": ""272103100"", ""ranking_category_name"": ""남성의류>상의"", ""review_avg"": 5.0, ""sale_percent"": 10, ""sale_price"": 48600, ""sold_out"": false, ""url"": ""https://product.29cm.co.kr/catalog/3388472""}",2026-10-06T13:06:52+00:00_c2f52f8d
2026-10-06T22:06:52+09:00,2026-10-06T13:06:53+00:00,commerce_rank,Heavyweight Waffle Cotton Underwear Grey,29cm:3388472@272103100,rank,18.0,"{""brand_eng"": ""BRONSON"", ""brand_kor"": ""브론슨"", ""brand_no"": 89408, ""category1"": ""여성의류"", ""category2"": ""상의"", ""category3"": ""긴소매 티셔츠"", ""category3_code"": 268103102, ""is_new"": false, ""item_no"": 3388472, ""period_sort"": ""ONE_DAY"", ""platform"": ""29cm"", ""ranking_category_code"": ""272103100"", ""ranking_category_name"": ""남성의류>상의"", ""review_avg"": 5.0, ""sale_percent"": 10, ""sale_price"": 48600, ""sold_out"": false, ""url"": ""https://product.29cm.co.kr/catalog/3388472""}",2026-10-06T13:06:52+00:00_c2f52f8d
2026-10-06T22:06:52+09:00,2026-10-06T13:06:52+00:00,commerce_rank,Reversible 3/4 Sleeve Tee_Black,29cm:3410562,heart_count,10233.0,"{""brand_eng"": ""108POUND"", ""brand_kor"": ""108파운드"", ""brand_no"": 86198, ""category1"": ""여성의류"", ""category2"": ""상의"", ""category3"": ""긴소매 티셔츠"", ""category3_code"": 268103102, ""is_new"": false, ""item_no"": 3410562, ""period_sort"": ""ONE_DAY"", ""platform"": ""29cm"", ""ranking_category_code"": ""268103100"", ""ranking_category_name"": ""여성의류>상의"", ""review_avg"": 4.5, ""sale_percent"": 37, ""sale_price"": 24570, ""sold_out"": false, ""url"": ""https://product.29cm.co.kr/catalog/3410562""}",2026-10-06T13:06:52+00:00_c2f52f8d
2026-10-06T22:06:52+09:00,2026-10-06T13:06:52+00:00,commerce_rank,Reversible 3/4 Sleeve Tee_Black,29cm:3410562,review_count,546.0,"{""brand_eng"": ""108POUND"", ""brand_kor"": ""108파운드"", ""brand_no"": 86198, ""category1"": ""여성의류"", ""category2"": ""상의"", ""category3"": ""긴소매 티셔츠"", ""category3_code"": 268103102, ""is_new"": false, ""item_no"": 3410562, ""period_sort"": ""ONE_DAY"", ""platform"": ""29cm"", ""ranking_category_code"": ""268103100"", ""ranking_category_name"": ""여성의류>상의"", ""review_avg"": 4.5, ""sale_percent"": 37, ""sale_price"": 24570, ""sold_out"": false, ""url"": ""https://product.29cm.co.kr/catalog/3410562""}",2026-10-06T13:06:52+00:00_c2f52f8d
2026-10-06T22:06:52+09:00,2026-10-06T13:06:52+00:00,commerce_rank,Reversible 3/4 Sleeve Tee_Black,29cm:3410562@268103100,rank,98.0,"{""brand_eng"": ""108POUND"", ""brand_kor"": ""108파운드"", ""brand_no"": 86198, ""category1"": ""여성의류"", ""category2"": ""상의"", ""category3"": ""긴소매 티셔츠"", ""category3_code"": 268103102, ""is_new"": false, ""item_no"": 3410562, ""period_sort"": ""ONE_DAY"", ""platform"": ""29cm"", ""ranking_category_code"": ""268103100"", ""ranking_category_name"": ""여성의류>상의"", ""review_avg"": 4.5, ""sale_percent"": 37, ""sale_price"": 24570, ""sold_out"": false, ""url"": ""https://product.29cm.co.kr/catalog/3410562""}",2026-10-06T13:06:52+00:00_c2f52f8d
2026-10-06T22:06:52+09:00,2026-10-06T13:06:52+00:00,commerce_rank,Reversible 3/4 Sleeve Tee_Ivory,29cm:3410565,heart_count,21377.0,"{""brand_eng"": ""108POUND"", ""brand_kor"": ""108파운드"", ""brand_no"": 86198, ""category1"": ""여성의류"", ""category2"": ""상의"", ""category3"": ""긴소매 티셔츠"", ""category3_code"": 268103102, ""is_new"": false, ""item_no"": 3410565, ""period_sort"": ""ONE_DAY"", ""platform"": ""29cm"", ""ranking_category_code"": ""268103100"", ""ranking_category_name"": ""여성의류>상의"", ""review_avg"": 4.5, ""sale_percent"": 37, ""sale_price"": 24570, ""sold_out"": false, ""url"": ""https://product.29cm.co.kr/catalog/3410565""}",2026-10-06T13:06:52+00:00_c2f52f8d
2026-10-06T22:06:52+09:00,2026-10-06T13:06:52+00:00,commerce_rank,Reversible 3/4 Sleeve Tee_Ivory,29cm:3410565,review_count,967.0,"{""brand_eng"": ""108POUND"", ""brand_kor"": ""108파운드"", ""brand_no"": 86198, ""category1"": ""여성의류"", ""category2"": ""상의"", ""category3"": ""긴소매 티셔츠"", ""category3_code"": 268103102, ""is_new"": false, ""item_no"": 3410565, ""period_sort"": ""ONE_DAY"", ""platform"": ""29cm"", ""ranking_category_code"": ""268103100"", ""ranking_category_name"": ""여성의류>상의"", ""review_avg"": 4.5, ""sale_percent"": 37, ""sale_price"": 24570, ""sold_out"": false, ""url"": ""https://product.29cm.co.kr/catalog/3410565""}",2026-10-06T13:06:52+00:00_c2f52f8d
2026-10-06T22:06:52+09:00,2026-10-06T13:06:52+00:00,commerce_rank,Reversible 3/4 Sleeve Tee_Ivory,29cm:3410565@268103100,rank,9.0,"{""brand_eng"": ""108POUND"", ""brand_kor"": ""108파운드"", ""brand_no"": 86198, ""category1"": ""여성의류"", ""category2"": ""상의"", ""category3"": ""긴소매 티셔츠"", ""category3_code"": 268103102, ""is_new"": false, ""item_no"": 3410565, ""period_sort"": ""ONE_DAY"", ""platform"": ""29cm"", ""ranking_category_code"": ""268103100"", ""ranking_category_name"": ""여성의류>상의"", ""review_avg"": 4.5, ""sale_percent"": 37, ""sale_price"": 24570, ""sold_out"": false, ""url"": ""https://product.29cm.co.kr/catalog/3410565""}",2026-10-06T13:06:52+00:00_c2f52f8d
2026-10-06T22:06:52+09:00,2026-10-06T13:06:52+00:00,commerce_rank,Henley Neck Stripe Long Sleeve Black,29cm:3429540,heart_count,9204.0,"{""brand_eng"": ""partimento"", ""brand_kor"": ""파르티멘토"", ""brand_no"": 1588, ""category1"": ""여성의류"", ""category2"": ""상의"", ""category3"": ""긴소매 티셔츠"", ""category3_code"": 268103102, ""is_new"": false, ""item_no"": 3429540, ""period_sort"": ""ONE_DAY"", ""platform"": ""29cm"", ""ranking_category_code"": ""268103100"", ""ranking_category_name"": ""여성의류>상의"", ""review_avg"": 5.0, ""sale_percent"": 48, ""sale_price"": 25550, ""sold_out"": false, ""url"": ""https://product.29cm.co.kr/catalog/3429540""}",2026-10-06T13:06:52+00:00_c2f52f8d
2026-10-06T22:06:52+09:00,2026-10-06T13:06:52+00:00,commerce_rank,Henley Neck Stripe Long Sleeve Black,29cm:3429540,review_count,437.0,"{""brand_eng"": ""partimento"", ""brand_kor"": ""파르티멘토"", ""brand_no"": 1588, ""category1"": ""여성의류"", ""category2"": ""상의"", ""category3"": ""긴소매 티셔츠"", ""category3_code"": 268103102, ""is_new"": false, ""item_no"": 3429540, ""period_sort"": ""ONE_DAY"", ""platform"": ""29cm"", ""ranking_category_code"": ""268103100"", ""ranking_category_name"": ""여성의류>상의"", ""review_avg"": 5.0, ""sale_percent"": 48, ""sale_price"": 25550, ""sold_out"": false, ""url"": ""https://product.29cm.co.kr/catalog/3429540""}",2026-10-06T13:06:52+00:00_c2f52f8d
2026-10-06T22:06:52+09:00,2026-10-06T13:06:52+00:00,commerce_rank,Henley Neck Stripe Long Sleeve Black,29cm:3429540@268103100,rank,1.0,"{""brand_eng"": ""partimento"", ""brand_kor"": ""파르티멘토"", ""brand_no"": 1588, ""category1"": ""여성의류"", ""category2"": ""상의"", ""category3"": ""긴소매 티셔츠"", ""category3_code"": 268103102, ""is_new"": false, ""item_no"": 3429540, ""period_sort"": ""ONE_DAY"", ""platform"": ""29cm"", ""ranking_category_code"": ""268103100"", ""ranking_category_name"": ""여성의류>상의"", ""review_avg"": 5.0, ""sale_percent"": 48, ""sale_price"": 25550, ""sold_out"": false, ""url"": ""https://product.29cm.co.kr/catalog/3429540""}",2026-10-06T13:06:52+00:00_c2f52f8d
2026-10-06T22:06:52+09:00,2026-10-06T13:06:52+00:00,commerce_rank,Circle Star Layered Long Sleeve Black,29cm:3429552,heart_count,7329.0,"{""brand_eng"": ""partimento"", ""brand_kor"": ""파르티멘토"", ""brand_no"": 1588, ""category1"": ""여성의류"", ""category2"": ""상의"", ""category3"": ""긴소매 티셔츠"", ""category3_code"": 268103102, ""is_new"": false, ""item_no"": 3429552, ""period_sort"": ""ONE_DAY"", ""platform"": ""29cm"", ""ranking_category_code"": ""268103100"", ""ranking_category_name"": ""여성의류>상의"", ""review_avg"": 5.0, ""sale_percent"": 48, ""sale_price"": 25550, ""sold_out"": false, ""url"": ""https://product.29cm.co.kr/catalog/3429552""}",2026-10-06T13:06:52+00:00_c2f52f8d
2026-10-06T22:06:52+09:00,2026-10-06T13:06:52+00:00,commerce_rank,Circle Star Layered Long Sleeve Black,29cm:3429552,review_count,493.0,"{""brand_eng"": ""partimento"", ""brand_kor"": ""파르티멘토"", ""brand_no"": 1588, ""category1"": ""여성의류"", ""category2"": ""상의"", ""category3"": ""긴소매 티셔츠"", ""category3_code"": 268103102, ""is_new"": false, ""item_no"": 3429552, ""period_sort"": ""ONE_DAY"", ""platform"": ""29cm"", ""ranking_category_code"": ""268103100"", ""ranking_category_name"": ""여성의류>상의"", ""review_avg"": 5.0, ""sale_percent"": 48, ""sale_price"": 25550, ""sold_out"": false, ""url"": ""https://product.29cm.co.kr/catalog/3429552""}",2026-10-06T13:06:52+00:00_c2f52f8d
2026-10-06T22:06:52+09:00,2026-10-06T13:06:52+00:00,commerce_rank,Circle Star Layered Long Sleeve Black,29cm:3429552@268103100,rank,8.0,"{""brand_eng"": ""partimento"", ""brand_kor"": ""파르티멘토"", ""brand_no"": 1588, ""category1"": ""여성의류"", ""category2"": ""상의"", ""category3"": ""긴소매 티셔츠"", ""category3_code"": 268103102, ""is_new"": false, ""item_no"": 3429552, ""period_sort"": ""ONE_DAY"", ""platform"": ""29cm"", ""ranking_category_code"": ""268103100"", ""ranking_category_name"": ""여성의류>상의"", ""review_avg"": 5.0, ""sale_percent"": 48, ""sale_price"": 25550, ""sold_out"": false, ""url"": ""https://product.29cm.co.kr/catalog/3429552""}",2026-10-06T13:06:52+00:00_c2f52f8d
2026-10-06T22:06:52+09:00,2026-10-06T13:06:53+00:00,commerce_rank,Classic Comfort Check Shirts (Classic Brown),29cm:3432385,heart_count,2486.0,"{""brand_eng"": ""HAVE HAD"", ""brand_kor"": ""해브해드"", ""brand_no"": 2910, ""category1"": ""남성의류"", ""category2"": ""상의"", ""category3"": ""긴소매 셔츠"", ""category3_code"": 272103106, ""is_new"": false, ""item_no"": 3432385, ""period_sort"": ""ONE_DAY"", ""platform"": ""29cm"", ""ranking_category_code"": ""272103100"", ""ranking_category_name"": ""남성의류>상의"", ""review_avg"": 5.0, ""sale_percent"": 0, ""sale_price"": 79000, ""sold_out"": false, ""url"": ""https://product.29cm.co.kr/catalog/3432385""}",2026-10-06T13:06:52+00:00_c2f52f8d
2026-10-06T22:06:52+09:00,2026-10-06T13:06:53+00:00,commerce_rank,Classic Comfort Check Shirts (Classic Brown),29cm:3432385,review_count,93.0,"{""brand_eng"": ""HAVE HAD"", ""brand_kor"": ""해브해드"", ""brand_no"": 2910, ""category1"": ""남성의류"", ""category2"": ""상의"", ""category3"": ""긴소매 셔츠"", ""category3_code"": 272103106, ""is_new"": false, ""item_no"": 3432385, ""period_sort"": ""ONE_DAY"", ""platform"": ""29cm"", ""ranking_category_code"": ""272103100"", ""ranking_category_name"": ""남성의류>상의"", ""review_avg"": 5.0, ""sale_percent"": 0, ""sale_price"": 79000, ""sold_out"": false, ""url"": ""https://product.29cm.co.kr/catalog/3432385""}",2026-10-06T13:06:52+00:00_c2f52f8d
2026-10-06T22:06:52+09:00,2026-10-06T13:06:53+00:00,commerce_rank,Classic Comfort Check Shirts (Classic Brown),29cm:3432385@272103100,rank,73.0,"{""brand_eng"": ""HAVE HAD"", ""brand_kor"": ""해브해드"", ""brand_no"": 2910, ""category1"": ""남성의류"", ""category2"": ""상의"", ""category3"": ""긴소매 셔츠"", ""category3_code"": 272103106, ""is_new"": false, ""item_no"": 3432385, ""period_sort"": ""ONE_DAY"", ""platform"": ""29cm"", ""ranking_category_code"": ""272103100"", ""ranking_category_name"": ""남성의류>상의"", ""review_avg"": 5.0, ""sale_percent"": 0, ""sale_price"": 79000, ""sold_out"": false, ""url"": ""https://product.29cm.co.kr/catalog/3432385""}",2026-10-06T13:06:52+00:00_c2f52f8d
2026-10-06T22:06:52+09:00,2026-10-06T13:06:53+00:00,commerce_rank,TG3-SH13 블랙 워시드 데님 셔츠,29cm:3434711,heart_count,779.0,"{""brand_eng"": ""THOMAS MORE"", ""brand_kor"": ""토마스모어"", ""brand_no"": 2111, ""category1"": ""남성의류"", ""category2"": ""상의"", ""category3"": ""긴소매 셔츠"", ""category3_code"": 272103106, ""is_new"": false, ""item_no"": 3434711, ""period_sort"": ""ONE_DAY"", ""platform"": ""29cm"", ""ranking_category_code"": ""272103100"", ""ranking_category_name"": ""남성의류>상의"", ""review_avg"": 4.5, ""sale_percent"": 0, ""sale_price"": 67500, ""sold_out"": false, ""url"": ""https://product.29cm.co.kr/catalog/3434711""}",2026-10-06T13:06:52+00:00_c2f52f8d
2026-10-06T22:06:52+09:00,2026-10-06T13:06:53+00:00,commerce_rank,TG3-SH13 블랙 워시드 데님 셔츠,29cm:3434711,review_count,52.0,"{""brand_eng"": ""THOMAS MORE"", ""brand_kor"": ""토마스모어"", ""brand_no"": 2111, ""category1"": ""남성의류"", ""category2"": ""상의"", ""category3"": ""긴소매 셔츠"", ""category3_code"": 272103106, ""is_new"": false, ""item_no"": 3434711, ""period_sort"": ""ONE_DAY"", ""platform"": ""29cm"", ""ranking_category_code"": ""272103100"", ""ranking_category_name"": ""남성의류>상의"", ""review_avg"": 4.5, ""sale_percent"": 0, ""sale_price"": 67500, ""sold_out"": false, ""url"": ""https://product.29cm.co.kr/catalog/3434711""}",2026-10-06T13:06:52+00:00_c2f52f8d
2026-10-06T22:06:52+09:00,2026-10-06T13:06:53+00:00,commerce_rank,TG3-SH13 블랙 워시드 데님 셔츠,29cm:3434711@272103100,rank,24.0,"{""brand_eng"": ""THOMAS MORE"", ""brand_kor"": ""토마스모어"", ""brand_no"": 2111, ""category1"": ""남성의류"", ""category2"": ""상의"", ""category3"": ""긴소매 셔츠"", ""category3_code"": 272103106, ""is_new"": false, ""item_no"": 3434711, ""period_sort"": ""ONE_DAY"", ""platform"": ""29cm"", ""ranking_category_code"": ""272103100"", ""ranking_category_name"": ""남성의류>상의"", ""review_avg"": 4.5, ""sale_percent"": 0, ""sale_price"": 67500, ""sold_out"": false, ""url"": ""https://product.29cm.co.kr/catalog/3434711""}",2026-10-06T13:06:52+00:00_c2f52f8d
2026-10-06T22:06:52+09:00,2026-10-06T13:06:52+00:00,commerce_rank,[2 PACK-컬러추가]Essential Golgi Tee-11 colors,29cm:3442256,heart_count,51161.0,"{""brand_eng"": ""BITTERCELLS"", ""brand_kor"": ""비터셀즈"", ""brand_no"": 15063, ""category1"": ""여성의류"", ""category2"": ""상의"", ""category3"": ""긴소매 티셔츠"", ""category3_code"": 268103102, ""is_new"": false, ""item_no"": 3442256, ""period_sort"": ""ONE_DAY"", ""platform"": ""29cm"", ""ranking_category_code"": ""268103100"", ""ranking_category_name"": ""여성의류>상의"", ""review_avg"": 5.0, ""sale_percent"": 19, ""sale_price"": 63180, ""sold_out"": false, ""url"": ""https://product.29cm.co.kr/catalog/3442256""}",2026-10-06T13:06:52+00:00_c2f52f8d
2026-10-06T22:06:52+09:00,2026-10-06T13:06:52+00:00,commerce_rank,[2 PACK-컬러추가]Essential Golgi Tee-11 colors,29cm:3442256,review_count,2801.0,"{""brand_eng"": ""BITTERCELLS"", ""brand_kor"": ""비터셀즈"", ""brand_no"": 15063, ""category1"": ""여성의류"", ""category2"": ""상의"", ""category3"": ""긴소매 티셔츠"", ""category3_code"": 268103102, ""is_new"": false, ""item_no"": 3442256, ""period_sort"": ""ONE_DAY"", ""platform"": ""29cm"", ""ranking_category_code"": ""268103100"", ""ranking_category_name"": ""여성의류>상의"", ""review_avg"": 5.0, ""sale_percent"": 19, ""sale_price"": 63180, ""sold_out"": false, ""url"": ""https://product.29cm.co.kr/catalog/3442256""}",2026-10-06T13:06:52+00:00_c2f52f8d
2026-10-06T22:06:52+09:00,2026-10-06T13:06:52+00:00,commerce_rank,[2 PACK-컬러추가]Essential Golgi Tee-11 colors,29cm:3442256@268103100,rank,29.0,"{""brand_eng"": ""BITTERCELLS"", ""brand_kor"": ""비터셀즈"", ""brand_no"": 15063, ""category1"": ""여성의류"", ""category2"": ""상의"", ""category3"": ""긴소매 티셔츠"", ""category3_code"": 268103102, ""is_new"": false, ""item_no"": 3442256, ""period_sort"": ""ONE_DAY"", ""platform"": ""29cm"", ""ranking_category_code"": ""268103100"", ""ranking_category_name"": ""여성의류>상의"", ""review_avg"": 5.0, ""sale_percent"": 19, ""sale_price"": 63180, ""sold_out"": false, ""url"": ""https://product.29cm.co.kr/catalog/3442256""}",2026-10-06T13:06:52+00:00_c2f52f8d
2026-10-06T22:06:52+09:00,2026-10-06T13:06:53+00:00,commerce_rank,HENLEY NECK L.S T-SHIRTS (3 COLOR),29cm:3446615,heart_count,50.0,"{""brand_eng"": ""EASTLOGUE PERMANENT"", ""brand_kor"": ""이스트로그 퍼머넌트"", ""brand_no"": 9323, ""category1"": ""남성의류"", ""category2"": ""상의"", ""category3"": ""긴소매 티셔츠"", ""category3_code"": 272103102, ""is_new"": false, ""item_no"": 3446615, ""period_sort"": ""ONE_DAY"", ""platform"": ""29cm"", ""ranking_category_code"": ""272103100"", ""ranking_category_name"": ""남성의류>상의"", ""review_avg"": 5.0, ""sale_percent"": 24, ""sale_price"": 59670, ""sold_out"": false, ""url"": ""https://product.29cm.co.kr/catalog/3446615""}",2026-10-06T13:06:52+00:00_c2f52f8d
2026-10-06T22:06:52+09:00,2026-10-06T13:06:53+00:00,commerce_rank,HENLEY NECK L.S T-SHIRTS (3 COLOR),29cm:3446615,review_count,1.0,"{""brand_eng"": ""EASTLOGUE PERMANENT"", ""brand_kor"": ""이스트로그 퍼머넌트"", ""brand_no"": 9323, ""category1"": ""남성의류"", ""category2"": ""상의"", ""category3"": ""긴소매 티셔츠"", ""category3_code"": 272103102, ""is_new"": false, ""item_no"": 3446615, ""period_sort"": ""ONE_DAY"", ""platform"": ""29cm"", ""ranking_category_code"": ""272103100"", ""ranking_category_name"": ""남성의류>상의"", ""review_avg"": 5.0, ""sale_percent"": 24, ""sale_price"": 59670, ""sold_out"": false, ""url"": ""https://product.29cm.co.kr/catalog/3446615""}",2026-10-06T13:06:52+00:00_c2f52f8d
2026-10-06T22:06:52+09:00,2026-10-06T13:06:53+00:00,commerce_rank,HENLEY NECK L.S T-SHIRTS (3 COLOR),29cm:3446615@272103100,rank,59.0,"{""brand_eng"": ""EASTLOGUE PERMANENT"", ""brand_kor"": ""이스트로그 퍼머넌트"", ""brand_no"": 9323, ""category1"": ""남성의류"", ""category2"": ""상의"", ""category3"": ""긴소매 티셔츠"", ""category3_code"": 272103102, ""is_new"": false, ""item_no"": 3446615, ""period_sort"": ""ONE_DAY"", ""platform"": ""29cm"", ""ranking_category_code"": ""272103100"", ""ranking_category_name"": ""남성의류>상의"", ""review_avg"": 5.0, ""sale_percent"": 24, ""sale_price"": 59670, ""sold_out"": false, ""url"": ""https://product.29cm.co.kr/catalog/3446615""}",2026-10-06T13:06:52+00:00_c2f52f8d
2026-10-06T22:06:52+09:00,2026-10-06T13:06:53+00:00,commerce_rank,[2팩/세미크롭핏] 스웨트 셔츠,29cm:3450561,heart_count,819.0,"{""brand_eng"": ""DISCUS ATHLETIC"", ""brand_kor"": ""디스커스 애슬레틱"", ""brand_no"": 24583, ""category1"": ""남성의류"", ""category2"": ""상의"", ""category3"": ""스웨트셔츠"", ""category3_code"": 272103107, ""is_new"": false, ""item_no"": 3450561, ""period_sort"": ""ONE_DAY"", ""platform"": ""29cm"", ""ranking_category_code"": ""272103100"", ""ranking_category_name"": ""남성의류>상의"", ""review_avg"": 5.0, ""sale_percent"": 25, ""sale_price"": 81270, ""sold_out"": false, ""url"": ""https://product.29cm.co.kr/catalog/3450561""}",2026-10-06T13:06:52+00:00_c2f52f8d
2026-10-06T22:06:52+09:00,2026-10-06T13:06:53+00:00,commerce_rank,[2팩/세미크롭핏] 스웨트 셔츠,29cm:3450561,review_count,106.0,"{""brand_eng"": ""DISCUS ATHLETIC"", ""brand_kor"": ""디스커스 애슬레틱"", ""brand_no"": 24583, ""category1"": ""남성의류"", ""category2"": ""상의"", ""category3"": ""스웨트셔츠"", ""category3_code"": 272103107, ""is_new"": false, ""item_no"": 3450561, ""period_sort"": ""ONE_DAY"", ""platform"": ""29cm"", ""ranking_category_code"": ""272103100"", ""ranking_category_name"": ""남성의류>상의"", ""review_avg"": 5.0, ""sale_percent"": 25, ""sale_price"": 81270, ""sold_out"": false, ""url"": ""https://product.29cm.co.kr/catalog/3450561""}",2026-10-06T13:06:52+00:00_c2f52f8d
2026-10-06T22:06:52+09:00,2026-10-06T13:06:53+00:00,commerce_rank,[2팩/세미크롭핏] 스웨트 셔츠,29cm:3450561@272103100,rank,81.0,"{""brand_eng"": ""DISCUS ATHLETIC"", ""brand_kor"": ""디스커스 애슬레틱"", ""brand_no"": 24583, ""category1"": ""남성의류"", ""category2"": ""상의"", ""category3"": ""스웨트셔츠"", ""category3_code"": 272103107, ""is_new"": false, ""item_no"": 3450561, ""period_sort"": ""ONE_DAY"", ""platform"": ""29cm"", ""ranking_category_code"": ""272103100"", ""ranking_category_name"": ""남성의류>상의"", ""review_avg"": 5.0, ""sale_percent"": 25, ""sale_price"": 81270, ""sold_out"": false, ""url"": ""https://product.29cm.co.kr/catalog/3450561""}",2026-10-06T13:06:52+00:00_c2f52f8d
2026-10-06T22:06:52+09:00,2026-10-06T13:06:52+00:00,commerce_rank,[8COLORS] 라인드 와플 롱 슬리브,29cm:3450583,heart_count,4804.0,"{""brand_eng"": ""MADDEN"", ""brand_kor"": ""매든"", ""brand_no"": 28008, ""category1"": ""여성의류"", ""category2"": ""상의"", ""category3"": ""긴소매 티셔츠"", ""category3_code"": 268103102, ""is_new"": false, ""item_no"": 3450583, ""period_sort"": ""ONE_DAY"", ""platform"": ""29cm"", ""ranking_category_code"": ""268103100"", ""ranking_category_name"": ""여성의류>상의"", ""review_avg"": 5.0, ""sale_percent"": 20, ""sale_price"": 47980, ""sold_out"": false, ""url"": ""https://product.29cm.co.kr/catalog/3450583""}",2026-10-06T13:06:52+00:00_c2f52f8d
2026-10-06T22:06:52+09:00,2026-10-06T13:06:52+00:00,commerce_rank,[8COLORS] 라인드 와플 롱 슬리브,29cm:3450583,review_count,233.0,"{""brand_eng"": ""MADDEN"", ""brand_kor"": ""매든"", ""brand_no"": 28008, ""category1"": ""여성의류"", ""category2"": ""상의"", ""category3"": ""긴소매 티셔츠"", ""category3_code"": 268103102, ""is_new"": false, ""item_no"": 3450583, ""period_sort"": ""ONE_DAY"", ""platform"": ""29cm"", ""ranking_category_code"": ""268103100"", ""ranking_category_name"": ""여성의류>상의"", ""review_avg"": 5.0, ""sale_percent"": 20, ""sale_price"": 47980, ""sold_out"": false, ""url"": ""https://product.29cm.co.kr/catalog/3450583""}",2026-10-06T13:06:52+00:00_c2f52f8d
2026-10-06T22:06:52+09:00,2026-10-06T13:06:52+00:00,commerce_rank,[8COLORS] 라인드 와플 롱 슬리브,29cm:3450583@268103100,rank,6.0,"{""brand_eng"": ""MADDEN"", ""brand_kor"": ""매든"", ""brand_no"": 28008, ""category1"": ""여성의류"", ""category2"": ""상의"", ""category3"": ""긴소매 티셔츠"", ""category3_code"": 268103102, ""is_new"": false, ""item_no"": 3450583, ""period_sort"": ""ONE_DAY"", ""platform"": ""29cm"", ""ranking_category_code"": ""268103100"", ""ranking_category_name"": ""여성의류>상의"", ""review_avg"": 5.0, ""sale_percent"": 20, ""sale_price"": 47980, ""sold_out"": false, ""url"": ""https://product.29cm.co.kr/catalog/3450583""}",2026-10-06T13:06:52+00:00_c2f52f8d
2026-10-06T22:06:52+09:00,2026-10-06T13:06:52+00:00,commerce_rank,[6th] Nov raglan t-shirt (melange gray),29cm:3460541,heart_count,3187.0,"{""brand_eng"": ""THE MITTEN"", ""brand_kor"": ""더미튼"", ""brand_no"": 25573, ""category1"": ""여성의류"", ""category2"": ""상의"", ""category3"": ""긴소매 티셔츠"", ""category3_code"": 268103102, ""is_new"": false, ""item_no"": 3460541, ""period_sort"": ""ONE_DAY"", ""platform"": ""29cm"", ""ranking_category_code"": ""268103100"", ""ranking_category_name"": ""여성의류>상의"", ""review_avg"": 5.0, ""sale_percent"": 31, ""sale_price"": 58310, ""sold_out"": false, ""url"": ""https://product.29cm.co.kr/catalog/3460541""}",2026-10-06T13:06:52+00:00_c2f52f8d
2026-10-06T22:06:52+09:00,2026-10-06T13:06:52+00:00,commerce_rank,[6th] Nov raglan t-shirt (melange gray),29cm:3460541,review_count,82.0,"{""brand_eng"": ""THE MITTEN"", ""brand_kor"": ""더미튼"", ""brand_no"": 25573, ""category1"": ""여성의류"", ""category2"": ""상의"", ""category3"": ""긴소매 티셔츠"", ""category3_code"": 268103102, ""is_new"": false, ""item_no"": 3460541, ""period_sort"": ""ONE_DAY"", ""platform"": ""29cm"", ""ranking_category_code"": ""268103100"", ""ranking_category_name"": ""여성의류>상의"", ""review_avg"": 5.0, ""sale_percent"": 31, ""sale_price"": 58310, ""sold_out"": false, ""url"": ""https://product.29cm.co.kr/catalog/3460541""}",2026-10-06T13:06:52+00:00_c2f52f8d
2026-10-06T22:06:52+09:00,2026-10-06T13:06:52+00:00,commerce_rank,[6th] Nov raglan t-shirt (melange gray),29cm:3460541@268103100,rank,54.0,"{""brand_eng"": ""THE MITTEN"", ""brand_kor"": ""더미튼"", ""brand_no"": 25573, ""category1"": ""여성의류"", ""category2"": ""상의"", ""category3"": ""긴소매 티셔츠"", ""category3_code"": 268103102, ""is_new"": false, ""item_no"": 3460541, ""period_sort"": ""ONE_DAY"", ""platform"": ""29cm"", ""ranking_category_code"": ""268103100"", ""ranking_category_name"": ""여성의류>상의"", ""review_avg"": 5.0, ""sale_percent"": 31, ""sale_price"": 58310, ""sold_out"": false, ""url"": ""https://product.29cm.co.kr/catalog/3460541""}",2026-10-06T13:06:52+00:00_c2f52f8d
2026-10-06T22:06:52+09:00,2026-10-06T13:06:52+00:00,commerce_rank,"[26th][오제,소진pick]Molly hoodie t-shirt (melange gray)",29cm:3460559,heart_count,10804.0,"{""brand_eng"": ""THE MITTEN"", ""brand_kor"": ""더미튼"", ""brand_no"": 25573, ""category1"": ""여성의류"", ""category2"": ""상의"", ""category3"": ""후디"", ""category3_code"": 268103105, ""is_new"": false, ""item_no"": 3460559, ""period_sort"": ""ONE_DAY"", ""platform"": ""29cm"", ""ranking_category_code"": ""268103100"", ""ranking_category_name"": ""여성의류>상의"", ""review_avg"": 5.0, ""sale_percent"": 31, ""sale_price"": 61060, ""sold_out"": false, ""url"": ""https://product.29cm.co.kr/catalog/3460559""}",2026-10-06T13:06:52+00:00_c2f52f8d
2026-10-06T22:06:52+09:00,2026-10-06T13:06:52+00:00,commerce_rank,"[26th][오제,소진pick]Molly hoodie t-shirt (melange gray)",29cm:3460559,review_count,388.0,"{""brand_eng"": ""THE MITTEN"", ""brand_kor"": ""더미튼"", ""brand_no"": 25573, ""category1"": ""여성의류"", ""category2"": ""상의"", ""category3"": ""후디"", ""category3_code"": 268103105, ""is_new"": false, ""item_no"": 3460559, ""period_sort"": ""ONE_DAY"", ""platform"": ""29cm"", ""ranking_category_code"": ""268103100"", ""ranking_category_name"": ""여성의류>상의"", ""review_avg"": 5.0, ""sale_percent"": 31, ""sale_price"": 61060, ""sold_out"": false, ""url"": ""https://product.29cm.co.kr/catalog/3460559""}",2026-10-06T13:06:52+00:00_c2f52f8d
2026-10-06T22:06:52+09:00,2026-10-06T13:06:52+00:00,commerce_rank,"[26th][오제,소진pick]Molly hoodie t-shirt (melange gray)",29cm:3460559@268103100,rank,35.0,"{""brand_eng"": ""THE MITTEN"", ""brand_kor"": ""더미튼"", ""brand_no"": 25573, ""category1"": ""여성의류"", ""category2"": ""상의"", ""category3"": ""후디"", ""category3_code"": 268103105, ""is_new"": false, ""item_no"": 3460559, ""period_sort"": ""ONE_DAY"", ""platform"": ""29cm"", ""ranking_category_code"": ""268103100"", ""ranking_category_name"": ""여성의류>상의"", ""review_avg"": 5.0, ""sale_percent"": 31, ""sale_price"": 61060, ""sold_out"": false, ""url"": ""https://product.29cm.co.kr/catalog/3460559""}",2026-10-06T13:06:52+00:00_c2f52f8d
2026-10-06T22:06:52+09:00,2026-10-06T13:06:53+00:00,commerce_rank,페이디드 셔츠 - 차콜 브라운,29cm:3472831,heart_count,656.0,"{""brand_eng"": ""asp"", ""brand_kor"": ""애습"", ""brand_no"": 10042, ""category1"": ""남성의류"", ""category2"": ""상의"", ""category3"": ""긴소매 셔츠"", ""category3_code"": 272103106, ""is_new"": false, ""item_no"": 3472831, ""period_sort"": ""ONE_DAY"", ""platform"": ""29cm"", ""ranking_category_code"": ""272103100"", ""ranking_category_name"": ""남성의류>상의"", ""review_avg"": 5.0, ""sale_percent"": 15, ""sale_price"": 64980, ""sold_out"": false, ""url"": ""https://product.29cm.co.kr/catalog/3472831""}",2026-10-06T13:06:52+00:00_c2f52f8d
2026-10-06T22:06:52+09:00,2026-10-06T13:06:53+00:00,commerce_rank,페이디드 셔츠 - 차콜 브라운,29cm:3472831,review_count,31.0,"{""brand_eng"": ""asp"", ""brand_kor"": ""애습"", ""brand_no"": 10042, ""category1"": ""남성의류"", ""category2"": ""상의"", ""category3"": ""긴소매 셔츠"", ""category3_code"": 272103106, ""is_new"": false, ""item_no"": 3472831, ""period_sort"": ""ONE_DAY"", ""platform"": ""29cm"", ""ranking_category_code"": ""272103100"", ""ranking_category_name"": ""남성의류>상의"", ""review_avg"": 5.0, ""sale_percent"": 15, ""sale_price"": 64980, ""sold_out"": false, ""url"": ""https://product.29cm.co.kr/catalog/3472831""}",2026-10-06T13:06:52+00:00_c2f52f8d
2026-10-06T22:06:52+09:00,2026-10-06T13:06:53+00:00,commerce_rank,페이디드 셔츠 - 차콜 브라운,29cm:3472831@272103100,rank,67.0,"{""brand_eng"": ""asp"", ""brand_kor"": ""애습"", ""brand_no"": 10042, ""category1"": ""남성의류"", ""category2"": ""상의"", ""category3"": ""긴소매 셔츠"", ""category3_code"": 272103106, ""is_new"": false, ""item_no"": 3472831, ""period_sort"": ""ONE_DAY"", ""platform"": ""29cm"", ""ranking_category_code"": ""272103100"", ""ranking_category_name"": ""남성의류>상의"", ""review_avg"": 5.0, ""sale_percent"": 15, ""sale_price"": 64980, ""sold_out"": false, ""url"": ""https://product.29cm.co.kr/catalog/3472831""}",2026-10-06T13:06:52+00:00_c2f52f8d
2026-10-06T22:06:52+09:00,2026-10-06T13:06:52+00:00,commerce_rank,Folder L/S Tee (4 Colors),29cm:3522545,heart_count,8171.0,"{""brand_eng"": ""TEKET"", ""brand_kor"": ""테켓"", ""brand_no"": 34509, ""category1"": ""여성의류"", ""category2"": ""상의"", ""category3"": ""긴소매 티셔츠"", ""category3_code"": 268103102, ""is_new"": false, ""item_no"": 3522545, ""period_sort"": ""ONE_DAY"", ""platform"": ""29cm"", ""ranking_category_code"": ""268103100"", ""ranking_category_name"": ""여성의류>상의"", ""review_avg"": 5.0, ""sale_percent"": 0, ""sale_price"": 65000, ""sold_out"": false, ""url"": ""https://product.29cm.co.kr/catalog/3522545""}",2026-10-06T13:06:52+00:00_c2f52f8d
2026-10-06T22:06:52+09:00,2026-10-06T13:06:52+00:00,commerce_rank,Folder L/S Tee (4 Colors),29cm:3522545,review_count,606.0,"{""brand_eng"": ""TEKET"", ""brand_kor"": ""테켓"", ""brand_no"": 34509, ""category1"": ""여성의류"", ""category2"": ""상의"", ""category3"": ""긴소매 티셔츠"", ""category3_code"": 268103102, ""is_new"": false, ""item_no"": 3522545, ""period_sort"": ""ONE_DAY"", ""platform"": ""29cm"", ""ranking_category_code"": ""268103100"", ""ranking_category_name"": ""여성의류>상의"", ""review_avg"": 5.0, ""sale_percent"": 0, ""sale_price"": 65000, ""sold_out"": false, ""url"": ""https://product.29cm.co.kr/catalog/3522545""}",2026-10-06T13:06:52+00:00_c2f52f8d
2026-10-06T22:06:52+09:00,2026-10-06T13:06:52+00:00,commerce_rank,Folder L/S Tee (4 Colors),29cm:3522545@268103100,rank,31.0,"{""brand_eng"": ""TEKET"", ""brand_kor"": ""테켓"", ""brand_no"": 34509, ""category1"": ""여성의류"", ""category2"": ""상의"", ""category3"": ""긴소매 티셔츠"", ""category3_code"": 268103102, ""is_new"": false, ""item_no"": 3522545, ""period_sort"": ""ONE_DAY"", ""platform"": ""29cm"", ""ranking_category_code"": ""268103100"", ""ranking_category_name"": ""여성의류>상의"", ""review_avg"": 5.0, ""sale_percent"": 0, ""sale_price"": 65000, ""sold_out"": false, ""url"": ""https://product.29cm.co.kr/catalog/3522545""}",2026-10-06T13:06:52+00:00_c2f52f8d
2026-10-06T22:06:52+09:00,2026-10-06T13:06:52+00:00,commerce_rank,[57th] Curve scarf blouse (stone gray),29cm:3535240,heart_count,33721.0,"{""brand_eng"": ""PREP FOR THE"", ""brand_kor"": ""프렙포더"", ""brand_no"": 86845, ""category1"": ""여성의류"", ""category2"": ""상의"", ""category3"": ""블라우스"", ""category3_code"": 268103107, ""is_new"": false, ""item_no"": 3535240, ""period_sort"": ""ONE_DAY"", ""platform"": ""29cm"", ""ranking_category_code"": ""268103100"", ""ranking_category_name"": ""여성의류>상의"", ""review_avg"": 5.0, ""sale_percent"": 14, ""sale_price"": 125690, ""sold_out"": true, ""url"": ""https://product.29cm.co.kr/catalog/3535240""}",2026-10-06T13:06:52+00:00_c2f52f8d
2026-10-06T22:06:52+09:00,2026-10-06T13:06:52+00:00,commerce_rank,[57th] Curve scarf blouse (stone gray),29cm:3535240,review_count,416.0,"{""brand_eng"": ""PREP FOR THE"", ""brand_kor"": ""프렙포더"", ""brand_no"": 86845, ""category1"": ""여성의류"", ""category2"": ""상의"", ""category3"": ""블라우스"", ""category3_code"": 268103107, ""is_new"": false, ""item_no"": 3535240, ""period_sort"": ""ONE_DAY"", ""platform"": ""29cm"", ""ranking_category_code"": ""268103100"", ""ranking_category_name"": ""여성의류>상의"", ""review_avg"": 5.0, ""sale_percent"": 14, ""sale_price"": 125690, ""sold_out"": true, ""url"": ""https://product.29cm.co.kr/catalog/3535240""}",2026-10-06T13:06:52+00:00_c2f52f8d
2026-10-06T22:06:52+09:00,2026-10-06T13:06:52+00:00,commerce_rank,[57th] Curve scarf blouse (stone gray),29cm:3535240@268103100,rank,39.0,"{""brand_eng"": ""PREP FOR THE"", ""brand_kor"": ""프렙포더"", ""brand_no"": 86845, ""category1"": ""여성의류"", ""category2"": ""상의"", ""category3"": ""블라우스"", ""category3_code"": 268103107, ""is_new"": false, ""item_no"": 3535240, ""period_sort"": ""ONE_DAY"", ""platform"": ""29cm"", ""ranking_category_code"": ""268103100"", ""ranking_category_name"": ""여성의류>상의"", ""review_avg"": 5.0, ""sale_percent"": 14, ""sale_price"": 125690, ""sold_out"": true, ""url"": ""https://product.29cm.co.kr/catalog/3535240""}",2026-10-06T13:06:52+00:00_c2f52f8d
2026-10-06T22:06:52+09:00,2026-10-06T13:06:52+00:00,commerce_rank,Easy long sleeve_5 Colors,29cm:3540872,heart_count,676.0,"{""brand_eng"": ""BUDHI MUDRA"", ""brand_kor"": ""부디무드라"", ""brand_no"": 20781, ""category1"": ""여성의류"", ""category2"": ""상의"", ""category3"": ""긴소매 티셔츠"", ""category3_code"": 268103102, ""is_new"": false, ""item_no"": 3540872, ""period_sort"": ""ONE_DAY"", ""platform"": ""29cm"", ""ranking_category_code"": ""268103100"", ""ranking_category_name"": ""여성의류>상의"", ""review_avg"": 4.5, ""sale_percent"": 10, ""sale_price"": 49500, ""sold_out"": false, ""url"": ""https://product.29cm.co.kr/catalog/3540872""}",2026-10-06T13:06:52+00:00_c2f52f8d
2026-10-06T22:06:52+09:00,2026-10-06T13:06:52+00:00,commerce_rank,Easy long sleeve_5 Colors,29cm:3540872,review_count,89.0,"{""brand_eng"": ""BUDHI MUDRA"", ""brand_kor"": ""부디무드라"", ""brand_no"": 20781, ""category1"": ""여성의류"", ""category2"": ""상의"", ""category3"": ""긴소매 티셔츠"", ""category3_code"": 268103102, ""is_new"": false, ""item_no"": 3540872, ""period_sort"": ""ONE_DAY"", ""platform"": ""29cm"", ""ranking_category_code"": ""268103100"", ""ranking_category_name"": ""여성의류>상의"", ""review_avg"": 4.5, ""sale_percent"": 10, ""sale_price"": 49500, ""sold_out"": false, ""url"": ""https://product.29cm.co.kr/catalog/3540872""}",2026-10-06T13:06:52+00:00_c2f52f8d
2026-10-06T22:06:52+09:00,2026-10-06T13:06:52+00:00,commerce_rank,Easy long sleeve_5 Colors,29cm:3540872@268103100,rank,73.0,"{""brand_eng"": ""BUDHI MUDRA"", ""brand_kor"": ""부디무드라"", ""brand_no"": 20781, ""category1"": ""여성의류"", ""category2"": ""상의"", ""category3"": ""긴소매 티셔츠"", ""category3_code"": 268103102, ""is_new"": false, ""item_no"": 3540872, ""period_sort"": ""ONE_DAY"", ""platform"": ""29cm"", ""ranking_category_code"": ""268103100"", ""ranking_category_name"": ""여성의류>상의"", ""review_avg"": 4.5, ""sale_percent"": 10, ""sale_price"": 49500, ""sold_out"": false, ""url"": ""https://product.29cm.co.kr/catalog/3540872""}",2026-10-06T13:06:52+00:00_c2f52f8d
2026-10-06T22:06:52+09:00,2026-10-06T13:06:52+00:00,commerce_rank,044 레글런 롱 슬리브 티셔츠,29cm:3545920,heart_count,10578.0,"{""brand_eng"": ""VIVA LA VIDA"", ""brand_kor"": ""비바라비다"", ""brand_no"": 100816, ""category1"": ""여성의류"", ""category2"": ""상의"", ""category3"": ""긴소매 티셔츠"", ""category3_code"": 268103102, ""is_new"": false, ""item_no"": 3545920, ""period_sort"": ""ONE_DAY"", ""platform"": ""29cm"", ""ranking_category_code"": ""268103100"", ""ranking_category_name"": ""여성의류>상의"", ""review_avg"": 5.0, ""sale_percent"": 31, ""sale_price"": 32310, ""sold_out"": false, ""url"": ""https://product.29cm.co.kr/catalog/3545920""}",2026-10-06T13:06:52+00:00_c2f52f8d
2026-10-06T22:06:52+09:00,2026-10-06T13:06:52+00:00,commerce_rank,044 레글런 롱 슬리브 티셔츠,29cm:3545920,review_count,233.0,"{""brand_eng"": ""VIVA LA VIDA"", ""brand_kor"": ""비바라비다"", ""brand_no"": 100816, ""category1"": ""여성의류"", ""category2"": ""상의"", ""category3"": ""긴소매 티셔츠"", ""category3_code"": 268103102, ""is_new"": false, ""item_no"": 3545920, ""period_sort"": ""ONE_DAY"", ""platform"": ""29cm"", ""ranking_category_code"": ""268103100"", ""ranking_category_name"": ""여성의류>상의"", ""review_avg"": 5.0, ""sale_percent"": 31, ""sale_price"": 32310, ""sold_out"": false, ""url"": ""https://product.29cm.co.kr/catalog/3545920""}",2026-10-06T13:06:52+00:00_c2f52f8d
2026-10-06T22:06:52+09:00,2026-10-06T13:06:52+00:00,commerce_rank,044 레글런 롱 슬리브 티셔츠,29cm:3545920@268103100,rank,22.0,"{""brand_eng"": ""VIVA LA VIDA"", ""brand_kor"": ""비바라비다"", ""brand_no"": 100816, ""category1"": ""여성의류"", ""category2"": ""상의"", ""category3"": ""긴소매 티셔츠"", ""category3_code"": 268103102, ""is_new"": false, ""item_no"": 3545920, ""period_sort"": ""ONE_DAY"", ""platform"": ""29cm"", ""ranking_category_code"": ""268103100"", ""ranking_category_name"": ""여성의류>상의"", ""review_avg"": 5.0, ""sale_percent"": 31, ""sale_price"": 32310, ""sold_out"": false, ""url"": ""https://product.29cm.co.kr/catalog/3545920""}",2026-10-06T13:06:52+00:00_c2f52f8d
2026-10-06T22:06:52+09:00,2026-10-06T13:06:53+00:00,commerce_rank,ASKIN LOGO LONG SLEEVE (BROWN GREY),29cm:3549850,heart_count,504.0,"{""brand_eng"": ""GOYOWEAR"", ""brand_kor"": ""고요웨어"", ""brand_no"": 16187, ""category1"": ""남성의류"", ""category2"": ""상의"", ""category3"": ""긴소매 티셔츠"", ""category3_code"": 272103102, ""is_new"": false, ""item_no"": 3549850, ""period_sort"": ""ONE_DAY"", ""platform"": ""29cm"", ""ranking_category_code"": ""272103100"", ""ranking_category_name"": ""남성의류>상의"", ""review_avg"": 5.0, ""sale_percent"": 10, ""sale_price"": 44100, ""sold_out"": false, ""url"": ""https://product.29cm.co.kr/catalog/3549850""}",2026-10-06T13:06:52+00:00_c2f52f8d
2026-10-06T22:06:52+09:00,2026-10-06T13:06:53+00:00,commerce_rank,ASKIN LOGO LONG SLEEVE (BROWN GREY),29cm:3549850,review_count,36.0,"{""brand_eng"": ""GOYOWEAR"", ""brand_kor"": ""고요웨어"", ""brand_no"": 16187, ""category1"": ""남성의류"", ""category2"": ""상의"", ""category3"": ""긴소매 티셔츠"", ""category3_code"": 272103102, ""is_new"": false, ""item_no"": 3549850, ""period_sort"": ""ONE_DAY"", ""platform"": ""29cm"", ""ranking_category_code"": ""272103100"", ""ranking_category_name"": ""남성의류>상의"", ""review_avg"": 5.0, ""sale_percent"": 10, ""sale_price"": 44100, ""sold_out"": false, ""url"": ""https://product.29cm.co.kr/catalog/3549850""}",2026-10-06T13:06:52+00:00_c2f52f8d
2026-10-06T22:06:52+09:00,2026-10-06T13:06:53+00:00,commerce_rank,ASKIN LOGO LONG SLEEVE (BROWN GREY),29cm:3549850@272103100,rank,35.0,"{""brand_eng"": ""GOYOWEAR"", ""brand_kor"": ""고요웨어"", ""brand_no"": 16187, ""category1"": ""남성의류"", ""category2"": ""상의"", ""category3"": ""긴소매 티셔츠"", ""category3_code"": 272103102, ""is_new"": false, ""item_no"": 3549850, ""period_sort"": ""ONE_DAY"", ""platform"": ""29cm"", ""ranking_category_code"": ""272103100"", ""ranking_category_name"": ""남성의류>상의"", ""review_avg"": 5.0, ""sale_percent"": 10, ""sale_price"": 44100, ""sold_out"": false, ""url"": ""https://product.29cm.co.kr/catalog/3549850""}",2026-10-06T13:06:52+00:00_c2f52f8d
2026-10-06T22:06:52+09:00,2026-10-06T13:06:53+00:00,commerce_rank,C로고 레귤러핏 후드 티셔츠 Oxford Grey,29cm:3589871,heart_count,146.0,"{""brand_eng"": ""CHAMPION"", ""brand_kor"": ""챔피온"", ""brand_no"": 71185, ""category1"": ""남성의류"", ""category2"": ""상의"", ""category3"": ""후디"", ""category3_code"": 272103108, ""is_new"": false, ""item_no"": 3589871, ""period_sort"": ""ONE_DAY"", ""platform"": ""29cm"", ""ranking_category_code"": ""272103100"", ""ranking_category_name"": ""남성의류>상의"", ""review_avg"": 5.0, ""sale_percent"": 37, ""sale_price"": 43470, ""sold_out"": false, ""url"": ""https://product.29cm.co.kr/catalog/3589871""}",2026-10-06T13:06:52+00:00_c2f52f8d
2026-10-06T22:06:52+09:00,2026-10-06T13:06:53+00:00,commerce_rank,C로고 레귤러핏 후드 티셔츠 Oxford Grey,29cm:3589871,review_count,5.0,"{""brand_eng"": ""CHAMPION"", ""brand_kor"": ""챔피온"", ""brand_no"": 71185, ""category1"": ""남성의류"", ""category2"": ""상의"", ""category3"": ""후디"", ""category3_code"": 272103108, ""is_new"": false, ""item_no"": 3589871, ""period_sort"": ""ONE_DAY"", ""platform"": ""29cm"", ""ranking_category_code"": ""272103100"", ""ranking_category_name"": ""남성의류>상의"", ""review_avg"": 5.0, ""sale_percent"": 37, ""sale_price"": 43470, ""sold_out"": false, ""url"": ""https://product.29cm.co.kr/catalog/3589871""}",2026-10-06T13:06:52+00:00_c2f52f8d
2026-10-06T22:06:52+09:00,2026-10-06T13:06:53+00:00,commerce_rank,C로고 레귤러핏 후드 티셔츠 Oxford Grey,29cm:3589871@272103100,rank,70.0,"{""brand_eng"": ""CHAMPION"", ""brand_kor"": ""챔피온"", ""brand_no"": 71185, ""category1"": ""남성의류"", ""category2"": ""상의"", ""category3"": ""후디"", ""category3_code"": 272103108, ""is_new"": false, ""item_no"": 3589871, ""period_sort"": ""ONE_DAY"", ""platform"": ""29cm"", ""ranking_category_code"": ""272103100"", ""ranking_category_name"": ""남성의류>상의"", ""review_avg"": 5.0, ""sale_percent"": 37, ""sale_price"": 43470, ""sold_out"": false, ""url"": ""https://product.29cm.co.kr/catalog/3589871""}",2026-10-06T13:06:52+00:00_c2f52f8d
2026-10-06T22:06:52+09:00,2026-10-06T13:06:52+00:00,commerce_rank,[47차] Draped Wool Tencel Layered Tee Set (Gray),29cm:3598810,heart_count,29330.0,"{""brand_eng"": ""TOAVE"", ""brand_kor"": ""토아베"", ""brand_no"": 101870, ""category1"": ""여성의류"", ""category2"": ""상의"", ""category3"": ""긴소매 티셔츠"", ""category3_code"": 268103102, ""is_new"": false, ""item_no"": 3598810, ""period_sort"": ""ONE_DAY"", ""platform"": ""29cm"", ""ranking_category_code"": ""268103100"", ""ranking_category_name"": ""여성의류>상의"", ""review_avg"": 4.5, ""sale_percent"": 30, ""sale_price"": 55860, ""sold_out"": false, ""url"": ""https://product.29cm.co.kr/catalog/3598810""}",2026-10-06T13:06:52+00:00_c2f52f8d
2026-10-06T22:06:52+09:00,2026-10-06T13:06:52+00:00,commerce_rank,[47차] Draped Wool Tencel Layered Tee Set (Gray),29cm:3598810,review_count,323.0,"{""brand_eng"": ""TOAVE"", ""brand_kor"": ""토아베"", ""brand_no"": 101870, ""category1"": ""여성의류"", ""category2"": ""상의"", ""category3"": ""긴소매 티셔츠"", ""category3_code"": 268103102, ""is_new"": false, ""item_no"": 3598810, ""period_sort"": ""ONE_DAY"", ""platform"": ""29cm"", ""ranking_category_code"": ""268103100"", ""ranking_category_name"": ""여성의류>상의"", ""review_avg"": 4.5, ""sale_percent"": 30, ""sale_price"": 55860, ""sold_out"": false, ""url"": ""https://product.29cm.co.kr/catalog/3598810""}",2026-10-06T13:06:52+00:00_c2f52f8d
2026-10-06T22:06:52+09:00,2026-10-06T13:06:52+00:00,commerce_rank,[47차] Draped Wool Tencel Layered Tee Set (Gray),29cm:3598810@268103100,rank,36.0,"{""brand_eng"": ""TOAVE"", ""brand_kor"": ""토아베"", ""brand_no"": 101870, ""category1"": ""여성의류"", ""category2"": ""상의"", ""category3"": ""긴소매 티셔츠"", ""category3_code"": 268103102, ""is_new"": false, ""item_no"": 3598810, ""period_sort"": ""ONE_DAY"", ""platform"": ""29cm"", ""ranking_category_code"": ""268103100"", ""ranking_category_name"": ""여성의류>상의"", ""review_avg"": 4.5, ""sale_percent"": 30, ""sale_price"": 55860, ""sold_out"": false, ""url"": ""https://product.29cm.co.kr/catalog/3598810""}",2026-10-06T13:06:52+00:00_c2f52f8d
2026-10-06T22:06:52+09:00,2026-10-06T13:06:52+00:00,commerce_rank,[혜영 PICK](w) 홀리데이 와플 오트밀 체크 인앤아웃 스웻셔츠,29cm:3611596,heart_count,16754.0,"{""brand_eng"": ""VIVIHOME"", ""brand_kor"": ""비비홈"", ""brand_no"": 35697, ""category1"": ""여성의류"", ""category2"": ""상의"", ""category3"": ""스웨트셔츠"", ""category3_code"": 268103104, ""is_new"": false, ""item_no"": 3611596, ""period_sort"": ""ONE_DAY"", ""platform"": ""29cm"", ""ranking_category_code"": ""268103100"", ""ranking_category_name"": ""여성의류>상의"", ""review_avg"": 4.5, ""sale_percent"": 36, ""sale_price"": 53630, ""sold_out"": false, ""url"": ""https://product.29cm.co.kr/catalog/3611596""}",2026-10-06T13:06:52+00:00_c2f52f8d
2026-10-06T22:06:52+09:00,2026-10-06T13:06:52+00:00,commerce_rank,[혜영 PICK](w) 홀리데이 와플 오트밀 체크 인앤아웃 스웻셔츠,29cm:3611596,review_count,127.0,"{""brand_eng"": ""VIVIHOME"", ""brand_kor"": ""비비홈"", ""brand_no"": 35697, ""category1"": ""여성의류"", ""category2"": ""상의"", ""category3"": ""스웨트셔츠"", ""category3_code"": 268103104, ""is_new"": false, ""item_no"": 3611596, ""period_sort"": ""ONE_DAY"", ""platform"": ""29cm"", ""ranking_category_code"": ""268103100"", ""ranking_category_name"": ""여성의류>상의"", ""review_avg"": 4.5, ""sale_percent"": 36, ""sale_price"": 53630, ""sold_out"": false, ""url"": ""https://product.29cm.co.kr/catalog/3611596""}",2026-10-06T13:06:52+00:00_c2f52f8d
2026-10-06T22:06:52+09:00,2026-10-06T13:06:52+00:00,commerce_rank,[혜영 PICK](w) 홀리데이 와플 오트밀 체크 인앤아웃 스웻셔츠,29cm:3611596@268103100,rank,75.0,"{""brand_eng"": ""VIVIHOME"", ""brand_kor"": ""비비홈"", ""brand_no"": 35697, ""category1"": ""여성의류"", ""category2"": ""상의"", ""category3"": ""스웨트셔츠"", ""category3_code"": 268103104, ""is_new"": false, ""item_no"": 3611596, ""period_sort"": ""ONE_DAY"", ""platform"": ""29cm"", ""ranking_category_code"": ""268103100"", ""ranking_category_name"": ""여성의류>상의"", ""review_avg"": 4.5, ""sale_percent"": 36, ""sale_price"": 53630, ""sold_out"": false, ""url"": ""https://product.29cm.co.kr/catalog/3611596""}",2026-10-06T13:06:52+00:00_c2f52f8d
2026-10-06T22:06:52+09:00,2026-10-06T13:06:52+00:00,commerce_rank,[41th] Raglan Campus Logo Long Top - Grey(Navy),29cm:3628013,heart_count,22655.0,"{""brand_eng"": ""SOMEWHEREBUTTER"", ""brand_kor"": ""썸웨어버터"", ""brand_no"": 18640, ""category1"": ""여성의류"", ""category2"": ""상의"", ""category3"": ""긴소매 티셔츠"", ""category3_code"": 268103102, ""is_new"": false, ""item_no"": 3628013, ""period_sort"": ""ONE_DAY"", ""platform"": ""29cm"", ""ranking_category_code"": ""268103100"", ""ranking_category_name"": ""여성의류>상의"", ""review_avg"": 5.0, ""sale_percent"": 10, ""sale_price"": 44100, ""sold_out"": false, ""url"": ""https://product.29cm.co.kr/catalog/3628013""}",2026-10-06T13:06:52+00:00_c2f52f8d
2026-10-06T22:06:52+09:00,2026-10-06T13:06:52+00:00,commerce_rank,[41th] Raglan Campus Logo Long Top - Grey(Navy),29cm:3628013,review_count,637.0,"{""brand_eng"": ""SOMEWHEREBUTTER"", ""brand_kor"": ""썸웨어버터"", ""brand_no"": 18640, ""category1"": ""여성의류"", ""category2"": ""상의"", ""category3"": ""긴소매 티셔츠"", ""category3_code"": 268103102, ""is_new"": false, ""item_no"": 3628013, ""period_sort"": ""ONE_DAY"", ""platform"": ""29cm"", ""ranking_category_code"": ""268103100"", ""ranking_category_name"": ""여성의류>상의"", ""review_avg"": 5.0, ""sale_percent"": 10, ""sale_price"": 44100, ""sold_out"": false, ""url"": ""https://product.29cm.co.kr/catalog/3628013""}",2026-10-06T13:06:52+00:00_c2f52f8d
2026-10-06T22:06:52+09:00,2026-10-06T13:06:52+00:00,commerce_rank,[41th] Raglan Campus Logo Long Top - Grey(Navy),29cm:3628013@268103100,rank,14.0,"{""brand_eng"": ""SOMEWHEREBUTTER"", ""brand_kor"": ""썸웨어버터"", ""brand_no"": 18640, ""category1"": ""여성의류"", ""category2"": ""상의"", ""category3"": ""긴소매 티셔츠"", ""category3_code"": 268103102, ""is_new"": false, ""item_no"": 3628013, ""period_sort"": ""ONE_DAY"", ""platform"": ""29cm"", ""ranking_category_code"": ""268103100"", ""ranking_category_name"": ""여성의류>상의"", ""review_avg"": 5.0, ""sale_percent"": 10, ""sale_price"": 44100, ""sold_out"": false, ""url"": ""https://product.29cm.co.kr/catalog/3628013""}",2026-10-06T13:06:52+00:00_c2f52f8d
2026-10-06T22:06:52+09:00,2026-10-06T13:06:53+00:00,commerce_rank,Blue Chambray Work Shirt KR Ver. Dark Indigo,29cm:3628796,heart_count,992.0,"{""brand_eng"": ""BRONSON"", ""brand_kor"": ""브론슨"", ""brand_no"": 89408, ""category1"": ""남성의류"", ""category2"": ""상의"", ""category3"": ""긴소매 셔츠"", ""category3_code"": 272103106, ""is_new"": false, ""item_no"": 3628796, ""period_sort"": ""ONE_DAY"", ""platform"": ""29cm"", ""ranking_category_code"": ""272103100"", ""ranking_category_name"": ""남성의류>상의"", ""review_avg"": 4.5, ""sale_percent"": 10, ""sale_price"": 66600, ""sold_out"": false, ""url"": ""https://product.29cm.co.kr/catalog/3628796""}",2026-10-06T13:06:52+00:00_c2f52f8d
2026-10-06T22:06:52+09:00,2026-10-06T13:06:53+00:00,commerce_rank,Blue Chambray Work Shirt KR Ver. Dark Indigo,29cm:3628796,review_count,41.0,"{""brand_eng"": ""BRONSON"", ""brand_kor"": ""브론슨"", ""brand_no"": 89408, ""category1"": ""남성의류"", ""category2"": ""상의"", ""category3"": ""긴소매 셔츠"", ""category3_code"": 272103106, ""is_new"": false, ""item_no"": 3628796, ""period_sort"": ""ONE_DAY"", ""platform"": ""29cm"", ""ranking_category_code"": ""272103100"", ""ranking_category_name"": ""남성의류>상의"", ""review_avg"": 4.5, ""sale_percent"": 10, ""sale_price"": 66600, ""sold_out"": false, ""url"": ""https://product.29cm.co.kr/catalog/3628796""}",2026-10-06T13:06:52+00:00_c2f52f8d
2026-10-06T22:06:52+09:00,2026-10-06T13:06:53+00:00,commerce_rank,Blue Chambray Work Shirt KR Ver. Dark Indigo,29cm:3628796@272103100,rank,23.0,"{""brand_eng"": ""BRONSON"", ""brand_kor"": ""브론슨"", ""brand_no"": 89408, ""category1"": ""남성의류"", ""category2"": ""상의"", ""category3"": ""긴소매 셔츠"", ""category3_code"": 272103106, ""is_new"": false, ""item_no"": 3628796, ""period_sort"": ""ONE_DAY"", ""platform"": ""29cm"", ""ranking_category_code"": ""272103100"", ""ranking_category_name"": ""남성의류>상의"", ""review_avg"": 4.5, ""sale_percent"": 10, ""sale_price"": 66600, ""sold_out"": false, ""url"": ""https://product.29cm.co.kr/catalog/3628796""}",2026-10-06T13:06:52+00:00_c2f52f8d
2026-10-06T22:06:52+09:00,2026-10-06T13:06:53+00:00,commerce_rank,Vintage Long Sleeve Henley Shirt Dark Grey (Korea Edition),29cm:3692715,heart_count,409.0,"{""brand_eng"": ""BRONSON"", ""brand_kor"": ""브론슨"", ""brand_no"": 89408, ""category1"": ""남성의류"", ""category2"": ""상의"", ""category3"": ""긴소매 티셔츠"", ""category3_code"": 272103102, ""is_new"": false, ""item_no"": 3692715, ""period_sort"": ""ONE_DAY"", ""platform"": ""29cm"", ""ranking_category_code"": ""272103100"", ""ranking_category_name"": ""남성의류>상의"", ""review_avg"": 4.5, ""sale_percent"": 10, ""sale_price"": 55800, ""sold_out"": false, ""url"": ""https://product.29cm.co.kr/catalog/3692715""}",2026-10-06T13:06:52+00:00_c2f52f8d
2026-10-06T22:06:52+09:00,2026-10-06T13:06:53+00:00,commerce_rank,Vintage Long Sleeve Henley Shirt Dark Grey (Korea Edition),29cm:3692715,review_count,39.0,"{""brand_eng"": ""BRONSON"", ""brand_kor"": ""브론슨"", ""brand_no"": 89408, ""category1"": ""남성의류"", ""category2"": ""상의"", ""category3"": ""긴소매 티셔츠"", ""category3_code"": 272103102, ""is_new"": false, ""item_no"": 3692715, ""period_sort"": ""ONE_DAY"", ""platform"": ""29cm"", ""ranking_category_code"": ""272103100"", ""ranking_category_name"": ""남성의류>상의"", ""review_avg"": 4.5, ""sale_percent"": 10, ""sale_price"": 55800, ""sold_out"": false, ""url"": ""https://product.29cm.co.kr/catalog/3692715""}",2026-10-06T13:06:52+00:00_c2f52f8d
2026-10-06T22:06:52+09:00,2026-10-06T13:06:53+00:00,commerce_rank,Vintage Long Sleeve Henley Shirt Dark Grey (Korea Edition),29cm:3692715@272103100,rank,29.0,"{""brand_eng"": ""BRONSON"", ""brand_kor"": ""브론슨"", ""brand_no"": 89408, ""category1"": ""남성의류"", ""category2"": ""상의"", ""category3"": ""긴소매 티셔츠"", ""category3_code"": 272103102, ""is_new"": false, ""item_no"": 3692715, ""period_sort"": ""ONE_DAY"", ""platform"": ""29cm"", ""ranking_category_code"": ""272103100"", ""ranking_category_name"": ""남성의류>상의"", ""review_avg"": 4.5, ""sale_percent"": 10, ""sale_price"": 55800, ""sold_out"": false, ""url"": ""https://product.29cm.co.kr/catalog/3692715""}",2026-10-06T13:06:52+00:00_c2f52f8d
2026-10-06T22:06:52+09:00,2026-10-06T13:06:52+00:00,commerce_rank,마티니 프릴 블라우스,29cm:3719533,heart_count,5740.0,"{""brand_eng"": ""MERRYON"", ""brand_kor"": ""메리온"", ""brand_no"": 108383, ""category1"": ""여성의류"", ""category2"": ""상의"", ""category3"": ""블라우스"", ""category3_code"": 268103107, ""is_new"": false, ""item_no"": 3719533, ""period_sort"": ""ONE_DAY"", ""platform"": ""29cm"", ""ranking_category_code"": ""268103100"", ""ranking_category_name"": ""여성의류>상의"", ""review_avg"": 5.0, ""sale_percent"": 34, ""sale_price"": 78470, ""sold_out"": false, ""url"": ""https://product.29cm.co.kr/catalog/3719533""}",2026-10-06T13:06:52+00:00_c2f52f8d
2026-10-06T22:06:52+09:00,2026-10-06T13:06:52+00:00,commerce_rank,마티니 프릴 블라우스,29cm:3719533,review_count,38.0,"{""brand_eng"": ""MERRYON"", ""brand_kor"": ""메리온"", ""brand_no"": 108383, ""category1"": ""여성의류"", ""category2"": ""상의"", ""category3"": ""블라우스"", ""category3_code"": 268103107, ""is_new"": false, ""item_no"": 3719533, ""period_sort"": ""ONE_DAY"", ""platform"": ""29cm"", ""ranking_category_code"": ""268103100"", ""ranking_category_name"": ""여성의류>상의"", ""review_avg"": 5.0, ""sale_percent"": 34, ""sale_price"": 78470, ""sold_out"": false, ""url"": ""https://product.29cm.co.kr/catalog/3719533""}",2026-10-06T13:06:52+00:00_c2f52f8d
2026-10-06T22:06:52+09:00,2026-10-06T13:06:52+00:00,commerce_rank,마티니 프릴 블라우스,29cm:3719533@268103100,rank,20.0,"{""brand_eng"": ""MERRYON"", ""brand_kor"": ""메리온"", ""brand_no"": 108383, ""category1"": ""여성의류"", ""category2"": ""상의"", ""category3"": ""블라우스"", ""category3_code"": 268103107, ""is_new"": false, ""item_no"": 3719533, ""period_sort"": ""ONE_DAY"", ""platform"": ""29cm"", ""ranking_category_code"": ""268103100"", ""ranking_category_name"": ""여성의류>상의"", ""review_avg"": 5.0, ""sale_percent"": 34, ""sale_price"": 78470, ""sold_out"": false, ""url"": ""https://product.29cm.co.kr/catalog/3719533""}",2026-10-06T13:06:52+00:00_c2f52f8d
2026-10-06T22:06:52+09:00,2026-10-06T13:06:53+00:00,commerce_rank,TG1-TS04 마일드 크루 스웻셔츠 - [네이비],29cm:3724264,heart_count,1776.0,"{""brand_eng"": ""THOMAS MORE"", ""brand_kor"": ""토마스모어"", ""brand_no"": 2111, ""category1"": ""남성의류"", ""category2"": ""상의"", ""category3"": ""스웨트셔츠"", ""category3_code"": 272103107, ""is_new"": false, ""item_no"": 3724264, ""period_sort"": ""ONE_DAY"", ""platform"": ""29cm"", ""ranking_category_code"": ""272103100"", ""ranking_category_name"": ""남성의류>상의"", ""review_avg"": 4.5, ""sale_percent"": 0, ""sale_price"": 59700, ""sold_out"": false, ""url"": ""https://product.29cm.co.kr/catalog/3724264""}",2026-10-06T13:06:52+00:00_c2f52f8d
2026-10-06T22:06:52+09:00,2026-10-06T13:06:53+00:00,commerce_rank,TG1-TS04 마일드 크루 스웻셔츠 - [네이비],29cm:3724264,review_count,80.0,"{""brand_eng"": ""THOMAS MORE"", ""brand_kor"": ""토마스모어"", ""brand_no"": 2111, ""category1"": ""남성의류"", ""category2"": ""상의"", ""category3"": ""스웨트셔츠"", ""category3_code"": 272103107, ""is_new"": false, ""item_no"": 3724264, ""period_sort"": ""ONE_DAY"", ""platform"": ""29cm"", ""ranking_category_code"": ""272103100"", ""ranking_category_name"": ""남성의류>상의"", ""review_avg"": 4.5, ""sale_percent"": 0, ""sale_price"": 59700, ""sold_out"": false, ""url"": ""https://product.29cm.co.kr/catalog/3724264""}",2026-10-06T13:06:52+00:00_c2f52f8d
2026-10-06T22:06:52+09:00,2026-10-06T13:06:53+00:00,commerce_rank,TG1-TS04 마일드 크루 스웻셔츠 - [네이비],29cm:3724264@272103100,rank,68.0,"{""brand_eng"": ""THOMAS MORE"", ""brand_kor"": ""토마스모어"", ""brand_no"": 2111, ""category1"": ""남성의류"", ""category2"": ""상의"", ""category3"": ""스웨트셔츠"", ""category3_code"": 272103107, ""is_new"": false, ""item_no"": 3724264, ""period_sort"": ""ONE_DAY"", ""platform"": ""29cm"", ""ranking_category_code"": ""272103100"", ""ranking_category_name"": ""남성의류>상의"", ""review_avg"": 4.5, ""sale_percent"": 0, ""sale_price"": 59700, ""sold_out"": false, ""url"": ""https://product.29cm.co.kr/catalog/3724264""}",2026-10-06T13:06:52+00:00_c2f52f8d
2026-10-06T22:06:52+09:00,2026-10-06T13:06:53+00:00,commerce_rank,10.6 oz Cotton Short Sleeve Henley Tee Black,29cm:3735295,heart_count,442.0,"{""brand_eng"": ""BRONSON"", ""brand_kor"": ""브론슨"", ""brand_no"": 89408, ""category1"": ""남성의류"", ""category2"": ""상의"", ""category3"": ""반소매 티셔츠"", ""category3_code"": 272103101, ""is_new"": false, ""item_no"": 3735295, ""period_sort"": ""ONE_DAY"", ""platform"": ""29cm"", ""ranking_category_code"": ""272103100"", ""ranking_category_name"": ""남성의류>상의"", ""review_avg"": 5.0, ""sale_percent"": 19, ""sale_price"": 42930, ""sold_out"": false, ""url"": ""https://product.29cm.co.kr/catalog/3735295""}",2026-10-06T13:06:52+00:00_c2f52f8d
2026-10-06T22:06:52+09:00,2026-10-06T13:06:53+00:00,commerce_rank,10.6 oz Cotton Short Sleeve Henley Tee Black,29cm:3735295,review_count,75.0,"{""brand_eng"": ""BRONSON"", ""brand_kor"": ""브론슨"", ""brand_no"": 89408, ""category1"": ""남성의류"", ""category2"": ""상의"", ""category3"": ""반소매 티셔츠"", ""category3_code"": 272103101, ""is_new"": false, ""item_no"": 3735295, ""period_sort"": ""ONE_DAY"", ""platform"": ""29cm"", ""ranking_category_code"": ""272103100"", ""ranking_category_name"": ""남성의류>상의"", ""review_avg"": 5.0, ""sale_percent"": 19, ""sale_price"": 42930, ""sold_out"": false, ""url"": ""https://product.29cm.co.kr/catalog/3735295""}",2026-10-06T13:06:52+00:00_c2f52f8d
2026-10-06T22:06:52+09:00,2026-10-06T13:06:53+00:00,commerce_rank,10.6 oz Cotton Short Sleeve Henley Tee Black,29cm:3735295@272103100,rank,60.0,"{""brand_eng"": ""BRONSON"", ""brand_kor"": ""브론슨"", ""brand_no"": 89408, ""category1"": ""남성의류"", ""category2"": ""상의"", ""category3"": ""반소매 티셔츠"", ""category3_code"": 272103101, ""is_new"": false, ""item_no"": 3735295, ""period_sort"": ""ONE_DAY"", ""platform"": ""29cm"", ""ranking_category_code"": ""272103100"", ""ranking_category_name"": ""남성의류>상의"", ""review_avg"": 5.0, ""sale_percent"": 19, ""sale_price"": 42930, ""sold_out"": false, ""url"": ""https://product.29cm.co.kr/catalog/3735295""}",2026-10-06T13:06:52+00:00_c2f52f8d
2026-10-06T22:06:52+09:00,2026-10-06T13:06:53+00:00,commerce_rank,Fine Long Sleeve Mud,29cm:3735576,heart_count,73.0,"{""brand_eng"": ""rough side"", ""brand_kor"": ""러프사이드"", ""brand_no"": 3821, ""category1"": ""남성의류"", ""category2"": ""상의"", ""category3"": ""긴소매 티셔츠"", ""category3_code"": 272103102, ""is_new"": false, ""item_no"": 3735576, ""period_sort"": ""ONE_DAY"", ""platform"": ""29cm"", ""ranking_category_code"": ""272103100"", ""ranking_category_name"": ""남성의류>상의"", ""review_avg"": 5.0, ""sale_percent"": 5, ""sale_price"": 65550, ""sold_out"": false, ""url"": ""https://product.29cm.co.kr/catalog/3735576""}",2026-10-06T13:06:52+00:00_c2f52f8d
2026-10-06T22:06:52+09:00,2026-10-06T13:06:53+00:00,commerce_rank,Fine Long Sleeve Mud,29cm:3735576,review_count,1.0,"{""brand_eng"": ""rough side"", ""brand_kor"": ""러프사이드"", ""brand_no"": 3821, ""category1"": ""남성의류"", ""category2"": ""상의"", ""category3"": ""긴소매 티셔츠"", ""category3_code"": 272103102, ""is_new"": false, ""item_no"": 3735576, ""period_sort"": ""ONE_DAY"", ""platform"": ""29cm"", ""ranking_category_code"": ""272103100"", ""ranking_category_name"": ""남성의류>상의"", ""review_avg"": 5.0, ""sale_percent"": 5, ""sale_price"": 65550, ""sold_out"": false, ""url"": ""https://product.29cm.co.kr/catalog/3735576""}",2026-10-06T13:06:52+00:00_c2f52f8d
2026-10-06T22:06:52+09:00,2026-10-06T13:06:53+00:00,commerce_rank,Fine Long Sleeve Mud,29cm:3735576@272103100,rank,87.0,"{""brand_eng"": ""rough side"", ""brand_kor"": ""러프사이드"", ""brand_no"": 3821, ""category1"": ""남성의류"", ""category2"": ""상의"", ""category3"": ""긴소매 티셔츠"", ""category3_code"": 272103102, ""is_new"": false, ""item_no"": 3735576, ""period_sort"": ""ONE_DAY"", ""platform"": ""29cm"", ""ranking_category_code"": ""272103100"", ""ranking_category_name"": ""남성의류>상의"", ""review_avg"": 5.0, ""sale_percent"": 5, ""sale_price"": 65550, ""sold_out"": false, ""url"": ""https://product.29cm.co.kr/catalog/3735576""}",2026-10-06T13:06:52+00:00_c2f52f8d
2026-10-06T22:06:52+09:00,2026-10-06T13:06:53+00:00,commerce_rank,크리스피 크롭 셔츠 [4COLOR],29cm:3738551,heart_count,131.0,"{""brand_eng"": ""ALYSS"", ""brand_kor"": ""알리스"", ""brand_no"": 19758, ""category1"": ""남성의류"", ""category2"": ""상의"", ""category3"": ""긴소매 셔츠"", ""category3_code"": 272103106, ""is_new"": false, ""item_no"": 3738551, ""period_sort"": ""ONE_DAY"", ""platform"": ""29cm"", ""ranking_category_code"": ""272103100"", ""ranking_category_name"": ""남성의류>상의"", ""review_avg"": 5.0, ""sale_percent"": 33, ""sale_price"": 45890, ""sold_out"": false, ""url"": ""https://product.29cm.co.kr/catalog/3738551""}",2026-10-06T13:06:52+00:00_c2f52f8d
2026-10-06T22:06:52+09:00,2026-10-06T13:06:53+00:00,commerce_rank,크리스피 크롭 셔츠 [4COLOR],29cm:3738551,review_count,4.0,"{""brand_eng"": ""ALYSS"", ""brand_kor"": ""알리스"", ""brand_no"": 19758, ""category1"": ""남성의류"", ""category2"": ""상의"", ""category3"": ""긴소매 셔츠"", ""category3_code"": 272103106, ""is_new"": false, ""item_no"": 3738551, ""period_sort"": ""ONE_DAY"", ""platform"": ""29cm"", ""ranking_category_code"": ""272103100"", ""ranking_category_name"": ""남성의류>상의"", ""review_avg"": 5.0, ""sale_percent"": 33, ""sale_price"": 45890, ""sold_out"": false, ""url"": ""https://product.29cm.co.kr/catalog/3738551""}",2026-10-06T13:06:52+00:00_c2f52f8d
2026-10-06T22:06:52+09:00,2026-10-06T13:06:53+00:00,commerce_rank,크리스피 크롭 셔츠 [4COLOR],29cm:3738551@272103100,rank,77.0,"{""brand_eng"": ""ALYSS"", ""brand_kor"": ""알리스"", ""brand_no"": 19758, ""category1"": ""남성의류"", ""category2"": ""상의"", ""category3"": ""긴소매 셔츠"", ""category3_code"": 272103106, ""is_new"": false, ""item_no"": 3738551, ""period_sort"": ""ONE_DAY"", ""platform"": ""29cm"", ""ranking_category_code"": ""272103100"", ""ranking_category_name"": ""남성의류>상의"", ""review_avg"": 5.0, ""sale_percent"": 33, ""sale_price"": 45890, ""sold_out"": false, ""url"": ""https://product.29cm.co.kr/catalog/3738551""}",2026-10-06T13:06:52+00:00_c2f52f8d
2026-10-06T22:06:52+09:00,2026-10-06T13:06:53+00:00,commerce_rank,Multi Border L/S Tee Grey,29cm:3742743,heart_count,41.0,"{""brand_eng"": ""ESPIONAGE"", ""brand_kor"": ""에스피오나지"", ""brand_no"": 78460, ""category1"": ""남성의류"", ""category2"": ""상의"", ""category3"": ""긴소매 티셔츠"", ""category3_code"": 272103102, ""is_new"": false, ""item_no"": 3742743, ""period_sort"": ""ONE_DAY"", ""platform"": ""29cm"", ""ranking_category_code"": ""272103100"", ""ranking_category_name"": ""남성의류>상의"", ""review_avg"": 4.5, ""sale_percent"": 28, ""sale_price"": 59040, ""sold_out"": false, ""url"": ""https://product.29cm.co.kr/catalog/3742743""}",2026-10-06T13:06:52+00:00_c2f52f8d
2026-10-06T22:06:52+09:00,2026-10-06T13:06:53+00:00,commerce_rank,Multi Border L/S Tee Grey,29cm:3742743,review_count,3.0,"{""brand_eng"": ""ESPIONAGE"", ""brand_kor"": ""에스피오나지"", ""brand_no"": 78460, ""category1"": ""남성의류"", ""category2"": ""상의"", ""category3"": ""긴소매 티셔츠"", ""category3_code"": 272103102, ""is_new"": false, ""item_no"": 3742743, ""period_sort"": ""ONE_DAY"", ""platform"": ""29cm"", ""ranking_category_code"": ""272103100"", ""ranking_category_name"": ""남성의류>상의"", ""review_avg"": 4.5, ""sale_percent"": 28, ""sale_price"": 59040, ""sold_out"": false, ""url"": ""https://product.29cm.co.kr/catalog/3742743""}",2026-10-06T13:06:52+00:00_c2f52f8d
2026-10-06T22:06:52+09:00,2026-10-06T13:06:53+00:00,commerce_rank,Multi Border L/S Tee Grey,29cm:3742743@272103100,rank,84.0,"{""brand_eng"": ""ESPIONAGE"", ""brand_kor"": ""에스피오나지"", ""brand_no"": 78460, ""category1"": ""남성의류"", ""category2"": ""상의"", ""category3"": ""긴소매 티셔츠"", ""category3_code"": 272103102, ""is_new"": false, ""item_no"": 3742743, ""period_sort"": ""ONE_DAY"", ""platform"": ""29cm"", ""ranking_category_code"": ""272103100"", ""ranking_category_name"": ""남성의류>상의"", ""review_avg"": 4.5, ""sale_percent"": 28, ""sale_price"": 59040, ""sold_out"": false, ""url"": ""https://product.29cm.co.kr/catalog/3742743""}",2026-10-06T13:06:52+00:00_c2f52f8d
2026-10-06T22:06:52+09:00,2026-10-06T13:06:52+00:00,commerce_rank,[13차] 오버 스트라이프 티셔츠_네이비,29cm:3748318,heart_count,4892.0,"{""brand_eng"": ""YUPPE"", ""brand_kor"": ""엽페"", ""brand_no"": 2856, ""category1"": ""여성의류"", ""category2"": ""상의"", ""category3"": ""긴소매 티셔츠"", ""category3_code"": 268103102, ""is_new"": false, ""item_no"": 3748318, ""period_sort"": ""ONE_DAY"", ""platform"": ""29cm"", ""ranking_category_code"": ""268103100"", ""ranking_category_name"": ""여성의류>상의"", ""review_avg"": 5.0, ""sale_percent"": 47, ""sale_price"": 41480, ""sold_out"": false, ""url"": ""https://product.29cm.co.kr/catalog/3748318""}",2026-10-06T13:06:52+00:00_c2f52f8d
2026-10-06T22:06:52+09:00,2026-10-06T13:06:52+00:00,commerce_rank,[13차] 오버 스트라이프 티셔츠_네이비,29cm:3748318,review_count,133.0,"{""brand_eng"": ""YUPPE"", ""brand_kor"": ""엽페"", ""brand_no"": 2856, ""category1"": ""여성의류"", ""category2"": ""상의"", ""category3"": ""긴소매 티셔츠"", ""category3_code"": 268103102, ""is_new"": false, ""item_no"": 3748318, ""period_sort"": ""ONE_DAY"", ""platform"": ""29cm"", ""ranking_category_code"": ""268103100"", ""ranking_category_name"": ""여성의류>상의"", ""review_avg"": 5.0, ""sale_percent"": 47, ""sale_price"": 41480, ""sold_out"": false, ""url"": ""https://product.29cm.co.kr/catalog/3748318""}",2026-10-06T13:06:52+00:00_c2f52f8d
2026-10-06T22:06:52+09:00,2026-10-06T13:06:52+00:00,commerce_rank,[13차] 오버 스트라이프 티셔츠_네이비,29cm:3748318@268103100,rank,5.0,"{""brand_eng"": ""YUPPE"", ""brand_kor"": ""엽페"", ""brand_no"": 2856, ""category1"": ""여성의류"", ""category2"": ""상의"", ""category3"": ""긴소매 티셔츠"", ""category3_code"": 268103102, ""is_new"": false, ""item_no"": 3748318, ""period_sort"": ""ONE_DAY"", ""platform"": ""29cm"", ""ranking_category_code"": ""268103100"", ""ranking_category_name"": ""여성의류>상의"", ""review_avg"": 5.0, ""sale_percent"": 47, ""sale_price"": 41480, ""sold_out"": false, ""url"": ""https://product.29cm.co.kr/catalog/3748318""}",2026-10-06T13:06:52+00:00_c2f52f8d
2026-10-06T22:06:52+09:00,2026-10-06T13:06:52+00:00,commerce_rank,Light Oversized Check Shirts Blue / Black,29cm:3748753,heart_count,21409.0,"{""brand_eng"": ""MICHIKO LONDON KOSHINO"", ""brand_kor"": ""미치코런던 코시노"", ""brand_no"": 26100, ""category1"": ""여성의류"", ""category2"": ""상의"", ""category3"": ""셔츠"", ""category3_code"": 268103106, ""is_new"": false, ""item_no"": 3748753, ""period_sort"": ""ONE_DAY"", ""platform"": ""29cm"", ""ranking_category_code"": ""268103100"", ""ranking_category_name"": ""여성의류>상의"", ""review_avg"": 5.0, ""sale_percent"": 19, ""sale_price"": 58320, ""sold_out"": false, ""url"": ""https://product.29cm.co.kr/catalog/3748753""}",2026-10-06T13:06:52+00:00_c2f52f8d
2026-10-06T22:06:52+09:00,2026-10-06T13:06:52+00:00,commerce_rank,Light Oversized Check Shirts Blue / Black,29cm:3748753,review_count,646.0,"{""brand_eng"": ""MICHIKO LONDON KOSHINO"", ""brand_kor"": ""미치코런던 코시노"", ""brand_no"": 26100, ""category1"": ""여성의류"", ""category2"": ""상의"", ""category3"": ""셔츠"", ""category3_code"": 268103106, ""is_new"": false, ""item_no"": 3748753, ""period_sort"": ""ONE_DAY"", ""platform"": ""29cm"", ""ranking_category_code"": ""268103100"", ""ranking_category_name"": ""여성의류>상의"", ""review_avg"": 5.0, ""sale_percent"": 19, ""sale_price"": 58320, ""sold_out"": false, ""url"": ""https://product.29cm.co.kr/catalog/3748753""}",2026-10-06T13:06:52+00:00_c2f52f8d
2026-10-06T22:06:52+09:00,2026-10-06T13:06:52+00:00,commerce_rank,Light Oversized Check Shirts Blue / Black,29cm:3748753@268103100,rank,69.0,"{""brand_eng"": ""MICHIKO LONDON KOSHINO"", ""brand_kor"": ""미치코런던 코시노"", ""brand_no"": 26100, ""category1"": ""여성의류"", ""category2"": ""상의"", ""category3"": ""셔츠"", ""category3_code"": 268103106, ""is_new"": false, ""item_no"": 3748753, ""period_sort"": ""ONE_DAY"", ""platform"": ""29cm"", ""ranking_category_code"": ""268103100"", ""ranking_category_name"": ""여성의류>상의"", ""review_avg"": 5.0, ""sale_percent"": 19, ""sale_price"": 58320, ""sold_out"": false, ""url"": ""https://product.29cm.co.kr/catalog/3748753""}",2026-10-06T13:06:52+00:00_c2f52f8d
2026-10-06T22:06:52+09:00,2026-10-06T13:06:52+00:00,commerce_rank,3/4 Sleeve Slim Fit Shirts White,29cm:3748861,heart_count,6663.0,"{""brand_eng"": ""MICHIKO LONDON KOSHINO"", ""brand_kor"": ""미치코런던 코시노"", ""brand_no"": 26100, ""category1"": ""여성의류"", ""category2"": ""상의"", ""category3"": ""셔츠"", ""category3_code"": 268103106, ""is_new"": false, ""item_no"": 3748861, ""period_sort"": ""ONE_DAY"", ""platform"": ""29cm"", ""ranking_category_code"": ""268103100"", ""ranking_category_name"": ""여성의류>상의"", ""review_avg"": 4.5, ""sale_percent"": 19, ""sale_price"": 51030, ""sold_out"": false, ""url"": ""https://product.29cm.co.kr/catalog/3748861""}",2026-10-06T13:06:52+00:00_c2f52f8d
2026-10-06T22:06:52+09:00,2026-10-06T13:06:52+00:00,commerce_rank,3/4 Sleeve Slim Fit Shirts White,29cm:3748861,review_count,110.0,"{""brand_eng"": ""MICHIKO LONDON KOSHINO"", ""brand_kor"": ""미치코런던 코시노"", ""brand_no"": 26100, ""category1"": ""여성의류"", ""category2"": ""상의"", ""category3"": ""셔츠"", ""category3_code"": 268103106, ""is_new"": false, ""item_no"": 3748861, ""period_sort"": ""ONE_DAY"", ""platform"": ""29cm"", ""ranking_category_code"": ""268103100"", ""ranking_category_name"": ""여성의류>상의"", ""review_avg"": 4.5, ""sale_percent"": 19, ""sale_price"": 51030, ""sold_out"": false, ""url"": ""https://product.29cm.co.kr/catalog/3748861""}",2026-10-06T13:06:52+00:00_c2f52f8d
2026-10-06T22:06:52+09:00,2026-10-06T13:06:52+00:00,commerce_rank,3/4 Sleeve Slim Fit Shirts White,29cm:3748861@268103100,rank,27.0,"{""brand_eng"": ""MICHIKO LONDON KOSHINO"", ""brand_kor"": ""미치코런던 코시노"", ""brand_no"": 26100, ""category1"": ""여성의류"", ""category2"": ""상의"", ""category3"": ""셔츠"", ""category3_code"": 268103106, ""is_new"": false, ""item_no"": 3748861, ""period_sort"": ""ONE_DAY"", ""platform"": ""29cm"", ""ranking_category_code"": ""268103100"", ""ranking_category_name"": ""여성의류>상의"", ""review_avg"": 4.5, ""sale_percent"": 19, ""sale_price"": 51030, ""sold_out"": false, ""url"": ""https://product.29cm.co.kr/catalog/3748861""}",2026-10-06T13:06:52+00:00_c2f52f8d
2026-10-06T22:06:52+09:00,2026-10-06T13:06:52+00:00,commerce_rank,[2nd] Long Sleeve Tie T-shirts E201_2color,29cm:3752697,heart_count,1777.0,"{""brand_eng"": ""TENUVE"", ""brand_kor"": ""테누브"", ""brand_no"": 97132, ""category1"": ""여성의류"", ""category2"": ""단독"", ""category3"": ""상의"", ""category3_code"": 268116101, ""is_new"": false, ""item_no"": 3752697, ""period_sort"": ""ONE_DAY"", ""platform"": ""29cm"", ""ranking_category_code"": ""268103100"", ""ranking_category_name"": ""여성의류>상의"", ""review_avg"": 4.5, ""sale_percent"": 32, ""sale_price"": 60520, ""sold_out"": false, ""url"": ""https://product.29cm.co.kr/catalog/3752697""}",2026-10-06T13:06:52+00:00_c2f52f8d
2026-10-06T22:06:52+09:00,2026-10-06T13:06:52+00:00,commerce_rank,[2nd] Long Sleeve Tie T-shirts E201_2color,29cm:3752697,review_count,32.0,"{""brand_eng"": ""TENUVE"", ""brand_kor"": ""테누브"", ""brand_no"": 97132, ""category1"": ""여성의류"", ""category2"": ""단독"", ""category3"": ""상의"", ""category3_code"": 268116101, ""is_new"": false, ""item_no"": 3752697, ""period_sort"": ""ONE_DAY"", ""platform"": ""29cm"", ""ranking_category_code"": ""268103100"", ""ranking_category_name"": ""여성의류>상의"", ""review_avg"": 4.5, ""sale_percent"": 32, ""sale_price"": 60520, ""sold_out"": false, ""url"": ""https://product.29cm.co.kr/catalog/3752697""}",2026-10-06T13:06:52+00:00_c2f52f8d
2026-10-06T22:06:52+09:00,2026-10-06T13:06:52+00:00,commerce_rank,[2nd] Long Sleeve Tie T-shirts E201_2color,29cm:3752697@268103100,rank,87.0,"{""brand_eng"": ""TENUVE"", ""brand_kor"": ""테누브"", ""brand_no"": 97132, ""category1"": ""여성의류"", ""category2"": ""단독"", ""category3"": ""상의"", ""category3_code"": 268116101, ""is_new"": false, ""item_no"": 3752697, ""period_sort"": ""ONE_DAY"", ""platform"": ""29cm"", ""ranking_category_code"": ""268103100"", ""ranking_category_name"": ""여성의류>상의"", ""review_avg"": 4.5, ""sale_percent"": 32, ""sale_price"": 60520, ""sold_out"": false, ""url"": ""https://product.29cm.co.kr/catalog/3752697""}",2026-10-06T13:06:52+00:00_c2f52f8d
2026-10-06T22:06:52+09:00,2026-10-06T13:06:52+00:00,commerce_rank,A3567 와플 래글런 티셔츠_Black,29cm:3770418,heart_count,1997.0,"{""brand_eng"": ""VANONE ATELIER"", ""brand_kor"": ""반원 아틀리에"", ""brand_no"": 4715, ""category1"": ""여성의류"", ""category2"": ""상의"", ""category3"": ""긴소매 티셔츠"", ""category3_code"": 268103102, ""is_new"": false, ""item_no"": 3770418, ""period_sort"": ""ONE_DAY"", ""platform"": ""29cm"", ""ranking_category_code"": ""268103100"", ""ranking_category_name"": ""여성의류>상의"", ""review_avg"": 4.5, ""sale_percent"": 37, ""sale_price"": 30870, ""sold_out"": false, ""url"": ""https://product.29cm.co.kr/catalog/3770418""}",2026-10-06T13:06:52+00:00_c2f52f8d
2026-10-06T22:06:52+09:00,2026-10-06T13:06:52+00:00,commerce_rank,A3567 와플 래글런 티셔츠_Black,29cm:3770418,review_count,70.0,"{""brand_eng"": ""VANONE ATELIER"", ""brand_kor"": ""반원 아틀리에"", ""brand_no"": 4715, ""category1"": ""여성의류"", ""category2"": ""상의"", ""category3"": ""긴소매 티셔츠"", ""category3_code"": 268103102, ""is_new"": false, ""item_no"": 3770418, ""period_sort"": ""ONE_DAY"", ""platform"": ""29cm"", ""ranking_category_code"": ""268103100"", ""ranking_category_name"": ""여성의류>상의"", ""review_avg"": 4.5, ""sale_percent"": 37, ""sale_price"": 30870, ""sold_out"": false, ""url"": ""https://product.29cm.co.kr/catalog/3770418""}",2026-10-06T13:06:52+00:00_c2f52f8d
2026-10-06T22:06:52+09:00,2026-10-06T13:06:52+00:00,commerce_rank,A3567 와플 래글런 티셔츠_Black,29cm:3770418@268103100,rank,79.0,"{""brand_eng"": ""VANONE ATELIER"", ""brand_kor"": ""반원 아틀리에"", ""brand_no"": 4715, ""category1"": ""여성의류"", ""category2"": ""상의"", ""category3"": ""긴소매 티셔츠"", ""category3_code"": 268103102, ""is_new"": false, ""item_no"": 3770418, ""period_sort"": ""ONE_DAY"", ""platform"": ""29cm"", ""ranking_category_code"": ""268103100"", ""ranking_category_name"": ""여성의류>상의"", ""review_avg"": 4.5, ""sale_percent"": 37, ""sale_price"": 30870, ""sold_out"": false, ""url"": ""https://product.29cm.co.kr/catalog/3770418""}",2026-10-06T13:06:52+00:00_c2f52f8d
2026-10-06T22:06:52+09:00,2026-10-06T13:06:53+00:00,commerce_rank,T-Logo L/S Tee Washed Black,29cm:3772048,heart_count,166.0,"{""brand_eng"": ""thisisneverthat"", ""brand_kor"": ""디스이즈네버댓"", ""brand_no"": 70, ""category1"": ""남성의류"", ""category2"": ""상의"", ""category3"": ""긴소매 티셔츠"", ""category3_code"": 272103102, ""is_new"": false, ""item_no"": 3772048, ""period_sort"": ""ONE_DAY"", ""platform"": ""29cm"", ""ranking_category_code"": ""272103100"", ""ranking_category_name"": ""남성의류>상의"", ""review_avg"": 5.0, ""sale_percent"": 0, ""sale_price"": 65000, ""sold_out"": false, ""url"": ""https://product.29cm.co.kr/catalog/3772048""}",2026-10-06T13:06:52+00:00_c2f52f8d
2026-10-06T22:06:52+09:00,2026-10-06T13:06:53+00:00,commerce_rank,T-Logo L/S Tee Washed Black,29cm:3772048,review_count,8.0,"{""brand_eng"": ""thisisneverthat"", ""brand_kor"": ""디스이즈네버댓"", ""brand_no"": 70, ""category1"": ""남성의류"", ""category2"": ""상의"", ""category3"": ""긴소매 티셔츠"", ""category3_code"": 272103102, ""is_new"": false, ""item_no"": 3772048, ""period_sort"": ""ONE_DAY"", ""platform"": ""29cm"", ""ranking_category_code"": ""272103100"", ""ranking_category_name"": ""남성의류>상의"", ""review_avg"": 5.0, ""sale_percent"": 0, ""sale_price"": 65000, ""sold_out"": false, ""url"": ""https://product.29cm.co.kr/catalog/3772048""}",2026-10-06T13:06:52+00:00_c2f52f8d
2026-10-06T22:06:52+09:00,2026-10-06T13:06:53+00:00,commerce_rank,T-Logo L/S Tee Washed Black,29cm:3772048@272103100,rank,61.0,"{""brand_eng"": ""thisisneverthat"", ""brand_kor"": ""디스이즈네버댓"", ""brand_no"": 70, ""category1"": ""남성의류"", ""category2"": ""상의"", ""category3"": ""긴소매 티셔츠"", ""category3_code"": 272103102, ""is_new"": false, ""item_no"": 3772048, ""period_sort"": ""ONE_DAY"", ""platform"": ""29cm"", ""ranking_category_code"": ""272103100"", ""ranking_category_name"": ""남성의류>상의"", ""review_avg"": 5.0, ""sale_percent"": 0, ""sale_price"": 65000, ""sold_out"": false, ""url"": ""https://product.29cm.co.kr/catalog/3772048""}",2026-10-06T13:06:52+00:00_c2f52f8d
2026-10-06T22:06:52+09:00,2026-10-06T13:06:53+00:00,commerce_rank,T-Logo LT Crewneck Heather Grey,29cm:3772061,heart_count,67.0,"{""brand_eng"": ""thisisneverthat"", ""brand_kor"": ""디스이즈네버댓"", ""brand_no"": 70, ""category1"": ""남성의류"", ""category2"": ""상의"", ""category3"": ""스웨트셔츠"", ""category3_code"": 272103107, ""is_new"": false, ""item_no"": 3772061, ""period_sort"": ""ONE_DAY"", ""platform"": ""29cm"", ""ranking_category_code"": ""272103100"", ""ranking_category_name"": ""남성의류>상의"", ""review_avg"": 5.0, ""sale_percent"": 51, ""sale_price"": 46550, ""sold_out"": false, ""url"": ""https://product.29cm.co.kr/catalog/3772061""}",2026-10-06T13:06:52+00:00_c2f52f8d
2026-10-06T22:06:52+09:00,2026-10-06T13:06:53+00:00,commerce_rank,T-Logo LT Crewneck Heather Grey,29cm:3772061,review_count,3.0,"{""brand_eng"": ""thisisneverthat"", ""brand_kor"": ""디스이즈네버댓"", ""brand_no"": 70, ""category1"": ""남성의류"", ""category2"": ""상의"", ""category3"": ""스웨트셔츠"", ""category3_code"": 272103107, ""is_new"": false, ""item_no"": 3772061, ""period_sort"": ""ONE_DAY"", ""platform"": ""29cm"", ""ranking_category_code"": ""272103100"", ""ranking_category_name"": ""남성의류>상의"", ""review_avg"": 5.0, ""sale_percent"": 51, ""sale_price"": 46550, ""sold_out"": false, ""url"": ""https://product.29cm.co.kr/catalog/3772061""}",2026-10-06T13:06:52+00:00_c2f52f8d
2026-10-06T22:06:52+09:00,2026-10-06T13:06:53+00:00,commerce_rank,T-Logo LT Crewneck Heather Grey,29cm:3772061@272103100,rank,21.0,"{""brand_eng"": ""thisisneverthat"", ""brand_kor"": ""디스이즈네버댓"", ""brand_no"": 70, ""category1"": ""남성의류"", ""category2"": ""상의"", ""category3"": ""스웨트셔츠"", ""category3_code"": 272103107, ""is_new"": false, ""item_no"": 3772061, ""period_sort"": ""ONE_DAY"", ""platform"": ""29cm"", ""ranking_category_code"": ""272103100"", ""ranking_category_name"": ""남성의류>상의"", ""review_avg"": 5.0, ""sale_percent"": 51, ""sale_price"": 46550, ""sold_out"": false, ""url"": ""https://product.29cm.co.kr/catalog/3772061""}",2026-10-06T13:06:52+00:00_c2f52f8d
2026-10-06T22:06:52+09:00,2026-10-06T13:06:53+00:00,commerce_rank,T-Logo LT Hoodie Desert Grey,29cm:3772071,heart_count,54.0,"{""brand_eng"": ""thisisneverthat"", ""brand_kor"": ""디스이즈네버댓"", ""brand_no"": 70, ""category1"": ""남성의류"", ""category2"": ""상의"", ""category3"": ""후디"", ""category3_code"": 272103108, ""is_new"": false, ""item_no"": 3772071, ""period_sort"": ""ONE_DAY"", ""platform"": ""29cm"", ""ranking_category_code"": ""272103100"", ""ranking_category_name"": ""남성의류>상의"", ""review_avg"": 5.0, ""sale_percent"": 51, ""sale_price"": 51450, ""sold_out"": false, ""url"": ""https://product.29cm.co.kr/catalog/3772071""}",2026-10-06T13:06:52+00:00_c2f52f8d
2026-10-06T22:06:52+09:00,2026-10-06T13:06:53+00:00,commerce_rank,T-Logo LT Hoodie Desert Grey,29cm:3772071,review_count,1.0,"{""brand_eng"": ""thisisneverthat"", ""brand_kor"": ""디스이즈네버댓"", ""brand_no"": 70, ""category1"": ""남성의류"", ""category2"": ""상의"", ""category3"": ""후디"", ""category3_code"": 272103108, ""is_new"": false, ""item_no"": 3772071, ""period_sort"": ""ONE_DAY"", ""platform"": ""29cm"", ""ranking_category_code"": ""272103100"", ""ranking_category_name"": ""남성의류>상의"", ""review_avg"": 5.0, ""sale_percent"": 51, ""sale_price"": 51450, ""sold_out"": false, ""url"": ""https://product.29cm.co.kr/catalog/3772071""}",2026-10-06T13:06:52+00:00_c2f52f8d
2026-10-06T22:06:52+09:00,2026-10-06T13:06:53+00:00,commerce_rank,T-Logo LT Hoodie Desert Grey,29cm:3772071@272103100,rank,92.0,"{""brand_eng"": ""thisisneverthat"", ""brand_kor"": ""디스이즈네버댓"", ""brand_no"": 70, ""category1"": ""남성의류"", ""category2"": ""상의"", ""category3"": ""후디"", ""category3_code"": 272103108, ""is_new"": false, ""item_no"": 3772071, ""period_sort"": ""ONE_DAY"", ""platform"": ""29cm"", ""ranking_category_code"": ""272103100"", ""ranking_category_name"": ""남성의류>상의"", ""review_avg"": 5.0, ""sale_percent"": 51, ""sale_price"": 51450, ""sold_out"": false, ""url"": ""https://product.29cm.co.kr/catalog/3772071""}",2026-10-06T13:06:52+00:00_c2f52f8d
2026-10-06T22:06:52+09:00,2026-10-06T13:06:52+00:00,commerce_rank,Born Slit Top [BLACK],29cm:3772745,heart_count,1727.0,"{""brand_eng"": ""PROJECTWAVE"", ""brand_kor"": ""프로젝트 웨이브"", ""brand_no"": 52782, ""category1"": ""여성의류"", ""category2"": ""상의"", ""category3"": ""슬리브리스"", ""category3_code"": 268103103, ""is_new"": false, ""item_no"": 3772745, ""period_sort"": ""ONE_DAY"", ""platform"": ""29cm"", ""ranking_category_code"": ""268103100"", ""ranking_category_name"": ""여성의류>상의"", ""review_avg"": 4.5, ""sale_percent"": 10, ""sale_price"": 67320, ""sold_out"": false, ""url"": ""https://product.29cm.co.kr/catalog/3772745""}",2026-10-06T13:06:52+00:00_c2f52f8d
2026-10-06T22:06:52+09:00,2026-10-06T13:06:52+00:00,commerce_rank,Born Slit Top [BLACK],29cm:3772745,review_count,4.0,"{""brand_eng"": ""PROJECTWAVE"", ""brand_kor"": ""프로젝트 웨이브"", ""brand_no"": 52782, ""category1"": ""여성의류"", ""category2"": ""상의"", ""category3"": ""슬리브리스"", ""category3_code"": 268103103, ""is_new"": false, ""item_no"": 3772745, ""period_sort"": ""ONE_DAY"", ""platform"": ""29cm"", ""ranking_category_code"": ""268103100"", ""ranking_category_name"": ""여성의류>상의"", ""review_avg"": 4.5, ""sale_percent"": 10, ""sale_price"": 67320, ""sold_out"": false, ""url"": ""https://product.29cm.co.kr/catalog/3772745""}",2026-10-06T13:06:52+00:00_c2f52f8d
2026-10-06T22:06:52+09:00,2026-10-06T13:06:52+00:00,commerce_rank,Born Slit Top [BLACK],29cm:3772745@268103100,rank,53.0,"{""brand_eng"": ""PROJECTWAVE"", ""brand_kor"": ""프로젝트 웨이브"", ""brand_no"": 52782, ""category1"": ""여성의류"", ""category2"": ""상의"", ""category3"": ""슬리브리스"", ""category3_code"": 268103103, ""is_new"": false, ""item_no"": 3772745, ""period_sort"": ""ONE_DAY"", ""platform"": ""29cm"", ""ranking_category_code"": ""268103100"", ""ranking_category_name"": ""여성의류>상의"", ""review_avg"": 4.5, ""sale_percent"": 10, ""sale_price"": 67320, ""sold_out"": false, ""url"": ""https://product.29cm.co.kr/catalog/3772745""}",2026-10-06T13:06:52+00:00_c2f52f8d
2026-10-06T22:06:52+09:00,2026-10-06T13:06:53+00:00,commerce_rank,"Cut Off Long Sleeve, Black",29cm:3776405,heart_count,530.0,"{""brand_eng"": ""BROWNYARD"", ""brand_kor"": ""브라운야드"", ""brand_no"": 2211, ""category1"": ""남성의류"", ""category2"": ""상의"", ""category3"": ""긴소매 티셔츠"", ""category3_code"": 272103102, ""is_new"": false, ""item_no"": 3776405, ""period_sort"": ""ONE_DAY"", ""platform"": ""29cm"", ""ranking_category_code"": ""272103100"", ""ranking_category_name"": ""남성의류>상의"", ""review_avg"": 5.0, ""sale_percent"": 0, ""sale_price"": 68000, ""sold_out"": false, ""url"": ""https://product.29cm.co.kr/catalog/3776405""}",2026-10-06T13:06:52+00:00_c2f52f8d
2026-10-06T22:06:52+09:00,2026-10-06T13:06:53+00:00,commerce_rank,"Cut Off Long Sleeve, Black",29cm:3776405,review_count,38.0,"{""brand_eng"": ""BROWNYARD"", ""brand_kor"": ""브라운야드"", ""brand_no"": 2211, ""category1"": ""남성의류"", ""category2"": ""상의"", ""category3"": ""긴소매 티셔츠"", ""category3_code"": 272103102, ""is_new"": false, ""item_no"": 3776405, ""period_sort"": ""ONE_DAY"", ""platform"": ""29cm"", ""ranking_category_code"": ""272103100"", ""ranking_category_name"": ""남성의류>상의"", ""review_avg"": 5.0, ""sale_percent"": 0, ""sale_price"": 68000, ""sold_out"": false, ""url"": ""https://product.29cm.co.kr/catalog/3776405""}",2026-10-06T13:06:52+00:00_c2f52f8d
2026-10-06T22:06:52+09:00,2026-10-06T13:06:53+00:00,commerce_rank,"Cut Off Long Sleeve, Black",29cm:3776405@272103100,rank,63.0,"{""brand_eng"": ""BROWNYARD"", ""brand_kor"": ""브라운야드"", ""brand_no"": 2211, ""category1"": ""남성의류"", ""category2"": ""상의"", ""category3"": ""긴소매 티셔츠"", ""category3_code"": 272103102, ""is_new"": false, ""item_no"": 3776405, ""period_sort"": ""ONE_DAY"", ""platform"": ""29cm"", ""ranking_category_code"": ""272103100"", ""ranking_category_name"": ""남성의류>상의"", ""review_avg"": 5.0, ""sale_percent"": 0, ""sale_price"": 68000, ""sold_out"": false, ""url"": ""https://product.29cm.co.kr/catalog/3776405""}",2026-10-06T13:06:52+00:00_c2f52f8d
2026-10-06T22:06:52+09:00,2026-10-06T13:06:52+00:00,commerce_rank,[29CM 단독컬러][재이 pick]Number 23 Raglan Off-Shoulder T-Shirt_CTT3002(5color),29cm:3781911,heart_count,10743.0,"{""brand_eng"": ""CITTA"", ""brand_kor"": ""씨타"", ""brand_no"": 71833, ""category1"": ""여성의류"", ""category2"": ""상의"", ""category3"": ""긴소매 티셔츠"", ""category3_code"": 268103102, ""is_new"": false, ""item_no"": 3781911, ""period_sort"": ""ONE_DAY"", ""platform"": ""29cm"", ""ranking_category_code"": ""268103100"", ""ranking_category_name"": ""여성의류>상의"", ""review_avg"": 5.0, ""sale_percent"": 33, ""sale_price"": 37800, ""sold_out"": false, ""url"": ""https://product.29cm.co.kr/catalog/3781911""}",2026-10-06T13:06:52+00:00_c2f52f8d
2026-10-06T22:06:52+09:00,2026-10-06T13:06:52+00:00,commerce_rank,[29CM 단독컬러][재이 pick]Number 23 Raglan Off-Shoulder T-Shirt_CTT3002(5color),29cm:3781911,review_count,399.0,"{""brand_eng"": ""CITTA"", ""brand_kor"": ""씨타"", ""brand_no"": 71833, ""category1"": ""여성의류"", ""category2"": ""상의"", ""category3"": ""긴소매 티셔츠"", ""category3_code"": 268103102, ""is_new"": false, ""item_no"": 3781911, ""period_sort"": ""ONE_DAY"", ""platform"": ""29cm"", ""ranking_category_code"": ""268103100"", ""ranking_category_name"": ""여성의류>상의"", ""review_avg"": 5.0, ""sale_percent"": 33, ""sale_price"": 37800, ""sold_out"": false, ""url"": ""https://product.29cm.co.kr/catalog/3781911""}",2026-10-06T13:06:52+00:00_c2f52f8d
2026-10-06T22:06:52+09:00,2026-10-06T13:06:52+00:00,commerce_rank,[29CM 단독컬러][재이 pick]Number 23 Raglan Off-Shoulder T-Shirt_CTT3002(5color),29cm:3781911@268103100,rank,57.0,"{""brand_eng"": ""CITTA"", ""brand_kor"": ""씨타"", ""brand_no"": 71833, ""category1"": ""여성의류"", ""category2"": ""상의"", ""category3"": ""긴소매 티셔츠"", ""category3_code"": 268103102, ""is_new"": false, ""item_no"": 3781911, ""period_sort"": ""ONE_DAY"", ""platform"": ""29cm"", ""ranking_category_code"": ""268103100"", ""ranking_category_name"": ""여성의류>상의"", ""review_avg"": 5.0, ""sale_percent"": 33, ""sale_price"": 37800, ""sold_out"": false, ""url"": ""https://product.29cm.co.kr/catalog/3781911""}",2026-10-06T13:06:52+00:00_c2f52f8d
2026-10-06T22:06:52+09:00,2026-10-06T13:06:52+00:00,commerce_rank,[15차/경리님 착용]Cut-off one shoulder sweatshirt_melange pink,29cm:3798217,heart_count,13076.0,"{""brand_eng"": ""AARAN"", ""brand_kor"": ""어랜"", ""brand_no"": 25864, ""category1"": ""여성의류"", ""category2"": ""상의"", ""category3"": ""스웨트셔츠"", ""category3_code"": 268103104, ""is_new"": false, ""item_no"": 3798217, ""period_sort"": ""ONE_DAY"", ""platform"": ""29cm"", ""ranking_category_code"": ""268103100"", ""ranking_category_name"": ""여성의류>상의"", ""review_avg"": 4.5, ""sale_percent"": 0, ""sale_price"": 85000, ""sold_out"": false, ""url"": ""https://product.29cm.co.kr/catalog/3798217""}",2026-10-06T13:06:52+00:00_c2f52f8d
2026-10-06T22:06:52+09:00,2026-10-06T13:06:52+00:00,commerce_rank,[15차/경리님 착용]Cut-off one shoulder sweatshirt_melange pink,29cm:3798217,review_count,257.0,"{""brand_eng"": ""AARAN"", ""brand_kor"": ""어랜"", ""brand_no"": 25864, ""category1"": ""여성의류"", ""category2"": ""상의"", ""category3"": ""스웨트셔츠"", ""category3_code"": 268103104, ""is_new"": false, ""item_no"": 3798217, ""period_sort"": ""ONE_DAY"", ""platform"": ""29cm"", ""ranking_category_code"": ""268103100"", ""ranking_category_name"": ""여성의류>상의"", ""review_avg"": 4.5, ""sale_percent"": 0, ""sale_price"": 85000, ""sold_out"": false, ""url"": ""https://product.29cm.co.kr/catalog/3798217""}",2026-10-06T13:06:52+00:00_c2f52f8d
2026-10-06T22:06:52+09:00,2026-10-06T13:06:52+00:00,commerce_rank,[15차/경리님 착용]Cut-off one shoulder sweatshirt_melange pink,29cm:3798217@268103100,rank,100.0,"{""brand_eng"": ""AARAN"", ""brand_kor"": ""어랜"", ""brand_no"": 25864, ""category1"": ""여성의류"", ""category2"": ""상의"", ""category3"": ""스웨트셔츠"", ""category3_code"": 268103104, ""is_new"": false, ""item_no"": 3798217, ""period_sort"": ""ONE_DAY"", ""platform"": ""29cm"", ""ranking_category_code"": ""268103100"", ""ranking_category_name"": ""여성의류>상의"", ""review_avg"": 4.5, ""sale_percent"": 0, ""sale_price"": 85000, ""sold_out"": false, ""url"": ""https://product.29cm.co.kr/catalog/3798217""}",2026-10-06T13:06:52+00:00_c2f52f8d
2026-10-06T22:06:52+09:00,2026-10-06T13:06:53+00:00,commerce_rank,Flannel Check Shirt Yellow,29cm:3808758,heart_count,300.0,"{""brand_eng"": ""thisisneverthat"", ""brand_kor"": ""디스이즈네버댓"", ""brand_no"": 70, ""category1"": ""남성의류"", ""category2"": ""상의"", ""category3"": ""긴소매 셔츠"", ""category3_code"": 272103106, ""is_new"": false, ""item_no"": 3808758, ""period_sort"": ""ONE_DAY"", ""platform"": ""29cm"", ""ranking_category_code"": ""272103100"", ""ranking_category_name"": ""남성의류>상의"", ""review_avg"": 5.0, ""sale_percent"": 51, ""sale_price"": 68110, ""sold_out"": false, ""url"": ""https://product.29cm.co.kr/catalog/3808758""}",2026-10-06T13:06:52+00:00_c2f52f8d
2026-10-06T22:06:52+09:00,2026-10-06T13:06:53+00:00,commerce_rank,Flannel Check Shirt Yellow,29cm:3808758,review_count,4.0,"{""brand_eng"": ""thisisneverthat"", ""brand_kor"": ""디스이즈네버댓"", ""brand_no"": 70, ""category1"": ""남성의류"", ""category2"": ""상의"", ""category3"": ""긴소매 셔츠"", ""category3_code"": 272103106, ""is_new"": false, ""item_no"": 3808758, ""period_sort"": ""ONE_DAY"", ""platform"": ""29cm"", ""ranking_category_code"": ""272103100"", ""ranking_category_name"": ""남성의류>상의"", ""review_avg"": 5.0, ""sale_percent"": 51, ""sale_price"": 68110, ""sold_out"": false, ""url"": ""https://product.29cm.co.kr/catalog/3808758""}",2026-10-06T13:06:52+00:00_c2f52f8d
2026-10-06T22:06:52+09:00,2026-10-06T13:06:53+00:00,commerce_rank,Flannel Check Shirt Yellow,29cm:3808758@272103100,rank,42.0,"{""brand_eng"": ""thisisneverthat"", ""brand_kor"": ""디스이즈네버댓"", ""brand_no"": 70, ""category1"": ""남성의류"", ""category2"": ""상의"", ""category3"": ""긴소매 셔츠"", ""category3_code"": 272103106, ""is_new"": false, ""item_no"": 3808758, ""period_sort"": ""ONE_DAY"", ""platform"": ""29cm"", ""ranking_category_code"": ""272103100"", ""ranking_category_name"": ""남성의류>상의"", ""review_avg"": 5.0, ""sale_percent"": 51, ""sale_price"": 68110, ""sold_out"": false, ""url"": ""https://product.29cm.co.kr/catalog/3808758""}",2026-10-06T13:06:52+00:00_c2f52f8d
2026-10-06T22:06:52+09:00,2026-10-06T13:06:53+00:00,commerce_rank,VTG Washed Binding Long Sleeve Black,29cm:3814807,heart_count,389.0,"{""brand_eng"": ""partimento"", ""brand_kor"": ""파르티멘토"", ""brand_no"": 1588, ""category1"": ""남성의류"", ""category2"": ""상의"", ""category3"": ""긴소매 티셔츠"", ""category3_code"": 272103102, ""is_new"": false, ""item_no"": 3814807, ""period_sort"": ""ONE_DAY"", ""platform"": ""29cm"", ""ranking_category_code"": ""272103100"", ""ranking_category_name"": ""남성의류>상의"", ""review_avg"": 5.0, ""sale_percent"": 51, ""sale_price"": 30520, ""sold_out"": false, ""url"": ""https://product.29cm.co.kr/catalog/3814807""}",2026-10-06T13:06:52+00:00_c2f52f8d
2026-10-06T22:06:52+09:00,2026-10-06T13:06:53+00:00,commerce_rank,VTG Washed Binding Long Sleeve Black,29cm:3814807,review_count,14.0,"{""brand_eng"": ""partimento"", ""brand_kor"": ""파르티멘토"", ""brand_no"": 1588, ""category1"": ""남성의류"", ""category2"": ""상의"", ""category3"": ""긴소매 티셔츠"", ""category3_code"": 272103102, ""is_new"": false, ""item_no"": 3814807, ""period_sort"": ""ONE_DAY"", ""platform"": ""29cm"", ""ranking_category_code"": ""272103100"", ""ranking_category_name"": ""남성의류>상의"", ""review_avg"": 5.0, ""sale_percent"": 51, ""sale_price"": 30520, ""sold_out"": false, ""url"": ""https://product.29cm.co.kr/catalog/3814807""}",2026-10-06T13:06:52+00:00_c2f52f8d
2026-10-06T22:06:52+09:00,2026-10-06T13:06:53+00:00,commerce_rank,VTG Washed Binding Long Sleeve Black,29cm:3814807@272103100,rank,65.0,"{""brand_eng"": ""partimento"", ""brand_kor"": ""파르티멘토"", ""brand_no"": 1588, ""category1"": ""남성의류"", ""category2"": ""상의"", ""category3"": ""긴소매 티셔츠"", ""category3_code"": 272103102, ""is_new"": false, ""item_no"": 3814807, ""period_sort"": ""ONE_DAY"", ""platform"": ""29cm"", ""ranking_category_code"": ""272103100"", ""ranking_category_name"": ""남성의류>상의"", ""review_avg"": 5.0, ""sale_percent"": 51, ""sale_price"": 30520, ""sold_out"": false, ""url"": ""https://product.29cm.co.kr/catalog/3814807""}",2026-10-06T13:06:52+00:00_c2f52f8d
2026-10-06T22:06:52+09:00,2026-10-06T13:06:53+00:00,commerce_rank,Vintage Border Stripe Long Sleeve Green,29cm:3814808,heart_count,309.0,"{""brand_eng"": ""partimento"", ""brand_kor"": ""파르티멘토"", ""brand_no"": 1588, ""category1"": ""남성의류"", ""category2"": ""상의"", ""category3"": ""긴소매 티셔츠"", ""category3_code"": 272103102, ""is_new"": false, ""item_no"": 3814808, ""period_sort"": ""ONE_DAY"", ""platform"": ""29cm"", ""ranking_category_code"": ""272103100"", ""ranking_category_name"": ""남성의류>상의"", ""review_avg"": 5.0, ""sale_percent"": 51, ""sale_price"": 21350, ""sold_out"": false, ""url"": ""https://product.29cm.co.kr/catalog/3814808""}",2026-10-06T13:06:52+00:00_c2f52f8d
2026-10-06T22:06:52+09:00,2026-10-06T13:06:53+00:00,commerce_rank,Vintage Border Stripe Long Sleeve Green,29cm:3814808,review_count,25.0,"{""brand_eng"": ""partimento"", ""brand_kor"": ""파르티멘토"", ""brand_no"": 1588, ""category1"": ""남성의류"", ""category2"": ""상의"", ""category3"": ""긴소매 티셔츠"", ""category3_code"": 272103102, ""is_new"": false, ""item_no"": 3814808, ""period_sort"": ""ONE_DAY"", ""platform"": ""29cm"", ""ranking_category_code"": ""272103100"", ""ranking_category_name"": ""남성의류>상의"", ""review_avg"": 5.0, ""sale_percent"": 51, ""sale_price"": 21350, ""sold_out"": false, ""url"": ""https://product.29cm.co.kr/catalog/3814808""}",2026-10-06T13:06:52+00:00_c2f52f8d
2026-10-06T22:06:52+09:00,2026-10-06T13:06:53+00:00,commerce_rank,Vintage Border Stripe Long Sleeve Green,29cm:3814808@272103100,rank,96.0,"{""brand_eng"": ""partimento"", ""brand_kor"": ""파르티멘토"", ""brand_no"": 1588, ""category1"": ""남성의류"", ""category2"": ""상의"", ""category3"": ""긴소매 티셔츠"", ""category3_code"": 272103102, ""is_new"": false, ""item_no"": 3814808, ""period_sort"": ""ONE_DAY"", ""platform"": ""29cm"", ""ranking_category_code"": ""272103100"", ""ranking_category_name"": ""남성의류>상의"", ""review_avg"": 5.0, ""sale_percent"": 51, ""sale_price"": 21350, ""sold_out"": false, ""url"": ""https://product.29cm.co.kr/catalog/3814808""}",2026-10-06T13:06:52+00:00_c2f52f8d
2026-10-06T22:06:52+09:00,2026-10-06T13:06:53+00:00,commerce_rank,HANES 헤인즈 시로/쿠로/모쿠 크루넥 티셔츠 (숏 슬리브/롱 슬리브),29cm:3818268,heart_count,801.0,"{""brand_eng"": ""HANES"", ""brand_kor"": ""헤인즈"", ""brand_no"": 111528, ""category1"": ""남성의류"", ""category2"": ""상의"", ""category3"": ""긴소매 티셔츠"", ""category3_code"": 272103102, ""is_new"": false, ""item_no"": 3818268, ""period_sort"": ""ONE_DAY"", ""platform"": ""29cm"", ""ranking_category_code"": ""272103100"", ""ranking_category_name"": ""남성의류>상의"", ""review_avg"": 5.0, ""sale_percent"": 15, ""sale_price"": 27970, ""sold_out"": false, ""url"": ""https://product.29cm.co.kr/catalog/3818268""}",2026-10-06T13:06:52+00:00_c2f52f8d
2026-10-06T22:06:52+09:00,2026-10-06T13:06:53+00:00,commerce_rank,HANES 헤인즈 시로/쿠로/모쿠 크루넥 티셔츠 (숏 슬리브/롱 슬리브),29cm:3818268,review_count,80.0,"{""brand_eng"": ""HANES"", ""brand_kor"": ""헤인즈"", ""brand_no"": 111528, ""category1"": ""남성의류"", ""category2"": ""상의"", ""category3"": ""긴소매 티셔츠"", ""category3_code"": 272103102, ""is_new"": false, ""item_no"": 3818268, ""period_sort"": ""ONE_DAY"", ""platform"": ""29cm"", ""ranking_category_code"": ""272103100"", ""ranking_category_name"": ""남성의류>상의"", ""review_avg"": 5.0, ""sale_percent"": 15, ""sale_price"": 27970, ""sold_out"": false, ""url"": ""https://product.29cm.co.kr/catalog/3818268""}",2026-10-06T13:06:52+00:00_c2f52f8d
2026-10-06T22:06:52+09:00,2026-10-06T13:06:53+00:00,commerce_rank,HANES 헤인즈 시로/쿠로/모쿠 크루넥 티셔츠 (숏 슬리브/롱 슬리브),29cm:3818268@272103100,rank,52.0,"{""brand_eng"": ""HANES"", ""brand_kor"": ""헤인즈"", ""brand_no"": 111528, ""category1"": ""남성의류"", ""category2"": ""상의"", ""category3"": ""긴소매 티셔츠"", ""category3_code"": 272103102, ""is_new"": false, ""item_no"": 3818268, ""period_sort"": ""ONE_DAY"", ""platform"": ""29cm"", ""ranking_category_code"": ""272103100"", ""ranking_category_name"": ""남성의류>상의"", ""review_avg"": 5.0, ""sale_percent"": 15, ""sale_price"": 27970, ""sold_out"": false, ""url"": ""https://product.29cm.co.kr/catalog/3818268""}",2026-10-06T13:06:52+00:00_c2f52f8d
2026-10-06T22:06:52+09:00,2026-10-06T13:06:53+00:00,commerce_rank,Lightweight Plaid Shirt Beige,29cm:3839026,heart_count,78.0,"{""brand_eng"": ""thisisneverthat"", ""brand_kor"": ""디스이즈네버댓"", ""brand_no"": 70, ""category1"": ""남성의류"", ""category2"": ""상의"", ""category3"": ""긴소매 셔츠"", ""category3_code"": 272103106, ""is_new"": false, ""item_no"": 3839026, ""period_sort"": ""ONE_DAY"", ""platform"": ""29cm"", ""ranking_category_code"": ""272103100"", ""ranking_category_name"": ""남성의류>상의"", ""review_avg"": 5.0, ""sale_percent"": 51, ""sale_price"": 63210, ""sold_out"": false, ""url"": ""https://product.29cm.co.kr/catalog/3839026""}",2026-10-06T13:06:52+00:00_c2f52f8d
2026-10-06T22:06:52+09:00,2026-10-06T13:06:53+00:00,commerce_rank,Lightweight Plaid Shirt Beige,29cm:3839026,review_count,4.0,"{""brand_eng"": ""thisisneverthat"", ""brand_kor"": ""디스이즈네버댓"", ""brand_no"": 70, ""category1"": ""남성의류"", ""category2"": ""상의"", ""category3"": ""긴소매 셔츠"", ""category3_code"": 272103106, ""is_new"": false, ""item_no"": 3839026, ""period_sort"": ""ONE_DAY"", ""platform"": ""29cm"", ""ranking_category_code"": ""272103100"", ""ranking_category_name"": ""남성의류>상의"", ""review_avg"": 5.0, ""sale_percent"": 51, ""sale_price"": 63210, ""sold_out"": false, ""url"": ""https://product.29cm.co.kr/catalog/3839026""}",2026-10-06T13:06:52+00:00_c2f52f8d
2026-10-06T22:06:52+09:00,2026-10-06T13:06:53+00:00,commerce_rank,Lightweight Plaid Shirt Beige,29cm:3839026@272103100,rank,99.0,"{""brand_eng"": ""thisisneverthat"", ""brand_kor"": ""디스이즈네버댓"", ""brand_no"": 70, ""category1"": ""남성의류"", ""category2"": ""상의"", ""category3"": ""긴소매 셔츠"", ""category3_code"": 272103106, ""is_new"": false, ""item_no"": 3839026, ""period_sort"": ""ONE_DAY"", ""platform"": ""29cm"", ""ranking_category_code"": ""272103100"", ""ranking_category_name"": ""남성의류>상의"", ""review_avg"": 5.0, ""sale_percent"": 51, ""sale_price"": 63210, ""sold_out"": false, ""url"": ""https://product.29cm.co.kr/catalog/3839026""}",2026-10-06T13:06:52+00:00_c2f52f8d
2026-10-06T22:06:52+09:00,2026-10-06T13:06:53+00:00,commerce_rank,TG2-TS05 튜블러 티 (11 Color),29cm:3873884,heart_count,4657.0,"{""brand_eng"": ""THOMAS MORE"", ""brand_kor"": ""토마스모어"", ""brand_no"": 2111, ""category1"": ""남성의류"", ""category2"": ""상의"", ""category3"": ""반소매 티셔츠"", ""category3_code"": 272103101, ""is_new"": false, ""item_no"": 3873884, ""period_sort"": ""ONE_DAY"", ""platform"": ""29cm"", ""ranking_category_code"": ""272103100"", ""ranking_category_name"": ""남성의류>상의"", ""review_avg"": 4.5, ""sale_percent"": 0, ""sale_price"": 23700, ""sold_out"": false, ""url"": ""https://product.29cm.co.kr/catalog/3873884""}",2026-10-06T13:06:52+00:00_c2f52f8d
2026-10-06T22:06:52+09:00,2026-10-06T13:06:53+00:00,commerce_rank,TG2-TS05 튜블러 티 (11 Color),29cm:3873884,review_count,803.0,"{""brand_eng"": ""THOMAS MORE"", ""brand_kor"": ""토마스모어"", ""brand_no"": 2111, ""category1"": ""남성의류"", ""category2"": ""상의"", ""category3"": ""반소매 티셔츠"", ""category3_code"": 272103101, ""is_new"": false, ""item_no"": 3873884, ""period_sort"": ""ONE_DAY"", ""platform"": ""29cm"", ""ranking_category_code"": ""272103100"", ""ranking_category_name"": ""남성의류>상의"", ""review_avg"": 4.5, ""sale_percent"": 0, ""sale_price"": 23700, ""sold_out"": false, ""url"": ""https://product.29cm.co.kr/catalog/3873884""}",2026-10-06T13:06:52+00:00_c2f52f8d
2026-10-06T22:06:52+09:00,2026-10-06T13:06:53+00:00,commerce_rank,TG2-TS05 튜블러 티 (11 Color),29cm:3873884@272103100,rank,22.0,"{""brand_eng"": ""THOMAS MORE"", ""brand_kor"": ""토마스모어"", ""brand_no"": 2111, ""category1"": ""남성의류"", ""category2"": ""상의"", ""category3"": ""반소매 티셔츠"", ""category3_code"": 272103101, ""is_new"": false, ""item_no"": 3873884, ""period_sort"": ""ONE_DAY"", ""platform"": ""29cm"", ""ranking_category_code"": ""272103100"", ""ranking_category_name"": ""남성의류>상의"", ""review_avg"": 4.5, ""sale_percent"": 0, ""sale_price"": 23700, ""sold_out"": false, ""url"": ""https://product.29cm.co.kr/catalog/3873884""}",2026-10-06T13:06:52+00:00_c2f52f8d
2026-10-06T22:06:52+09:00,2026-10-06T13:06:53+00:00,commerce_rank,[건조기가능] 컴포트 U넥 반팔티 ( 3Color ),29cm:3897886,heart_count,59.0,"{""brand_eng"": ""BRENSON"", ""brand_kor"": ""브렌슨"", ""brand_no"": 8969, ""category1"": ""남성의류"", ""category2"": ""상의"", ""category3"": ""반소매 티셔츠"", ""category3_code"": 272103101, ""is_new"": false, ""item_no"": 3897886, ""period_sort"": ""ONE_DAY"", ""platform"": ""29cm"", ""ranking_category_code"": ""272103100"", ""ranking_category_name"": ""남성의류>상의"", ""review_avg"": 5.0, ""sale_percent"": 11, ""sale_price"": 25500, ""sold_out"": false, ""url"": ""https://product.29cm.co.kr/catalog/3897886""}",2026-10-06T13:06:52+00:00_c2f52f8d
2026-10-06T22:06:52+09:00,2026-10-06T13:06:53+00:00,commerce_rank,[건조기가능] 컴포트 U넥 반팔티 ( 3Color ),29cm:3897886,review_count,2.0,"{""brand_eng"": ""BRENSON"", ""brand_kor"": ""브렌슨"", ""brand_no"": 8969, ""category1"": ""남성의류"", ""category2"": ""상의"", ""category3"": ""반소매 티셔츠"", ""category3_code"": 272103101, ""is_new"": false, ""item_no"": 3897886, ""period_sort"": ""ONE_DAY"", ""platform"": ""29cm"", ""ranking_category_code"": ""272103100"", ""ranking_category_name"": ""남성의류>상의"", ""review_avg"": 5.0, ""sale_percent"": 11, ""sale_price"": 25500, ""sold_out"": false, ""url"": ""https://product.29cm.co.kr/catalog/3897886""}",2026-10-06T13:06:52+00:00_c2f52f8d
2026-10-06T22:06:52+09:00,2026-10-06T13:06:53+00:00,commerce_rank,[건조기가능] 컴포트 U넥 반팔티 ( 3Color ),29cm:3897886@272103100,rank,57.0,"{""brand_eng"": ""BRENSON"", ""brand_kor"": ""브렌슨"", ""brand_no"": 8969, ""category1"": ""남성의류"", ""category2"": ""상의"", ""category3"": ""반소매 티셔츠"", ""category3_code"": 272103101, ""is_new"": false, ""item_no"": 3897886, ""period_sort"": ""ONE_DAY"", ""platform"": ""29cm"", ""ranking_category_code"": ""272103100"", ""ranking_category_name"": ""남성의류>상의"", ""review_avg"": 5.0, ""sale_percent"": 11, ""sale_price"": 25500, ""sold_out"": false, ""url"": ""https://product.29cm.co.kr/catalog/3897886""}",2026-10-06T13:06:52+00:00_c2f52f8d
2026-10-06T22:06:52+09:00,2026-10-06T13:06:52+00:00,commerce_rank,Lace sleeveless [KNSS08TS06]_Beige,29cm:3929042,heart_count,5901.0,"{""brand_eng"": ""KNOWN BETTER"", ""brand_kor"": ""노운베러"", ""brand_no"": 25863, ""category1"": ""여성의류"", ""category2"": ""상의"", ""category3"": ""슬리브리스"", ""category3_code"": 268103103, ""is_new"": false, ""item_no"": 3929042, ""period_sort"": ""ONE_DAY"", ""platform"": ""29cm"", ""ranking_category_code"": ""268103100"", ""ranking_category_name"": ""여성의류>상의"", ""review_avg"": 4.5, ""sale_percent"": 31, ""sale_price"": 27440, ""sold_out"": false, ""url"": ""https://product.29cm.co.kr/catalog/3929042""}",2026-10-06T13:06:52+00:00_c2f52f8d
2026-10-06T22:06:52+09:00,2026-10-06T13:06:52+00:00,commerce_rank,Lace sleeveless [KNSS08TS06]_Beige,29cm:3929042,review_count,130.0,"{""brand_eng"": ""KNOWN BETTER"", ""brand_kor"": ""노운베러"", ""brand_no"": 25863, ""category1"": ""여성의류"", ""category2"": ""상의"", ""category3"": ""슬리브리스"", ""category3_code"": 268103103, ""is_new"": false, ""item_no"": 3929042, ""period_sort"": ""ONE_DAY"", ""platform"": ""29cm"", ""ranking_category_code"": ""268103100"", ""ranking_category_name"": ""여성의류>상의"", ""review_avg"": 4.5, ""sale_percent"": 31, ""sale_price"": 27440, ""sold_out"": false, ""url"": ""https://product.29cm.co.kr/catalog/3929042""}",2026-10-06T13:06:52+00:00_c2f52f8d
2026-10-06T22:06:52+09:00,2026-10-06T13:06:52+00:00,commerce_rank,Lace sleeveless [KNSS08TS06]_Beige,29cm:3929042@268103100,rank,89.0,"{""brand_eng"": ""KNOWN BETTER"", ""brand_kor"": ""노운베러"", ""brand_no"": 25863, ""category1"": ""여성의류"", ""category2"": ""상의"", ""category3"": ""슬리브리스"", ""category3_code"": 268103103, ""is_new"": false, ""item_no"": 3929042, ""period_sort"": ""ONE_DAY"", ""platform"": ""29cm"", ""ranking_category_code"": ""268103100"", ""ranking_category_name"": ""여성의류>상의"", ""review_avg"": 4.5, ""sale_percent"": 31, ""sale_price"": 27440, ""sold_out"": false, ""url"": ""https://product.29cm.co.kr/catalog/3929042""}",2026-10-06T13:06:52+00:00_c2f52f8d
2026-10-06T22:06:52+09:00,2026-10-06T13:06:53+00:00,commerce_rank,JAPANESE TENJIKU JERSEY TUBULAR TEE_OFF WHITE,29cm:3943401,heart_count,242.0,"{""brand_eng"": ""OUTSTANDING"", ""brand_kor"": ""아웃스탠딩"", ""brand_no"": 1657, ""category1"": ""남성의류"", ""category2"": ""상의"", ""category3"": ""반소매 티셔츠"", ""category3_code"": 272103101, ""is_new"": false, ""item_no"": 3943401, ""period_sort"": ""ONE_DAY"", ""platform"": ""29cm"", ""ranking_category_code"": ""272103100"", ""ranking_category_name"": ""남성의류>상의"", ""review_avg"": 5.0, ""sale_percent"": 10, ""sale_price"": 48600, ""sold_out"": false, ""url"": ""https://product.29cm.co.kr/catalog/3943401""}",2026-10-06T13:06:52+00:00_c2f52f8d
2026-10-06T22:06:52+09:00,2026-10-06T13:06:53+00:00,commerce_rank,JAPANESE TENJIKU JERSEY TUBULAR TEE_OFF WHITE,29cm:3943401,review_count,44.0,"{""brand_eng"": ""OUTSTANDING"", ""brand_kor"": ""아웃스탠딩"", ""brand_no"": 1657, ""category1"": ""남성의류"", ""category2"": ""상의"", ""category3"": ""반소매 티셔츠"", ""category3_code"": 272103101, ""is_new"": false, ""item_no"": 3943401, ""period_sort"": ""ONE_DAY"", ""platform"": ""29cm"", ""ranking_category_code"": ""272103100"", ""ranking_category_name"": ""남성의류>상의"", ""review_avg"": 5.0, ""sale_percent"": 10, ""sale_price"": 48600, ""sold_out"": false, ""url"": ""https://product.29cm.co.kr/catalog/3943401""}",2026-10-06T13:06:52+00:00_c2f52f8d
2026-10-06T22:06:52+09:00,2026-10-06T13:06:53+00:00,commerce_rank,JAPANESE TENJIKU JERSEY TUBULAR TEE_OFF WHITE,29cm:3943401@272103100,rank,91.0,"{""brand_eng"": ""OUTSTANDING"", ""brand_kor"": ""아웃스탠딩"", ""brand_no"": 1657, ""category1"": ""남성의류"", ""category2"": ""상의"", ""category3"": ""반소매 티셔츠"", ""category3_code"": 272103101, ""is_new"": false, ""item_no"": 3943401, ""period_sort"": ""ONE_DAY"", ""platform"": ""29cm"", ""ranking_category_code"": ""272103100"", ""ranking_category_name"": ""남성의류>상의"", ""review_avg"": 5.0, ""sale_percent"": 10, ""sale_price"": 48600, ""sold_out"": false, ""url"": ""https://product.29cm.co.kr/catalog/3943401""}",2026-10-06T13:06:52+00:00_c2f52f8d
2026-10-06T22:06:52+09:00,2026-10-06T13:06:53+00:00,commerce_rank,LAUNDRY SMALL CHECK SHIRT [CHARCOAL BLACK],29cm:3945677,heart_count,683.0,"{""brand_eng"": ""UNION BLUE"", ""brand_kor"": ""유니온 블루"", ""brand_no"": 13510, ""category1"": ""남성의류"", ""category2"": ""상의"", ""category3"": ""긴소매 셔츠"", ""category3_code"": 272103106, ""is_new"": false, ""item_no"": 3945677, ""period_sort"": ""ONE_DAY"", ""platform"": ""29cm"", ""ranking_category_code"": ""272103100"", ""ranking_category_name"": ""남성의류>상의"", ""review_avg"": 5.0, ""sale_percent"": 5, ""sale_price"": 82650, ""sold_out"": false, ""url"": ""https://product.29cm.co.kr/catalog/3945677""}",2026-10-06T13:06:52+00:00_c2f52f8d
2026-10-06T22:06:52+09:00,2026-10-06T13:06:53+00:00,commerce_rank,LAUNDRY SMALL CHECK SHIRT [CHARCOAL BLACK],29cm:3945677,review_count,47.0,"{""brand_eng"": ""UNION BLUE"", ""brand_kor"": ""유니온 블루"", ""brand_no"": 13510, ""category1"": ""남성의류"", ""category2"": ""상의"", ""category3"": ""긴소매 셔츠"", ""category3_code"": 272103106, ""is_new"": false, ""item_no"": 3945677, ""period_sort"": ""ONE_DAY"", ""platform"": ""29cm"", ""ranking_category_code"": ""272103100"", ""ranking_category_name"": ""남성의류>상의"", ""review_avg"": 5.0, ""sale_percent"": 5, ""sale_price"": 82650, ""sold_out"": false, ""url"": ""https://product.29cm.co.kr/catalog/3945677""}",2026-10-06T13:06:52+00:00_c2f52f8d
2026-10-06T22:06:52+09:00,2026-10-06T13:06:53+00:00,commerce_rank,LAUNDRY SMALL CHECK SHIRT [CHARCOAL BLACK],29cm:3945677@272103100,rank,40.0,"{""brand_eng"": ""UNION BLUE"", ""brand_kor"": ""유니온 블루"", ""brand_no"": 13510, ""category1"": ""남성의류"", ""category2"": ""상의"", ""category3"": ""긴소매 셔츠"", ""category3_code"": 272103106, ""is_new"": false, ""item_no"": 3945677, ""period_sort"": ""ONE_DAY"", ""platform"": ""29cm"", ""ranking_category_code"": ""272103100"", ""ranking_category_name"": ""남성의류>상의"", ""review_avg"": 5.0, ""sale_percent"": 5, ""sale_price"": 82650, ""sold_out"": false, ""url"": ""https://product.29cm.co.kr/catalog/3945677""}",2026-10-06T13:06:52+00:00_c2f52f8d
2026-10-06T22:06:52+09:00,2026-10-06T13:06:53+00:00,commerce_rank,DENIM WORK SHIRT [BLACK],29cm:3945742,heart_count,31.0,"{""brand_eng"": ""UNION BLUE"", ""brand_kor"": ""유니온 블루"", ""brand_no"": 13510, ""category1"": ""남성의류"", ""category2"": ""상의"", ""category3"": ""긴소매 셔츠"", ""category3_code"": 272103106, ""is_new"": false, ""item_no"": 3945742, ""period_sort"": ""ONE_DAY"", ""platform"": ""29cm"", ""ranking_category_code"": ""272103100"", ""ranking_category_name"": ""남성의류>상의"", ""review_avg"": 5.0, ""sale_percent"": 5, ""sale_price"": 75050, ""sold_out"": false, ""url"": ""https://product.29cm.co.kr/catalog/3945742""}",2026-10-06T13:06:52+00:00_c2f52f8d
2026-10-06T22:06:52+09:00,2026-10-06T13:06:53+00:00,commerce_rank,DENIM WORK SHIRT [BLACK],29cm:3945742,review_count,2.0,"{""brand_eng"": ""UNION BLUE"", ""brand_kor"": ""유니온 블루"", ""brand_no"": 13510, ""category1"": ""남성의류"", ""category2"": ""상의"", ""category3"": ""긴소매 셔츠"", ""category3_code"": 272103106, ""is_new"": false, ""item_no"": 3945742, ""period_sort"": ""ONE_DAY"", ""platform"": ""29cm"", ""ranking_category_code"": ""272103100"", ""ranking_category_name"": ""남성의류>상의"", ""review_avg"": 5.0, ""sale_percent"": 5, ""sale_price"": 75050, ""sold_out"": false, ""url"": ""https://product.29cm.co.kr/catalog/3945742""}",2026-10-06T13:06:52+00:00_c2f52f8d
2026-10-06T22:06:52+09:00,2026-10-06T13:06:53+00:00,commerce_rank,DENIM WORK SHIRT [BLACK],29cm:3945742@272103100,rank,74.0,"{""brand_eng"": ""UNION BLUE"", ""brand_kor"": ""유니온 블루"", ""brand_no"": 13510, ""category1"": ""남성의류"", ""category2"": ""상의"", ""category3"": ""긴소매 셔츠"", ""category3_code"": 272103106, ""is_new"": false, ""item_no"": 3945742, ""period_sort"": ""ONE_DAY"", ""platform"": ""29cm"", ""ranking_category_code"": ""272103100"", ""ranking_category_name"": ""남성의류>상의"", ""review_avg"": 5.0, ""sale_percent"": 5, ""sale_price"": 75050, ""sold_out"": false, ""url"": ""https://product.29cm.co.kr/catalog/3945742""}",2026-10-06T13:06:52+00:00_c2f52f8d
2026-10-06T22:06:52+09:00,2026-10-06T13:06:52+00:00,commerce_rank,[3rd] Rosy Rib Sleeveless (6color),29cm:4015004,heart_count,4282.0,"{""brand_eng"": ""HOKUSPOKUS"", ""brand_kor"": ""호쿠스포쿠스"", ""brand_no"": 17423, ""category1"": ""여성의류"", ""category2"": ""상의"", ""category3"": ""슬리브리스"", ""category3_code"": 268103103, ""is_new"": false, ""item_no"": 4015004, ""period_sort"": ""ONE_DAY"", ""platform"": ""29cm"", ""ranking_category_code"": ""268103100"", ""ranking_category_name"": ""여성의류>상의"", ""review_avg"": 5.0, ""sale_percent"": 30, ""sale_price"": 27300, ""sold_out"": false, ""url"": ""https://product.29cm.co.kr/catalog/4015004""}",2026-10-06T13:06:52+00:00_c2f52f8d
2026-10-06T22:06:52+09:00,2026-10-06T13:06:52+00:00,commerce_rank,[3rd] Rosy Rib Sleeveless (6color),29cm:4015004,review_count,246.0,"{""brand_eng"": ""HOKUSPOKUS"", ""brand_kor"": ""호쿠스포쿠스"", ""brand_no"": 17423, ""category1"": ""여성의류"", ""category2"": ""상의"", ""category3"": ""슬리브리스"", ""category3_code"": 268103103, ""is_new"": false, ""item_no"": 4015004, ""period_sort"": ""ONE_DAY"", ""platform"": ""29cm"", ""ranking_category_code"": ""268103100"", ""ranking_category_name"": ""여성의류>상의"", ""review_avg"": 5.0, ""sale_percent"": 30, ""sale_price"": 27300, ""sold_out"": false, ""url"": ""https://product.29cm.co.kr/catalog/4015004""}",2026-10-06T13:06:52+00:00_c2f52f8d
2026-10-06T22:06:52+09:00,2026-10-06T13:06:52+00:00,commerce_rank,[3rd] Rosy Rib Sleeveless (6color),29cm:4015004@268103100,rank,34.0,"{""brand_eng"": ""HOKUSPOKUS"", ""brand_kor"": ""호쿠스포쿠스"", ""brand_no"": 17423, ""category1"": ""여성의류"", ""category2"": ""상의"", ""category3"": ""슬리브리스"", ""category3_code"": 268103103, ""is_new"": false, ""item_no"": 4015004, ""period_sort"": ""ONE_DAY"", ""platform"": ""29cm"", ""ranking_category_code"": ""268103100"", ""ranking_category_name"": ""여성의류>상의"", ""review_avg"": 5.0, ""sale_percent"": 30, ""sale_price"": 27300, ""sold_out"": false, ""url"": ""https://product.29cm.co.kr/catalog/4015004""}",2026-10-06T13:06:52+00:00_c2f52f8d
2026-10-06T22:06:52+09:00,2026-10-06T13:06:52+00:00,commerce_rank,Flower Mid Sleeve Shirt_Blue,29cm:4081080,heart_count,6066.0,"{""brand_eng"": ""108POUND"", ""brand_kor"": ""108파운드"", ""brand_no"": 86198, ""category1"": ""여성의류"", ""category2"": ""상의"", ""category3"": ""셔츠"", ""category3_code"": 268103106, ""is_new"": false, ""item_no"": 4081080, ""period_sort"": ""ONE_DAY"", ""platform"": ""29cm"", ""ranking_category_code"": ""268103100"", ""ranking_category_name"": ""여성의류>상의"", ""review_avg"": 4.5, ""sale_percent"": 35, ""sale_price"": 57290, ""sold_out"": false, ""url"": ""https://product.29cm.co.kr/catalog/4081080""}",2026-10-06T13:06:52+00:00_c2f52f8d
2026-10-06T22:06:52+09:00,2026-10-06T13:06:52+00:00,commerce_rank,Flower Mid Sleeve Shirt_Blue,29cm:4081080,review_count,21.0,"{""brand_eng"": ""108POUND"", ""brand_kor"": ""108파운드"", ""brand_no"": 86198, ""category1"": ""여성의류"", ""category2"": ""상의"", ""category3"": ""셔츠"", ""category3_code"": 268103106, ""is_new"": false, ""item_no"": 4081080, ""period_sort"": ""ONE_DAY"", ""platform"": ""29cm"", ""ranking_category_code"": ""268103100"", ""ranking_category_name"": ""여성의류>상의"", ""review_avg"": 4.5, ""sale_percent"": 35, ""sale_price"": 57290, ""sold_out"": false, ""url"": ""https://product.29cm.co.kr/catalog/4081080""}",2026-10-06T13:06:52+00:00_c2f52f8d
2026-10-06T22:06:52+09:00,2026-10-06T13:06:52+00:00,commerce_rank,Flower Mid Sleeve Shirt_Blue,29cm:4081080@268103100,rank,52.0,"{""brand_eng"": ""108POUND"", ""brand_kor"": ""108파운드"", ""brand_no"": 86198, ""category1"": ""여성의류"", ""category2"": ""상의"", ""category3"": ""셔츠"", ""category3_code"": 268103106, ""is_new"": false, ""item_no"": 4081080, ""period_sort"": ""ONE_DAY"", ""platform"": ""29cm"", ""ranking_category_code"": ""268103100"", ""ranking_category_name"": ""여성의류>상의"", ""review_avg"": 4.5, ""sale_percent"": 35, ""sale_price"": 57290, ""sold_out"": false, ""url"": ""https://product.29cm.co.kr/catalog/4081080""}",2026-10-06T13:06:52+00:00_c2f52f8d
2026-10-06T22:06:52+09:00,2026-10-06T13:06:52+00:00,commerce_rank,Corduroy Mid Sleeve Shirt_Khaki Beige,29cm:4081083,heart_count,9365.0,"{""brand_eng"": ""108POUND"", ""brand_kor"": ""108파운드"", ""brand_no"": 86198, ""category1"": ""여성의류"", ""category2"": ""상의"", ""category3"": ""셔츠"", ""category3_code"": 268103106, ""is_new"": false, ""item_no"": 4081083, ""period_sort"": ""ONE_DAY"", ""platform"": ""29cm"", ""ranking_category_code"": ""268103100"", ""ranking_category_name"": ""여성의류>상의"", ""review_avg"": 4.5, ""sale_percent"": 35, ""sale_price"": 59900, ""sold_out"": false, ""url"": ""https://product.29cm.co.kr/catalog/4081083""}",2026-10-06T13:06:52+00:00_c2f52f8d
2026-10-06T22:06:52+09:00,2026-10-06T13:06:52+00:00,commerce_rank,Corduroy Mid Sleeve Shirt_Khaki Beige,29cm:4081083,review_count,114.0,"{""brand_eng"": ""108POUND"", ""brand_kor"": ""108파운드"", ""brand_no"": 86198, ""category1"": ""여성의류"", ""category2"": ""상의"", ""category3"": ""셔츠"", ""category3_code"": 268103106, ""is_new"": false, ""item_no"": 4081083, ""period_sort"": ""ONE_DAY"", ""platform"": ""29cm"", ""ranking_category_code"": ""268103100"", ""ranking_category_name"": ""여성의류>상의"", ""review_avg"": 4.5, ""sale_percent"": 35, ""sale_price"": 59900, ""sold_out"": false, ""url"": ""https://product.29cm.co.kr/catalog/4081083""}",2026-10-06T13:06:52+00:00_c2f52f8d
2026-10-06T22:06:52+09:00,2026-10-06T13:06:52+00:00,commerce_rank,Corduroy Mid Sleeve Shirt_Khaki Beige,29cm:4081083@268103100,rank,94.0,"{""brand_eng"": ""108POUND"", ""brand_kor"": ""108파운드"", ""brand_no"": 86198, ""category1"": ""여성의류"", ""category2"": ""상의"", ""category3"": ""셔츠"", ""category3_code"": 268103106, ""is_new"": false, ""item_no"": 4081083, ""period_sort"": ""ONE_DAY"", ""platform"": ""29cm"", ""ranking_category_code"": ""268103100"", ""ranking_category_name"": ""여성의류>상의"", ""review_avg"": 4.5, ""sale_percent"": 35, ""sale_price"": 59900, ""sold_out"": false, ""url"": ""https://product.29cm.co.kr/catalog/4081083""}",2026-10-06T13:06:52+00:00_c2f52f8d
2026-10-06T22:06:52+09:00,2026-10-06T13:06:52+00:00,commerce_rank,Dusty Raglan Tee_Beige,29cm:4081115,heart_count,13787.0,"{""brand_eng"": ""108POUND"", ""brand_kor"": ""108파운드"", ""brand_no"": 86198, ""category1"": ""여성의류"", ""category2"": ""상의"", ""category3"": ""긴소매 티셔츠"", ""category3_code"": 268103102, ""is_new"": false, ""item_no"": 4081115, ""period_sort"": ""ONE_DAY"", ""platform"": ""29cm"", ""ranking_category_code"": ""268103100"", ""ranking_category_name"": ""여성의류>상의"", ""review_avg"": 4.5, ""sale_percent"": 37, ""sale_price"": 30870, ""sold_out"": false, ""url"": ""https://product.29cm.co.kr/catalog/4081115""}",2026-10-06T13:06:52+00:00_c2f52f8d
2026-10-06T22:06:52+09:00,2026-10-06T13:06:52+00:00,commerce_rank,Dusty Raglan Tee_Beige,29cm:4081115,review_count,204.0,"{""brand_eng"": ""108POUND"", ""brand_kor"": ""108파운드"", ""brand_no"": 86198, ""category1"": ""여성의류"", ""category2"": ""상의"", ""category3"": ""긴소매 티셔츠"", ""category3_code"": 268103102, ""is_new"": false, ""item_no"": 4081115, ""period_sort"": ""ONE_DAY"", ""platform"": ""29cm"", ""ranking_category_code"": ""268103100"", ""ranking_category_name"": ""여성의류>상의"", ""review_avg"": 4.5, ""sale_percent"": 37, ""sale_price"": 30870, ""sold_out"": false, ""url"": ""https://product.29cm.co.kr/catalog/4081115""}",2026-10-06T13:06:52+00:00_c2f52f8d
2026-10-06T22:06:52+09:00,2026-10-06T13:06:52+00:00,commerce_rank,Dusty Raglan Tee_Beige,29cm:4081115@268103100,rank,78.0,"{""brand_eng"": ""108POUND"", ""brand_kor"": ""108파운드"", ""brand_no"": 86198, ""category1"": ""여성의류"", ""category2"": ""상의"", ""category3"": ""긴소매 티셔츠"", ""category3_code"": 268103102, ""is_new"": false, ""item_no"": 4081115, ""period_sort"": ""ONE_DAY"", ""platform"": ""29cm"", ""ranking_category_code"": ""268103100"", ""ranking_category_name"": ""여성의류>상의"", ""review_avg"": 4.5, ""sale_percent"": 37, ""sale_price"": 30870, ""sold_out"": false, ""url"": ""https://product.29cm.co.kr/catalog/4081115""}",2026-10-06T13:06:52+00:00_c2f52f8d
2026-10-06T22:06:52+09:00,2026-10-06T13:06:52+00:00,commerce_rank,Dusty Raglan Tee_Dusty Blue,29cm:4081117,heart_count,5703.0,"{""brand_eng"": ""108POUND"", ""brand_kor"": ""108파운드"", ""brand_no"": 86198, ""category1"": ""여성의류"", ""category2"": ""상의"", ""category3"": ""긴소매 티셔츠"", ""category3_code"": 268103102, ""is_new"": false, ""item_no"": 4081117, ""period_sort"": ""ONE_DAY"", ""platform"": ""29cm"", ""ranking_category_code"": ""268103100"", ""ranking_category_name"": ""여성의류>상의"", ""review_avg"": 4.5, ""sale_percent"": 37, ""sale_price"": 30870, ""sold_out"": false, ""url"": ""https://product.29cm.co.kr/catalog/4081117""}",2026-10-06T13:06:52+00:00_c2f52f8d
2026-10-06T22:06:52+09:00,2026-10-06T13:06:52+00:00,commerce_rank,Dusty Raglan Tee_Dusty Blue,29cm:4081117,review_count,90.0,"{""brand_eng"": ""108POUND"", ""brand_kor"": ""108파운드"", ""brand_no"": 86198, ""category1"": ""여성의류"", ""category2"": ""상의"", ""category3"": ""긴소매 티셔츠"", ""category3_code"": 268103102, ""is_new"": false, ""item_no"": 4081117, ""period_sort"": ""ONE_DAY"", ""platform"": ""29cm"", ""ranking_category_code"": ""268103100"", ""ranking_category_name"": ""여성의류>상의"", ""review_avg"": 4.5, ""sale_percent"": 37, ""sale_price"": 30870, ""sold_out"": false, ""url"": ""https://product.29cm.co.kr/catalog/4081117""}",2026-10-06T13:06:52+00:00_c2f52f8d
2026-10-06T22:06:52+09:00,2026-10-06T13:06:52+00:00,commerce_rank,Dusty Raglan Tee_Dusty Blue,29cm:4081117@268103100,rank,64.0,"{""brand_eng"": ""108POUND"", ""brand_kor"": ""108파운드"", ""brand_no"": 86198, ""category1"": ""여성의류"", ""category2"": ""상의"", ""category3"": ""긴소매 티셔츠"", ""category3_code"": 268103102, ""is_new"": false, ""item_no"": 4081117, ""period_sort"": ""ONE_DAY"", ""platform"": ""29cm"", ""ranking_category_code"": ""268103100"", ""ranking_category_name"": ""여성의류>상의"", ""review_avg"": 4.5, ""sale_percent"": 37, ""sale_price"": 30870, ""sold_out"": false, ""url"": ""https://product.29cm.co.kr/catalog/4081117""}",2026-10-06T13:06:52+00:00_c2f52f8d
2026-10-06T22:06:52+09:00,2026-10-06T13:06:52+00:00,commerce_rank,Henley 3/4 Sleeve Tee_Melange Gray,29cm:4081120,heart_count,10364.0,"{""brand_eng"": ""108POUND"", ""brand_kor"": ""108파운드"", ""brand_no"": 86198, ""category1"": ""여성의류"", ""category2"": ""상의"", ""category3"": ""긴소매 티셔츠"", ""category3_code"": 268103102, ""is_new"": false, ""item_no"": 4081120, ""period_sort"": ""ONE_DAY"", ""platform"": ""29cm"", ""ranking_category_code"": ""268103100"", ""ranking_category_name"": ""여성의류>상의"", ""review_avg"": 4.5, ""sale_percent"": 35, ""sale_price"": 37760, ""sold_out"": false, ""url"": ""https://product.29cm.co.kr/catalog/4081120""}",2026-10-06T13:06:52+00:00_c2f52f8d
2026-10-06T22:06:52+09:00,2026-10-06T13:06:52+00:00,commerce_rank,Henley 3/4 Sleeve Tee_Melange Gray,29cm:4081120,review_count,101.0,"{""brand_eng"": ""108POUND"", ""brand_kor"": ""108파운드"", ""brand_no"": 86198, ""category1"": ""여성의류"", ""category2"": ""상의"", ""category3"": ""긴소매 티셔츠"", ""category3_code"": 268103102, ""is_new"": false, ""item_no"": 4081120, ""period_sort"": ""ONE_DAY"", ""platform"": ""29cm"", ""ranking_category_code"": ""268103100"", ""ranking_category_name"": ""여성의류>상의"", ""review_avg"": 4.5, ""sale_percent"": 35, ""sale_price"": 37760, ""sold_out"": false, ""url"": ""https://product.29cm.co.kr/catalog/4081120""}",2026-10-06T13:06:52+00:00_c2f52f8d
2026-10-06T22:06:52+09:00,2026-10-06T13:06:52+00:00,commerce_rank,Henley 3/4 Sleeve Tee_Melange Gray,29cm:4081120@268103100,rank,33.0,"{""brand_eng"": ""108POUND"", ""brand_kor"": ""108파운드"", ""brand_no"": 86198, ""category1"": ""여성의류"", ""category2"": ""상의"", ""category3"": ""긴소매 티셔츠"", ""category3_code"": 268103102, ""is_new"": false, ""item_no"": 4081120, ""period_sort"": ""ONE_DAY"", ""platform"": ""29cm"", ""ranking_category_code"": ""268103100"", ""ranking_category_name"": ""여성의류>상의"", ""review_avg"": 4.5, ""sale_percent"": 35, ""sale_price"": 37760, ""sold_out"": false, ""url"": ""https://product.29cm.co.kr/catalog/4081120""}",2026-10-06T13:06:52+00:00_c2f52f8d
2026-10-06T22:06:52+09:00,2026-10-06T13:06:52+00:00,commerce_rank,와플 래글런 LST (Dark Navy),29cm:4088282,heart_count,2534.0,"{""brand_eng"": ""ENZO BLUES"", ""brand_kor"": ""엔조블루스"", ""brand_no"": 1549, ""category1"": ""여성의류"", ""category2"": ""상의"", ""category3"": ""긴소매 티셔츠"", ""category3_code"": 268103102, ""is_new"": false, ""item_no"": 4088282, ""period_sort"": ""ONE_DAY"", ""platform"": ""29cm"", ""ranking_category_code"": ""268103100"", ""ranking_category_name"": ""여성의류>상의"", ""review_avg"": 5.0, ""sale_percent"": 19, ""sale_price"": 63990, ""sold_out"": false, ""url"": ""https://product.29cm.co.kr/catalog/4088282""}",2026-10-06T13:06:52+00:00_c2f52f8d
2026-10-06T22:06:52+09:00,2026-10-06T13:06:52+00:00,commerce_rank,와플 래글런 LST (Dark Navy),29cm:4088282,review_count,18.0,"{""brand_eng"": ""ENZO BLUES"", ""brand_kor"": ""엔조블루스"", ""brand_no"": 1549, ""category1"": ""여성의류"", ""category2"": ""상의"", ""category3"": ""긴소매 티셔츠"", ""category3_code"": 268103102, ""is_new"": false, ""item_no"": 4088282, ""period_sort"": ""ONE_DAY"", ""platform"": ""29cm"", ""ranking_category_code"": ""268103100"", ""ranking_category_name"": ""여성의류>상의"", ""review_avg"": 5.0, ""sale_percent"": 19, ""sale_price"": 63990, ""sold_out"": false, ""url"": ""https://product.29cm.co.kr/catalog/4088282""}",2026-10-06T13:06:52+00:00_c2f52f8d
2026-10-06T22:06:52+09:00,2026-10-06T13:06:52+00:00,commerce_rank,와플 래글런 LST (Dark Navy),29cm:4088282@268103100,rank,68.0,"{""brand_eng"": ""ENZO BLUES"", ""brand_kor"": ""엔조블루스"", ""brand_no"": 1549, ""category1"": ""여성의류"", ""category2"": ""상의"", ""category3"": ""긴소매 티셔츠"", ""category3_code"": 268103102, ""is_new"": false, ""item_no"": 4088282, ""period_sort"": ""ONE_DAY"", ""platform"": ""29cm"", ""ranking_category_code"": ""268103100"", ""ranking_category_name"": ""여성의류>상의"", ""review_avg"": 5.0, ""sale_percent"": 19, ""sale_price"": 63990, ""sold_out"": false, ""url"": ""https://product.29cm.co.kr/catalog/4088282""}",2026-10-06T13:06:52+00:00_c2f52f8d
2026-10-06T22:06:52+09:00,2026-10-06T13:06:53+00:00,commerce_rank,오션 토템 폴라 후디드 풀오버(4colors) NFL2226,29cm:4095396,heart_count,1700.0,"{""brand_eng"": ""NAUTICA"", ""brand_kor"": ""노티카"", ""brand_no"": 17425, ""category1"": ""남성의류"", ""category2"": ""상의"", ""category3"": ""후디"", ""category3_code"": 272103108, ""is_new"": false, ""item_no"": 4095396, ""period_sort"": ""ONE_DAY"", ""platform"": ""29cm"", ""ranking_category_code"": ""272103100"", ""ranking_category_name"": ""남성의류>상의"", ""review_avg"": 5.0, ""sale_percent"": 30, ""sale_price"": 62300, ""sold_out"": false, ""url"": ""https://product.29cm.co.kr/catalog/4095396""}",2026-10-06T13:06:52+00:00_c2f52f8d
2026-10-06T22:06:52+09:00,2026-10-06T13:06:53+00:00,commerce_rank,오션 토템 폴라 후디드 풀오버(4colors) NFL2226,29cm:4095396,review_count,10.0,"{""brand_eng"": ""NAUTICA"", ""brand_kor"": ""노티카"", ""brand_no"": 17425, ""category1"": ""남성의류"", ""category2"": ""상의"", ""category3"": ""후디"", ""category3_code"": 272103108, ""is_new"": false, ""item_no"": 4095396, ""period_sort"": ""ONE_DAY"", ""platform"": ""29cm"", ""ranking_category_code"": ""272103100"", ""ranking_category_name"": ""남성의류>상의"", ""review_avg"": 5.0, ""sale_percent"": 30, ""sale_price"": 62300, ""sold_out"": false, ""url"": ""https://product.29cm.co.kr/catalog/4095396""}",2026-10-06T13:06:52+00:00_c2f52f8d
2026-10-06T22:06:52+09:00,2026-10-06T13:06:53+00:00,commerce_rank,오션 토템 폴라 후디드 풀오버(4colors) NFL2226,29cm:4095396@272103100,rank,13.0,"{""brand_eng"": ""NAUTICA"", ""brand_kor"": ""노티카"", ""brand_no"": 17425, ""category1"": ""남성의류"", ""category2"": ""상의"", ""category3"": ""후디"", ""category3_code"": 272103108, ""is_new"": false, ""item_no"": 4095396, ""period_sort"": ""ONE_DAY"", ""platform"": ""29cm"", ""ranking_category_code"": ""272103100"", ""ranking_category_name"": ""남성의류>상의"", ""review_avg"": 5.0, ""sale_percent"": 30, ""sale_price"": 62300, ""sold_out"": false, ""url"": ""https://product.29cm.co.kr/catalog/4095396""}",2026-10-06T13:06:52+00:00_c2f52f8d
2026-10-06T22:06:52+09:00,2026-10-06T13:06:52+00:00,commerce_rank,50s RAGLAN GRAPHIC T-SHIRT_NAVY,29cm:4096889,heart_count,9229.0,"{""brand_eng"": ""TTUDEMENT"", ""brand_kor"": ""튜드먼트"", ""brand_no"": 36259, ""category1"": ""여성의류"", ""category2"": ""상의"", ""category3"": ""긴소매 티셔츠"", ""category3_code"": 268103102, ""is_new"": false, ""item_no"": 4096889, ""period_sort"": ""ONE_DAY"", ""platform"": ""29cm"", ""ranking_category_code"": ""268103100"", ""ranking_category_name"": ""여성의류>상의"", ""review_avg"": 5.0, ""sale_percent"": 28, ""sale_price"": 50510, ""sold_out"": false, ""url"": ""https://product.29cm.co.kr/catalog/4096889""}",2026-10-06T13:06:52+00:00_c2f52f8d
2026-10-06T22:06:52+09:00,2026-10-06T13:06:52+00:00,commerce_rank,50s RAGLAN GRAPHIC T-SHIRT_NAVY,29cm:4096889,review_count,75.0,"{""brand_eng"": ""TTUDEMENT"", ""brand_kor"": ""튜드먼트"", ""brand_no"": 36259, ""category1"": ""여성의류"", ""category2"": ""상의"", ""category3"": ""긴소매 티셔츠"", ""category3_code"": 268103102, ""is_new"": false, ""item_no"": 4096889, ""period_sort"": ""ONE_DAY"", ""platform"": ""29cm"", ""ranking_category_code"": ""268103100"", ""ranking_category_name"": ""여성의류>상의"", ""review_avg"": 5.0, ""sale_percent"": 28, ""sale_price"": 50510, ""sold_out"": false, ""url"": ""https://product.29cm.co.kr/catalog/4096889""}",2026-10-06T13:06:52+00:00_c2f52f8d
2026-10-06T22:06:52+09:00,2026-10-06T13:06:52+00:00,commerce_rank,50s RAGLAN GRAPHIC T-SHIRT_NAVY,29cm:4096889@268103100,rank,60.0,"{""brand_eng"": ""TTUDEMENT"", ""brand_kor"": ""튜드먼트"", ""brand_no"": 36259, ""category1"": ""여성의류"", ""category2"": ""상의"", ""category3"": ""긴소매 티셔츠"", ""category3_code"": 268103102, ""is_new"": false, ""item_no"": 4096889, ""period_sort"": ""ONE_DAY"", ""platform"": ""29cm"", ""ranking_category_code"": ""268103100"", ""ranking_category_name"": ""여성의류>상의"", ""review_avg"": 5.0, ""sale_percent"": 28, ""sale_price"": 50510, ""sold_out"": false, ""url"": ""https://product.29cm.co.kr/catalog/4096889""}",2026-10-06T13:06:52+00:00_c2f52f8d
2026-10-06T22:06:52+09:00,2026-10-06T13:06:52+00:00,commerce_rank,"[디렉터픽] REGULAR WAFFLE HENLEY LONG SLEEVE, GRAY",29cm:4099039,heart_count,3248.0,"{""brand_eng"": ""PLZPROJECT"", ""brand_kor"": ""플리즈프로젝트"", ""brand_no"": 18645, ""category1"": ""여성의류"", ""category2"": ""상의"", ""category3"": ""긴소매 티셔츠"", ""category3_code"": 268103102, ""is_new"": false, ""item_no"": 4099039, ""period_sort"": ""ONE_DAY"", ""platform"": ""29cm"", ""ranking_category_code"": ""268103100"", ""ranking_category_name"": ""여성의류>상의"", ""review_avg"": 4.5, ""sale_percent"": 10, ""sale_price"": 52200, ""sold_out"": false, ""url"": ""https://product.29cm.co.kr/catalog/4099039""}",2026-10-06T13:06:52+00:00_c2f52f8d
2026-10-06T22:06:52+09:00,2026-10-06T13:06:52+00:00,commerce_rank,"[디렉터픽] REGULAR WAFFLE HENLEY LONG SLEEVE, GRAY",29cm:4099039,review_count,22.0,"{""brand_eng"": ""PLZPROJECT"", ""brand_kor"": ""플리즈프로젝트"", ""brand_no"": 18645, ""category1"": ""여성의류"", ""category2"": ""상의"", ""category3"": ""긴소매 티셔츠"", ""category3_code"": 268103102, ""is_new"": false, ""item_no"": 4099039, ""period_sort"": ""ONE_DAY"", ""platform"": ""29cm"", ""ranking_category_code"": ""268103100"", ""ranking_category_name"": ""여성의류>상의"", ""review_avg"": 4.5, ""sale_percent"": 10, ""sale_price"": 52200, ""sold_out"": false, ""url"": ""https://product.29cm.co.kr/catalog/4099039""}",2026-10-06T13:06:52+00:00_c2f52f8d
2026-10-06T22:06:52+09:00,2026-10-06T13:06:52+00:00,commerce_rank,"[디렉터픽] REGULAR WAFFLE HENLEY LONG SLEEVE, GRAY",29cm:4099039@268103100,rank,42.0,"{""brand_eng"": ""PLZPROJECT"", ""brand_kor"": ""플리즈프로젝트"", ""brand_no"": 18645, ""category1"": ""여성의류"", ""category2"": ""상의"", ""category3"": ""긴소매 티셔츠"", ""category3_code"": 268103102, ""is_new"": false, ""item_no"": 4099039, ""period_sort"": ""ONE_DAY"", ""platform"": ""29cm"", ""ranking_category_code"": ""268103100"", ""ranking_category_name"": ""여성의류>상의"", ""review_avg"": 4.5, ""sale_percent"": 10, ""sale_price"": 52200, ""sold_out"": false, ""url"": ""https://product.29cm.co.kr/catalog/4099039""}",2026-10-06T13:06:52+00:00_c2f52f8d
2026-10-06T22:06:52+09:00,2026-10-06T13:06:52+00:00,commerce_rank,"[디렉터픽][2차] DAMAGE WAFFLE LONG SLEEVE, CHARCOAL",29cm:4099045,heart_count,2167.0,"{""brand_eng"": ""PLZPROJECT"", ""brand_kor"": ""플리즈프로젝트"", ""brand_no"": 18645, ""category1"": ""여성의류"", ""category2"": ""상의"", ""category3"": ""긴소매 티셔츠"", ""category3_code"": 268103102, ""is_new"": false, ""item_no"": 4099045, ""period_sort"": ""ONE_DAY"", ""platform"": ""29cm"", ""ranking_category_code"": ""268103100"", ""ranking_category_name"": ""여성의류>상의"", ""review_avg"": 5.0, ""sale_percent"": 10, ""sale_price"": 53100, ""sold_out"": true, ""url"": ""https://product.29cm.co.kr/catalog/4099045""}",2026-10-06T13:06:52+00:00_c2f52f8d
2026-10-06T22:06:52+09:00,2026-10-06T13:06:52+00:00,commerce_rank,"[디렉터픽][2차] DAMAGE WAFFLE LONG SLEEVE, CHARCOAL",29cm:4099045,review_count,24.0,"{""brand_eng"": ""PLZPROJECT"", ""brand_kor"": ""플리즈프로젝트"", ""brand_no"": 18645, ""category1"": ""여성의류"", ""category2"": ""상의"", ""category3"": ""긴소매 티셔츠"", ""category3_code"": 268103102, ""is_new"": false, ""item_no"": 4099045, ""period_sort"": ""ONE_DAY"", ""platform"": ""29cm"", ""ranking_category_code"": ""268103100"", ""ranking_category_name"": ""여성의류>상의"", ""review_avg"": 5.0, ""sale_percent"": 10, ""sale_price"": 53100, ""sold_out"": true, ""url"": ""https://product.29cm.co.kr/catalog/4099045""}",2026-10-06T13:06:52+00:00_c2f52f8d
2026-10-06T22:06:52+09:00,2026-10-06T13:06:52+00:00,commerce_rank,"[디렉터픽][2차] DAMAGE WAFFLE LONG SLEEVE, CHARCOAL",29cm:4099045@268103100,rank,37.0,"{""brand_eng"": ""PLZPROJECT"", ""brand_kor"": ""플리즈프로젝트"", ""brand_no"": 18645, ""category1"": ""여성의류"", ""category2"": ""상의"", ""category3"": ""긴소매 티셔츠"", ""category3_code"": 268103102, ""is_new"": false, ""item_no"": 4099045, ""period_sort"": ""ONE_DAY"", ""platform"": ""29cm"", ""ranking_category_code"": ""268103100"", ""ranking_category_name"": ""여성의류>상의"", ""review_avg"": 5.0, ""sale_percent"": 10, ""sale_price"": 53100, ""sold_out"": true, ""url"": ""https://product.29cm.co.kr/catalog/4099045""}",2026-10-06T13:06:52+00:00_c2f52f8d
2026-10-06T22:06:52+09:00,2026-10-06T13:06:52+00:00,commerce_rank,[오제 PICK]BRUSHED ZIP UP MTM [TIFA04LT03]_Melange,29cm:4110885,heart_count,1262.0,"{""brand_eng"": ""TILLIDIE"", ""brand_kor"": ""틸아이다이"", ""brand_no"": 3421, ""category1"": ""여성의류"", ""category2"": ""상의"", ""category3"": ""스웨트셔츠"", ""category3_code"": 268103104, ""is_new"": false, ""item_no"": 4110885, ""period_sort"": ""ONE_DAY"", ""platform"": ""29cm"", ""ranking_category_code"": ""268103100"", ""ranking_category_name"": ""여성의류>상의"", ""review_avg"": 5.0, ""sale_percent"": 30, ""sale_price"": 76300, ""sold_out"": false, ""url"": ""https://product.29cm.co.kr/catalog/4110885""}",2026-10-06T13:06:52+00:00_c2f52f8d
2026-10-06T22:06:52+09:00,2026-10-06T13:06:52+00:00,commerce_rank,[오제 PICK]BRUSHED ZIP UP MTM [TIFA04LT03]_Melange,29cm:4110885,review_count,3.0,"{""brand_eng"": ""TILLIDIE"", ""brand_kor"": ""틸아이다이"", ""brand_no"": 3421, ""category1"": ""여성의류"", ""category2"": ""상의"", ""category3"": ""스웨트셔츠"", ""category3_code"": 268103104, ""is_new"": false, ""item_no"": 4110885, ""period_sort"": ""ONE_DAY"", ""platform"": ""29cm"", ""ranking_category_code"": ""268103100"", ""ranking_category_name"": ""여성의류>상의"", ""review_avg"": 5.0, ""sale_percent"": 30, ""sale_price"": 76300, ""sold_out"": false, ""url"": ""https://product.29cm.co.kr/catalog/4110885""}",2026-10-06T13:06:52+00:00_c2f52f8d
2026-10-06T22:06:52+09:00,2026-10-06T13:06:52+00:00,commerce_rank,[오제 PICK]BRUSHED ZIP UP MTM [TIFA04LT03]_Melange,29cm:4110885@268103100,rank,70.0,"{""brand_eng"": ""TILLIDIE"", ""brand_kor"": ""틸아이다이"", ""brand_no"": 3421, ""category1"": ""여성의류"", ""category2"": ""상의"", ""category3"": ""스웨트셔츠"", ""category3_code"": 268103104, ""is_new"": false, ""item_no"": 4110885, ""period_sort"": ""ONE_DAY"", ""platform"": ""29cm"", ""ranking_category_code"": ""268103100"", ""ranking_category_name"": ""여성의류>상의"", ""review_avg"": 5.0, ""sale_percent"": 30, ""sale_price"": 76300, ""sold_out"": false, ""url"": ""https://product.29cm.co.kr/catalog/4110885""}",2026-10-06T13:06:52+00:00_c2f52f8d
2026-10-06T22:06:52+09:00,2026-10-06T13:06:52+00:00,commerce_rank,"[소담,유미 pick]Daily Soft Slim Raglan Tee_CTT3039(6color)",29cm:4117309,heart_count,11347.0,"{""brand_eng"": ""CITTA"", ""brand_kor"": ""씨타"", ""brand_no"": 71833, ""category1"": ""여성의류"", ""category2"": ""상의"", ""category3"": ""긴소매 티셔츠"", ""category3_code"": 268103102, ""is_new"": false, ""item_no"": 4117309, ""period_sort"": ""ONE_DAY"", ""platform"": ""29cm"", ""ranking_category_code"": ""268103100"", ""ranking_category_name"": ""여성의류>상의"", ""review_avg"": 4.5, ""sale_percent"": 22, ""sale_price"": 35240, ""sold_out"": false, ""url"": ""https://product.29cm.co.kr/catalog/4117309""}",2026-10-06T13:06:52+00:00_c2f52f8d
2026-10-06T22:06:52+09:00,2026-10-06T13:06:52+00:00,commerce_rank,"[소담,유미 pick]Daily Soft Slim Raglan Tee_CTT3039(6color)",29cm:4117309,review_count,69.0,"{""brand_eng"": ""CITTA"", ""brand_kor"": ""씨타"", ""brand_no"": 71833, ""category1"": ""여성의류"", ""category2"": ""상의"", ""category3"": ""긴소매 티셔츠"", ""category3_code"": 268103102, ""is_new"": false, ""item_no"": 4117309, ""period_sort"": ""ONE_DAY"", ""platform"": ""29cm"", ""ranking_category_code"": ""268103100"", ""ranking_category_name"": ""여성의류>상의"", ""review_avg"": 4.5, ""sale_percent"": 22, ""sale_price"": 35240, ""sold_out"": false, ""url"": ""https://product.29cm.co.kr/catalog/4117309""}",2026-10-06T13:06:52+00:00_c2f52f8d
2026-10-06T22:06:52+09:00,2026-10-06T13:06:52+00:00,commerce_rank,"[소담,유미 pick]Daily Soft Slim Raglan Tee_CTT3039(6color)",29cm:4117309@268103100,rank,28.0,"{""brand_eng"": ""CITTA"", ""brand_kor"": ""씨타"", ""brand_no"": 71833, ""category1"": ""여성의류"", ""category2"": ""상의"", ""category3"": ""긴소매 티셔츠"", ""category3_code"": 268103102, ""is_new"": false, ""item_no"": 4117309, ""period_sort"": ""ONE_DAY"", ""platform"": ""29cm"", ""ranking_category_code"": ""268103100"", ""ranking_category_name"": ""여성의류>상의"", ""review_avg"": 4.5, ""sale_percent"": 22, ""sale_price"": 35240, ""sold_out"": false, ""url"": ""https://product.29cm.co.kr/catalog/4117309""}",2026-10-06T13:06:52+00:00_c2f52f8d
2026-10-06T22:06:52+09:00,2026-10-06T13:06:53+00:00,commerce_rank,리브드 헨리넥 롱슬리브_8Color,29cm:4118543,heart_count,51.0,"{""brand_eng"": ""MOODINSIDE"", ""brand_kor"": ""무드인사이드"", ""brand_no"": 98995, ""category1"": ""남성의류"", ""category2"": ""상의"", ""category3"": ""긴소매 티셔츠"", ""category3_code"": 272103102, ""is_new"": false, ""item_no"": 4118543, ""period_sort"": ""ONE_DAY"", ""platform"": ""29cm"", ""ranking_category_code"": ""272103100"", ""ranking_category_name"": ""남성의류>상의"", ""review_avg"": 0.0, ""sale_percent"": 33, ""sale_price"": 39900, ""sold_out"": false, ""url"": ""https://product.29cm.co.kr/catalog/4118543""}",2026-10-06T13:06:52+00:00_c2f52f8d
2026-10-06T22:06:52+09:00,2026-10-06T13:06:53+00:00,commerce_rank,리브드 헨리넥 롱슬리브_8Color,29cm:4118543,review_count,0.0,"{""brand_eng"": ""MOODINSIDE"", ""brand_kor"": ""무드인사이드"", ""brand_no"": 98995, ""category1"": ""남성의류"", ""category2"": ""상의"", ""category3"": ""긴소매 티셔츠"", ""category3_code"": 272103102, ""is_new"": false, ""item_no"": 4118543, ""period_sort"": ""ONE_DAY"", ""platform"": ""29cm"", ""ranking_category_code"": ""272103100"", ""ranking_category_name"": ""남성의류>상의"", ""review_avg"": 0.0, ""sale_percent"": 33, ""sale_price"": 39900, ""sold_out"": false, ""url"": ""https://product.29cm.co.kr/catalog/4118543""}",2026-10-06T13:06:52+00:00_c2f52f8d
2026-10-06T22:06:52+09:00,2026-10-06T13:06:53+00:00,commerce_rank,리브드 헨리넥 롱슬리브_8Color,29cm:4118543@272103100,rank,69.0,"{""brand_eng"": ""MOODINSIDE"", ""brand_kor"": ""무드인사이드"", ""brand_no"": 98995, ""category1"": ""남성의류"", ""category2"": ""상의"", ""category3"": ""긴소매 티셔츠"", ""category3_code"": 272103102, ""is_new"": false, ""item_no"": 4118543, ""period_sort"": ""ONE_DAY"", ""platform"": ""29cm"", ""ranking_category_code"": ""272103100"", ""ranking_category_name"": ""남성의류>상의"", ""review_avg"": 0.0, ""sale_percent"": 33, ""sale_price"": 39900, ""sold_out"": false, ""url"": ""https://product.29cm.co.kr/catalog/4118543""}",2026-10-06T13:06:52+00:00_c2f52f8d
2026-10-06T22:06:52+09:00,2026-10-06T13:06:53+00:00,commerce_rank,스웻 크롭 반집업_6Color,29cm:4118913,heart_count,859.0,"{""brand_eng"": ""MOODINSIDE"", ""brand_kor"": ""무드인사이드"", ""brand_no"": 98995, ""category1"": ""남성의류"", ""category2"": ""상의"", ""category3"": ""스웨트셔츠"", ""category3_code"": 272103107, ""is_new"": false, ""item_no"": 4118913, ""period_sort"": ""ONE_DAY"", ""platform"": ""29cm"", ""ranking_category_code"": ""272103100"", ""ranking_category_name"": ""남성의류>상의"", ""review_avg"": 5.0, ""sale_percent"": 54, ""sale_price"": 54900, ""sold_out"": false, ""url"": ""https://product.29cm.co.kr/catalog/4118913""}",2026-10-06T13:06:52+00:00_c2f52f8d
2026-10-06T22:06:52+09:00,2026-10-06T13:06:53+00:00,commerce_rank,스웻 크롭 반집업_6Color,29cm:4118913,review_count,23.0,"{""brand_eng"": ""MOODINSIDE"", ""brand_kor"": ""무드인사이드"", ""brand_no"": 98995, ""category1"": ""남성의류"", ""category2"": ""상의"", ""category3"": ""스웨트셔츠"", ""category3_code"": 272103107, ""is_new"": false, ""item_no"": 4118913, ""period_sort"": ""ONE_DAY"", ""platform"": ""29cm"", ""ranking_category_code"": ""272103100"", ""ranking_category_name"": ""남성의류>상의"", ""review_avg"": 5.0, ""sale_percent"": 54, ""sale_price"": 54900, ""sold_out"": false, ""url"": ""https://product.29cm.co.kr/catalog/4118913""}",2026-10-06T13:06:52+00:00_c2f52f8d
2026-10-06T22:06:52+09:00,2026-10-06T13:06:53+00:00,commerce_rank,스웻 크롭 반집업_6Color,29cm:4118913@272103100,rank,37.0,"{""brand_eng"": ""MOODINSIDE"", ""brand_kor"": ""무드인사이드"", ""brand_no"": 98995, ""category1"": ""남성의류"", ""category2"": ""상의"", ""category3"": ""스웨트셔츠"", ""category3_code"": 272103107, ""is_new"": false, ""item_no"": 4118913, ""period_sort"": ""ONE_DAY"", ""platform"": ""29cm"", ""ranking_category_code"": ""272103100"", ""ranking_category_name"": ""남성의류>상의"", ""review_avg"": 5.0, ""sale_percent"": 54, ""sale_price"": 54900, ""sold_out"": false, ""url"": ""https://product.29cm.co.kr/catalog/4118913""}",2026-10-06T13:06:52+00:00_c2f52f8d
2026-10-06T22:06:52+09:00,2026-10-06T13:06:52+00:00,commerce_rank,[7th_10/15 예약배송] Marc waffle t-shirt_Navy&grey,29cm:4120280,heart_count,4917.0,"{""brand_eng"": ""Tekto"", ""brand_kor"": ""텍토"", ""brand_no"": 75938, ""category1"": ""여성의류"", ""category2"": ""상의"", ""category3"": ""긴소매 티셔츠"", ""category3_code"": 268103102, ""is_new"": false, ""item_no"": 4120280, ""period_sort"": ""ONE_DAY"", ""platform"": ""29cm"", ""ranking_category_code"": ""268103100"", ""ranking_category_name"": ""여성의류>상의"", ""review_avg"": 4.5, ""sale_percent"": 14, ""sale_price"": 64130, ""sold_out"": false, ""url"": ""https://product.29cm.co.kr/catalog/4120280""}",2026-10-06T13:06:52+00:00_c2f52f8d
2026-10-06T22:06:52+09:00,2026-10-06T13:06:52+00:00,commerce_rank,[7th_10/15 예약배송] Marc waffle t-shirt_Navy&grey,29cm:4120280,review_count,55.0,"{""brand_eng"": ""Tekto"", ""brand_kor"": ""텍토"", ""brand_no"": 75938, ""category1"": ""여성의류"", ""category2"": ""상의"", ""category3"": ""긴소매 티셔츠"", ""category3_code"": 268103102, ""is_new"": false, ""item_no"": 4120280, ""period_sort"": ""ONE_DAY"", ""platform"": ""29cm"", ""ranking_category_code"": ""268103100"", ""ranking_category_name"": ""여성의류>상의"", ""review_avg"": 4.5, ""sale_percent"": 14, ""sale_price"": 64130, ""sold_out"": false, ""url"": ""https://product.29cm.co.kr/catalog/4120280""}",2026-10-06T13:06:52+00:00_c2f52f8d
2026-10-06T22:06:52+09:00,2026-10-06T13:06:52+00:00,commerce_rank,[7th_10/15 예약배송] Marc waffle t-shirt_Navy&grey,29cm:4120280@268103100,rank,85.0,"{""brand_eng"": ""Tekto"", ""brand_kor"": ""텍토"", ""brand_no"": 75938, ""category1"": ""여성의류"", ""category2"": ""상의"", ""category3"": ""긴소매 티셔츠"", ""category3_code"": 268103102, ""is_new"": false, ""item_no"": 4120280, ""period_sort"": ""ONE_DAY"", ""platform"": ""29cm"", ""ranking_category_code"": ""268103100"", ""ranking_category_name"": ""여성의류>상의"", ""review_avg"": 4.5, ""sale_percent"": 14, ""sale_price"": 64130, ""sold_out"": false, ""url"": ""https://product.29cm.co.kr/catalog/4120280""}",2026-10-06T13:06:52+00:00_c2f52f8d
2026-10-06T22:06:52+09:00,2026-10-06T13:06:52+00:00,commerce_rank,[26th] Hines deep v-neck sweatshirt - Purple,29cm:4120936,heart_count,6136.0,"{""brand_eng"": ""APPAREL ARCHIVE"", ""brand_kor"": ""어패럴아카이브"", ""brand_no"": 98593, ""category1"": ""남성의류"", ""category2"": ""상의"", ""category3"": ""스웨트셔츠"", ""category3_code"": 272103107, ""is_new"": false, ""item_no"": 4120936, ""period_sort"": ""ONE_DAY"", ""platform"": ""29cm"", ""ranking_category_code"": ""268103100"", ""ranking_category_name"": ""여성의류>상의"", ""review_avg"": 5.0, ""sale_percent"": 37, ""sale_price"": 49770, ""sold_out"": false, ""url"": ""https://product.29cm.co.kr/catalog/4120936""}",2026-10-06T13:06:52+00:00_c2f52f8d
2026-10-06T22:06:52+09:00,2026-10-06T13:06:52+00:00,commerce_rank,[26th] Hines deep v-neck sweatshirt - Purple,29cm:4120936,review_count,33.0,"{""brand_eng"": ""APPAREL ARCHIVE"", ""brand_kor"": ""어패럴아카이브"", ""brand_no"": 98593, ""category1"": ""남성의류"", ""category2"": ""상의"", ""category3"": ""스웨트셔츠"", ""category3_code"": 272103107, ""is_new"": false, ""item_no"": 4120936, ""period_sort"": ""ONE_DAY"", ""platform"": ""29cm"", ""ranking_category_code"": ""268103100"", ""ranking_category_name"": ""여성의류>상의"", ""review_avg"": 5.0, ""sale_percent"": 37, ""sale_price"": 49770, ""sold_out"": false, ""url"": ""https://product.29cm.co.kr/catalog/4120936""}",2026-10-06T13:06:52+00:00_c2f52f8d
2026-10-06T22:06:52+09:00,2026-10-06T13:06:52+00:00,commerce_rank,[26th] Hines deep v-neck sweatshirt - Purple,29cm:4120936@268103100,rank,24.0,"{""brand_eng"": ""APPAREL ARCHIVE"", ""brand_kor"": ""어패럴아카이브"", ""brand_no"": 98593, ""category1"": ""남성의류"", ""category2"": ""상의"", ""category3"": ""스웨트셔츠"", ""category3_code"": 272103107, ""is_new"": false, ""item_no"": 4120936, ""period_sort"": ""ONE_DAY"", ""platform"": ""29cm"", ""ranking_category_code"": ""268103100"", ""ranking_category_name"": ""여성의류>상의"", ""review_avg"": 5.0, ""sale_percent"": 37, ""sale_price"": 49770, ""sold_out"": false, ""url"": ""https://product.29cm.co.kr/catalog/4120936""}",2026-10-06T13:06:52+00:00_c2f52f8d
2026-10-06T22:06:52+09:00,2026-10-06T13:06:53+00:00,commerce_rank,[26th] Hines deep v-neck sweatshirt - Purple,29cm:4120936@272103100,rank,45.0,"{""brand_eng"": ""APPAREL ARCHIVE"", ""brand_kor"": ""어패럴아카이브"", ""brand_no"": 98593, ""category1"": ""남성의류"", ""category2"": ""상의"", ""category3"": ""스웨트셔츠"", ""category3_code"": 272103107, ""is_new"": false, ""item_no"": 4120936, ""period_sort"": ""ONE_DAY"", ""platform"": ""29cm"", ""ranking_category_code"": ""272103100"", ""ranking_category_name"": ""남성의류>상의"", ""review_avg"": 5.0, ""sale_percent"": 37, ""sale_price"": 49770, ""sold_out"": false, ""url"": ""https://product.29cm.co.kr/catalog/4120936""}",2026-10-06T13:06:52+00:00_c2f52f8d
2026-10-06T22:06:52+09:00,2026-10-06T13:06:52+00:00,commerce_rank,[16th] Hines deep v-neck sweatshirt - Red,29cm:4120937,heart_count,2543.0,"{""brand_eng"": ""APPAREL ARCHIVE"", ""brand_kor"": ""어패럴아카이브"", ""brand_no"": 98593, ""category1"": ""남성의류"", ""category2"": ""상의"", ""category3"": ""스웨트셔츠"", ""category3_code"": 272103107, ""is_new"": false, ""item_no"": 4120937, ""period_sort"": ""ONE_DAY"", ""platform"": ""29cm"", ""ranking_category_code"": ""268103100"", ""ranking_category_name"": ""여성의류>상의"", ""review_avg"": 5.0, ""sale_percent"": 37, ""sale_price"": 49770, ""sold_out"": false, ""url"": ""https://product.29cm.co.kr/catalog/4120937""}",2026-10-06T13:06:52+00:00_c2f52f8d
2026-10-06T22:06:52+09:00,2026-10-06T13:06:52+00:00,commerce_rank,[16th] Hines deep v-neck sweatshirt - Red,29cm:4120937,review_count,15.0,"{""brand_eng"": ""APPAREL ARCHIVE"", ""brand_kor"": ""어패럴아카이브"", ""brand_no"": 98593, ""category1"": ""남성의류"", ""category2"": ""상의"", ""category3"": ""스웨트셔츠"", ""category3_code"": 272103107, ""is_new"": false, ""item_no"": 4120937, ""period_sort"": ""ONE_DAY"", ""platform"": ""29cm"", ""ranking_category_code"": ""268103100"", ""ranking_category_name"": ""여성의류>상의"", ""review_avg"": 5.0, ""sale_percent"": 37, ""sale_price"": 49770, ""sold_out"": false, ""url"": ""https://product.29cm.co.kr/catalog/4120937""}",2026-10-06T13:06:52+00:00_c2f52f8d
2026-10-06T22:06:52+09:00,2026-10-06T13:06:52+00:00,commerce_rank,[16th] Hines deep v-neck sweatshirt - Red,29cm:4120937@268103100,rank,82.0,"{""brand_eng"": ""APPAREL ARCHIVE"", ""brand_kor"": ""어패럴아카이브"", ""brand_no"": 98593, ""category1"": ""남성의류"", ""category2"": ""상의"", ""category3"": ""스웨트셔츠"", ""category3_code"": 272103107, ""is_new"": false, ""item_no"": 4120937, ""period_sort"": ""ONE_DAY"", ""platform"": ""29cm"", ""ranking_category_code"": ""268103100"", ""ranking_category_name"": ""여성의류>상의"", ""review_avg"": 5.0, ""sale_percent"": 37, ""sale_price"": 49770, ""sold_out"": false, ""url"": ""https://product.29cm.co.kr/catalog/4120937""}",2026-10-06T13:06:52+00:00_c2f52f8d
2026-10-06T22:06:52+09:00,2026-10-06T13:06:52+00:00,commerce_rank,롱 래글런 티셔츠_차콜,29cm:4121604,heart_count,628.0,"{""brand_eng"": ""YUPPE"", ""brand_kor"": ""엽페"", ""brand_no"": 2856, ""category1"": ""여성의류"", ""category2"": ""상의"", ""category3"": ""긴소매 티셔츠"", ""category3_code"": 268103102, ""is_new"": false, ""item_no"": 4121604, ""period_sort"": ""ONE_DAY"", ""platform"": ""29cm"", ""ranking_category_code"": ""268103100"", ""ranking_category_name"": ""여성의류>상의"", ""review_avg"": 4.5, ""sale_percent"": 44, ""sale_price"": 38640, ""sold_out"": false, ""url"": ""https://product.29cm.co.kr/catalog/4121604""}",2026-10-06T13:06:52+00:00_c2f52f8d
2026-10-06T22:06:52+09:00,2026-10-06T13:06:52+00:00,commerce_rank,롱 래글런 티셔츠_차콜,29cm:4121604,review_count,6.0,"{""brand_eng"": ""YUPPE"", ""brand_kor"": ""엽페"", ""brand_no"": 2856, ""category1"": ""여성의류"", ""category2"": ""상의"", ""category3"": ""긴소매 티셔츠"", ""category3_code"": 268103102, ""is_new"": false, ""item_no"": 4121604, ""period_sort"": ""ONE_DAY"", ""platform"": ""29cm"", ""ranking_category_code"": ""268103100"", ""ranking_category_name"": ""여성의류>상의"", ""review_avg"": 4.5, ""sale_percent"": 44, ""sale_price"": 38640, ""sold_out"": false, ""url"": ""https://product.29cm.co.kr/catalog/4121604""}",2026-10-06T13:06:52+00:00_c2f52f8d
2026-10-06T22:06:52+09:00,2026-10-06T13:06:52+00:00,commerce_rank,롱 래글런 티셔츠_차콜,29cm:4121604@268103100,rank,66.0,"{""brand_eng"": ""YUPPE"", ""brand_kor"": ""엽페"", ""brand_no"": 2856, ""category1"": ""여성의류"", ""category2"": ""상의"", ""category3"": ""긴소매 티셔츠"", ""category3_code"": 268103102, ""is_new"": false, ""item_no"": 4121604, ""period_sort"": ""ONE_DAY"", ""platform"": ""29cm"", ""ranking_category_code"": ""268103100"", ""ranking_category_name"": ""여성의류>상의"", ""review_avg"": 4.5, ""sale_percent"": 44, ""sale_price"": 38640, ""sold_out"": false, ""url"": ""https://product.29cm.co.kr/catalog/4121604""}",2026-10-06T13:06:52+00:00_c2f52f8d
2026-10-06T22:06:52+09:00,2026-10-06T13:06:52+00:00,commerce_rank,라인 스트라이프 티셔츠_네이비,29cm:4121640,heart_count,551.0,"{""brand_eng"": ""YUPPE"", ""brand_kor"": ""엽페"", ""brand_no"": 2856, ""category1"": ""여성의류"", ""category2"": ""상의"", ""category3"": ""긴소매 티셔츠"", ""category3_code"": 268103102, ""is_new"": false, ""item_no"": 4121640, ""period_sort"": ""ONE_DAY"", ""platform"": ""29cm"", ""ranking_category_code"": ""268103100"", ""ranking_category_name"": ""여성의류>상의"", ""review_avg"": 4.5, ""sale_percent"": 44, ""sale_price"": 44240, ""sold_out"": false, ""url"": ""https://product.29cm.co.kr/catalog/4121640""}",2026-10-06T13:06:52+00:00_c2f52f8d
2026-10-06T22:06:52+09:00,2026-10-06T13:06:52+00:00,commerce_rank,라인 스트라이프 티셔츠_네이비,29cm:4121640,review_count,10.0,"{""brand_eng"": ""YUPPE"", ""brand_kor"": ""엽페"", ""brand_no"": 2856, ""category1"": ""여성의류"", ""category2"": ""상의"", ""category3"": ""긴소매 티셔츠"", ""category3_code"": 268103102, ""is_new"": false, ""item_no"": 4121640, ""period_sort"": ""ONE_DAY"", ""platform"": ""29cm"", ""ranking_category_code"": ""268103100"", ""ranking_category_name"": ""여성의류>상의"", ""review_avg"": 4.5, ""sale_percent"": 44, ""sale_price"": 44240, ""sold_out"": false, ""url"": ""https://product.29cm.co.kr/catalog/4121640""}",2026-10-06T13:06:52+00:00_c2f52f8d
2026-10-06T22:06:52+09:00,2026-10-06T13:06:52+00:00,commerce_rank,라인 스트라이프 티셔츠_네이비,29cm:4121640@268103100,rank,84.0,"{""brand_eng"": ""YUPPE"", ""brand_kor"": ""엽페"", ""brand_no"": 2856, ""category1"": ""여성의류"", ""category2"": ""상의"", ""category3"": ""긴소매 티셔츠"", ""category3_code"": 268103102, ""is_new"": false, ""item_no"": 4121640, ""period_sort"": ""ONE_DAY"", ""platform"": ""29cm"", ""ranking_category_code"": ""268103100"", ""ranking_category_name"": ""여성의류>상의"", ""review_avg"": 4.5, ""sale_percent"": 44, ""sale_price"": 44240, ""sold_out"": false, ""url"": ""https://product.29cm.co.kr/catalog/4121640""}",2026-10-06T13:06:52+00:00_c2f52f8d
2026-10-06T22:06:52+09:00,2026-10-06T13:06:52+00:00,commerce_rank,[8th]Standard-fit Basic Sleeveless,29cm:4122652,heart_count,532.0,"{""brand_eng"": ""TORTE"", ""brand_kor"": ""토르테"", ""brand_no"": 104998, ""category1"": ""여성의류"", ""category2"": ""상의"", ""category3"": ""슬리브리스"", ""category3_code"": 268103103, ""is_new"": false, ""item_no"": 4122652, ""period_sort"": ""ONE_DAY"", ""platform"": ""29cm"", ""ranking_category_code"": ""268103100"", ""ranking_category_name"": ""여성의류>상의"", ""review_avg"": 5.0, ""sale_percent"": 19, ""sale_price"": 31590, ""sold_out"": false, ""url"": ""https://product.29cm.co.kr/catalog/4122652""}",2026-10-06T13:06:52+00:00_c2f52f8d
2026-10-06T22:06:52+09:00,2026-10-06T13:06:52+00:00,commerce_rank,[8th]Standard-fit Basic Sleeveless,29cm:4122652,review_count,13.0,"{""brand_eng"": ""TORTE"", ""brand_kor"": ""토르테"", ""brand_no"": 104998, ""category1"": ""여성의류"", ""category2"": ""상의"", ""category3"": ""슬리브리스"", ""category3_code"": 268103103, ""is_new"": false, ""item_no"": 4122652, ""period_sort"": ""ONE_DAY"", ""platform"": ""29cm"", ""ranking_category_code"": ""268103100"", ""ranking_category_name"": ""여성의류>상의"", ""review_avg"": 5.0, ""sale_percent"": 19, ""sale_price"": 31590, ""sold_out"": false, ""url"": ""https://product.29cm.co.kr/catalog/4122652""}",2026-10-06T13:06:52+00:00_c2f52f8d
2026-10-06T22:06:52+09:00,2026-10-06T13:06:52+00:00,commerce_rank,[8th]Standard-fit Basic Sleeveless,29cm:4122652@268103100,rank,67.0,"{""brand_eng"": ""TORTE"", ""brand_kor"": ""토르테"", ""brand_no"": 104998, ""category1"": ""여성의류"", ""category2"": ""상의"", ""category3"": ""슬리브리스"", ""category3_code"": 268103103, ""is_new"": false, ""item_no"": 4122652, ""period_sort"": ""ONE_DAY"", ""platform"": ""29cm"", ""ranking_category_code"": ""268103100"", ""ranking_category_name"": ""여성의류>상의"", ""review_avg"": 5.0, ""sale_percent"": 19, ""sale_price"": 31590, ""sold_out"": false, ""url"": ""https://product.29cm.co.kr/catalog/4122652""}",2026-10-06T13:06:52+00:00_c2f52f8d
2026-10-06T22:06:52+09:00,2026-10-06T13:06:52+00:00,commerce_rank,[5th]Boat Neck 3/4 Sleeve T-Shirt,29cm:4122668,heart_count,503.0,"{""brand_eng"": ""TORTE"", ""brand_kor"": ""토르테"", ""brand_no"": 104998, ""category1"": ""여성의류"", ""category2"": ""상의"", ""category3"": ""긴소매 티셔츠"", ""category3_code"": 268103102, ""is_new"": false, ""item_no"": 4122668, ""period_sort"": ""ONE_DAY"", ""platform"": ""29cm"", ""ranking_category_code"": ""268103100"", ""ranking_category_name"": ""여성의류>상의"", ""review_avg"": 5.0, ""sale_percent"": 19, ""sale_price"": 34020, ""sold_out"": false, ""url"": ""https://product.29cm.co.kr/catalog/4122668""}",2026-10-06T13:06:52+00:00_c2f52f8d
2026-10-06T22:06:52+09:00,2026-10-06T13:06:52+00:00,commerce_rank,[5th]Boat Neck 3/4 Sleeve T-Shirt,29cm:4122668,review_count,11.0,"{""brand_eng"": ""TORTE"", ""brand_kor"": ""토르테"", ""brand_no"": 104998, ""category1"": ""여성의류"", ""category2"": ""상의"", ""category3"": ""긴소매 티셔츠"", ""category3_code"": 268103102, ""is_new"": false, ""item_no"": 4122668, ""period_sort"": ""ONE_DAY"", ""platform"": ""29cm"", ""ranking_category_code"": ""268103100"", ""ranking_category_name"": ""여성의류>상의"", ""review_avg"": 5.0, ""sale_percent"": 19, ""sale_price"": 34020, ""sold_out"": false, ""url"": ""https://product.29cm.co.kr/catalog/4122668""}",2026-10-06T13:06:52+00:00_c2f52f8d
2026-10-06T22:06:52+09:00,2026-10-06T13:06:52+00:00,commerce_rank,[5th]Boat Neck 3/4 Sleeve T-Shirt,29cm:4122668@268103100,rank,86.0,"{""brand_eng"": ""TORTE"", ""brand_kor"": ""토르테"", ""brand_no"": 104998, ""category1"": ""여성의류"", ""category2"": ""상의"", ""category3"": ""긴소매 티셔츠"", ""category3_code"": 268103102, ""is_new"": false, ""item_no"": 4122668, ""period_sort"": ""ONE_DAY"", ""platform"": ""29cm"", ""ranking_category_code"": ""268103100"", ""ranking_category_name"": ""여성의류>상의"", ""review_avg"": 5.0, ""sale_percent"": 19, ""sale_price"": 34020, ""sold_out"": false, ""url"": ""https://product.29cm.co.kr/catalog/4122668""}",2026-10-06T13:06:52+00:00_c2f52f8d
2026-10-06T22:06:52+09:00,2026-10-06T13:06:52+00:00,commerce_rank,MORIN LACE SLEEVELESS (2COLOR),29cm:4125859,heart_count,5586.0,"{""brand_eng"": ""FOLNUA"", ""brand_kor"": ""폴뉴아"", ""brand_no"": 15359, ""category1"": ""여성의류"", ""category2"": ""상의"", ""category3"": ""슬리브리스"", ""category3_code"": 268103103, ""is_new"": false, ""item_no"": 4125859, ""period_sort"": ""ONE_DAY"", ""platform"": ""29cm"", ""ranking_category_code"": ""268103100"", ""ranking_category_name"": ""여성의류>상의"", ""review_avg"": 5.0, ""sale_percent"": 20, ""sale_price"": 36000, ""sold_out"": true, ""url"": ""https://product.29cm.co.kr/catalog/4125859""}",2026-10-06T13:06:52+00:00_c2f52f8d
2026-10-06T22:06:52+09:00,2026-10-06T13:06:52+00:00,commerce_rank,MORIN LACE SLEEVELESS (2COLOR),29cm:4125859,review_count,25.0,"{""brand_eng"": ""FOLNUA"", ""brand_kor"": ""폴뉴아"", ""brand_no"": 15359, ""category1"": ""여성의류"", ""category2"": ""상의"", ""category3"": ""슬리브리스"", ""category3_code"": 268103103, ""is_new"": false, ""item_no"": 4125859, ""period_sort"": ""ONE_DAY"", ""platform"": ""29cm"", ""ranking_category_code"": ""268103100"", ""ranking_category_name"": ""여성의류>상의"", ""review_avg"": 5.0, ""sale_percent"": 20, ""sale_price"": 36000, ""sold_out"": true, ""url"": ""https://product.29cm.co.kr/catalog/4125859""}",2026-10-06T13:06:52+00:00_c2f52f8d
2026-10-06T22:06:52+09:00,2026-10-06T13:06:52+00:00,commerce_rank,MORIN LACE SLEEVELESS (2COLOR),29cm:4125859@268103100,rank,93.0,"{""brand_eng"": ""FOLNUA"", ""brand_kor"": ""폴뉴아"", ""brand_no"": 15359, ""category1"": ""여성의류"", ""category2"": ""상의"", ""category3"": ""슬리브리스"", ""category3_code"": 268103103, ""is_new"": false, ""item_no"": 4125859, ""period_sort"": ""ONE_DAY"", ""platform"": ""29cm"", ""ranking_category_code"": ""268103100"", ""ranking_category_name"": ""여성의류>상의"", ""review_avg"": 5.0, ""sale_percent"": 20, ""sale_price"": 36000, ""sold_out"": true, ""url"": ""https://product.29cm.co.kr/catalog/4125859""}",2026-10-06T13:06:52+00:00_c2f52f8d
2026-10-06T22:06:52+09:00,2026-10-06T13:06:53+00:00,commerce_rank,[1st Reorder] Raw Edge L/S Tee - 3 Color,29cm:4127841,heart_count,441.0,"{""brand_eng"": ""NWT"", ""brand_kor"": ""엔더블유티"", ""brand_no"": 1813, ""category1"": ""남성의류"", ""category2"": ""상의"", ""category3"": ""긴소매 티셔츠"", ""category3_code"": 272103102, ""is_new"": false, ""item_no"": 4127841, ""period_sort"": ""ONE_DAY"", ""platform"": ""29cm"", ""ranking_category_code"": ""272103100"", ""ranking_category_name"": ""남성의류>상의"", ""review_avg"": 0.0, ""sale_percent"": 0, ""sale_price"": 68000, ""sold_out"": false, ""url"": ""https://product.29cm.co.kr/catalog/4127841""}",2026-10-06T13:06:52+00:00_c2f52f8d
2026-10-06T22:06:52+09:00,2026-10-06T13:06:53+00:00,commerce_rank,[1st Reorder] Raw Edge L/S Tee - 3 Color,29cm:4127841,review_count,0.0,"{""brand_eng"": ""NWT"", ""brand_kor"": ""엔더블유티"", ""brand_no"": 1813, ""category1"": ""남성의류"", ""category2"": ""상의"", ""category3"": ""긴소매 티셔츠"", ""category3_code"": 272103102, ""is_new"": false, ""item_no"": 4127841, ""period_sort"": ""ONE_DAY"", ""platform"": ""29cm"", ""ranking_category_code"": ""272103100"", ""ranking_category_name"": ""남성의류>상의"", ""review_avg"": 0.0, ""sale_percent"": 0, ""sale_price"": 68000, ""sold_out"": false, ""url"": ""https://product.29cm.co.kr/catalog/4127841""}",2026-10-06T13:06:52+00:00_c2f52f8d
2026-10-06T22:06:52+09:00,2026-10-06T13:06:53+00:00,commerce_rank,[1st Reorder] Raw Edge L/S Tee - 3 Color,29cm:4127841@272103100,rank,33.0,"{""brand_eng"": ""NWT"", ""brand_kor"": ""엔더블유티"", ""brand_no"": 1813, ""category1"": ""남성의류"", ""category2"": ""상의"", ""category3"": ""긴소매 티셔츠"", ""category3_code"": 272103102, ""is_new"": false, ""item_no"": 4127841, ""period_sort"": ""ONE_DAY"", ""platform"": ""29cm"", ""ranking_category_code"": ""272103100"", ""ranking_category_name"": ""남성의류>상의"", ""review_avg"": 0.0, ""sale_percent"": 0, ""sale_price"": 68000, ""sold_out"": false, ""url"": ""https://product.29cm.co.kr/catalog/4127841""}",2026-10-06T13:06:52+00:00_c2f52f8d
2026-10-06T22:06:52+09:00,2026-10-06T13:06:53+00:00,commerce_rank,TG3-TS14 하이넥 하프집업 스웻셔츠 - [딥네이비],29cm:4128388,heart_count,427.0,"{""brand_eng"": ""THOMAS MORE"", ""brand_kor"": ""토마스모어"", ""brand_no"": 2111, ""category1"": ""남성의류"", ""category2"": ""상의"", ""category3"": ""스웨트셔츠"", ""category3_code"": 272103107, ""is_new"": false, ""item_no"": 4128388, ""period_sort"": ""ONE_DAY"", ""platform"": ""29cm"", ""ranking_category_code"": ""272103100"", ""ranking_category_name"": ""남성의류>상의"", ""review_avg"": 5.0, ""sale_percent"": 0, ""sale_price"": 73500, ""sold_out"": false, ""url"": ""https://product.29cm.co.kr/catalog/4128388""}",2026-10-06T13:06:52+00:00_c2f52f8d
2026-10-06T22:06:52+09:00,2026-10-06T13:06:53+00:00,commerce_rank,TG3-TS14 하이넥 하프집업 스웻셔츠 - [딥네이비],29cm:4128388,review_count,37.0,"{""brand_eng"": ""THOMAS MORE"", ""brand_kor"": ""토마스모어"", ""brand_no"": 2111, ""category1"": ""남성의류"", ""category2"": ""상의"", ""category3"": ""스웨트셔츠"", ""category3_code"": 272103107, ""is_new"": false, ""item_no"": 4128388, ""period_sort"": ""ONE_DAY"", ""platform"": ""29cm"", ""ranking_category_code"": ""272103100"", ""ranking_category_name"": ""남성의류>상의"", ""review_avg"": 5.0, ""sale_percent"": 0, ""sale_price"": 73500, ""sold_out"": false, ""url"": ""https://product.29cm.co.kr/catalog/4128388""}",2026-10-06T13:06:52+00:00_c2f52f8d
2026-10-06T22:06:52+09:00,2026-10-06T13:06:53+00:00,commerce_rank,TG3-TS14 하이넥 하프집업 스웻셔츠 - [딥네이비],29cm:4128388@272103100,rank,12.0,"{""brand_eng"": ""THOMAS MORE"", ""brand_kor"": ""토마스모어"", ""brand_no"": 2111, ""category1"": ""남성의류"", ""category2"": ""상의"", ""category3"": ""스웨트셔츠"", ""category3_code"": 272103107, ""is_new"": false, ""item_no"": 4128388, ""period_sort"": ""ONE_DAY"", ""platform"": ""29cm"", ""ranking_category_code"": ""272103100"", ""ranking_category_name"": ""남성의류>상의"", ""review_avg"": 5.0, ""sale_percent"": 0, ""sale_price"": 73500, ""sold_out"": false, ""url"": ""https://product.29cm.co.kr/catalog/4128388""}",2026-10-06T13:06:52+00:00_c2f52f8d
2026-10-06T22:06:52+09:00,2026-10-06T13:06:53+00:00,commerce_rank,TG3-TS07 선 페이디드 스웻셔츠 - [하버블루],29cm:4128394,heart_count,649.0,"{""brand_eng"": ""THOMAS MORE"", ""brand_kor"": ""토마스모어"", ""brand_no"": 2111, ""category1"": ""남성의류"", ""category2"": ""상의"", ""category3"": ""스웨트셔츠"", ""category3_code"": 272103107, ""is_new"": false, ""item_no"": 4128394, ""period_sort"": ""ONE_DAY"", ""platform"": ""29cm"", ""ranking_category_code"": ""272103100"", ""ranking_category_name"": ""남성의류>상의"", ""review_avg"": 5.0, ""sale_percent"": 0, ""sale_price"": 67000, ""sold_out"": false, ""url"": ""https://product.29cm.co.kr/catalog/4128394""}",2026-10-06T13:06:52+00:00_c2f52f8d
2026-10-06T22:06:52+09:00,2026-10-06T13:06:53+00:00,commerce_rank,TG3-TS07 선 페이디드 스웻셔츠 - [하버블루],29cm:4128394,review_count,38.0,"{""brand_eng"": ""THOMAS MORE"", ""brand_kor"": ""토마스모어"", ""brand_no"": 2111, ""category1"": ""남성의류"", ""category2"": ""상의"", ""category3"": ""스웨트셔츠"", ""category3_code"": 272103107, ""is_new"": false, ""item_no"": 4128394, ""period_sort"": ""ONE_DAY"", ""platform"": ""29cm"", ""ranking_category_code"": ""272103100"", ""ranking_category_name"": ""남성의류>상의"", ""review_avg"": 5.0, ""sale_percent"": 0, ""sale_price"": 67000, ""sold_out"": false, ""url"": ""https://product.29cm.co.kr/catalog/4128394""}",2026-10-06T13:06:52+00:00_c2f52f8d
2026-10-06T22:06:52+09:00,2026-10-06T13:06:53+00:00,commerce_rank,TG3-TS07 선 페이디드 스웻셔츠 - [하버블루],29cm:4128394@272103100,rank,34.0,"{""brand_eng"": ""THOMAS MORE"", ""brand_kor"": ""토마스모어"", ""brand_no"": 2111, ""category1"": ""남성의류"", ""category2"": ""상의"", ""category3"": ""스웨트셔츠"", ""category3_code"": 272103107, ""is_new"": false, ""item_no"": 4128394, ""period_sort"": ""ONE_DAY"", ""platform"": ""29cm"", ""ranking_category_code"": ""272103100"", ""ranking_category_name"": ""남성의류>상의"", ""review_avg"": 5.0, ""sale_percent"": 0, ""sale_price"": 67000, ""sold_out"": false, ""url"": ""https://product.29cm.co.kr/catalog/4128394""}",2026-10-06T13:06:52+00:00_c2f52f8d
2026-10-06T22:06:52+09:00,2026-10-06T13:06:53+00:00,commerce_rank,TG3-TS07 선 페이디드 스웻셔츠 - [프룬그레이],29cm:4128395,heart_count,419.0,"{""brand_eng"": ""THOMAS MORE"", ""brand_kor"": ""토마스모어"", ""brand_no"": 2111, ""category1"": ""남성의류"", ""category2"": ""상의"", ""category3"": ""스웨트셔츠"", ""category3_code"": 272103107, ""is_new"": false, ""item_no"": 4128395, ""period_sort"": ""ONE_DAY"", ""platform"": ""29cm"", ""ranking_category_code"": ""272103100"", ""ranking_category_name"": ""남성의류>상의"", ""review_avg"": 4.5, ""sale_percent"": 0, ""sale_price"": 67000, ""sold_out"": false, ""url"": ""https://product.29cm.co.kr/catalog/4128395""}",2026-10-06T13:06:52+00:00_c2f52f8d
2026-10-06T22:06:52+09:00,2026-10-06T13:06:53+00:00,commerce_rank,TG3-TS07 선 페이디드 스웻셔츠 - [프룬그레이],29cm:4128395,review_count,19.0,"{""brand_eng"": ""THOMAS MORE"", ""brand_kor"": ""토마스모어"", ""brand_no"": 2111, ""category1"": ""남성의류"", ""category2"": ""상의"", ""category3"": ""스웨트셔츠"", ""category3_code"": 272103107, ""is_new"": false, ""item_no"": 4128395, ""period_sort"": ""ONE_DAY"", ""platform"": ""29cm"", ""ranking_category_code"": ""272103100"", ""ranking_category_name"": ""남성의류>상의"", ""review_avg"": 4.5, ""sale_percent"": 0, ""sale_price"": 67000, ""sold_out"": false, ""url"": ""https://product.29cm.co.kr/catalog/4128395""}",2026-10-06T13:06:52+00:00_c2f52f8d
2026-10-06T22:06:52+09:00,2026-10-06T13:06:53+00:00,commerce_rank,TG3-TS07 선 페이디드 스웻셔츠 - [프룬그레이],29cm:4128395@272103100,rank,14.0,"{""brand_eng"": ""THOMAS MORE"", ""brand_kor"": ""토마스모어"", ""brand_no"": 2111, ""category1"": ""남성의류"", ""category2"": ""상의"", ""category3"": ""스웨트셔츠"", ""category3_code"": 272103107, ""is_new"": false, ""item_no"": 4128395, ""period_sort"": ""ONE_DAY"", ""platform"": ""29cm"", ""ranking_category_code"": ""272103100"", ""ranking_category_name"": ""남성의류>상의"", ""review_avg"": 4.5, ""sale_percent"": 0, ""sale_price"": 67000, ""sold_out"": false, ""url"": ""https://product.29cm.co.kr/catalog/4128395""}",2026-10-06T13:06:52+00:00_c2f52f8d
2026-10-06T22:06:52+09:00,2026-10-06T13:06:53+00:00,commerce_rank,TG3-TS07 선 페이디드 스웻셔츠 - [시그마레드],29cm:4128396,heart_count,388.0,"{""brand_eng"": ""THOMAS MORE"", ""brand_kor"": ""토마스모어"", ""brand_no"": 2111, ""category1"": ""남성의류"", ""category2"": ""상의"", ""category3"": ""스웨트셔츠"", ""category3_code"": 272103107, ""is_new"": false, ""item_no"": 4128396, ""period_sort"": ""ONE_DAY"", ""platform"": ""29cm"", ""ranking_category_code"": ""272103100"", ""ranking_category_name"": ""남성의류>상의"", ""review_avg"": 5.0, ""sale_percent"": 0, ""sale_price"": 67000, ""sold_out"": false, ""url"": ""https://product.29cm.co.kr/catalog/4128396""}",2026-10-06T13:06:52+00:00_c2f52f8d
2026-10-06T22:06:52+09:00,2026-10-06T13:06:53+00:00,commerce_rank,TG3-TS07 선 페이디드 스웻셔츠 - [시그마레드],29cm:4128396,review_count,26.0,"{""brand_eng"": ""THOMAS MORE"", ""brand_kor"": ""토마스모어"", ""brand_no"": 2111, ""category1"": ""남성의류"", ""category2"": ""상의"", ""category3"": ""스웨트셔츠"", ""category3_code"": 272103107, ""is_new"": false, ""item_no"": 4128396, ""period_sort"": ""ONE_DAY"", ""platform"": ""29cm"", ""ranking_category_code"": ""272103100"", ""ranking_category_name"": ""남성의류>상의"", ""review_avg"": 5.0, ""sale_percent"": 0, ""sale_price"": 67000, ""sold_out"": false, ""url"": ""https://product.29cm.co.kr/catalog/4128396""}",2026-10-06T13:06:52+00:00_c2f52f8d
2026-10-06T22:06:52+09:00,2026-10-06T13:06:53+00:00,commerce_rank,TG3-TS07 선 페이디드 스웻셔츠 - [시그마레드],29cm:4128396@272103100,rank,76.0,"{""brand_eng"": ""THOMAS MORE"", ""brand_kor"": ""토마스모어"", ""brand_no"": 2111, ""category1"": ""남성의류"", ""category2"": ""상의"", ""category3"": ""스웨트셔츠"", ""category3_code"": 272103107, ""is_new"": false, ""item_no"": 4128396, ""period_sort"": ""ONE_DAY"", ""platform"": ""29cm"", ""ranking_category_code"": ""272103100"", ""ranking_category_name"": ""남성의류>상의"", ""review_avg"": 5.0, ""sale_percent"": 0, ""sale_price"": 67000, ""sold_out"": false, ""url"": ""https://product.29cm.co.kr/catalog/4128396""}",2026-10-06T13:06:52+00:00_c2f52f8d
2026-10-06T22:06:52+09:00,2026-10-06T13:06:53+00:00,commerce_rank,TG3-TS13 멀티 스트라이프 롱슬리브 티셔츠,29cm:4128404,heart_count,2825.0,"{""brand_eng"": ""THOMAS MORE"", ""brand_kor"": ""토마스모어"", ""brand_no"": 2111, ""category1"": ""남성의류"", ""category2"": ""상의"", ""category3"": ""긴소매 티셔츠"", ""category3_code"": 272103102, ""is_new"": false, ""item_no"": 4128404, ""period_sort"": ""ONE_DAY"", ""platform"": ""29cm"", ""ranking_category_code"": ""272103100"", ""ranking_category_name"": ""남성의류>상의"", ""review_avg"": 4.5, ""sale_percent"": 0, ""sale_price"": 39700, ""sold_out"": false, ""url"": ""https://product.29cm.co.kr/catalog/4128404""}",2026-10-06T13:06:52+00:00_c2f52f8d
2026-10-06T22:06:52+09:00,2026-10-06T13:06:53+00:00,commerce_rank,TG3-TS13 멀티 스트라이프 롱슬리브 티셔츠,29cm:4128404,review_count,174.0,"{""brand_eng"": ""THOMAS MORE"", ""brand_kor"": ""토마스모어"", ""brand_no"": 2111, ""category1"": ""남성의류"", ""category2"": ""상의"", ""category3"": ""긴소매 티셔츠"", ""category3_code"": 272103102, ""is_new"": false, ""item_no"": 4128404, ""period_sort"": ""ONE_DAY"", ""platform"": ""29cm"", ""ranking_category_code"": ""272103100"", ""ranking_category_name"": ""남성의류>상의"", ""review_avg"": 4.5, ""sale_percent"": 0, ""sale_price"": 39700, ""sold_out"": false, ""url"": ""https://product.29cm.co.kr/catalog/4128404""}",2026-10-06T13:06:52+00:00_c2f52f8d
2026-10-06T22:06:52+09:00,2026-10-06T13:06:53+00:00,commerce_rank,TG3-TS13 멀티 스트라이프 롱슬리브 티셔츠,29cm:4128404@272103100,rank,53.0,"{""brand_eng"": ""THOMAS MORE"", ""brand_kor"": ""토마스모어"", ""brand_no"": 2111, ""category1"": ""남성의류"", ""category2"": ""상의"", ""category3"": ""긴소매 티셔츠"", ""category3_code"": 272103102, ""is_new"": false, ""item_no"": 4128404, ""period_sort"": ""ONE_DAY"", ""platform"": ""29cm"", ""ranking_category_code"": ""272103100"", ""ranking_category_name"": ""남성의류>상의"", ""review_avg"": 4.5, ""sale_percent"": 0, ""sale_price"": 39700, ""sold_out"": false, ""url"": ""https://product.29cm.co.kr/catalog/4128404""}",2026-10-06T13:06:52+00:00_c2f52f8d
2026-10-06T22:06:52+09:00,2026-10-06T13:06:53+00:00,commerce_rank,TG3-TS12 씬 스트라이프 롱슬리브 티셔츠,29cm:4128405,heart_count,934.0,"{""brand_eng"": ""THOMAS MORE"", ""brand_kor"": ""토마스모어"", ""brand_no"": 2111, ""category1"": ""남성의류"", ""category2"": ""상의"", ""category3"": ""긴소매 티셔츠"", ""category3_code"": 272103102, ""is_new"": false, ""item_no"": 4128405, ""period_sort"": ""ONE_DAY"", ""platform"": ""29cm"", ""ranking_category_code"": ""272103100"", ""ranking_category_name"": ""남성의류>상의"", ""review_avg"": 4.5, ""sale_percent"": 0, ""sale_price"": 35700, ""sold_out"": false, ""url"": ""https://product.29cm.co.kr/catalog/4128405""}",2026-10-06T13:06:52+00:00_c2f52f8d
2026-10-06T22:06:52+09:00,2026-10-06T13:06:53+00:00,commerce_rank,TG3-TS12 씬 스트라이프 롱슬리브 티셔츠,29cm:4128405,review_count,46.0,"{""brand_eng"": ""THOMAS MORE"", ""brand_kor"": ""토마스모어"", ""brand_no"": 2111, ""category1"": ""남성의류"", ""category2"": ""상의"", ""category3"": ""긴소매 티셔츠"", ""category3_code"": 272103102, ""is_new"": false, ""item_no"": 4128405, ""period_sort"": ""ONE_DAY"", ""platform"": ""29cm"", ""ranking_category_code"": ""272103100"", ""ranking_category_name"": ""남성의류>상의"", ""review_avg"": 4.5, ""sale_percent"": 0, ""sale_price"": 35700, ""sold_out"": false, ""url"": ""https://product.29cm.co.kr/catalog/4128405""}",2026-10-06T13:06:52+00:00_c2f52f8d
2026-10-06T22:06:52+09:00,2026-10-06T13:06:53+00:00,commerce_rank,TG3-TS12 씬 스트라이프 롱슬리브 티셔츠,29cm:4128405@272103100,rank,15.0,"{""brand_eng"": ""THOMAS MORE"", ""brand_kor"": ""토마스모어"", ""brand_no"": 2111, ""category1"": ""남성의류"", ""category2"": ""상의"", ""category3"": ""긴소매 티셔츠"", ""category3_code"": 272103102, ""is_new"": false, ""item_no"": 4128405, ""period_sort"": ""ONE_DAY"", ""platform"": ""29cm"", ""ranking_category_code"": ""272103100"", ""ranking_category_name"": ""남성의류>상의"", ""review_avg"": 4.5, ""sale_percent"": 0, ""sale_price"": 35700, ""sold_out"": false, ""url"": ""https://product.29cm.co.kr/catalog/4128405""}",2026-10-06T13:06:52+00:00_c2f52f8d
2026-10-06T22:06:52+09:00,2026-10-06T13:06:53+00:00,commerce_rank,Multi Stripe Long Sleeve Ocean Blue,29cm:4128770,heart_count,16.0,"{""brand_eng"": ""rough side"", ""brand_kor"": ""러프사이드"", ""brand_no"": 3821, ""category1"": ""남성의류"", ""category2"": ""상의"", ""category3"": ""긴소매 티셔츠"", ""category3_code"": 272103102, ""is_new"": false, ""item_no"": 4128770, ""period_sort"": ""ONE_DAY"", ""platform"": ""29cm"", ""ranking_category_code"": ""272103100"", ""ranking_category_name"": ""남성의류>상의"", ""review_avg"": 0.0, ""sale_percent"": 5, ""sale_price"": 75100, ""sold_out"": false, ""url"": ""https://product.29cm.co.kr/catalog/4128770""}",2026-10-06T13:06:52+00:00_c2f52f8d
2026-10-06T22:06:52+09:00,2026-10-06T13:06:53+00:00,commerce_rank,Multi Stripe Long Sleeve Ocean Blue,29cm:4128770,review_count,0.0,"{""brand_eng"": ""rough side"", ""brand_kor"": ""러프사이드"", ""brand_no"": 3821, ""category1"": ""남성의류"", ""category2"": ""상의"", ""category3"": ""긴소매 티셔츠"", ""category3_code"": 272103102, ""is_new"": false, ""item_no"": 4128770, ""period_sort"": ""ONE_DAY"", ""platform"": ""29cm"", ""ranking_category_code"": ""272103100"", ""ranking_category_name"": ""남성의류>상의"", ""review_avg"": 0.0, ""sale_percent"": 5, ""sale_price"": 75100, ""sold_out"": false, ""url"": ""https://product.29cm.co.kr/catalog/4128770""}",2026-10-06T13:06:52+00:00_c2f52f8d
2026-10-06T22:06:52+09:00,2026-10-06T13:06:53+00:00,commerce_rank,Multi Stripe Long Sleeve Ocean Blue,29cm:4128770@272103100,rank,30.0,"{""brand_eng"": ""rough side"", ""brand_kor"": ""러프사이드"", ""brand_no"": 3821, ""category1"": ""남성의류"", ""category2"": ""상의"", ""category3"": ""긴소매 티셔츠"", ""category3_code"": 272103102, ""is_new"": false, ""item_no"": 4128770, ""period_sort"": ""ONE_DAY"", ""platform"": ""29cm"", ""ranking_category_code"": ""272103100"", ""ranking_category_name"": ""남성의류>상의"", ""review_avg"": 0.0, ""sale_percent"": 5, ""sale_price"": 75100, ""sold_out"": false, ""url"": ""https://product.29cm.co.kr/catalog/4128770""}",2026-10-06T13:06:52+00:00_c2f52f8d
2026-10-06T22:06:52+09:00,2026-10-06T13:06:53+00:00,commerce_rank,Fine Stripe Long Sleeve Graphite,29cm:4128782,heart_count,112.0,"{""brand_eng"": ""rough side"", ""brand_kor"": ""러프사이드"", ""brand_no"": 3821, ""category1"": ""남성의류"", ""category2"": ""상의"", ""category3"": ""긴소매 티셔츠"", ""category3_code"": 272103102, ""is_new"": false, ""item_no"": 4128782, ""period_sort"": ""ONE_DAY"", ""platform"": ""29cm"", ""ranking_category_code"": ""272103100"", ""ranking_category_name"": ""남성의류>상의"", ""review_avg"": 5.0, ""sale_percent"": 5, ""sale_price"": 75100, ""sold_out"": false, ""url"": ""https://product.29cm.co.kr/catalog/4128782""}",2026-10-06T13:06:52+00:00_c2f52f8d
2026-10-06T22:06:52+09:00,2026-10-06T13:06:53+00:00,commerce_rank,Fine Stripe Long Sleeve Graphite,29cm:4128782,review_count,1.0,"{""brand_eng"": ""rough side"", ""brand_kor"": ""러프사이드"", ""brand_no"": 3821, ""category1"": ""남성의류"", ""category2"": ""상의"", ""category3"": ""긴소매 티셔츠"", ""category3_code"": 272103102, ""is_new"": false, ""item_no"": 4128782, ""period_sort"": ""ONE_DAY"", ""platform"": ""29cm"", ""ranking_category_code"": ""272103100"", ""ranking_category_name"": ""남성의류>상의"", ""review_avg"": 5.0, ""sale_percent"": 5, ""sale_price"": 75100, ""sold_out"": false, ""url"": ""https://product.29cm.co.kr/catalog/4128782""}",2026-10-06T13:06:52+00:00_c2f52f8d
2026-10-06T22:06:52+09:00,2026-10-06T13:06:53+00:00,commerce_rank,Fine Stripe Long Sleeve Graphite,29cm:4128782@272103100,rank,6.0,"{""brand_eng"": ""rough side"", ""brand_kor"": ""러프사이드"", ""brand_no"": 3821, ""category1"": ""남성의류"", ""category2"": ""상의"", ""category3"": ""긴소매 티셔츠"", ""category3_code"": 272103102, ""is_new"": false, ""item_no"": 4128782, ""period_sort"": ""ONE_DAY"", ""platform"": ""29cm"", ""ranking_category_code"": ""272103100"", ""ranking_category_name"": ""남성의류>상의"", ""review_avg"": 5.0, ""sale_percent"": 5, ""sale_price"": 75100, ""sold_out"": false, ""url"": ""https://product.29cm.co.kr/catalog/4128782""}",2026-10-06T13:06:52+00:00_c2f52f8d
2026-10-06T22:06:52+09:00,2026-10-06T13:06:52+00:00,commerce_rank,[쁨이 PICK] Gradation Knit Hood Zip Up-Olive,29cm:4129140,heart_count,2936.0,"{""brand_eng"": ""BITTERCELLS"", ""brand_kor"": ""비터셀즈"", ""brand_no"": 15063, ""category1"": ""여성의류"", ""category2"": ""상의"", ""category3"": ""후디"", ""category3_code"": 268103105, ""is_new"": false, ""item_no"": 4129140, ""period_sort"": ""ONE_DAY"", ""platform"": ""29cm"", ""ranking_category_code"": ""268103100"", ""ranking_category_name"": ""여성의류>상의"", ""review_avg"": 5.0, ""sale_percent"": 10, ""sale_price"": 88200, ""sold_out"": false, ""url"": ""https://product.29cm.co.kr/catalog/4129140""}",2026-10-06T13:06:52+00:00_c2f52f8d
2026-10-06T22:06:52+09:00,2026-10-06T13:06:52+00:00,commerce_rank,[쁨이 PICK] Gradation Knit Hood Zip Up-Olive,29cm:4129140,review_count,6.0,"{""brand_eng"": ""BITTERCELLS"", ""brand_kor"": ""비터셀즈"", ""brand_no"": 15063, ""category1"": ""여성의류"", ""category2"": ""상의"", ""category3"": ""후디"", ""category3_code"": 268103105, ""is_new"": false, ""item_no"": 4129140, ""period_sort"": ""ONE_DAY"", ""platform"": ""29cm"", ""ranking_category_code"": ""268103100"", ""ranking_category_name"": ""여성의류>상의"", ""review_avg"": 5.0, ""sale_percent"": 10, ""sale_price"": 88200, ""sold_out"": false, ""url"": ""https://product.29cm.co.kr/catalog/4129140""}",2026-10-06T13:06:52+00:00_c2f52f8d
2026-10-06T22:06:52+09:00,2026-10-06T13:06:52+00:00,commerce_rank,[쁨이 PICK] Gradation Knit Hood Zip Up-Olive,29cm:4129140@268103100,rank,99.0,"{""brand_eng"": ""BITTERCELLS"", ""brand_kor"": ""비터셀즈"", ""brand_no"": 15063, ""category1"": ""여성의류"", ""category2"": ""상의"", ""category3"": ""후디"", ""category3_code"": 268103105, ""is_new"": false, ""item_no"": 4129140, ""period_sort"": ""ONE_DAY"", ""platform"": ""29cm"", ""ranking_category_code"": ""268103100"", ""ranking_category_name"": ""여성의류>상의"", ""review_avg"": 5.0, ""sale_percent"": 10, ""sale_price"": 88200, ""sold_out"": false, ""url"": ""https://product.29cm.co.kr/catalog/4129140""}",2026-10-06T13:06:52+00:00_c2f52f8d
2026-10-06T22:06:52+09:00,2026-10-06T13:06:53+00:00,commerce_rank,소프트 브러쉬드 멀티핀 스트라이프 티셔츠 (차콜),29cm:4129305,heart_count,166.0,"{""brand_eng"": ""COOR"", ""brand_kor"": ""쿠어"", ""brand_no"": 15326, ""category1"": ""남성의류"", ""category2"": ""상의"", ""category3"": ""긴소매 티셔츠"", ""category3_code"": 272103102, ""is_new"": false, ""item_no"": 4129305, ""period_sort"": ""ONE_DAY"", ""platform"": ""29cm"", ""ranking_category_code"": ""272103100"", ""ranking_category_name"": ""남성의류>상의"", ""review_avg"": 5.0, ""sale_percent"": 10, ""sale_price"": 76500, ""sold_out"": false, ""url"": ""https://product.29cm.co.kr/catalog/4129305""}",2026-10-06T13:06:52+00:00_c2f52f8d
2026-10-06T22:06:52+09:00,2026-10-06T13:06:53+00:00,commerce_rank,소프트 브러쉬드 멀티핀 스트라이프 티셔츠 (차콜),29cm:4129305,review_count,2.0,"{""brand_eng"": ""COOR"", ""brand_kor"": ""쿠어"", ""brand_no"": 15326, ""category1"": ""남성의류"", ""category2"": ""상의"", ""category3"": ""긴소매 티셔츠"", ""category3_code"": 272103102, ""is_new"": false, ""item_no"": 4129305, ""period_sort"": ""ONE_DAY"", ""platform"": ""29cm"", ""ranking_category_code"": ""272103100"", ""ranking_category_name"": ""남성의류>상의"", ""review_avg"": 5.0, ""sale_percent"": 10, ""sale_price"": 76500, ""sold_out"": false, ""url"": ""https://product.29cm.co.kr/catalog/4129305""}",2026-10-06T13:06:52+00:00_c2f52f8d
2026-10-06T22:06:52+09:00,2026-10-06T13:06:53+00:00,commerce_rank,소프트 브러쉬드 멀티핀 스트라이프 티셔츠 (차콜),29cm:4129305@272103100,rank,86.0,"{""brand_eng"": ""COOR"", ""brand_kor"": ""쿠어"", ""brand_no"": 15326, ""category1"": ""남성의류"", ""category2"": ""상의"", ""category3"": ""긴소매 티셔츠"", ""category3_code"": 272103102, ""is_new"": false, ""item_no"": 4129305, ""period_sort"": ""ONE_DAY"", ""platform"": ""29cm"", ""ranking_category_code"": ""272103100"", ""ranking_category_name"": ""남성의류>상의"", ""review_avg"": 5.0, ""sale_percent"": 10, ""sale_price"": 76500, ""sold_out"": false, ""url"": ""https://product.29cm.co.kr/catalog/4129305""}",2026-10-06T13:06:52+00:00_c2f52f8d
2026-10-06T22:06:52+09:00,2026-10-06T13:06:53+00:00,commerce_rank,레귤러핏 와플 롱 슬리브 (멜란지그레이),29cm:4129326,heart_count,130.0,"{""brand_eng"": ""COOR"", ""brand_kor"": ""쿠어"", ""brand_no"": 15326, ""category1"": ""남성의류"", ""category2"": ""상의"", ""category3"": ""긴소매 티셔츠"", ""category3_code"": 272103102, ""is_new"": false, ""item_no"": 4129326, ""period_sort"": ""ONE_DAY"", ""platform"": ""29cm"", ""ranking_category_code"": ""272103100"", ""ranking_category_name"": ""남성의류>상의"", ""review_avg"": 5.0, ""sale_percent"": 10, ""sale_price"": 68400, ""sold_out"": false, ""url"": ""https://product.29cm.co.kr/catalog/4129326""}",2026-10-06T13:06:52+00:00_c2f52f8d
2026-10-06T22:06:52+09:00,2026-10-06T13:06:53+00:00,commerce_rank,레귤러핏 와플 롱 슬리브 (멜란지그레이),29cm:4129326,review_count,2.0,"{""brand_eng"": ""COOR"", ""brand_kor"": ""쿠어"", ""brand_no"": 15326, ""category1"": ""남성의류"", ""category2"": ""상의"", ""category3"": ""긴소매 티셔츠"", ""category3_code"": 272103102, ""is_new"": false, ""item_no"": 4129326, ""period_sort"": ""ONE_DAY"", ""platform"": ""29cm"", ""ranking_category_code"": ""272103100"", ""ranking_category_name"": ""남성의류>상의"", ""review_avg"": 5.0, ""sale_percent"": 10, ""sale_price"": 68400, ""sold_out"": false, ""url"": ""https://product.29cm.co.kr/catalog/4129326""}",2026-10-06T13:06:52+00:00_c2f52f8d
2026-10-06T22:06:52+09:00,2026-10-06T13:06:53+00:00,commerce_rank,레귤러핏 와플 롱 슬리브 (멜란지그레이),29cm:4129326@272103100,rank,16.0,"{""brand_eng"": ""COOR"", ""brand_kor"": ""쿠어"", ""brand_no"": 15326, ""category1"": ""남성의류"", ""category2"": ""상의"", ""category3"": ""긴소매 티셔츠"", ""category3_code"": 272103102, ""is_new"": false, ""item_no"": 4129326, ""period_sort"": ""ONE_DAY"", ""platform"": ""29cm"", ""ranking_category_code"": ""272103100"", ""ranking_category_name"": ""남성의류>상의"", ""review_avg"": 5.0, ""sale_percent"": 10, ""sale_price"": 68400, ""sold_out"": false, ""url"": ""https://product.29cm.co.kr/catalog/4129326""}",2026-10-06T13:06:52+00:00_c2f52f8d
2026-10-06T22:06:52+09:00,2026-10-06T13:06:52+00:00,commerce_rank,[29EDITION X 알로하]Oasis Blooming Sweatshirt_CLOUD,29cm:4130049,heart_count,6052.0,"{""brand_eng"": ""WEDNESDAYOASIS"", ""brand_kor"": ""웬즈데이오아시스"", ""brand_no"": 69104, ""category1"": ""여성의류"", ""category2"": ""상의"", ""category3"": ""스웨트셔츠"", ""category3_code"": 268103104, ""is_new"": false, ""item_no"": 4130049, ""period_sort"": ""ONE_DAY"", ""platform"": ""29cm"", ""ranking_category_code"": ""268103100"", ""ranking_category_name"": ""여성의류>상의"", ""review_avg"": 5.0, ""sale_percent"": 33, ""sale_price"": 41900, ""sold_out"": false, ""url"": ""https://product.29cm.co.kr/catalog/4130049""}",2026-10-06T13:06:52+00:00_c2f52f8d
2026-10-06T22:06:52+09:00,2026-10-06T13:06:52+00:00,commerce_rank,[29EDITION X 알로하]Oasis Blooming Sweatshirt_CLOUD,29cm:4130049,review_count,97.0,"{""brand_eng"": ""WEDNESDAYOASIS"", ""brand_kor"": ""웬즈데이오아시스"", ""brand_no"": 69104, ""category1"": ""여성의류"", ""category2"": ""상의"", ""category3"": ""스웨트셔츠"", ""category3_code"": 268103104, ""is_new"": false, ""item_no"": 4130049, ""period_sort"": ""ONE_DAY"", ""platform"": ""29cm"", ""ranking_category_code"": ""268103100"", ""ranking_category_name"": ""여성의류>상의"", ""review_avg"": 5.0, ""sale_percent"": 33, ""sale_price"": 41900, ""sold_out"": false, ""url"": ""https://product.29cm.co.kr/catalog/4130049""}",2026-10-06T13:06:52+00:00_c2f52f8d
2026-10-06T22:06:52+09:00,2026-10-06T13:06:52+00:00,commerce_rank,[29EDITION X 알로하]Oasis Blooming Sweatshirt_CLOUD,29cm:4130049@268103100,rank,13.0,"{""brand_eng"": ""WEDNESDAYOASIS"", ""brand_kor"": ""웬즈데이오아시스"", ""brand_no"": 69104, ""category1"": ""여성의류"", ""category2"": ""상의"", ""category3"": ""스웨트셔츠"", ""category3_code"": 268103104, ""is_new"": false, ""item_no"": 4130049, ""period_sort"": ""ONE_DAY"", ""platform"": ""29cm"", ""ranking_category_code"": ""268103100"", ""ranking_category_name"": ""여성의류>상의"", ""review_avg"": 5.0, ""sale_percent"": 33, ""sale_price"": 41900, ""sold_out"": false, ""url"": ""https://product.29cm.co.kr/catalog/4130049""}",2026-10-06T13:06:52+00:00_c2f52f8d
2026-10-06T22:06:52+09:00,2026-10-06T13:06:53+00:00,commerce_rank,Comfort Shirt_Stripe - 4 Color,29cm:4131380,heart_count,95.0,"{""brand_eng"": ""POTTERY"", ""brand_kor"": ""포터리"", ""brand_no"": 3453, ""category1"": ""남성의류"", ""category2"": ""상의"", ""category3"": ""긴소매 셔츠"", ""category3_code"": 272103106, ""is_new"": false, ""item_no"": 4131380, ""period_sort"": ""ONE_DAY"", ""platform"": ""29cm"", ""ranking_category_code"": ""272103100"", ""ranking_category_name"": ""남성의류>상의"", ""review_avg"": 5.0, ""sale_percent"": 10, ""sale_price"": 170280, ""sold_out"": false, ""url"": ""https://product.29cm.co.kr/catalog/4131380""}",2026-10-06T13:06:52+00:00_c2f52f8d
2026-10-06T22:06:52+09:00,2026-10-06T13:06:53+00:00,commerce_rank,Comfort Shirt_Stripe - 4 Color,29cm:4131380,review_count,5.0,"{""brand_eng"": ""POTTERY"", ""brand_kor"": ""포터리"", ""brand_no"": 3453, ""category1"": ""남성의류"", ""category2"": ""상의"", ""category3"": ""긴소매 셔츠"", ""category3_code"": 272103106, ""is_new"": false, ""item_no"": 4131380, ""period_sort"": ""ONE_DAY"", ""platform"": ""29cm"", ""ranking_category_code"": ""272103100"", ""ranking_category_name"": ""남성의류>상의"", ""review_avg"": 5.0, ""sale_percent"": 10, ""sale_price"": 170280, ""sold_out"": false, ""url"": ""https://product.29cm.co.kr/catalog/4131380""}",2026-10-06T13:06:52+00:00_c2f52f8d
2026-10-06T22:06:52+09:00,2026-10-06T13:06:53+00:00,commerce_rank,Comfort Shirt_Stripe - 4 Color,29cm:4131380@272103100,rank,89.0,"{""brand_eng"": ""POTTERY"", ""brand_kor"": ""포터리"", ""brand_no"": 3453, ""category1"": ""남성의류"", ""category2"": ""상의"", ""category3"": ""긴소매 셔츠"", ""category3_code"": 272103106, ""is_new"": false, ""item_no"": 4131380, ""period_sort"": ""ONE_DAY"", ""platform"": ""29cm"", ""ranking_category_code"": ""272103100"", ""ranking_category_name"": ""남성의류>상의"", ""review_avg"": 5.0, ""sale_percent"": 10, ""sale_price"": 170280, ""sold_out"": false, ""url"": ""https://product.29cm.co.kr/catalog/4131380""}",2026-10-06T13:06:52+00:00_c2f52f8d
2026-10-06T22:06:52+09:00,2026-10-06T13:06:53+00:00,commerce_rank,BORDER L/S SHIRTS oatmeal/grey,29cm:4132878,heart_count,40.0,"{""brand_eng"": ""beheavyer"", ""brand_kor"": ""비헤비어"", ""brand_no"": 1897, ""category1"": ""남성의류"", ""category2"": ""상의"", ""category3"": ""긴소매 티셔츠"", ""category3_code"": 272103102, ""is_new"": false, ""item_no"": 4132878, ""period_sort"": ""ONE_DAY"", ""platform"": ""29cm"", ""ranking_category_code"": ""272103100"", ""ranking_category_name"": ""남성의류>상의"", ""review_avg"": 5.0, ""sale_percent"": 0, ""sale_price"": 98000, ""sold_out"": false, ""url"": ""https://product.29cm.co.kr/catalog/4132878""}",2026-10-06T13:06:52+00:00_c2f52f8d
2026-10-06T22:06:52+09:00,2026-10-06T13:06:53+00:00,commerce_rank,BORDER L/S SHIRTS oatmeal/grey,29cm:4132878,review_count,1.0,"{""brand_eng"": ""beheavyer"", ""brand_kor"": ""비헤비어"", ""brand_no"": 1897, ""category1"": ""남성의류"", ""category2"": ""상의"", ""category3"": ""긴소매 티셔츠"", ""category3_code"": 272103102, ""is_new"": false, ""item_no"": 4132878, ""period_sort"": ""ONE_DAY"", ""platform"": ""29cm"", ""ranking_category_code"": ""272103100"", ""ranking_category_name"": ""남성의류>상의"", ""review_avg"": 5.0, ""sale_percent"": 0, ""sale_price"": 98000, ""sold_out"": false, ""url"": ""https://product.29cm.co.kr/catalog/4132878""}",2026-10-06T13:06:52+00:00_c2f52f8d
2026-10-06T22:06:52+09:00,2026-10-06T13:06:53+00:00,commerce_rank,BORDER L/S SHIRTS oatmeal/grey,29cm:4132878@272103100,rank,78.0,"{""brand_eng"": ""beheavyer"", ""brand_kor"": ""비헤비어"", ""brand_no"": 1897, ""category1"": ""남성의류"", ""category2"": ""상의"", ""category3"": ""긴소매 티셔츠"", ""category3_code"": 272103102, ""is_new"": false, ""item_no"": 4132878, ""period_sort"": ""ONE_DAY"", ""platform"": ""29cm"", ""ranking_category_code"": ""272103100"", ""ranking_category_name"": ""남성의류>상의"", ""review_avg"": 5.0, ""sale_percent"": 0, ""sale_price"": 98000, ""sold_out"": false, ""url"": ""https://product.29cm.co.kr/catalog/4132878""}",2026-10-06T13:06:52+00:00_c2f52f8d
2026-10-06T22:06:52+09:00,2026-10-06T13:06:52+00:00,commerce_rank,[9th] Pecan Waffle Raglan Long Top - Grey(Navy),29cm:4132890,heart_count,2016.0,"{""brand_eng"": ""SOMEWHEREBUTTER"", ""brand_kor"": ""썸웨어버터"", ""brand_no"": 18640, ""category1"": ""여성의류"", ""category2"": ""상의"", ""category3"": ""긴소매 티셔츠"", ""category3_code"": 268103102, ""is_new"": false, ""item_no"": 4132890, ""period_sort"": ""ONE_DAY"", ""platform"": ""29cm"", ""ranking_category_code"": ""268103100"", ""ranking_category_name"": ""여성의류>상의"", ""review_avg"": 5.0, ""sale_percent"": 10, ""sale_price"": 71100, ""sold_out"": false, ""url"": ""https://product.29cm.co.kr/catalog/4132890""}",2026-10-06T13:06:52+00:00_c2f52f8d
2026-10-06T22:06:52+09:00,2026-10-06T13:06:52+00:00,commerce_rank,[9th] Pecan Waffle Raglan Long Top - Grey(Navy),29cm:4132890,review_count,39.0,"{""brand_eng"": ""SOMEWHEREBUTTER"", ""brand_kor"": ""썸웨어버터"", ""brand_no"": 18640, ""category1"": ""여성의류"", ""category2"": ""상의"", ""category3"": ""긴소매 티셔츠"", ""category3_code"": 268103102, ""is_new"": false, ""item_no"": 4132890, ""period_sort"": ""ONE_DAY"", ""platform"": ""29cm"", ""ranking_category_code"": ""268103100"", ""ranking_category_name"": ""여성의류>상의"", ""review_avg"": 5.0, ""sale_percent"": 10, ""sale_price"": 71100, ""sold_out"": false, ""url"": ""https://product.29cm.co.kr/catalog/4132890""}",2026-10-06T13:06:52+00:00_c2f52f8d
2026-10-06T22:06:52+09:00,2026-10-06T13:06:52+00:00,commerce_rank,[9th] Pecan Waffle Raglan Long Top - Grey(Navy),29cm:4132890@268103100,rank,72.0,"{""brand_eng"": ""SOMEWHEREBUTTER"", ""brand_kor"": ""썸웨어버터"", ""brand_no"": 18640, ""category1"": ""여성의류"", ""category2"": ""상의"", ""category3"": ""긴소매 티셔츠"", ""category3_code"": 268103102, ""is_new"": false, ""item_no"": 4132890, ""period_sort"": ""ONE_DAY"", ""platform"": ""29cm"", ""ranking_category_code"": ""268103100"", ""ranking_category_name"": ""여성의류>상의"", ""review_avg"": 5.0, ""sale_percent"": 10, ""sale_price"": 71100, ""sold_out"": false, ""url"": ""https://product.29cm.co.kr/catalog/4132890""}",2026-10-06T13:06:52+00:00_c2f52f8d
2026-10-06T22:06:52+09:00,2026-10-06T13:06:52+00:00,commerce_rank,[6th] Pecan Waffle Raglan Long Top - Light Blue(Black),29cm:4132891,heart_count,1066.0,"{""brand_eng"": ""SOMEWHEREBUTTER"", ""brand_kor"": ""썸웨어버터"", ""brand_no"": 18640, ""category1"": ""여성의류"", ""category2"": ""상의"", ""category3"": ""긴소매 티셔츠"", ""category3_code"": 268103102, ""is_new"": false, ""item_no"": 4132891, ""period_sort"": ""ONE_DAY"", ""platform"": ""29cm"", ""ranking_category_code"": ""268103100"", ""ranking_category_name"": ""여성의류>상의"", ""review_avg"": 5.0, ""sale_percent"": 10, ""sale_price"": 71100, ""sold_out"": false, ""url"": ""https://product.29cm.co.kr/catalog/4132891""}",2026-10-06T13:06:52+00:00_c2f52f8d
2026-10-06T22:06:52+09:00,2026-10-06T13:06:52+00:00,commerce_rank,[6th] Pecan Waffle Raglan Long Top - Light Blue(Black),29cm:4132891,review_count,6.0,"{""brand_eng"": ""SOMEWHEREBUTTER"", ""brand_kor"": ""썸웨어버터"", ""brand_no"": 18640, ""category1"": ""여성의류"", ""category2"": ""상의"", ""category3"": ""긴소매 티셔츠"", ""category3_code"": 268103102, ""is_new"": false, ""item_no"": 4132891, ""period_sort"": ""ONE_DAY"", ""platform"": ""29cm"", ""ranking_category_code"": ""268103100"", ""ranking_category_name"": ""여성의류>상의"", ""review_avg"": 5.0, ""sale_percent"": 10, ""sale_price"": 71100, ""sold_out"": false, ""url"": ""https://product.29cm.co.kr/catalog/4132891""}",2026-10-06T13:06:52+00:00_c2f52f8d
2026-10-06T22:06:52+09:00,2026-10-06T13:06:52+00:00,commerce_rank,[6th] Pecan Waffle Raglan Long Top - Light Blue(Black),29cm:4132891@268103100,rank,51.0,"{""brand_eng"": ""SOMEWHEREBUTTER"", ""brand_kor"": ""썸웨어버터"", ""brand_no"": 18640, ""category1"": ""여성의류"", ""category2"": ""상의"", ""category3"": ""긴소매 티셔츠"", ""category3_code"": 268103102, ""is_new"": false, ""item_no"": 4132891, ""period_sort"": ""ONE_DAY"", ""platform"": ""29cm"", ""ranking_category_code"": ""268103100"", ""ranking_category_name"": ""여성의류>상의"", ""review_avg"": 5.0, ""sale_percent"": 10, ""sale_price"": 71100, ""sold_out"": false, ""url"": ""https://product.29cm.co.kr/catalog/4132891""}",2026-10-06T13:06:52+00:00_c2f52f8d
2026-10-06T22:06:52+09:00,2026-10-06T13:06:53+00:00,commerce_rank,GUSSET RAGLAN L/S T-SHIRT [BLUE],29cm:4134340,heart_count,683.0,"{""brand_eng"": ""UNION BLUE"", ""brand_kor"": ""유니온 블루"", ""brand_no"": 13510, ""category1"": ""남성의류"", ""category2"": ""상의"", ""category3"": ""긴소매 티셔츠"", ""category3_code"": 272103102, ""is_new"": false, ""item_no"": 4134340, ""period_sort"": ""ONE_DAY"", ""platform"": ""29cm"", ""ranking_category_code"": ""272103100"", ""ranking_category_name"": ""남성의류>상의"", ""review_avg"": 5.0, ""sale_percent"": 10, ""sale_price"": 70200, ""sold_out"": false, ""url"": ""https://product.29cm.co.kr/catalog/4134340""}",2026-10-06T13:06:52+00:00_c2f52f8d
2026-10-06T22:06:52+09:00,2026-10-06T13:06:53+00:00,commerce_rank,GUSSET RAGLAN L/S T-SHIRT [BLUE],29cm:4134340,review_count,5.0,"{""brand_eng"": ""UNION BLUE"", ""brand_kor"": ""유니온 블루"", ""brand_no"": 13510, ""category1"": ""남성의류"", ""category2"": ""상의"", ""category3"": ""긴소매 티셔츠"", ""category3_code"": 272103102, ""is_new"": false, ""item_no"": 4134340, ""period_sort"": ""ONE_DAY"", ""platform"": ""29cm"", ""ranking_category_code"": ""272103100"", ""ranking_category_name"": ""남성의류>상의"", ""review_avg"": 5.0, ""sale_percent"": 10, ""sale_price"": 70200, ""sold_out"": false, ""url"": ""https://product.29cm.co.kr/catalog/4134340""}",2026-10-06T13:06:52+00:00_c2f52f8d
2026-10-06T22:06:52+09:00,2026-10-06T13:06:53+00:00,commerce_rank,GUSSET RAGLAN L/S T-SHIRT [BLUE],29cm:4134340@272103100,rank,25.0,"{""brand_eng"": ""UNION BLUE"", ""brand_kor"": ""유니온 블루"", ""brand_no"": 13510, ""category1"": ""남성의류"", ""category2"": ""상의"", ""category3"": ""긴소매 티셔츠"", ""category3_code"": 272103102, ""is_new"": false, ""item_no"": 4134340, ""period_sort"": ""ONE_DAY"", ""platform"": ""29cm"", ""ranking_category_code"": ""272103100"", ""ranking_category_name"": ""남성의류>상의"", ""review_avg"": 5.0, ""sale_percent"": 10, ""sale_price"": 70200, ""sold_out"": false, ""url"": ""https://product.29cm.co.kr/catalog/4134340""}",2026-10-06T13:06:52+00:00_c2f52f8d
2026-10-06T22:06:52+09:00,2026-10-06T13:06:52+00:00,commerce_rank,셀즈 셔츠 블라우스_2COLORS,29cm:4134563,heart_count,5273.0,"{""brand_eng"": ""MERRYON"", ""brand_kor"": ""메리온"", ""brand_no"": 108383, ""category1"": ""여성의류"", ""category2"": ""상의"", ""category3"": ""셔츠"", ""category3_code"": 268103106, ""is_new"": false, ""item_no"": 4134563, ""period_sort"": ""ONE_DAY"", ""platform"": ""29cm"", ""ranking_category_code"": ""268103100"", ""ranking_category_name"": ""여성의류>상의"", ""review_avg"": 4.5, ""sale_percent"": 33, ""sale_price"": 79140, ""sold_out"": false, ""url"": ""https://product.29cm.co.kr/catalog/4134563""}",2026-10-06T13:06:52+00:00_c2f52f8d
2026-10-06T22:06:52+09:00,2026-10-06T13:06:52+00:00,commerce_rank,셀즈 셔츠 블라우스_2COLORS,29cm:4134563,review_count,22.0,"{""brand_eng"": ""MERRYON"", ""brand_kor"": ""메리온"", ""brand_no"": 108383, ""category1"": ""여성의류"", ""category2"": ""상의"", ""category3"": ""셔츠"", ""category3_code"": 268103106, ""is_new"": false, ""item_no"": 4134563, ""period_sort"": ""ONE_DAY"", ""platform"": ""29cm"", ""ranking_category_code"": ""268103100"", ""ranking_category_name"": ""여성의류>상의"", ""review_avg"": 4.5, ""sale_percent"": 33, ""sale_price"": 79140, ""sold_out"": false, ""url"": ""https://product.29cm.co.kr/catalog/4134563""}",2026-10-06T13:06:52+00:00_c2f52f8d
2026-10-06T22:06:52+09:00,2026-10-06T13:06:52+00:00,commerce_rank,셀즈 셔츠 블라우스_2COLORS,29cm:4134563@268103100,rank,81.0,"{""brand_eng"": ""MERRYON"", ""brand_kor"": ""메리온"", ""brand_no"": 108383, ""category1"": ""여성의류"", ""category2"": ""상의"", ""category3"": ""셔츠"", ""category3_code"": 268103106, ""is_new"": false, ""item_no"": 4134563, ""period_sort"": ""ONE_DAY"", ""platform"": ""29cm"", ""ranking_category_code"": ""268103100"", ""ranking_category_name"": ""여성의류>상의"", ""review_avg"": 4.5, ""sale_percent"": 33, ""sale_price"": 79140, ""sold_out"": false, ""url"": ""https://product.29cm.co.kr/catalog/4134563""}",2026-10-06T13:06:52+00:00_c2f52f8d
2026-10-06T22:06:52+09:00,2026-10-06T13:06:52+00:00,commerce_rank,[9차] Rodeo Check Shirt (Wine),29cm:4134694,heart_count,2409.0,"{""brand_eng"": ""TOAVE"", ""brand_kor"": ""토아베"", ""brand_no"": 101870, ""category1"": ""여성의류"", ""category2"": ""상의"", ""category3"": ""셔츠"", ""category3_code"": 268103106, ""is_new"": false, ""item_no"": 4134694, ""period_sort"": ""ONE_DAY"", ""platform"": ""29cm"", ""ranking_category_code"": ""268103100"", ""ranking_category_name"": ""여성의류>상의"", ""review_avg"": 4.5, ""sale_percent"": 30, ""sale_price"": 73500, ""sold_out"": false, ""url"": ""https://product.29cm.co.kr/catalog/4134694""}",2026-10-06T13:06:52+00:00_c2f52f8d
2026-10-06T22:06:52+09:00,2026-10-06T13:06:52+00:00,commerce_rank,[9차] Rodeo Check Shirt (Wine),29cm:4134694,review_count,18.0,"{""brand_eng"": ""TOAVE"", ""brand_kor"": ""토아베"", ""brand_no"": 101870, ""category1"": ""여성의류"", ""category2"": ""상의"", ""category3"": ""셔츠"", ""category3_code"": 268103106, ""is_new"": false, ""item_no"": 4134694, ""period_sort"": ""ONE_DAY"", ""platform"": ""29cm"", ""ranking_category_code"": ""268103100"", ""ranking_category_name"": ""여성의류>상의"", ""review_avg"": 4.5, ""sale_percent"": 30, ""sale_price"": 73500, ""sold_out"": false, ""url"": ""https://product.29cm.co.kr/catalog/4134694""}",2026-10-06T13:06:52+00:00_c2f52f8d
2026-10-06T22:06:52+09:00,2026-10-06T13:06:52+00:00,commerce_rank,[9차] Rodeo Check Shirt (Wine),29cm:4134694@268103100,rank,97.0,"{""brand_eng"": ""TOAVE"", ""brand_kor"": ""토아베"", ""brand_no"": 101870, ""category1"": ""여성의류"", ""category2"": ""상의"", ""category3"": ""셔츠"", ""category3_code"": 268103106, ""is_new"": false, ""item_no"": 4134694, ""period_sort"": ""ONE_DAY"", ""platform"": ""29cm"", ""ranking_category_code"": ""268103100"", ""ranking_category_name"": ""여성의류>상의"", ""review_avg"": 4.5, ""sale_percent"": 30, ""sale_price"": 73500, ""sold_out"": false, ""url"": ""https://product.29cm.co.kr/catalog/4134694""}",2026-10-06T13:06:52+00:00_c2f52f8d
2026-10-06T22:06:52+09:00,2026-10-06T13:06:52+00:00,commerce_rank,"[4th REORDER, 10/15 예약배송] LACE-DETAILED SLEEVELESS TOP (GREY)",29cm:4135019,heart_count,3821.0,"{""brand_eng"": ""LCDC TM"", ""brand_kor"": ""엘씨디씨 티엠"", ""brand_no"": 20882, ""category1"": ""여성의류"", ""category2"": ""상의"", ""category3"": ""긴소매 티셔츠"", ""category3_code"": 268103102, ""is_new"": false, ""item_no"": 4135019, ""period_sort"": ""ONE_DAY"", ""platform"": ""29cm"", ""ranking_category_code"": ""268103100"", ""ranking_category_name"": ""여성의류>상의"", ""review_avg"": 5.0, ""sale_percent"": 10, ""sale_price"": 116100, ""sold_out"": false, ""url"": ""https://product.29cm.co.kr/catalog/4135019""}",2026-10-06T13:06:52+00:00_c2f52f8d
2026-10-06T22:06:52+09:00,2026-10-06T13:06:52+00:00,commerce_rank,"[4th REORDER, 10/15 예약배송] LACE-DETAILED SLEEVELESS TOP (GREY)",29cm:4135019,review_count,20.0,"{""brand_eng"": ""LCDC TM"", ""brand_kor"": ""엘씨디씨 티엠"", ""brand_no"": 20882, ""category1"": ""여성의류"", ""category2"": ""상의"", ""category3"": ""긴소매 티셔츠"", ""category3_code"": 268103102, ""is_new"": false, ""item_no"": 4135019, ""period_sort"": ""ONE_DAY"", ""platform"": ""29cm"", ""ranking_category_code"": ""268103100"", ""ranking_category_name"": ""여성의류>상의"", ""review_avg"": 5.0, ""sale_percent"": 10, ""sale_price"": 116100, ""sold_out"": false, ""url"": ""https://product.29cm.co.kr/catalog/4135019""}",2026-10-06T13:06:52+00:00_c2f52f8d
2026-10-06T22:06:52+09:00,2026-10-06T13:06:52+00:00,commerce_rank,"[4th REORDER, 10/15 예약배송] LACE-DETAILED SLEEVELESS TOP (GREY)",29cm:4135019@268103100,rank,40.0,"{""brand_eng"": ""LCDC TM"", ""brand_kor"": ""엘씨디씨 티엠"", ""brand_no"": 20882, ""category1"": ""여성의류"", ""category2"": ""상의"", ""category3"": ""긴소매 티셔츠"", ""category3_code"": 268103102, ""is_new"": false, ""item_no"": 4135019, ""period_sort"": ""ONE_DAY"", ""platform"": ""29cm"", ""ranking_category_code"": ""268103100"", ""ranking_category_name"": ""여성의류>상의"", ""review_avg"": 5.0, ""sale_percent"": 10, ""sale_price"": 116100, ""sold_out"": false, ""url"": ""https://product.29cm.co.kr/catalog/4135019""}",2026-10-06T13:06:52+00:00_c2f52f8d
2026-10-06T22:06:52+09:00,2026-10-06T13:06:53+00:00,commerce_rank,Raw Edge Pocket Long Sleeve Melange Gray,29cm:4135206,heart_count,786.0,"{""brand_eng"": ""partimento"", ""brand_kor"": ""파르티멘토"", ""brand_no"": 1588, ""category1"": ""여성의류"", ""category2"": ""상의"", ""category3"": ""긴소매 티셔츠"", ""category3_code"": 268103102, ""is_new"": false, ""item_no"": 4135206, ""period_sort"": ""ONE_DAY"", ""platform"": ""29cm"", ""ranking_category_code"": ""272103100"", ""ranking_category_name"": ""남성의류>상의"", ""review_avg"": 5.0, ""sale_percent"": 44, ""sale_price"": 23030, ""sold_out"": false, ""url"": ""https://product.29cm.co.kr/catalog/4135206""}",2026-10-06T13:06:52+00:00_c2f52f8d
2026-10-06T22:06:52+09:00,2026-10-06T13:06:53+00:00,commerce_rank,Raw Edge Pocket Long Sleeve Melange Gray,29cm:4135206,review_count,25.0,"{""brand_eng"": ""partimento"", ""brand_kor"": ""파르티멘토"", ""brand_no"": 1588, ""category1"": ""여성의류"", ""category2"": ""상의"", ""category3"": ""긴소매 티셔츠"", ""category3_code"": 268103102, ""is_new"": false, ""item_no"": 4135206, ""period_sort"": ""ONE_DAY"", ""platform"": ""29cm"", ""ranking_category_code"": ""272103100"", ""ranking_category_name"": ""남성의류>상의"", ""review_avg"": 5.0, ""sale_percent"": 44, ""sale_price"": 23030, ""sold_out"": false, ""url"": ""https://product.29cm.co.kr/catalog/4135206""}",2026-10-06T13:06:52+00:00_c2f52f8d
2026-10-06T22:06:52+09:00,2026-10-06T13:06:53+00:00,commerce_rank,Raw Edge Pocket Long Sleeve Melange Gray,29cm:4135206@272103100,rank,3.0,"{""brand_eng"": ""partimento"", ""brand_kor"": ""파르티멘토"", ""brand_no"": 1588, ""category1"": ""여성의류"", ""category2"": ""상의"", ""category3"": ""긴소매 티셔츠"", ""category3_code"": 268103102, ""is_new"": false, ""item_no"": 4135206, ""period_sort"": ""ONE_DAY"", ""platform"": ""29cm"", ""ranking_category_code"": ""272103100"", ""ranking_category_name"": ""남성의류>상의"", ""review_avg"": 5.0, ""sale_percent"": 44, ""sale_price"": 23030, ""sold_out"": false, ""url"": ""https://product.29cm.co.kr/catalog/4135206""}",2026-10-06T13:06:52+00:00_c2f52f8d
2026-10-06T22:06:52+09:00,2026-10-06T13:06:53+00:00,commerce_rank,Raw Edge Pocket Long Sleeve Ivory,29cm:4135209,heart_count,199.0,"{""brand_eng"": ""partimento"", ""brand_kor"": ""파르티멘토"", ""brand_no"": 1588, ""category1"": ""여성의류"", ""category2"": ""상의"", ""category3"": ""긴소매 티셔츠"", ""category3_code"": 268103102, ""is_new"": false, ""item_no"": 4135209, ""period_sort"": ""ONE_DAY"", ""platform"": ""29cm"", ""ranking_category_code"": ""272103100"", ""ranking_category_name"": ""남성의류>상의"", ""review_avg"": 4.5, ""sale_percent"": 44, ""sale_price"": 23030, ""sold_out"": false, ""url"": ""https://product.29cm.co.kr/catalog/4135209""}",2026-10-06T13:06:52+00:00_c2f52f8d
2026-10-06T22:06:52+09:00,2026-10-06T13:06:53+00:00,commerce_rank,Raw Edge Pocket Long Sleeve Ivory,29cm:4135209,review_count,8.0,"{""brand_eng"": ""partimento"", ""brand_kor"": ""파르티멘토"", ""brand_no"": 1588, ""category1"": ""여성의류"", ""category2"": ""상의"", ""category3"": ""긴소매 티셔츠"", ""category3_code"": 268103102, ""is_new"": false, ""item_no"": 4135209, ""period_sort"": ""ONE_DAY"", ""platform"": ""29cm"", ""ranking_category_code"": ""272103100"", ""ranking_category_name"": ""남성의류>상의"", ""review_avg"": 4.5, ""sale_percent"": 44, ""sale_price"": 23030, ""sold_out"": false, ""url"": ""https://product.29cm.co.kr/catalog/4135209""}",2026-10-06T13:06:52+00:00_c2f52f8d
2026-10-06T22:06:52+09:00,2026-10-06T13:06:53+00:00,commerce_rank,Raw Edge Pocket Long Sleeve Ivory,29cm:4135209@272103100,rank,71.0,"{""brand_eng"": ""partimento"", ""brand_kor"": ""파르티멘토"", ""brand_no"": 1588, ""category1"": ""여성의류"", ""category2"": ""상의"", ""category3"": ""긴소매 티셔츠"", ""category3_code"": 268103102, ""is_new"": false, ""item_no"": 4135209, ""period_sort"": ""ONE_DAY"", ""platform"": ""29cm"", ""ranking_category_code"": ""272103100"", ""ranking_category_name"": ""남성의류>상의"", ""review_avg"": 4.5, ""sale_percent"": 44, ""sale_price"": 23030, ""sold_out"": false, ""url"": ""https://product.29cm.co.kr/catalog/4135209""}",2026-10-06T13:06:52+00:00_c2f52f8d
2026-10-06T22:06:52+09:00,2026-10-06T13:06:53+00:00,commerce_rank,Raw Edge Pocket Long Sleeve Black,29cm:4135210,heart_count,229.0,"{""brand_eng"": ""partimento"", ""brand_kor"": ""파르티멘토"", ""brand_no"": 1588, ""category1"": ""여성의류"", ""category2"": ""상의"", ""category3"": ""긴소매 티셔츠"", ""category3_code"": 268103102, ""is_new"": false, ""item_no"": 4135210, ""period_sort"": ""ONE_DAY"", ""platform"": ""29cm"", ""ranking_category_code"": ""272103100"", ""ranking_category_name"": ""남성의류>상의"", ""review_avg"": 5.0, ""sale_percent"": 44, ""sale_price"": 23030, ""sold_out"": false, ""url"": ""https://product.29cm.co.kr/catalog/4135210""}",2026-10-06T13:06:52+00:00_c2f52f8d
2026-10-06T22:06:52+09:00,2026-10-06T13:06:53+00:00,commerce_rank,Raw Edge Pocket Long Sleeve Black,29cm:4135210,review_count,15.0,"{""brand_eng"": ""partimento"", ""brand_kor"": ""파르티멘토"", ""brand_no"": 1588, ""category1"": ""여성의류"", ""category2"": ""상의"", ""category3"": ""긴소매 티셔츠"", ""category3_code"": 268103102, ""is_new"": false, ""item_no"": 4135210, ""period_sort"": ""ONE_DAY"", ""platform"": ""29cm"", ""ranking_category_code"": ""272103100"", ""ranking_category_name"": ""남성의류>상의"", ""review_avg"": 5.0, ""sale_percent"": 44, ""sale_price"": 23030, ""sold_out"": false, ""url"": ""https://product.29cm.co.kr/catalog/4135210""}",2026-10-06T13:06:52+00:00_c2f52f8d
2026-10-06T22:06:52+09:00,2026-10-06T13:06:53+00:00,commerce_rank,Raw Edge Pocket Long Sleeve Black,29cm:4135210@272103100,rank,26.0,"{""brand_eng"": ""partimento"", ""brand_kor"": ""파르티멘토"", ""brand_no"": 1588, ""category1"": ""여성의류"", ""category2"": ""상의"", ""category3"": ""긴소매 티셔츠"", ""category3_code"": 268103102, ""is_new"": false, ""item_no"": 4135210, ""period_sort"": ""ONE_DAY"", ""platform"": ""29cm"", ""ranking_category_code"": ""272103100"", ""ranking_category_name"": ""남성의류>상의"", ""review_avg"": 5.0, ""sale_percent"": 44, ""sale_price"": 23030, ""sold_out"": false, ""url"": ""https://product.29cm.co.kr/catalog/4135210""}",2026-10-06T13:06:52+00:00_c2f52f8d
2026-10-06T22:06:52+09:00,2026-10-06T13:06:53+00:00,commerce_rank,Raw Edge Layered Long Sleeve Black,29cm:4135214,heart_count,480.0,"{""brand_eng"": ""partimento"", ""brand_kor"": ""파르티멘토"", ""brand_no"": 1588, ""category1"": ""여성의류"", ""category2"": ""상의"", ""category3"": ""긴소매 티셔츠"", ""category3_code"": 268103102, ""is_new"": false, ""item_no"": 4135214, ""period_sort"": ""ONE_DAY"", ""platform"": ""29cm"", ""ranking_category_code"": ""272103100"", ""ranking_category_name"": ""남성의류>상의"", ""review_avg"": 5.0, ""sale_percent"": 44, ""sale_price"": 26530, ""sold_out"": false, ""url"": ""https://product.29cm.co.kr/catalog/4135214""}",2026-10-06T13:06:52+00:00_c2f52f8d
2026-10-06T22:06:52+09:00,2026-10-06T13:06:53+00:00,commerce_rank,Raw Edge Layered Long Sleeve Black,29cm:4135214,review_count,16.0,"{""brand_eng"": ""partimento"", ""brand_kor"": ""파르티멘토"", ""brand_no"": 1588, ""category1"": ""여성의류"", ""category2"": ""상의"", ""category3"": ""긴소매 티셔츠"", ""category3_code"": 268103102, ""is_new"": false, ""item_no"": 4135214, ""period_sort"": ""ONE_DAY"", ""platform"": ""29cm"", ""ranking_category_code"": ""272103100"", ""ranking_category_name"": ""남성의류>상의"", ""review_avg"": 5.0, ""sale_percent"": 44, ""sale_price"": 26530, ""sold_out"": false, ""url"": ""https://product.29cm.co.kr/catalog/4135214""}",2026-10-06T13:06:52+00:00_c2f52f8d
2026-10-06T22:06:52+09:00,2026-10-06T13:06:53+00:00,commerce_rank,Raw Edge Layered Long Sleeve Black,29cm:4135214@272103100,rank,17.0,"{""brand_eng"": ""partimento"", ""brand_kor"": ""파르티멘토"", ""brand_no"": 1588, ""category1"": ""여성의류"", ""category2"": ""상의"", ""category3"": ""긴소매 티셔츠"", ""category3_code"": 268103102, ""is_new"": false, ""item_no"": 4135214, ""period_sort"": ""ONE_DAY"", ""platform"": ""29cm"", ""ranking_category_code"": ""272103100"", ""ranking_category_name"": ""남성의류>상의"", ""review_avg"": 5.0, ""sale_percent"": 44, ""sale_price"": 26530, ""sold_out"": false, ""url"": ""https://product.29cm.co.kr/catalog/4135214""}",2026-10-06T13:06:52+00:00_c2f52f8d
2026-10-06T22:06:52+09:00,2026-10-06T13:06:52+00:00,commerce_rank,[29CM 단독] (8차_10/8 순차배송) 데일리 레글런 티셔츠 (라벤더),29cm:4135750,heart_count,4032.0,"{""brand_eng"": ""FOREU"", ""brand_kor"": ""포르어"", ""brand_no"": 95874, ""category1"": ""여성의류"", ""category2"": ""상의"", ""category3"": ""긴소매 티셔츠"", ""category3_code"": 268103102, ""is_new"": false, ""item_no"": 4135750, ""period_sort"": ""ONE_DAY"", ""platform"": ""29cm"", ""ranking_category_code"": ""268103100"", ""ranking_category_name"": ""여성의류>상의"", ""review_avg"": 5.0, ""sale_percent"": 30, ""sale_price"": 44800, ""sold_out"": false, ""url"": ""https://product.29cm.co.kr/catalog/4135750""}",2026-10-06T13:06:52+00:00_c2f52f8d
2026-10-06T22:06:52+09:00,2026-10-06T13:06:52+00:00,commerce_rank,[29CM 단독] (8차_10/8 순차배송) 데일리 레글런 티셔츠 (라벤더),29cm:4135750,review_count,70.0,"{""brand_eng"": ""FOREU"", ""brand_kor"": ""포르어"", ""brand_no"": 95874, ""category1"": ""여성의류"", ""category2"": ""상의"", ""category3"": ""긴소매 티셔츠"", ""category3_code"": 268103102, ""is_new"": false, ""item_no"": 4135750, ""period_sort"": ""ONE_DAY"", ""platform"": ""29cm"", ""ranking_category_code"": ""268103100"", ""ranking_category_name"": ""여성의류>상의"", ""review_avg"": 5.0, ""sale_percent"": 30, ""sale_price"": 44800, ""sold_out"": false, ""url"": ""https://product.29cm.co.kr/catalog/4135750""}",2026-10-06T13:06:52+00:00_c2f52f8d
2026-10-06T22:06:52+09:00,2026-10-06T13:06:52+00:00,commerce_rank,[29CM 단독] (8차_10/8 순차배송) 데일리 레글런 티셔츠 (라벤더),29cm:4135750@268103100,rank,62.0,"{""brand_eng"": ""FOREU"", ""brand_kor"": ""포르어"", ""brand_no"": 95874, ""category1"": ""여성의류"", ""category2"": ""상의"", ""category3"": ""긴소매 티셔츠"", ""category3_code"": 268103102, ""is_new"": false, ""item_no"": 4135750, ""period_sort"": ""ONE_DAY"", ""platform"": ""29cm"", ""ranking_category_code"": ""268103100"", ""ranking_category_name"": ""여성의류>상의"", ""review_avg"": 5.0, ""sale_percent"": 30, ""sale_price"": 44800, ""sold_out"": false, ""url"": ""https://product.29cm.co.kr/catalog/4135750""}",2026-10-06T13:06:52+00:00_c2f52f8d
2026-10-06T22:06:52+09:00,2026-10-06T13:06:53+00:00,commerce_rank,멘즈 라이트웨이트 신칠라 스냅-티 풀오버 25551R7,29cm:4136312,heart_count,1044.0,"{""brand_eng"": ""PATAGONIA"", ""brand_kor"": ""파타고니아"", ""brand_no"": 34278, ""category1"": ""남성의류"", ""category2"": ""상의"", ""category3"": ""스웨트셔츠"", ""category3_code"": 272103107, ""is_new"": false, ""item_no"": 4136312, ""period_sort"": ""ONE_DAY"", ""platform"": ""29cm"", ""ranking_category_code"": ""272103100"", ""ranking_category_name"": ""남성의류>상의"", ""review_avg"": 5.0, ""sale_percent"": 5, ""sale_price"": 227050, ""sold_out"": false, ""url"": ""https://product.29cm.co.kr/catalog/4136312""}",2026-10-06T13:06:52+00:00_c2f52f8d
2026-10-06T22:06:52+09:00,2026-10-06T13:06:53+00:00,commerce_rank,멘즈 라이트웨이트 신칠라 스냅-티 풀오버 25551R7,29cm:4136312,review_count,8.0,"{""brand_eng"": ""PATAGONIA"", ""brand_kor"": ""파타고니아"", ""brand_no"": 34278, ""category1"": ""남성의류"", ""category2"": ""상의"", ""category3"": ""스웨트셔츠"", ""category3_code"": 272103107, ""is_new"": false, ""item_no"": 4136312, ""period_sort"": ""ONE_DAY"", ""platform"": ""29cm"", ""ranking_category_code"": ""272103100"", ""ranking_category_name"": ""남성의류>상의"", ""review_avg"": 5.0, ""sale_percent"": 5, ""sale_price"": 227050, ""sold_out"": false, ""url"": ""https://product.29cm.co.kr/catalog/4136312""}",2026-10-06T13:06:52+00:00_c2f52f8d
2026-10-06T22:06:52+09:00,2026-10-06T13:06:53+00:00,commerce_rank,멘즈 라이트웨이트 신칠라 스냅-티 풀오버 25551R7,29cm:4136312@272103100,rank,28.0,"{""brand_eng"": ""PATAGONIA"", ""brand_kor"": ""파타고니아"", ""brand_no"": 34278, ""category1"": ""남성의류"", ""category2"": ""상의"", ""category3"": ""스웨트셔츠"", ""category3_code"": 272103107, ""is_new"": false, ""item_no"": 4136312, ""period_sort"": ""ONE_DAY"", ""platform"": ""29cm"", ""ranking_category_code"": ""272103100"", ""ranking_category_name"": ""남성의류>상의"", ""review_avg"": 5.0, ""sale_percent"": 5, ""sale_price"": 227050, ""sold_out"": false, ""url"": ""https://product.29cm.co.kr/catalog/4136312""}",2026-10-06T13:06:52+00:00_c2f52f8d
2026-10-06T22:06:52+09:00,2026-10-06T13:06:52+00:00,commerce_rank,[1차 리오더] Sheer boatneck raglan t-shirt_4colors,29cm:4137017,heart_count,2967.0,"{""brand_eng"": ""URAGO"", ""brand_kor"": ""유라고"", ""brand_no"": 2221, ""category1"": ""여성의류"", ""category2"": ""상의"", ""category3"": ""긴소매 티셔츠"", ""category3_code"": 268103102, ""is_new"": false, ""item_no"": 4137017, ""period_sort"": ""ONE_DAY"", ""platform"": ""29cm"", ""ranking_category_code"": ""268103100"", ""ranking_category_name"": ""여성의류>상의"", ""review_avg"": 5.0, ""sale_percent"": 30, ""sale_price"": 40600, ""sold_out"": false, ""url"": ""https://product.29cm.co.kr/catalog/4137017""}",2026-10-06T13:06:52+00:00_c2f52f8d
2026-10-06T22:06:52+09:00,2026-10-06T13:06:52+00:00,commerce_rank,[1차 리오더] Sheer boatneck raglan t-shirt_4colors,29cm:4137017,review_count,19.0,"{""brand_eng"": ""URAGO"", ""brand_kor"": ""유라고"", ""brand_no"": 2221, ""category1"": ""여성의류"", ""category2"": ""상의"", ""category3"": ""긴소매 티셔츠"", ""category3_code"": 268103102, ""is_new"": false, ""item_no"": 4137017, ""period_sort"": ""ONE_DAY"", ""platform"": ""29cm"", ""ranking_category_code"": ""268103100"", ""ranking_category_name"": ""여성의류>상의"", ""review_avg"": 5.0, ""sale_percent"": 30, ""sale_price"": 40600, ""sold_out"": false, ""url"": ""https://product.29cm.co.kr/catalog/4137017""}",2026-10-06T13:06:52+00:00_c2f52f8d
2026-10-06T22:06:52+09:00,2026-10-06T13:06:52+00:00,commerce_rank,[1차 리오더] Sheer boatneck raglan t-shirt_4colors,29cm:4137017@268103100,rank,43.0,"{""brand_eng"": ""URAGO"", ""brand_kor"": ""유라고"", ""brand_no"": 2221, ""category1"": ""여성의류"", ""category2"": ""상의"", ""category3"": ""긴소매 티셔츠"", ""category3_code"": 268103102, ""is_new"": false, ""item_no"": 4137017, ""period_sort"": ""ONE_DAY"", ""platform"": ""29cm"", ""ranking_category_code"": ""268103100"", ""ranking_category_name"": ""여성의류>상의"", ""review_avg"": 5.0, ""sale_percent"": 30, ""sale_price"": 40600, ""sold_out"": false, ""url"": ""https://product.29cm.co.kr/catalog/4137017""}",2026-10-06T13:06:52+00:00_c2f52f8d
2026-10-06T22:06:52+09:00,2026-10-06T13:06:52+00:00,commerce_rank,Bertie overfit sweatshirt (mgy/ch),29cm:4142878,heart_count,870.0,"{""brand_eng"": ""THE MITTEN"", ""brand_kor"": ""더미튼"", ""brand_no"": 25573, ""category1"": ""여성의류"", ""category2"": ""상의"", ""category3"": ""스웨트셔츠"", ""category3_code"": 268103104, ""is_new"": false, ""item_no"": 4142878, ""period_sort"": ""ONE_DAY"", ""platform"": ""29cm"", ""ranking_category_code"": ""268103100"", ""ranking_category_name"": ""여성의류>상의"", ""review_avg"": 5.0, ""sale_percent"": 31, ""sale_price"": 65840, ""sold_out"": false, ""url"": ""https://product.29cm.co.kr/catalog/4142878""}",2026-10-06T13:06:52+00:00_c2f52f8d
2026-10-06T22:06:52+09:00,2026-10-06T13:06:52+00:00,commerce_rank,Bertie overfit sweatshirt (mgy/ch),29cm:4142878,review_count,5.0,"{""brand_eng"": ""THE MITTEN"", ""brand_kor"": ""더미튼"", ""brand_no"": 25573, ""category1"": ""여성의류"", ""category2"": ""상의"", ""category3"": ""스웨트셔츠"", ""category3_code"": 268103104, ""is_new"": false, ""item_no"": 4142878, ""period_sort"": ""ONE_DAY"", ""platform"": ""29cm"", ""ranking_category_code"": ""268103100"", ""ranking_category_name"": ""여성의류>상의"", ""review_avg"": 5.0, ""sale_percent"": 31, ""sale_price"": 65840, ""sold_out"": false, ""url"": ""https://product.29cm.co.kr/catalog/4142878""}",2026-10-06T13:06:52+00:00_c2f52f8d
2026-10-06T22:06:52+09:00,2026-10-06T13:06:52+00:00,commerce_rank,Bertie overfit sweatshirt (mgy/ch),29cm:4142878@268103100,rank,49.0,"{""brand_eng"": ""THE MITTEN"", ""brand_kor"": ""더미튼"", ""brand_no"": 25573, ""category1"": ""여성의류"", ""category2"": ""상의"", ""category3"": ""스웨트셔츠"", ""category3_code"": 268103104, ""is_new"": false, ""item_no"": 4142878, ""period_sort"": ""ONE_DAY"", ""platform"": ""29cm"", ""ranking_category_code"": ""268103100"", ""ranking_category_name"": ""여성의류>상의"", ""review_avg"": 5.0, ""sale_percent"": 31, ""sale_price"": 65840, ""sold_out"": false, ""url"": ""https://product.29cm.co.kr/catalog/4142878""}",2026-10-06T13:06:52+00:00_c2f52f8d
2026-10-06T22:06:52+09:00,2026-10-06T13:06:53+00:00,commerce_rank,Oxford Work Shirts (Stripe Blue),29cm:4143204,heart_count,282.0,"{""brand_eng"": ""HAVE HAD"", ""brand_kor"": ""해브해드"", ""brand_no"": 2910, ""category1"": ""남성의류"", ""category2"": ""상의"", ""category3"": ""긴소매 셔츠"", ""category3_code"": 272103106, ""is_new"": false, ""item_no"": 4143204, ""period_sort"": ""ONE_DAY"", ""platform"": ""29cm"", ""ranking_category_code"": ""272103100"", ""ranking_category_name"": ""남성의류>상의"", ""review_avg"": 5.0, ""sale_percent"": 28, ""sale_price"": 64310, ""sold_out"": false, ""url"": ""https://product.29cm.co.kr/catalog/4143204""}",2026-10-06T13:06:52+00:00_c2f52f8d
2026-10-06T22:06:52+09:00,2026-10-06T13:06:53+00:00,commerce_rank,Oxford Work Shirts (Stripe Blue),29cm:4143204,review_count,6.0,"{""brand_eng"": ""HAVE HAD"", ""brand_kor"": ""해브해드"", ""brand_no"": 2910, ""category1"": ""남성의류"", ""category2"": ""상의"", ""category3"": ""긴소매 셔츠"", ""category3_code"": 272103106, ""is_new"": false, ""item_no"": 4143204, ""period_sort"": ""ONE_DAY"", ""platform"": ""29cm"", ""ranking_category_code"": ""272103100"", ""ranking_category_name"": ""남성의류>상의"", ""review_avg"": 5.0, ""sale_percent"": 28, ""sale_price"": 64310, ""sold_out"": false, ""url"": ""https://product.29cm.co.kr/catalog/4143204""}",2026-10-06T13:06:52+00:00_c2f52f8d
2026-10-06T22:06:52+09:00,2026-10-06T13:06:53+00:00,commerce_rank,Oxford Work Shirts (Stripe Blue),29cm:4143204@272103100,rank,44.0,"{""brand_eng"": ""HAVE HAD"", ""brand_kor"": ""해브해드"", ""brand_no"": 2910, ""category1"": ""남성의류"", ""category2"": ""상의"", ""category3"": ""긴소매 셔츠"", ""category3_code"": 272103106, ""is_new"": false, ""item_no"": 4143204, ""period_sort"": ""ONE_DAY"", ""platform"": ""29cm"", ""ranking_category_code"": ""272103100"", ""ranking_category_name"": ""남성의류>상의"", ""review_avg"": 5.0, ""sale_percent"": 28, ""sale_price"": 64310, ""sold_out"": false, ""url"": ""https://product.29cm.co.kr/catalog/4143204""}",2026-10-06T13:06:52+00:00_c2f52f8d
2026-10-06T22:06:52+09:00,2026-10-06T13:06:52+00:00,commerce_rank,[2차 리오더] deep v-neck slub t-shirt  (NA),29cm:4146567,heart_count,2013.0,"{""brand_eng"": ""haveawhale"", ""brand_kor"": ""해브어웨일"", ""brand_no"": 66481, ""category1"": ""여성의류"", ""category2"": ""상의"", ""category3"": ""긴소매 티셔츠"", ""category3_code"": 268103102, ""is_new"": false, ""item_no"": 4146567, ""period_sort"": ""ONE_DAY"", ""platform"": ""29cm"", ""ranking_category_code"": ""268103100"", ""ranking_category_name"": ""여성의류>상의"", ""review_avg"": 5.0, ""sale_percent"": 35, ""sale_price"": 64450, ""sold_out"": false, ""url"": ""https://product.29cm.co.kr/catalog/4146567""}",2026-10-06T13:06:52+00:00_c2f52f8d
2026-10-06T22:06:52+09:00,2026-10-06T13:06:52+00:00,commerce_rank,[2차 리오더] deep v-neck slub t-shirt  (NA),29cm:4146567,review_count,1.0,"{""brand_eng"": ""haveawhale"", ""brand_kor"": ""해브어웨일"", ""brand_no"": 66481, ""category1"": ""여성의류"", ""category2"": ""상의"", ""category3"": ""긴소매 티셔츠"", ""category3_code"": 268103102, ""is_new"": false, ""item_no"": 4146567, ""period_sort"": ""ONE_DAY"", ""platform"": ""29cm"", ""ranking_category_code"": ""268103100"", ""ranking_category_name"": ""여성의류>상의"", ""review_avg"": 5.0, ""sale_percent"": 35, ""sale_price"": 64450, ""sold_out"": false, ""url"": ""https://product.29cm.co.kr/catalog/4146567""}",2026-10-06T13:06:52+00:00_c2f52f8d
2026-10-06T22:06:52+09:00,2026-10-06T13:06:52+00:00,commerce_rank,[2차 리오더] deep v-neck slub t-shirt  (NA),29cm:4146567@268103100,rank,47.0,"{""brand_eng"": ""haveawhale"", ""brand_kor"": ""해브어웨일"", ""brand_no"": 66481, ""category1"": ""여성의류"", ""category2"": ""상의"", ""category3"": ""긴소매 티셔츠"", ""category3_code"": 268103102, ""is_new"": false, ""item_no"": 4146567, ""period_sort"": ""ONE_DAY"", ""platform"": ""29cm"", ""ranking_category_code"": ""268103100"", ""ranking_category_name"": ""여성의류>상의"", ""review_avg"": 5.0, ""sale_percent"": 35, ""sale_price"": 64450, ""sold_out"": false, ""url"": ""https://product.29cm.co.kr/catalog/4146567""}",2026-10-06T13:06:52+00:00_c2f52f8d
2026-10-06T22:06:52+09:00,2026-10-06T13:06:52+00:00,commerce_rank,Ebb button overfit t-shirt (melange gray),29cm:4147832,heart_count,2864.0,"{""brand_eng"": ""RE_L"", ""brand_kor"": ""리엘"", ""brand_no"": 19781, ""category1"": ""여성의류"", ""category2"": ""상의"", ""category3"": ""긴소매 티셔츠"", ""category3_code"": 268103102, ""is_new"": false, ""item_no"": 4147832, ""period_sort"": ""ONE_DAY"", ""platform"": ""29cm"", ""ranking_category_code"": ""268103100"", ""ranking_category_name"": ""여성의류>상의"", ""review_avg"": 5.0, ""sale_percent"": 23, ""sale_price"": 60440, ""sold_out"": false, ""url"": ""https://product.29cm.co.kr/catalog/4147832""}",2026-10-06T13:06:52+00:00_c2f52f8d
2026-10-06T22:06:52+09:00,2026-10-06T13:06:52+00:00,commerce_rank,Ebb button overfit t-shirt (melange gray),29cm:4147832,review_count,4.0,"{""brand_eng"": ""RE_L"", ""brand_kor"": ""리엘"", ""brand_no"": 19781, ""category1"": ""여성의류"", ""category2"": ""상의"", ""category3"": ""긴소매 티셔츠"", ""category3_code"": 268103102, ""is_new"": false, ""item_no"": 4147832, ""period_sort"": ""ONE_DAY"", ""platform"": ""29cm"", ""ranking_category_code"": ""268103100"", ""ranking_category_name"": ""여성의류>상의"", ""review_avg"": 5.0, ""sale_percent"": 23, ""sale_price"": 60440, ""sold_out"": false, ""url"": ""https://product.29cm.co.kr/catalog/4147832""}",2026-10-06T13:06:52+00:00_c2f52f8d
2026-10-06T22:06:52+09:00,2026-10-06T13:06:52+00:00,commerce_rank,Ebb button overfit t-shirt (melange gray),29cm:4147832@268103100,rank,92.0,"{""brand_eng"": ""RE_L"", ""brand_kor"": ""리엘"", ""brand_no"": 19781, ""category1"": ""여성의류"", ""category2"": ""상의"", ""category3"": ""긴소매 티셔츠"", ""category3_code"": 268103102, ""is_new"": false, ""item_no"": 4147832, ""period_sort"": ""ONE_DAY"", ""platform"": ""29cm"", ""ranking_category_code"": ""268103100"", ""ranking_category_name"": ""여성의류>상의"", ""review_avg"": 5.0, ""sale_percent"": 23, ""sale_price"": 60440, ""sold_out"": false, ""url"": ""https://product.29cm.co.kr/catalog/4147832""}",2026-10-06T13:06:52+00:00_c2f52f8d
2026-10-06T22:06:52+09:00,2026-10-06T13:06:53+00:00,commerce_rank,라이트웨이트 후드 집업 BLACK,29cm:4149418,heart_count,8.0,"{""brand_eng"": ""INSILENCE"", ""brand_kor"": ""인사일런스"", ""brand_no"": 1642, ""category1"": ""남성의류"", ""category2"": ""상의"", ""category3"": ""스웨트셔츠"", ""category3_code"": 272103107, ""is_new"": false, ""item_no"": 4149418, ""period_sort"": ""ONE_DAY"", ""platform"": ""29cm"", ""ranking_category_code"": ""272103100"", ""ranking_category_name"": ""남성의류>상의"", ""review_avg"": 0.0, ""sale_percent"": 30, ""sale_price"": 77000, ""sold_out"": false, ""url"": ""https://product.29cm.co.kr/catalog/4149418""}",2026-10-06T13:06:52+00:00_c2f52f8d
2026-10-06T22:06:52+09:00,2026-10-06T13:06:53+00:00,commerce_rank,라이트웨이트 후드 집업 BLACK,29cm:4149418,review_count,0.0,"{""brand_eng"": ""INSILENCE"", ""brand_kor"": ""인사일런스"", ""brand_no"": 1642, ""category1"": ""남성의류"", ""category2"": ""상의"", ""category3"": ""스웨트셔츠"", ""category3_code"": 272103107, ""is_new"": false, ""item_no"": 4149418, ""period_sort"": ""ONE_DAY"", ""platform"": ""29cm"", ""ranking_category_code"": ""272103100"", ""ranking_category_name"": ""남성의류>상의"", ""review_avg"": 0.0, ""sale_percent"": 30, ""sale_price"": 77000, ""sold_out"": false, ""url"": ""https://product.29cm.co.kr/catalog/4149418""}",2026-10-06T13:06:52+00:00_c2f52f8d
2026-10-06T22:06:52+09:00,2026-10-06T13:06:53+00:00,commerce_rank,라이트웨이트 후드 집업 BLACK,29cm:4149418@272103100,rank,90.0,"{""brand_eng"": ""INSILENCE"", ""brand_kor"": ""인사일런스"", ""brand_no"": 1642, ""category1"": ""남성의류"", ""category2"": ""상의"", ""category3"": ""스웨트셔츠"", ""category3_code"": 272103107, ""is_new"": false, ""item_no"": 4149418, ""period_sort"": ""ONE_DAY"", ""platform"": ""29cm"", ""ranking_category_code"": ""272103100"", ""ranking_category_name"": ""남성의류>상의"", ""review_avg"": 0.0, ""sale_percent"": 30, ""sale_price"": 77000, ""sold_out"": false, ""url"": ""https://product.29cm.co.kr/catalog/4149418""}",2026-10-06T13:06:52+00:00_c2f52f8d
2026-10-06T22:06:52+09:00,2026-10-06T13:06:52+00:00,commerce_rank,[주미니 Pick]Raglan oversized modal tee [TIFA06LT06]_Navy,29cm:4149711,heart_count,4314.0,"{""brand_eng"": ""TILLIDIE"", ""brand_kor"": ""틸아이다이"", ""brand_no"": 3421, ""category1"": ""여성의류"", ""category2"": ""상의"", ""category3"": ""긴소매 티셔츠"", ""category3_code"": 268103102, ""is_new"": false, ""item_no"": 4149711, ""period_sort"": ""ONE_DAY"", ""platform"": ""29cm"", ""ranking_category_code"": ""268103100"", ""ranking_category_name"": ""여성의류>상의"", ""review_avg"": 5.0, ""sale_percent"": 30, ""sale_price"": 53200, ""sold_out"": false, ""url"": ""https://product.29cm.co.kr/catalog/4149711""}",2026-10-06T13:06:52+00:00_c2f52f8d
2026-10-06T22:06:52+09:00,2026-10-06T13:06:52+00:00,commerce_rank,[주미니 Pick]Raglan oversized modal tee [TIFA06LT06]_Navy,29cm:4149711,review_count,114.0,"{""brand_eng"": ""TILLIDIE"", ""brand_kor"": ""틸아이다이"", ""brand_no"": 3421, ""category1"": ""여성의류"", ""category2"": ""상의"", ""category3"": ""긴소매 티셔츠"", ""category3_code"": 268103102, ""is_new"": false, ""item_no"": 4149711, ""period_sort"": ""ONE_DAY"", ""platform"": ""29cm"", ""ranking_category_code"": ""268103100"", ""ranking_category_name"": ""여성의류>상의"", ""review_avg"": 5.0, ""sale_percent"": 30, ""sale_price"": 53200, ""sold_out"": false, ""url"": ""https://product.29cm.co.kr/catalog/4149711""}",2026-10-06T13:06:52+00:00_c2f52f8d
2026-10-06T22:06:52+09:00,2026-10-06T13:06:52+00:00,commerce_rank,[주미니 Pick]Raglan oversized modal tee [TIFA06LT06]_Navy,29cm:4149711@268103100,rank,7.0,"{""brand_eng"": ""TILLIDIE"", ""brand_kor"": ""틸아이다이"", ""brand_no"": 3421, ""category1"": ""여성의류"", ""category2"": ""상의"", ""category3"": ""긴소매 티셔츠"", ""category3_code"": 268103102, ""is_new"": false, ""item_no"": 4149711, ""period_sort"": ""ONE_DAY"", ""platform"": ""29cm"", ""ranking_category_code"": ""268103100"", ""ranking_category_name"": ""여성의류>상의"", ""review_avg"": 5.0, ""sale_percent"": 30, ""sale_price"": 53200, ""sold_out"": false, ""url"": ""https://product.29cm.co.kr/catalog/4149711""}",2026-10-06T13:06:52+00:00_c2f52f8d
2026-10-06T22:06:52+09:00,2026-10-06T13:06:52+00:00,commerce_rank,[3차 재입고] 스카이 도그 롱슬리브 티셔츠_화이트,29cm:4150121,heart_count,948.0,"{""brand_eng"": ""URBANDTYPE"", ""brand_kor"": ""어반디타입"", ""brand_no"": 2295, ""category1"": ""여성의류"", ""category2"": ""상의"", ""category3"": ""긴소매 티셔츠"", ""category3_code"": 268103102, ""is_new"": false, ""item_no"": 4150121, ""period_sort"": ""ONE_DAY"", ""platform"": ""29cm"", ""ranking_category_code"": ""268103100"", ""ranking_category_name"": ""여성의류>상의"", ""review_avg"": 5.0, ""sale_percent"": 42, ""sale_price"": 34300, ""sold_out"": false, ""url"": ""https://product.29cm.co.kr/catalog/4150121""}",2026-10-06T13:06:52+00:00_c2f52f8d
2026-10-06T22:06:52+09:00,2026-10-06T13:06:52+00:00,commerce_rank,[3차 재입고] 스카이 도그 롱슬리브 티셔츠_화이트,29cm:4150121,review_count,18.0,"{""brand_eng"": ""URBANDTYPE"", ""brand_kor"": ""어반디타입"", ""brand_no"": 2295, ""category1"": ""여성의류"", ""category2"": ""상의"", ""category3"": ""긴소매 티셔츠"", ""category3_code"": 268103102, ""is_new"": false, ""item_no"": 4150121, ""period_sort"": ""ONE_DAY"", ""platform"": ""29cm"", ""ranking_category_code"": ""268103100"", ""ranking_category_name"": ""여성의류>상의"", ""review_avg"": 5.0, ""sale_percent"": 42, ""sale_price"": 34300, ""sold_out"": false, ""url"": ""https://product.29cm.co.kr/catalog/4150121""}",2026-10-06T13:06:52+00:00_c2f52f8d
2026-10-06T22:06:52+09:00,2026-10-06T13:06:52+00:00,commerce_rank,[3차 재입고] 스카이 도그 롱슬리브 티셔츠_화이트,29cm:4150121@268103100,rank,65.0,"{""brand_eng"": ""URBANDTYPE"", ""brand_kor"": ""어반디타입"", ""brand_no"": 2295, ""category1"": ""여성의류"", ""category2"": ""상의"", ""category3"": ""긴소매 티셔츠"", ""category3_code"": 268103102, ""is_new"": false, ""item_no"": 4150121, ""period_sort"": ""ONE_DAY"", ""platform"": ""29cm"", ""ranking_category_code"": ""268103100"", ""ranking_category_name"": ""여성의류>상의"", ""review_avg"": 5.0, ""sale_percent"": 42, ""sale_price"": 34300, ""sold_out"": false, ""url"": ""https://product.29cm.co.kr/catalog/4150121""}",2026-10-06T13:06:52+00:00_c2f52f8d
2026-10-06T22:06:52+09:00,2026-10-06T13:06:52+00:00,commerce_rank,[4차 재입고] 로우엣지 래글런 롱슬리브 티셔츠_퍼플,29cm:4150333,heart_count,2752.0,"{""brand_eng"": ""URBANDTYPE"", ""brand_kor"": ""어반디타입"", ""brand_no"": 2295, ""category1"": ""여성의류"", ""category2"": ""상의"", ""category3"": ""긴소매 티셔츠"", ""category3_code"": 268103102, ""is_new"": false, ""item_no"": 4150333, ""period_sort"": ""ONE_DAY"", ""platform"": ""29cm"", ""ranking_category_code"": ""268103100"", ""ranking_category_name"": ""여성의류>상의"", ""review_avg"": 4.5, ""sale_percent"": 19, ""sale_price"": 31500, ""sold_out"": false, ""url"": ""https://product.29cm.co.kr/catalog/4150333""}",2026-10-06T13:06:52+00:00_c2f52f8d
2026-10-06T22:06:52+09:00,2026-10-06T13:06:52+00:00,commerce_rank,[4차 재입고] 로우엣지 래글런 롱슬리브 티셔츠_퍼플,29cm:4150333,review_count,8.0,"{""brand_eng"": ""URBANDTYPE"", ""brand_kor"": ""어반디타입"", ""brand_no"": 2295, ""category1"": ""여성의류"", ""category2"": ""상의"", ""category3"": ""긴소매 티셔츠"", ""category3_code"": 268103102, ""is_new"": false, ""item_no"": 4150333, ""period_sort"": ""ONE_DAY"", ""platform"": ""29cm"", ""ranking_category_code"": ""268103100"", ""ranking_category_name"": ""여성의류>상의"", ""review_avg"": 4.5, ""sale_percent"": 19, ""sale_price"": 31500, ""sold_out"": false, ""url"": ""https://product.29cm.co.kr/catalog/4150333""}",2026-10-06T13:06:52+00:00_c2f52f8d
2026-10-06T22:06:52+09:00,2026-10-06T13:06:52+00:00,commerce_rank,[4차 재입고] 로우엣지 래글런 롱슬리브 티셔츠_퍼플,29cm:4150333@268103100,rank,46.0,"{""brand_eng"": ""URBANDTYPE"", ""brand_kor"": ""어반디타입"", ""brand_no"": 2295, ""category1"": ""여성의류"", ""category2"": ""상의"", ""category3"": ""긴소매 티셔츠"", ""category3_code"": 268103102, ""is_new"": false, ""item_no"": 4150333, ""period_sort"": ""ONE_DAY"", ""platform"": ""29cm"", ""ranking_category_code"": ""268103100"", ""ranking_category_name"": ""여성의류>상의"", ""review_avg"": 4.5, ""sale_percent"": 19, ""sale_price"": 31500, ""sold_out"": false, ""url"": ""https://product.29cm.co.kr/catalog/4150333""}",2026-10-06T13:06:52+00:00_c2f52f8d
2026-10-06T22:06:52+09:00,2026-10-06T13:06:52+00:00,commerce_rank,[7부/오버핏] Vintage Essential Raglan Tee,29cm:4152302,heart_count,16813.0,"{""brand_eng"": ""BITTERCELLS"", ""brand_kor"": ""비터셀즈"", ""brand_no"": 15063, ""category1"": ""여성의류"", ""category2"": ""상의"", ""category3"": ""긴소매 티셔츠"", ""category3_code"": 268103102, ""is_new"": false, ""item_no"": 4152302, ""period_sort"": ""ONE_DAY"", ""platform"": ""29cm"", ""ranking_category_code"": ""268103100"", ""ranking_category_name"": ""여성의류>상의"", ""review_avg"": 5.0, ""sale_percent"": 21, ""sale_price"": 34850, ""sold_out"": false, ""url"": ""https://product.29cm.co.kr/catalog/4152302""}",2026-10-06T13:06:52+00:00_c2f52f8d
2026-10-06T22:06:52+09:00,2026-10-06T13:06:52+00:00,commerce_rank,[7부/오버핏] Vintage Essential Raglan Tee,29cm:4152302,review_count,388.0,"{""brand_eng"": ""BITTERCELLS"", ""brand_kor"": ""비터셀즈"", ""brand_no"": 15063, ""category1"": ""여성의류"", ""category2"": ""상의"", ""category3"": ""긴소매 티셔츠"", ""category3_code"": 268103102, ""is_new"": false, ""item_no"": 4152302, ""period_sort"": ""ONE_DAY"", ""platform"": ""29cm"", ""ranking_category_code"": ""268103100"", ""ranking_category_name"": ""여성의류>상의"", ""review_avg"": 5.0, ""sale_percent"": 21, ""sale_price"": 34850, ""sold_out"": false, ""url"": ""https://product.29cm.co.kr/catalog/4152302""}",2026-10-06T13:06:52+00:00_c2f52f8d
2026-10-06T22:06:52+09:00,2026-10-06T13:06:52+00:00,commerce_rank,[7부/오버핏] Vintage Essential Raglan Tee,29cm:4152302@268103100,rank,4.0,"{""brand_eng"": ""BITTERCELLS"", ""brand_kor"": ""비터셀즈"", ""brand_no"": 15063, ""category1"": ""여성의류"", ""category2"": ""상의"", ""category3"": ""긴소매 티셔츠"", ""category3_code"": 268103102, ""is_new"": false, ""item_no"": 4152302, ""period_sort"": ""ONE_DAY"", ""platform"": ""29cm"", ""ranking_category_code"": ""268103100"", ""ranking_category_name"": ""여성의류>상의"", ""review_avg"": 5.0, ""sale_percent"": 21, ""sale_price"": 34850, ""sold_out"": false, ""url"": ""https://product.29cm.co.kr/catalog/4152302""}",2026-10-06T13:06:52+00:00_c2f52f8d
2026-10-06T22:06:52+09:00,2026-10-06T13:06:52+00:00,commerce_rank,RAGLAN STITCH T [ 7 COLORS ],29cm:4153227,heart_count,422.0,"{""brand_eng"": ""OURO"", ""brand_kor"": ""아우로"", ""brand_no"": 16452, ""category1"": ""여성의류"", ""category2"": ""상의"", ""category3"": ""긴소매 티셔츠"", ""category3_code"": 268103102, ""is_new"": false, ""item_no"": 4153227, ""period_sort"": ""ONE_DAY"", ""platform"": ""29cm"", ""ranking_category_code"": ""268103100"", ""ranking_category_name"": ""여성의류>상의"", ""review_avg"": 5.0, ""sale_percent"": 19, ""sale_price"": 55720, ""sold_out"": false, ""url"": ""https://product.29cm.co.kr/catalog/4153227""}",2026-10-06T13:06:52+00:00_c2f52f8d
2026-10-06T22:06:52+09:00,2026-10-06T13:06:52+00:00,commerce_rank,RAGLAN STITCH T [ 7 COLORS ],29cm:4153227,review_count,3.0,"{""brand_eng"": ""OURO"", ""brand_kor"": ""아우로"", ""brand_no"": 16452, ""category1"": ""여성의류"", ""category2"": ""상의"", ""category3"": ""긴소매 티셔츠"", ""category3_code"": 268103102, ""is_new"": false, ""item_no"": 4153227, ""period_sort"": ""ONE_DAY"", ""platform"": ""29cm"", ""ranking_category_code"": ""268103100"", ""ranking_category_name"": ""여성의류>상의"", ""review_avg"": 5.0, ""sale_percent"": 19, ""sale_price"": 55720, ""sold_out"": false, ""url"": ""https://product.29cm.co.kr/catalog/4153227""}",2026-10-06T13:06:52+00:00_c2f52f8d
2026-10-06T22:06:52+09:00,2026-10-06T13:06:52+00:00,commerce_rank,RAGLAN STITCH T [ 7 COLORS ],29cm:4153227@268103100,rank,18.0,"{""brand_eng"": ""OURO"", ""brand_kor"": ""아우로"", ""brand_no"": 16452, ""category1"": ""여성의류"", ""category2"": ""상의"", ""category3"": ""긴소매 티셔츠"", ""category3_code"": 268103102, ""is_new"": false, ""item_no"": 4153227, ""period_sort"": ""ONE_DAY"", ""platform"": ""29cm"", ""ranking_category_code"": ""268103100"", ""ranking_category_name"": ""여성의류>상의"", ""review_avg"": 5.0, ""sale_percent"": 19, ""sale_price"": 55720, ""sold_out"": false, ""url"": ""https://product.29cm.co.kr/catalog/4153227""}",2026-10-06T13:06:52+00:00_c2f52f8d
2026-10-06T22:06:52+09:00,2026-10-06T13:06:52+00:00,commerce_rank,PWC BABY 3/4 SLEEVE TEE_10COLOR,29cm:4156719,heart_count,815.0,"{""brand_eng"": ""PARTIMENTO WOMEN"", ""brand_kor"": ""파르티멘토 우먼"", ""brand_no"": 18965, ""category1"": ""여성의류"", ""category2"": ""상의"", ""category3"": ""긴소매 티셔츠"", ""category3_code"": 268103102, ""is_new"": false, ""item_no"": 4156719, ""period_sort"": ""ONE_DAY"", ""platform"": ""29cm"", ""ranking_category_code"": ""268103100"", ""ranking_category_name"": ""여성의류>상의"", ""review_avg"": 5.0, ""sale_percent"": 37, ""sale_price"": 20160, ""sold_out"": false, ""url"": ""https://product.29cm.co.kr/catalog/4156719""}",2026-10-06T13:06:52+00:00_c2f52f8d
2026-10-06T22:06:52+09:00,2026-10-06T13:06:52+00:00,commerce_rank,PWC BABY 3/4 SLEEVE TEE_10COLOR,29cm:4156719,review_count,26.0,"{""brand_eng"": ""PARTIMENTO WOMEN"", ""brand_kor"": ""파르티멘토 우먼"", ""brand_no"": 18965, ""category1"": ""여성의류"", ""category2"": ""상의"", ""category3"": ""긴소매 티셔츠"", ""category3_code"": 268103102, ""is_new"": false, ""item_no"": 4156719, ""period_sort"": ""ONE_DAY"", ""platform"": ""29cm"", ""ranking_category_code"": ""268103100"", ""ranking_category_name"": ""여성의류>상의"", ""review_avg"": 5.0, ""sale_percent"": 37, ""sale_price"": 20160, ""sold_out"": false, ""url"": ""https://product.29cm.co.kr/catalog/4156719""}",2026-10-06T13:06:52+00:00_c2f52f8d
2026-10-06T22:06:52+09:00,2026-10-06T13:06:52+00:00,commerce_rank,PWC BABY 3/4 SLEEVE TEE_10COLOR,29cm:4156719@268103100,rank,50.0,"{""brand_eng"": ""PARTIMENTO WOMEN"", ""brand_kor"": ""파르티멘토 우먼"", ""brand_no"": 18965, ""category1"": ""여성의류"", ""category2"": ""상의"", ""category3"": ""긴소매 티셔츠"", ""category3_code"": 268103102, ""is_new"": false, ""item_no"": 4156719, ""period_sort"": ""ONE_DAY"", ""platform"": ""29cm"", ""ranking_category_code"": ""268103100"", ""ranking_category_name"": ""여성의류>상의"", ""review_avg"": 5.0, ""sale_percent"": 37, ""sale_price"": 20160, ""sold_out"": false, ""url"": ""https://product.29cm.co.kr/catalog/4156719""}",2026-10-06T13:06:52+00:00_c2f52f8d
2026-10-06T22:06:52+09:00,2026-10-06T13:06:53+00:00,commerce_rank,플리츠 워시 레더 셔츠 자켓 (블랙),29cm:4160960,heart_count,37.0,"{""brand_eng"": ""COOR"", ""brand_kor"": ""쿠어"", ""brand_no"": 15326, ""category1"": ""남성의류"", ""category2"": ""상의"", ""category3"": ""긴소매 셔츠"", ""category3_code"": 272103106, ""is_new"": false, ""item_no"": 4160960, ""period_sort"": ""ONE_DAY"", ""platform"": ""29cm"", ""ranking_category_code"": ""272103100"", ""ranking_category_name"": ""남성의류>상의"", ""review_avg"": 0.0, ""sale_percent"": 10, ""sale_price"": 378000, ""sold_out"": true, ""url"": ""https://product.29cm.co.kr/catalog/4160960""}",2026-10-06T13:06:52+00:00_c2f52f8d
2026-10-06T22:06:52+09:00,2026-10-06T13:06:53+00:00,commerce_rank,플리츠 워시 레더 셔츠 자켓 (블랙),29cm:4160960,review_count,0.0,"{""brand_eng"": ""COOR"", ""brand_kor"": ""쿠어"", ""brand_no"": 15326, ""category1"": ""남성의류"", ""category2"": ""상의"", ""category3"": ""긴소매 셔츠"", ""category3_code"": 272103106, ""is_new"": false, ""item_no"": 4160960, ""period_sort"": ""ONE_DAY"", ""platform"": ""29cm"", ""ranking_category_code"": ""272103100"", ""ranking_category_name"": ""남성의류>상의"", ""review_avg"": 0.0, ""sale_percent"": 10, ""sale_price"": 378000, ""sold_out"": true, ""url"": ""https://product.29cm.co.kr/catalog/4160960""}",2026-10-06T13:06:52+00:00_c2f52f8d
2026-10-06T22:06:52+09:00,2026-10-06T13:06:53+00:00,commerce_rank,플리츠 워시 레더 셔츠 자켓 (블랙),29cm:4160960@272103100,rank,46.0,"{""brand_eng"": ""COOR"", ""brand_kor"": ""쿠어"", ""brand_no"": 15326, ""category1"": ""남성의류"", ""category2"": ""상의"", ""category3"": ""긴소매 셔츠"", ""category3_code"": 272103106, ""is_new"": false, ""item_no"": 4160960, ""period_sort"": ""ONE_DAY"", ""platform"": ""29cm"", ""ranking_category_code"": ""272103100"", ""ranking_category_name"": ""남성의류>상의"", ""review_avg"": 0.0, ""sale_percent"": 10, ""sale_price"": 378000, ""sold_out"": true, ""url"": ""https://product.29cm.co.kr/catalog/4160960""}",2026-10-06T13:06:52+00:00_c2f52f8d
2026-10-06T22:06:52+09:00,2026-10-06T13:06:52+00:00,commerce_rank,[8차] Pond Floral Hook T-Shirt (Pink yellow),29cm:4163596,heart_count,3934.0,"{""brand_eng"": ""TOAVE"", ""brand_kor"": ""토아베"", ""brand_no"": 101870, ""category1"": ""여성의류"", ""category2"": ""상의"", ""category3"": ""긴소매 티셔츠"", ""category3_code"": 268103102, ""is_new"": false, ""item_no"": 4163596, ""period_sort"": ""ONE_DAY"", ""platform"": ""29cm"", ""ranking_category_code"": ""268103100"", ""ranking_category_name"": ""여성의류>상의"", ""review_avg"": 5.0, ""sale_percent"": 30, ""sale_price"": 48300, ""sold_out"": false, ""url"": ""https://product.29cm.co.kr/catalog/4163596""}",2026-10-06T13:06:52+00:00_c2f52f8d
2026-10-06T22:06:52+09:00,2026-10-06T13:06:52+00:00,commerce_rank,[8차] Pond Floral Hook T-Shirt (Pink yellow),29cm:4163596,review_count,21.0,"{""brand_eng"": ""TOAVE"", ""brand_kor"": ""토아베"", ""brand_no"": 101870, ""category1"": ""여성의류"", ""category2"": ""상의"", ""category3"": ""긴소매 티셔츠"", ""category3_code"": 268103102, ""is_new"": false, ""item_no"": 4163596, ""period_sort"": ""ONE_DAY"", ""platform"": ""29cm"", ""ranking_category_code"": ""268103100"", ""ranking_category_name"": ""여성의류>상의"", ""review_avg"": 5.0, ""sale_percent"": 30, ""sale_price"": 48300, ""sold_out"": false, ""url"": ""https://product.29cm.co.kr/catalog/4163596""}",2026-10-06T13:06:52+00:00_c2f52f8d
2026-10-06T22:06:52+09:00,2026-10-06T13:06:52+00:00,commerce_rank,[8차] Pond Floral Hook T-Shirt (Pink yellow),29cm:4163596@268103100,rank,63.0,"{""brand_eng"": ""TOAVE"", ""brand_kor"": ""토아베"", ""brand_no"": 101870, ""category1"": ""여성의류"", ""category2"": ""상의"", ""category3"": ""긴소매 티셔츠"", ""category3_code"": 268103102, ""is_new"": false, ""item_no"": 4163596, ""period_sort"": ""ONE_DAY"", ""platform"": ""29cm"", ""ranking_category_code"": ""268103100"", ""ranking_category_name"": ""여성의류>상의"", ""review_avg"": 5.0, ""sale_percent"": 30, ""sale_price"": 48300, ""sold_out"": false, ""url"": ""https://product.29cm.co.kr/catalog/4163596""}",2026-10-06T13:06:52+00:00_c2f52f8d
2026-10-06T22:06:52+09:00,2026-10-06T13:06:52+00:00,commerce_rank,[2nd] 200 Base 3/4 tee (v-neck ver.)(5 color),29cm:4165065,heart_count,2698.0,"{""brand_eng"": ""FOETO"", ""brand_kor"": ""포에토"", ""brand_no"": 53520, ""category1"": ""여성의류"", ""category2"": ""상의"", ""category3"": ""반소매 티셔츠"", ""category3_code"": 268103101, ""is_new"": false, ""item_no"": 4165065, ""period_sort"": ""ONE_DAY"", ""platform"": ""29cm"", ""ranking_category_code"": ""268103100"", ""ranking_category_name"": ""여성의류>상의"", ""review_avg"": 5.0, ""sale_percent"": 19, ""sale_price"": 33210, ""sold_out"": false, ""url"": ""https://product.29cm.co.kr/catalog/4165065""}",2026-10-06T13:06:52+00:00_c2f52f8d
2026-10-06T22:06:52+09:00,2026-10-06T13:06:52+00:00,commerce_rank,[2nd] 200 Base 3/4 tee (v-neck ver.)(5 color),29cm:4165065,review_count,30.0,"{""brand_eng"": ""FOETO"", ""brand_kor"": ""포에토"", ""brand_no"": 53520, ""category1"": ""여성의류"", ""category2"": ""상의"", ""category3"": ""반소매 티셔츠"", ""category3_code"": 268103101, ""is_new"": false, ""item_no"": 4165065, ""period_sort"": ""ONE_DAY"", ""platform"": ""29cm"", ""ranking_category_code"": ""268103100"", ""ranking_category_name"": ""여성의류>상의"", ""review_avg"": 5.0, ""sale_percent"": 19, ""sale_price"": 33210, ""sold_out"": false, ""url"": ""https://product.29cm.co.kr/catalog/4165065""}",2026-10-06T13:06:52+00:00_c2f52f8d
2026-10-06T22:06:52+09:00,2026-10-06T13:06:52+00:00,commerce_rank,[2nd] 200 Base 3/4 tee (v-neck ver.)(5 color),29cm:4165065@268103100,rank,17.0,"{""brand_eng"": ""FOETO"", ""brand_kor"": ""포에토"", ""brand_no"": 53520, ""category1"": ""여성의류"", ""category2"": ""상의"", ""category3"": ""반소매 티셔츠"", ""category3_code"": 268103101, ""is_new"": false, ""item_no"": 4165065, ""period_sort"": ""ONE_DAY"", ""platform"": ""29cm"", ""ranking_category_code"": ""268103100"", ""ranking_category_name"": ""여성의류>상의"", ""review_avg"": 5.0, ""sale_percent"": 19, ""sale_price"": 33210, ""sold_out"": false, ""url"": ""https://product.29cm.co.kr/catalog/4165065""}",2026-10-06T13:06:52+00:00_c2f52f8d
2026-10-06T22:06:52+09:00,2026-10-06T13:06:52+00:00,commerce_rank,[6th] 200 Base 3/4 tee (boatneck ver.)(5 color),29cm:4165076,heart_count,1586.0,"{""brand_eng"": ""FOETO"", ""brand_kor"": ""포에토"", ""brand_no"": 53520, ""category1"": ""여성의류"", ""category2"": ""상의"", ""category3"": ""반소매 티셔츠"", ""category3_code"": 268103101, ""is_new"": false, ""item_no"": 4165076, ""period_sort"": ""ONE_DAY"", ""platform"": ""29cm"", ""ranking_category_code"": ""268103100"", ""ranking_category_name"": ""여성의류>상의"", ""review_avg"": 5.0, ""sale_percent"": 19, ""sale_price"": 33210, ""sold_out"": false, ""url"": ""https://product.29cm.co.kr/catalog/4165076""}",2026-10-06T13:06:52+00:00_c2f52f8d
2026-10-06T22:06:52+09:00,2026-10-06T13:06:52+00:00,commerce_rank,[6th] 200 Base 3/4 tee (boatneck ver.)(5 color),29cm:4165076,review_count,37.0,"{""brand_eng"": ""FOETO"", ""brand_kor"": ""포에토"", ""brand_no"": 53520, ""category1"": ""여성의류"", ""category2"": ""상의"", ""category3"": ""반소매 티셔츠"", ""category3_code"": 268103101, ""is_new"": false, ""item_no"": 4165076, ""period_sort"": ""ONE_DAY"", ""platform"": ""29cm"", ""ranking_category_code"": ""268103100"", ""ranking_category_name"": ""여성의류>상의"", ""review_avg"": 5.0, ""sale_percent"": 19, ""sale_price"": 33210, ""sold_out"": false, ""url"": ""https://product.29cm.co.kr/catalog/4165076""}",2026-10-06T13:06:52+00:00_c2f52f8d
2026-10-06T22:06:52+09:00,2026-10-06T13:06:52+00:00,commerce_rank,[6th] 200 Base 3/4 tee (boatneck ver.)(5 color),29cm:4165076@268103100,rank,95.0,"{""brand_eng"": ""FOETO"", ""brand_kor"": ""포에토"", ""brand_no"": 53520, ""category1"": ""여성의류"", ""category2"": ""상의"", ""category3"": ""반소매 티셔츠"", ""category3_code"": 268103101, ""is_new"": false, ""item_no"": 4165076, ""period_sort"": ""ONE_DAY"", ""platform"": ""29cm"", ""ranking_category_code"": ""268103100"", ""ranking_category_name"": ""여성의류>상의"", ""review_avg"": 5.0, ""sale_percent"": 19, ""sale_price"": 33210, ""sold_out"": false, ""url"": ""https://product.29cm.co.kr/catalog/4165076""}",2026-10-06T13:06:52+00:00_c2f52f8d
2026-10-06T22:06:52+09:00,2026-10-06T13:06:52+00:00,commerce_rank,[리현 착용] Juliet Blouse_2Color,29cm:4167781,heart_count,635.0,"{""brand_eng"": ""flowoom"", ""brand_kor"": ""플로움"", ""brand_no"": 6377, ""category1"": ""여성의류"", ""category2"": ""상의"", ""category3"": ""블라우스"", ""category3_code"": 268103107, ""is_new"": false, ""item_no"": 4167781, ""period_sort"": ""ONE_DAY"", ""platform"": ""29cm"", ""ranking_category_code"": ""268103100"", ""ranking_category_name"": ""여성의류>상의"", ""review_avg"": 5.0, ""sale_percent"": 21, ""sale_price"": 148240, ""sold_out"": false, ""url"": ""https://product.29cm.co.kr/catalog/4167781""}",2026-10-06T13:06:52+00:00_c2f52f8d
2026-10-06T22:06:52+09:00,2026-10-06T13:06:52+00:00,commerce_rank,[리현 착용] Juliet Blouse_2Color,29cm:4167781,review_count,4.0,"{""brand_eng"": ""flowoom"", ""brand_kor"": ""플로움"", ""brand_no"": 6377, ""category1"": ""여성의류"", ""category2"": ""상의"", ""category3"": ""블라우스"", ""category3_code"": 268103107, ""is_new"": false, ""item_no"": 4167781, ""period_sort"": ""ONE_DAY"", ""platform"": ""29cm"", ""ranking_category_code"": ""268103100"", ""ranking_category_name"": ""여성의류>상의"", ""review_avg"": 5.0, ""sale_percent"": 21, ""sale_price"": 148240, ""sold_out"": false, ""url"": ""https://product.29cm.co.kr/catalog/4167781""}",2026-10-06T13:06:52+00:00_c2f52f8d
2026-10-06T22:06:52+09:00,2026-10-06T13:06:52+00:00,commerce_rank,[리현 착용] Juliet Blouse_2Color,29cm:4167781@268103100,rank,56.0,"{""brand_eng"": ""flowoom"", ""brand_kor"": ""플로움"", ""brand_no"": 6377, ""category1"": ""여성의류"", ""category2"": ""상의"", ""category3"": ""블라우스"", ""category3_code"": 268103107, ""is_new"": false, ""item_no"": 4167781, ""period_sort"": ""ONE_DAY"", ""platform"": ""29cm"", ""ranking_category_code"": ""268103100"", ""ranking_category_name"": ""여성의류>상의"", ""review_avg"": 5.0, ""sale_percent"": 21, ""sale_price"": 148240, ""sold_out"": false, ""url"": ""https://product.29cm.co.kr/catalog/4167781""}",2026-10-06T13:06:52+00:00_c2f52f8d
2026-10-06T22:06:52+09:00,2026-10-06T13:06:52+00:00,commerce_rank,Soft Drape T-shirt_Long Sleeve_2Color,29cm:4168939,heart_count,539.0,"{""brand_eng"": ""flowoom"", ""brand_kor"": ""플로움"", ""brand_no"": 6377, ""category1"": ""여성의류"", ""category2"": ""상의"", ""category3"": ""긴소매 티셔츠"", ""category3_code"": 268103102, ""is_new"": false, ""item_no"": 4168939, ""period_sort"": ""ONE_DAY"", ""platform"": ""29cm"", ""ranking_category_code"": ""268103100"", ""ranking_category_name"": ""여성의류>상의"", ""review_avg"": 5.0, ""sale_percent"": 21, ""sale_price"": 77280, ""sold_out"": false, ""url"": ""https://product.29cm.co.kr/catalog/4168939""}",2026-10-06T13:06:52+00:00_c2f52f8d
2026-10-06T22:06:52+09:00,2026-10-06T13:06:52+00:00,commerce_rank,Soft Drape T-shirt_Long Sleeve_2Color,29cm:4168939,review_count,4.0,"{""brand_eng"": ""flowoom"", ""brand_kor"": ""플로움"", ""brand_no"": 6377, ""category1"": ""여성의류"", ""category2"": ""상의"", ""category3"": ""긴소매 티셔츠"", ""category3_code"": 268103102, ""is_new"": false, ""item_no"": 4168939, ""period_sort"": ""ONE_DAY"", ""platform"": ""29cm"", ""ranking_category_code"": ""268103100"", ""ranking_category_name"": ""여성의류>상의"", ""review_avg"": 5.0, ""sale_percent"": 21, ""sale_price"": 77280, ""sold_out"": false, ""url"": ""https://product.29cm.co.kr/catalog/4168939""}",2026-10-06T13:06:52+00:00_c2f52f8d
2026-10-06T22:06:52+09:00,2026-10-06T13:06:52+00:00,commerce_rank,Soft Drape T-shirt_Long Sleeve_2Color,29cm:4168939@268103100,rank,11.0,"{""brand_eng"": ""flowoom"", ""brand_kor"": ""플로움"", ""brand_no"": 6377, ""category1"": ""여성의류"", ""category2"": ""상의"", ""category3"": ""긴소매 티셔츠"", ""category3_code"": 268103102, ""is_new"": false, ""item_no"": 4168939, ""period_sort"": ""ONE_DAY"", ""platform"": ""29cm"", ""ranking_category_code"": ""268103100"", ""ranking_category_name"": ""여성의류>상의"", ""review_avg"": 5.0, ""sale_percent"": 21, ""sale_price"": 77280, ""sold_out"": false, ""url"": ""https://product.29cm.co.kr/catalog/4168939""}",2026-10-06T13:06:52+00:00_c2f52f8d
2026-10-06T22:06:52+09:00,2026-10-06T13:06:52+00:00,commerce_rank,Dusty Round T-Shirts (Melange Grey),29cm:4168985,heart_count,362.0,"{""brand_eng"": ""REPOS"", ""brand_kor"": ""리포스"", ""brand_no"": 12914, ""category1"": ""여성의류"", ""category2"": ""상의"", ""category3"": ""긴소매 티셔츠"", ""category3_code"": 268103102, ""is_new"": false, ""item_no"": 4168985, ""period_sort"": ""ONE_DAY"", ""platform"": ""29cm"", ""ranking_category_code"": ""268103100"", ""ranking_category_name"": ""여성의류>상의"", ""review_avg"": 5.0, ""sale_percent"": 0, ""sale_price"": 89000, ""sold_out"": false, ""url"": ""https://product.29cm.co.kr/catalog/4168985""}",2026-10-06T13:06:52+00:00_c2f52f8d
2026-10-06T22:06:52+09:00,2026-10-06T13:06:52+00:00,commerce_rank,Dusty Round T-Shirts (Melange Grey),29cm:4168985,review_count,4.0,"{""brand_eng"": ""REPOS"", ""brand_kor"": ""리포스"", ""brand_no"": 12914, ""category1"": ""여성의류"", ""category2"": ""상의"", ""category3"": ""긴소매 티셔츠"", ""category3_code"": 268103102, ""is_new"": false, ""item_no"": 4168985, ""period_sort"": ""ONE_DAY"", ""platform"": ""29cm"", ""ranking_category_code"": ""268103100"", ""ranking_category_name"": ""여성의류>상의"", ""review_avg"": 5.0, ""sale_percent"": 0, ""sale_price"": 89000, ""sold_out"": false, ""url"": ""https://product.29cm.co.kr/catalog/4168985""}",2026-10-06T13:06:52+00:00_c2f52f8d
2026-10-06T22:06:52+09:00,2026-10-06T13:06:52+00:00,commerce_rank,Dusty Round T-Shirts (Melange Grey),29cm:4168985@268103100,rank,88.0,"{""brand_eng"": ""REPOS"", ""brand_kor"": ""리포스"", ""brand_no"": 12914, ""category1"": ""여성의류"", ""category2"": ""상의"", ""category3"": ""긴소매 티셔츠"", ""category3_code"": 268103102, ""is_new"": false, ""item_no"": 4168985, ""period_sort"": ""ONE_DAY"", ""platform"": ""29cm"", ""ranking_category_code"": ""268103100"", ""ranking_category_name"": ""여성의류>상의"", ""review_avg"": 5.0, ""sale_percent"": 0, ""sale_price"": 89000, ""sold_out"": false, ""url"": ""https://product.29cm.co.kr/catalog/4168985""}",2026-10-06T13:06:52+00:00_c2f52f8d
2026-10-06T22:06:52+09:00,2026-10-06T13:06:52+00:00,commerce_rank,Soft Drape Scarf Blouse_2Color,29cm:4169785,heart_count,431.0,"{""brand_eng"": ""flowoom"", ""brand_kor"": ""플로움"", ""brand_no"": 6377, ""category1"": ""여성의류"", ""category2"": ""상의"", ""category3"": ""블라우스"", ""category3_code"": 268103107, ""is_new"": false, ""item_no"": 4169785, ""period_sort"": ""ONE_DAY"", ""platform"": ""29cm"", ""ranking_category_code"": ""268103100"", ""ranking_category_name"": ""여성의류>상의"", ""review_avg"": 0.0, ""sale_percent"": 21, ""sale_price"": 124590, ""sold_out"": false, ""url"": ""https://product.29cm.co.kr/catalog/4169785""}",2026-10-06T13:06:52+00:00_c2f52f8d
2026-10-06T22:06:52+09:00,2026-10-06T13:06:52+00:00,commerce_rank,Soft Drape Scarf Blouse_2Color,29cm:4169785,review_count,0.0,"{""brand_eng"": ""flowoom"", ""brand_kor"": ""플로움"", ""brand_no"": 6377, ""category1"": ""여성의류"", ""category2"": ""상의"", ""category3"": ""블라우스"", ""category3_code"": 268103107, ""is_new"": false, ""item_no"": 4169785, ""period_sort"": ""ONE_DAY"", ""platform"": ""29cm"", ""ranking_category_code"": ""268103100"", ""ranking_category_name"": ""여성의류>상의"", ""review_avg"": 0.0, ""sale_percent"": 21, ""sale_price"": 124590, ""sold_out"": false, ""url"": ""https://product.29cm.co.kr/catalog/4169785""}",2026-10-06T13:06:52+00:00_c2f52f8d
2026-10-06T22:06:52+09:00,2026-10-06T13:06:52+00:00,commerce_rank,Soft Drape Scarf Blouse_2Color,29cm:4169785@268103100,rank,58.0,"{""brand_eng"": ""flowoom"", ""brand_kor"": ""플로움"", ""brand_no"": 6377, ""category1"": ""여성의류"", ""category2"": ""상의"", ""category3"": ""블라우스"", ""category3_code"": 268103107, ""is_new"": false, ""item_no"": 4169785, ""period_sort"": ""ONE_DAY"", ""platform"": ""29cm"", ""ranking_category_code"": ""268103100"", ""ranking_category_name"": ""여성의류>상의"", ""review_avg"": 0.0, ""sale_percent"": 21, ""sale_price"": 124590, ""sold_out"": false, ""url"": ""https://product.29cm.co.kr/catalog/4169785""}",2026-10-06T13:06:52+00:00_c2f52f8d
2026-10-06T22:06:52+09:00,2026-10-06T13:06:52+00:00,commerce_rank,[2차]Frill Pintuck Blouse _Cream,29cm:4170796,heart_count,1717.0,"{""brand_eng"": ""SLIE"", ""brand_kor"": ""슬리"", ""brand_no"": 112713, ""category1"": ""여성의류"", ""category2"": ""상의"", ""category3"": ""블라우스"", ""category3_code"": 268103107, ""is_new"": false, ""item_no"": 4170796, ""period_sort"": ""ONE_DAY"", ""platform"": ""29cm"", ""ranking_category_code"": ""268103100"", ""ranking_category_name"": ""여성의류>상의"", ""review_avg"": 0.0, ""sale_percent"": 36, ""sale_price"": 57320, ""sold_out"": false, ""url"": ""https://product.29cm.co.kr/catalog/4170796""}",2026-10-06T13:06:52+00:00_c2f52f8d
2026-10-06T22:06:52+09:00,2026-10-06T13:06:52+00:00,commerce_rank,[2차]Frill Pintuck Blouse _Cream,29cm:4170796,review_count,0.0,"{""brand_eng"": ""SLIE"", ""brand_kor"": ""슬리"", ""brand_no"": 112713, ""category1"": ""여성의류"", ""category2"": ""상의"", ""category3"": ""블라우스"", ""category3_code"": 268103107, ""is_new"": false, ""item_no"": 4170796, ""period_sort"": ""ONE_DAY"", ""platform"": ""29cm"", ""ranking_category_code"": ""268103100"", ""ranking_category_name"": ""여성의류>상의"", ""review_avg"": 0.0, ""sale_percent"": 36, ""sale_price"": 57320, ""sold_out"": false, ""url"": ""https://product.29cm.co.kr/catalog/4170796""}",2026-10-06T13:06:52+00:00_c2f52f8d
2026-10-06T22:06:52+09:00,2026-10-06T13:06:52+00:00,commerce_rank,[2차]Frill Pintuck Blouse _Cream,29cm:4170796@268103100,rank,26.0,"{""brand_eng"": ""SLIE"", ""brand_kor"": ""슬리"", ""brand_no"": 112713, ""category1"": ""여성의류"", ""category2"": ""상의"", ""category3"": ""블라우스"", ""category3_code"": 268103107, ""is_new"": false, ""item_no"": 4170796, ""period_sort"": ""ONE_DAY"", ""platform"": ""29cm"", ""ranking_category_code"": ""268103100"", ""ranking_category_name"": ""여성의류>상의"", ""review_avg"": 0.0, ""sale_percent"": 36, ""sale_price"": 57320, ""sold_out"": false, ""url"": ""https://product.29cm.co.kr/catalog/4170796""}",2026-10-06T13:06:52+00:00_c2f52f8d
2026-10-06T22:06:52+09:00,2026-10-06T13:06:53+00:00,commerce_rank,ALL DAY T SHIRT - 5 COLOR,29cm:4181992,heart_count,15.0,"{""brand_eng"": ""RARETORA"", ""brand_kor"": ""레어토라"", ""brand_no"": 125148, ""category1"": ""남성의류"", ""category2"": ""상의"", ""category3"": ""반소매 티셔츠"", ""category3_code"": 272103101, ""is_new"": false, ""item_no"": 4181992, ""period_sort"": ""ONE_DAY"", ""platform"": ""29cm"", ""ranking_category_code"": ""272103100"", ""ranking_category_name"": ""남성의류>상의"", ""review_avg"": 0.0, ""sale_percent"": 30, ""sale_price"": 27300, ""sold_out"": false, ""url"": ""https://product.29cm.co.kr/catalog/4181992""}",2026-10-06T13:06:52+00:00_c2f52f8d
2026-10-06T22:06:52+09:00,2026-10-06T13:06:53+00:00,commerce_rank,ALL DAY T SHIRT - 5 COLOR,29cm:4181992,review_count,0.0,"{""brand_eng"": ""RARETORA"", ""brand_kor"": ""레어토라"", ""brand_no"": 125148, ""category1"": ""남성의류"", ""category2"": ""상의"", ""category3"": ""반소매 티셔츠"", ""category3_code"": 272103101, ""is_new"": false, ""item_no"": 4181992, ""period_sort"": ""ONE_DAY"", ""platform"": ""29cm"", ""ranking_category_code"": ""272103100"", ""ranking_category_name"": ""남성의류>상의"", ""review_avg"": 0.0, ""sale_percent"": 30, ""sale_price"": 27300, ""sold_out"": false, ""url"": ""https://product.29cm.co.kr/catalog/4181992""}",2026-10-06T13:06:52+00:00_c2f52f8d
2026-10-06T22:06:52+09:00,2026-10-06T13:06:53+00:00,commerce_rank,ALL DAY T SHIRT - 5 COLOR,29cm:4181992@272103100,rank,54.0,"{""brand_eng"": ""RARETORA"", ""brand_kor"": ""레어토라"", ""brand_no"": 125148, ""category1"": ""남성의류"", ""category2"": ""상의"", ""category3"": ""반소매 티셔츠"", ""category3_code"": 272103101, ""is_new"": false, ""item_no"": 4181992, ""period_sort"": ""ONE_DAY"", ""platform"": ""29cm"", ""ranking_category_code"": ""272103100"", ""ranking_category_name"": ""남성의류>상의"", ""review_avg"": 0.0, ""sale_percent"": 30, ""sale_price"": 27300, ""sold_out"": false, ""url"": ""https://product.29cm.co.kr/catalog/4181992""}",2026-10-06T13:06:52+00:00_c2f52f8d
2026-10-06T22:06:52+09:00,2026-10-06T13:06:53+00:00,commerce_rank,WEEKEND T SHIRT - 4COLOR,29cm:4182281,heart_count,14.0,"{""brand_eng"": ""RARETORA"", ""brand_kor"": ""레어토라"", ""brand_no"": 125148, ""category1"": ""남성의류"", ""category2"": ""상의"", ""category3"": ""반소매 티셔츠"", ""category3_code"": 272103101, ""is_new"": false, ""item_no"": 4182281, ""period_sort"": ""ONE_DAY"", ""platform"": ""29cm"", ""ranking_category_code"": ""272103100"", ""ranking_category_name"": ""남성의류>상의"", ""review_avg"": 5.0, ""sale_percent"": 30, ""sale_price"": 27300, ""sold_out"": false, ""url"": ""https://product.29cm.co.kr/catalog/4182281""}",2026-10-06T13:06:52+00:00_c2f52f8d
2026-10-06T22:06:52+09:00,2026-10-06T13:06:53+00:00,commerce_rank,WEEKEND T SHIRT - 4COLOR,29cm:4182281,review_count,2.0,"{""brand_eng"": ""RARETORA"", ""brand_kor"": ""레어토라"", ""brand_no"": 125148, ""category1"": ""남성의류"", ""category2"": ""상의"", ""category3"": ""반소매 티셔츠"", ""category3_code"": 272103101, ""is_new"": false, ""item_no"": 4182281, ""period_sort"": ""ONE_DAY"", ""platform"": ""29cm"", ""ranking_category_code"": ""272103100"", ""ranking_category_name"": ""남성의류>상의"", ""review_avg"": 5.0, ""sale_percent"": 30, ""sale_price"": 27300, ""sold_out"": false, ""url"": ""https://product.29cm.co.kr/catalog/4182281""}",2026-10-06T13:06:52+00:00_c2f52f8d
2026-10-06T22:06:52+09:00,2026-10-06T13:06:53+00:00,commerce_rank,WEEKEND T SHIRT - 4COLOR,29cm:4182281@272103100,rank,38.0,"{""brand_eng"": ""RARETORA"", ""brand_kor"": ""레어토라"", ""brand_no"": 125148, ""category1"": ""남성의류"", ""category2"": ""상의"", ""category3"": ""반소매 티셔츠"", ""category3_code"": 272103101, ""is_new"": false, ""item_no"": 4182281, ""period_sort"": ""ONE_DAY"", ""platform"": ""29cm"", ""ranking_category_code"": ""272103100"", ""ranking_category_name"": ""남성의류>상의"", ""review_avg"": 5.0, ""sale_percent"": 30, ""sale_price"": 27300, ""sold_out"": false, ""url"": ""https://product.29cm.co.kr/catalog/4182281""}",2026-10-06T13:06:52+00:00_c2f52f8d
2026-10-06T22:06:52+09:00,2026-10-06T13:06:53+00:00,commerce_rank,WEEKLY T SHIRT - 5 COLOR,29cm:4182428,heart_count,14.0,"{""brand_eng"": ""RARETORA"", ""brand_kor"": ""레어토라"", ""brand_no"": 125148, ""category1"": ""남성의류"", ""category2"": ""상의"", ""category3"": ""반소매 티셔츠"", ""category3_code"": 272103101, ""is_new"": false, ""item_no"": 4182428, ""period_sort"": ""ONE_DAY"", ""platform"": ""29cm"", ""ranking_category_code"": ""272103100"", ""ranking_category_name"": ""남성의류>상의"", ""review_avg"": 0.0, ""sale_percent"": 30, ""sale_price"": 31500, ""sold_out"": false, ""url"": ""https://product.29cm.co.kr/catalog/4182428""}",2026-10-06T13:06:52+00:00_c2f52f8d
2026-10-06T22:06:52+09:00,2026-10-06T13:06:53+00:00,commerce_rank,WEEKLY T SHIRT - 5 COLOR,29cm:4182428,review_count,0.0,"{""brand_eng"": ""RARETORA"", ""brand_kor"": ""레어토라"", ""brand_no"": 125148, ""category1"": ""남성의류"", ""category2"": ""상의"", ""category3"": ""반소매 티셔츠"", ""category3_code"": 272103101, ""is_new"": false, ""item_no"": 4182428, ""period_sort"": ""ONE_DAY"", ""platform"": ""29cm"", ""ranking_category_code"": ""272103100"", ""ranking_category_name"": ""남성의류>상의"", ""review_avg"": 0.0, ""sale_percent"": 30, ""sale_price"": 31500, ""sold_out"": false, ""url"": ""https://product.29cm.co.kr/catalog/4182428""}",2026-10-06T13:06:52+00:00_c2f52f8d
2026-10-06T22:06:52+09:00,2026-10-06T13:06:53+00:00,commerce_rank,WEEKLY T SHIRT - 5 COLOR,29cm:4182428@272103100,rank,88.0,"{""brand_eng"": ""RARETORA"", ""brand_kor"": ""레어토라"", ""brand_no"": 125148, ""category1"": ""남성의류"", ""category2"": ""상의"", ""category3"": ""반소매 티셔츠"", ""category3_code"": 272103101, ""is_new"": false, ""item_no"": 4182428, ""period_sort"": ""ONE_DAY"", ""platform"": ""29cm"", ""ranking_category_code"": ""272103100"", ""ranking_category_name"": ""남성의류>상의"", ""review_avg"": 0.0, ""sale_percent"": 30, ""sale_price"": 31500, ""sold_out"": false, ""url"": ""https://product.29cm.co.kr/catalog/4182428""}",2026-10-06T13:06:52+00:00_c2f52f8d
2026-10-06T22:06:52+09:00,2026-10-06T13:06:52+00:00,commerce_rank,[5th]Wrinkle Tie Pintuck Blouse Cream,29cm:4184227,heart_count,829.0,"{""brand_eng"": ""TORTE"", ""brand_kor"": ""토르테"", ""brand_no"": 104998, ""category1"": ""여성의류"", ""category2"": ""상의"", ""category3"": ""블라우스"", ""category3_code"": 268103107, ""is_new"": false, ""item_no"": 4184227, ""period_sort"": ""ONE_DAY"", ""platform"": ""29cm"", ""ranking_category_code"": ""268103100"", ""ranking_category_name"": ""여성의류>상의"", ""review_avg"": 5.0, ""sale_percent"": 19, ""sale_price"": 74520, ""sold_out"": false, ""url"": ""https://product.29cm.co.kr/catalog/4184227""}",2026-10-06T13:06:52+00:00_c2f52f8d
2026-10-06T22:06:52+09:00,2026-10-06T13:06:52+00:00,commerce_rank,[5th]Wrinkle Tie Pintuck Blouse Cream,29cm:4184227,review_count,12.0,"{""brand_eng"": ""TORTE"", ""brand_kor"": ""토르테"", ""brand_no"": 104998, ""category1"": ""여성의류"", ""category2"": ""상의"", ""category3"": ""블라우스"", ""category3_code"": 268103107, ""is_new"": false, ""item_no"": 4184227, ""period_sort"": ""ONE_DAY"", ""platform"": ""29cm"", ""ranking_category_code"": ""268103100"", ""ranking_category_name"": ""여성의류>상의"", ""review_avg"": 5.0, ""sale_percent"": 19, ""sale_price"": 74520, ""sold_out"": false, ""url"": ""https://product.29cm.co.kr/catalog/4184227""}",2026-10-06T13:06:52+00:00_c2f52f8d
2026-10-06T22:06:52+09:00,2026-10-06T13:06:52+00:00,commerce_rank,[5th]Wrinkle Tie Pintuck Blouse Cream,29cm:4184227@268103100,rank,44.0,"{""brand_eng"": ""TORTE"", ""brand_kor"": ""토르테"", ""brand_no"": 104998, ""category1"": ""여성의류"", ""category2"": ""상의"", ""category3"": ""블라우스"", ""category3_code"": 268103107, ""is_new"": false, ""item_no"": 4184227, ""period_sort"": ""ONE_DAY"", ""platform"": ""29cm"", ""ranking_category_code"": ""268103100"", ""ranking_category_name"": ""여성의류>상의"", ""review_avg"": 5.0, ""sale_percent"": 19, ""sale_price"": 74520, ""sold_out"": false, ""url"": ""https://product.29cm.co.kr/catalog/4184227""}",2026-10-06T13:06:52+00:00_c2f52f8d
2026-10-06T22:06:52+09:00,2026-10-06T13:06:52+00:00,commerce_rank,[2차 리오더] Muse Lace V-neck Long Sleeve - Misty Grey,29cm:4188339,heart_count,622.0,"{""brand_eng"": ""RHEME"", ""brand_kor"": ""리임"", ""brand_no"": 80266, ""category1"": ""여성의류"", ""category2"": ""상의"", ""category3"": ""긴소매 티셔츠"", ""category3_code"": 268103102, ""is_new"": false, ""item_no"": 4188339, ""period_sort"": ""ONE_DAY"", ""platform"": ""29cm"", ""ranking_category_code"": ""268103100"", ""ranking_category_name"": ""여성의류>상의"", ""review_avg"": 0.0, ""sale_percent"": 19, ""sale_price"": 95400, ""sold_out"": false, ""url"": ""https://product.29cm.co.kr/catalog/4188339""}",2026-10-06T13:06:52+00:00_c2f52f8d
2026-10-06T22:06:52+09:00,2026-10-06T13:06:52+00:00,commerce_rank,[2차 리오더] Muse Lace V-neck Long Sleeve - Misty Grey,29cm:4188339,review_count,0.0,"{""brand_eng"": ""RHEME"", ""brand_kor"": ""리임"", ""brand_no"": 80266, ""category1"": ""여성의류"", ""category2"": ""상의"", ""category3"": ""긴소매 티셔츠"", ""category3_code"": 268103102, ""is_new"": false, ""item_no"": 4188339, ""period_sort"": ""ONE_DAY"", ""platform"": ""29cm"", ""ranking_category_code"": ""268103100"", ""ranking_category_name"": ""여성의류>상의"", ""review_avg"": 0.0, ""sale_percent"": 19, ""sale_price"": 95400, ""sold_out"": false, ""url"": ""https://product.29cm.co.kr/catalog/4188339""}",2026-10-06T13:06:52+00:00_c2f52f8d
2026-10-06T22:06:52+09:00,2026-10-06T13:06:52+00:00,commerce_rank,[2차 리오더] Muse Lace V-neck Long Sleeve - Misty Grey,29cm:4188339@268103100,rank,71.0,"{""brand_eng"": ""RHEME"", ""brand_kor"": ""리임"", ""brand_no"": 80266, ""category1"": ""여성의류"", ""category2"": ""상의"", ""category3"": ""긴소매 티셔츠"", ""category3_code"": 268103102, ""is_new"": false, ""item_no"": 4188339, ""period_sort"": ""ONE_DAY"", ""platform"": ""29cm"", ""ranking_category_code"": ""268103100"", ""ranking_category_name"": ""여성의류>상의"", ""review_avg"": 0.0, ""sale_percent"": 19, ""sale_price"": 95400, ""sold_out"": false, ""url"": ""https://product.29cm.co.kr/catalog/4188339""}",2026-10-06T13:06:52+00:00_c2f52f8d
2026-10-06T22:06:52+09:00,2026-10-06T13:06:52+00:00,commerce_rank,Two-way Button Neck Top Black,29cm:4190360,heart_count,3575.0,"{""brand_eng"": ""MICHIKO LONDON KOSHINO"", ""brand_kor"": ""미치코런던 코시노"", ""brand_no"": 26100, ""category1"": ""여성의류"", ""category2"": ""상의"", ""category3"": ""반소매 티셔츠"", ""category3_code"": 268103101, ""is_new"": false, ""item_no"": 4190360, ""period_sort"": ""ONE_DAY"", ""platform"": ""29cm"", ""ranking_category_code"": ""268103100"", ""ranking_category_name"": ""여성의류>상의"", ""review_avg"": 4.5, ""sale_percent"": 30, ""sale_price"": 40600, ""sold_out"": false, ""url"": ""https://product.29cm.co.kr/catalog/4190360""}",2026-10-06T13:06:52+00:00_c2f52f8d
2026-10-06T22:06:52+09:00,2026-10-06T13:06:52+00:00,commerce_rank,Two-way Button Neck Top Black,29cm:4190360,review_count,3.0,"{""brand_eng"": ""MICHIKO LONDON KOSHINO"", ""brand_kor"": ""미치코런던 코시노"", ""brand_no"": 26100, ""category1"": ""여성의류"", ""category2"": ""상의"", ""category3"": ""반소매 티셔츠"", ""category3_code"": 268103101, ""is_new"": false, ""item_no"": 4190360, ""period_sort"": ""ONE_DAY"", ""platform"": ""29cm"", ""ranking_category_code"": ""268103100"", ""ranking_category_name"": ""여성의류>상의"", ""review_avg"": 4.5, ""sale_percent"": 30, ""sale_price"": 40600, ""sold_out"": false, ""url"": ""https://product.29cm.co.kr/catalog/4190360""}",2026-10-06T13:06:52+00:00_c2f52f8d
2026-10-06T22:06:52+09:00,2026-10-06T13:06:52+00:00,commerce_rank,Two-way Button Neck Top Black,29cm:4190360@268103100,rank,38.0,"{""brand_eng"": ""MICHIKO LONDON KOSHINO"", ""brand_kor"": ""미치코런던 코시노"", ""brand_no"": 26100, ""category1"": ""여성의류"", ""category2"": ""상의"", ""category3"": ""반소매 티셔츠"", ""category3_code"": 268103101, ""is_new"": false, ""item_no"": 4190360, ""period_sort"": ""ONE_DAY"", ""platform"": ""29cm"", ""ranking_category_code"": ""268103100"", ""ranking_category_name"": ""여성의류>상의"", ""review_avg"": 4.5, ""sale_percent"": 30, ""sale_price"": 40600, ""sold_out"": false, ""url"": ""https://product.29cm.co.kr/catalog/4190360""}",2026-10-06T13:06:52+00:00_c2f52f8d
2026-10-06T22:06:52+09:00,2026-10-06T13:06:52+00:00,commerce_rank,Two-way Button Neck Top Charcoal,29cm:4190361,heart_count,6793.0,"{""brand_eng"": ""MICHIKO LONDON KOSHINO"", ""brand_kor"": ""미치코런던 코시노"", ""brand_no"": 26100, ""category1"": ""여성의류"", ""category2"": ""상의"", ""category3"": ""반소매 티셔츠"", ""category3_code"": 268103101, ""is_new"": false, ""item_no"": 4190361, ""period_sort"": ""ONE_DAY"", ""platform"": ""29cm"", ""ranking_category_code"": ""268103100"", ""ranking_category_name"": ""여성의류>상의"", ""review_avg"": 4.5, ""sale_percent"": 30, ""sale_price"": 40600, ""sold_out"": false, ""url"": ""https://product.29cm.co.kr/catalog/4190361""}",2026-10-06T13:06:52+00:00_c2f52f8d
2026-10-06T22:06:52+09:00,2026-10-06T13:06:52+00:00,commerce_rank,Two-way Button Neck Top Charcoal,29cm:4190361,review_count,7.0,"{""brand_eng"": ""MICHIKO LONDON KOSHINO"", ""brand_kor"": ""미치코런던 코시노"", ""brand_no"": 26100, ""category1"": ""여성의류"", ""category2"": ""상의"", ""category3"": ""반소매 티셔츠"", ""category3_code"": 268103101, ""is_new"": false, ""item_no"": 4190361, ""period_sort"": ""ONE_DAY"", ""platform"": ""29cm"", ""ranking_category_code"": ""268103100"", ""ranking_category_name"": ""여성의류>상의"", ""review_avg"": 4.5, ""sale_percent"": 30, ""sale_price"": 40600, ""sold_out"": false, ""url"": ""https://product.29cm.co.kr/catalog/4190361""}",2026-10-06T13:06:52+00:00_c2f52f8d
2026-10-06T22:06:52+09:00,2026-10-06T13:06:52+00:00,commerce_rank,Two-way Button Neck Top Charcoal,29cm:4190361@268103100,rank,3.0,"{""brand_eng"": ""MICHIKO LONDON KOSHINO"", ""brand_kor"": ""미치코런던 코시노"", ""brand_no"": 26100, ""category1"": ""여성의류"", ""category2"": ""상의"", ""category3"": ""반소매 티셔츠"", ""category3_code"": 268103101, ""is_new"": false, ""item_no"": 4190361, ""period_sort"": ""ONE_DAY"", ""platform"": ""29cm"", ""ranking_category_code"": ""268103100"", ""ranking_category_name"": ""여성의류>상의"", ""review_avg"": 4.5, ""sale_percent"": 30, ""sale_price"": 40600, ""sold_out"": false, ""url"": ""https://product.29cm.co.kr/catalog/4190361""}",2026-10-06T13:06:52+00:00_c2f52f8d
2026-10-06T22:06:52+09:00,2026-10-06T13:06:52+00:00,commerce_rank,[9th]Wool Halter Neck Sleeveless Top,29cm:4192333,heart_count,2075.0,"{""brand_eng"": ""TORTE"", ""brand_kor"": ""토르테"", ""brand_no"": 104998, ""category1"": ""여성의류"", ""category2"": ""상의"", ""category3"": ""슬리브리스"", ""category3_code"": 268103103, ""is_new"": false, ""item_no"": 4192333, ""period_sort"": ""ONE_DAY"", ""platform"": ""29cm"", ""ranking_category_code"": ""268103100"", ""ranking_category_name"": ""여성의류>상의"", ""review_avg"": 5.0, ""sale_percent"": 19, ""sale_price"": 31590, ""sold_out"": false, ""url"": ""https://product.29cm.co.kr/catalog/4192333""}",2026-10-06T13:06:52+00:00_c2f52f8d
2026-10-06T22:06:52+09:00,2026-10-06T13:06:52+00:00,commerce_rank,[9th]Wool Halter Neck Sleeveless Top,29cm:4192333,review_count,21.0,"{""brand_eng"": ""TORTE"", ""brand_kor"": ""토르테"", ""brand_no"": 104998, ""category1"": ""여성의류"", ""category2"": ""상의"", ""category3"": ""슬리브리스"", ""category3_code"": 268103103, ""is_new"": false, ""item_no"": 4192333, ""period_sort"": ""ONE_DAY"", ""platform"": ""29cm"", ""ranking_category_code"": ""268103100"", ""ranking_category_name"": ""여성의류>상의"", ""review_avg"": 5.0, ""sale_percent"": 19, ""sale_price"": 31590, ""sold_out"": false, ""url"": ""https://product.29cm.co.kr/catalog/4192333""}",2026-10-06T13:06:52+00:00_c2f52f8d
2026-10-06T22:06:52+09:00,2026-10-06T13:06:52+00:00,commerce_rank,[9th]Wool Halter Neck Sleeveless Top,29cm:4192333@268103100,rank,12.0,"{""brand_eng"": ""TORTE"", ""brand_kor"": ""토르테"", ""brand_no"": 104998, ""category1"": ""여성의류"", ""category2"": ""상의"", ""category3"": ""슬리브리스"", ""category3_code"": 268103103, ""is_new"": false, ""item_no"": 4192333, ""period_sort"": ""ONE_DAY"", ""platform"": ""29cm"", ""ranking_category_code"": ""268103100"", ""ranking_category_name"": ""여성의류>상의"", ""review_avg"": 5.0, ""sale_percent"": 19, ""sale_price"": 31590, ""sold_out"": false, ""url"": ""https://product.29cm.co.kr/catalog/4192333""}",2026-10-06T13:06:52+00:00_c2f52f8d
2026-10-06T22:06:52+09:00,2026-10-06T13:06:52+00:00,commerce_rank,VELVET PLEATED TEE (4COLOR),29cm:4205627,heart_count,277.0,"{""brand_eng"": ""UNDERSTANDING EDITION"", ""brand_kor"": ""언더스탠딩 에디션"", ""brand_no"": 58415, ""category1"": ""여성의류"", ""category2"": ""상의"", ""category3"": ""반소매 티셔츠"", ""category3_code"": 268103101, ""is_new"": false, ""item_no"": 4205627, ""period_sort"": ""ONE_DAY"", ""platform"": ""29cm"", ""ranking_category_code"": ""268103100"", ""ranking_category_name"": ""여성의류>상의"", ""review_avg"": 4.5, ""sale_percent"": 30, ""sale_price"": 40600, ""sold_out"": false, ""url"": ""https://product.29cm.co.kr/catalog/4205627""}",2026-10-06T13:06:52+00:00_c2f52f8d
2026-10-06T22:06:52+09:00,2026-10-06T13:06:52+00:00,commerce_rank,VELVET PLEATED TEE (4COLOR),29cm:4205627,review_count,3.0,"{""brand_eng"": ""UNDERSTANDING EDITION"", ""brand_kor"": ""언더스탠딩 에디션"", ""brand_no"": 58415, ""category1"": ""여성의류"", ""category2"": ""상의"", ""category3"": ""반소매 티셔츠"", ""category3_code"": 268103101, ""is_new"": false, ""item_no"": 4205627, ""period_sort"": ""ONE_DAY"", ""platform"": ""29cm"", ""ranking_category_code"": ""268103100"", ""ranking_category_name"": ""여성의류>상의"", ""review_avg"": 4.5, ""sale_percent"": 30, ""sale_price"": 40600, ""sold_out"": false, ""url"": ""https://product.29cm.co.kr/catalog/4205627""}",2026-10-06T13:06:52+00:00_c2f52f8d
2026-10-06T22:06:52+09:00,2026-10-06T13:06:52+00:00,commerce_rank,VELVET PLEATED TEE (4COLOR),29cm:4205627@268103100,rank,80.0,"{""brand_eng"": ""UNDERSTANDING EDITION"", ""brand_kor"": ""언더스탠딩 에디션"", ""brand_no"": 58415, ""category1"": ""여성의류"", ""category2"": ""상의"", ""category3"": ""반소매 티셔츠"", ""category3_code"": 268103101, ""is_new"": false, ""item_no"": 4205627, ""period_sort"": ""ONE_DAY"", ""platform"": ""29cm"", ""ranking_category_code"": ""268103100"", ""ranking_category_name"": ""여성의류>상의"", ""review_avg"": 4.5, ""sale_percent"": 30, ""sale_price"": 40600, ""sold_out"": false, ""url"": ""https://product.29cm.co.kr/catalog/4205627""}",2026-10-06T13:06:52+00:00_c2f52f8d
2026-10-06T22:06:52+09:00,2026-10-06T13:06:52+00:00,commerce_rank,Milo Stripe Tee_Oatmeal,29cm:4205823,heart_count,1073.0,"{""brand_eng"": ""108POUND"", ""brand_kor"": ""108파운드"", ""brand_no"": 86198, ""category1"": ""여성의류"", ""category2"": ""상의"", ""category3"": ""긴소매 티셔츠"", ""category3_code"": 268103102, ""is_new"": false, ""item_no"": 4205823, ""period_sort"": ""ONE_DAY"", ""platform"": ""29cm"", ""ranking_category_code"": ""268103100"", ""ranking_category_name"": ""여성의류>상의"", ""review_avg"": 5.0, ""sale_percent"": 34, ""sale_price"": 47880, ""sold_out"": false, ""url"": ""https://product.29cm.co.kr/catalog/4205823""}",2026-10-06T13:06:52+00:00_c2f52f8d
2026-10-06T22:06:52+09:00,2026-10-06T13:06:52+00:00,commerce_rank,Milo Stripe Tee_Oatmeal,29cm:4205823,review_count,4.0,"{""brand_eng"": ""108POUND"", ""brand_kor"": ""108파운드"", ""brand_no"": 86198, ""category1"": ""여성의류"", ""category2"": ""상의"", ""category3"": ""긴소매 티셔츠"", ""category3_code"": 268103102, ""is_new"": false, ""item_no"": 4205823, ""period_sort"": ""ONE_DAY"", ""platform"": ""29cm"", ""ranking_category_code"": ""268103100"", ""ranking_category_name"": ""여성의류>상의"", ""review_avg"": 5.0, ""sale_percent"": 34, ""sale_price"": 47880, ""sold_out"": false, ""url"": ""https://product.29cm.co.kr/catalog/4205823""}",2026-10-06T13:06:52+00:00_c2f52f8d
2026-10-06T22:06:52+09:00,2026-10-06T13:06:52+00:00,commerce_rank,Milo Stripe Tee_Oatmeal,29cm:4205823@268103100,rank,30.0,"{""brand_eng"": ""108POUND"", ""brand_kor"": ""108파운드"", ""brand_no"": 86198, ""category1"": ""여성의류"", ""category2"": ""상의"", ""category3"": ""긴소매 티셔츠"", ""category3_code"": 268103102, ""is_new"": false, ""item_no"": 4205823, ""period_sort"": ""ONE_DAY"", ""platform"": ""29cm"", ""ranking_category_code"": ""268103100"", ""ranking_category_name"": ""여성의류>상의"", ""review_avg"": 5.0, ""sale_percent"": 34, ""sale_price"": 47880, ""sold_out"": false, ""url"": ""https://product.29cm.co.kr/catalog/4205823""}",2026-10-06T13:06:52+00:00_c2f52f8d
2026-10-06T22:06:52+09:00,2026-10-06T13:06:52+00:00,commerce_rank,Henley 3/4 Sleeve Tee_Stripe Blue,29cm:4205826,heart_count,1349.0,"{""brand_eng"": ""108POUND"", ""brand_kor"": ""108파운드"", ""brand_no"": 86198, ""category1"": ""여성의류"", ""category2"": ""상의"", ""category3"": ""반소매 티셔츠"", ""category3_code"": 268103101, ""is_new"": false, ""item_no"": 4205826, ""period_sort"": ""ONE_DAY"", ""platform"": ""29cm"", ""ranking_category_code"": ""268103100"", ""ranking_category_name"": ""여성의류>상의"", ""review_avg"": 5.0, ""sale_percent"": 34, ""sale_price"": 42560, ""sold_out"": false, ""url"": ""https://product.29cm.co.kr/catalog/4205826""}",2026-10-06T13:06:52+00:00_c2f52f8d
2026-10-06T22:06:52+09:00,2026-10-06T13:06:52+00:00,commerce_rank,Henley 3/4 Sleeve Tee_Stripe Blue,29cm:4205826,review_count,4.0,"{""brand_eng"": ""108POUND"", ""brand_kor"": ""108파운드"", ""brand_no"": 86198, ""category1"": ""여성의류"", ""category2"": ""상의"", ""category3"": ""반소매 티셔츠"", ""category3_code"": 268103101, ""is_new"": false, ""item_no"": 4205826, ""period_sort"": ""ONE_DAY"", ""platform"": ""29cm"", ""ranking_category_code"": ""268103100"", ""ranking_category_name"": ""여성의류>상의"", ""review_avg"": 5.0, ""sale_percent"": 34, ""sale_price"": 42560, ""sold_out"": false, ""url"": ""https://product.29cm.co.kr/catalog/4205826""}",2026-10-06T13:06:52+00:00_c2f52f8d
2026-10-06T22:06:52+09:00,2026-10-06T13:06:52+00:00,commerce_rank,Henley 3/4 Sleeve Tee_Stripe Blue,29cm:4205826@268103100,rank,48.0,"{""brand_eng"": ""108POUND"", ""brand_kor"": ""108파운드"", ""brand_no"": 86198, ""category1"": ""여성의류"", ""category2"": ""상의"", ""category3"": ""반소매 티셔츠"", ""category3_code"": 268103101, ""is_new"": false, ""item_no"": 4205826, ""period_sort"": ""ONE_DAY"", ""platform"": ""29cm"", ""ranking_category_code"": ""268103100"", ""ranking_category_name"": ""여성의류>상의"", ""review_avg"": 5.0, ""sale_percent"": 34, ""sale_price"": 42560, ""sold_out"": false, ""url"": ""https://product.29cm.co.kr/catalog/4205826""}",2026-10-06T13:06:52+00:00_c2f52f8d
2026-10-06T22:06:52+09:00,2026-10-06T13:06:52+00:00,commerce_rank,Henley 3/4 Sleeve Tee_Stripe Gray,29cm:4205827,heart_count,1758.0,"{""brand_eng"": ""108POUND"", ""brand_kor"": ""108파운드"", ""brand_no"": 86198, ""category1"": ""여성의류"", ""category2"": ""상의"", ""category3"": ""반소매 티셔츠"", ""category3_code"": 268103101, ""is_new"": false, ""item_no"": 4205827, ""period_sort"": ""ONE_DAY"", ""platform"": ""29cm"", ""ranking_category_code"": ""268103100"", ""ranking_category_name"": ""여성의류>상의"", ""review_avg"": 5.0, ""sale_percent"": 34, ""sale_price"": 42560, ""sold_out"": false, ""url"": ""https://product.29cm.co.kr/catalog/4205827""}",2026-10-06T13:06:52+00:00_c2f52f8d
2026-10-06T22:06:52+09:00,2026-10-06T13:06:52+00:00,commerce_rank,Henley 3/4 Sleeve Tee_Stripe Gray,29cm:4205827,review_count,2.0,"{""brand_eng"": ""108POUND"", ""brand_kor"": ""108파운드"", ""brand_no"": 86198, ""category1"": ""여성의류"", ""category2"": ""상의"", ""category3"": ""반소매 티셔츠"", ""category3_code"": 268103101, ""is_new"": false, ""item_no"": 4205827, ""period_sort"": ""ONE_DAY"", ""platform"": ""29cm"", ""ranking_category_code"": ""268103100"", ""ranking_category_name"": ""여성의류>상의"", ""review_avg"": 5.0, ""sale_percent"": 34, ""sale_price"": 42560, ""sold_out"": false, ""url"": ""https://product.29cm.co.kr/catalog/4205827""}",2026-10-06T13:06:52+00:00_c2f52f8d
2026-10-06T22:06:52+09:00,2026-10-06T13:06:52+00:00,commerce_rank,Henley 3/4 Sleeve Tee_Stripe Gray,29cm:4205827@268103100,rank,21.0,"{""brand_eng"": ""108POUND"", ""brand_kor"": ""108파운드"", ""brand_no"": 86198, ""category1"": ""여성의류"", ""category2"": ""상의"", ""category3"": ""반소매 티셔츠"", ""category3_code"": 268103101, ""is_new"": false, ""item_no"": 4205827, ""period_sort"": ""ONE_DAY"", ""platform"": ""29cm"", ""ranking_category_code"": ""268103100"", ""ranking_category_name"": ""여성의류>상의"", ""review_avg"": 5.0, ""sale_percent"": 34, ""sale_price"": 42560, ""sold_out"": false, ""url"": ""https://product.29cm.co.kr/catalog/4205827""}",2026-10-06T13:06:52+00:00_c2f52f8d
2026-10-06T22:06:52+09:00,2026-10-06T13:06:53+00:00,commerce_rank,Double Stripe 1 Pocket Shirt Cocoa,29cm:4206180,heart_count,5.0,"{""brand_eng"": ""ESPIONAGE"", ""brand_kor"": ""에스피오나지"", ""brand_no"": 78460, ""category1"": ""남성의류"", ""category2"": ""상의"", ""category3"": ""긴소매 셔츠"", ""category3_code"": 272103106, ""is_new"": false, ""item_no"": 4206180, ""period_sort"": ""ONE_DAY"", ""platform"": ""29cm"", ""ranking_category_code"": ""272103100"", ""ranking_category_name"": ""남성의류>상의"", ""review_avg"": 0.0, ""sale_percent"": 19, ""sale_price"": 108540, ""sold_out"": false, ""url"": ""https://product.29cm.co.kr/catalog/4206180""}",2026-10-06T13:06:52+00:00_c2f52f8d
2026-10-06T22:06:52+09:00,2026-10-06T13:06:53+00:00,commerce_rank,Double Stripe 1 Pocket Shirt Cocoa,29cm:4206180,review_count,0.0,"{""brand_eng"": ""ESPIONAGE"", ""brand_kor"": ""에스피오나지"", ""brand_no"": 78460, ""category1"": ""남성의류"", ""category2"": ""상의"", ""category3"": ""긴소매 셔츠"", ""category3_code"": 272103106, ""is_new"": false, ""item_no"": 4206180, ""period_sort"": ""ONE_DAY"", ""platform"": ""29cm"", ""ranking_category_code"": ""272103100"", ""ranking_category_name"": ""남성의류>상의"", ""review_avg"": 0.0, ""sale_percent"": 19, ""sale_price"": 108540, ""sold_out"": false, ""url"": ""https://product.29cm.co.kr/catalog/4206180""}",2026-10-06T13:06:52+00:00_c2f52f8d
2026-10-06T22:06:52+09:00,2026-10-06T13:06:53+00:00,commerce_rank,Double Stripe 1 Pocket Shirt Cocoa,29cm:4206180@272103100,rank,83.0,"{""brand_eng"": ""ESPIONAGE"", ""brand_kor"": ""에스피오나지"", ""brand_no"": 78460, ""category1"": ""남성의류"", ""category2"": ""상의"", ""category3"": ""긴소매 셔츠"", ""category3_code"": 272103106, ""is_new"": false, ""item_no"": 4206180, ""period_sort"": ""ONE_DAY"", ""platform"": ""29cm"", ""ranking_category_code"": ""272103100"", ""ranking_category_name"": ""남성의류>상의"", ""review_avg"": 0.0, ""sale_percent"": 19, ""sale_price"": 108540, ""sold_out"": false, ""url"": ""https://product.29cm.co.kr/catalog/4206180""}",2026-10-06T13:06:52+00:00_c2f52f8d
2026-10-06T22:06:52+09:00,2026-10-06T13:06:52+00:00,commerce_rank,Rose Jacquard Crinkled Wrap Shirt SW6AB857-12,29cm:4212990,heart_count,622.0,"{""brand_eng"": ""LOEUVRE"", ""brand_kor"": ""루에브르"", ""brand_no"": 5433, ""category1"": ""여성의류"", ""category2"": ""상의"", ""category3"": ""셔츠"", ""category3_code"": 268103106, ""is_new"": false, ""item_no"": 4212990, ""period_sort"": ""ONE_DAY"", ""platform"": ""29cm"", ""ranking_category_code"": ""268103100"", ""ranking_category_name"": ""여성의류>상의"", ""review_avg"": 0.0, ""sale_percent"": 15, ""sale_price"": 126650, ""sold_out"": false, ""url"": ""https://product.29cm.co.kr/catalog/4212990""}",2026-10-06T13:06:52+00:00_c2f52f8d
2026-10-06T22:06:52+09:00,2026-10-06T13:06:52+00:00,commerce_rank,Rose Jacquard Crinkled Wrap Shirt SW6AB857-12,29cm:4212990,review_count,0.0,"{""brand_eng"": ""LOEUVRE"", ""brand_kor"": ""루에브르"", ""brand_no"": 5433, ""category1"": ""여성의류"", ""category2"": ""상의"", ""category3"": ""셔츠"", ""category3_code"": 268103106, ""is_new"": false, ""item_no"": 4212990, ""period_sort"": ""ONE_DAY"", ""platform"": ""29cm"", ""ranking_category_code"": ""268103100"", ""ranking_category_name"": ""여성의류>상의"", ""review_avg"": 0.0, ""sale_percent"": 15, ""sale_price"": 126650, ""sold_out"": false, ""url"": ""https://product.29cm.co.kr/catalog/4212990""}",2026-10-06T13:06:52+00:00_c2f52f8d
2026-10-06T22:06:52+09:00,2026-10-06T13:06:52+00:00,commerce_rank,Rose Jacquard Crinkled Wrap Shirt SW6AB857-12,29cm:4212990@268103100,rank,90.0,"{""brand_eng"": ""LOEUVRE"", ""brand_kor"": ""루에브르"", ""brand_no"": 5433, ""category1"": ""여성의류"", ""category2"": ""상의"", ""category3"": ""셔츠"", ""category3_code"": 268103106, ""is_new"": false, ""item_no"": 4212990, ""period_sort"": ""ONE_DAY"", ""platform"": ""29cm"", ""ranking_category_code"": ""268103100"", ""ranking_category_name"": ""여성의류>상의"", ""review_avg"": 0.0, ""sale_percent"": 15, ""sale_price"": 126650, ""sold_out"": false, ""url"": ""https://product.29cm.co.kr/catalog/4212990""}",2026-10-06T13:06:52+00:00_c2f52f8d
2026-10-06T22:06:52+09:00,2026-10-06T13:06:53+00:00,commerce_rank,CUT OUT DB-V SWEAT SHIRTS (BLUE),29cm:4216006,heart_count,2.0,"{""brand_eng"": ""BIRDNOTE"", ""brand_kor"": ""버드노트"", ""brand_no"": 98490, ""category1"": ""남성의류"", ""category2"": ""상의"", ""category3"": ""스웨트셔츠"", ""category3_code"": 272103107, ""is_new"": true, ""item_no"": 4216006, ""period_sort"": ""ONE_DAY"", ""platform"": ""29cm"", ""ranking_category_code"": ""272103100"", ""ranking_category_name"": ""남성의류>상의"", ""review_avg"": 0.0, ""sale_percent"": 0, ""sale_price"": 138000, ""sold_out"": false, ""url"": ""https://product.29cm.co.kr/catalog/4216006""}",2026-10-06T13:06:52+00:00_c2f52f8d
2026-10-06T22:06:52+09:00,2026-10-06T13:06:53+00:00,commerce_rank,CUT OUT DB-V SWEAT SHIRTS (BLUE),29cm:4216006,review_count,0.0,"{""brand_eng"": ""BIRDNOTE"", ""brand_kor"": ""버드노트"", ""brand_no"": 98490, ""category1"": ""남성의류"", ""category2"": ""상의"", ""category3"": ""스웨트셔츠"", ""category3_code"": 272103107, ""is_new"": true, ""item_no"": 4216006, ""period_sort"": ""ONE_DAY"", ""platform"": ""29cm"", ""ranking_category_code"": ""272103100"", ""ranking_category_name"": ""남성의류>상의"", ""review_avg"": 0.0, ""sale_percent"": 0, ""sale_price"": 138000, ""sold_out"": false, ""url"": ""https://product.29cm.co.kr/catalog/4216006""}",2026-10-06T13:06:52+00:00_c2f52f8d
2026-10-06T22:06:52+09:00,2026-10-06T13:06:53+00:00,commerce_rank,CUT OUT DB-V SWEAT SHIRTS (BLUE),29cm:4216006@272103100,rank,8.0,"{""brand_eng"": ""BIRDNOTE"", ""brand_kor"": ""버드노트"", ""brand_no"": 98490, ""category1"": ""남성의류"", ""category2"": ""상의"", ""category3"": ""스웨트셔츠"", ""category3_code"": 272103107, ""is_new"": true, ""item_no"": 4216006, ""period_sort"": ""ONE_DAY"", ""platform"": ""29cm"", ""ranking_category_code"": ""272103100"", ""ranking_category_name"": ""남성의류>상의"", ""review_avg"": 0.0, ""sale_percent"": 0, ""sale_price"": 138000, ""sold_out"": false, ""url"": ""https://product.29cm.co.kr/catalog/4216006""}",2026-10-06T13:06:52+00:00_c2f52f8d
2026-10-06T22:06:52+09:00,2026-10-06T13:06:53+00:00,commerce_rank,STRIPE POCKET L.S T-SHIRTS / D.NAVY & CHARCOAL,29cm:4218423,heart_count,29.0,"{""brand_eng"": ""EASTLOGUE PERMANENT"", ""brand_kor"": ""이스트로그 퍼머넌트"", ""brand_no"": 9323, ""category1"": ""여성의류"", ""category2"": ""상의"", ""category3"": ""긴소매 티셔츠"", ""category3_code"": 268103102, ""is_new"": false, ""item_no"": 4218423, ""period_sort"": ""ONE_DAY"", ""platform"": ""29cm"", ""ranking_category_code"": ""272103100"", ""ranking_category_name"": ""남성의류>상의"", ""review_avg"": 0.0, ""sale_percent"": 15, ""sale_price"": 66300, ""sold_out"": false, ""url"": ""https://product.29cm.co.kr/catalog/4218423""}",2026-10-06T13:06:52+00:00_c2f52f8d
2026-10-06T22:06:52+09:00,2026-10-06T13:06:53+00:00,commerce_rank,STRIPE POCKET L.S T-SHIRTS / D.NAVY & CHARCOAL,29cm:4218423,review_count,0.0,"{""brand_eng"": ""EASTLOGUE PERMANENT"", ""brand_kor"": ""이스트로그 퍼머넌트"", ""brand_no"": 9323, ""category1"": ""여성의류"", ""category2"": ""상의"", ""category3"": ""긴소매 티셔츠"", ""category3_code"": 268103102, ""is_new"": false, ""item_no"": 4218423, ""period_sort"": ""ONE_DAY"", ""platform"": ""29cm"", ""ranking_category_code"": ""272103100"", ""ranking_category_name"": ""남성의류>상의"", ""review_avg"": 0.0, ""sale_percent"": 15, ""sale_price"": 66300, ""sold_out"": false, ""url"": ""https://product.29cm.co.kr/catalog/4218423""}",2026-10-06T13:06:52+00:00_c2f52f8d
2026-10-06T22:06:52+09:00,2026-10-06T13:06:53+00:00,commerce_rank,STRIPE POCKET L.S T-SHIRTS / D.NAVY & CHARCOAL,29cm:4218423@272103100,rank,58.0,"{""brand_eng"": ""EASTLOGUE PERMANENT"", ""brand_kor"": ""이스트로그 퍼머넌트"", ""brand_no"": 9323, ""category1"": ""여성의류"", ""category2"": ""상의"", ""category3"": ""긴소매 티셔츠"", ""category3_code"": 268103102, ""is_new"": false, ""item_no"": 4218423, ""period_sort"": ""ONE_DAY"", ""platform"": ""29cm"", ""ranking_category_code"": ""272103100"", ""ranking_category_name"": ""남성의류>상의"", ""review_avg"": 0.0, ""sale_percent"": 15, ""sale_price"": 66300, ""sold_out"": false, ""url"": ""https://product.29cm.co.kr/catalog/4218423""}",2026-10-06T13:06:52+00:00_c2f52f8d
2026-10-06T22:06:52+09:00,2026-10-06T13:06:53+00:00,commerce_rank,Locker Crewneck Black,29cm:4224941,heart_count,26.0,"{""brand_eng"": ""Khakis"", ""brand_kor"": ""카키스"", ""brand_no"": 16064, ""category1"": ""남성의류"", ""category2"": ""상의"", ""category3"": ""스웨트셔츠"", ""category3_code"": 272103107, ""is_new"": false, ""item_no"": 4224941, ""period_sort"": ""ONE_DAY"", ""platform"": ""29cm"", ""ranking_category_code"": ""272103100"", ""ranking_category_name"": ""남성의류>상의"", ""review_avg"": 0.0, ""sale_percent"": 0, ""sale_price"": 179000, ""sold_out"": false, ""url"": ""https://product.29cm.co.kr/catalog/4224941""}",2026-10-06T13:06:52+00:00_c2f52f8d
2026-10-06T22:06:52+09:00,2026-10-06T13:06:53+00:00,commerce_rank,Locker Crewneck Black,29cm:4224941,review_count,0.0,"{""brand_eng"": ""Khakis"", ""brand_kor"": ""카키스"", ""brand_no"": 16064, ""category1"": ""남성의류"", ""category2"": ""상의"", ""category3"": ""스웨트셔츠"", ""category3_code"": 272103107, ""is_new"": false, ""item_no"": 4224941, ""period_sort"": ""ONE_DAY"", ""platform"": ""29cm"", ""ranking_category_code"": ""272103100"", ""ranking_category_name"": ""남성의류>상의"", ""review_avg"": 0.0, ""sale_percent"": 0, ""sale_price"": 179000, ""sold_out"": false, ""url"": ""https://product.29cm.co.kr/catalog/4224941""}",2026-10-06T13:06:52+00:00_c2f52f8d
2026-10-06T22:06:52+09:00,2026-10-06T13:06:53+00:00,commerce_rank,Locker Crewneck Black,29cm:4224941@272103100,rank,64.0,"{""brand_eng"": ""Khakis"", ""brand_kor"": ""카키스"", ""brand_no"": 16064, ""category1"": ""남성의류"", ""category2"": ""상의"", ""category3"": ""스웨트셔츠"", ""category3_code"": 272103107, ""is_new"": false, ""item_no"": 4224941, ""period_sort"": ""ONE_DAY"", ""platform"": ""29cm"", ""ranking_category_code"": ""272103100"", ""ranking_category_name"": ""남성의류>상의"", ""review_avg"": 0.0, ""sale_percent"": 0, ""sale_price"": 179000, ""sold_out"": false, ""url"": ""https://product.29cm.co.kr/catalog/4224941""}",2026-10-06T13:06:52+00:00_c2f52f8d
2026-10-06T22:06:52+09:00,2026-10-06T13:06:52+00:00,commerce_rank,"Essential Oversized Shirt, MUTED PURPLE",29cm:4225031,heart_count,696.0,"{""brand_eng"": ""LONDONDADA"", ""brand_kor"": ""런던다다"", ""brand_no"": 102751, ""category1"": ""여성의류"", ""category2"": ""상의"", ""category3"": ""셔츠"", ""category3_code"": 268103106, ""is_new"": false, ""item_no"": 4225031, ""period_sort"": ""ONE_DAY"", ""platform"": ""29cm"", ""ranking_category_code"": ""268103100"", ""ranking_category_name"": ""여성의류>상의"", ""review_avg"": 0.0, ""sale_percent"": 33, ""sale_price"": 59190, ""sold_out"": false, ""url"": ""https://product.29cm.co.kr/catalog/4225031""}",2026-10-06T13:06:52+00:00_c2f52f8d
2026-10-06T22:06:52+09:00,2026-10-06T13:06:52+00:00,commerce_rank,"Essential Oversized Shirt, MUTED PURPLE",29cm:4225031,review_count,0.0,"{""brand_eng"": ""LONDONDADA"", ""brand_kor"": ""런던다다"", ""brand_no"": 102751, ""category1"": ""여성의류"", ""category2"": ""상의"", ""category3"": ""셔츠"", ""category3_code"": 268103106, ""is_new"": false, ""item_no"": 4225031, ""period_sort"": ""ONE_DAY"", ""platform"": ""29cm"", ""ranking_category_code"": ""268103100"", ""ranking_category_name"": ""여성의류>상의"", ""review_avg"": 0.0, ""sale_percent"": 33, ""sale_price"": 59190, ""sold_out"": false, ""url"": ""https://product.29cm.co.kr/catalog/4225031""}",2026-10-06T13:06:52+00:00_c2f52f8d
2026-10-06T22:06:52+09:00,2026-10-06T13:06:52+00:00,commerce_rank,"Essential Oversized Shirt, MUTED PURPLE",29cm:4225031@268103100,rank,41.0,"{""brand_eng"": ""LONDONDADA"", ""brand_kor"": ""런던다다"", ""brand_no"": 102751, ""category1"": ""여성의류"", ""category2"": ""상의"", ""category3"": ""셔츠"", ""category3_code"": 268103106, ""is_new"": false, ""item_no"": 4225031, ""period_sort"": ""ONE_DAY"", ""platform"": ""29cm"", ""ranking_category_code"": ""268103100"", ""ranking_category_name"": ""여성의류>상의"", ""review_avg"": 0.0, ""sale_percent"": 33, ""sale_price"": 59190, ""sold_out"": false, ""url"": ""https://product.29cm.co.kr/catalog/4225031""}",2026-10-06T13:06:52+00:00_c2f52f8d
2026-10-06T22:06:52+09:00,2026-10-06T13:06:52+00:00,commerce_rank,오디세이 VTG 롱슬리브 (차콜),29cm:4225704,heart_count,3837.0,"{""brand_eng"": ""FINDOUBT"", ""brand_kor"": ""핀다웃"", ""brand_no"": 81719, ""category1"": ""여성의류"", ""category2"": ""상의"", ""category3"": ""긴소매 티셔츠"", ""category3_code"": 268103102, ""is_new"": false, ""item_no"": 4225704, ""period_sort"": ""ONE_DAY"", ""platform"": ""29cm"", ""ranking_category_code"": ""268103100"", ""ranking_category_name"": ""여성의류>상의"", ""review_avg"": 5.0, ""sale_percent"": 0, ""sale_price"": 92000, ""sold_out"": false, ""url"": ""https://product.29cm.co.kr/catalog/4225704""}",2026-10-06T13:06:52+00:00_c2f52f8d
2026-10-06T22:06:52+09:00,2026-10-06T13:06:52+00:00,commerce_rank,오디세이 VTG 롱슬리브 (차콜),29cm:4225704,review_count,1.0,"{""brand_eng"": ""FINDOUBT"", ""brand_kor"": ""핀다웃"", ""brand_no"": 81719, ""category1"": ""여성의류"", ""category2"": ""상의"", ""category3"": ""긴소매 티셔츠"", ""category3_code"": 268103102, ""is_new"": false, ""item_no"": 4225704, ""period_sort"": ""ONE_DAY"", ""platform"": ""29cm"", ""ranking_category_code"": ""268103100"", ""ranking_category_name"": ""여성의류>상의"", ""review_avg"": 5.0, ""sale_percent"": 0, ""sale_price"": 92000, ""sold_out"": false, ""url"": ""https://product.29cm.co.kr/catalog/4225704""}",2026-10-06T13:06:52+00:00_c2f52f8d
2026-10-06T22:06:52+09:00,2026-10-06T13:06:52+00:00,commerce_rank,오디세이 VTG 롱슬리브 (차콜),29cm:4225704@268103100,rank,23.0,"{""brand_eng"": ""FINDOUBT"", ""brand_kor"": ""핀다웃"", ""brand_no"": 81719, ""category1"": ""여성의류"", ""category2"": ""상의"", ""category3"": ""긴소매 티셔츠"", ""category3_code"": 268103102, ""is_new"": false, ""item_no"": 4225704, ""period_sort"": ""ONE_DAY"", ""platform"": ""29cm"", ""ranking_category_code"": ""268103100"", ""ranking_category_name"": ""여성의류>상의"", ""review_avg"": 5.0, ""sale_percent"": 0, ""sale_price"": 92000, ""sold_out"": false, ""url"": ""https://product.29cm.co.kr/catalog/4225704""}",2026-10-06T13:06:52+00:00_c2f52f8d
2026-10-06T22:06:52+09:00,2026-10-06T13:06:53+00:00,commerce_rank,슬럽 컷 오프 롱슬리브_4Color,29cm:4232628,heart_count,59.0,"{""brand_eng"": ""MOODINSIDE"", ""brand_kor"": ""무드인사이드"", ""brand_no"": 98995, ""category1"": ""남성의류"", ""category2"": ""상의"", ""category3"": ""긴소매 티셔츠"", ""category3_code"": 272103102, ""is_new"": false, ""item_no"": 4232628, ""period_sort"": ""ONE_DAY"", ""platform"": ""29cm"", ""ranking_category_code"": ""272103100"", ""ranking_category_name"": ""남성의류>상의"", ""review_avg"": 0.0, ""sale_percent"": 50, ""sale_price"": 29900, ""sold_out"": false, ""url"": ""https://product.29cm.co.kr/catalog/4232628""}",2026-10-06T13:06:52+00:00_c2f52f8d
2026-10-06T22:06:52+09:00,2026-10-06T13:06:53+00:00,commerce_rank,슬럽 컷 오프 롱슬리브_4Color,29cm:4232628,review_count,0.0,"{""brand_eng"": ""MOODINSIDE"", ""brand_kor"": ""무드인사이드"", ""brand_no"": 98995, ""category1"": ""남성의류"", ""category2"": ""상의"", ""category3"": ""긴소매 티셔츠"", ""category3_code"": 272103102, ""is_new"": false, ""item_no"": 4232628, ""period_sort"": ""ONE_DAY"", ""platform"": ""29cm"", ""ranking_category_code"": ""272103100"", ""ranking_category_name"": ""남성의류>상의"", ""review_avg"": 0.0, ""sale_percent"": 50, ""sale_price"": 29900, ""sold_out"": false, ""url"": ""https://product.29cm.co.kr/catalog/4232628""}",2026-10-06T13:06:52+00:00_c2f52f8d
2026-10-06T22:06:52+09:00,2026-10-06T13:06:53+00:00,commerce_rank,슬럽 컷 오프 롱슬리브_4Color,29cm:4232628@272103100,rank,85.0,"{""brand_eng"": ""MOODINSIDE"", ""brand_kor"": ""무드인사이드"", ""brand_no"": 98995, ""category1"": ""남성의류"", ""category2"": ""상의"", ""category3"": ""긴소매 티셔츠"", ""category3_code"": 272103102, ""is_new"": false, ""item_no"": 4232628, ""period_sort"": ""ONE_DAY"", ""platform"": ""29cm"", ""ranking_category_code"": ""272103100"", ""ranking_category_name"": ""남성의류>상의"", ""review_avg"": 0.0, ""sale_percent"": 50, ""sale_price"": 29900, ""sold_out"": false, ""url"": ""https://product.29cm.co.kr/catalog/4232628""}",2026-10-06T13:06:52+00:00_c2f52f8d
2026-10-06T22:06:52+09:00,2026-10-06T13:06:53+00:00,commerce_rank,MANMADE FLEECE SNAP TEE / FOLIAGE GREEN,29cm:4237661,heart_count,17.0,"{""brand_eng"": ""HUMOROUS_ACCOUNT"", ""brand_kor"": ""휴머러스 어카운트"", ""brand_no"": 80883, ""category1"": ""남성의류"", ""category2"": ""상의"", ""category3"": ""후디"", ""category3_code"": 272103108, ""is_new"": false, ""item_no"": 4237661, ""period_sort"": ""ONE_DAY"", ""platform"": ""29cm"", ""ranking_category_code"": ""272103100"", ""ranking_category_name"": ""남성의류>상의"", ""review_avg"": 0.0, ""sale_percent"": 0, ""sale_price"": 215000, ""sold_out"": false, ""url"": ""https://product.29cm.co.kr/catalog/4237661""}",2026-10-06T13:06:52+00:00_c2f52f8d
2026-10-06T22:06:52+09:00,2026-10-06T13:06:53+00:00,commerce_rank,MANMADE FLEECE SNAP TEE / FOLIAGE GREEN,29cm:4237661,review_count,0.0,"{""brand_eng"": ""HUMOROUS_ACCOUNT"", ""brand_kor"": ""휴머러스 어카운트"", ""brand_no"": 80883, ""category1"": ""남성의류"", ""category2"": ""상의"", ""category3"": ""후디"", ""category3_code"": 272103108, ""is_new"": false, ""item_no"": 4237661, ""period_sort"": ""ONE_DAY"", ""platform"": ""29cm"", ""ranking_category_code"": ""272103100"", ""ranking_category_name"": ""남성의류>상의"", ""review_avg"": 0.0, ""sale_percent"": 0, ""sale_price"": 215000, ""sold_out"": false, ""url"": ""https://product.29cm.co.kr/catalog/4237661""}",2026-10-06T13:06:52+00:00_c2f52f8d
2026-10-06T22:06:52+09:00,2026-10-06T13:06:53+00:00,commerce_rank,MANMADE FLEECE SNAP TEE / FOLIAGE GREEN,29cm:4237661@272103100,rank,97.0,"{""brand_eng"": ""HUMOROUS_ACCOUNT"", ""brand_kor"": ""휴머러스 어카운트"", ""brand_no"": 80883, ""category1"": ""남성의류"", ""category2"": ""상의"", ""category3"": ""후디"", ""category3_code"": 272103108, ""is_new"": false, ""item_no"": 4237661, ""period_sort"": ""ONE_DAY"", ""platform"": ""29cm"", ""ranking_category_code"": ""272103100"", ""ranking_category_name"": ""남성의류>상의"", ""review_avg"": 0.0, ""sale_percent"": 0, ""sale_price"": 215000, ""sold_out"": false, ""url"": ""https://product.29cm.co.kr/catalog/4237661""}",2026-10-06T13:06:52+00:00_c2f52f8d
2026-10-06T22:06:52+09:00,2026-10-06T13:06:53+00:00,commerce_rank,써멀 탑 크루넥 롱 슬리브 티셔츠 블랙,29cm:4238728,heart_count,17.0,"{""brand_eng"": ""HANES"", ""brand_kor"": ""헤인즈"", ""brand_no"": 111528, ""category1"": ""여성의류"", ""category2"": ""상의"", ""category3"": ""긴소매 티셔츠"", ""category3_code"": 268103102, ""is_new"": false, ""item_no"": 4238728, ""period_sort"": ""ONE_DAY"", ""platform"": ""29cm"", ""ranking_category_code"": ""272103100"", ""ranking_category_name"": ""남성의류>상의"", ""review_avg"": 5.0, ""sale_percent"": 15, ""sale_price"": 39870, ""sold_out"": false, ""url"": ""https://product.29cm.co.kr/catalog/4238728""}",2026-10-06T13:06:52+00:00_c2f52f8d
2026-10-06T22:06:52+09:00,2026-10-06T13:06:53+00:00,commerce_rank,써멀 탑 크루넥 롱 슬리브 티셔츠 블랙,29cm:4238728,review_count,2.0,"{""brand_eng"": ""HANES"", ""brand_kor"": ""헤인즈"", ""brand_no"": 111528, ""category1"": ""여성의류"", ""category2"": ""상의"", ""category3"": ""긴소매 티셔츠"", ""category3_code"": 268103102, ""is_new"": false, ""item_no"": 4238728, ""period_sort"": ""ONE_DAY"", ""platform"": ""29cm"", ""ranking_category_code"": ""272103100"", ""ranking_category_name"": ""남성의류>상의"", ""review_avg"": 5.0, ""sale_percent"": 15, ""sale_price"": 39870, ""sold_out"": false, ""url"": ""https://product.29cm.co.kr/catalog/4238728""}",2026-10-06T13:06:52+00:00_c2f52f8d
2026-10-06T22:06:52+09:00,2026-10-06T13:06:53+00:00,commerce_rank,써멀 탑 크루넥 롱 슬리브 티셔츠 블랙,29cm:4238728@272103100,rank,43.0,"{""brand_eng"": ""HANES"", ""brand_kor"": ""헤인즈"", ""brand_no"": 111528, ""category1"": ""여성의류"", ""category2"": ""상의"", ""category3"": ""긴소매 티셔츠"", ""category3_code"": 268103102, ""is_new"": false, ""item_no"": 4238728, ""period_sort"": ""ONE_DAY"", ""platform"": ""29cm"", ""ranking_category_code"": ""272103100"", ""ranking_category_name"": ""남성의류>상의"", ""review_avg"": 5.0, ""sale_percent"": 15, ""sale_price"": 39870, ""sold_out"": false, ""url"": ""https://product.29cm.co.kr/catalog/4238728""}",2026-10-06T13:06:52+00:00_c2f52f8d
2026-10-06T22:06:52+09:00,2026-10-06T13:06:52+00:00,commerce_rank,[29CM 단독] [꼬민지 착용] [2nd] BUTTON CAMI & TOP 002 (3color),29cm:4264098,heart_count,298.0,"{""brand_eng"": ""Yuje"", ""brand_kor"": ""유제"", ""brand_no"": 9441, ""category1"": ""여성의류"", ""category2"": ""상의"", ""category3"": ""긴소매 티셔츠"", ""category3_code"": 268103102, ""is_new"": true, ""item_no"": 4264098, ""period_sort"": ""ONE_DAY"", ""platform"": ""29cm"", ""ranking_category_code"": ""268103100"", ""ranking_category_name"": ""여성의류>상의"", ""review_avg"": 0.0, ""sale_percent"": 20, ""sale_price"": 66320, ""sold_out"": false, ""url"": ""https://product.29cm.co.kr/catalog/4264098""}",2026-10-06T13:06:52+00:00_c2f52f8d
2026-10-06T22:06:52+09:00,2026-10-06T13:06:52+00:00,commerce_rank,[29CM 단독] [꼬민지 착용] [2nd] BUTTON CAMI & TOP 002 (3color),29cm:4264098,review_count,0.0,"{""brand_eng"": ""Yuje"", ""brand_kor"": ""유제"", ""brand_no"": 9441, ""category1"": ""여성의류"", ""category2"": ""상의"", ""category3"": ""긴소매 티셔츠"", ""category3_code"": 268103102, ""is_new"": true, ""item_no"": 4264098, ""period_sort"": ""ONE_DAY"", ""platform"": ""29cm"", ""ranking_category_code"": ""268103100"", ""ranking_category_name"": ""여성의류>상의"", ""review_avg"": 0.0, ""sale_percent"": 20, ""sale_price"": 66320, ""sold_out"": false, ""url"": ""https://product.29cm.co.kr/catalog/4264098""}",2026-10-06T13:06:52+00:00_c2f52f8d
2026-10-06T22:06:52+09:00,2026-10-06T13:06:52+00:00,commerce_rank,[29CM 단독] [꼬민지 착용] [2nd] BUTTON CAMI & TOP 002 (3color),29cm:4264098@268103100,rank,77.0,"{""brand_eng"": ""Yuje"", ""brand_kor"": ""유제"", ""brand_no"": 9441, ""category1"": ""여성의류"", ""category2"": ""상의"", ""category3"": ""긴소매 티셔츠"", ""category3_code"": 268103102, ""is_new"": true, ""item_no"": 4264098, ""period_sort"": ""ONE_DAY"", ""platform"": ""29cm"", ""ranking_category_code"": ""268103100"", ""ranking_category_name"": ""여성의류>상의"", ""review_avg"": 0.0, ""sale_percent"": 20, ""sale_price"": 66320, ""sold_out"": false, ""url"": ""https://product.29cm.co.kr/catalog/4264098""}",2026-10-06T13:06:52+00:00_c2f52f8d
2026-10-06T22:06:52+09:00,2026-10-06T13:06:53+00:00,commerce_rank,Oversized Sweat Shirt (8color),29cm:642847,heart_count,6938.0,"{""brand_eng"": ""rough side"", ""brand_kor"": ""러프사이드"", ""brand_no"": 3821, ""category1"": ""남성의류"", ""category2"": ""상의"", ""category3"": ""스웨트셔츠"", ""category3_code"": 272103107, ""is_new"": false, ""item_no"": 642847, ""period_sort"": ""ONE_DAY"", ""platform"": ""29cm"", ""ranking_category_code"": ""272103100"", ""ranking_category_name"": ""남성의류>상의"", ""review_avg"": 5.0, ""sale_percent"": 0, ""sale_price"": 98000, ""sold_out"": false, ""url"": ""https://product.29cm.co.kr/catalog/642847""}",2026-10-06T13:06:52+00:00_c2f52f8d
2026-10-06T22:06:52+09:00,2026-10-06T13:06:53+00:00,commerce_rank,Oversized Sweat Shirt (8color),29cm:642847,review_count,839.0,"{""brand_eng"": ""rough side"", ""brand_kor"": ""러프사이드"", ""brand_no"": 3821, ""category1"": ""남성의류"", ""category2"": ""상의"", ""category3"": ""스웨트셔츠"", ""category3_code"": 272103107, ""is_new"": false, ""item_no"": 642847, ""period_sort"": ""ONE_DAY"", ""platform"": ""29cm"", ""ranking_category_code"": ""272103100"", ""ranking_category_name"": ""남성의류>상의"", ""review_avg"": 5.0, ""sale_percent"": 0, ""sale_price"": 98000, ""sold_out"": false, ""url"": ""https://product.29cm.co.kr/catalog/642847""}",2026-10-06T13:06:52+00:00_c2f52f8d
2026-10-06T22:06:52+09:00,2026-10-06T13:06:53+00:00,commerce_rank,Oversized Sweat Shirt (8color),29cm:642847@272103100,rank,10.0,"{""brand_eng"": ""rough side"", ""brand_kor"": ""러프사이드"", ""brand_no"": 3821, ""category1"": ""남성의류"", ""category2"": ""상의"", ""category3"": ""스웨트셔츠"", ""category3_code"": 272103107, ""is_new"": false, ""item_no"": 642847, ""period_sort"": ""ONE_DAY"", ""platform"": ""29cm"", ""ranking_category_code"": ""272103100"", ""ranking_category_name"": ""남성의류>상의"", ""review_avg"": 5.0, ""sale_percent"": 0, ""sale_price"": 98000, ""sold_out"": false, ""url"": ""https://product.29cm.co.kr/catalog/642847""}",2026-10-06T13:06:52+00:00_c2f52f8d
2026-10-06T22:06:52+09:00,2026-10-06T13:06:53+00:00,commerce_rank,[스페셜오더] ONE POCKET T-SHIRT new ver. (12 COLORS),29cm:993892,heart_count,11795.0,"{""brand_eng"": ""EASTLOGUE PERMANENT"", ""brand_kor"": ""이스트로그 퍼머넌트"", ""brand_no"": 9323, ""category1"": ""여성의류"", ""category2"": ""상의"", ""category3"": ""반소매 티셔츠"", ""category3_code"": 268103101, ""is_new"": false, ""item_no"": 993892, ""period_sort"": ""ONE_DAY"", ""platform"": ""29cm"", ""ranking_category_code"": ""272103100"", ""ranking_category_name"": ""남성의류>상의"", ""review_avg"": 5.0, ""sale_percent"": 19, ""sale_price"": 38760, ""sold_out"": false, ""url"": ""https://product.29cm.co.kr/catalog/993892""}",2026-10-06T13:06:52+00:00_c2f52f8d
2026-10-06T22:06:52+09:00,2026-10-06T13:06:53+00:00,commerce_rank,[스페셜오더] ONE POCKET T-SHIRT new ver. (12 COLORS),29cm:993892,review_count,2398.0,"{""brand_eng"": ""EASTLOGUE PERMANENT"", ""brand_kor"": ""이스트로그 퍼머넌트"", ""brand_no"": 9323, ""category1"": ""여성의류"", ""category2"": ""상의"", ""category3"": ""반소매 티셔츠"", ""category3_code"": 268103101, ""is_new"": false, ""item_no"": 993892, ""period_sort"": ""ONE_DAY"", ""platform"": ""29cm"", ""ranking_category_code"": ""272103100"", ""ranking_category_name"": ""남성의류>상의"", ""review_avg"": 5.0, ""sale_percent"": 19, ""sale_price"": 38760, ""sold_out"": false, ""url"": ""https://product.29cm.co.kr/catalog/993892""}",2026-10-06T13:06:52+00:00_c2f52f8d
2026-10-06T22:06:52+09:00,2026-10-06T13:06:53+00:00,commerce_rank,[스페셜오더] ONE POCKET T-SHIRT new ver. (12 COLORS),29cm:993892@272103100,rank,50.0,"{""brand_eng"": ""EASTLOGUE PERMANENT"", ""brand_kor"": ""이스트로그 퍼머넌트"", ""brand_no"": 9323, ""category1"": ""여성의류"", ""category2"": ""상의"", ""category3"": ""반소매 티셔츠"", ""category3_code"": 268103101, ""is_new"": false, ""item_no"": 993892, ""period_sort"": ""ONE_DAY"", ""platform"": ""29cm"", ""ranking_category_code"": ""272103100"", ""ranking_category_name"": ""남성의류>상의"", ""review_avg"": 5.0, ""sale_percent"": 19, ""sale_price"": 38760, ""sold_out"": false, ""url"": ""https://product.29cm.co.kr/catalog/993892""}",2026-10-06T13:06:52+00:00_c2f52f8d
