observed_at,collected_at,channel,keyword_raw,entity,metric_type,metric_value,metadata,run_id
2026-09-06T17:07:00+09:00,2026-09-06T08:07:16+00:00,commerce_rank,LAUNDRY SHIRT (SKY BLUE),29cm:1195345,heart_count,1354.0,"{""brand_eng"": ""UNION BLUE"", ""brand_kor"": ""유니온 블루"", ""brand_no"": 13510, ""category1"": ""남성의류"", ""category2"": ""상의"", ""category3"": ""긴소매 셔츠"", ""category3_code"": 272103106, ""is_new"": false, ""item_no"": 1195345, ""period_sort"": ""ONE_DAY"", ""platform"": ""29cm"", ""ranking_category_code"": ""272103100"", ""ranking_category_name"": ""남성의류>상의"", ""review_avg"": 5.0, ""sale_percent"": 24, ""sale_price"": 47430, ""sold_out"": false, ""url"": ""https://product.29cm.co.kr/catalog/1195345""}",2026-09-06T08:07:14+00:00_6caed517
2026-09-06T17:07:00+09:00,2026-09-06T08:07:16+00:00,commerce_rank,LAUNDRY SHIRT (SKY BLUE),29cm:1195345,review_count,337.0,"{""brand_eng"": ""UNION BLUE"", ""brand_kor"": ""유니온 블루"", ""brand_no"": 13510, ""category1"": ""남성의류"", ""category2"": ""상의"", ""category3"": ""긴소매 셔츠"", ""category3_code"": 272103106, ""is_new"": false, ""item_no"": 1195345, ""period_sort"": ""ONE_DAY"", ""platform"": ""29cm"", ""ranking_category_code"": ""272103100"", ""ranking_category_name"": ""남성의류>상의"", ""review_avg"": 5.0, ""sale_percent"": 24, ""sale_price"": 47430, ""sold_out"": false, ""url"": ""https://product.29cm.co.kr/catalog/1195345""}",2026-09-06T08:07:14+00:00_6caed517
2026-09-06T17:07:00+09:00,2026-09-06T08:07:16+00:00,commerce_rank,LAUNDRY SHIRT (SKY BLUE),29cm:1195345@272103100,rank,24.0,"{""brand_eng"": ""UNION BLUE"", ""brand_kor"": ""유니온 블루"", ""brand_no"": 13510, ""category1"": ""남성의류"", ""category2"": ""상의"", ""category3"": ""긴소매 셔츠"", ""category3_code"": 272103106, ""is_new"": false, ""item_no"": 1195345, ""period_sort"": ""ONE_DAY"", ""platform"": ""29cm"", ""ranking_category_code"": ""272103100"", ""ranking_category_name"": ""남성의류>상의"", ""review_avg"": 5.0, ""sale_percent"": 24, ""sale_price"": 47430, ""sold_out"": false, ""url"": ""https://product.29cm.co.kr/catalog/1195345""}",2026-09-06T08:07:14+00:00_6caed517
2026-09-06T17:07:00+09:00,2026-09-06T08:07:16+00:00,commerce_rank,LAUNDRY SHIRT (LEMON),29cm:1195350,heart_count,1537.0,"{""brand_eng"": ""UNION BLUE"", ""brand_kor"": ""유니온 블루"", ""brand_no"": 13510, ""category1"": ""남성의류"", ""category2"": ""상의"", ""category3"": ""긴소매 셔츠"", ""category3_code"": 272103106, ""is_new"": false, ""item_no"": 1195350, ""period_sort"": ""ONE_DAY"", ""platform"": ""29cm"", ""ranking_category_code"": ""272103100"", ""ranking_category_name"": ""남성의류>상의"", ""review_avg"": 5.0, ""sale_percent"": 24, ""sale_price"": 47430, ""sold_out"": false, ""url"": ""https://product.29cm.co.kr/catalog/1195350""}",2026-09-06T08:07:14+00:00_6caed517
2026-09-06T17:07:00+09:00,2026-09-06T08:07:16+00:00,commerce_rank,LAUNDRY SHIRT (LEMON),29cm:1195350,review_count,499.0,"{""brand_eng"": ""UNION BLUE"", ""brand_kor"": ""유니온 블루"", ""brand_no"": 13510, ""category1"": ""남성의류"", ""category2"": ""상의"", ""category3"": ""긴소매 셔츠"", ""category3_code"": 272103106, ""is_new"": false, ""item_no"": 1195350, ""period_sort"": ""ONE_DAY"", ""platform"": ""29cm"", ""ranking_category_code"": ""272103100"", ""ranking_category_name"": ""남성의류>상의"", ""review_avg"": 5.0, ""sale_percent"": 24, ""sale_price"": 47430, ""sold_out"": false, ""url"": ""https://product.29cm.co.kr/catalog/1195350""}",2026-09-06T08:07:14+00:00_6caed517
2026-09-06T17:07:00+09:00,2026-09-06T08:07:16+00:00,commerce_rank,LAUNDRY SHIRT (LEMON),29cm:1195350@272103100,rank,74.0,"{""brand_eng"": ""UNION BLUE"", ""brand_kor"": ""유니온 블루"", ""brand_no"": 13510, ""category1"": ""남성의류"", ""category2"": ""상의"", ""category3"": ""긴소매 셔츠"", ""category3_code"": 272103106, ""is_new"": false, ""item_no"": 1195350, ""period_sort"": ""ONE_DAY"", ""platform"": ""29cm"", ""ranking_category_code"": ""272103100"", ""ranking_category_name"": ""남성의류>상의"", ""review_avg"": 5.0, ""sale_percent"": 24, ""sale_price"": 47430, ""sold_out"": false, ""url"": ""https://product.29cm.co.kr/catalog/1195350""}",2026-09-06T08:07:14+00:00_6caed517
2026-09-06T17:07:00+09:00,2026-09-06T08:07:16+00:00,commerce_rank,LAUNDRY SHIRT (LAVENDER GRAY),29cm:1419853,heart_count,2443.0,"{""brand_eng"": ""UNION BLUE"", ""brand_kor"": ""유니온 블루"", ""brand_no"": 13510, ""category1"": ""남성의류"", ""category2"": ""상의"", ""category3"": ""긴소매 셔츠"", ""category3_code"": 272103106, ""is_new"": false, ""item_no"": 1419853, ""period_sort"": ""ONE_DAY"", ""platform"": ""29cm"", ""ranking_category_code"": ""272103100"", ""ranking_category_name"": ""남성의류>상의"", ""review_avg"": 5.0, ""sale_percent"": 24, ""sale_price"": 47430, ""sold_out"": false, ""url"": ""https://product.29cm.co.kr/catalog/1419853""}",2026-09-06T08:07:14+00:00_6caed517
2026-09-06T17:07:00+09:00,2026-09-06T08:07:16+00:00,commerce_rank,LAUNDRY SHIRT (LAVENDER GRAY),29cm:1419853,review_count,595.0,"{""brand_eng"": ""UNION BLUE"", ""brand_kor"": ""유니온 블루"", ""brand_no"": 13510, ""category1"": ""남성의류"", ""category2"": ""상의"", ""category3"": ""긴소매 셔츠"", ""category3_code"": 272103106, ""is_new"": false, ""item_no"": 1419853, ""period_sort"": ""ONE_DAY"", ""platform"": ""29cm"", ""ranking_category_code"": ""272103100"", ""ranking_category_name"": ""남성의류>상의"", ""review_avg"": 5.0, ""sale_percent"": 24, ""sale_price"": 47430, ""sold_out"": false, ""url"": ""https://product.29cm.co.kr/catalog/1419853""}",2026-09-06T08:07:14+00:00_6caed517
2026-09-06T17:07:00+09:00,2026-09-06T08:07:16+00:00,commerce_rank,LAUNDRY SHIRT (LAVENDER GRAY),29cm:1419853@272103100,rank,90.0,"{""brand_eng"": ""UNION BLUE"", ""brand_kor"": ""유니온 블루"", ""brand_no"": 13510, ""category1"": ""남성의류"", ""category2"": ""상의"", ""category3"": ""긴소매 셔츠"", ""category3_code"": 272103106, ""is_new"": false, ""item_no"": 1419853, ""period_sort"": ""ONE_DAY"", ""platform"": ""29cm"", ""ranking_category_code"": ""272103100"", ""ranking_category_name"": ""남성의류>상의"", ""review_avg"": 5.0, ""sale_percent"": 24, ""sale_price"": 47430, ""sold_out"": false, ""url"": ""https://product.29cm.co.kr/catalog/1419853""}",2026-09-06T08:07:14+00:00_6caed517
2026-09-06T17:07:00+09:00,2026-09-06T08:07:16+00:00,commerce_rank,[2PACK] 수피마 코튼 티셔츠,29cm:1501688,heart_count,3761.0,"{""brand_eng"": ""COOR"", ""brand_kor"": ""쿠어"", ""brand_no"": 15326, ""category1"": ""남성의류"", ""category2"": ""상의"", ""category3"": ""반소매 티셔츠"", ""category3_code"": 272103101, ""is_new"": false, ""item_no"": 1501688, ""period_sort"": ""ONE_DAY"", ""platform"": ""29cm"", ""ranking_category_code"": ""272103100"", ""ranking_category_name"": ""남성의류>상의"", ""review_avg"": 5.0, ""sale_percent"": 45, ""sale_price"": 44900, ""sold_out"": false, ""url"": ""https://product.29cm.co.kr/catalog/1501688""}",2026-09-06T08:07:14+00:00_6caed517
2026-09-06T17:07:00+09:00,2026-09-06T08:07:16+00:00,commerce_rank,[2PACK] 수피마 코튼 티셔츠,29cm:1501688,review_count,783.0,"{""brand_eng"": ""COOR"", ""brand_kor"": ""쿠어"", ""brand_no"": 15326, ""category1"": ""남성의류"", ""category2"": ""상의"", ""category3"": ""반소매 티셔츠"", ""category3_code"": 272103101, ""is_new"": false, ""item_no"": 1501688, ""period_sort"": ""ONE_DAY"", ""platform"": ""29cm"", ""ranking_category_code"": ""272103100"", ""ranking_category_name"": ""남성의류>상의"", ""review_avg"": 5.0, ""sale_percent"": 45, ""sale_price"": 44900, ""sold_out"": false, ""url"": ""https://product.29cm.co.kr/catalog/1501688""}",2026-09-06T08:07:14+00:00_6caed517
2026-09-06T17:07:00+09:00,2026-09-06T08:07:16+00:00,commerce_rank,[2PACK] 수피마 코튼 티셔츠,29cm:1501688@272103100,rank,55.0,"{""brand_eng"": ""COOR"", ""brand_kor"": ""쿠어"", ""brand_no"": 15326, ""category1"": ""남성의류"", ""category2"": ""상의"", ""category3"": ""반소매 티셔츠"", ""category3_code"": 272103101, ""is_new"": false, ""item_no"": 1501688, ""period_sort"": ""ONE_DAY"", ""platform"": ""29cm"", ""ranking_category_code"": ""272103100"", ""ranking_category_name"": ""남성의류>상의"", ""review_avg"": 5.0, ""sale_percent"": 45, ""sale_price"": 44900, ""sold_out"": false, ""url"": ""https://product.29cm.co.kr/catalog/1501688""}",2026-09-06T08:07:14+00:00_6caed517
2026-09-06T17:07:00+09:00,2026-09-06T08:07:16+00:00,commerce_rank,TG1-SH08 프렌치 스트라이프 셔츠 - [그레이 그린],29cm:1678501,heart_count,10280.0,"{""brand_eng"": ""THOMAS MORE"", ""brand_kor"": ""토마스모어"", ""brand_no"": 2111, ""category1"": ""남성의류"", ""category2"": ""상의"", ""category3"": ""긴소매 셔츠"", ""category3_code"": 272103106, ""is_new"": false, ""item_no"": 1678501, ""period_sort"": ""ONE_DAY"", ""platform"": ""29cm"", ""ranking_category_code"": ""272103100"", ""ranking_category_name"": ""남성의류>상의"", ""review_avg"": 5.0, ""sale_percent"": 15, ""sale_price"": 50750, ""sold_out"": false, ""url"": ""https://product.29cm.co.kr/catalog/1678501""}",2026-09-06T08:07:14+00:00_6caed517
2026-09-06T17:07:00+09:00,2026-09-06T08:07:16+00:00,commerce_rank,TG1-SH08 프렌치 스트라이프 셔츠 - [그레이 그린],29cm:1678501,review_count,1579.0,"{""brand_eng"": ""THOMAS MORE"", ""brand_kor"": ""토마스모어"", ""brand_no"": 2111, ""category1"": ""남성의류"", ""category2"": ""상의"", ""category3"": ""긴소매 셔츠"", ""category3_code"": 272103106, ""is_new"": false, ""item_no"": 1678501, ""period_sort"": ""ONE_DAY"", ""platform"": ""29cm"", ""ranking_category_code"": ""272103100"", ""ranking_category_name"": ""남성의류>상의"", ""review_avg"": 5.0, ""sale_percent"": 15, ""sale_price"": 50750, ""sold_out"": false, ""url"": ""https://product.29cm.co.kr/catalog/1678501""}",2026-09-06T08:07:14+00:00_6caed517
2026-09-06T17:07:00+09:00,2026-09-06T08:07:16+00:00,commerce_rank,TG1-SH08 프렌치 스트라이프 셔츠 - [그레이 그린],29cm:1678501@272103100,rank,38.0,"{""brand_eng"": ""THOMAS MORE"", ""brand_kor"": ""토마스모어"", ""brand_no"": 2111, ""category1"": ""남성의류"", ""category2"": ""상의"", ""category3"": ""긴소매 셔츠"", ""category3_code"": 272103106, ""is_new"": false, ""item_no"": 1678501, ""period_sort"": ""ONE_DAY"", ""platform"": ""29cm"", ""ranking_category_code"": ""272103100"", ""ranking_category_name"": ""남성의류>상의"", ""review_avg"": 5.0, ""sale_percent"": 15, ""sale_price"": 50750, ""sold_out"": false, ""url"": ""https://product.29cm.co.kr/catalog/1678501""}",2026-09-06T08:07:14+00:00_6caed517
2026-09-06T17:07:00+09:00,2026-09-06T08:07:16+00:00,commerce_rank,TF5-SH07 페이퍼셔츠 (12 Color),29cm:1911054,heart_count,66199.0,"{""brand_eng"": ""THOMAS MORE"", ""brand_kor"": ""토마스모어"", ""brand_no"": 2111, ""category1"": ""남성의류"", ""category2"": ""상의"", ""category3"": ""긴소매 셔츠"", ""category3_code"": 272103106, ""is_new"": false, ""item_no"": 1911054, ""period_sort"": ""ONE_DAY"", ""platform"": ""29cm"", ""ranking_category_code"": ""272103100"", ""ranking_category_name"": ""남성의류>상의"", ""review_avg"": 5.0, ""sale_percent"": 32, ""sale_price"": 40600, ""sold_out"": false, ""url"": ""https://product.29cm.co.kr/catalog/1911054""}",2026-09-06T08:07:14+00:00_6caed517
2026-09-06T17:07:00+09:00,2026-09-06T08:07:16+00:00,commerce_rank,TF5-SH07 페이퍼셔츠 (12 Color),29cm:1911054,review_count,21854.0,"{""brand_eng"": ""THOMAS MORE"", ""brand_kor"": ""토마스모어"", ""brand_no"": 2111, ""category1"": ""남성의류"", ""category2"": ""상의"", ""category3"": ""긴소매 셔츠"", ""category3_code"": 272103106, ""is_new"": false, ""item_no"": 1911054, ""period_sort"": ""ONE_DAY"", ""platform"": ""29cm"", ""ranking_category_code"": ""272103100"", ""ranking_category_name"": ""남성의류>상의"", ""review_avg"": 5.0, ""sale_percent"": 32, ""sale_price"": 40600, ""sold_out"": false, ""url"": ""https://product.29cm.co.kr/catalog/1911054""}",2026-09-06T08:07:14+00:00_6caed517
2026-09-06T17:07:00+09:00,2026-09-06T08:07:16+00:00,commerce_rank,TF5-SH07 페이퍼셔츠 (12 Color),29cm:1911054@272103100,rank,34.0,"{""brand_eng"": ""THOMAS MORE"", ""brand_kor"": ""토마스모어"", ""brand_no"": 2111, ""category1"": ""남성의류"", ""category2"": ""상의"", ""category3"": ""긴소매 셔츠"", ""category3_code"": 272103106, ""is_new"": false, ""item_no"": 1911054, ""period_sort"": ""ONE_DAY"", ""platform"": ""29cm"", ""ranking_category_code"": ""272103100"", ""ranking_category_name"": ""남성의류>상의"", ""review_avg"": 5.0, ""sale_percent"": 32, ""sale_price"": 40600, ""sold_out"": false, ""url"": ""https://product.29cm.co.kr/catalog/1911054""}",2026-09-06T08:07:14+00:00_6caed517
2026-09-06T17:07:00+09:00,2026-09-06T08:07:15+00:00,commerce_rank,Raglan Sleeve Cookie T-shirt (Cobalt blue/Red),29cm:1949480,heart_count,19877.0,"{""brand_eng"": ""GREENBUTTER"", ""brand_kor"": ""그린버터"", ""brand_no"": 19819, ""category1"": ""여성의류"", ""category2"": ""상의"", ""category3"": ""긴소매 티셔츠"", ""category3_code"": 268103102, ""is_new"": false, ""item_no"": 1949480, ""period_sort"": ""ONE_DAY"", ""platform"": ""29cm"", ""ranking_category_code"": ""268103100"", ""ranking_category_name"": ""여성의류>상의"", ""review_avg"": 4.5, ""sale_percent"": 28, ""sale_price"": 37440, ""sold_out"": false, ""url"": ""https://product.29cm.co.kr/catalog/1949480""}",2026-09-06T08:07:14+00:00_6caed517
2026-09-06T17:07:00+09:00,2026-09-06T08:07:15+00:00,commerce_rank,Raglan Sleeve Cookie T-shirt (Cobalt blue/Red),29cm:1949480,review_count,1372.0,"{""brand_eng"": ""GREENBUTTER"", ""brand_kor"": ""그린버터"", ""brand_no"": 19819, ""category1"": ""여성의류"", ""category2"": ""상의"", ""category3"": ""긴소매 티셔츠"", ""category3_code"": 268103102, ""is_new"": false, ""item_no"": 1949480, ""period_sort"": ""ONE_DAY"", ""platform"": ""29cm"", ""ranking_category_code"": ""268103100"", ""ranking_category_name"": ""여성의류>상의"", ""review_avg"": 4.5, ""sale_percent"": 28, ""sale_price"": 37440, ""sold_out"": false, ""url"": ""https://product.29cm.co.kr/catalog/1949480""}",2026-09-06T08:07:14+00:00_6caed517
2026-09-06T17:07:00+09:00,2026-09-06T08:07:15+00:00,commerce_rank,Raglan Sleeve Cookie T-shirt (Cobalt blue/Red),29cm:1949480@268103100,rank,88.0,"{""brand_eng"": ""GREENBUTTER"", ""brand_kor"": ""그린버터"", ""brand_no"": 19819, ""category1"": ""여성의류"", ""category2"": ""상의"", ""category3"": ""긴소매 티셔츠"", ""category3_code"": 268103102, ""is_new"": false, ""item_no"": 1949480, ""period_sort"": ""ONE_DAY"", ""platform"": ""29cm"", ""ranking_category_code"": ""268103100"", ""ranking_category_name"": ""여성의류>상의"", ""review_avg"": 4.5, ""sale_percent"": 28, ""sale_price"": 37440, ""sold_out"": false, ""url"": ""https://product.29cm.co.kr/catalog/1949480""}",2026-09-06T08:07:14+00:00_6caed517
2026-09-06T17:07:00+09:00,2026-09-06T08:07:16+00:00,commerce_rank,폴로 롱슬리브 포플린 셔츠 (WHITE),29cm:1949643,heart_count,881.0,"{""brand_eng"": ""POLO RALPH LAUREN"", ""brand_kor"": ""폴로 랄프 로렌"", ""brand_no"": 6890, ""category1"": ""남성의류"", ""category2"": ""상의"", ""category3"": ""긴소매 셔츠"", ""category3_code"": 272103106, ""is_new"": false, ""item_no"": 1949643, ""period_sort"": ""ONE_DAY"", ""platform"": ""29cm"", ""ranking_category_code"": ""272103100"", ""ranking_category_name"": ""남성의류>상의"", ""review_avg"": 5.0, ""sale_percent"": 0, ""sale_price"": 219000, ""sold_out"": false, ""url"": ""https://product.29cm.co.kr/catalog/1949643""}",2026-09-06T08:07:14+00:00_6caed517
2026-09-06T17:07:00+09:00,2026-09-06T08:07:16+00:00,commerce_rank,폴로 롱슬리브 포플린 셔츠 (WHITE),29cm:1949643,review_count,16.0,"{""brand_eng"": ""POLO RALPH LAUREN"", ""brand_kor"": ""폴로 랄프 로렌"", ""brand_no"": 6890, ""category1"": ""남성의류"", ""category2"": ""상의"", ""category3"": ""긴소매 셔츠"", ""category3_code"": 272103106, ""is_new"": false, ""item_no"": 1949643, ""period_sort"": ""ONE_DAY"", ""platform"": ""29cm"", ""ranking_category_code"": ""272103100"", ""ranking_category_name"": ""남성의류>상의"", ""review_avg"": 5.0, ""sale_percent"": 0, ""sale_price"": 219000, ""sold_out"": false, ""url"": ""https://product.29cm.co.kr/catalog/1949643""}",2026-09-06T08:07:14+00:00_6caed517
2026-09-06T17:07:00+09:00,2026-09-06T08:07:16+00:00,commerce_rank,폴로 롱슬리브 포플린 셔츠 (WHITE),29cm:1949643@272103100,rank,44.0,"{""brand_eng"": ""POLO RALPH LAUREN"", ""brand_kor"": ""폴로 랄프 로렌"", ""brand_no"": 6890, ""category1"": ""남성의류"", ""category2"": ""상의"", ""category3"": ""긴소매 셔츠"", ""category3_code"": 272103106, ""is_new"": false, ""item_no"": 1949643, ""period_sort"": ""ONE_DAY"", ""platform"": ""29cm"", ""ranking_category_code"": ""272103100"", ""ranking_category_name"": ""남성의류>상의"", ""review_avg"": 5.0, ""sale_percent"": 0, ""sale_price"": 219000, ""sold_out"": false, ""url"": ""https://product.29cm.co.kr/catalog/1949643""}",2026-09-06T08:07:14+00:00_6caed517
2026-09-06T17:07:00+09:00,2026-09-06T08:07:16+00:00,commerce_rank,ASKIN LOGO LONG SLEEVE (GREY),29cm:1969327,heart_count,612.0,"{""brand_eng"": ""GOYOWEAR"", ""brand_kor"": ""고요웨어"", ""brand_no"": 16187, ""category1"": ""남성의류"", ""category2"": ""상의"", ""category3"": ""긴소매 티셔츠"", ""category3_code"": 272103102, ""is_new"": true, ""item_no"": 1969327, ""period_sort"": ""ONE_DAY"", ""platform"": ""29cm"", ""ranking_category_code"": ""272103100"", ""ranking_category_name"": ""남성의류>상의"", ""review_avg"": 5.0, ""sale_percent"": 15, ""sale_price"": 41650, ""sold_out"": false, ""url"": ""https://product.29cm.co.kr/catalog/1969327""}",2026-09-06T08:07:14+00:00_6caed517
2026-09-06T17:07:00+09:00,2026-09-06T08:07:16+00:00,commerce_rank,ASKIN LOGO LONG SLEEVE (GREY),29cm:1969327,review_count,125.0,"{""brand_eng"": ""GOYOWEAR"", ""brand_kor"": ""고요웨어"", ""brand_no"": 16187, ""category1"": ""남성의류"", ""category2"": ""상의"", ""category3"": ""긴소매 티셔츠"", ""category3_code"": 272103102, ""is_new"": true, ""item_no"": 1969327, ""period_sort"": ""ONE_DAY"", ""platform"": ""29cm"", ""ranking_category_code"": ""272103100"", ""ranking_category_name"": ""남성의류>상의"", ""review_avg"": 5.0, ""sale_percent"": 15, ""sale_price"": 41650, ""sold_out"": false, ""url"": ""https://product.29cm.co.kr/catalog/1969327""}",2026-09-06T08:07:14+00:00_6caed517
2026-09-06T17:07:00+09:00,2026-09-06T08:07:16+00:00,commerce_rank,ASKIN LOGO LONG SLEEVE (GREY),29cm:1969327@272103100,rank,40.0,"{""brand_eng"": ""GOYOWEAR"", ""brand_kor"": ""고요웨어"", ""brand_no"": 16187, ""category1"": ""남성의류"", ""category2"": ""상의"", ""category3"": ""긴소매 티셔츠"", ""category3_code"": 272103102, ""is_new"": true, ""item_no"": 1969327, ""period_sort"": ""ONE_DAY"", ""platform"": ""29cm"", ""ranking_category_code"": ""272103100"", ""ranking_category_name"": ""남성의류>상의"", ""review_avg"": 5.0, ""sale_percent"": 15, ""sale_price"": 41650, ""sold_out"": false, ""url"": ""https://product.29cm.co.kr/catalog/1969327""}",2026-09-06T08:07:14+00:00_6caed517
2026-09-06T17:07:00+09:00,2026-09-06T08:07:16+00:00,commerce_rank,ASKIN LOGO LONG SLEEVE (BLACK),29cm:1969351,heart_count,696.0,"{""brand_eng"": ""GOYOWEAR"", ""brand_kor"": ""고요웨어"", ""brand_no"": 16187, ""category1"": ""남성의류"", ""category2"": ""상의"", ""category3"": ""긴소매 티셔츠"", ""category3_code"": 272103102, ""is_new"": true, ""item_no"": 1969351, ""period_sort"": ""ONE_DAY"", ""platform"": ""29cm"", ""ranking_category_code"": ""272103100"", ""ranking_category_name"": ""남성의류>상의"", ""review_avg"": 5.0, ""sale_percent"": 15, ""sale_price"": 41650, ""sold_out"": false, ""url"": ""https://product.29cm.co.kr/catalog/1969351""}",2026-09-06T08:07:14+00:00_6caed517
2026-09-06T17:07:00+09:00,2026-09-06T08:07:16+00:00,commerce_rank,ASKIN LOGO LONG SLEEVE (BLACK),29cm:1969351,review_count,113.0,"{""brand_eng"": ""GOYOWEAR"", ""brand_kor"": ""고요웨어"", ""brand_no"": 16187, ""category1"": ""남성의류"", ""category2"": ""상의"", ""category3"": ""긴소매 티셔츠"", ""category3_code"": 272103102, ""is_new"": true, ""item_no"": 1969351, ""period_sort"": ""ONE_DAY"", ""platform"": ""29cm"", ""ranking_category_code"": ""272103100"", ""ranking_category_name"": ""남성의류>상의"", ""review_avg"": 5.0, ""sale_percent"": 15, ""sale_price"": 41650, ""sold_out"": false, ""url"": ""https://product.29cm.co.kr/catalog/1969351""}",2026-09-06T08:07:14+00:00_6caed517
2026-09-06T17:07:00+09:00,2026-09-06T08:07:16+00:00,commerce_rank,ASKIN LOGO LONG SLEEVE (BLACK),29cm:1969351@272103100,rank,6.0,"{""brand_eng"": ""GOYOWEAR"", ""brand_kor"": ""고요웨어"", ""brand_no"": 16187, ""category1"": ""남성의류"", ""category2"": ""상의"", ""category3"": ""긴소매 티셔츠"", ""category3_code"": 272103102, ""is_new"": true, ""item_no"": 1969351, ""period_sort"": ""ONE_DAY"", ""platform"": ""29cm"", ""ranking_category_code"": ""272103100"", ""ranking_category_name"": ""남성의류>상의"", ""review_avg"": 5.0, ""sale_percent"": 15, ""sale_price"": 41650, ""sold_out"": false, ""url"": ""https://product.29cm.co.kr/catalog/1969351""}",2026-09-06T08:07:14+00:00_6caed517
2026-09-06T17:07:00+09:00,2026-09-06T08:07:16+00:00,commerce_rank,[29Exclusive] POCKET T-SHIRTS 티셔츠 6 컬러,29cm:1988269,heart_count,1919.0,"{""brand_eng"": ""BROWNYARD"", ""brand_kor"": ""브라운야드"", ""brand_no"": 2211, ""category1"": ""남성의류"", ""category2"": ""단독"", ""category3"": ""상의"", ""category3_code"": 272111101, ""is_new"": false, ""item_no"": 1988269, ""period_sort"": ""ONE_DAY"", ""platform"": ""29cm"", ""ranking_category_code"": ""272103100"", ""ranking_category_name"": ""남성의류>상의"", ""review_avg"": 4.5, ""sale_percent"": 51, ""sale_price"": 18620, ""sold_out"": false, ""url"": ""https://product.29cm.co.kr/catalog/1988269""}",2026-09-06T08:07:14+00:00_6caed517
2026-09-06T17:07:00+09:00,2026-09-06T08:07:16+00:00,commerce_rank,[29Exclusive] POCKET T-SHIRTS 티셔츠 6 컬러,29cm:1988269,review_count,169.0,"{""brand_eng"": ""BROWNYARD"", ""brand_kor"": ""브라운야드"", ""brand_no"": 2211, ""category1"": ""남성의류"", ""category2"": ""단독"", ""category3"": ""상의"", ""category3_code"": 272111101, ""is_new"": false, ""item_no"": 1988269, ""period_sort"": ""ONE_DAY"", ""platform"": ""29cm"", ""ranking_category_code"": ""272103100"", ""ranking_category_name"": ""남성의류>상의"", ""review_avg"": 4.5, ""sale_percent"": 51, ""sale_price"": 18620, ""sold_out"": false, ""url"": ""https://product.29cm.co.kr/catalog/1988269""}",2026-09-06T08:07:14+00:00_6caed517
2026-09-06T17:07:00+09:00,2026-09-06T08:07:16+00:00,commerce_rank,[29Exclusive] POCKET T-SHIRTS 티셔츠 6 컬러,29cm:1988269@272103100,rank,70.0,"{""brand_eng"": ""BROWNYARD"", ""brand_kor"": ""브라운야드"", ""brand_no"": 2211, ""category1"": ""남성의류"", ""category2"": ""단독"", ""category3"": ""상의"", ""category3_code"": 272111101, ""is_new"": false, ""item_no"": 1988269, ""period_sort"": ""ONE_DAY"", ""platform"": ""29cm"", ""ranking_category_code"": ""272103100"", ""ranking_category_name"": ""남성의류>상의"", ""review_avg"": 4.5, ""sale_percent"": 51, ""sale_price"": 18620, ""sold_out"": false, ""url"": ""https://product.29cm.co.kr/catalog/1988269""}",2026-09-06T08:07:14+00:00_6caed517
2026-09-06T17:07:00+09:00,2026-09-06T08:07:15+00:00,commerce_rank,캡 내장 심리스 쿨링 크롭 레이어드 이너 나시 수면브라 끈나시,29cm:2123023,heart_count,61309.0,"{""brand_eng"": ""KOZNOK"", ""brand_kor"": ""코즈넉"", ""brand_no"": 3389, ""category1"": ""여성의류"", ""category2"": ""언더웨어"", ""category3"": ""브라탑/캐미솔"", ""category3_code"": 268109107, ""is_new"": false, ""item_no"": 2123023, ""period_sort"": ""ONE_DAY"", ""platform"": ""29cm"", ""ranking_category_code"": ""268103100"", ""ranking_category_name"": ""여성의류>상의"", ""review_avg"": 4.5, ""sale_percent"": 37, ""sale_price"": 6230, ""sold_out"": false, ""url"": ""https://product.29cm.co.kr/catalog/2123023""}",2026-09-06T08:07:14+00:00_6caed517
2026-09-06T17:07:00+09:00,2026-09-06T08:07:15+00:00,commerce_rank,캡 내장 심리스 쿨링 크롭 레이어드 이너 나시 수면브라 끈나시,29cm:2123023,review_count,5479.0,"{""brand_eng"": ""KOZNOK"", ""brand_kor"": ""코즈넉"", ""brand_no"": 3389, ""category1"": ""여성의류"", ""category2"": ""언더웨어"", ""category3"": ""브라탑/캐미솔"", ""category3_code"": 268109107, ""is_new"": false, ""item_no"": 2123023, ""period_sort"": ""ONE_DAY"", ""platform"": ""29cm"", ""ranking_category_code"": ""268103100"", ""ranking_category_name"": ""여성의류>상의"", ""review_avg"": 4.5, ""sale_percent"": 37, ""sale_price"": 6230, ""sold_out"": false, ""url"": ""https://product.29cm.co.kr/catalog/2123023""}",2026-09-06T08:07:14+00:00_6caed517
2026-09-06T17:07:00+09:00,2026-09-06T08:07:15+00:00,commerce_rank,캡 내장 심리스 쿨링 크롭 레이어드 이너 나시 수면브라 끈나시,29cm:2123023@268103100,rank,92.0,"{""brand_eng"": ""KOZNOK"", ""brand_kor"": ""코즈넉"", ""brand_no"": 3389, ""category1"": ""여성의류"", ""category2"": ""언더웨어"", ""category3"": ""브라탑/캐미솔"", ""category3_code"": 268109107, ""is_new"": false, ""item_no"": 2123023, ""period_sort"": ""ONE_DAY"", ""platform"": ""29cm"", ""ranking_category_code"": ""268103100"", ""ranking_category_name"": ""여성의류>상의"", ""review_avg"": 4.5, ""sale_percent"": 37, ""sale_price"": 6230, ""sold_out"": false, ""url"": ""https://product.29cm.co.kr/catalog/2123023""}",2026-09-06T08:07:14+00:00_6caed517
2026-09-06T17:07:00+09:00,2026-09-06T08:07:16+00:00,commerce_rank,플리스 크루넥 스웨트셔츠 (GREY),29cm:2128471,heart_count,1131.0,"{""brand_eng"": ""POLO RALPH LAUREN"", ""brand_kor"": ""폴로 랄프 로렌"", ""brand_no"": 6890, ""category1"": ""남성의류"", ""category2"": ""상의"", ""category3"": ""스웨트셔츠"", ""category3_code"": 272103107, ""is_new"": false, ""item_no"": 2128471, ""period_sort"": ""ONE_DAY"", ""platform"": ""29cm"", ""ranking_category_code"": ""272103100"", ""ranking_category_name"": ""남성의류>상의"", ""review_avg"": 5.0, ""sale_percent"": 0, ""sale_price"": 259000, ""sold_out"": false, ""url"": ""https://product.29cm.co.kr/catalog/2128471""}",2026-09-06T08:07:14+00:00_6caed517
2026-09-06T17:07:00+09:00,2026-09-06T08:07:16+00:00,commerce_rank,플리스 크루넥 스웨트셔츠 (GREY),29cm:2128471,review_count,65.0,"{""brand_eng"": ""POLO RALPH LAUREN"", ""brand_kor"": ""폴로 랄프 로렌"", ""brand_no"": 6890, ""category1"": ""남성의류"", ""category2"": ""상의"", ""category3"": ""스웨트셔츠"", ""category3_code"": 272103107, ""is_new"": false, ""item_no"": 2128471, ""period_sort"": ""ONE_DAY"", ""platform"": ""29cm"", ""ranking_category_code"": ""272103100"", ""ranking_category_name"": ""남성의류>상의"", ""review_avg"": 5.0, ""sale_percent"": 0, ""sale_price"": 259000, ""sold_out"": false, ""url"": ""https://product.29cm.co.kr/catalog/2128471""}",2026-09-06T08:07:14+00:00_6caed517
2026-09-06T17:07:00+09:00,2026-09-06T08:07:16+00:00,commerce_rank,플리스 크루넥 스웨트셔츠 (GREY),29cm:2128471@272103100,rank,65.0,"{""brand_eng"": ""POLO RALPH LAUREN"", ""brand_kor"": ""폴로 랄프 로렌"", ""brand_no"": 6890, ""category1"": ""남성의류"", ""category2"": ""상의"", ""category3"": ""스웨트셔츠"", ""category3_code"": 272103107, ""is_new"": false, ""item_no"": 2128471, ""period_sort"": ""ONE_DAY"", ""platform"": ""29cm"", ""ranking_category_code"": ""272103100"", ""ranking_category_name"": ""남성의류>상의"", ""review_avg"": 5.0, ""sale_percent"": 0, ""sale_price"": 259000, ""sold_out"": false, ""url"": ""https://product.29cm.co.kr/catalog/2128471""}",2026-09-06T08:07:14+00:00_6caed517
2026-09-06T17:07:00+09:00,2026-09-06T08:07:16+00:00,commerce_rank,"[29Exclusive] Four Seasons Shirt, Dark Navy",29cm:2241549,heart_count,198.0,"{""brand_eng"": ""BROWNYARD"", ""brand_kor"": ""브라운야드"", ""brand_no"": 2211, ""category1"": ""남성의류"", ""category2"": ""상의"", ""category3"": ""긴소매 셔츠"", ""category3_code"": 272103106, ""is_new"": false, ""item_no"": 2241549, ""period_sort"": ""ONE_DAY"", ""platform"": ""29cm"", ""ranking_category_code"": ""272103100"", ""ranking_category_name"": ""남성의류>상의"", ""review_avg"": 5.0, ""sale_percent"": 51, ""sale_price"": 62720, ""sold_out"": false, ""url"": ""https://product.29cm.co.kr/catalog/2241549""}",2026-09-06T08:07:14+00:00_6caed517
2026-09-06T17:07:00+09:00,2026-09-06T08:07:16+00:00,commerce_rank,"[29Exclusive] Four Seasons Shirt, Dark Navy",29cm:2241549,review_count,1.0,"{""brand_eng"": ""BROWNYARD"", ""brand_kor"": ""브라운야드"", ""brand_no"": 2211, ""category1"": ""남성의류"", ""category2"": ""상의"", ""category3"": ""긴소매 셔츠"", ""category3_code"": 272103106, ""is_new"": false, ""item_no"": 2241549, ""period_sort"": ""ONE_DAY"", ""platform"": ""29cm"", ""ranking_category_code"": ""272103100"", ""ranking_category_name"": ""남성의류>상의"", ""review_avg"": 5.0, ""sale_percent"": 51, ""sale_price"": 62720, ""sold_out"": false, ""url"": ""https://product.29cm.co.kr/catalog/2241549""}",2026-09-06T08:07:14+00:00_6caed517
2026-09-06T17:07:00+09:00,2026-09-06T08:07:16+00:00,commerce_rank,"[29Exclusive] Four Seasons Shirt, Dark Navy",29cm:2241549@272103100,rank,30.0,"{""brand_eng"": ""BROWNYARD"", ""brand_kor"": ""브라운야드"", ""brand_no"": 2211, ""category1"": ""남성의류"", ""category2"": ""상의"", ""category3"": ""긴소매 셔츠"", ""category3_code"": 272103106, ""is_new"": false, ""item_no"": 2241549, ""period_sort"": ""ONE_DAY"", ""platform"": ""29cm"", ""ranking_category_code"": ""272103100"", ""ranking_category_name"": ""남성의류>상의"", ""review_avg"": 5.0, ""sale_percent"": 51, ""sale_price"": 62720, ""sold_out"": false, ""url"": ""https://product.29cm.co.kr/catalog/2241549""}",2026-09-06T08:07:14+00:00_6caed517
2026-09-06T17:07:00+09:00,2026-09-06T08:07:16+00:00,commerce_rank,TG3-SH14 일리안 셔츠,29cm:2469530,heart_count,10222.0,"{""brand_eng"": ""THOMAS MORE"", ""brand_kor"": ""토마스모어"", ""brand_no"": 2111, ""category1"": ""남성의류"", ""category2"": ""상의"", ""category3"": ""긴소매 셔츠"", ""category3_code"": 272103106, ""is_new"": false, ""item_no"": 2469530, ""period_sort"": ""ONE_DAY"", ""platform"": ""29cm"", ""ranking_category_code"": ""272103100"", ""ranking_category_name"": ""남성의류>상의"", ""review_avg"": 5.0, ""sale_percent"": 15, ""sale_price"": 59080, ""sold_out"": false, ""url"": ""https://product.29cm.co.kr/catalog/2469530""}",2026-09-06T08:07:14+00:00_6caed517
2026-09-06T17:07:00+09:00,2026-09-06T08:07:16+00:00,commerce_rank,TG3-SH14 일리안 셔츠,29cm:2469530,review_count,899.0,"{""brand_eng"": ""THOMAS MORE"", ""brand_kor"": ""토마스모어"", ""brand_no"": 2111, ""category1"": ""남성의류"", ""category2"": ""상의"", ""category3"": ""긴소매 셔츠"", ""category3_code"": 272103106, ""is_new"": false, ""item_no"": 2469530, ""period_sort"": ""ONE_DAY"", ""platform"": ""29cm"", ""ranking_category_code"": ""272103100"", ""ranking_category_name"": ""남성의류>상의"", ""review_avg"": 5.0, ""sale_percent"": 15, ""sale_price"": 59080, ""sold_out"": false, ""url"": ""https://product.29cm.co.kr/catalog/2469530""}",2026-09-06T08:07:14+00:00_6caed517
2026-09-06T17:07:00+09:00,2026-09-06T08:07:16+00:00,commerce_rank,TG3-SH14 일리안 셔츠,29cm:2469530@272103100,rank,32.0,"{""brand_eng"": ""THOMAS MORE"", ""brand_kor"": ""토마스모어"", ""brand_no"": 2111, ""category1"": ""남성의류"", ""category2"": ""상의"", ""category3"": ""긴소매 셔츠"", ""category3_code"": 272103106, ""is_new"": false, ""item_no"": 2469530, ""period_sort"": ""ONE_DAY"", ""platform"": ""29cm"", ""ranking_category_code"": ""272103100"", ""ranking_category_name"": ""남성의류>상의"", ""review_avg"": 5.0, ""sale_percent"": 15, ""sale_price"": 59080, ""sold_out"": false, ""url"": ""https://product.29cm.co.kr/catalog/2469530""}",2026-09-06T08:07:14+00:00_6caed517
2026-09-06T17:07:00+09:00,2026-09-06T08:07:16+00:00,commerce_rank,Neo Bold Garment Shirt (Sumi),29cm:2471348,heart_count,980.0,"{""brand_eng"": ""ANOTHER OFFICE"", ""brand_kor"": ""어나더오피스"", ""brand_no"": 1708, ""category1"": ""남성의류"", ""category2"": ""상의"", ""category3"": ""긴소매 셔츠"", ""category3_code"": 272103106, ""is_new"": false, ""item_no"": 2471348, ""period_sort"": ""ONE_DAY"", ""platform"": ""29cm"", ""ranking_category_code"": ""272103100"", ""ranking_category_name"": ""남성의류>상의"", ""review_avg"": 5.0, ""sale_percent"": 19, ""sale_price"": 103360, ""sold_out"": false, ""url"": ""https://product.29cm.co.kr/catalog/2471348""}",2026-09-06T08:07:14+00:00_6caed517
2026-09-06T17:07:00+09:00,2026-09-06T08:07:16+00:00,commerce_rank,Neo Bold Garment Shirt (Sumi),29cm:2471348,review_count,96.0,"{""brand_eng"": ""ANOTHER OFFICE"", ""brand_kor"": ""어나더오피스"", ""brand_no"": 1708, ""category1"": ""남성의류"", ""category2"": ""상의"", ""category3"": ""긴소매 셔츠"", ""category3_code"": 272103106, ""is_new"": false, ""item_no"": 2471348, ""period_sort"": ""ONE_DAY"", ""platform"": ""29cm"", ""ranking_category_code"": ""272103100"", ""ranking_category_name"": ""남성의류>상의"", ""review_avg"": 5.0, ""sale_percent"": 19, ""sale_price"": 103360, ""sold_out"": false, ""url"": ""https://product.29cm.co.kr/catalog/2471348""}",2026-09-06T08:07:14+00:00_6caed517
2026-09-06T17:07:00+09:00,2026-09-06T08:07:16+00:00,commerce_rank,Neo Bold Garment Shirt (Sumi),29cm:2471348@272103100,rank,63.0,"{""brand_eng"": ""ANOTHER OFFICE"", ""brand_kor"": ""어나더오피스"", ""brand_no"": 1708, ""category1"": ""남성의류"", ""category2"": ""상의"", ""category3"": ""긴소매 셔츠"", ""category3_code"": 272103106, ""is_new"": false, ""item_no"": 2471348, ""period_sort"": ""ONE_DAY"", ""platform"": ""29cm"", ""ranking_category_code"": ""272103100"", ""ranking_category_name"": ""남성의류>상의"", ""review_avg"": 5.0, ""sale_percent"": 19, ""sale_price"": 103360, ""sold_out"": false, ""url"": ""https://product.29cm.co.kr/catalog/2471348""}",2026-09-06T08:07:14+00:00_6caed517
2026-09-06T17:07:00+09:00,2026-09-06T08:07:16+00:00,commerce_rank,Neo Bold Garment Shirt (Dusty Indigo),29cm:2471351,heart_count,804.0,"{""brand_eng"": ""ANOTHER OFFICE"", ""brand_kor"": ""어나더오피스"", ""brand_no"": 1708, ""category1"": ""남성의류"", ""category2"": ""상의"", ""category3"": ""긴소매 셔츠"", ""category3_code"": 272103106, ""is_new"": false, ""item_no"": 2471351, ""period_sort"": ""ONE_DAY"", ""platform"": ""29cm"", ""ranking_category_code"": ""272103100"", ""ranking_category_name"": ""남성의류>상의"", ""review_avg"": 5.0, ""sale_percent"": 5, ""sale_price"": 121600, ""sold_out"": false, ""url"": ""https://product.29cm.co.kr/catalog/2471351""}",2026-09-06T08:07:14+00:00_6caed517
2026-09-06T17:07:00+09:00,2026-09-06T08:07:16+00:00,commerce_rank,Neo Bold Garment Shirt (Dusty Indigo),29cm:2471351,review_count,130.0,"{""brand_eng"": ""ANOTHER OFFICE"", ""brand_kor"": ""어나더오피스"", ""brand_no"": 1708, ""category1"": ""남성의류"", ""category2"": ""상의"", ""category3"": ""긴소매 셔츠"", ""category3_code"": 272103106, ""is_new"": false, ""item_no"": 2471351, ""period_sort"": ""ONE_DAY"", ""platform"": ""29cm"", ""ranking_category_code"": ""272103100"", ""ranking_category_name"": ""남성의류>상의"", ""review_avg"": 5.0, ""sale_percent"": 5, ""sale_price"": 121600, ""sold_out"": false, ""url"": ""https://product.29cm.co.kr/catalog/2471351""}",2026-09-06T08:07:14+00:00_6caed517
2026-09-06T17:07:00+09:00,2026-09-06T08:07:16+00:00,commerce_rank,Neo Bold Garment Shirt (Dusty Indigo),29cm:2471351@272103100,rank,71.0,"{""brand_eng"": ""ANOTHER OFFICE"", ""brand_kor"": ""어나더오피스"", ""brand_no"": 1708, ""category1"": ""남성의류"", ""category2"": ""상의"", ""category3"": ""긴소매 셔츠"", ""category3_code"": 272103106, ""is_new"": false, ""item_no"": 2471351, ""period_sort"": ""ONE_DAY"", ""platform"": ""29cm"", ""ranking_category_code"": ""272103100"", ""ranking_category_name"": ""남성의류>상의"", ""review_avg"": 5.0, ""sale_percent"": 5, ""sale_price"": 121600, ""sold_out"": false, ""url"": ""https://product.29cm.co.kr/catalog/2471351""}",2026-09-06T08:07:14+00:00_6caed517
2026-09-06T17:07:00+09:00,2026-09-06T08:07:16+00:00,commerce_rank,"Steady Shirt, Blue Check",29cm:2605104,heart_count,534.0,"{""brand_eng"": ""BROWNYARD"", ""brand_kor"": ""브라운야드"", ""brand_no"": 2211, ""category1"": ""남성의류"", ""category2"": ""상의"", ""category3"": ""긴소매 셔츠"", ""category3_code"": 272103106, ""is_new"": false, ""item_no"": 2605104, ""period_sort"": ""ONE_DAY"", ""platform"": ""29cm"", ""ranking_category_code"": ""272103100"", ""ranking_category_name"": ""남성의류>상의"", ""review_avg"": 5.0, ""sale_percent"": 10, ""sale_price"": 178200, ""sold_out"": false, ""url"": ""https://product.29cm.co.kr/catalog/2605104""}",2026-09-06T08:07:14+00:00_6caed517
2026-09-06T17:07:00+09:00,2026-09-06T08:07:16+00:00,commerce_rank,"Steady Shirt, Blue Check",29cm:2605104,review_count,12.0,"{""brand_eng"": ""BROWNYARD"", ""brand_kor"": ""브라운야드"", ""brand_no"": 2211, ""category1"": ""남성의류"", ""category2"": ""상의"", ""category3"": ""긴소매 셔츠"", ""category3_code"": 272103106, ""is_new"": false, ""item_no"": 2605104, ""period_sort"": ""ONE_DAY"", ""platform"": ""29cm"", ""ranking_category_code"": ""272103100"", ""ranking_category_name"": ""남성의류>상의"", ""review_avg"": 5.0, ""sale_percent"": 10, ""sale_price"": 178200, ""sold_out"": false, ""url"": ""https://product.29cm.co.kr/catalog/2605104""}",2026-09-06T08:07:14+00:00_6caed517
2026-09-06T17:07:00+09:00,2026-09-06T08:07:16+00:00,commerce_rank,"Steady Shirt, Blue Check",29cm:2605104@272103100,rank,25.0,"{""brand_eng"": ""BROWNYARD"", ""brand_kor"": ""브라운야드"", ""brand_no"": 2211, ""category1"": ""남성의류"", ""category2"": ""상의"", ""category3"": ""긴소매 셔츠"", ""category3_code"": 272103106, ""is_new"": false, ""item_no"": 2605104, ""period_sort"": ""ONE_DAY"", ""platform"": ""29cm"", ""ranking_category_code"": ""272103100"", ""ranking_category_name"": ""남성의류>상의"", ""review_avg"": 5.0, ""sale_percent"": 10, ""sale_price"": 178200, ""sold_out"": false, ""url"": ""https://product.29cm.co.kr/catalog/2605104""}",2026-09-06T08:07:14+00:00_6caed517
2026-09-06T17:07:00+09:00,2026-09-06T08:07:15+00:00,commerce_rank,Essential Boat Neck Tee_4 Colors,29cm:2746755,heart_count,27675.0,"{""brand_eng"": ""ARTTO"", ""brand_kor"": ""아르토"", ""brand_no"": 57017, ""category1"": ""여성의류"", ""category2"": ""단독"", ""category3"": ""상의"", ""category3_code"": 268116101, ""is_new"": false, ""item_no"": 2746755, ""period_sort"": ""ONE_DAY"", ""platform"": ""29cm"", ""ranking_category_code"": ""268103100"", ""ranking_category_name"": ""여성의류>상의"", ""review_avg"": 5.0, ""sale_percent"": 5, ""sale_price"": 34200, ""sold_out"": false, ""url"": ""https://product.29cm.co.kr/catalog/2746755""}",2026-09-06T08:07:14+00:00_6caed517
2026-09-06T17:07:00+09:00,2026-09-06T08:07:15+00:00,commerce_rank,Essential Boat Neck Tee_4 Colors,29cm:2746755,review_count,1807.0,"{""brand_eng"": ""ARTTO"", ""brand_kor"": ""아르토"", ""brand_no"": 57017, ""category1"": ""여성의류"", ""category2"": ""단독"", ""category3"": ""상의"", ""category3_code"": 268116101, ""is_new"": false, ""item_no"": 2746755, ""period_sort"": ""ONE_DAY"", ""platform"": ""29cm"", ""ranking_category_code"": ""268103100"", ""ranking_category_name"": ""여성의류>상의"", ""review_avg"": 5.0, ""sale_percent"": 5, ""sale_price"": 34200, ""sold_out"": false, ""url"": ""https://product.29cm.co.kr/catalog/2746755""}",2026-09-06T08:07:14+00:00_6caed517
2026-09-06T17:07:00+09:00,2026-09-06T08:07:15+00:00,commerce_rank,Essential Boat Neck Tee_4 Colors,29cm:2746755@268103100,rank,49.0,"{""brand_eng"": ""ARTTO"", ""brand_kor"": ""아르토"", ""brand_no"": 57017, ""category1"": ""여성의류"", ""category2"": ""단독"", ""category3"": ""상의"", ""category3_code"": 268116101, ""is_new"": false, ""item_no"": 2746755, ""period_sort"": ""ONE_DAY"", ""platform"": ""29cm"", ""ranking_category_code"": ""268103100"", ""ranking_category_name"": ""여성의류>상의"", ""review_avg"": 5.0, ""sale_percent"": 5, ""sale_price"": 34200, ""sold_out"": false, ""url"": ""https://product.29cm.co.kr/catalog/2746755""}",2026-09-06T08:07:14+00:00_6caed517
2026-09-06T17:07:00+09:00,2026-09-06T08:07:15+00:00,commerce_rank,[일부옵션 11차 10/6예약배송] 클래식 래글런 티셔츠_3color,29cm:2795873,heart_count,7594.0,"{""brand_eng"": ""FACADE PATTERN"", ""brand_kor"": ""파사드패턴"", ""brand_no"": 3501, ""category1"": ""여성의류"", ""category2"": ""상의"", ""category3"": ""긴소매 티셔츠"", ""category3_code"": 268103102, ""is_new"": false, ""item_no"": 2795873, ""period_sort"": ""ONE_DAY"", ""platform"": ""29cm"", ""ranking_category_code"": ""268103100"", ""ranking_category_name"": ""여성의류>상의"", ""review_avg"": 5.0, ""sale_percent"": 0, ""sale_price"": 78000, ""sold_out"": false, ""url"": ""https://product.29cm.co.kr/catalog/2795873""}",2026-09-06T08:07:14+00:00_6caed517
2026-09-06T17:07:00+09:00,2026-09-06T08:07:15+00:00,commerce_rank,[일부옵션 11차 10/6예약배송] 클래식 래글런 티셔츠_3color,29cm:2795873,review_count,525.0,"{""brand_eng"": ""FACADE PATTERN"", ""brand_kor"": ""파사드패턴"", ""brand_no"": 3501, ""category1"": ""여성의류"", ""category2"": ""상의"", ""category3"": ""긴소매 티셔츠"", ""category3_code"": 268103102, ""is_new"": false, ""item_no"": 2795873, ""period_sort"": ""ONE_DAY"", ""platform"": ""29cm"", ""ranking_category_code"": ""268103100"", ""ranking_category_name"": ""여성의류>상의"", ""review_avg"": 5.0, ""sale_percent"": 0, ""sale_price"": 78000, ""sold_out"": false, ""url"": ""https://product.29cm.co.kr/catalog/2795873""}",2026-09-06T08:07:14+00:00_6caed517
2026-09-06T17:07:00+09:00,2026-09-06T08:07:15+00:00,commerce_rank,[일부옵션 11차 10/6예약배송] 클래식 래글런 티셔츠_3color,29cm:2795873@268103100,rank,54.0,"{""brand_eng"": ""FACADE PATTERN"", ""brand_kor"": ""파사드패턴"", ""brand_no"": 3501, ""category1"": ""여성의류"", ""category2"": ""상의"", ""category3"": ""긴소매 티셔츠"", ""category3_code"": 268103102, ""is_new"": false, ""item_no"": 2795873, ""period_sort"": ""ONE_DAY"", ""platform"": ""29cm"", ""ranking_category_code"": ""268103100"", ""ranking_category_name"": ""여성의류>상의"", ""review_avg"": 5.0, ""sale_percent"": 0, ""sale_price"": 78000, ""sold_out"": false, ""url"": ""https://product.29cm.co.kr/catalog/2795873""}",2026-09-06T08:07:14+00:00_6caed517
2026-09-06T17:07:00+09:00,2026-09-06T08:07:16+00:00,commerce_rank,"Steady Shirt, Beige Check",29cm:2810660,heart_count,311.0,"{""brand_eng"": ""BROWNYARD"", ""brand_kor"": ""브라운야드"", ""brand_no"": 2211, ""category1"": ""남성의류"", ""category2"": ""상의"", ""category3"": ""긴소매 셔츠"", ""category3_code"": 272103106, ""is_new"": false, ""item_no"": 2810660, ""period_sort"": ""ONE_DAY"", ""platform"": ""29cm"", ""ranking_category_code"": ""272103100"", ""ranking_category_name"": ""남성의류>상의"", ""review_avg"": 5.0, ""sale_percent"": 10, ""sale_price"": 178200, ""sold_out"": false, ""url"": ""https://product.29cm.co.kr/catalog/2810660""}",2026-09-06T08:07:14+00:00_6caed517
2026-09-06T17:07:00+09:00,2026-09-06T08:07:16+00:00,commerce_rank,"Steady Shirt, Beige Check",29cm:2810660,review_count,12.0,"{""brand_eng"": ""BROWNYARD"", ""brand_kor"": ""브라운야드"", ""brand_no"": 2211, ""category1"": ""남성의류"", ""category2"": ""상의"", ""category3"": ""긴소매 셔츠"", ""category3_code"": 272103106, ""is_new"": false, ""item_no"": 2810660, ""period_sort"": ""ONE_DAY"", ""platform"": ""29cm"", ""ranking_category_code"": ""272103100"", ""ranking_category_name"": ""남성의류>상의"", ""review_avg"": 5.0, ""sale_percent"": 10, ""sale_price"": 178200, ""sold_out"": false, ""url"": ""https://product.29cm.co.kr/catalog/2810660""}",2026-09-06T08:07:14+00:00_6caed517
2026-09-06T17:07:00+09:00,2026-09-06T08:07:16+00:00,commerce_rank,"Steady Shirt, Beige Check",29cm:2810660@272103100,rank,69.0,"{""brand_eng"": ""BROWNYARD"", ""brand_kor"": ""브라운야드"", ""brand_no"": 2211, ""category1"": ""남성의류"", ""category2"": ""상의"", ""category3"": ""긴소매 셔츠"", ""category3_code"": 272103106, ""is_new"": false, ""item_no"": 2810660, ""period_sort"": ""ONE_DAY"", ""platform"": ""29cm"", ""ranking_category_code"": ""272103100"", ""ranking_category_name"": ""남성의류>상의"", ""review_avg"": 5.0, ""sale_percent"": 10, ""sale_price"": 178200, ""sold_out"": false, ""url"": ""https://product.29cm.co.kr/catalog/2810660""}",2026-09-06T08:07:14+00:00_6caed517
2026-09-06T17:07:00+09:00,2026-09-06T08:07:15+00:00,commerce_rank,[Renewal] Pin Tuck Layered Top Set [2 Color],29cm:2816480,heart_count,2017.0,"{""brand_eng"": ""POEV"", ""brand_kor"": ""포에브"", ""brand_no"": 47016, ""category1"": ""여성의류"", ""category2"": ""상의"", ""category3"": ""긴소매 티셔츠"", ""category3_code"": 268103102, ""is_new"": true, ""item_no"": 2816480, ""period_sort"": ""ONE_DAY"", ""platform"": ""29cm"", ""ranking_category_code"": ""268103100"", ""ranking_category_name"": ""여성의류>상의"", ""review_avg"": 5.0, ""sale_percent"": 19, ""sale_price"": 90720, ""sold_out"": false, ""url"": ""https://product.29cm.co.kr/catalog/2816480""}",2026-09-06T08:07:14+00:00_6caed517
2026-09-06T17:07:00+09:00,2026-09-06T08:07:15+00:00,commerce_rank,[Renewal] Pin Tuck Layered Top Set [2 Color],29cm:2816480,review_count,21.0,"{""brand_eng"": ""POEV"", ""brand_kor"": ""포에브"", ""brand_no"": 47016, ""category1"": ""여성의류"", ""category2"": ""상의"", ""category3"": ""긴소매 티셔츠"", ""category3_code"": 268103102, ""is_new"": true, ""item_no"": 2816480, ""period_sort"": ""ONE_DAY"", ""platform"": ""29cm"", ""ranking_category_code"": ""268103100"", ""ranking_category_name"": ""여성의류>상의"", ""review_avg"": 5.0, ""sale_percent"": 19, ""sale_price"": 90720, ""sold_out"": false, ""url"": ""https://product.29cm.co.kr/catalog/2816480""}",2026-09-06T08:07:14+00:00_6caed517
2026-09-06T17:07:00+09:00,2026-09-06T08:07:15+00:00,commerce_rank,[Renewal] Pin Tuck Layered Top Set [2 Color],29cm:2816480@268103100,rank,91.0,"{""brand_eng"": ""POEV"", ""brand_kor"": ""포에브"", ""brand_no"": 47016, ""category1"": ""여성의류"", ""category2"": ""상의"", ""category3"": ""긴소매 티셔츠"", ""category3_code"": 268103102, ""is_new"": true, ""item_no"": 2816480, ""period_sort"": ""ONE_DAY"", ""platform"": ""29cm"", ""ranking_category_code"": ""268103100"", ""ranking_category_name"": ""여성의류>상의"", ""review_avg"": 5.0, ""sale_percent"": 19, ""sale_price"": 90720, ""sold_out"": false, ""url"": ""https://product.29cm.co.kr/catalog/2816480""}",2026-09-06T08:07:14+00:00_6caed517
2026-09-06T17:07:00+09:00,2026-09-06T08:07:16+00:00,commerce_rank,LAUNDRY SHIRT (OCEAN BLUE),29cm:2949563,heart_count,467.0,"{""brand_eng"": ""UNION BLUE"", ""brand_kor"": ""유니온 블루"", ""brand_no"": 13510, ""category1"": ""남성의류"", ""category2"": ""상의"", ""category3"": ""긴소매 셔츠"", ""category3_code"": 272103106, ""is_new"": false, ""item_no"": 2949563, ""period_sort"": ""ONE_DAY"", ""platform"": ""29cm"", ""ranking_category_code"": ""272103100"", ""ranking_category_name"": ""남성의류>상의"", ""review_avg"": 5.0, ""sale_percent"": 24, ""sale_price"": 47430, ""sold_out"": false, ""url"": ""https://product.29cm.co.kr/catalog/2949563""}",2026-09-06T08:07:14+00:00_6caed517
2026-09-06T17:07:00+09:00,2026-09-06T08:07:16+00:00,commerce_rank,LAUNDRY SHIRT (OCEAN BLUE),29cm:2949563,review_count,16.0,"{""brand_eng"": ""UNION BLUE"", ""brand_kor"": ""유니온 블루"", ""brand_no"": 13510, ""category1"": ""남성의류"", ""category2"": ""상의"", ""category3"": ""긴소매 셔츠"", ""category3_code"": 272103106, ""is_new"": false, ""item_no"": 2949563, ""period_sort"": ""ONE_DAY"", ""platform"": ""29cm"", ""ranking_category_code"": ""272103100"", ""ranking_category_name"": ""남성의류>상의"", ""review_avg"": 5.0, ""sale_percent"": 24, ""sale_price"": 47430, ""sold_out"": false, ""url"": ""https://product.29cm.co.kr/catalog/2949563""}",2026-09-06T08:07:14+00:00_6caed517
2026-09-06T17:07:00+09:00,2026-09-06T08:07:16+00:00,commerce_rank,LAUNDRY SHIRT (OCEAN BLUE),29cm:2949563@272103100,rank,98.0,"{""brand_eng"": ""UNION BLUE"", ""brand_kor"": ""유니온 블루"", ""brand_no"": 13510, ""category1"": ""남성의류"", ""category2"": ""상의"", ""category3"": ""긴소매 셔츠"", ""category3_code"": 272103106, ""is_new"": false, ""item_no"": 2949563, ""period_sort"": ""ONE_DAY"", ""platform"": ""29cm"", ""ranking_category_code"": ""272103100"", ""ranking_category_name"": ""남성의류>상의"", ""review_avg"": 5.0, ""sale_percent"": 24, ""sale_price"": 47430, ""sold_out"": false, ""url"": ""https://product.29cm.co.kr/catalog/2949563""}",2026-09-06T08:07:14+00:00_6caed517
2026-09-06T17:07:00+09:00,2026-09-06T08:07:15+00:00,commerce_rank,SIKN2136 클래식 스트라이프 카라 니트_Navy,29cm:3033257,heart_count,18436.0,"{""brand_eng"": ""Siyazu"", ""brand_kor"": ""시야쥬"", ""brand_no"": 10005, ""category1"": ""여성의류"", ""category2"": ""단독"", ""category3"": ""상의"", ""category3_code"": 268116101, ""is_new"": false, ""item_no"": 3033257, ""period_sort"": ""ONE_DAY"", ""platform"": ""29cm"", ""ranking_category_code"": ""268103100"", ""ranking_category_name"": ""여성의류>상의"", ""review_avg"": 5.0, ""sale_percent"": 19, ""sale_price"": 78570, ""sold_out"": false, ""url"": ""https://product.29cm.co.kr/catalog/3033257""}",2026-09-06T08:07:14+00:00_6caed517
2026-09-06T17:07:00+09:00,2026-09-06T08:07:15+00:00,commerce_rank,SIKN2136 클래식 스트라이프 카라 니트_Navy,29cm:3033257,review_count,449.0,"{""brand_eng"": ""Siyazu"", ""brand_kor"": ""시야쥬"", ""brand_no"": 10005, ""category1"": ""여성의류"", ""category2"": ""단독"", ""category3"": ""상의"", ""category3_code"": 268116101, ""is_new"": false, ""item_no"": 3033257, ""period_sort"": ""ONE_DAY"", ""platform"": ""29cm"", ""ranking_category_code"": ""268103100"", ""ranking_category_name"": ""여성의류>상의"", ""review_avg"": 5.0, ""sale_percent"": 19, ""sale_price"": 78570, ""sold_out"": false, ""url"": ""https://product.29cm.co.kr/catalog/3033257""}",2026-09-06T08:07:14+00:00_6caed517
2026-09-06T17:07:00+09:00,2026-09-06T08:07:15+00:00,commerce_rank,SIKN2136 클래식 스트라이프 카라 니트_Navy,29cm:3033257@268103100,rank,19.0,"{""brand_eng"": ""Siyazu"", ""brand_kor"": ""시야쥬"", ""brand_no"": 10005, ""category1"": ""여성의류"", ""category2"": ""단독"", ""category3"": ""상의"", ""category3_code"": 268116101, ""is_new"": false, ""item_no"": 3033257, ""period_sort"": ""ONE_DAY"", ""platform"": ""29cm"", ""ranking_category_code"": ""268103100"", ""ranking_category_name"": ""여성의류>상의"", ""review_avg"": 5.0, ""sale_percent"": 19, ""sale_price"": 78570, ""sold_out"": false, ""url"": ""https://product.29cm.co.kr/catalog/3033257""}",2026-09-06T08:07:14+00:00_6caed517
2026-09-06T17:07:00+09:00,2026-09-06T08:07:15+00:00,commerce_rank,[11차] Draped tie blouse_brown,29cm:3079603,heart_count,42058.0,"{""brand_eng"": ""AARAN"", ""brand_kor"": ""어랜"", ""brand_no"": 25864, ""category1"": ""여성의류"", ""category2"": ""단독"", ""category3"": ""상의"", ""category3_code"": 268116101, ""is_new"": false, ""item_no"": 3079603, ""period_sort"": ""ONE_DAY"", ""platform"": ""29cm"", ""ranking_category_code"": ""268103100"", ""ranking_category_name"": ""여성의류>상의"", ""review_avg"": 4.5, ""sale_percent"": 28, ""sale_price"": 109440, ""sold_out"": false, ""url"": ""https://product.29cm.co.kr/catalog/3079603""}",2026-09-06T08:07:14+00:00_6caed517
2026-09-06T17:07:00+09:00,2026-09-06T08:07:15+00:00,commerce_rank,[11차] Draped tie blouse_brown,29cm:3079603,review_count,619.0,"{""brand_eng"": ""AARAN"", ""brand_kor"": ""어랜"", ""brand_no"": 25864, ""category1"": ""여성의류"", ""category2"": ""단독"", ""category3"": ""상의"", ""category3_code"": 268116101, ""is_new"": false, ""item_no"": 3079603, ""period_sort"": ""ONE_DAY"", ""platform"": ""29cm"", ""ranking_category_code"": ""268103100"", ""ranking_category_name"": ""여성의류>상의"", ""review_avg"": 4.5, ""sale_percent"": 28, ""sale_price"": 109440, ""sold_out"": false, ""url"": ""https://product.29cm.co.kr/catalog/3079603""}",2026-09-06T08:07:14+00:00_6caed517
2026-09-06T17:07:00+09:00,2026-09-06T08:07:15+00:00,commerce_rank,[11차] Draped tie blouse_brown,29cm:3079603@268103100,rank,20.0,"{""brand_eng"": ""AARAN"", ""brand_kor"": ""어랜"", ""brand_no"": 25864, ""category1"": ""여성의류"", ""category2"": ""단독"", ""category3"": ""상의"", ""category3_code"": 268116101, ""is_new"": false, ""item_no"": 3079603, ""period_sort"": ""ONE_DAY"", ""platform"": ""29cm"", ""ranking_category_code"": ""268103100"", ""ranking_category_name"": ""여성의류>상의"", ""review_avg"": 4.5, ""sale_percent"": 28, ""sale_price"": 109440, ""sold_out"": false, ""url"": ""https://product.29cm.co.kr/catalog/3079603""}",2026-09-06T08:07:14+00:00_6caed517
2026-09-06T17:07:00+09:00,2026-09-06T08:07:15+00:00,commerce_rank,스페이스 에일리언 래글런 긴팔티 - 그레이/네이비,29cm:3130957,heart_count,5756.0,"{""brand_eng"": ""SUPERSUB"", ""brand_kor"": ""슈퍼서브"", ""brand_no"": 13255, ""category1"": ""여성의류"", ""category2"": ""상의"", ""category3"": ""긴소매 티셔츠"", ""category3_code"": 268103102, ""is_new"": false, ""item_no"": 3130957, ""period_sort"": ""ONE_DAY"", ""platform"": ""29cm"", ""ranking_category_code"": ""268103100"", ""ranking_category_name"": ""여성의류>상의"", ""review_avg"": 5.0, ""sale_percent"": 42, ""sale_price"": 31370, ""sold_out"": false, ""url"": ""https://product.29cm.co.kr/catalog/3130957""}",2026-09-06T08:07:14+00:00_6caed517
2026-09-06T17:07:00+09:00,2026-09-06T08:07:15+00:00,commerce_rank,스페이스 에일리언 래글런 긴팔티 - 그레이/네이비,29cm:3130957,review_count,205.0,"{""brand_eng"": ""SUPERSUB"", ""brand_kor"": ""슈퍼서브"", ""brand_no"": 13255, ""category1"": ""여성의류"", ""category2"": ""상의"", ""category3"": ""긴소매 티셔츠"", ""category3_code"": 268103102, ""is_new"": false, ""item_no"": 3130957, ""period_sort"": ""ONE_DAY"", ""platform"": ""29cm"", ""ranking_category_code"": ""268103100"", ""ranking_category_name"": ""여성의류>상의"", ""review_avg"": 5.0, ""sale_percent"": 42, ""sale_price"": 31370, ""sold_out"": false, ""url"": ""https://product.29cm.co.kr/catalog/3130957""}",2026-09-06T08:07:14+00:00_6caed517
2026-09-06T17:07:00+09:00,2026-09-06T08:07:15+00:00,commerce_rank,스페이스 에일리언 래글런 긴팔티 - 그레이/네이비,29cm:3130957@268103100,rank,31.0,"{""brand_eng"": ""SUPERSUB"", ""brand_kor"": ""슈퍼서브"", ""brand_no"": 13255, ""category1"": ""여성의류"", ""category2"": ""상의"", ""category3"": ""긴소매 티셔츠"", ""category3_code"": 268103102, ""is_new"": false, ""item_no"": 3130957, ""period_sort"": ""ONE_DAY"", ""platform"": ""29cm"", ""ranking_category_code"": ""268103100"", ""ranking_category_name"": ""여성의류>상의"", ""review_avg"": 5.0, ""sale_percent"": 42, ""sale_price"": 31370, ""sold_out"": false, ""url"": ""https://product.29cm.co.kr/catalog/3130957""}",2026-09-06T08:07:14+00:00_6caed517
2026-09-06T17:07:00+09:00,2026-09-06T08:07:16+00:00,commerce_rank,VINTAGE WAFFLE LONG SLEEVE_OATMEAL,29cm:3217621,heart_count,405.0,"{""brand_eng"": ""RUSTIC CLUB"", ""brand_kor"": ""러스틱클럽"", ""brand_no"": 61758, ""category1"": ""남성의류"", ""category2"": ""상의"", ""category3"": ""긴소매 티셔츠"", ""category3_code"": 272103102, ""is_new"": false, ""item_no"": 3217621, ""period_sort"": ""ONE_DAY"", ""platform"": ""29cm"", ""ranking_category_code"": ""272103100"", ""ranking_category_name"": ""남성의류>상의"", ""review_avg"": 5.0, ""sale_percent"": 23, ""sale_price"": 65030, ""sold_out"": false, ""url"": ""https://product.29cm.co.kr/catalog/3217621""}",2026-09-06T08:07:14+00:00_6caed517
2026-09-06T17:07:00+09:00,2026-09-06T08:07:16+00:00,commerce_rank,VINTAGE WAFFLE LONG SLEEVE_OATMEAL,29cm:3217621,review_count,11.0,"{""brand_eng"": ""RUSTIC CLUB"", ""brand_kor"": ""러스틱클럽"", ""brand_no"": 61758, ""category1"": ""남성의류"", ""category2"": ""상의"", ""category3"": ""긴소매 티셔츠"", ""category3_code"": 272103102, ""is_new"": false, ""item_no"": 3217621, ""period_sort"": ""ONE_DAY"", ""platform"": ""29cm"", ""ranking_category_code"": ""272103100"", ""ranking_category_name"": ""남성의류>상의"", ""review_avg"": 5.0, ""sale_percent"": 23, ""sale_price"": 65030, ""sold_out"": false, ""url"": ""https://product.29cm.co.kr/catalog/3217621""}",2026-09-06T08:07:14+00:00_6caed517
2026-09-06T17:07:00+09:00,2026-09-06T08:07:16+00:00,commerce_rank,VINTAGE WAFFLE LONG SLEEVE_OATMEAL,29cm:3217621@272103100,rank,61.0,"{""brand_eng"": ""RUSTIC CLUB"", ""brand_kor"": ""러스틱클럽"", ""brand_no"": 61758, ""category1"": ""남성의류"", ""category2"": ""상의"", ""category3"": ""긴소매 티셔츠"", ""category3_code"": 272103102, ""is_new"": false, ""item_no"": 3217621, ""period_sort"": ""ONE_DAY"", ""platform"": ""29cm"", ""ranking_category_code"": ""272103100"", ""ranking_category_name"": ""남성의류>상의"", ""review_avg"": 5.0, ""sale_percent"": 23, ""sale_price"": 65030, ""sold_out"": false, ""url"": ""https://product.29cm.co.kr/catalog/3217621""}",2026-09-06T08:07:14+00:00_6caed517
2026-09-06T17:07:00+09:00,2026-09-06T08:07:16+00:00,commerce_rank,코어 체크 셔츠 브라운,29cm:3221600,heart_count,1537.0,"{""brand_eng"": ""asp"", ""brand_kor"": ""애습"", ""brand_no"": 10042, ""category1"": ""남성의류"", ""category2"": ""상의"", ""category3"": ""긴소매 셔츠"", ""category3_code"": 272103106, ""is_new"": false, ""item_no"": 3221600, ""period_sort"": ""ONE_DAY"", ""platform"": ""29cm"", ""ranking_category_code"": ""272103100"", ""ranking_category_name"": ""남성의류>상의"", ""review_avg"": 5.0, ""sale_percent"": 24, ""sale_price"": 50490, ""sold_out"": false, ""url"": ""https://product.29cm.co.kr/catalog/3221600""}",2026-09-06T08:07:14+00:00_6caed517
2026-09-06T17:07:00+09:00,2026-09-06T08:07:16+00:00,commerce_rank,코어 체크 셔츠 브라운,29cm:3221600,review_count,50.0,"{""brand_eng"": ""asp"", ""brand_kor"": ""애습"", ""brand_no"": 10042, ""category1"": ""남성의류"", ""category2"": ""상의"", ""category3"": ""긴소매 셔츠"", ""category3_code"": 272103106, ""is_new"": false, ""item_no"": 3221600, ""period_sort"": ""ONE_DAY"", ""platform"": ""29cm"", ""ranking_category_code"": ""272103100"", ""ranking_category_name"": ""남성의류>상의"", ""review_avg"": 5.0, ""sale_percent"": 24, ""sale_price"": 50490, ""sold_out"": false, ""url"": ""https://product.29cm.co.kr/catalog/3221600""}",2026-09-06T08:07:14+00:00_6caed517
2026-09-06T17:07:00+09:00,2026-09-06T08:07:16+00:00,commerce_rank,코어 체크 셔츠 브라운,29cm:3221600@272103100,rank,57.0,"{""brand_eng"": ""asp"", ""brand_kor"": ""애습"", ""brand_no"": 10042, ""category1"": ""남성의류"", ""category2"": ""상의"", ""category3"": ""긴소매 셔츠"", ""category3_code"": 272103106, ""is_new"": false, ""item_no"": 3221600, ""period_sort"": ""ONE_DAY"", ""platform"": ""29cm"", ""ranking_category_code"": ""272103100"", ""ranking_category_name"": ""남성의류>상의"", ""review_avg"": 5.0, ""sale_percent"": 24, ""sale_price"": 50490, ""sold_out"": false, ""url"": ""https://product.29cm.co.kr/catalog/3221600""}",2026-09-06T08:07:14+00:00_6caed517
2026-09-06T17:07:00+09:00,2026-09-06T08:07:16+00:00,commerce_rank,(NEW컬러) 핀터 크롭 하프 티셔츠 - 9 COLOR,29cm:3328320,heart_count,1055.0,"{""brand_eng"": ""SUARE"", ""brand_kor"": ""수아레"", ""brand_no"": 5548, ""category1"": ""남성의류"", ""category2"": ""상의"", ""category3"": ""반소매 티셔츠"", ""category3_code"": 272103101, ""is_new"": false, ""item_no"": 3328320, ""period_sort"": ""ONE_DAY"", ""platform"": ""29cm"", ""ranking_category_code"": ""272103100"", ""ranking_category_name"": ""남성의류>상의"", ""review_avg"": 5.0, ""sale_percent"": 44, ""sale_price"": 22020, ""sold_out"": false, ""url"": ""https://product.29cm.co.kr/catalog/3328320""}",2026-09-06T08:07:14+00:00_6caed517
2026-09-06T17:07:00+09:00,2026-09-06T08:07:16+00:00,commerce_rank,(NEW컬러) 핀터 크롭 하프 티셔츠 - 9 COLOR,29cm:3328320,review_count,138.0,"{""brand_eng"": ""SUARE"", ""brand_kor"": ""수아레"", ""brand_no"": 5548, ""category1"": ""남성의류"", ""category2"": ""상의"", ""category3"": ""반소매 티셔츠"", ""category3_code"": 272103101, ""is_new"": false, ""item_no"": 3328320, ""period_sort"": ""ONE_DAY"", ""platform"": ""29cm"", ""ranking_category_code"": ""272103100"", ""ranking_category_name"": ""남성의류>상의"", ""review_avg"": 5.0, ""sale_percent"": 44, ""sale_price"": 22020, ""sold_out"": false, ""url"": ""https://product.29cm.co.kr/catalog/3328320""}",2026-09-06T08:07:14+00:00_6caed517
2026-09-06T17:07:00+09:00,2026-09-06T08:07:16+00:00,commerce_rank,(NEW컬러) 핀터 크롭 하프 티셔츠 - 9 COLOR,29cm:3328320@272103100,rank,73.0,"{""brand_eng"": ""SUARE"", ""brand_kor"": ""수아레"", ""brand_no"": 5548, ""category1"": ""남성의류"", ""category2"": ""상의"", ""category3"": ""반소매 티셔츠"", ""category3_code"": 272103101, ""is_new"": false, ""item_no"": 3328320, ""period_sort"": ""ONE_DAY"", ""platform"": ""29cm"", ""ranking_category_code"": ""272103100"", ""ranking_category_name"": ""남성의류>상의"", ""review_avg"": 5.0, ""sale_percent"": 44, ""sale_price"": 22020, ""sold_out"": false, ""url"": ""https://product.29cm.co.kr/catalog/3328320""}",2026-09-06T08:07:14+00:00_6caed517
2026-09-06T17:07:00+09:00,2026-09-06T08:07:16+00:00,commerce_rank,Tompkins Loopwheeled Tubular Tee 4 Color,29cm:3354267,heart_count,5191.0,"{""brand_eng"": ""BRONSON"", ""brand_kor"": ""브론슨"", ""brand_no"": 89408, ""category1"": ""여성의류"", ""category2"": ""상의"", ""category3"": ""반소매 티셔츠"", ""category3_code"": 268103101, ""is_new"": false, ""item_no"": 3354267, ""period_sort"": ""ONE_DAY"", ""platform"": ""29cm"", ""ranking_category_code"": ""272103100"", ""ranking_category_name"": ""남성의류>상의"", ""review_avg"": 5.0, ""sale_percent"": 15, ""sale_price"": 38250, ""sold_out"": false, ""url"": ""https://product.29cm.co.kr/catalog/3354267""}",2026-09-06T08:07:14+00:00_6caed517
2026-09-06T17:07:00+09:00,2026-09-06T08:07:16+00:00,commerce_rank,Tompkins Loopwheeled Tubular Tee 4 Color,29cm:3354267,review_count,817.0,"{""brand_eng"": ""BRONSON"", ""brand_kor"": ""브론슨"", ""brand_no"": 89408, ""category1"": ""여성의류"", ""category2"": ""상의"", ""category3"": ""반소매 티셔츠"", ""category3_code"": 268103101, ""is_new"": false, ""item_no"": 3354267, ""period_sort"": ""ONE_DAY"", ""platform"": ""29cm"", ""ranking_category_code"": ""272103100"", ""ranking_category_name"": ""남성의류>상의"", ""review_avg"": 5.0, ""sale_percent"": 15, ""sale_price"": 38250, ""sold_out"": false, ""url"": ""https://product.29cm.co.kr/catalog/3354267""}",2026-09-06T08:07:14+00:00_6caed517
2026-09-06T17:07:00+09:00,2026-09-06T08:07:16+00:00,commerce_rank,Tompkins Loopwheeled Tubular Tee 4 Color,29cm:3354267@272103100,rank,5.0,"{""brand_eng"": ""BRONSON"", ""brand_kor"": ""브론슨"", ""brand_no"": 89408, ""category1"": ""여성의류"", ""category2"": ""상의"", ""category3"": ""반소매 티셔츠"", ""category3_code"": 268103101, ""is_new"": false, ""item_no"": 3354267, ""period_sort"": ""ONE_DAY"", ""platform"": ""29cm"", ""ranking_category_code"": ""272103100"", ""ranking_category_name"": ""남성의류>상의"", ""review_avg"": 5.0, ""sale_percent"": 15, ""sale_price"": 38250, ""sold_out"": false, ""url"": ""https://product.29cm.co.kr/catalog/3354267""}",2026-09-06T08:07:14+00:00_6caed517
2026-09-06T17:07:00+09:00,2026-09-06T08:07:16+00:00,commerce_rank,Vintage Long Sleeve Henley Shirt Black,29cm:3354340,heart_count,2109.0,"{""brand_eng"": ""BRONSON"", ""brand_kor"": ""브론슨"", ""brand_no"": 89408, ""category1"": ""여성의류"", ""category2"": ""상의"", ""category3"": ""긴소매 티셔츠"", ""category3_code"": 268103102, ""is_new"": false, ""item_no"": 3354340, ""period_sort"": ""ONE_DAY"", ""platform"": ""29cm"", ""ranking_category_code"": ""272103100"", ""ranking_category_name"": ""남성의류>상의"", ""review_avg"": 5.0, ""sale_percent"": 15, ""sale_price"": 52700, ""sold_out"": false, ""url"": ""https://product.29cm.co.kr/catalog/3354340""}",2026-09-06T08:07:14+00:00_6caed517
2026-09-06T17:07:00+09:00,2026-09-06T08:07:16+00:00,commerce_rank,Vintage Long Sleeve Henley Shirt Black,29cm:3354340,review_count,234.0,"{""brand_eng"": ""BRONSON"", ""brand_kor"": ""브론슨"", ""brand_no"": 89408, ""category1"": ""여성의류"", ""category2"": ""상의"", ""category3"": ""긴소매 티셔츠"", ""category3_code"": 268103102, ""is_new"": false, ""item_no"": 3354340, ""period_sort"": ""ONE_DAY"", ""platform"": ""29cm"", ""ranking_category_code"": ""272103100"", ""ranking_category_name"": ""남성의류>상의"", ""review_avg"": 5.0, ""sale_percent"": 15, ""sale_price"": 52700, ""sold_out"": false, ""url"": ""https://product.29cm.co.kr/catalog/3354340""}",2026-09-06T08:07:14+00:00_6caed517
2026-09-06T17:07:00+09:00,2026-09-06T08:07:16+00:00,commerce_rank,Vintage Long Sleeve Henley Shirt Black,29cm:3354340@272103100,rank,48.0,"{""brand_eng"": ""BRONSON"", ""brand_kor"": ""브론슨"", ""brand_no"": 89408, ""category1"": ""여성의류"", ""category2"": ""상의"", ""category3"": ""긴소매 티셔츠"", ""category3_code"": 268103102, ""is_new"": false, ""item_no"": 3354340, ""period_sort"": ""ONE_DAY"", ""platform"": ""29cm"", ""ranking_category_code"": ""272103100"", ""ranking_category_name"": ""남성의류>상의"", ""review_avg"": 5.0, ""sale_percent"": 15, ""sale_price"": 52700, ""sold_out"": false, ""url"": ""https://product.29cm.co.kr/catalog/3354340""}",2026-09-06T08:07:14+00:00_6caed517
2026-09-06T17:07:00+09:00,2026-09-06T08:07:16+00:00,commerce_rank,Breton Stripe Long Sleeve Tee KR ver. A/N,29cm:3354355,heart_count,759.0,"{""brand_eng"": ""BRONSON"", ""brand_kor"": ""브론슨"", ""brand_no"": 89408, ""category1"": ""여성의류"", ""category2"": ""상의"", ""category3"": ""긴소매 티셔츠"", ""category3_code"": 268103102, ""is_new"": false, ""item_no"": 3354355, ""period_sort"": ""ONE_DAY"", ""platform"": ""29cm"", ""ranking_category_code"": ""272103100"", ""ranking_category_name"": ""남성의류>상의"", ""review_avg"": 5.0, ""sale_percent"": 15, ""sale_price"": 44200, ""sold_out"": false, ""url"": ""https://product.29cm.co.kr/catalog/3354355""}",2026-09-06T08:07:14+00:00_6caed517
2026-09-06T17:07:00+09:00,2026-09-06T08:07:16+00:00,commerce_rank,Breton Stripe Long Sleeve Tee KR ver. A/N,29cm:3354355,review_count,101.0,"{""brand_eng"": ""BRONSON"", ""brand_kor"": ""브론슨"", ""brand_no"": 89408, ""category1"": ""여성의류"", ""category2"": ""상의"", ""category3"": ""긴소매 티셔츠"", ""category3_code"": 268103102, ""is_new"": false, ""item_no"": 3354355, ""period_sort"": ""ONE_DAY"", ""platform"": ""29cm"", ""ranking_category_code"": ""272103100"", ""ranking_category_name"": ""남성의류>상의"", ""review_avg"": 5.0, ""sale_percent"": 15, ""sale_price"": 44200, ""sold_out"": false, ""url"": ""https://product.29cm.co.kr/catalog/3354355""}",2026-09-06T08:07:14+00:00_6caed517
2026-09-06T17:07:00+09:00,2026-09-06T08:07:16+00:00,commerce_rank,Breton Stripe Long Sleeve Tee KR ver. A/N,29cm:3354355@272103100,rank,33.0,"{""brand_eng"": ""BRONSON"", ""brand_kor"": ""브론슨"", ""brand_no"": 89408, ""category1"": ""여성의류"", ""category2"": ""상의"", ""category3"": ""긴소매 티셔츠"", ""category3_code"": 268103102, ""is_new"": false, ""item_no"": 3354355, ""period_sort"": ""ONE_DAY"", ""platform"": ""29cm"", ""ranking_category_code"": ""272103100"", ""ranking_category_name"": ""남성의류>상의"", ""review_avg"": 5.0, ""sale_percent"": 15, ""sale_price"": 44200, ""sold_out"": false, ""url"": ""https://product.29cm.co.kr/catalog/3354355""}",2026-09-06T08:07:14+00:00_6caed517
2026-09-06T17:07:00+09:00,2026-09-06T08:07:16+00:00,commerce_rank,9oz USA Cotton Tubular Tee Black,29cm:3355100,heart_count,467.0,"{""brand_eng"": ""BRONSON"", ""brand_kor"": ""브론슨"", ""brand_no"": 89408, ""category1"": ""여성의류"", ""category2"": ""상의"", ""category3"": ""반소매 티셔츠"", ""category3_code"": 268103101, ""is_new"": false, ""item_no"": 3355100, ""period_sort"": ""ONE_DAY"", ""platform"": ""29cm"", ""ranking_category_code"": ""272103100"", ""ranking_category_name"": ""남성의류>상의"", ""review_avg"": 5.0, ""sale_percent"": 15, ""sale_price"": 29750, ""sold_out"": false, ""url"": ""https://product.29cm.co.kr/catalog/3355100""}",2026-09-06T08:07:14+00:00_6caed517
2026-09-06T17:07:00+09:00,2026-09-06T08:07:16+00:00,commerce_rank,9oz USA Cotton Tubular Tee Black,29cm:3355100,review_count,94.0,"{""brand_eng"": ""BRONSON"", ""brand_kor"": ""브론슨"", ""brand_no"": 89408, ""category1"": ""여성의류"", ""category2"": ""상의"", ""category3"": ""반소매 티셔츠"", ""category3_code"": 268103101, ""is_new"": false, ""item_no"": 3355100, ""period_sort"": ""ONE_DAY"", ""platform"": ""29cm"", ""ranking_category_code"": ""272103100"", ""ranking_category_name"": ""남성의류>상의"", ""review_avg"": 5.0, ""sale_percent"": 15, ""sale_price"": 29750, ""sold_out"": false, ""url"": ""https://product.29cm.co.kr/catalog/3355100""}",2026-09-06T08:07:14+00:00_6caed517
2026-09-06T17:07:00+09:00,2026-09-06T08:07:16+00:00,commerce_rank,9oz USA Cotton Tubular Tee Black,29cm:3355100@272103100,rank,49.0,"{""brand_eng"": ""BRONSON"", ""brand_kor"": ""브론슨"", ""brand_no"": 89408, ""category1"": ""여성의류"", ""category2"": ""상의"", ""category3"": ""반소매 티셔츠"", ""category3_code"": 268103101, ""is_new"": false, ""item_no"": 3355100, ""period_sort"": ""ONE_DAY"", ""platform"": ""29cm"", ""ranking_category_code"": ""272103100"", ""ranking_category_name"": ""남성의류>상의"", ""review_avg"": 5.0, ""sale_percent"": 15, ""sale_price"": 29750, ""sold_out"": false, ""url"": ""https://product.29cm.co.kr/catalog/3355100""}",2026-09-06T08:07:14+00:00_6caed517
2026-09-06T17:07:00+09:00,2026-09-06T08:07:16+00:00,commerce_rank,9oz USA Cotton Tubular Tee White,29cm:3355216,heart_count,1070.0,"{""brand_eng"": ""BRONSON"", ""brand_kor"": ""브론슨"", ""brand_no"": 89408, ""category1"": ""여성의류"", ""category2"": ""상의"", ""category3"": ""반소매 티셔츠"", ""category3_code"": 268103101, ""is_new"": false, ""item_no"": 3355216, ""period_sort"": ""ONE_DAY"", ""platform"": ""29cm"", ""ranking_category_code"": ""272103100"", ""ranking_category_name"": ""남성의류>상의"", ""review_avg"": 5.0, ""sale_percent"": 15, ""sale_price"": 29750, ""sold_out"": false, ""url"": ""https://product.29cm.co.kr/catalog/3355216""}",2026-09-06T08:07:14+00:00_6caed517
2026-09-06T17:07:00+09:00,2026-09-06T08:07:16+00:00,commerce_rank,9oz USA Cotton Tubular Tee White,29cm:3355216,review_count,195.0,"{""brand_eng"": ""BRONSON"", ""brand_kor"": ""브론슨"", ""brand_no"": 89408, ""category1"": ""여성의류"", ""category2"": ""상의"", ""category3"": ""반소매 티셔츠"", ""category3_code"": 268103101, ""is_new"": false, ""item_no"": 3355216, ""period_sort"": ""ONE_DAY"", ""platform"": ""29cm"", ""ranking_category_code"": ""272103100"", ""ranking_category_name"": ""남성의류>상의"", ""review_avg"": 5.0, ""sale_percent"": 15, ""sale_price"": 29750, ""sold_out"": false, ""url"": ""https://product.29cm.co.kr/catalog/3355216""}",2026-09-06T08:07:14+00:00_6caed517
2026-09-06T17:07:00+09:00,2026-09-06T08:07:16+00:00,commerce_rank,9oz USA Cotton Tubular Tee White,29cm:3355216@272103100,rank,36.0,"{""brand_eng"": ""BRONSON"", ""brand_kor"": ""브론슨"", ""brand_no"": 89408, ""category1"": ""여성의류"", ""category2"": ""상의"", ""category3"": ""반소매 티셔츠"", ""category3_code"": 268103101, ""is_new"": false, ""item_no"": 3355216, ""period_sort"": ""ONE_DAY"", ""platform"": ""29cm"", ""ranking_category_code"": ""272103100"", ""ranking_category_name"": ""남성의류>상의"", ""review_avg"": 5.0, ""sale_percent"": 15, ""sale_price"": 29750, ""sold_out"": false, ""url"": ""https://product.29cm.co.kr/catalog/3355216""}",2026-09-06T08:07:14+00:00_6caed517
2026-09-06T17:07:00+09:00,2026-09-06T08:07:16+00:00,commerce_rank,9oz USA Cotton Tubular Tee Light Grey,29cm:3355223,heart_count,184.0,"{""brand_eng"": ""BRONSON"", ""brand_kor"": ""브론슨"", ""brand_no"": 89408, ""category1"": ""여성의류"", ""category2"": ""상의"", ""category3"": ""반소매 티셔츠"", ""category3_code"": 268103101, ""is_new"": false, ""item_no"": 3355223, ""period_sort"": ""ONE_DAY"", ""platform"": ""29cm"", ""ranking_category_code"": ""272103100"", ""ranking_category_name"": ""남성의류>상의"", ""review_avg"": 4.5, ""sale_percent"": 15, ""sale_price"": 29750, ""sold_out"": false, ""url"": ""https://product.29cm.co.kr/catalog/3355223""}",2026-09-06T08:07:14+00:00_6caed517
2026-09-06T17:07:00+09:00,2026-09-06T08:07:16+00:00,commerce_rank,9oz USA Cotton Tubular Tee Light Grey,29cm:3355223,review_count,40.0,"{""brand_eng"": ""BRONSON"", ""brand_kor"": ""브론슨"", ""brand_no"": 89408, ""category1"": ""여성의류"", ""category2"": ""상의"", ""category3"": ""반소매 티셔츠"", ""category3_code"": 268103101, ""is_new"": false, ""item_no"": 3355223, ""period_sort"": ""ONE_DAY"", ""platform"": ""29cm"", ""ranking_category_code"": ""272103100"", ""ranking_category_name"": ""남성의류>상의"", ""review_avg"": 4.5, ""sale_percent"": 15, ""sale_price"": 29750, ""sold_out"": false, ""url"": ""https://product.29cm.co.kr/catalog/3355223""}",2026-09-06T08:07:14+00:00_6caed517
2026-09-06T17:07:00+09:00,2026-09-06T08:07:16+00:00,commerce_rank,9oz USA Cotton Tubular Tee Light Grey,29cm:3355223@272103100,rank,83.0,"{""brand_eng"": ""BRONSON"", ""brand_kor"": ""브론슨"", ""brand_no"": 89408, ""category1"": ""여성의류"", ""category2"": ""상의"", ""category3"": ""반소매 티셔츠"", ""category3_code"": 268103101, ""is_new"": false, ""item_no"": 3355223, ""period_sort"": ""ONE_DAY"", ""platform"": ""29cm"", ""ranking_category_code"": ""272103100"", ""ranking_category_name"": ""남성의류>상의"", ""review_avg"": 4.5, ""sale_percent"": 15, ""sale_price"": 29750, ""sold_out"": false, ""url"": ""https://product.29cm.co.kr/catalog/3355223""}",2026-09-06T08:07:14+00:00_6caed517
2026-09-06T17:07:00+09:00,2026-09-06T08:07:15+00:00,commerce_rank,G CLASSIC LONG SLEEVE_3 Colors,29cm:3364509,heart_count,5592.0,"{""brand_eng"": ""GLOWNY"", ""brand_kor"": ""글로니"", ""brand_no"": 16723, ""category1"": ""여성의류"", ""category2"": ""상의"", ""category3"": ""긴소매 티셔츠"", ""category3_code"": 268103102, ""is_new"": false, ""item_no"": 3364509, ""period_sort"": ""ONE_DAY"", ""platform"": ""29cm"", ""ranking_category_code"": ""268103100"", ""ranking_category_name"": ""여성의류>상의"", ""review_avg"": 5.0, ""sale_percent"": 10, ""sale_price"": 45000, ""sold_out"": false, ""url"": ""https://product.29cm.co.kr/catalog/3364509""}",2026-09-06T08:07:14+00:00_6caed517
2026-09-06T17:07:00+09:00,2026-09-06T08:07:15+00:00,commerce_rank,G CLASSIC LONG SLEEVE_3 Colors,29cm:3364509,review_count,283.0,"{""brand_eng"": ""GLOWNY"", ""brand_kor"": ""글로니"", ""brand_no"": 16723, ""category1"": ""여성의류"", ""category2"": ""상의"", ""category3"": ""긴소매 티셔츠"", ""category3_code"": 268103102, ""is_new"": false, ""item_no"": 3364509, ""period_sort"": ""ONE_DAY"", ""platform"": ""29cm"", ""ranking_category_code"": ""268103100"", ""ranking_category_name"": ""여성의류>상의"", ""review_avg"": 5.0, ""sale_percent"": 10, ""sale_price"": 45000, ""sold_out"": false, ""url"": ""https://product.29cm.co.kr/catalog/3364509""}",2026-09-06T08:07:14+00:00_6caed517
2026-09-06T17:07:00+09:00,2026-09-06T08:07:15+00:00,commerce_rank,G CLASSIC LONG SLEEVE_3 Colors,29cm:3364509@268103100,rank,80.0,"{""brand_eng"": ""GLOWNY"", ""brand_kor"": ""글로니"", ""brand_no"": 16723, ""category1"": ""여성의류"", ""category2"": ""상의"", ""category3"": ""긴소매 티셔츠"", ""category3_code"": 268103102, ""is_new"": false, ""item_no"": 3364509, ""period_sort"": ""ONE_DAY"", ""platform"": ""29cm"", ""ranking_category_code"": ""268103100"", ""ranking_category_name"": ""여성의류>상의"", ""review_avg"": 5.0, ""sale_percent"": 10, ""sale_price"": 45000, ""sold_out"": false, ""url"": ""https://product.29cm.co.kr/catalog/3364509""}",2026-09-06T08:07:14+00:00_6caed517
2026-09-06T17:07:00+09:00,2026-09-06T08:07:15+00:00,commerce_rank,G BABY TEE_3 Colors,29cm:3364526,heart_count,21666.0,"{""brand_eng"": ""GLOWNY"", ""brand_kor"": ""글로니"", ""brand_no"": 16723, ""category1"": ""여성의류"", ""category2"": ""상의"", ""category3"": ""반소매 티셔츠"", ""category3_code"": 268103101, ""is_new"": false, ""item_no"": 3364526, ""period_sort"": ""ONE_DAY"", ""platform"": ""29cm"", ""ranking_category_code"": ""268103100"", ""ranking_category_name"": ""여성의류>상의"", ""review_avg"": 5.0, ""sale_percent"": 10, ""sale_price"": 37800, ""sold_out"": false, ""url"": ""https://product.29cm.co.kr/catalog/3364526""}",2026-09-06T08:07:14+00:00_6caed517
2026-09-06T17:07:00+09:00,2026-09-06T08:07:15+00:00,commerce_rank,G BABY TEE_3 Colors,29cm:3364526,review_count,1432.0,"{""brand_eng"": ""GLOWNY"", ""brand_kor"": ""글로니"", ""brand_no"": 16723, ""category1"": ""여성의류"", ""category2"": ""상의"", ""category3"": ""반소매 티셔츠"", ""category3_code"": 268103101, ""is_new"": false, ""item_no"": 3364526, ""period_sort"": ""ONE_DAY"", ""platform"": ""29cm"", ""ranking_category_code"": ""268103100"", ""ranking_category_name"": ""여성의류>상의"", ""review_avg"": 5.0, ""sale_percent"": 10, ""sale_price"": 37800, ""sold_out"": false, ""url"": ""https://product.29cm.co.kr/catalog/3364526""}",2026-09-06T08:07:14+00:00_6caed517
2026-09-06T17:07:00+09:00,2026-09-06T08:07:15+00:00,commerce_rank,G BABY TEE_3 Colors,29cm:3364526@268103100,rank,89.0,"{""brand_eng"": ""GLOWNY"", ""brand_kor"": ""글로니"", ""brand_no"": 16723, ""category1"": ""여성의류"", ""category2"": ""상의"", ""category3"": ""반소매 티셔츠"", ""category3_code"": 268103101, ""is_new"": false, ""item_no"": 3364526, ""period_sort"": ""ONE_DAY"", ""platform"": ""29cm"", ""ranking_category_code"": ""268103100"", ""ranking_category_name"": ""여성의류>상의"", ""review_avg"": 5.0, ""sale_percent"": 10, ""sale_price"": 37800, ""sold_out"": false, ""url"": ""https://product.29cm.co.kr/catalog/3364526""}",2026-09-06T08:07:14+00:00_6caed517
2026-09-06T17:07:00+09:00,2026-09-06T08:07:15+00:00,commerce_rank,G COMFORT HOODIE_3 Colors,29cm:3364815,heart_count,8001.0,"{""brand_eng"": ""GLOWNY"", ""brand_kor"": ""글로니"", ""brand_no"": 16723, ""category1"": ""여성의류"", ""category2"": ""단독"", ""category3"": ""상의"", ""category3_code"": 268116101, ""is_new"": false, ""item_no"": 3364815, ""period_sort"": ""ONE_DAY"", ""platform"": ""29cm"", ""ranking_category_code"": ""268103100"", ""ranking_category_name"": ""여성의류>상의"", ""review_avg"": 5.0, ""sale_percent"": 10, ""sale_price"": 55800, ""sold_out"": false, ""url"": ""https://product.29cm.co.kr/catalog/3364815""}",2026-09-06T08:07:14+00:00_6caed517
2026-09-06T17:07:00+09:00,2026-09-06T08:07:15+00:00,commerce_rank,G COMFORT HOODIE_3 Colors,29cm:3364815,review_count,310.0,"{""brand_eng"": ""GLOWNY"", ""brand_kor"": ""글로니"", ""brand_no"": 16723, ""category1"": ""여성의류"", ""category2"": ""단독"", ""category3"": ""상의"", ""category3_code"": 268116101, ""is_new"": false, ""item_no"": 3364815, ""period_sort"": ""ONE_DAY"", ""platform"": ""29cm"", ""ranking_category_code"": ""268103100"", ""ranking_category_name"": ""여성의류>상의"", ""review_avg"": 5.0, ""sale_percent"": 10, ""sale_price"": 55800, ""sold_out"": false, ""url"": ""https://product.29cm.co.kr/catalog/3364815""}",2026-09-06T08:07:14+00:00_6caed517
2026-09-06T17:07:00+09:00,2026-09-06T08:07:15+00:00,commerce_rank,G COMFORT HOODIE_3 Colors,29cm:3364815@268103100,rank,47.0,"{""brand_eng"": ""GLOWNY"", ""brand_kor"": ""글로니"", ""brand_no"": 16723, ""category1"": ""여성의류"", ""category2"": ""단독"", ""category3"": ""상의"", ""category3_code"": 268116101, ""is_new"": false, ""item_no"": 3364815, ""period_sort"": ""ONE_DAY"", ""platform"": ""29cm"", ""ranking_category_code"": ""268103100"", ""ranking_category_name"": ""여성의류>상의"", ""review_avg"": 5.0, ""sale_percent"": 10, ""sale_price"": 55800, ""sold_out"": false, ""url"": ""https://product.29cm.co.kr/catalog/3364815""}",2026-09-06T08:07:14+00:00_6caed517
2026-09-06T17:07:00+09:00,2026-09-06T08:07:15+00:00,commerce_rank,[닝닝 착용] 3/4 BUTTON FLY TEE_3 Colors,29cm:3364834,heart_count,17478.0,"{""brand_eng"": ""GLOWNY"", ""brand_kor"": ""글로니"", ""brand_no"": 16723, ""category1"": ""여성의류"", ""category2"": ""단독"", ""category3"": ""상의"", ""category3_code"": 268116101, ""is_new"": false, ""item_no"": 3364834, ""period_sort"": ""ONE_DAY"", ""platform"": ""29cm"", ""ranking_category_code"": ""268103100"", ""ranking_category_name"": ""여성의류>상의"", ""review_avg"": 5.0, ""sale_percent"": 10, ""sale_price"": 45000, ""sold_out"": false, ""url"": ""https://product.29cm.co.kr/catalog/3364834""}",2026-09-06T08:07:14+00:00_6caed517
2026-09-06T17:07:00+09:00,2026-09-06T08:07:15+00:00,commerce_rank,[닝닝 착용] 3/4 BUTTON FLY TEE_3 Colors,29cm:3364834,review_count,688.0,"{""brand_eng"": ""GLOWNY"", ""brand_kor"": ""글로니"", ""brand_no"": 16723, ""category1"": ""여성의류"", ""category2"": ""단독"", ""category3"": ""상의"", ""category3_code"": 268116101, ""is_new"": false, ""item_no"": 3364834, ""period_sort"": ""ONE_DAY"", ""platform"": ""29cm"", ""ranking_category_code"": ""268103100"", ""ranking_category_name"": ""여성의류>상의"", ""review_avg"": 5.0, ""sale_percent"": 10, ""sale_price"": 45000, ""sold_out"": false, ""url"": ""https://product.29cm.co.kr/catalog/3364834""}",2026-09-06T08:07:14+00:00_6caed517
2026-09-06T17:07:00+09:00,2026-09-06T08:07:15+00:00,commerce_rank,[닝닝 착용] 3/4 BUTTON FLY TEE_3 Colors,29cm:3364834@268103100,rank,2.0,"{""brand_eng"": ""GLOWNY"", ""brand_kor"": ""글로니"", ""brand_no"": 16723, ""category1"": ""여성의류"", ""category2"": ""단독"", ""category3"": ""상의"", ""category3_code"": 268116101, ""is_new"": false, ""item_no"": 3364834, ""period_sort"": ""ONE_DAY"", ""platform"": ""29cm"", ""ranking_category_code"": ""268103100"", ""ranking_category_name"": ""여성의류>상의"", ""review_avg"": 5.0, ""sale_percent"": 10, ""sale_price"": 45000, ""sold_out"": false, ""url"": ""https://product.29cm.co.kr/catalog/3364834""}",2026-09-06T08:07:14+00:00_6caed517
2026-09-06T17:07:00+09:00,2026-09-06T08:07:15+00:00,commerce_rank,G CLASSIC CAMISOLE_3 Colors,29cm:3364869,heart_count,6768.0,"{""brand_eng"": ""GLOWNY"", ""brand_kor"": ""글로니"", ""brand_no"": 16723, ""category1"": ""여성의류"", ""category2"": ""상의"", ""category3"": ""슬리브리스"", ""category3_code"": 268103103, ""is_new"": false, ""item_no"": 3364869, ""period_sort"": ""ONE_DAY"", ""platform"": ""29cm"", ""ranking_category_code"": ""268103100"", ""ranking_category_name"": ""여성의류>상의"", ""review_avg"": 5.0, ""sale_percent"": 10, ""sale_price"": 32400, ""sold_out"": false, ""url"": ""https://product.29cm.co.kr/catalog/3364869""}",2026-09-06T08:07:14+00:00_6caed517
2026-09-06T17:07:00+09:00,2026-09-06T08:07:15+00:00,commerce_rank,G CLASSIC CAMISOLE_3 Colors,29cm:3364869,review_count,383.0,"{""brand_eng"": ""GLOWNY"", ""brand_kor"": ""글로니"", ""brand_no"": 16723, ""category1"": ""여성의류"", ""category2"": ""상의"", ""category3"": ""슬리브리스"", ""category3_code"": 268103103, ""is_new"": false, ""item_no"": 3364869, ""period_sort"": ""ONE_DAY"", ""platform"": ""29cm"", ""ranking_category_code"": ""268103100"", ""ranking_category_name"": ""여성의류>상의"", ""review_avg"": 5.0, ""sale_percent"": 10, ""sale_price"": 32400, ""sold_out"": false, ""url"": ""https://product.29cm.co.kr/catalog/3364869""}",2026-09-06T08:07:14+00:00_6caed517
2026-09-06T17:07:00+09:00,2026-09-06T08:07:15+00:00,commerce_rank,G CLASSIC CAMISOLE_3 Colors,29cm:3364869@268103100,rank,83.0,"{""brand_eng"": ""GLOWNY"", ""brand_kor"": ""글로니"", ""brand_no"": 16723, ""category1"": ""여성의류"", ""category2"": ""상의"", ""category3"": ""슬리브리스"", ""category3_code"": 268103103, ""is_new"": false, ""item_no"": 3364869, ""period_sort"": ""ONE_DAY"", ""platform"": ""29cm"", ""ranking_category_code"": ""268103100"", ""ranking_category_name"": ""여성의류>상의"", ""review_avg"": 5.0, ""sale_percent"": 10, ""sale_price"": 32400, ""sold_out"": false, ""url"": ""https://product.29cm.co.kr/catalog/3364869""}",2026-09-06T08:07:14+00:00_6caed517
2026-09-06T17:07:00+09:00,2026-09-06T08:07:15+00:00,commerce_rank,Reversible 3/4 Sleeve Tee_Ivory,29cm:3410565,heart_count,18117.0,"{""brand_eng"": ""108POUND"", ""brand_kor"": ""108파운드"", ""brand_no"": 86198, ""category1"": ""여성의류"", ""category2"": ""상의"", ""category3"": ""긴소매 티셔츠"", ""category3_code"": 268103102, ""is_new"": false, ""item_no"": 3410565, ""period_sort"": ""ONE_DAY"", ""platform"": ""29cm"", ""ranking_category_code"": ""268103100"", ""ranking_category_name"": ""여성의류>상의"", ""review_avg"": 4.5, ""sale_percent"": 23, ""sale_price"": 29840, ""sold_out"": false, ""url"": ""https://product.29cm.co.kr/catalog/3410565""}",2026-09-06T08:07:14+00:00_6caed517
2026-09-06T17:07:00+09:00,2026-09-06T08:07:15+00:00,commerce_rank,Reversible 3/4 Sleeve Tee_Ivory,29cm:3410565,review_count,850.0,"{""brand_eng"": ""108POUND"", ""brand_kor"": ""108파운드"", ""brand_no"": 86198, ""category1"": ""여성의류"", ""category2"": ""상의"", ""category3"": ""긴소매 티셔츠"", ""category3_code"": 268103102, ""is_new"": false, ""item_no"": 3410565, ""period_sort"": ""ONE_DAY"", ""platform"": ""29cm"", ""ranking_category_code"": ""268103100"", ""ranking_category_name"": ""여성의류>상의"", ""review_avg"": 4.5, ""sale_percent"": 23, ""sale_price"": 29840, ""sold_out"": false, ""url"": ""https://product.29cm.co.kr/catalog/3410565""}",2026-09-06T08:07:14+00:00_6caed517
2026-09-06T17:07:00+09:00,2026-09-06T08:07:15+00:00,commerce_rank,Reversible 3/4 Sleeve Tee_Ivory,29cm:3410565@268103100,rank,78.0,"{""brand_eng"": ""108POUND"", ""brand_kor"": ""108파운드"", ""brand_no"": 86198, ""category1"": ""여성의류"", ""category2"": ""상의"", ""category3"": ""긴소매 티셔츠"", ""category3_code"": 268103102, ""is_new"": false, ""item_no"": 3410565, ""period_sort"": ""ONE_DAY"", ""platform"": ""29cm"", ""ranking_category_code"": ""268103100"", ""ranking_category_name"": ""여성의류>상의"", ""review_avg"": 4.5, ""sale_percent"": 23, ""sale_price"": 29840, ""sold_out"": false, ""url"": ""https://product.29cm.co.kr/catalog/3410565""}",2026-09-06T08:07:14+00:00_6caed517
2026-09-06T17:07:00+09:00,2026-09-06T08:07:15+00:00,commerce_rank,[29CM 단독컬러] Soft Cotton Relaxed Raglan T-Shirt_CTT391(5color),29cm:3437543,heart_count,8368.0,"{""brand_eng"": ""CITTA"", ""brand_kor"": ""씨타"", ""brand_no"": 71833, ""category1"": ""여성의류"", ""category2"": ""상의"", ""category3"": ""긴소매 티셔츠"", ""category3_code"": 268103102, ""is_new"": false, ""item_no"": 3437543, ""period_sort"": ""ONE_DAY"", ""platform"": ""29cm"", ""ranking_category_code"": ""268103100"", ""ranking_category_name"": ""여성의류>상의"", ""review_avg"": 4.5, ""sale_percent"": 27, ""sale_price"": 48120, ""sold_out"": false, ""url"": ""https://product.29cm.co.kr/catalog/3437543""}",2026-09-06T08:07:14+00:00_6caed517
2026-09-06T17:07:00+09:00,2026-09-06T08:07:15+00:00,commerce_rank,[29CM 단독컬러] Soft Cotton Relaxed Raglan T-Shirt_CTT391(5color),29cm:3437543,review_count,227.0,"{""brand_eng"": ""CITTA"", ""brand_kor"": ""씨타"", ""brand_no"": 71833, ""category1"": ""여성의류"", ""category2"": ""상의"", ""category3"": ""긴소매 티셔츠"", ""category3_code"": 268103102, ""is_new"": false, ""item_no"": 3437543, ""period_sort"": ""ONE_DAY"", ""platform"": ""29cm"", ""ranking_category_code"": ""268103100"", ""ranking_category_name"": ""여성의류>상의"", ""review_avg"": 4.5, ""sale_percent"": 27, ""sale_price"": 48120, ""sold_out"": false, ""url"": ""https://product.29cm.co.kr/catalog/3437543""}",2026-09-06T08:07:14+00:00_6caed517
2026-09-06T17:07:00+09:00,2026-09-06T08:07:15+00:00,commerce_rank,[29CM 단독컬러] Soft Cotton Relaxed Raglan T-Shirt_CTT391(5color),29cm:3437543@268103100,rank,50.0,"{""brand_eng"": ""CITTA"", ""brand_kor"": ""씨타"", ""brand_no"": 71833, ""category1"": ""여성의류"", ""category2"": ""상의"", ""category3"": ""긴소매 티셔츠"", ""category3_code"": 268103102, ""is_new"": false, ""item_no"": 3437543, ""period_sort"": ""ONE_DAY"", ""platform"": ""29cm"", ""ranking_category_code"": ""268103100"", ""ranking_category_name"": ""여성의류>상의"", ""review_avg"": 4.5, ""sale_percent"": 27, ""sale_price"": 48120, ""sold_out"": false, ""url"": ""https://product.29cm.co.kr/catalog/3437543""}",2026-09-06T08:07:14+00:00_6caed517
2026-09-06T17:07:00+09:00,2026-09-06T08:07:15+00:00,commerce_rank,Oversized Essential Shirt-Ivory,29cm:3442316,heart_count,22906.0,"{""brand_eng"": ""BITTERCELLS"", ""brand_kor"": ""비터셀즈"", ""brand_no"": 15063, ""category1"": ""여성의류"", ""category2"": ""상의"", ""category3"": ""셔츠"", ""category3_code"": 268103106, ""is_new"": false, ""item_no"": 3442316, ""period_sort"": ""ONE_DAY"", ""platform"": ""29cm"", ""ranking_category_code"": ""268103100"", ""ranking_category_name"": ""여성의류>상의"", ""review_avg"": 5.0, ""sale_percent"": 15, ""sale_price"": 50150, ""sold_out"": false, ""url"": ""https://product.29cm.co.kr/catalog/3442316""}",2026-09-06T08:07:14+00:00_6caed517
2026-09-06T17:07:00+09:00,2026-09-06T08:07:15+00:00,commerce_rank,Oversized Essential Shirt-Ivory,29cm:3442316,review_count,631.0,"{""brand_eng"": ""BITTERCELLS"", ""brand_kor"": ""비터셀즈"", ""brand_no"": 15063, ""category1"": ""여성의류"", ""category2"": ""상의"", ""category3"": ""셔츠"", ""category3_code"": 268103106, ""is_new"": false, ""item_no"": 3442316, ""period_sort"": ""ONE_DAY"", ""platform"": ""29cm"", ""ranking_category_code"": ""268103100"", ""ranking_category_name"": ""여성의류>상의"", ""review_avg"": 5.0, ""sale_percent"": 15, ""sale_price"": 50150, ""sold_out"": false, ""url"": ""https://product.29cm.co.kr/catalog/3442316""}",2026-09-06T08:07:14+00:00_6caed517
2026-09-06T17:07:00+09:00,2026-09-06T08:07:15+00:00,commerce_rank,Oversized Essential Shirt-Ivory,29cm:3442316@268103100,rank,75.0,"{""brand_eng"": ""BITTERCELLS"", ""brand_kor"": ""비터셀즈"", ""brand_no"": 15063, ""category1"": ""여성의류"", ""category2"": ""상의"", ""category3"": ""셔츠"", ""category3_code"": 268103106, ""is_new"": false, ""item_no"": 3442316, ""period_sort"": ""ONE_DAY"", ""platform"": ""29cm"", ""ranking_category_code"": ""268103100"", ""ranking_category_name"": ""여성의류>상의"", ""review_avg"": 5.0, ""sale_percent"": 15, ""sale_price"": 50150, ""sold_out"": false, ""url"": ""https://product.29cm.co.kr/catalog/3442316""}",2026-09-06T08:07:14+00:00_6caed517
2026-09-06T17:07:00+09:00,2026-09-06T08:07:15+00:00,commerce_rank,[김가을 Pick] [23th] Wave Logo Raglan Long Top - White Melange(Navy),29cm:3444277,heart_count,25575.0,"{""brand_eng"": ""SOMEWHEREBUTTER"", ""brand_kor"": ""썸웨어버터"", ""brand_no"": 18640, ""category1"": ""여성의류"", ""category2"": ""상의"", ""category3"": ""긴소매 티셔츠"", ""category3_code"": 268103102, ""is_new"": false, ""item_no"": 3444277, ""period_sort"": ""ONE_DAY"", ""platform"": ""29cm"", ""ranking_category_code"": ""268103100"", ""ranking_category_name"": ""여성의류>상의"", ""review_avg"": 5.0, ""sale_percent"": 10, ""sale_price"": 62100, ""sold_out"": false, ""url"": ""https://product.29cm.co.kr/catalog/3444277""}",2026-09-06T08:07:14+00:00_6caed517
2026-09-06T17:07:00+09:00,2026-09-06T08:07:15+00:00,commerce_rank,[김가을 Pick] [23th] Wave Logo Raglan Long Top - White Melange(Navy),29cm:3444277,review_count,575.0,"{""brand_eng"": ""SOMEWHEREBUTTER"", ""brand_kor"": ""썸웨어버터"", ""brand_no"": 18640, ""category1"": ""여성의류"", ""category2"": ""상의"", ""category3"": ""긴소매 티셔츠"", ""category3_code"": 268103102, ""is_new"": false, ""item_no"": 3444277, ""period_sort"": ""ONE_DAY"", ""platform"": ""29cm"", ""ranking_category_code"": ""268103100"", ""ranking_category_name"": ""여성의류>상의"", ""review_avg"": 5.0, ""sale_percent"": 10, ""sale_price"": 62100, ""sold_out"": false, ""url"": ""https://product.29cm.co.kr/catalog/3444277""}",2026-09-06T08:07:14+00:00_6caed517
2026-09-06T17:07:00+09:00,2026-09-06T08:07:15+00:00,commerce_rank,[김가을 Pick] [23th] Wave Logo Raglan Long Top - White Melange(Navy),29cm:3444277@268103100,rank,66.0,"{""brand_eng"": ""SOMEWHEREBUTTER"", ""brand_kor"": ""썸웨어버터"", ""brand_no"": 18640, ""category1"": ""여성의류"", ""category2"": ""상의"", ""category3"": ""긴소매 티셔츠"", ""category3_code"": 268103102, ""is_new"": false, ""item_no"": 3444277, ""period_sort"": ""ONE_DAY"", ""platform"": ""29cm"", ""ranking_category_code"": ""268103100"", ""ranking_category_name"": ""여성의류>상의"", ""review_avg"": 5.0, ""sale_percent"": 10, ""sale_price"": 62100, ""sold_out"": false, ""url"": ""https://product.29cm.co.kr/catalog/3444277""}",2026-09-06T08:07:14+00:00_6caed517
2026-09-06T17:07:00+09:00,2026-09-06T08:07:16+00:00,commerce_rank,[AW] Ordinary Check Shirt (Ecru),29cm:3447931,heart_count,192.0,"{""brand_eng"": ""ANOTHER OFFICE"", ""brand_kor"": ""어나더오피스"", ""brand_no"": 1708, ""category1"": ""남성의류"", ""category2"": ""상의"", ""category3"": ""긴소매 셔츠"", ""category3_code"": 272103106, ""is_new"": false, ""item_no"": 3447931, ""period_sort"": ""ONE_DAY"", ""platform"": ""29cm"", ""ranking_category_code"": ""272103100"", ""ranking_category_name"": ""남성의류>상의"", ""review_avg"": 5.0, ""sale_percent"": 15, ""sale_price"": 160650, ""sold_out"": false, ""url"": ""https://product.29cm.co.kr/catalog/3447931""}",2026-09-06T08:07:14+00:00_6caed517
2026-09-06T17:07:00+09:00,2026-09-06T08:07:16+00:00,commerce_rank,[AW] Ordinary Check Shirt (Ecru),29cm:3447931,review_count,26.0,"{""brand_eng"": ""ANOTHER OFFICE"", ""brand_kor"": ""어나더오피스"", ""brand_no"": 1708, ""category1"": ""남성의류"", ""category2"": ""상의"", ""category3"": ""긴소매 셔츠"", ""category3_code"": 272103106, ""is_new"": false, ""item_no"": 3447931, ""period_sort"": ""ONE_DAY"", ""platform"": ""29cm"", ""ranking_category_code"": ""272103100"", ""ranking_category_name"": ""남성의류>상의"", ""review_avg"": 5.0, ""sale_percent"": 15, ""sale_price"": 160650, ""sold_out"": false, ""url"": ""https://product.29cm.co.kr/catalog/3447931""}",2026-09-06T08:07:14+00:00_6caed517
2026-09-06T17:07:00+09:00,2026-09-06T08:07:16+00:00,commerce_rank,[AW] Ordinary Check Shirt (Ecru),29cm:3447931@272103100,rank,67.0,"{""brand_eng"": ""ANOTHER OFFICE"", ""brand_kor"": ""어나더오피스"", ""brand_no"": 1708, ""category1"": ""남성의류"", ""category2"": ""상의"", ""category3"": ""긴소매 셔츠"", ""category3_code"": 272103106, ""is_new"": false, ""item_no"": 3447931, ""period_sort"": ""ONE_DAY"", ""platform"": ""29cm"", ""ranking_category_code"": ""272103100"", ""ranking_category_name"": ""남성의류>상의"", ""review_avg"": 5.0, ""sale_percent"": 15, ""sale_price"": 160650, ""sold_out"": false, ""url"": ""https://product.29cm.co.kr/catalog/3447931""}",2026-09-06T08:07:14+00:00_6caed517
2026-09-06T17:07:00+09:00,2026-09-06T08:07:16+00:00,commerce_rank,[2팩/세미크롭핏] 스웨트 셔츠,29cm:3450561,heart_count,752.0,"{""brand_eng"": ""DISCUS ATHLETIC"", ""brand_kor"": ""디스커스 애슬레틱"", ""brand_no"": 24583, ""category1"": ""남성의류"", ""category2"": ""상의"", ""category3"": ""스웨트셔츠"", ""category3_code"": 272103107, ""is_new"": false, ""item_no"": 3450561, ""period_sort"": ""ONE_DAY"", ""platform"": ""29cm"", ""ranking_category_code"": ""272103100"", ""ranking_category_name"": ""남성의류>상의"", ""review_avg"": 5.0, ""sale_percent"": 45, ""sale_price"": 59900, ""sold_out"": false, ""url"": ""https://product.29cm.co.kr/catalog/3450561""}",2026-09-06T08:07:14+00:00_6caed517
2026-09-06T17:07:00+09:00,2026-09-06T08:07:16+00:00,commerce_rank,[2팩/세미크롭핏] 스웨트 셔츠,29cm:3450561,review_count,97.0,"{""brand_eng"": ""DISCUS ATHLETIC"", ""brand_kor"": ""디스커스 애슬레틱"", ""brand_no"": 24583, ""category1"": ""남성의류"", ""category2"": ""상의"", ""category3"": ""스웨트셔츠"", ""category3_code"": 272103107, ""is_new"": false, ""item_no"": 3450561, ""period_sort"": ""ONE_DAY"", ""platform"": ""29cm"", ""ranking_category_code"": ""272103100"", ""ranking_category_name"": ""남성의류>상의"", ""review_avg"": 5.0, ""sale_percent"": 45, ""sale_price"": 59900, ""sold_out"": false, ""url"": ""https://product.29cm.co.kr/catalog/3450561""}",2026-09-06T08:07:14+00:00_6caed517
2026-09-06T17:07:00+09:00,2026-09-06T08:07:16+00:00,commerce_rank,[2팩/세미크롭핏] 스웨트 셔츠,29cm:3450561@272103100,rank,99.0,"{""brand_eng"": ""DISCUS ATHLETIC"", ""brand_kor"": ""디스커스 애슬레틱"", ""brand_no"": 24583, ""category1"": ""남성의류"", ""category2"": ""상의"", ""category3"": ""스웨트셔츠"", ""category3_code"": 272103107, ""is_new"": false, ""item_no"": 3450561, ""period_sort"": ""ONE_DAY"", ""platform"": ""29cm"", ""ranking_category_code"": ""272103100"", ""ranking_category_name"": ""남성의류>상의"", ""review_avg"": 5.0, ""sale_percent"": 45, ""sale_price"": 59900, ""sold_out"": false, ""url"": ""https://product.29cm.co.kr/catalog/3450561""}",2026-09-06T08:07:14+00:00_6caed517
2026-09-06T17:07:00+09:00,2026-09-06T08:07:15+00:00,commerce_rank,[22th] Molly hoodie t-shirt (melange gray),29cm:3460559,heart_count,8825.0,"{""brand_eng"": ""THE MITTEN"", ""brand_kor"": ""더미튼"", ""brand_no"": 25573, ""category1"": ""여성의류"", ""category2"": ""상의"", ""category3"": ""후디"", ""category3_code"": 268103105, ""is_new"": false, ""item_no"": 3460559, ""period_sort"": ""ONE_DAY"", ""platform"": ""29cm"", ""ranking_category_code"": ""268103100"", ""ranking_category_name"": ""여성의류>상의"", ""review_avg"": 5.0, ""sale_percent"": 17, ""sale_price"": 73700, ""sold_out"": false, ""url"": ""https://product.29cm.co.kr/catalog/3460559""}",2026-09-06T08:07:14+00:00_6caed517
2026-09-06T17:07:00+09:00,2026-09-06T08:07:15+00:00,commerce_rank,[22th] Molly hoodie t-shirt (melange gray),29cm:3460559,review_count,337.0,"{""brand_eng"": ""THE MITTEN"", ""brand_kor"": ""더미튼"", ""brand_no"": 25573, ""category1"": ""여성의류"", ""category2"": ""상의"", ""category3"": ""후디"", ""category3_code"": 268103105, ""is_new"": false, ""item_no"": 3460559, ""period_sort"": ""ONE_DAY"", ""platform"": ""29cm"", ""ranking_category_code"": ""268103100"", ""ranking_category_name"": ""여성의류>상의"", ""review_avg"": 5.0, ""sale_percent"": 17, ""sale_price"": 73700, ""sold_out"": false, ""url"": ""https://product.29cm.co.kr/catalog/3460559""}",2026-09-06T08:07:14+00:00_6caed517
2026-09-06T17:07:00+09:00,2026-09-06T08:07:15+00:00,commerce_rank,[22th] Molly hoodie t-shirt (melange gray),29cm:3460559@268103100,rank,71.0,"{""brand_eng"": ""THE MITTEN"", ""brand_kor"": ""더미튼"", ""brand_no"": 25573, ""category1"": ""여성의류"", ""category2"": ""상의"", ""category3"": ""후디"", ""category3_code"": 268103105, ""is_new"": false, ""item_no"": 3460559, ""period_sort"": ""ONE_DAY"", ""platform"": ""29cm"", ""ranking_category_code"": ""268103100"", ""ranking_category_name"": ""여성의류>상의"", ""review_avg"": 5.0, ""sale_percent"": 17, ""sale_price"": 73700, ""sold_out"": false, ""url"": ""https://product.29cm.co.kr/catalog/3460559""}",2026-09-06T08:07:14+00:00_6caed517
2026-09-06T17:07:00+09:00,2026-09-06T08:07:15+00:00,commerce_rank,Lang Stripe Overfit T-shirt_Grey,29cm:3462452,heart_count,12934.0,"{""brand_eng"": ""THE BARNNET"", ""brand_kor"": ""더바넷"", ""brand_no"": 76630, ""category1"": ""여성의류"", ""category2"": ""상의"", ""category3"": ""긴소매 티셔츠"", ""category3_code"": 268103102, ""is_new"": false, ""item_no"": 3462452, ""period_sort"": ""ONE_DAY"", ""platform"": ""29cm"", ""ranking_category_code"": ""268103100"", ""ranking_category_name"": ""여성의류>상의"", ""review_avg"": 5.0, ""sale_percent"": 10, ""sale_price"": 88200, ""sold_out"": false, ""url"": ""https://product.29cm.co.kr/catalog/3462452""}",2026-09-06T08:07:14+00:00_6caed517
2026-09-06T17:07:00+09:00,2026-09-06T08:07:15+00:00,commerce_rank,Lang Stripe Overfit T-shirt_Grey,29cm:3462452,review_count,642.0,"{""brand_eng"": ""THE BARNNET"", ""brand_kor"": ""더바넷"", ""brand_no"": 76630, ""category1"": ""여성의류"", ""category2"": ""상의"", ""category3"": ""긴소매 티셔츠"", ""category3_code"": 268103102, ""is_new"": false, ""item_no"": 3462452, ""period_sort"": ""ONE_DAY"", ""platform"": ""29cm"", ""ranking_category_code"": ""268103100"", ""ranking_category_name"": ""여성의류>상의"", ""review_avg"": 5.0, ""sale_percent"": 10, ""sale_price"": 88200, ""sold_out"": false, ""url"": ""https://product.29cm.co.kr/catalog/3462452""}",2026-09-06T08:07:14+00:00_6caed517
2026-09-06T17:07:00+09:00,2026-09-06T08:07:15+00:00,commerce_rank,Lang Stripe Overfit T-shirt_Grey,29cm:3462452@268103100,rank,59.0,"{""brand_eng"": ""THE BARNNET"", ""brand_kor"": ""더바넷"", ""brand_no"": 76630, ""category1"": ""여성의류"", ""category2"": ""상의"", ""category3"": ""긴소매 티셔츠"", ""category3_code"": 268103102, ""is_new"": false, ""item_no"": 3462452, ""period_sort"": ""ONE_DAY"", ""platform"": ""29cm"", ""ranking_category_code"": ""268103100"", ""ranking_category_name"": ""여성의류>상의"", ""review_avg"": 5.0, ""sale_percent"": 10, ""sale_price"": 88200, ""sold_out"": false, ""url"": ""https://product.29cm.co.kr/catalog/3462452""}",2026-09-06T08:07:14+00:00_6caed517
2026-09-06T17:07:00+09:00,2026-09-06T08:07:15+00:00,commerce_rank,Folder L/S Tee (4 Colors),29cm:3522545,heart_count,6343.0,"{""brand_eng"": ""TEKET"", ""brand_kor"": ""테켓"", ""brand_no"": 34509, ""category1"": ""여성의류"", ""category2"": ""상의"", ""category3"": ""긴소매 티셔츠"", ""category3_code"": 268103102, ""is_new"": false, ""item_no"": 3522545, ""period_sort"": ""ONE_DAY"", ""platform"": ""29cm"", ""ranking_category_code"": ""268103100"", ""ranking_category_name"": ""여성의류>상의"", ""review_avg"": 5.0, ""sale_percent"": 15, ""sale_price"": 55250, ""sold_out"": false, ""url"": ""https://product.29cm.co.kr/catalog/3522545""}",2026-09-06T08:07:14+00:00_6caed517
2026-09-06T17:07:00+09:00,2026-09-06T08:07:15+00:00,commerce_rank,Folder L/S Tee (4 Colors),29cm:3522545,review_count,506.0,"{""brand_eng"": ""TEKET"", ""brand_kor"": ""테켓"", ""brand_no"": 34509, ""category1"": ""여성의류"", ""category2"": ""상의"", ""category3"": ""긴소매 티셔츠"", ""category3_code"": 268103102, ""is_new"": false, ""item_no"": 3522545, ""period_sort"": ""ONE_DAY"", ""platform"": ""29cm"", ""ranking_category_code"": ""268103100"", ""ranking_category_name"": ""여성의류>상의"", ""review_avg"": 5.0, ""sale_percent"": 15, ""sale_price"": 55250, ""sold_out"": false, ""url"": ""https://product.29cm.co.kr/catalog/3522545""}",2026-09-06T08:07:14+00:00_6caed517
2026-09-06T17:07:00+09:00,2026-09-06T08:07:15+00:00,commerce_rank,Folder L/S Tee (4 Colors),29cm:3522545@268103100,rank,46.0,"{""brand_eng"": ""TEKET"", ""brand_kor"": ""테켓"", ""brand_no"": 34509, ""category1"": ""여성의류"", ""category2"": ""상의"", ""category3"": ""긴소매 티셔츠"", ""category3_code"": 268103102, ""is_new"": false, ""item_no"": 3522545, ""period_sort"": ""ONE_DAY"", ""platform"": ""29cm"", ""ranking_category_code"": ""268103100"", ""ranking_category_name"": ""여성의류>상의"", ""review_avg"": 5.0, ""sale_percent"": 15, ""sale_price"": 55250, ""sold_out"": false, ""url"": ""https://product.29cm.co.kr/catalog/3522545""}",2026-09-06T08:07:14+00:00_6caed517
2026-09-06T17:07:00+09:00,2026-09-06T08:07:15+00:00,commerce_rank,Raye Pocket Shirt_Navy,29cm:3523834,heart_count,8406.0,"{""brand_eng"": ""THE BARNNET"", ""brand_kor"": ""더바넷"", ""brand_no"": 76630, ""category1"": ""여성의류"", ""category2"": ""상의"", ""category3"": ""셔츠"", ""category3_code"": 268103106, ""is_new"": false, ""item_no"": 3523834, ""period_sort"": ""ONE_DAY"", ""platform"": ""29cm"", ""ranking_category_code"": ""268103100"", ""ranking_category_name"": ""여성의류>상의"", ""review_avg"": 5.0, ""sale_percent"": 10, ""sale_price"": 115200, ""sold_out"": false, ""url"": ""https://product.29cm.co.kr/catalog/3523834""}",2026-09-06T08:07:14+00:00_6caed517
2026-09-06T17:07:00+09:00,2026-09-06T08:07:15+00:00,commerce_rank,Raye Pocket Shirt_Navy,29cm:3523834,review_count,139.0,"{""brand_eng"": ""THE BARNNET"", ""brand_kor"": ""더바넷"", ""brand_no"": 76630, ""category1"": ""여성의류"", ""category2"": ""상의"", ""category3"": ""셔츠"", ""category3_code"": 268103106, ""is_new"": false, ""item_no"": 3523834, ""period_sort"": ""ONE_DAY"", ""platform"": ""29cm"", ""ranking_category_code"": ""268103100"", ""ranking_category_name"": ""여성의류>상의"", ""review_avg"": 5.0, ""sale_percent"": 10, ""sale_price"": 115200, ""sold_out"": false, ""url"": ""https://product.29cm.co.kr/catalog/3523834""}",2026-09-06T08:07:14+00:00_6caed517
2026-09-06T17:07:00+09:00,2026-09-06T08:07:15+00:00,commerce_rank,Raye Pocket Shirt_Navy,29cm:3523834@268103100,rank,98.0,"{""brand_eng"": ""THE BARNNET"", ""brand_kor"": ""더바넷"", ""brand_no"": 76630, ""category1"": ""여성의류"", ""category2"": ""상의"", ""category3"": ""셔츠"", ""category3_code"": 268103106, ""is_new"": false, ""item_no"": 3523834, ""period_sort"": ""ONE_DAY"", ""platform"": ""29cm"", ""ranking_category_code"": ""268103100"", ""ranking_category_name"": ""여성의류>상의"", ""review_avg"": 5.0, ""sale_percent"": 10, ""sale_price"": 115200, ""sold_out"": false, ""url"": ""https://product.29cm.co.kr/catalog/3523834""}",2026-09-06T08:07:14+00:00_6caed517
2026-09-06T17:07:00+09:00,2026-09-06T08:07:16+00:00,commerce_rank,"Washed Sweat Half Zip Up, Dark Navy",29cm:3530401,heart_count,124.0,"{""brand_eng"": ""BROWNYARD"", ""brand_kor"": ""브라운야드"", ""brand_no"": 2211, ""category1"": ""남성의류"", ""category2"": ""상의"", ""category3"": ""스웨트셔츠"", ""category3_code"": 272103107, ""is_new"": false, ""item_no"": 3530401, ""period_sort"": ""ONE_DAY"", ""platform"": ""29cm"", ""ranking_category_code"": ""272103100"", ""ranking_category_name"": ""남성의류>상의"", ""review_avg"": 4.5, ""sale_percent"": 40, ""sale_price"": 100550, ""sold_out"": false, ""url"": ""https://product.29cm.co.kr/catalog/3530401""}",2026-09-06T08:07:14+00:00_6caed517
2026-09-06T17:07:00+09:00,2026-09-06T08:07:16+00:00,commerce_rank,"Washed Sweat Half Zip Up, Dark Navy",29cm:3530401,review_count,5.0,"{""brand_eng"": ""BROWNYARD"", ""brand_kor"": ""브라운야드"", ""brand_no"": 2211, ""category1"": ""남성의류"", ""category2"": ""상의"", ""category3"": ""스웨트셔츠"", ""category3_code"": 272103107, ""is_new"": false, ""item_no"": 3530401, ""period_sort"": ""ONE_DAY"", ""platform"": ""29cm"", ""ranking_category_code"": ""272103100"", ""ranking_category_name"": ""남성의류>상의"", ""review_avg"": 4.5, ""sale_percent"": 40, ""sale_price"": 100550, ""sold_out"": false, ""url"": ""https://product.29cm.co.kr/catalog/3530401""}",2026-09-06T08:07:14+00:00_6caed517
2026-09-06T17:07:00+09:00,2026-09-06T08:07:16+00:00,commerce_rank,"Washed Sweat Half Zip Up, Dark Navy",29cm:3530401@272103100,rank,46.0,"{""brand_eng"": ""BROWNYARD"", ""brand_kor"": ""브라운야드"", ""brand_no"": 2211, ""category1"": ""남성의류"", ""category2"": ""상의"", ""category3"": ""스웨트셔츠"", ""category3_code"": 272103107, ""is_new"": false, ""item_no"": 3530401, ""period_sort"": ""ONE_DAY"", ""platform"": ""29cm"", ""ranking_category_code"": ""272103100"", ""ranking_category_name"": ""남성의류>상의"", ""review_avg"": 4.5, ""sale_percent"": 40, ""sale_price"": 100550, ""sold_out"": false, ""url"": ""https://product.29cm.co.kr/catalog/3530401""}",2026-09-06T08:07:14+00:00_6caed517
2026-09-06T17:07:00+09:00,2026-09-06T08:07:15+00:00,commerce_rank,044 레글런 롱 슬리브 티셔츠,29cm:3545920,heart_count,6772.0,"{""brand_eng"": ""VIVA LA VIDA"", ""brand_kor"": ""비바라비다"", ""brand_no"": 100816, ""category1"": ""여성의류"", ""category2"": ""상의"", ""category3"": ""긴소매 티셔츠"", ""category3_code"": 268103102, ""is_new"": false, ""item_no"": 3545920, ""period_sort"": ""ONE_DAY"", ""platform"": ""29cm"", ""ranking_category_code"": ""268103100"", ""ranking_category_name"": ""여성의류>상의"", ""review_avg"": 5.0, ""sale_percent"": 35, ""sale_price"": 30510, ""sold_out"": false, ""url"": ""https://product.29cm.co.kr/catalog/3545920""}",2026-09-06T08:07:14+00:00_6caed517
2026-09-06T17:07:00+09:00,2026-09-06T08:07:15+00:00,commerce_rank,044 레글런 롱 슬리브 티셔츠,29cm:3545920,review_count,139.0,"{""brand_eng"": ""VIVA LA VIDA"", ""brand_kor"": ""비바라비다"", ""brand_no"": 100816, ""category1"": ""여성의류"", ""category2"": ""상의"", ""category3"": ""긴소매 티셔츠"", ""category3_code"": 268103102, ""is_new"": false, ""item_no"": 3545920, ""period_sort"": ""ONE_DAY"", ""platform"": ""29cm"", ""ranking_category_code"": ""268103100"", ""ranking_category_name"": ""여성의류>상의"", ""review_avg"": 5.0, ""sale_percent"": 35, ""sale_price"": 30510, ""sold_out"": false, ""url"": ""https://product.29cm.co.kr/catalog/3545920""}",2026-09-06T08:07:14+00:00_6caed517
2026-09-06T17:07:00+09:00,2026-09-06T08:07:15+00:00,commerce_rank,044 레글런 롱 슬리브 티셔츠,29cm:3545920@268103100,rank,7.0,"{""brand_eng"": ""VIVA LA VIDA"", ""brand_kor"": ""비바라비다"", ""brand_no"": 100816, ""category1"": ""여성의류"", ""category2"": ""상의"", ""category3"": ""긴소매 티셔츠"", ""category3_code"": 268103102, ""is_new"": false, ""item_no"": 3545920, ""period_sort"": ""ONE_DAY"", ""platform"": ""29cm"", ""ranking_category_code"": ""268103100"", ""ranking_category_name"": ""여성의류>상의"", ""review_avg"": 5.0, ""sale_percent"": 35, ""sale_price"": 30510, ""sold_out"": false, ""url"": ""https://product.29cm.co.kr/catalog/3545920""}",2026-09-06T08:07:14+00:00_6caed517
2026-09-06T17:07:00+09:00,2026-09-06T08:07:16+00:00,commerce_rank,ASKIN LOGO LONG SLEEVE (BROWN GREY),29cm:3549850,heart_count,420.0,"{""brand_eng"": ""GOYOWEAR"", ""brand_kor"": ""고요웨어"", ""brand_no"": 16187, ""category1"": ""남성의류"", ""category2"": ""상의"", ""category3"": ""긴소매 티셔츠"", ""category3_code"": 272103102, ""is_new"": true, ""item_no"": 3549850, ""period_sort"": ""ONE_DAY"", ""platform"": ""29cm"", ""ranking_category_code"": ""272103100"", ""ranking_category_name"": ""남성의류>상의"", ""review_avg"": 5.0, ""sale_percent"": 15, ""sale_price"": 41650, ""sold_out"": false, ""url"": ""https://product.29cm.co.kr/catalog/3549850""}",2026-09-06T08:07:14+00:00_6caed517
2026-09-06T17:07:00+09:00,2026-09-06T08:07:16+00:00,commerce_rank,ASKIN LOGO LONG SLEEVE (BROWN GREY),29cm:3549850,review_count,30.0,"{""brand_eng"": ""GOYOWEAR"", ""brand_kor"": ""고요웨어"", ""brand_no"": 16187, ""category1"": ""남성의류"", ""category2"": ""상의"", ""category3"": ""긴소매 티셔츠"", ""category3_code"": 272103102, ""is_new"": true, ""item_no"": 3549850, ""period_sort"": ""ONE_DAY"", ""platform"": ""29cm"", ""ranking_category_code"": ""272103100"", ""ranking_category_name"": ""남성의류>상의"", ""review_avg"": 5.0, ""sale_percent"": 15, ""sale_price"": 41650, ""sold_out"": false, ""url"": ""https://product.29cm.co.kr/catalog/3549850""}",2026-09-06T08:07:14+00:00_6caed517
2026-09-06T17:07:00+09:00,2026-09-06T08:07:16+00:00,commerce_rank,ASKIN LOGO LONG SLEEVE (BROWN GREY),29cm:3549850@272103100,rank,16.0,"{""brand_eng"": ""GOYOWEAR"", ""brand_kor"": ""고요웨어"", ""brand_no"": 16187, ""category1"": ""남성의류"", ""category2"": ""상의"", ""category3"": ""긴소매 티셔츠"", ""category3_code"": 272103102, ""is_new"": true, ""item_no"": 3549850, ""period_sort"": ""ONE_DAY"", ""platform"": ""29cm"", ""ranking_category_code"": ""272103100"", ""ranking_category_name"": ""남성의류>상의"", ""review_avg"": 5.0, ""sale_percent"": 15, ""sale_price"": 41650, ""sold_out"": false, ""url"": ""https://product.29cm.co.kr/catalog/3549850""}",2026-09-06T08:07:14+00:00_6caed517
2026-09-06T17:07:00+09:00,2026-09-06T08:07:15+00:00,commerce_rank,[RESTOCK][44차] Draped Wool Tencel Layered Tee Set (Gray),29cm:3598810,heart_count,27359.0,"{""brand_eng"": ""TOAVE"", ""brand_kor"": ""토아베"", ""brand_no"": 101870, ""category1"": ""여성의류"", ""category2"": ""상의"", ""category3"": ""긴소매 티셔츠"", ""category3_code"": 268103102, ""is_new"": false, ""item_no"": 3598810, ""period_sort"": ""ONE_DAY"", ""platform"": ""29cm"", ""ranking_category_code"": ""268103100"", ""ranking_category_name"": ""여성의류>상의"", ""review_avg"": 4.5, ""sale_percent"": 5, ""sale_price"": 75810, ""sold_out"": false, ""url"": ""https://product.29cm.co.kr/catalog/3598810""}",2026-09-06T08:07:14+00:00_6caed517
2026-09-06T17:07:00+09:00,2026-09-06T08:07:15+00:00,commerce_rank,[RESTOCK][44차] Draped Wool Tencel Layered Tee Set (Gray),29cm:3598810,review_count,315.0,"{""brand_eng"": ""TOAVE"", ""brand_kor"": ""토아베"", ""brand_no"": 101870, ""category1"": ""여성의류"", ""category2"": ""상의"", ""category3"": ""긴소매 티셔츠"", ""category3_code"": 268103102, ""is_new"": false, ""item_no"": 3598810, ""period_sort"": ""ONE_DAY"", ""platform"": ""29cm"", ""ranking_category_code"": ""268103100"", ""ranking_category_name"": ""여성의류>상의"", ""review_avg"": 4.5, ""sale_percent"": 5, ""sale_price"": 75810, ""sold_out"": false, ""url"": ""https://product.29cm.co.kr/catalog/3598810""}",2026-09-06T08:07:14+00:00_6caed517
2026-09-06T17:07:00+09:00,2026-09-06T08:07:15+00:00,commerce_rank,[RESTOCK][44차] Draped Wool Tencel Layered Tee Set (Gray),29cm:3598810@268103100,rank,26.0,"{""brand_eng"": ""TOAVE"", ""brand_kor"": ""토아베"", ""brand_no"": 101870, ""category1"": ""여성의류"", ""category2"": ""상의"", ""category3"": ""긴소매 티셔츠"", ""category3_code"": 268103102, ""is_new"": false, ""item_no"": 3598810, ""period_sort"": ""ONE_DAY"", ""platform"": ""29cm"", ""ranking_category_code"": ""268103100"", ""ranking_category_name"": ""여성의류>상의"", ""review_avg"": 4.5, ""sale_percent"": 5, ""sale_price"": 75810, ""sold_out"": false, ""url"": ""https://product.29cm.co.kr/catalog/3598810""}",2026-09-06T08:07:14+00:00_6caed517
2026-09-06T17:07:00+09:00,2026-09-06T08:07:15+00:00,commerce_rank,[38th] Raglan Campus Logo Long Top - Grey(Navy),29cm:3628013,heart_count,19532.0,"{""brand_eng"": ""SOMEWHEREBUTTER"", ""brand_kor"": ""썸웨어버터"", ""brand_no"": 18640, ""category1"": ""여성의류"", ""category2"": ""상의"", ""category3"": ""긴소매 티셔츠"", ""category3_code"": 268103102, ""is_new"": false, ""item_no"": 3628013, ""period_sort"": ""ONE_DAY"", ""platform"": ""29cm"", ""ranking_category_code"": ""268103100"", ""ranking_category_name"": ""여성의류>상의"", ""review_avg"": 5.0, ""sale_percent"": 10, ""sale_price"": 44100, ""sold_out"": false, ""url"": ""https://product.29cm.co.kr/catalog/3628013""}",2026-09-06T08:07:14+00:00_6caed517
2026-09-06T17:07:00+09:00,2026-09-06T08:07:15+00:00,commerce_rank,[38th] Raglan Campus Logo Long Top - Grey(Navy),29cm:3628013,review_count,544.0,"{""brand_eng"": ""SOMEWHEREBUTTER"", ""brand_kor"": ""썸웨어버터"", ""brand_no"": 18640, ""category1"": ""여성의류"", ""category2"": ""상의"", ""category3"": ""긴소매 티셔츠"", ""category3_code"": 268103102, ""is_new"": false, ""item_no"": 3628013, ""period_sort"": ""ONE_DAY"", ""platform"": ""29cm"", ""ranking_category_code"": ""268103100"", ""ranking_category_name"": ""여성의류>상의"", ""review_avg"": 5.0, ""sale_percent"": 10, ""sale_price"": 44100, ""sold_out"": false, ""url"": ""https://product.29cm.co.kr/catalog/3628013""}",2026-09-06T08:07:14+00:00_6caed517
2026-09-06T17:07:00+09:00,2026-09-06T08:07:15+00:00,commerce_rank,[38th] Raglan Campus Logo Long Top - Grey(Navy),29cm:3628013@268103100,rank,16.0,"{""brand_eng"": ""SOMEWHEREBUTTER"", ""brand_kor"": ""썸웨어버터"", ""brand_no"": 18640, ""category1"": ""여성의류"", ""category2"": ""상의"", ""category3"": ""긴소매 티셔츠"", ""category3_code"": 268103102, ""is_new"": false, ""item_no"": 3628013, ""period_sort"": ""ONE_DAY"", ""platform"": ""29cm"", ""ranking_category_code"": ""268103100"", ""ranking_category_name"": ""여성의류>상의"", ""review_avg"": 5.0, ""sale_percent"": 10, ""sale_price"": 44100, ""sold_out"": false, ""url"": ""https://product.29cm.co.kr/catalog/3628013""}",2026-09-06T08:07:14+00:00_6caed517
2026-09-06T17:07:00+09:00,2026-09-06T08:07:15+00:00,commerce_rank,[8차] 3/4 BUTTON FLY TEE (NAVY),29cm:3636589,heart_count,2578.0,"{""brand_eng"": ""GLOWNY"", ""brand_kor"": ""글로니"", ""brand_no"": 16723, ""category1"": ""여성의류"", ""category2"": ""상의"", ""category3"": ""긴소매 티셔츠"", ""category3_code"": 268103102, ""is_new"": false, ""item_no"": 3636589, ""period_sort"": ""ONE_DAY"", ""platform"": ""29cm"", ""ranking_category_code"": ""268103100"", ""ranking_category_name"": ""여성의류>상의"", ""review_avg"": 5.0, ""sale_percent"": 10, ""sale_price"": 45000, ""sold_out"": false, ""url"": ""https://product.29cm.co.kr/catalog/3636589""}",2026-09-06T08:07:14+00:00_6caed517
2026-09-06T17:07:00+09:00,2026-09-06T08:07:15+00:00,commerce_rank,[8차] 3/4 BUTTON FLY TEE (NAVY),29cm:3636589,review_count,134.0,"{""brand_eng"": ""GLOWNY"", ""brand_kor"": ""글로니"", ""brand_no"": 16723, ""category1"": ""여성의류"", ""category2"": ""상의"", ""category3"": ""긴소매 티셔츠"", ""category3_code"": 268103102, ""is_new"": false, ""item_no"": 3636589, ""period_sort"": ""ONE_DAY"", ""platform"": ""29cm"", ""ranking_category_code"": ""268103100"", ""ranking_category_name"": ""여성의류>상의"", ""review_avg"": 5.0, ""sale_percent"": 10, ""sale_price"": 45000, ""sold_out"": false, ""url"": ""https://product.29cm.co.kr/catalog/3636589""}",2026-09-06T08:07:14+00:00_6caed517
2026-09-06T17:07:00+09:00,2026-09-06T08:07:15+00:00,commerce_rank,[8차] 3/4 BUTTON FLY TEE (NAVY),29cm:3636589@268103100,rank,81.0,"{""brand_eng"": ""GLOWNY"", ""brand_kor"": ""글로니"", ""brand_no"": 16723, ""category1"": ""여성의류"", ""category2"": ""상의"", ""category3"": ""긴소매 티셔츠"", ""category3_code"": 268103102, ""is_new"": false, ""item_no"": 3636589, ""period_sort"": ""ONE_DAY"", ""platform"": ""29cm"", ""ranking_category_code"": ""268103100"", ""ranking_category_name"": ""여성의류>상의"", ""review_avg"": 5.0, ""sale_percent"": 10, ""sale_price"": 45000, ""sold_out"": false, ""url"": ""https://product.29cm.co.kr/catalog/3636589""}",2026-09-06T08:07:14+00:00_6caed517
2026-09-06T17:07:00+09:00,2026-09-06T08:07:15+00:00,commerce_rank,원 클래식 드라이 핏 긴소매 탑 W - [블랙:화이트 / FN2802-013],29cm:3679452,heart_count,2644.0,"{""brand_eng"": ""NIKE"", ""brand_kor"": ""나이키"", ""brand_no"": 95369, ""category1"": ""레저"", ""category2"": ""피트니스"", ""category3"": ""상의"", ""category3_code"": 286106101, ""is_new"": false, ""item_no"": 3679452, ""period_sort"": ""ONE_DAY"", ""platform"": ""29cm"", ""ranking_category_code"": ""268103100"", ""ranking_category_name"": ""여성의류>상의"", ""review_avg"": 5.0, ""sale_percent"": 10, ""sale_price"": 49500, ""sold_out"": false, ""url"": ""https://product.29cm.co.kr/catalog/3679452""}",2026-09-06T08:07:14+00:00_6caed517
2026-09-06T17:07:00+09:00,2026-09-06T08:07:15+00:00,commerce_rank,원 클래식 드라이 핏 긴소매 탑 W - [블랙:화이트 / FN2802-013],29cm:3679452,review_count,68.0,"{""brand_eng"": ""NIKE"", ""brand_kor"": ""나이키"", ""brand_no"": 95369, ""category1"": ""레저"", ""category2"": ""피트니스"", ""category3"": ""상의"", ""category3_code"": 286106101, ""is_new"": false, ""item_no"": 3679452, ""period_sort"": ""ONE_DAY"", ""platform"": ""29cm"", ""ranking_category_code"": ""268103100"", ""ranking_category_name"": ""여성의류>상의"", ""review_avg"": 5.0, ""sale_percent"": 10, ""sale_price"": 49500, ""sold_out"": false, ""url"": ""https://product.29cm.co.kr/catalog/3679452""}",2026-09-06T08:07:14+00:00_6caed517
2026-09-06T17:07:00+09:00,2026-09-06T08:07:15+00:00,commerce_rank,원 클래식 드라이 핏 긴소매 탑 W - [블랙:화이트 / FN2802-013],29cm:3679452@268103100,rank,77.0,"{""brand_eng"": ""NIKE"", ""brand_kor"": ""나이키"", ""brand_no"": 95369, ""category1"": ""레저"", ""category2"": ""피트니스"", ""category3"": ""상의"", ""category3_code"": 286106101, ""is_new"": false, ""item_no"": 3679452, ""period_sort"": ""ONE_DAY"", ""platform"": ""29cm"", ""ranking_category_code"": ""268103100"", ""ranking_category_name"": ""여성의류>상의"", ""review_avg"": 5.0, ""sale_percent"": 10, ""sale_price"": 49500, ""sold_out"": false, ""url"": ""https://product.29cm.co.kr/catalog/3679452""}",2026-09-06T08:07:14+00:00_6caed517
2026-09-06T17:07:00+09:00,2026-09-06T08:07:15+00:00,commerce_rank,[SET] SOFT MINI LABEL LONG SLEEVE (14colors),29cm:3714943,heart_count,13393.0,"{""brand_eng"": ""RONRON"", ""brand_kor"": ""론론"", ""brand_no"": 9591, ""category1"": ""여성의류"", ""category2"": ""상의"", ""category3"": ""긴소매 티셔츠"", ""category3_code"": 268103102, ""is_new"": false, ""item_no"": 3714943, ""period_sort"": ""ONE_DAY"", ""platform"": ""29cm"", ""ranking_category_code"": ""268103100"", ""ranking_category_name"": ""여성의류>상의"", ""review_avg"": 4.5, ""sale_percent"": 61, ""sale_price"": 34500, ""sold_out"": false, ""url"": ""https://product.29cm.co.kr/catalog/3714943""}",2026-09-06T08:07:14+00:00_6caed517
2026-09-06T17:07:00+09:00,2026-09-06T08:07:15+00:00,commerce_rank,[SET] SOFT MINI LABEL LONG SLEEVE (14colors),29cm:3714943,review_count,524.0,"{""brand_eng"": ""RONRON"", ""brand_kor"": ""론론"", ""brand_no"": 9591, ""category1"": ""여성의류"", ""category2"": ""상의"", ""category3"": ""긴소매 티셔츠"", ""category3_code"": 268103102, ""is_new"": false, ""item_no"": 3714943, ""period_sort"": ""ONE_DAY"", ""platform"": ""29cm"", ""ranking_category_code"": ""268103100"", ""ranking_category_name"": ""여성의류>상의"", ""review_avg"": 4.5, ""sale_percent"": 61, ""sale_price"": 34500, ""sold_out"": false, ""url"": ""https://product.29cm.co.kr/catalog/3714943""}",2026-09-06T08:07:14+00:00_6caed517
2026-09-06T17:07:00+09:00,2026-09-06T08:07:15+00:00,commerce_rank,[SET] SOFT MINI LABEL LONG SLEEVE (14colors),29cm:3714943@268103100,rank,44.0,"{""brand_eng"": ""RONRON"", ""brand_kor"": ""론론"", ""brand_no"": 9591, ""category1"": ""여성의류"", ""category2"": ""상의"", ""category3"": ""긴소매 티셔츠"", ""category3_code"": 268103102, ""is_new"": false, ""item_no"": 3714943, ""period_sort"": ""ONE_DAY"", ""platform"": ""29cm"", ""ranking_category_code"": ""268103100"", ""ranking_category_name"": ""여성의류>상의"", ""review_avg"": 4.5, ""sale_percent"": 61, ""sale_price"": 34500, ""sold_out"": false, ""url"": ""https://product.29cm.co.kr/catalog/3714943""}",2026-09-06T08:07:14+00:00_6caed517
2026-09-06T17:07:00+09:00,2026-09-06T08:07:16+00:00,commerce_rank,Comfort Shirt - 11 Color,29cm:3722640,heart_count,740.0,"{""brand_eng"": ""POTTERY"", ""brand_kor"": ""포터리"", ""brand_no"": 3453, ""category1"": ""남성의류"", ""category2"": ""상의"", ""category3"": ""긴소매 셔츠"", ""category3_code"": 272103106, ""is_new"": false, ""item_no"": 3722640, ""period_sort"": ""ONE_DAY"", ""platform"": ""29cm"", ""ranking_category_code"": ""272103100"", ""ranking_category_name"": ""남성의류>상의"", ""review_avg"": 5.0, ""sale_percent"": 0, ""sale_price"": 189000, ""sold_out"": false, ""url"": ""https://product.29cm.co.kr/catalog/3722640""}",2026-09-06T08:07:14+00:00_6caed517
2026-09-06T17:07:00+09:00,2026-09-06T08:07:16+00:00,commerce_rank,Comfort Shirt - 11 Color,29cm:3722640,review_count,36.0,"{""brand_eng"": ""POTTERY"", ""brand_kor"": ""포터리"", ""brand_no"": 3453, ""category1"": ""남성의류"", ""category2"": ""상의"", ""category3"": ""긴소매 셔츠"", ""category3_code"": 272103106, ""is_new"": false, ""item_no"": 3722640, ""period_sort"": ""ONE_DAY"", ""platform"": ""29cm"", ""ranking_category_code"": ""272103100"", ""ranking_category_name"": ""남성의류>상의"", ""review_avg"": 5.0, ""sale_percent"": 0, ""sale_price"": 189000, ""sold_out"": false, ""url"": ""https://product.29cm.co.kr/catalog/3722640""}",2026-09-06T08:07:14+00:00_6caed517
2026-09-06T17:07:00+09:00,2026-09-06T08:07:16+00:00,commerce_rank,Comfort Shirt - 11 Color,29cm:3722640@272103100,rank,84.0,"{""brand_eng"": ""POTTERY"", ""brand_kor"": ""포터리"", ""brand_no"": 3453, ""category1"": ""남성의류"", ""category2"": ""상의"", ""category3"": ""긴소매 셔츠"", ""category3_code"": 272103106, ""is_new"": false, ""item_no"": 3722640, ""period_sort"": ""ONE_DAY"", ""platform"": ""29cm"", ""ranking_category_code"": ""272103100"", ""ranking_category_name"": ""남성의류>상의"", ""review_avg"": 5.0, ""sale_percent"": 0, ""sale_price"": 189000, ""sold_out"": false, ""url"": ""https://product.29cm.co.kr/catalog/3722640""}",2026-09-06T08:07:14+00:00_6caed517
2026-09-06T17:07:00+09:00,2026-09-06T08:07:16+00:00,commerce_rank,TG1-TS09 마일드 롱슬리브티 - [다크차콜],29cm:3724258,heart_count,634.0,"{""brand_eng"": ""THOMAS MORE"", ""brand_kor"": ""토마스모어"", ""brand_no"": 2111, ""category1"": ""남성의류"", ""category2"": ""상의"", ""category3"": ""긴소매 티셔츠"", ""category3_code"": 272103102, ""is_new"": false, ""item_no"": 3724258, ""period_sort"": ""ONE_DAY"", ""platform"": ""29cm"", ""ranking_category_code"": ""272103100"", ""ranking_category_name"": ""남성의류>상의"", ""review_avg"": 4.5, ""sale_percent"": 15, ""sale_price"": 25250, ""sold_out"": false, ""url"": ""https://product.29cm.co.kr/catalog/3724258""}",2026-09-06T08:07:14+00:00_6caed517
2026-09-06T17:07:00+09:00,2026-09-06T08:07:16+00:00,commerce_rank,TG1-TS09 마일드 롱슬리브티 - [다크차콜],29cm:3724258,review_count,89.0,"{""brand_eng"": ""THOMAS MORE"", ""brand_kor"": ""토마스모어"", ""brand_no"": 2111, ""category1"": ""남성의류"", ""category2"": ""상의"", ""category3"": ""긴소매 티셔츠"", ""category3_code"": 272103102, ""is_new"": false, ""item_no"": 3724258, ""period_sort"": ""ONE_DAY"", ""platform"": ""29cm"", ""ranking_category_code"": ""272103100"", ""ranking_category_name"": ""남성의류>상의"", ""review_avg"": 4.5, ""sale_percent"": 15, ""sale_price"": 25250, ""sold_out"": false, ""url"": ""https://product.29cm.co.kr/catalog/3724258""}",2026-09-06T08:07:14+00:00_6caed517
2026-09-06T17:07:00+09:00,2026-09-06T08:07:16+00:00,commerce_rank,TG1-TS09 마일드 롱슬리브티 - [다크차콜],29cm:3724258@272103100,rank,77.0,"{""brand_eng"": ""THOMAS MORE"", ""brand_kor"": ""토마스모어"", ""brand_no"": 2111, ""category1"": ""남성의류"", ""category2"": ""상의"", ""category3"": ""긴소매 티셔츠"", ""category3_code"": 272103102, ""is_new"": false, ""item_no"": 3724258, ""period_sort"": ""ONE_DAY"", ""platform"": ""29cm"", ""ranking_category_code"": ""272103100"", ""ranking_category_name"": ""남성의류>상의"", ""review_avg"": 4.5, ""sale_percent"": 15, ""sale_price"": 25250, ""sold_out"": false, ""url"": ""https://product.29cm.co.kr/catalog/3724258""}",2026-09-06T08:07:14+00:00_6caed517
2026-09-06T17:07:00+09:00,2026-09-06T08:07:16+00:00,commerce_rank,TG1-TS04 마일드 크루 스웻셔츠 - [네이비],29cm:3724264,heart_count,1367.0,"{""brand_eng"": ""THOMAS MORE"", ""brand_kor"": ""토마스모어"", ""brand_no"": 2111, ""category1"": ""남성의류"", ""category2"": ""상의"", ""category3"": ""스웨트셔츠"", ""category3_code"": 272103107, ""is_new"": false, ""item_no"": 3724264, ""period_sort"": ""ONE_DAY"", ""platform"": ""29cm"", ""ranking_category_code"": ""272103100"", ""ranking_category_name"": ""남성의류>상의"", ""review_avg"": 4.5, ""sale_percent"": 15, ""sale_price"": 50750, ""sold_out"": false, ""url"": ""https://product.29cm.co.kr/catalog/3724264""}",2026-09-06T08:07:14+00:00_6caed517
2026-09-06T17:07:00+09:00,2026-09-06T08:07:16+00:00,commerce_rank,TG1-TS04 마일드 크루 스웻셔츠 - [네이비],29cm:3724264,review_count,67.0,"{""brand_eng"": ""THOMAS MORE"", ""brand_kor"": ""토마스모어"", ""brand_no"": 2111, ""category1"": ""남성의류"", ""category2"": ""상의"", ""category3"": ""스웨트셔츠"", ""category3_code"": 272103107, ""is_new"": false, ""item_no"": 3724264, ""period_sort"": ""ONE_DAY"", ""platform"": ""29cm"", ""ranking_category_code"": ""272103100"", ""ranking_category_name"": ""남성의류>상의"", ""review_avg"": 4.5, ""sale_percent"": 15, ""sale_price"": 50750, ""sold_out"": false, ""url"": ""https://product.29cm.co.kr/catalog/3724264""}",2026-09-06T08:07:14+00:00_6caed517
2026-09-06T17:07:00+09:00,2026-09-06T08:07:16+00:00,commerce_rank,TG1-TS04 마일드 크루 스웻셔츠 - [네이비],29cm:3724264@272103100,rank,53.0,"{""brand_eng"": ""THOMAS MORE"", ""brand_kor"": ""토마스모어"", ""brand_no"": 2111, ""category1"": ""남성의류"", ""category2"": ""상의"", ""category3"": ""스웨트셔츠"", ""category3_code"": 272103107, ""is_new"": false, ""item_no"": 3724264, ""period_sort"": ""ONE_DAY"", ""platform"": ""29cm"", ""ranking_category_code"": ""272103100"", ""ranking_category_name"": ""남성의류>상의"", ""review_avg"": 4.5, ""sale_percent"": 15, ""sale_price"": 50750, ""sold_out"": false, ""url"": ""https://product.29cm.co.kr/catalog/3724264""}",2026-09-06T08:07:14+00:00_6caed517
2026-09-06T17:07:00+09:00,2026-09-06T08:07:15+00:00,commerce_rank,SOFT RIB HOODED TOP_NAVY,29cm:3743868,heart_count,5226.0,"{""brand_eng"": ""CRANK"", ""brand_kor"": ""크랭크"", ""brand_no"": 9151, ""category1"": ""여성의류"", ""category2"": ""상의"", ""category3"": ""후디"", ""category3_code"": 268103105, ""is_new"": false, ""item_no"": 3743868, ""period_sort"": ""ONE_DAY"", ""platform"": ""29cm"", ""ranking_category_code"": ""268103100"", ""ranking_category_name"": ""여성의류>상의"", ""review_avg"": 5.0, ""sale_percent"": 28, ""sale_price"": 59040, ""sold_out"": false, ""url"": ""https://product.29cm.co.kr/catalog/3743868""}",2026-09-06T08:07:14+00:00_6caed517
2026-09-06T17:07:00+09:00,2026-09-06T08:07:15+00:00,commerce_rank,SOFT RIB HOODED TOP_NAVY,29cm:3743868,review_count,11.0,"{""brand_eng"": ""CRANK"", ""brand_kor"": ""크랭크"", ""brand_no"": 9151, ""category1"": ""여성의류"", ""category2"": ""상의"", ""category3"": ""후디"", ""category3_code"": 268103105, ""is_new"": false, ""item_no"": 3743868, ""period_sort"": ""ONE_DAY"", ""platform"": ""29cm"", ""ranking_category_code"": ""268103100"", ""ranking_category_name"": ""여성의류>상의"", ""review_avg"": 5.0, ""sale_percent"": 28, ""sale_price"": 59040, ""sold_out"": false, ""url"": ""https://product.29cm.co.kr/catalog/3743868""}",2026-09-06T08:07:14+00:00_6caed517
2026-09-06T17:07:00+09:00,2026-09-06T08:07:15+00:00,commerce_rank,SOFT RIB HOODED TOP_NAVY,29cm:3743868@268103100,rank,14.0,"{""brand_eng"": ""CRANK"", ""brand_kor"": ""크랭크"", ""brand_no"": 9151, ""category1"": ""여성의류"", ""category2"": ""상의"", ""category3"": ""후디"", ""category3_code"": 268103105, ""is_new"": false, ""item_no"": 3743868, ""period_sort"": ""ONE_DAY"", ""platform"": ""29cm"", ""ranking_category_code"": ""268103100"", ""ranking_category_name"": ""여성의류>상의"", ""review_avg"": 5.0, ""sale_percent"": 28, ""sale_price"": 59040, ""sold_out"": false, ""url"": ""https://product.29cm.co.kr/catalog/3743868""}",2026-09-06T08:07:14+00:00_6caed517
2026-09-06T17:07:00+09:00,2026-09-06T08:07:15+00:00,commerce_rank,[10차] 오버 스트라이프 티셔츠_네이비,29cm:3748318,heart_count,2258.0,"{""brand_eng"": ""YUPPE"", ""brand_kor"": ""엽페"", ""brand_no"": 2856, ""category1"": ""여성의류"", ""category2"": ""상의"", ""category3"": ""긴소매 티셔츠"", ""category3_code"": 268103102, ""is_new"": false, ""item_no"": 3748318, ""period_sort"": ""ONE_DAY"", ""platform"": ""29cm"", ""ranking_category_code"": ""268103100"", ""ranking_category_name"": ""여성의류>상의"", ""review_avg"": 5.0, ""sale_percent"": 38, ""sale_price"": 49180, ""sold_out"": false, ""url"": ""https://product.29cm.co.kr/catalog/3748318""}",2026-09-06T08:07:14+00:00_6caed517
2026-09-06T17:07:00+09:00,2026-09-06T08:07:15+00:00,commerce_rank,[10차] 오버 스트라이프 티셔츠_네이비,29cm:3748318,review_count,28.0,"{""brand_eng"": ""YUPPE"", ""brand_kor"": ""엽페"", ""brand_no"": 2856, ""category1"": ""여성의류"", ""category2"": ""상의"", ""category3"": ""긴소매 티셔츠"", ""category3_code"": 268103102, ""is_new"": false, ""item_no"": 3748318, ""period_sort"": ""ONE_DAY"", ""platform"": ""29cm"", ""ranking_category_code"": ""268103100"", ""ranking_category_name"": ""여성의류>상의"", ""review_avg"": 5.0, ""sale_percent"": 38, ""sale_price"": 49180, ""sold_out"": false, ""url"": ""https://product.29cm.co.kr/catalog/3748318""}",2026-09-06T08:07:14+00:00_6caed517
2026-09-06T17:07:00+09:00,2026-09-06T08:07:15+00:00,commerce_rank,[10차] 오버 스트라이프 티셔츠_네이비,29cm:3748318@268103100,rank,17.0,"{""brand_eng"": ""YUPPE"", ""brand_kor"": ""엽페"", ""brand_no"": 2856, ""category1"": ""여성의류"", ""category2"": ""상의"", ""category3"": ""긴소매 티셔츠"", ""category3_code"": 268103102, ""is_new"": false, ""item_no"": 3748318, ""period_sort"": ""ONE_DAY"", ""platform"": ""29cm"", ""ranking_category_code"": ""268103100"", ""ranking_category_name"": ""여성의류>상의"", ""review_avg"": 5.0, ""sale_percent"": 38, ""sale_price"": 49180, ""sold_out"": false, ""url"": ""https://product.29cm.co.kr/catalog/3748318""}",2026-09-06T08:07:14+00:00_6caed517
2026-09-06T17:07:00+09:00,2026-09-06T08:07:15+00:00,commerce_rank,Light Oversized Check Shirts Blue / Black,29cm:3748753,heart_count,19502.0,"{""brand_eng"": ""MICHIKO LONDON KOSHINO"", ""brand_kor"": ""미치코런던 코시노"", ""brand_no"": 26100, ""category1"": ""여성의류"", ""category2"": ""상의"", ""category3"": ""셔츠"", ""category3_code"": 268103106, ""is_new"": false, ""item_no"": 3748753, ""period_sort"": ""ONE_DAY"", ""platform"": ""29cm"", ""ranking_category_code"": ""268103100"", ""ranking_category_name"": ""여성의류>상의"", ""review_avg"": 5.0, ""sale_percent"": 19, ""sale_price"": 58320, ""sold_out"": false, ""url"": ""https://product.29cm.co.kr/catalog/3748753""}",2026-09-06T08:07:14+00:00_6caed517
2026-09-06T17:07:00+09:00,2026-09-06T08:07:15+00:00,commerce_rank,Light Oversized Check Shirts Blue / Black,29cm:3748753,review_count,605.0,"{""brand_eng"": ""MICHIKO LONDON KOSHINO"", ""brand_kor"": ""미치코런던 코시노"", ""brand_no"": 26100, ""category1"": ""여성의류"", ""category2"": ""상의"", ""category3"": ""셔츠"", ""category3_code"": 268103106, ""is_new"": false, ""item_no"": 3748753, ""period_sort"": ""ONE_DAY"", ""platform"": ""29cm"", ""ranking_category_code"": ""268103100"", ""ranking_category_name"": ""여성의류>상의"", ""review_avg"": 5.0, ""sale_percent"": 19, ""sale_price"": 58320, ""sold_out"": false, ""url"": ""https://product.29cm.co.kr/catalog/3748753""}",2026-09-06T08:07:14+00:00_6caed517
2026-09-06T17:07:00+09:00,2026-09-06T08:07:15+00:00,commerce_rank,Light Oversized Check Shirts Blue / Black,29cm:3748753@268103100,rank,74.0,"{""brand_eng"": ""MICHIKO LONDON KOSHINO"", ""brand_kor"": ""미치코런던 코시노"", ""brand_no"": 26100, ""category1"": ""여성의류"", ""category2"": ""상의"", ""category3"": ""셔츠"", ""category3_code"": 268103106, ""is_new"": false, ""item_no"": 3748753, ""period_sort"": ""ONE_DAY"", ""platform"": ""29cm"", ""ranking_category_code"": ""268103100"", ""ranking_category_name"": ""여성의류>상의"", ""review_avg"": 5.0, ""sale_percent"": 19, ""sale_price"": 58320, ""sold_out"": false, ""url"": ""https://product.29cm.co.kr/catalog/3748753""}",2026-09-06T08:07:14+00:00_6caed517
2026-09-06T17:07:00+09:00,2026-09-06T08:07:15+00:00,commerce_rank,PWC RIBBED EVERYDAY SHORT SLEEVE TEE_12COLOR,29cm:3751730,heart_count,30413.0,"{""brand_eng"": ""PARTIMENTO WOMEN"", ""brand_kor"": ""파르티멘토 우먼"", ""brand_no"": 18965, ""category1"": ""여성의류"", ""category2"": ""상의"", ""category3"": ""반소매 티셔츠"", ""category3_code"": 268103101, ""is_new"": false, ""item_no"": 3751730, ""period_sort"": ""ONE_DAY"", ""platform"": ""29cm"", ""ranking_category_code"": ""268103100"", ""ranking_category_name"": ""여성의류>상의"", ""review_avg"": 5.0, ""sale_percent"": 23, ""sale_price"": 22190, ""sold_out"": false, ""url"": ""https://product.29cm.co.kr/catalog/3751730""}",2026-09-06T08:07:14+00:00_6caed517
2026-09-06T17:07:00+09:00,2026-09-06T08:07:15+00:00,commerce_rank,PWC RIBBED EVERYDAY SHORT SLEEVE TEE_12COLOR,29cm:3751730,review_count,1912.0,"{""brand_eng"": ""PARTIMENTO WOMEN"", ""brand_kor"": ""파르티멘토 우먼"", ""brand_no"": 18965, ""category1"": ""여성의류"", ""category2"": ""상의"", ""category3"": ""반소매 티셔츠"", ""category3_code"": 268103101, ""is_new"": false, ""item_no"": 3751730, ""period_sort"": ""ONE_DAY"", ""platform"": ""29cm"", ""ranking_category_code"": ""268103100"", ""ranking_category_name"": ""여성의류>상의"", ""review_avg"": 5.0, ""sale_percent"": 23, ""sale_price"": 22190, ""sold_out"": false, ""url"": ""https://product.29cm.co.kr/catalog/3751730""}",2026-09-06T08:07:14+00:00_6caed517
2026-09-06T17:07:00+09:00,2026-09-06T08:07:15+00:00,commerce_rank,PWC RIBBED EVERYDAY SHORT SLEEVE TEE_12COLOR,29cm:3751730@268103100,rank,95.0,"{""brand_eng"": ""PARTIMENTO WOMEN"", ""brand_kor"": ""파르티멘토 우먼"", ""brand_no"": 18965, ""category1"": ""여성의류"", ""category2"": ""상의"", ""category3"": ""반소매 티셔츠"", ""category3_code"": 268103101, ""is_new"": false, ""item_no"": 3751730, ""period_sort"": ""ONE_DAY"", ""platform"": ""29cm"", ""ranking_category_code"": ""268103100"", ""ranking_category_name"": ""여성의류>상의"", ""review_avg"": 5.0, ""sale_percent"": 23, ""sale_price"": 22190, ""sold_out"": false, ""url"": ""https://product.29cm.co.kr/catalog/3751730""}",2026-09-06T08:07:14+00:00_6caed517
2026-09-06T17:07:00+09:00,2026-09-06T08:07:15+00:00,commerce_rank,[6th] Marc waffle t-shirt_melange,29cm:3762890,heart_count,2750.0,"{""brand_eng"": ""Tekto"", ""brand_kor"": ""텍토"", ""brand_no"": 75938, ""category1"": ""여성의류"", ""category2"": ""상의"", ""category3"": ""긴소매 티셔츠"", ""category3_code"": 268103102, ""is_new"": false, ""item_no"": 3762890, ""period_sort"": ""ONE_DAY"", ""platform"": ""29cm"", ""ranking_category_code"": ""268103100"", ""ranking_category_name"": ""여성의류>상의"", ""review_avg"": 5.0, ""sale_percent"": 14, ""sale_price"": 59000, ""sold_out"": false, ""url"": ""https://product.29cm.co.kr/catalog/3762890""}",2026-09-06T08:07:14+00:00_6caed517
2026-09-06T17:07:00+09:00,2026-09-06T08:07:15+00:00,commerce_rank,[6th] Marc waffle t-shirt_melange,29cm:3762890,review_count,132.0,"{""brand_eng"": ""Tekto"", ""brand_kor"": ""텍토"", ""brand_no"": 75938, ""category1"": ""여성의류"", ""category2"": ""상의"", ""category3"": ""긴소매 티셔츠"", ""category3_code"": 268103102, ""is_new"": false, ""item_no"": 3762890, ""period_sort"": ""ONE_DAY"", ""platform"": ""29cm"", ""ranking_category_code"": ""268103100"", ""ranking_category_name"": ""여성의류>상의"", ""review_avg"": 5.0, ""sale_percent"": 14, ""sale_price"": 59000, ""sold_out"": false, ""url"": ""https://product.29cm.co.kr/catalog/3762890""}",2026-09-06T08:07:14+00:00_6caed517
2026-09-06T17:07:00+09:00,2026-09-06T08:07:15+00:00,commerce_rank,[6th] Marc waffle t-shirt_melange,29cm:3762890@268103100,rank,11.0,"{""brand_eng"": ""Tekto"", ""brand_kor"": ""텍토"", ""brand_no"": 75938, ""category1"": ""여성의류"", ""category2"": ""상의"", ""category3"": ""긴소매 티셔츠"", ""category3_code"": 268103102, ""is_new"": false, ""item_no"": 3762890, ""period_sort"": ""ONE_DAY"", ""platform"": ""29cm"", ""ranking_category_code"": ""268103100"", ""ranking_category_name"": ""여성의류>상의"", ""review_avg"": 5.0, ""sale_percent"": 14, ""sale_price"": 59000, ""sold_out"": false, ""url"": ""https://product.29cm.co.kr/catalog/3762890""}",2026-09-06T08:07:14+00:00_6caed517
2026-09-06T17:07:00+09:00,2026-09-06T08:07:15+00:00,commerce_rank,A3567 와플 래글런 티셔츠_Black,29cm:3770418,heart_count,1061.0,"{""brand_eng"": ""VANONE ATELIER"", ""brand_kor"": ""반원 아틀리에"", ""brand_no"": 4715, ""category1"": ""여성의류"", ""category2"": ""상의"", ""category3"": ""긴소매 티셔츠"", ""category3_code"": 268103102, ""is_new"": false, ""item_no"": 3770418, ""period_sort"": ""ONE_DAY"", ""platform"": ""29cm"", ""ranking_category_code"": ""268103100"", ""ranking_category_name"": ""여성의류>상의"", ""review_avg"": 5.0, ""sale_percent"": 28, ""sale_price"": 35280, ""sold_out"": false, ""url"": ""https://product.29cm.co.kr/catalog/3770418""}",2026-09-06T08:07:14+00:00_6caed517
2026-09-06T17:07:00+09:00,2026-09-06T08:07:15+00:00,commerce_rank,A3567 와플 래글런 티셔츠_Black,29cm:3770418,review_count,21.0,"{""brand_eng"": ""VANONE ATELIER"", ""brand_kor"": ""반원 아틀리에"", ""brand_no"": 4715, ""category1"": ""여성의류"", ""category2"": ""상의"", ""category3"": ""긴소매 티셔츠"", ""category3_code"": 268103102, ""is_new"": false, ""item_no"": 3770418, ""period_sort"": ""ONE_DAY"", ""platform"": ""29cm"", ""ranking_category_code"": ""268103100"", ""ranking_category_name"": ""여성의류>상의"", ""review_avg"": 5.0, ""sale_percent"": 28, ""sale_price"": 35280, ""sold_out"": false, ""url"": ""https://product.29cm.co.kr/catalog/3770418""}",2026-09-06T08:07:14+00:00_6caed517
2026-09-06T17:07:00+09:00,2026-09-06T08:07:15+00:00,commerce_rank,A3567 와플 래글런 티셔츠_Black,29cm:3770418@268103100,rank,93.0,"{""brand_eng"": ""VANONE ATELIER"", ""brand_kor"": ""반원 아틀리에"", ""brand_no"": 4715, ""category1"": ""여성의류"", ""category2"": ""상의"", ""category3"": ""긴소매 티셔츠"", ""category3_code"": 268103102, ""is_new"": false, ""item_no"": 3770418, ""period_sort"": ""ONE_DAY"", ""platform"": ""29cm"", ""ranking_category_code"": ""268103100"", ""ranking_category_name"": ""여성의류>상의"", ""review_avg"": 5.0, ""sale_percent"": 28, ""sale_price"": 35280, ""sold_out"": false, ""url"": ""https://product.29cm.co.kr/catalog/3770418""}",2026-09-06T08:07:14+00:00_6caed517
2026-09-06T17:07:00+09:00,2026-09-06T08:07:15+00:00,commerce_rank,[유경 착용/6차] Halter neck layered drape t shirts - 3color,29cm:3774587,heart_count,8699.0,"{""brand_eng"": ""ADAUL"", ""brand_kor"": ""어다울"", ""brand_no"": 14172, ""category1"": ""여성의류"", ""category2"": ""상의"", ""category3"": ""긴소매 티셔츠"", ""category3_code"": 268103102, ""is_new"": false, ""item_no"": 3774587, ""period_sort"": ""ONE_DAY"", ""platform"": ""29cm"", ""ranking_category_code"": ""268103100"", ""ranking_category_name"": ""여성의류>상의"", ""review_avg"": 4.5, ""sale_percent"": 23, ""sale_price"": 34430, ""sold_out"": false, ""url"": ""https://product.29cm.co.kr/catalog/3774587""}",2026-09-06T08:07:14+00:00_6caed517
2026-09-06T17:07:00+09:00,2026-09-06T08:07:15+00:00,commerce_rank,[유경 착용/6차] Halter neck layered drape t shirts - 3color,29cm:3774587,review_count,75.0,"{""brand_eng"": ""ADAUL"", ""brand_kor"": ""어다울"", ""brand_no"": 14172, ""category1"": ""여성의류"", ""category2"": ""상의"", ""category3"": ""긴소매 티셔츠"", ""category3_code"": 268103102, ""is_new"": false, ""item_no"": 3774587, ""period_sort"": ""ONE_DAY"", ""platform"": ""29cm"", ""ranking_category_code"": ""268103100"", ""ranking_category_name"": ""여성의류>상의"", ""review_avg"": 4.5, ""sale_percent"": 23, ""sale_price"": 34430, ""sold_out"": false, ""url"": ""https://product.29cm.co.kr/catalog/3774587""}",2026-09-06T08:07:14+00:00_6caed517
2026-09-06T17:07:00+09:00,2026-09-06T08:07:15+00:00,commerce_rank,[유경 착용/6차] Halter neck layered drape t shirts - 3color,29cm:3774587@268103100,rank,41.0,"{""brand_eng"": ""ADAUL"", ""brand_kor"": ""어다울"", ""brand_no"": 14172, ""category1"": ""여성의류"", ""category2"": ""상의"", ""category3"": ""긴소매 티셔츠"", ""category3_code"": 268103102, ""is_new"": false, ""item_no"": 3774587, ""period_sort"": ""ONE_DAY"", ""platform"": ""29cm"", ""ranking_category_code"": ""268103100"", ""ranking_category_name"": ""여성의류>상의"", ""review_avg"": 4.5, ""sale_percent"": 23, ""sale_price"": 34430, ""sold_out"": false, ""url"": ""https://product.29cm.co.kr/catalog/3774587""}",2026-09-06T08:07:14+00:00_6caed517
2026-09-06T17:07:00+09:00,2026-09-06T08:07:16+00:00,commerce_rank,"Cut Off Long Sleeve, Ivory",29cm:3776403,heart_count,244.0,"{""brand_eng"": ""BROWNYARD"", ""brand_kor"": ""브라운야드"", ""brand_no"": 2211, ""category1"": ""남성의류"", ""category2"": ""상의"", ""category3"": ""긴소매 티셔츠"", ""category3_code"": 272103102, ""is_new"": false, ""item_no"": 3776403, ""period_sort"": ""ONE_DAY"", ""platform"": ""29cm"", ""ranking_category_code"": ""272103100"", ""ranking_category_name"": ""남성의류>상의"", ""review_avg"": 5.0, ""sale_percent"": 5, ""sale_price"": 64600, ""sold_out"": false, ""url"": ""https://product.29cm.co.kr/catalog/3776403""}",2026-09-06T08:07:14+00:00_6caed517
2026-09-06T17:07:00+09:00,2026-09-06T08:07:16+00:00,commerce_rank,"Cut Off Long Sleeve, Ivory",29cm:3776403,review_count,22.0,"{""brand_eng"": ""BROWNYARD"", ""brand_kor"": ""브라운야드"", ""brand_no"": 2211, ""category1"": ""남성의류"", ""category2"": ""상의"", ""category3"": ""긴소매 티셔츠"", ""category3_code"": 272103102, ""is_new"": false, ""item_no"": 3776403, ""period_sort"": ""ONE_DAY"", ""platform"": ""29cm"", ""ranking_category_code"": ""272103100"", ""ranking_category_name"": ""남성의류>상의"", ""review_avg"": 5.0, ""sale_percent"": 5, ""sale_price"": 64600, ""sold_out"": false, ""url"": ""https://product.29cm.co.kr/catalog/3776403""}",2026-09-06T08:07:14+00:00_6caed517
2026-09-06T17:07:00+09:00,2026-09-06T08:07:16+00:00,commerce_rank,"Cut Off Long Sleeve, Ivory",29cm:3776403@272103100,rank,27.0,"{""brand_eng"": ""BROWNYARD"", ""brand_kor"": ""브라운야드"", ""brand_no"": 2211, ""category1"": ""남성의류"", ""category2"": ""상의"", ""category3"": ""긴소매 티셔츠"", ""category3_code"": 272103102, ""is_new"": false, ""item_no"": 3776403, ""period_sort"": ""ONE_DAY"", ""platform"": ""29cm"", ""ranking_category_code"": ""272103100"", ""ranking_category_name"": ""남성의류>상의"", ""review_avg"": 5.0, ""sale_percent"": 5, ""sale_price"": 64600, ""sold_out"": false, ""url"": ""https://product.29cm.co.kr/catalog/3776403""}",2026-09-06T08:07:14+00:00_6caed517
2026-09-06T17:07:00+09:00,2026-09-06T08:07:16+00:00,commerce_rank,"Cut Off Long Sleeve, Beige",29cm:3776404,heart_count,259.0,"{""brand_eng"": ""BROWNYARD"", ""brand_kor"": ""브라운야드"", ""brand_no"": 2211, ""category1"": ""남성의류"", ""category2"": ""상의"", ""category3"": ""긴소매 티셔츠"", ""category3_code"": 272103102, ""is_new"": false, ""item_no"": 3776404, ""period_sort"": ""ONE_DAY"", ""platform"": ""29cm"", ""ranking_category_code"": ""272103100"", ""ranking_category_name"": ""남성의류>상의"", ""review_avg"": 5.0, ""sale_percent"": 5, ""sale_price"": 64600, ""sold_out"": false, ""url"": ""https://product.29cm.co.kr/catalog/3776404""}",2026-09-06T08:07:14+00:00_6caed517
2026-09-06T17:07:00+09:00,2026-09-06T08:07:16+00:00,commerce_rank,"Cut Off Long Sleeve, Beige",29cm:3776404,review_count,30.0,"{""brand_eng"": ""BROWNYARD"", ""brand_kor"": ""브라운야드"", ""brand_no"": 2211, ""category1"": ""남성의류"", ""category2"": ""상의"", ""category3"": ""긴소매 티셔츠"", ""category3_code"": 272103102, ""is_new"": false, ""item_no"": 3776404, ""period_sort"": ""ONE_DAY"", ""platform"": ""29cm"", ""ranking_category_code"": ""272103100"", ""ranking_category_name"": ""남성의류>상의"", ""review_avg"": 5.0, ""sale_percent"": 5, ""sale_price"": 64600, ""sold_out"": false, ""url"": ""https://product.29cm.co.kr/catalog/3776404""}",2026-09-06T08:07:14+00:00_6caed517
2026-09-06T17:07:00+09:00,2026-09-06T08:07:16+00:00,commerce_rank,"Cut Off Long Sleeve, Beige",29cm:3776404@272103100,rank,47.0,"{""brand_eng"": ""BROWNYARD"", ""brand_kor"": ""브라운야드"", ""brand_no"": 2211, ""category1"": ""남성의류"", ""category2"": ""상의"", ""category3"": ""긴소매 티셔츠"", ""category3_code"": 272103102, ""is_new"": false, ""item_no"": 3776404, ""period_sort"": ""ONE_DAY"", ""platform"": ""29cm"", ""ranking_category_code"": ""272103100"", ""ranking_category_name"": ""남성의류>상의"", ""review_avg"": 5.0, ""sale_percent"": 5, ""sale_price"": 64600, ""sold_out"": false, ""url"": ""https://product.29cm.co.kr/catalog/3776404""}",2026-09-06T08:07:14+00:00_6caed517
2026-09-06T17:07:00+09:00,2026-09-06T08:07:16+00:00,commerce_rank,"Cut Off Long Sleeve, Black",29cm:3776405,heart_count,474.0,"{""brand_eng"": ""BROWNYARD"", ""brand_kor"": ""브라운야드"", ""brand_no"": 2211, ""category1"": ""남성의류"", ""category2"": ""상의"", ""category3"": ""긴소매 티셔츠"", ""category3_code"": 272103102, ""is_new"": false, ""item_no"": 3776405, ""period_sort"": ""ONE_DAY"", ""platform"": ""29cm"", ""ranking_category_code"": ""272103100"", ""ranking_category_name"": ""남성의류>상의"", ""review_avg"": 5.0, ""sale_percent"": 5, ""sale_price"": 64600, ""sold_out"": false, ""url"": ""https://product.29cm.co.kr/catalog/3776405""}",2026-09-06T08:07:14+00:00_6caed517
2026-09-06T17:07:00+09:00,2026-09-06T08:07:16+00:00,commerce_rank,"Cut Off Long Sleeve, Black",29cm:3776405,review_count,28.0,"{""brand_eng"": ""BROWNYARD"", ""brand_kor"": ""브라운야드"", ""brand_no"": 2211, ""category1"": ""남성의류"", ""category2"": ""상의"", ""category3"": ""긴소매 티셔츠"", ""category3_code"": 272103102, ""is_new"": false, ""item_no"": 3776405, ""period_sort"": ""ONE_DAY"", ""platform"": ""29cm"", ""ranking_category_code"": ""272103100"", ""ranking_category_name"": ""남성의류>상의"", ""review_avg"": 5.0, ""sale_percent"": 5, ""sale_price"": 64600, ""sold_out"": false, ""url"": ""https://product.29cm.co.kr/catalog/3776405""}",2026-09-06T08:07:14+00:00_6caed517
2026-09-06T17:07:00+09:00,2026-09-06T08:07:16+00:00,commerce_rank,"Cut Off Long Sleeve, Black",29cm:3776405@272103100,rank,8.0,"{""brand_eng"": ""BROWNYARD"", ""brand_kor"": ""브라운야드"", ""brand_no"": 2211, ""category1"": ""남성의류"", ""category2"": ""상의"", ""category3"": ""긴소매 티셔츠"", ""category3_code"": 272103102, ""is_new"": false, ""item_no"": 3776405, ""period_sort"": ""ONE_DAY"", ""platform"": ""29cm"", ""ranking_category_code"": ""272103100"", ""ranking_category_name"": ""남성의류>상의"", ""review_avg"": 5.0, ""sale_percent"": 5, ""sale_price"": 64600, ""sold_out"": false, ""url"": ""https://product.29cm.co.kr/catalog/3776405""}",2026-09-06T08:07:14+00:00_6caed517
2026-09-06T17:07:00+09:00,2026-09-06T08:07:15+00:00,commerce_rank,[29CM 단독컬러]Number 23 Raglan Off-Shoulder T-Shirt_CTT3002(5color),29cm:3781911,heart_count,8301.0,"{""brand_eng"": ""CITTA"", ""brand_kor"": ""씨타"", ""brand_no"": 71833, ""category1"": ""여성의류"", ""category2"": ""상의"", ""category3"": ""긴소매 티셔츠"", ""category3_code"": 268103102, ""is_new"": false, ""item_no"": 3781911, ""period_sort"": ""ONE_DAY"", ""platform"": ""29cm"", ""ranking_category_code"": ""268103100"", ""ranking_category_name"": ""여성의류>상의"", ""review_avg"": 5.0, ""sale_percent"": 30, ""sale_price"": 39320, ""sold_out"": false, ""url"": ""https://product.29cm.co.kr/catalog/3781911""}",2026-09-06T08:07:14+00:00_6caed517
2026-09-06T17:07:00+09:00,2026-09-06T08:07:15+00:00,commerce_rank,[29CM 단독컬러]Number 23 Raglan Off-Shoulder T-Shirt_CTT3002(5color),29cm:3781911,review_count,184.0,"{""brand_eng"": ""CITTA"", ""brand_kor"": ""씨타"", ""brand_no"": 71833, ""category1"": ""여성의류"", ""category2"": ""상의"", ""category3"": ""긴소매 티셔츠"", ""category3_code"": 268103102, ""is_new"": false, ""item_no"": 3781911, ""period_sort"": ""ONE_DAY"", ""platform"": ""29cm"", ""ranking_category_code"": ""268103100"", ""ranking_category_name"": ""여성의류>상의"", ""review_avg"": 5.0, ""sale_percent"": 30, ""sale_price"": 39320, ""sold_out"": false, ""url"": ""https://product.29cm.co.kr/catalog/3781911""}",2026-09-06T08:07:14+00:00_6caed517
2026-09-06T17:07:00+09:00,2026-09-06T08:07:15+00:00,commerce_rank,[29CM 단독컬러]Number 23 Raglan Off-Shoulder T-Shirt_CTT3002(5color),29cm:3781911@268103100,rank,9.0,"{""brand_eng"": ""CITTA"", ""brand_kor"": ""씨타"", ""brand_no"": 71833, ""category1"": ""여성의류"", ""category2"": ""상의"", ""category3"": ""긴소매 티셔츠"", ""category3_code"": 268103102, ""is_new"": false, ""item_no"": 3781911, ""period_sort"": ""ONE_DAY"", ""platform"": ""29cm"", ""ranking_category_code"": ""268103100"", ""ranking_category_name"": ""여성의류>상의"", ""review_avg"": 5.0, ""sale_percent"": 30, ""sale_price"": 39320, ""sold_out"": false, ""url"": ""https://product.29cm.co.kr/catalog/3781911""}",2026-09-06T08:07:14+00:00_6caed517
2026-09-06T17:07:00+09:00,2026-09-06T08:07:16+00:00,commerce_rank,[ESSENTIAL] EASY COMFORT SHIRT (5 COLOR),29cm:3786403,heart_count,148.0,"{""brand_eng"": ""UNAFFECTED"", ""brand_kor"": ""언어펙티드"", ""brand_no"": 2627, ""category1"": ""남성의류"", ""category2"": ""상의"", ""category3"": ""긴소매 셔츠"", ""category3_code"": 272103106, ""is_new"": false, ""item_no"": 3786403, ""period_sort"": ""ONE_DAY"", ""platform"": ""29cm"", ""ranking_category_code"": ""272103100"", ""ranking_category_name"": ""남성의류>상의"", ""review_avg"": 5.0, ""sale_percent"": 28, ""sale_price"": 92480, ""sold_out"": false, ""url"": ""https://product.29cm.co.kr/catalog/3786403""}",2026-09-06T08:07:14+00:00_6caed517
2026-09-06T17:07:00+09:00,2026-09-06T08:07:16+00:00,commerce_rank,[ESSENTIAL] EASY COMFORT SHIRT (5 COLOR),29cm:3786403,review_count,2.0,"{""brand_eng"": ""UNAFFECTED"", ""brand_kor"": ""언어펙티드"", ""brand_no"": 2627, ""category1"": ""남성의류"", ""category2"": ""상의"", ""category3"": ""긴소매 셔츠"", ""category3_code"": 272103106, ""is_new"": false, ""item_no"": 3786403, ""period_sort"": ""ONE_DAY"", ""platform"": ""29cm"", ""ranking_category_code"": ""272103100"", ""ranking_category_name"": ""남성의류>상의"", ""review_avg"": 5.0, ""sale_percent"": 28, ""sale_price"": 92480, ""sold_out"": false, ""url"": ""https://product.29cm.co.kr/catalog/3786403""}",2026-09-06T08:07:14+00:00_6caed517
2026-09-06T17:07:00+09:00,2026-09-06T08:07:16+00:00,commerce_rank,[ESSENTIAL] EASY COMFORT SHIRT (5 COLOR),29cm:3786403@272103100,rank,15.0,"{""brand_eng"": ""UNAFFECTED"", ""brand_kor"": ""언어펙티드"", ""brand_no"": 2627, ""category1"": ""남성의류"", ""category2"": ""상의"", ""category3"": ""긴소매 셔츠"", ""category3_code"": 272103106, ""is_new"": false, ""item_no"": 3786403, ""period_sort"": ""ONE_DAY"", ""platform"": ""29cm"", ""ranking_category_code"": ""272103100"", ""ranking_category_name"": ""남성의류>상의"", ""review_avg"": 5.0, ""sale_percent"": 28, ""sale_price"": 92480, ""sold_out"": false, ""url"": ""https://product.29cm.co.kr/catalog/3786403""}",2026-09-06T08:07:14+00:00_6caed517
2026-09-06T17:07:00+09:00,2026-09-06T08:07:15+00:00,commerce_rank,[예약발송] 케이트 3/4 티셔츠 헤더그레이,29cm:3790198,heart_count,5338.0,"{""brand_eng"": ""LMOOD WOMEN"", ""brand_kor"": ""엘무드 우먼"", ""brand_no"": 111687, ""category1"": ""여성의류"", ""category2"": ""상의"", ""category3"": ""긴소매 티셔츠"", ""category3_code"": 268103102, ""is_new"": false, ""item_no"": 3790198, ""period_sort"": ""ONE_DAY"", ""platform"": ""29cm"", ""ranking_category_code"": ""268103100"", ""ranking_category_name"": ""여성의류>상의"", ""review_avg"": 5.0, ""sale_percent"": 19, ""sale_price"": 32400, ""sold_out"": false, ""url"": ""https://product.29cm.co.kr/catalog/3790198""}",2026-09-06T08:07:14+00:00_6caed517
2026-09-06T17:07:00+09:00,2026-09-06T08:07:15+00:00,commerce_rank,[예약발송] 케이트 3/4 티셔츠 헤더그레이,29cm:3790198,review_count,91.0,"{""brand_eng"": ""LMOOD WOMEN"", ""brand_kor"": ""엘무드 우먼"", ""brand_no"": 111687, ""category1"": ""여성의류"", ""category2"": ""상의"", ""category3"": ""긴소매 티셔츠"", ""category3_code"": 268103102, ""is_new"": false, ""item_no"": 3790198, ""period_sort"": ""ONE_DAY"", ""platform"": ""29cm"", ""ranking_category_code"": ""268103100"", ""ranking_category_name"": ""여성의류>상의"", ""review_avg"": 5.0, ""sale_percent"": 19, ""sale_price"": 32400, ""sold_out"": false, ""url"": ""https://product.29cm.co.kr/catalog/3790198""}",2026-09-06T08:07:14+00:00_6caed517
2026-09-06T17:07:00+09:00,2026-09-06T08:07:15+00:00,commerce_rank,[예약발송] 케이트 3/4 티셔츠 헤더그레이,29cm:3790198@268103100,rank,51.0,"{""brand_eng"": ""LMOOD WOMEN"", ""brand_kor"": ""엘무드 우먼"", ""brand_no"": 111687, ""category1"": ""여성의류"", ""category2"": ""상의"", ""category3"": ""긴소매 티셔츠"", ""category3_code"": 268103102, ""is_new"": false, ""item_no"": 3790198, ""period_sort"": ""ONE_DAY"", ""platform"": ""29cm"", ""ranking_category_code"": ""268103100"", ""ranking_category_name"": ""여성의류>상의"", ""review_avg"": 5.0, ""sale_percent"": 19, ""sale_price"": 32400, ""sold_out"": false, ""url"": ""https://product.29cm.co.kr/catalog/3790198""}",2026-09-06T08:07:14+00:00_6caed517
2026-09-06T17:07:00+09:00,2026-09-06T08:07:16+00:00,commerce_rank,VTG Washed Binding Long Sleeve Khaki,29cm:3814806,heart_count,185.0,"{""brand_eng"": ""partimento"", ""brand_kor"": ""파르티멘토"", ""brand_no"": 1588, ""category1"": ""남성의류"", ""category2"": ""상의"", ""category3"": ""긴소매 티셔츠"", ""category3_code"": 272103102, ""is_new"": false, ""item_no"": 3814806, ""period_sort"": ""ONE_DAY"", ""platform"": ""29cm"", ""ranking_category_code"": ""272103100"", ""ranking_category_name"": ""남성의류>상의"", ""review_avg"": 5.0, ""sale_percent"": 36, ""sale_price"": 39780, ""sold_out"": false, ""url"": ""https://product.29cm.co.kr/catalog/3814806""}",2026-09-06T08:07:14+00:00_6caed517
2026-09-06T17:07:00+09:00,2026-09-06T08:07:16+00:00,commerce_rank,VTG Washed Binding Long Sleeve Khaki,29cm:3814806,review_count,8.0,"{""brand_eng"": ""partimento"", ""brand_kor"": ""파르티멘토"", ""brand_no"": 1588, ""category1"": ""남성의류"", ""category2"": ""상의"", ""category3"": ""긴소매 티셔츠"", ""category3_code"": 272103102, ""is_new"": false, ""item_no"": 3814806, ""period_sort"": ""ONE_DAY"", ""platform"": ""29cm"", ""ranking_category_code"": ""272103100"", ""ranking_category_name"": ""남성의류>상의"", ""review_avg"": 5.0, ""sale_percent"": 36, ""sale_price"": 39780, ""sold_out"": false, ""url"": ""https://product.29cm.co.kr/catalog/3814806""}",2026-09-06T08:07:14+00:00_6caed517
2026-09-06T17:07:00+09:00,2026-09-06T08:07:16+00:00,commerce_rank,VTG Washed Binding Long Sleeve Khaki,29cm:3814806@272103100,rank,81.0,"{""brand_eng"": ""partimento"", ""brand_kor"": ""파르티멘토"", ""brand_no"": 1588, ""category1"": ""남성의류"", ""category2"": ""상의"", ""category3"": ""긴소매 티셔츠"", ""category3_code"": 272103102, ""is_new"": false, ""item_no"": 3814806, ""period_sort"": ""ONE_DAY"", ""platform"": ""29cm"", ""ranking_category_code"": ""272103100"", ""ranking_category_name"": ""남성의류>상의"", ""review_avg"": 5.0, ""sale_percent"": 36, ""sale_price"": 39780, ""sold_out"": false, ""url"": ""https://product.29cm.co.kr/catalog/3814806""}",2026-09-06T08:07:14+00:00_6caed517
2026-09-06T17:07:00+09:00,2026-09-06T08:07:16+00:00,commerce_rank,[AW] Ordinary Check Shirt (Black),29cm:3819082,heart_count,333.0,"{""brand_eng"": ""ANOTHER OFFICE"", ""brand_kor"": ""어나더오피스"", ""brand_no"": 1708, ""category1"": ""남성의류"", ""category2"": ""상의"", ""category3"": ""긴소매 셔츠"", ""category3_code"": 272103106, ""is_new"": false, ""item_no"": 3819082, ""period_sort"": ""ONE_DAY"", ""platform"": ""29cm"", ""ranking_category_code"": ""272103100"", ""ranking_category_name"": ""남성의류>상의"", ""review_avg"": 5.0, ""sale_percent"": 15, ""sale_price"": 160650, ""sold_out"": false, ""url"": ""https://product.29cm.co.kr/catalog/3819082""}",2026-09-06T08:07:14+00:00_6caed517
2026-09-06T17:07:00+09:00,2026-09-06T08:07:16+00:00,commerce_rank,[AW] Ordinary Check Shirt (Black),29cm:3819082,review_count,7.0,"{""brand_eng"": ""ANOTHER OFFICE"", ""brand_kor"": ""어나더오피스"", ""brand_no"": 1708, ""category1"": ""남성의류"", ""category2"": ""상의"", ""category3"": ""긴소매 셔츠"", ""category3_code"": 272103106, ""is_new"": false, ""item_no"": 3819082, ""period_sort"": ""ONE_DAY"", ""platform"": ""29cm"", ""ranking_category_code"": ""272103100"", ""ranking_category_name"": ""남성의류>상의"", ""review_avg"": 5.0, ""sale_percent"": 15, ""sale_price"": 160650, ""sold_out"": false, ""url"": ""https://product.29cm.co.kr/catalog/3819082""}",2026-09-06T08:07:14+00:00_6caed517
2026-09-06T17:07:00+09:00,2026-09-06T08:07:16+00:00,commerce_rank,[AW] Ordinary Check Shirt (Black),29cm:3819082@272103100,rank,12.0,"{""brand_eng"": ""ANOTHER OFFICE"", ""brand_kor"": ""어나더오피스"", ""brand_no"": 1708, ""category1"": ""남성의류"", ""category2"": ""상의"", ""category3"": ""긴소매 셔츠"", ""category3_code"": 272103106, ""is_new"": false, ""item_no"": 3819082, ""period_sort"": ""ONE_DAY"", ""platform"": ""29cm"", ""ranking_category_code"": ""272103100"", ""ranking_category_name"": ""남성의류>상의"", ""review_avg"": 5.0, ""sale_percent"": 15, ""sale_price"": 160650, ""sold_out"": false, ""url"": ""https://product.29cm.co.kr/catalog/3819082""}",2026-09-06T08:07:14+00:00_6caed517
2026-09-06T17:07:00+09:00,2026-09-06T08:07:16+00:00,commerce_rank,WAFFLE HENLEY L/S T-SHIRT [GRAPHITE],29cm:3844621,heart_count,19.0,"{""brand_eng"": ""UNION BLUE"", ""brand_kor"": ""유니온 블루"", ""brand_no"": 13510, ""category1"": ""남성의류"", ""category2"": ""상의"", ""category3"": ""긴소매 티셔츠"", ""category3_code"": 272103102, ""is_new"": false, ""item_no"": 3844621, ""period_sort"": ""ONE_DAY"", ""platform"": ""29cm"", ""ranking_category_code"": ""272103100"", ""ranking_category_name"": ""남성의류>상의"", ""review_avg"": 0.0, ""sale_percent"": 24, ""sale_price"": 48960, ""sold_out"": false, ""url"": ""https://product.29cm.co.kr/catalog/3844621""}",2026-09-06T08:07:14+00:00_6caed517
2026-09-06T17:07:00+09:00,2026-09-06T08:07:16+00:00,commerce_rank,WAFFLE HENLEY L/S T-SHIRT [GRAPHITE],29cm:3844621,review_count,0.0,"{""brand_eng"": ""UNION BLUE"", ""brand_kor"": ""유니온 블루"", ""brand_no"": 13510, ""category1"": ""남성의류"", ""category2"": ""상의"", ""category3"": ""긴소매 티셔츠"", ""category3_code"": 272103102, ""is_new"": false, ""item_no"": 3844621, ""period_sort"": ""ONE_DAY"", ""platform"": ""29cm"", ""ranking_category_code"": ""272103100"", ""ranking_category_name"": ""남성의류>상의"", ""review_avg"": 0.0, ""sale_percent"": 24, ""sale_price"": 48960, ""sold_out"": false, ""url"": ""https://product.29cm.co.kr/catalog/3844621""}",2026-09-06T08:07:14+00:00_6caed517
2026-09-06T17:07:00+09:00,2026-09-06T08:07:16+00:00,commerce_rank,WAFFLE HENLEY L/S T-SHIRT [GRAPHITE],29cm:3844621@272103100,rank,100.0,"{""brand_eng"": ""UNION BLUE"", ""brand_kor"": ""유니온 블루"", ""brand_no"": 13510, ""category1"": ""남성의류"", ""category2"": ""상의"", ""category3"": ""긴소매 티셔츠"", ""category3_code"": 272103102, ""is_new"": false, ""item_no"": 3844621, ""period_sort"": ""ONE_DAY"", ""platform"": ""29cm"", ""ranking_category_code"": ""272103100"", ""ranking_category_name"": ""남성의류>상의"", ""review_avg"": 0.0, ""sale_percent"": 24, ""sale_price"": 48960, ""sold_out"": false, ""url"": ""https://product.29cm.co.kr/catalog/3844621""}",2026-09-06T08:07:14+00:00_6caed517
2026-09-06T17:07:00+09:00,2026-09-06T08:07:16+00:00,commerce_rank,REVERSIBLE DOUBLE-FACED HOODIE (BLUE),29cm:3855010,heart_count,152.0,"{""brand_eng"": ""BIRDNOTE"", ""brand_kor"": ""버드노트"", ""brand_no"": 98490, ""category1"": ""남성의류"", ""category2"": ""상의"", ""category3"": ""후디"", ""category3_code"": 272103108, ""is_new"": false, ""item_no"": 3855010, ""period_sort"": ""ONE_DAY"", ""platform"": ""29cm"", ""ranking_category_code"": ""272103100"", ""ranking_category_name"": ""남성의류>상의"", ""review_avg"": 5.0, ""sale_percent"": 0, ""sale_price"": 196000, ""sold_out"": false, ""url"": ""https://product.29cm.co.kr/catalog/3855010""}",2026-09-06T08:07:14+00:00_6caed517
2026-09-06T17:07:00+09:00,2026-09-06T08:07:16+00:00,commerce_rank,REVERSIBLE DOUBLE-FACED HOODIE (BLUE),29cm:3855010,review_count,6.0,"{""brand_eng"": ""BIRDNOTE"", ""brand_kor"": ""버드노트"", ""brand_no"": 98490, ""category1"": ""남성의류"", ""category2"": ""상의"", ""category3"": ""후디"", ""category3_code"": 272103108, ""is_new"": false, ""item_no"": 3855010, ""period_sort"": ""ONE_DAY"", ""platform"": ""29cm"", ""ranking_category_code"": ""272103100"", ""ranking_category_name"": ""남성의류>상의"", ""review_avg"": 5.0, ""sale_percent"": 0, ""sale_price"": 196000, ""sold_out"": false, ""url"": ""https://product.29cm.co.kr/catalog/3855010""}",2026-09-06T08:07:14+00:00_6caed517
2026-09-06T17:07:00+09:00,2026-09-06T08:07:16+00:00,commerce_rank,REVERSIBLE DOUBLE-FACED HOODIE (BLUE),29cm:3855010@272103100,rank,23.0,"{""brand_eng"": ""BIRDNOTE"", ""brand_kor"": ""버드노트"", ""brand_no"": 98490, ""category1"": ""남성의류"", ""category2"": ""상의"", ""category3"": ""후디"", ""category3_code"": 272103108, ""is_new"": false, ""item_no"": 3855010, ""period_sort"": ""ONE_DAY"", ""platform"": ""29cm"", ""ranking_category_code"": ""272103100"", ""ranking_category_name"": ""남성의류>상의"", ""review_avg"": 5.0, ""sale_percent"": 0, ""sale_price"": 196000, ""sold_out"": false, ""url"": ""https://product.29cm.co.kr/catalog/3855010""}",2026-09-06T08:07:14+00:00_6caed517
2026-09-06T17:07:00+09:00,2026-09-06T08:07:15+00:00,commerce_rank,[여울 PICK] WOMAN 루즈핏 래글런 핀턱 블라우스 [IVORY] / GF2LBL514,29cm:3866102,heart_count,42944.0,"{""brand_eng"": ""GENERAL IDEA"", ""brand_kor"": ""제너럴아이디어"", ""brand_no"": 4699, ""category1"": ""여성의류"", ""category2"": ""상의"", ""category3"": ""블라우스"", ""category3_code"": 268103107, ""is_new"": false, ""item_no"": 3866102, ""period_sort"": ""ONE_DAY"", ""platform"": ""29cm"", ""ranking_category_code"": ""268103100"", ""ranking_category_name"": ""여성의류>상의"", ""review_avg"": 4.5, ""sale_percent"": 24, ""sale_price"": 40800, ""sold_out"": false, ""url"": ""https://product.29cm.co.kr/catalog/3866102""}",2026-09-06T08:07:14+00:00_6caed517
2026-09-06T17:07:00+09:00,2026-09-06T08:07:15+00:00,commerce_rank,[여울 PICK] WOMAN 루즈핏 래글런 핀턱 블라우스 [IVORY] / GF2LBL514,29cm:3866102,review_count,623.0,"{""brand_eng"": ""GENERAL IDEA"", ""brand_kor"": ""제너럴아이디어"", ""brand_no"": 4699, ""category1"": ""여성의류"", ""category2"": ""상의"", ""category3"": ""블라우스"", ""category3_code"": 268103107, ""is_new"": false, ""item_no"": 3866102, ""period_sort"": ""ONE_DAY"", ""platform"": ""29cm"", ""ranking_category_code"": ""268103100"", ""ranking_category_name"": ""여성의류>상의"", ""review_avg"": 4.5, ""sale_percent"": 24, ""sale_price"": 40800, ""sold_out"": false, ""url"": ""https://product.29cm.co.kr/catalog/3866102""}",2026-09-06T08:07:14+00:00_6caed517
2026-09-06T17:07:00+09:00,2026-09-06T08:07:15+00:00,commerce_rank,[여울 PICK] WOMAN 루즈핏 래글런 핀턱 블라우스 [IVORY] / GF2LBL514,29cm:3866102@268103100,rank,57.0,"{""brand_eng"": ""GENERAL IDEA"", ""brand_kor"": ""제너럴아이디어"", ""brand_no"": 4699, ""category1"": ""여성의류"", ""category2"": ""상의"", ""category3"": ""블라우스"", ""category3_code"": 268103107, ""is_new"": false, ""item_no"": 3866102, ""period_sort"": ""ONE_DAY"", ""platform"": ""29cm"", ""ranking_category_code"": ""268103100"", ""ranking_category_name"": ""여성의류>상의"", ""review_avg"": 4.5, ""sale_percent"": 24, ""sale_price"": 40800, ""sold_out"": false, ""url"": ""https://product.29cm.co.kr/catalog/3866102""}",2026-09-06T08:07:14+00:00_6caed517
2026-09-06T17:07:00+09:00,2026-09-06T08:07:16+00:00,commerce_rank,SEMI CROP CHECK SHIRT [ASH],29cm:3867177,heart_count,169.0,"{""brand_eng"": ""UNION BLUE"", ""brand_kor"": ""유니온 블루"", ""brand_no"": 13510, ""category1"": ""남성의류"", ""category2"": ""상의"", ""category3"": ""긴소매 셔츠"", ""category3_code"": 272103106, ""is_new"": false, ""item_no"": 3867177, ""period_sort"": ""ONE_DAY"", ""platform"": ""29cm"", ""ranking_category_code"": ""272103100"", ""ranking_category_name"": ""남성의류>상의"", ""review_avg"": 5.0, ""sale_percent"": 24, ""sale_price"": 62730, ""sold_out"": false, ""url"": ""https://product.29cm.co.kr/catalog/3867177""}",2026-09-06T08:07:14+00:00_6caed517
2026-09-06T17:07:00+09:00,2026-09-06T08:07:16+00:00,commerce_rank,SEMI CROP CHECK SHIRT [ASH],29cm:3867177,review_count,5.0,"{""brand_eng"": ""UNION BLUE"", ""brand_kor"": ""유니온 블루"", ""brand_no"": 13510, ""category1"": ""남성의류"", ""category2"": ""상의"", ""category3"": ""긴소매 셔츠"", ""category3_code"": 272103106, ""is_new"": false, ""item_no"": 3867177, ""period_sort"": ""ONE_DAY"", ""platform"": ""29cm"", ""ranking_category_code"": ""272103100"", ""ranking_category_name"": ""남성의류>상의"", ""review_avg"": 5.0, ""sale_percent"": 24, ""sale_price"": 62730, ""sold_out"": false, ""url"": ""https://product.29cm.co.kr/catalog/3867177""}",2026-09-06T08:07:14+00:00_6caed517
2026-09-06T17:07:00+09:00,2026-09-06T08:07:16+00:00,commerce_rank,SEMI CROP CHECK SHIRT [ASH],29cm:3867177@272103100,rank,64.0,"{""brand_eng"": ""UNION BLUE"", ""brand_kor"": ""유니온 블루"", ""brand_no"": 13510, ""category1"": ""남성의류"", ""category2"": ""상의"", ""category3"": ""긴소매 셔츠"", ""category3_code"": 272103106, ""is_new"": false, ""item_no"": 3867177, ""period_sort"": ""ONE_DAY"", ""platform"": ""29cm"", ""ranking_category_code"": ""272103100"", ""ranking_category_name"": ""남성의류>상의"", ""review_avg"": 5.0, ""sale_percent"": 24, ""sale_price"": 62730, ""sold_out"": false, ""url"": ""https://product.29cm.co.kr/catalog/3867177""}",2026-09-06T08:07:14+00:00_6caed517
2026-09-06T17:07:00+09:00,2026-09-06T08:07:16+00:00,commerce_rank,다이애그널 하프집업 크롭 후디[네이비],29cm:3869170,heart_count,359.0,"{""brand_eng"": ""Hooves"", ""brand_kor"": ""후브스"", ""brand_no"": 17139, ""category1"": ""남성의류"", ""category2"": ""상의"", ""category3"": ""집업"", ""category3_code"": 272103109, ""is_new"": false, ""item_no"": 3869170, ""period_sort"": ""ONE_DAY"", ""platform"": ""29cm"", ""ranking_category_code"": ""272103100"", ""ranking_category_name"": ""남성의류>상의"", ""review_avg"": 0.0, ""sale_percent"": 20, ""sale_price"": 59200, ""sold_out"": false, ""url"": ""https://product.29cm.co.kr/catalog/3869170""}",2026-09-06T08:07:14+00:00_6caed517
2026-09-06T17:07:00+09:00,2026-09-06T08:07:16+00:00,commerce_rank,다이애그널 하프집업 크롭 후디[네이비],29cm:3869170,review_count,0.0,"{""brand_eng"": ""Hooves"", ""brand_kor"": ""후브스"", ""brand_no"": 17139, ""category1"": ""남성의류"", ""category2"": ""상의"", ""category3"": ""집업"", ""category3_code"": 272103109, ""is_new"": false, ""item_no"": 3869170, ""period_sort"": ""ONE_DAY"", ""platform"": ""29cm"", ""ranking_category_code"": ""272103100"", ""ranking_category_name"": ""남성의류>상의"", ""review_avg"": 0.0, ""sale_percent"": 20, ""sale_price"": 59200, ""sold_out"": false, ""url"": ""https://product.29cm.co.kr/catalog/3869170""}",2026-09-06T08:07:14+00:00_6caed517
2026-09-06T17:07:00+09:00,2026-09-06T08:07:16+00:00,commerce_rank,다이애그널 하프집업 크롭 후디[네이비],29cm:3869170@272103100,rank,31.0,"{""brand_eng"": ""Hooves"", ""brand_kor"": ""후브스"", ""brand_no"": 17139, ""category1"": ""남성의류"", ""category2"": ""상의"", ""category3"": ""집업"", ""category3_code"": 272103109, ""is_new"": false, ""item_no"": 3869170, ""period_sort"": ""ONE_DAY"", ""platform"": ""29cm"", ""ranking_category_code"": ""272103100"", ""ranking_category_name"": ""남성의류>상의"", ""review_avg"": 0.0, ""sale_percent"": 20, ""sale_price"": 59200, ""sold_out"": false, ""url"": ""https://product.29cm.co.kr/catalog/3869170""}",2026-09-06T08:07:14+00:00_6caed517
2026-09-06T17:07:00+09:00,2026-09-06T08:07:16+00:00,commerce_rank,EDITOR PIN CHECK SHIRT [DOVE GRAY],29cm:3870909,heart_count,154.0,"{""brand_eng"": ""UNION BLUE"", ""brand_kor"": ""유니온 블루"", ""brand_no"": 13510, ""category1"": ""남성의류"", ""category2"": ""상의"", ""category3"": ""긴소매 셔츠"", ""category3_code"": 272103106, ""is_new"": false, ""item_no"": 3870909, ""period_sort"": ""ONE_DAY"", ""platform"": ""29cm"", ""ranking_category_code"": ""272103100"", ""ranking_category_name"": ""남성의류>상의"", ""review_avg"": 5.0, ""sale_percent"": 24, ""sale_price"": 62730, ""sold_out"": false, ""url"": ""https://product.29cm.co.kr/catalog/3870909""}",2026-09-06T08:07:14+00:00_6caed517
2026-09-06T17:07:00+09:00,2026-09-06T08:07:16+00:00,commerce_rank,EDITOR PIN CHECK SHIRT [DOVE GRAY],29cm:3870909,review_count,8.0,"{""brand_eng"": ""UNION BLUE"", ""brand_kor"": ""유니온 블루"", ""brand_no"": 13510, ""category1"": ""남성의류"", ""category2"": ""상의"", ""category3"": ""긴소매 셔츠"", ""category3_code"": 272103106, ""is_new"": false, ""item_no"": 3870909, ""period_sort"": ""ONE_DAY"", ""platform"": ""29cm"", ""ranking_category_code"": ""272103100"", ""ranking_category_name"": ""남성의류>상의"", ""review_avg"": 5.0, ""sale_percent"": 24, ""sale_price"": 62730, ""sold_out"": false, ""url"": ""https://product.29cm.co.kr/catalog/3870909""}",2026-09-06T08:07:14+00:00_6caed517
2026-09-06T17:07:00+09:00,2026-09-06T08:07:16+00:00,commerce_rank,EDITOR PIN CHECK SHIRT [DOVE GRAY],29cm:3870909@272103100,rank,50.0,"{""brand_eng"": ""UNION BLUE"", ""brand_kor"": ""유니온 블루"", ""brand_no"": 13510, ""category1"": ""남성의류"", ""category2"": ""상의"", ""category3"": ""긴소매 셔츠"", ""category3_code"": 272103106, ""is_new"": false, ""item_no"": 3870909, ""period_sort"": ""ONE_DAY"", ""platform"": ""29cm"", ""ranking_category_code"": ""272103100"", ""ranking_category_name"": ""남성의류>상의"", ""review_avg"": 5.0, ""sale_percent"": 24, ""sale_price"": 62730, ""sold_out"": false, ""url"": ""https://product.29cm.co.kr/catalog/3870909""}",2026-09-06T08:07:14+00:00_6caed517
2026-09-06T17:07:00+09:00,2026-09-06T08:07:16+00:00,commerce_rank,TG2-TS14 인디고 씬 스트라이프 티,29cm:3873762,heart_count,3471.0,"{""brand_eng"": ""THOMAS MORE"", ""brand_kor"": ""토마스모어"", ""brand_no"": 2111, ""category1"": ""남성의류"", ""category2"": ""상의"", ""category3"": ""반소매 티셔츠"", ""category3_code"": 272103101, ""is_new"": false, ""item_no"": 3873762, ""period_sort"": ""ONE_DAY"", ""platform"": ""29cm"", ""ranking_category_code"": ""272103100"", ""ranking_category_name"": ""남성의류>상의"", ""review_avg"": 4.5, ""sale_percent"": 15, ""sale_price"": 33750, ""sold_out"": false, ""url"": ""https://product.29cm.co.kr/catalog/3873762""}",2026-09-06T08:07:14+00:00_6caed517
2026-09-06T17:07:00+09:00,2026-09-06T08:07:16+00:00,commerce_rank,TG2-TS14 인디고 씬 스트라이프 티,29cm:3873762,review_count,328.0,"{""brand_eng"": ""THOMAS MORE"", ""brand_kor"": ""토마스모어"", ""brand_no"": 2111, ""category1"": ""남성의류"", ""category2"": ""상의"", ""category3"": ""반소매 티셔츠"", ""category3_code"": 272103101, ""is_new"": false, ""item_no"": 3873762, ""period_sort"": ""ONE_DAY"", ""platform"": ""29cm"", ""ranking_category_code"": ""272103100"", ""ranking_category_name"": ""남성의류>상의"", ""review_avg"": 4.5, ""sale_percent"": 15, ""sale_price"": 33750, ""sold_out"": false, ""url"": ""https://product.29cm.co.kr/catalog/3873762""}",2026-09-06T08:07:14+00:00_6caed517
2026-09-06T17:07:00+09:00,2026-09-06T08:07:16+00:00,commerce_rank,TG2-TS14 인디고 씬 스트라이프 티,29cm:3873762@272103100,rank,62.0,"{""brand_eng"": ""THOMAS MORE"", ""brand_kor"": ""토마스모어"", ""brand_no"": 2111, ""category1"": ""남성의류"", ""category2"": ""상의"", ""category3"": ""반소매 티셔츠"", ""category3_code"": 272103101, ""is_new"": false, ""item_no"": 3873762, ""period_sort"": ""ONE_DAY"", ""platform"": ""29cm"", ""ranking_category_code"": ""272103100"", ""ranking_category_name"": ""남성의류>상의"", ""review_avg"": 4.5, ""sale_percent"": 15, ""sale_price"": 33750, ""sold_out"": false, ""url"": ""https://product.29cm.co.kr/catalog/3873762""}",2026-09-06T08:07:14+00:00_6caed517
2026-09-06T17:07:00+09:00,2026-09-06T08:07:16+00:00,commerce_rank,TG2-TS05 튜블러 티 (10 Color),29cm:3873884,heart_count,4558.0,"{""brand_eng"": ""THOMAS MORE"", ""brand_kor"": ""토마스모어"", ""brand_no"": 2111, ""category1"": ""남성의류"", ""category2"": ""상의"", ""category3"": ""반소매 티셔츠"", ""category3_code"": 272103101, ""is_new"": false, ""item_no"": 3873884, ""period_sort"": ""ONE_DAY"", ""platform"": ""29cm"", ""ranking_category_code"": ""272103100"", ""ranking_category_name"": ""남성의류>상의"", ""review_avg"": 4.5, ""sale_percent"": 23, ""sale_price"": 18140, ""sold_out"": false, ""url"": ""https://product.29cm.co.kr/catalog/3873884""}",2026-09-06T08:07:14+00:00_6caed517
2026-09-06T17:07:00+09:00,2026-09-06T08:07:16+00:00,commerce_rank,TG2-TS05 튜블러 티 (10 Color),29cm:3873884,review_count,737.0,"{""brand_eng"": ""THOMAS MORE"", ""brand_kor"": ""토마스모어"", ""brand_no"": 2111, ""category1"": ""남성의류"", ""category2"": ""상의"", ""category3"": ""반소매 티셔츠"", ""category3_code"": 272103101, ""is_new"": false, ""item_no"": 3873884, ""period_sort"": ""ONE_DAY"", ""platform"": ""29cm"", ""ranking_category_code"": ""272103100"", ""ranking_category_name"": ""남성의류>상의"", ""review_avg"": 4.5, ""sale_percent"": 23, ""sale_price"": 18140, ""sold_out"": false, ""url"": ""https://product.29cm.co.kr/catalog/3873884""}",2026-09-06T08:07:14+00:00_6caed517
2026-09-06T17:07:00+09:00,2026-09-06T08:07:16+00:00,commerce_rank,TG2-TS05 튜블러 티 (10 Color),29cm:3873884@272103100,rank,9.0,"{""brand_eng"": ""THOMAS MORE"", ""brand_kor"": ""토마스모어"", ""brand_no"": 2111, ""category1"": ""남성의류"", ""category2"": ""상의"", ""category3"": ""반소매 티셔츠"", ""category3_code"": 272103101, ""is_new"": false, ""item_no"": 3873884, ""period_sort"": ""ONE_DAY"", ""platform"": ""29cm"", ""ranking_category_code"": ""272103100"", ""ranking_category_name"": ""남성의류>상의"", ""review_avg"": 4.5, ""sale_percent"": 23, ""sale_price"": 18140, ""sold_out"": false, ""url"": ""https://product.29cm.co.kr/catalog/3873884""}",2026-09-06T08:07:14+00:00_6caed517
2026-09-06T17:07:00+09:00,2026-09-06T08:07:16+00:00,commerce_rank,Rolling Crop Short Sleeve T-shirt (6COLOR),29cm:3881187,heart_count,1355.0,"{""brand_eng"": ""Fabregat"", ""brand_kor"": ""파브레가"", ""brand_no"": 16255, ""category1"": ""남성의류"", ""category2"": ""상의"", ""category3"": ""반소매 티셔츠"", ""category3_code"": 272103101, ""is_new"": false, ""item_no"": 3881187, ""period_sort"": ""ONE_DAY"", ""platform"": ""29cm"", ""ranking_category_code"": ""272103100"", ""ranking_category_name"": ""남성의류>상의"", ""review_avg"": 4.5, ""sale_percent"": 24, ""sale_price"": 33660, ""sold_out"": false, ""url"": ""https://product.29cm.co.kr/catalog/3881187""}",2026-09-06T08:07:14+00:00_6caed517
2026-09-06T17:07:00+09:00,2026-09-06T08:07:16+00:00,commerce_rank,Rolling Crop Short Sleeve T-shirt (6COLOR),29cm:3881187,review_count,64.0,"{""brand_eng"": ""Fabregat"", ""brand_kor"": ""파브레가"", ""brand_no"": 16255, ""category1"": ""남성의류"", ""category2"": ""상의"", ""category3"": ""반소매 티셔츠"", ""category3_code"": 272103101, ""is_new"": false, ""item_no"": 3881187, ""period_sort"": ""ONE_DAY"", ""platform"": ""29cm"", ""ranking_category_code"": ""272103100"", ""ranking_category_name"": ""남성의류>상의"", ""review_avg"": 4.5, ""sale_percent"": 24, ""sale_price"": 33660, ""sold_out"": false, ""url"": ""https://product.29cm.co.kr/catalog/3881187""}",2026-09-06T08:07:14+00:00_6caed517
2026-09-06T17:07:00+09:00,2026-09-06T08:07:16+00:00,commerce_rank,Rolling Crop Short Sleeve T-shirt (6COLOR),29cm:3881187@272103100,rank,89.0,"{""brand_eng"": ""Fabregat"", ""brand_kor"": ""파브레가"", ""brand_no"": 16255, ""category1"": ""남성의류"", ""category2"": ""상의"", ""category3"": ""반소매 티셔츠"", ""category3_code"": 272103101, ""is_new"": false, ""item_no"": 3881187, ""period_sort"": ""ONE_DAY"", ""platform"": ""29cm"", ""ranking_category_code"": ""272103100"", ""ranking_category_name"": ""남성의류>상의"", ""review_avg"": 4.5, ""sale_percent"": 24, ""sale_price"": 33660, ""sold_out"": false, ""url"": ""https://product.29cm.co.kr/catalog/3881187""}",2026-09-06T08:07:14+00:00_6caed517
2026-09-06T17:07:00+09:00,2026-09-06T08:07:16+00:00,commerce_rank,"Washed Shirt, Blue",29cm:3896939,heart_count,90.0,"{""brand_eng"": ""BROWNYARD"", ""brand_kor"": ""브라운야드"", ""brand_no"": 2211, ""category1"": ""남성의류"", ""category2"": ""상의"", ""category3"": ""긴소매 셔츠"", ""category3_code"": 272103106, ""is_new"": false, ""item_no"": 3896939, ""period_sort"": ""ONE_DAY"", ""platform"": ""29cm"", ""ranking_category_code"": ""272103100"", ""ranking_category_name"": ""남성의류>상의"", ""review_avg"": 5.0, ""sale_percent"": 0, ""sale_price"": 148000, ""sold_out"": false, ""url"": ""https://product.29cm.co.kr/catalog/3896939""}",2026-09-06T08:07:14+00:00_6caed517
2026-09-06T17:07:00+09:00,2026-09-06T08:07:16+00:00,commerce_rank,"Washed Shirt, Blue",29cm:3896939,review_count,3.0,"{""brand_eng"": ""BROWNYARD"", ""brand_kor"": ""브라운야드"", ""brand_no"": 2211, ""category1"": ""남성의류"", ""category2"": ""상의"", ""category3"": ""긴소매 셔츠"", ""category3_code"": 272103106, ""is_new"": false, ""item_no"": 3896939, ""period_sort"": ""ONE_DAY"", ""platform"": ""29cm"", ""ranking_category_code"": ""272103100"", ""ranking_category_name"": ""남성의류>상의"", ""review_avg"": 5.0, ""sale_percent"": 0, ""sale_price"": 148000, ""sold_out"": false, ""url"": ""https://product.29cm.co.kr/catalog/3896939""}",2026-09-06T08:07:14+00:00_6caed517
2026-09-06T17:07:00+09:00,2026-09-06T08:07:16+00:00,commerce_rank,"Washed Shirt, Blue",29cm:3896939@272103100,rank,96.0,"{""brand_eng"": ""BROWNYARD"", ""brand_kor"": ""브라운야드"", ""brand_no"": 2211, ""category1"": ""남성의류"", ""category2"": ""상의"", ""category3"": ""긴소매 셔츠"", ""category3_code"": 272103106, ""is_new"": false, ""item_no"": 3896939, ""period_sort"": ""ONE_DAY"", ""platform"": ""29cm"", ""ranking_category_code"": ""272103100"", ""ranking_category_name"": ""남성의류>상의"", ""review_avg"": 5.0, ""sale_percent"": 0, ""sale_price"": 148000, ""sold_out"": false, ""url"": ""https://product.29cm.co.kr/catalog/3896939""}",2026-09-06T08:07:14+00:00_6caed517
2026-09-06T17:07:00+09:00,2026-09-06T08:07:16+00:00,commerce_rank,"Washed Shirt, Light Grey",29cm:3896942,heart_count,124.0,"{""brand_eng"": ""BROWNYARD"", ""brand_kor"": ""브라운야드"", ""brand_no"": 2211, ""category1"": ""남성의류"", ""category2"": ""상의"", ""category3"": ""긴소매 셔츠"", ""category3_code"": 272103106, ""is_new"": false, ""item_no"": 3896942, ""period_sort"": ""ONE_DAY"", ""platform"": ""29cm"", ""ranking_category_code"": ""272103100"", ""ranking_category_name"": ""남성의류>상의"", ""review_avg"": 4.5, ""sale_percent"": 0, ""sale_price"": 148000, ""sold_out"": false, ""url"": ""https://product.29cm.co.kr/catalog/3896942""}",2026-09-06T08:07:14+00:00_6caed517
2026-09-06T17:07:00+09:00,2026-09-06T08:07:16+00:00,commerce_rank,"Washed Shirt, Light Grey",29cm:3896942,review_count,5.0,"{""brand_eng"": ""BROWNYARD"", ""brand_kor"": ""브라운야드"", ""brand_no"": 2211, ""category1"": ""남성의류"", ""category2"": ""상의"", ""category3"": ""긴소매 셔츠"", ""category3_code"": 272103106, ""is_new"": false, ""item_no"": 3896942, ""period_sort"": ""ONE_DAY"", ""platform"": ""29cm"", ""ranking_category_code"": ""272103100"", ""ranking_category_name"": ""남성의류>상의"", ""review_avg"": 4.5, ""sale_percent"": 0, ""sale_price"": 148000, ""sold_out"": false, ""url"": ""https://product.29cm.co.kr/catalog/3896942""}",2026-09-06T08:07:14+00:00_6caed517
2026-09-06T17:07:00+09:00,2026-09-06T08:07:16+00:00,commerce_rank,"Washed Shirt, Light Grey",29cm:3896942@272103100,rank,68.0,"{""brand_eng"": ""BROWNYARD"", ""brand_kor"": ""브라운야드"", ""brand_no"": 2211, ""category1"": ""남성의류"", ""category2"": ""상의"", ""category3"": ""긴소매 셔츠"", ""category3_code"": 272103106, ""is_new"": false, ""item_no"": 3896942, ""period_sort"": ""ONE_DAY"", ""platform"": ""29cm"", ""ranking_category_code"": ""272103100"", ""ranking_category_name"": ""남성의류>상의"", ""review_avg"": 4.5, ""sale_percent"": 0, ""sale_price"": 148000, ""sold_out"": false, ""url"": ""https://product.29cm.co.kr/catalog/3896942""}",2026-09-06T08:07:14+00:00_6caed517
2026-09-06T17:07:00+09:00,2026-09-06T08:07:16+00:00,commerce_rank,"Washed Long Sleeve, Black",29cm:3897381,heart_count,371.0,"{""brand_eng"": ""BROWNYARD"", ""brand_kor"": ""브라운야드"", ""brand_no"": 2211, ""category1"": ""남성의류"", ""category2"": ""상의"", ""category3"": ""긴소매 티셔츠"", ""category3_code"": 272103102, ""is_new"": false, ""item_no"": 3897381, ""period_sort"": ""ONE_DAY"", ""platform"": ""29cm"", ""ranking_category_code"": ""272103100"", ""ranking_category_name"": ""남성의류>상의"", ""review_avg"": 5.0, ""sale_percent"": 5, ""sale_price"": 74100, ""sold_out"": false, ""url"": ""https://product.29cm.co.kr/catalog/3897381""}",2026-09-06T08:07:14+00:00_6caed517
2026-09-06T17:07:00+09:00,2026-09-06T08:07:16+00:00,commerce_rank,"Washed Long Sleeve, Black",29cm:3897381,review_count,14.0,"{""brand_eng"": ""BROWNYARD"", ""brand_kor"": ""브라운야드"", ""brand_no"": 2211, ""category1"": ""남성의류"", ""category2"": ""상의"", ""category3"": ""긴소매 티셔츠"", ""category3_code"": 272103102, ""is_new"": false, ""item_no"": 3897381, ""period_sort"": ""ONE_DAY"", ""platform"": ""29cm"", ""ranking_category_code"": ""272103100"", ""ranking_category_name"": ""남성의류>상의"", ""review_avg"": 5.0, ""sale_percent"": 5, ""sale_price"": 74100, ""sold_out"": false, ""url"": ""https://product.29cm.co.kr/catalog/3897381""}",2026-09-06T08:07:14+00:00_6caed517
2026-09-06T17:07:00+09:00,2026-09-06T08:07:16+00:00,commerce_rank,"Washed Long Sleeve, Black",29cm:3897381@272103100,rank,17.0,"{""brand_eng"": ""BROWNYARD"", ""brand_kor"": ""브라운야드"", ""brand_no"": 2211, ""category1"": ""남성의류"", ""category2"": ""상의"", ""category3"": ""긴소매 티셔츠"", ""category3_code"": 272103102, ""is_new"": false, ""item_no"": 3897381, ""period_sort"": ""ONE_DAY"", ""platform"": ""29cm"", ""ranking_category_code"": ""272103100"", ""ranking_category_name"": ""남성의류>상의"", ""review_avg"": 5.0, ""sale_percent"": 5, ""sale_price"": 74100, ""sold_out"": false, ""url"": ""https://product.29cm.co.kr/catalog/3897381""}",2026-09-06T08:07:14+00:00_6caed517
2026-09-06T17:07:00+09:00,2026-09-06T08:07:16+00:00,commerce_rank,Zephyr Stripe T (Black),29cm:3926394,heart_count,266.0,"{""brand_eng"": ""ANOTHER OFFICE"", ""brand_kor"": ""어나더오피스"", ""brand_no"": 1708, ""category1"": ""남성의류"", ""category2"": ""상의"", ""category3"": ""긴소매 티셔츠"", ""category3_code"": 272103102, ""is_new"": false, ""item_no"": 3926394, ""period_sort"": ""ONE_DAY"", ""platform"": ""29cm"", ""ranking_category_code"": ""272103100"", ""ranking_category_name"": ""남성의류>상의"", ""review_avg"": 5.0, ""sale_percent"": 15, ""sale_price"": 75650, ""sold_out"": false, ""url"": ""https://product.29cm.co.kr/catalog/3926394""}",2026-09-06T08:07:14+00:00_6caed517
2026-09-06T17:07:00+09:00,2026-09-06T08:07:16+00:00,commerce_rank,Zephyr Stripe T (Black),29cm:3926394,review_count,8.0,"{""brand_eng"": ""ANOTHER OFFICE"", ""brand_kor"": ""어나더오피스"", ""brand_no"": 1708, ""category1"": ""남성의류"", ""category2"": ""상의"", ""category3"": ""긴소매 티셔츠"", ""category3_code"": 272103102, ""is_new"": false, ""item_no"": 3926394, ""period_sort"": ""ONE_DAY"", ""platform"": ""29cm"", ""ranking_category_code"": ""272103100"", ""ranking_category_name"": ""남성의류>상의"", ""review_avg"": 5.0, ""sale_percent"": 15, ""sale_price"": 75650, ""sold_out"": false, ""url"": ""https://product.29cm.co.kr/catalog/3926394""}",2026-09-06T08:07:14+00:00_6caed517
2026-09-06T17:07:00+09:00,2026-09-06T08:07:16+00:00,commerce_rank,Zephyr Stripe T (Black),29cm:3926394@272103100,rank,22.0,"{""brand_eng"": ""ANOTHER OFFICE"", ""brand_kor"": ""어나더오피스"", ""brand_no"": 1708, ""category1"": ""남성의류"", ""category2"": ""상의"", ""category3"": ""긴소매 티셔츠"", ""category3_code"": 272103102, ""is_new"": false, ""item_no"": 3926394, ""period_sort"": ""ONE_DAY"", ""platform"": ""29cm"", ""ranking_category_code"": ""272103100"", ""ranking_category_name"": ""남성의류>상의"", ""review_avg"": 5.0, ""sale_percent"": 15, ""sale_price"": 75650, ""sold_out"": false, ""url"": ""https://product.29cm.co.kr/catalog/3926394""}",2026-09-06T08:07:14+00:00_6caed517
2026-09-06T17:07:00+09:00,2026-09-06T08:07:16+00:00,commerce_rank,"Sweat Half Zip Up, Black",29cm:3930302,heart_count,137.0,"{""brand_eng"": ""BROWNYARD"", ""brand_kor"": ""브라운야드"", ""brand_no"": 2211, ""category1"": ""남성의류"", ""category2"": ""상의"", ""category3"": ""집업"", ""category3_code"": 272103109, ""is_new"": false, ""item_no"": 3930302, ""period_sort"": ""ONE_DAY"", ""platform"": ""29cm"", ""ranking_category_code"": ""272103100"", ""ranking_category_name"": ""남성의류>상의"", ""review_avg"": 5.0, ""sale_percent"": 40, ""sale_price"": 100550, ""sold_out"": false, ""url"": ""https://product.29cm.co.kr/catalog/3930302""}",2026-09-06T08:07:14+00:00_6caed517
2026-09-06T17:07:00+09:00,2026-09-06T08:07:16+00:00,commerce_rank,"Sweat Half Zip Up, Black",29cm:3930302,review_count,2.0,"{""brand_eng"": ""BROWNYARD"", ""brand_kor"": ""브라운야드"", ""brand_no"": 2211, ""category1"": ""남성의류"", ""category2"": ""상의"", ""category3"": ""집업"", ""category3_code"": 272103109, ""is_new"": false, ""item_no"": 3930302, ""period_sort"": ""ONE_DAY"", ""platform"": ""29cm"", ""ranking_category_code"": ""272103100"", ""ranking_category_name"": ""남성의류>상의"", ""review_avg"": 5.0, ""sale_percent"": 40, ""sale_price"": 100550, ""sold_out"": false, ""url"": ""https://product.29cm.co.kr/catalog/3930302""}",2026-09-06T08:07:14+00:00_6caed517
2026-09-06T17:07:00+09:00,2026-09-06T08:07:16+00:00,commerce_rank,"Sweat Half Zip Up, Black",29cm:3930302@272103100,rank,10.0,"{""brand_eng"": ""BROWNYARD"", ""brand_kor"": ""브라운야드"", ""brand_no"": 2211, ""category1"": ""남성의류"", ""category2"": ""상의"", ""category3"": ""집업"", ""category3_code"": 272103109, ""is_new"": false, ""item_no"": 3930302, ""period_sort"": ""ONE_DAY"", ""platform"": ""29cm"", ""ranking_category_code"": ""272103100"", ""ranking_category_name"": ""남성의류>상의"", ""review_avg"": 5.0, ""sale_percent"": 40, ""sale_price"": 100550, ""sold_out"": false, ""url"": ""https://product.29cm.co.kr/catalog/3930302""}",2026-09-06T08:07:14+00:00_6caed517
2026-09-06T17:07:00+09:00,2026-09-06T08:07:16+00:00,commerce_rank,"Chambray Shirt, Ivory",29cm:3930363,heart_count,174.0,"{""brand_eng"": ""BROWNYARD"", ""brand_kor"": ""브라운야드"", ""brand_no"": 2211, ""category1"": ""남성의류"", ""category2"": ""상의"", ""category3"": ""긴소매 셔츠"", ""category3_code"": 272103106, ""is_new"": false, ""item_no"": 3930363, ""period_sort"": ""ONE_DAY"", ""platform"": ""29cm"", ""ranking_category_code"": ""272103100"", ""ranking_category_name"": ""남성의류>상의"", ""review_avg"": 5.0, ""sale_percent"": 40, ""sale_price"": 106540, ""sold_out"": true, ""url"": ""https://product.29cm.co.kr/catalog/3930363""}",2026-09-06T08:07:14+00:00_6caed517
2026-09-06T17:07:00+09:00,2026-09-06T08:07:16+00:00,commerce_rank,"Chambray Shirt, Ivory",29cm:3930363,review_count,4.0,"{""brand_eng"": ""BROWNYARD"", ""brand_kor"": ""브라운야드"", ""brand_no"": 2211, ""category1"": ""남성의류"", ""category2"": ""상의"", ""category3"": ""긴소매 셔츠"", ""category3_code"": 272103106, ""is_new"": false, ""item_no"": 3930363, ""period_sort"": ""ONE_DAY"", ""platform"": ""29cm"", ""ranking_category_code"": ""272103100"", ""ranking_category_name"": ""남성의류>상의"", ""review_avg"": 5.0, ""sale_percent"": 40, ""sale_price"": 106540, ""sold_out"": true, ""url"": ""https://product.29cm.co.kr/catalog/3930363""}",2026-09-06T08:07:14+00:00_6caed517
2026-09-06T17:07:00+09:00,2026-09-06T08:07:16+00:00,commerce_rank,"Chambray Shirt, Ivory",29cm:3930363@272103100,rank,7.0,"{""brand_eng"": ""BROWNYARD"", ""brand_kor"": ""브라운야드"", ""brand_no"": 2211, ""category1"": ""남성의류"", ""category2"": ""상의"", ""category3"": ""긴소매 셔츠"", ""category3_code"": 272103106, ""is_new"": false, ""item_no"": 3930363, ""period_sort"": ""ONE_DAY"", ""platform"": ""29cm"", ""ranking_category_code"": ""272103100"", ""ranking_category_name"": ""남성의류>상의"", ""review_avg"": 5.0, ""sale_percent"": 40, ""sale_price"": 106540, ""sold_out"": true, ""url"": ""https://product.29cm.co.kr/catalog/3930363""}",2026-09-06T08:07:14+00:00_6caed517
2026-09-06T17:07:00+09:00,2026-09-06T08:07:16+00:00,commerce_rank,"Chambray Shirt, Blue",29cm:3930364,heart_count,141.0,"{""brand_eng"": ""BROWNYARD"", ""brand_kor"": ""브라운야드"", ""brand_no"": 2211, ""category1"": ""남성의류"", ""category2"": ""상의"", ""category3"": ""긴소매 셔츠"", ""category3_code"": 272103106, ""is_new"": false, ""item_no"": 3930364, ""period_sort"": ""ONE_DAY"", ""platform"": ""29cm"", ""ranking_category_code"": ""272103100"", ""ranking_category_name"": ""남성의류>상의"", ""review_avg"": 0.0, ""sale_percent"": 40, ""sale_price"": 106540, ""sold_out"": true, ""url"": ""https://product.29cm.co.kr/catalog/3930364""}",2026-09-06T08:07:14+00:00_6caed517
2026-09-06T17:07:00+09:00,2026-09-06T08:07:16+00:00,commerce_rank,"Chambray Shirt, Blue",29cm:3930364,review_count,0.0,"{""brand_eng"": ""BROWNYARD"", ""brand_kor"": ""브라운야드"", ""brand_no"": 2211, ""category1"": ""남성의류"", ""category2"": ""상의"", ""category3"": ""긴소매 셔츠"", ""category3_code"": 272103106, ""is_new"": false, ""item_no"": 3930364, ""period_sort"": ""ONE_DAY"", ""platform"": ""29cm"", ""ranking_category_code"": ""272103100"", ""ranking_category_name"": ""남성의류>상의"", ""review_avg"": 0.0, ""sale_percent"": 40, ""sale_price"": 106540, ""sold_out"": true, ""url"": ""https://product.29cm.co.kr/catalog/3930364""}",2026-09-06T08:07:14+00:00_6caed517
2026-09-06T17:07:00+09:00,2026-09-06T08:07:16+00:00,commerce_rank,"Chambray Shirt, Blue",29cm:3930364@272103100,rank,42.0,"{""brand_eng"": ""BROWNYARD"", ""brand_kor"": ""브라운야드"", ""brand_no"": 2211, ""category1"": ""남성의류"", ""category2"": ""상의"", ""category3"": ""긴소매 셔츠"", ""category3_code"": 272103106, ""is_new"": false, ""item_no"": 3930364, ""period_sort"": ""ONE_DAY"", ""platform"": ""29cm"", ""ranking_category_code"": ""272103100"", ""ranking_category_name"": ""남성의류>상의"", ""review_avg"": 0.0, ""sale_percent"": 40, ""sale_price"": 106540, ""sold_out"": true, ""url"": ""https://product.29cm.co.kr/catalog/3930364""}",2026-09-06T08:07:14+00:00_6caed517
2026-09-06T17:07:00+09:00,2026-09-06T08:07:15+00:00,commerce_rank,G FINE BUTTON HOODIE (NAVY),29cm:3936946,heart_count,1844.0,"{""brand_eng"": ""GLOWNY"", ""brand_kor"": ""글로니"", ""brand_no"": 16723, ""category1"": ""여성의류"", ""category2"": ""상의"", ""category3"": ""후디"", ""category3_code"": 268103105, ""is_new"": false, ""item_no"": 3936946, ""period_sort"": ""ONE_DAY"", ""platform"": ""29cm"", ""ranking_category_code"": ""268103100"", ""ranking_category_name"": ""여성의류>상의"", ""review_avg"": 4.5, ""sale_percent"": 10, ""sale_price"": 97200, ""sold_out"": false, ""url"": ""https://product.29cm.co.kr/catalog/3936946""}",2026-09-06T08:07:14+00:00_6caed517
2026-09-06T17:07:00+09:00,2026-09-06T08:07:15+00:00,commerce_rank,G FINE BUTTON HOODIE (NAVY),29cm:3936946,review_count,11.0,"{""brand_eng"": ""GLOWNY"", ""brand_kor"": ""글로니"", ""brand_no"": 16723, ""category1"": ""여성의류"", ""category2"": ""상의"", ""category3"": ""후디"", ""category3_code"": 268103105, ""is_new"": false, ""item_no"": 3936946, ""period_sort"": ""ONE_DAY"", ""platform"": ""29cm"", ""ranking_category_code"": ""268103100"", ""ranking_category_name"": ""여성의류>상의"", ""review_avg"": 4.5, ""sale_percent"": 10, ""sale_price"": 97200, ""sold_out"": false, ""url"": ""https://product.29cm.co.kr/catalog/3936946""}",2026-09-06T08:07:14+00:00_6caed517
2026-09-06T17:07:00+09:00,2026-09-06T08:07:15+00:00,commerce_rank,G FINE BUTTON HOODIE (NAVY),29cm:3936946@268103100,rank,61.0,"{""brand_eng"": ""GLOWNY"", ""brand_kor"": ""글로니"", ""brand_no"": 16723, ""category1"": ""여성의류"", ""category2"": ""상의"", ""category3"": ""후디"", ""category3_code"": 268103105, ""is_new"": false, ""item_no"": 3936946, ""period_sort"": ""ONE_DAY"", ""platform"": ""29cm"", ""ranking_category_code"": ""268103100"", ""ranking_category_name"": ""여성의류>상의"", ""review_avg"": 4.5, ""sale_percent"": 10, ""sale_price"": 97200, ""sold_out"": false, ""url"": ""https://product.29cm.co.kr/catalog/3936946""}",2026-09-06T08:07:14+00:00_6caed517
2026-09-06T17:07:00+09:00,2026-09-06T08:07:15+00:00,commerce_rank,Rona deep v-neck t_Charcoal,29cm:3937337,heart_count,3345.0,"{""brand_eng"": ""A LOT"", ""brand_kor"": ""어랏"", ""brand_no"": 110248, ""category1"": ""여성의류"", ""category2"": ""상의"", ""category3"": ""긴소매 티셔츠"", ""category3_code"": 268103102, ""is_new"": false, ""item_no"": 3937337, ""period_sort"": ""ONE_DAY"", ""platform"": ""29cm"", ""ranking_category_code"": ""268103100"", ""ranking_category_name"": ""여성의류>상의"", ""review_avg"": 4.5, ""sale_percent"": 10, ""sale_price"": 45900, ""sold_out"": false, ""url"": ""https://product.29cm.co.kr/catalog/3937337""}",2026-09-06T08:07:14+00:00_6caed517
2026-09-06T17:07:00+09:00,2026-09-06T08:07:15+00:00,commerce_rank,Rona deep v-neck t_Charcoal,29cm:3937337,review_count,68.0,"{""brand_eng"": ""A LOT"", ""brand_kor"": ""어랏"", ""brand_no"": 110248, ""category1"": ""여성의류"", ""category2"": ""상의"", ""category3"": ""긴소매 티셔츠"", ""category3_code"": 268103102, ""is_new"": false, ""item_no"": 3937337, ""period_sort"": ""ONE_DAY"", ""platform"": ""29cm"", ""ranking_category_code"": ""268103100"", ""ranking_category_name"": ""여성의류>상의"", ""review_avg"": 4.5, ""sale_percent"": 10, ""sale_price"": 45900, ""sold_out"": false, ""url"": ""https://product.29cm.co.kr/catalog/3937337""}",2026-09-06T08:07:14+00:00_6caed517
2026-09-06T17:07:00+09:00,2026-09-06T08:07:15+00:00,commerce_rank,Rona deep v-neck t_Charcoal,29cm:3937337@268103100,rank,99.0,"{""brand_eng"": ""A LOT"", ""brand_kor"": ""어랏"", ""brand_no"": 110248, ""category1"": ""여성의류"", ""category2"": ""상의"", ""category3"": ""긴소매 티셔츠"", ""category3_code"": 268103102, ""is_new"": false, ""item_no"": 3937337, ""period_sort"": ""ONE_DAY"", ""platform"": ""29cm"", ""ranking_category_code"": ""268103100"", ""ranking_category_name"": ""여성의류>상의"", ""review_avg"": 4.5, ""sale_percent"": 10, ""sale_price"": 45900, ""sold_out"": false, ""url"": ""https://product.29cm.co.kr/catalog/3937337""}",2026-09-06T08:07:14+00:00_6caed517
2026-09-06T17:07:00+09:00,2026-09-06T08:07:16+00:00,commerce_rank,SLUB COTTON TUBLAR T-SHIRTS olive,29cm:3944094,heart_count,122.0,"{""brand_eng"": ""beheavyer"", ""brand_kor"": ""비헤비어"", ""brand_no"": 1897, ""category1"": ""여성의류"", ""category2"": ""상의"", ""category3"": ""반소매 티셔츠"", ""category3_code"": 268103101, ""is_new"": false, ""item_no"": 3944094, ""period_sort"": ""ONE_DAY"", ""platform"": ""29cm"", ""ranking_category_code"": ""272103100"", ""ranking_category_name"": ""남성의류>상의"", ""review_avg"": 5.0, ""sale_percent"": 10, ""sale_price"": 61200, ""sold_out"": false, ""url"": ""https://product.29cm.co.kr/catalog/3944094""}",2026-09-06T08:07:14+00:00_6caed517
2026-09-06T17:07:00+09:00,2026-09-06T08:07:16+00:00,commerce_rank,SLUB COTTON TUBLAR T-SHIRTS olive,29cm:3944094,review_count,8.0,"{""brand_eng"": ""beheavyer"", ""brand_kor"": ""비헤비어"", ""brand_no"": 1897, ""category1"": ""여성의류"", ""category2"": ""상의"", ""category3"": ""반소매 티셔츠"", ""category3_code"": 268103101, ""is_new"": false, ""item_no"": 3944094, ""period_sort"": ""ONE_DAY"", ""platform"": ""29cm"", ""ranking_category_code"": ""272103100"", ""ranking_category_name"": ""남성의류>상의"", ""review_avg"": 5.0, ""sale_percent"": 10, ""sale_price"": 61200, ""sold_out"": false, ""url"": ""https://product.29cm.co.kr/catalog/3944094""}",2026-09-06T08:07:14+00:00_6caed517
2026-09-06T17:07:00+09:00,2026-09-06T08:07:16+00:00,commerce_rank,SLUB COTTON TUBLAR T-SHIRTS olive,29cm:3944094@272103100,rank,80.0,"{""brand_eng"": ""beheavyer"", ""brand_kor"": ""비헤비어"", ""brand_no"": 1897, ""category1"": ""여성의류"", ""category2"": ""상의"", ""category3"": ""반소매 티셔츠"", ""category3_code"": 268103101, ""is_new"": false, ""item_no"": 3944094, ""period_sort"": ""ONE_DAY"", ""platform"": ""29cm"", ""ranking_category_code"": ""272103100"", ""ranking_category_name"": ""남성의류>상의"", ""review_avg"": 5.0, ""sale_percent"": 10, ""sale_price"": 61200, ""sold_out"": false, ""url"": ""https://product.29cm.co.kr/catalog/3944094""}",2026-09-06T08:07:14+00:00_6caed517
2026-09-06T17:07:00+09:00,2026-09-06T08:07:16+00:00,commerce_rank,LAUNDRY SMALL CHECK SHIRT [CHARCOAL BLACK],29cm:3945677,heart_count,308.0,"{""brand_eng"": ""UNION BLUE"", ""brand_kor"": ""유니온 블루"", ""brand_no"": 13510, ""category1"": ""남성의류"", ""category2"": ""상의"", ""category3"": ""긴소매 셔츠"", ""category3_code"": 272103106, ""is_new"": false, ""item_no"": 3945677, ""period_sort"": ""ONE_DAY"", ""platform"": ""29cm"", ""ranking_category_code"": ""272103100"", ""ranking_category_name"": ""남성의류>상의"", ""review_avg"": 5.0, ""sale_percent"": 23, ""sale_price"": 66560, ""sold_out"": false, ""url"": ""https://product.29cm.co.kr/catalog/3945677""}",2026-09-06T08:07:14+00:00_6caed517
2026-09-06T17:07:00+09:00,2026-09-06T08:07:16+00:00,commerce_rank,LAUNDRY SMALL CHECK SHIRT [CHARCOAL BLACK],29cm:3945677,review_count,26.0,"{""brand_eng"": ""UNION BLUE"", ""brand_kor"": ""유니온 블루"", ""brand_no"": 13510, ""category1"": ""남성의류"", ""category2"": ""상의"", ""category3"": ""긴소매 셔츠"", ""category3_code"": 272103106, ""is_new"": false, ""item_no"": 3945677, ""period_sort"": ""ONE_DAY"", ""platform"": ""29cm"", ""ranking_category_code"": ""272103100"", ""ranking_category_name"": ""남성의류>상의"", ""review_avg"": 5.0, ""sale_percent"": 23, ""sale_price"": 66560, ""sold_out"": false, ""url"": ""https://product.29cm.co.kr/catalog/3945677""}",2026-09-06T08:07:14+00:00_6caed517
2026-09-06T17:07:00+09:00,2026-09-06T08:07:16+00:00,commerce_rank,LAUNDRY SMALL CHECK SHIRT [CHARCOAL BLACK],29cm:3945677@272103100,rank,4.0,"{""brand_eng"": ""UNION BLUE"", ""brand_kor"": ""유니온 블루"", ""brand_no"": 13510, ""category1"": ""남성의류"", ""category2"": ""상의"", ""category3"": ""긴소매 셔츠"", ""category3_code"": 272103106, ""is_new"": false, ""item_no"": 3945677, ""period_sort"": ""ONE_DAY"", ""platform"": ""29cm"", ""ranking_category_code"": ""272103100"", ""ranking_category_name"": ""남성의류>상의"", ""review_avg"": 5.0, ""sale_percent"": 23, ""sale_price"": 66560, ""sold_out"": false, ""url"": ""https://product.29cm.co.kr/catalog/3945677""}",2026-09-06T08:07:14+00:00_6caed517
2026-09-06T17:07:00+09:00,2026-09-06T08:07:15+00:00,commerce_rank,Wrinkled Shirring Shirts Ivory,29cm:3947699,heart_count,2553.0,"{""brand_eng"": ""MICHIKO LONDON KOSHINO"", ""brand_kor"": ""미치코런던 코시노"", ""brand_no"": 26100, ""category1"": ""여성의류"", ""category2"": ""상의"", ""category3"": ""셔츠"", ""category3_code"": 268103106, ""is_new"": false, ""item_no"": 3947699, ""period_sort"": ""ONE_DAY"", ""platform"": ""29cm"", ""ranking_category_code"": ""268103100"", ""ranking_category_name"": ""여성의류>상의"", ""review_avg"": 4.5, ""sale_percent"": 19, ""sale_price"": 63990, ""sold_out"": false, ""url"": ""https://product.29cm.co.kr/catalog/3947699""}",2026-09-06T08:07:14+00:00_6caed517
2026-09-06T17:07:00+09:00,2026-09-06T08:07:15+00:00,commerce_rank,Wrinkled Shirring Shirts Ivory,29cm:3947699,review_count,31.0,"{""brand_eng"": ""MICHIKO LONDON KOSHINO"", ""brand_kor"": ""미치코런던 코시노"", ""brand_no"": 26100, ""category1"": ""여성의류"", ""category2"": ""상의"", ""category3"": ""셔츠"", ""category3_code"": 268103106, ""is_new"": false, ""item_no"": 3947699, ""period_sort"": ""ONE_DAY"", ""platform"": ""29cm"", ""ranking_category_code"": ""268103100"", ""ranking_category_name"": ""여성의류>상의"", ""review_avg"": 4.5, ""sale_percent"": 19, ""sale_price"": 63990, ""sold_out"": false, ""url"": ""https://product.29cm.co.kr/catalog/3947699""}",2026-09-06T08:07:14+00:00_6caed517
2026-09-06T17:07:00+09:00,2026-09-06T08:07:15+00:00,commerce_rank,Wrinkled Shirring Shirts Ivory,29cm:3947699@268103100,rank,56.0,"{""brand_eng"": ""MICHIKO LONDON KOSHINO"", ""brand_kor"": ""미치코런던 코시노"", ""brand_no"": 26100, ""category1"": ""여성의류"", ""category2"": ""상의"", ""category3"": ""셔츠"", ""category3_code"": 268103106, ""is_new"": false, ""item_no"": 3947699, ""period_sort"": ""ONE_DAY"", ""platform"": ""29cm"", ""ranking_category_code"": ""268103100"", ""ranking_category_name"": ""여성의류>상의"", ""review_avg"": 4.5, ""sale_percent"": 19, ""sale_price"": 63990, ""sold_out"": false, ""url"": ""https://product.29cm.co.kr/catalog/3947699""}",2026-09-06T08:07:14+00:00_6caed517
2026-09-06T17:07:00+09:00,2026-09-06T08:07:15+00:00,commerce_rank,[17th] Double Layered Tee_Light Gray,29cm:3964745,heart_count,8658.0,"{""brand_eng"": ""THE LILLE"", ""brand_kor"": ""더릴"", ""brand_no"": 90737, ""category1"": ""여성의류"", ""category2"": ""상의"", ""category3"": ""긴소매 티셔츠"", ""category3_code"": 268103102, ""is_new"": false, ""item_no"": 3964745, ""period_sort"": ""ONE_DAY"", ""platform"": ""29cm"", ""ranking_category_code"": ""268103100"", ""ranking_category_name"": ""여성의류>상의"", ""review_avg"": 4.5, ""sale_percent"": 20, ""sale_price"": 41600, ""sold_out"": false, ""url"": ""https://product.29cm.co.kr/catalog/3964745""}",2026-09-06T08:07:14+00:00_6caed517
2026-09-06T17:07:00+09:00,2026-09-06T08:07:15+00:00,commerce_rank,[17th] Double Layered Tee_Light Gray,29cm:3964745,review_count,180.0,"{""brand_eng"": ""THE LILLE"", ""brand_kor"": ""더릴"", ""brand_no"": 90737, ""category1"": ""여성의류"", ""category2"": ""상의"", ""category3"": ""긴소매 티셔츠"", ""category3_code"": 268103102, ""is_new"": false, ""item_no"": 3964745, ""period_sort"": ""ONE_DAY"", ""platform"": ""29cm"", ""ranking_category_code"": ""268103100"", ""ranking_category_name"": ""여성의류>상의"", ""review_avg"": 4.5, ""sale_percent"": 20, ""sale_price"": 41600, ""sold_out"": false, ""url"": ""https://product.29cm.co.kr/catalog/3964745""}",2026-09-06T08:07:14+00:00_6caed517
2026-09-06T17:07:00+09:00,2026-09-06T08:07:15+00:00,commerce_rank,[17th] Double Layered Tee_Light Gray,29cm:3964745@268103100,rank,21.0,"{""brand_eng"": ""THE LILLE"", ""brand_kor"": ""더릴"", ""brand_no"": 90737, ""category1"": ""여성의류"", ""category2"": ""상의"", ""category3"": ""긴소매 티셔츠"", ""category3_code"": 268103102, ""is_new"": false, ""item_no"": 3964745, ""period_sort"": ""ONE_DAY"", ""platform"": ""29cm"", ""ranking_category_code"": ""268103100"", ""ranking_category_name"": ""여성의류>상의"", ""review_avg"": 4.5, ""sale_percent"": 20, ""sale_price"": 41600, ""sold_out"": false, ""url"": ""https://product.29cm.co.kr/catalog/3964745""}",2026-09-06T08:07:14+00:00_6caed517
2026-09-06T17:07:00+09:00,2026-09-06T08:07:15+00:00,commerce_rank,Lc BACK SCOOP 3/4 TEE_VINTAGE BLUE [LC263TS19B1],29cm:3993252,heart_count,6442.0,"{""brand_eng"": ""LOW CLASSIC"", ""brand_kor"": ""로우클래식"", ""brand_no"": 302, ""category1"": ""여성의류"", ""category2"": ""상의"", ""category3"": ""긴소매 티셔츠"", ""category3_code"": 268103102, ""is_new"": false, ""item_no"": 3993252, ""period_sort"": ""ONE_DAY"", ""platform"": ""29cm"", ""ranking_category_code"": ""268103100"", ""ranking_category_name"": ""여성의류>상의"", ""review_avg"": 5.0, ""sale_percent"": 10, ""sale_price"": 53250, ""sold_out"": false, ""url"": ""https://product.29cm.co.kr/catalog/3993252""}",2026-09-06T08:07:14+00:00_6caed517
2026-09-06T17:07:00+09:00,2026-09-06T08:07:15+00:00,commerce_rank,Lc BACK SCOOP 3/4 TEE_VINTAGE BLUE [LC263TS19B1],29cm:3993252,review_count,73.0,"{""brand_eng"": ""LOW CLASSIC"", ""brand_kor"": ""로우클래식"", ""brand_no"": 302, ""category1"": ""여성의류"", ""category2"": ""상의"", ""category3"": ""긴소매 티셔츠"", ""category3_code"": 268103102, ""is_new"": false, ""item_no"": 3993252, ""period_sort"": ""ONE_DAY"", ""platform"": ""29cm"", ""ranking_category_code"": ""268103100"", ""ranking_category_name"": ""여성의류>상의"", ""review_avg"": 5.0, ""sale_percent"": 10, ""sale_price"": 53250, ""sold_out"": false, ""url"": ""https://product.29cm.co.kr/catalog/3993252""}",2026-09-06T08:07:14+00:00_6caed517
2026-09-06T17:07:00+09:00,2026-09-06T08:07:15+00:00,commerce_rank,Lc BACK SCOOP 3/4 TEE_VINTAGE BLUE [LC263TS19B1],29cm:3993252@268103100,rank,82.0,"{""brand_eng"": ""LOW CLASSIC"", ""brand_kor"": ""로우클래식"", ""brand_no"": 302, ""category1"": ""여성의류"", ""category2"": ""상의"", ""category3"": ""긴소매 티셔츠"", ""category3_code"": 268103102, ""is_new"": false, ""item_no"": 3993252, ""period_sort"": ""ONE_DAY"", ""platform"": ""29cm"", ""ranking_category_code"": ""268103100"", ""ranking_category_name"": ""여성의류>상의"", ""review_avg"": 5.0, ""sale_percent"": 10, ""sale_price"": 53250, ""sold_out"": false, ""url"": ""https://product.29cm.co.kr/catalog/3993252""}",2026-09-06T08:07:14+00:00_6caed517
2026-09-06T17:07:00+09:00,2026-09-06T08:07:16+00:00,commerce_rank,"Steady Shirt, Pink Check",29cm:4010835,heart_count,122.0,"{""brand_eng"": ""BROWNYARD"", ""brand_kor"": ""브라운야드"", ""brand_no"": 2211, ""category1"": ""남성의류"", ""category2"": ""상의"", ""category3"": ""긴소매 셔츠"", ""category3_code"": 272103106, ""is_new"": false, ""item_no"": 4010835, ""period_sort"": ""ONE_DAY"", ""platform"": ""29cm"", ""ranking_category_code"": ""272103100"", ""ranking_category_name"": ""남성의류>상의"", ""review_avg"": 5.0, ""sale_percent"": 10, ""sale_price"": 178200, ""sold_out"": false, ""url"": ""https://product.29cm.co.kr/catalog/4010835""}",2026-09-06T08:07:14+00:00_6caed517
2026-09-06T17:07:00+09:00,2026-09-06T08:07:16+00:00,commerce_rank,"Steady Shirt, Pink Check",29cm:4010835,review_count,5.0,"{""brand_eng"": ""BROWNYARD"", ""brand_kor"": ""브라운야드"", ""brand_no"": 2211, ""category1"": ""남성의류"", ""category2"": ""상의"", ""category3"": ""긴소매 셔츠"", ""category3_code"": 272103106, ""is_new"": false, ""item_no"": 4010835, ""period_sort"": ""ONE_DAY"", ""platform"": ""29cm"", ""ranking_category_code"": ""272103100"", ""ranking_category_name"": ""남성의류>상의"", ""review_avg"": 5.0, ""sale_percent"": 10, ""sale_price"": 178200, ""sold_out"": false, ""url"": ""https://product.29cm.co.kr/catalog/4010835""}",2026-09-06T08:07:14+00:00_6caed517
2026-09-06T17:07:00+09:00,2026-09-06T08:07:16+00:00,commerce_rank,"Steady Shirt, Pink Check",29cm:4010835@272103100,rank,28.0,"{""brand_eng"": ""BROWNYARD"", ""brand_kor"": ""브라운야드"", ""brand_no"": 2211, ""category1"": ""남성의류"", ""category2"": ""상의"", ""category3"": ""긴소매 셔츠"", ""category3_code"": 272103106, ""is_new"": false, ""item_no"": 4010835, ""period_sort"": ""ONE_DAY"", ""platform"": ""29cm"", ""ranking_category_code"": ""272103100"", ""ranking_category_name"": ""남성의류>상의"", ""review_avg"": 5.0, ""sale_percent"": 10, ""sale_price"": 178200, ""sold_out"": false, ""url"": ""https://product.29cm.co.kr/catalog/4010835""}",2026-09-06T08:07:14+00:00_6caed517
2026-09-06T17:07:00+09:00,2026-09-06T08:07:16+00:00,commerce_rank,SEMI CROP CHECK SHIRT [SLATE],29cm:4040012,heart_count,178.0,"{""brand_eng"": ""UNION BLUE"", ""brand_kor"": ""유니온 블루"", ""brand_no"": 13510, ""category1"": ""남성의류"", ""category2"": ""상의"", ""category3"": ""긴소매 셔츠"", ""category3_code"": 272103106, ""is_new"": false, ""item_no"": 4040012, ""period_sort"": ""ONE_DAY"", ""platform"": ""29cm"", ""ranking_category_code"": ""272103100"", ""ranking_category_name"": ""남성의류>상의"", ""review_avg"": 5.0, ""sale_percent"": 24, ""sale_price"": 62730, ""sold_out"": false, ""url"": ""https://product.29cm.co.kr/catalog/4040012""}",2026-09-06T08:07:14+00:00_6caed517
2026-09-06T17:07:00+09:00,2026-09-06T08:07:16+00:00,commerce_rank,SEMI CROP CHECK SHIRT [SLATE],29cm:4040012,review_count,11.0,"{""brand_eng"": ""UNION BLUE"", ""brand_kor"": ""유니온 블루"", ""brand_no"": 13510, ""category1"": ""남성의류"", ""category2"": ""상의"", ""category3"": ""긴소매 셔츠"", ""category3_code"": 272103106, ""is_new"": false, ""item_no"": 4040012, ""period_sort"": ""ONE_DAY"", ""platform"": ""29cm"", ""ranking_category_code"": ""272103100"", ""ranking_category_name"": ""남성의류>상의"", ""review_avg"": 5.0, ""sale_percent"": 24, ""sale_price"": 62730, ""sold_out"": false, ""url"": ""https://product.29cm.co.kr/catalog/4040012""}",2026-09-06T08:07:14+00:00_6caed517
2026-09-06T17:07:00+09:00,2026-09-06T08:07:16+00:00,commerce_rank,SEMI CROP CHECK SHIRT [SLATE],29cm:4040012@272103100,rank,11.0,"{""brand_eng"": ""UNION BLUE"", ""brand_kor"": ""유니온 블루"", ""brand_no"": 13510, ""category1"": ""남성의류"", ""category2"": ""상의"", ""category3"": ""긴소매 셔츠"", ""category3_code"": 272103106, ""is_new"": false, ""item_no"": 4040012, ""period_sort"": ""ONE_DAY"", ""platform"": ""29cm"", ""ranking_category_code"": ""272103100"", ""ranking_category_name"": ""남성의류>상의"", ""review_avg"": 5.0, ""sale_percent"": 24, ""sale_price"": 62730, ""sold_out"": false, ""url"": ""https://product.29cm.co.kr/catalog/4040012""}",2026-09-06T08:07:14+00:00_6caed517
2026-09-06T17:07:00+09:00,2026-09-06T08:07:16+00:00,commerce_rank,SEMI CROP CHECK SHIRT [CORAL BLUE],29cm:4040190,heart_count,91.0,"{""brand_eng"": ""UNION BLUE"", ""brand_kor"": ""유니온 블루"", ""brand_no"": 13510, ""category1"": ""남성의류"", ""category2"": ""상의"", ""category3"": ""긴소매 셔츠"", ""category3_code"": 272103106, ""is_new"": false, ""item_no"": 4040190, ""period_sort"": ""ONE_DAY"", ""platform"": ""29cm"", ""ranking_category_code"": ""272103100"", ""ranking_category_name"": ""남성의류>상의"", ""review_avg"": 4.5, ""sale_percent"": 24, ""sale_price"": 62730, ""sold_out"": false, ""url"": ""https://product.29cm.co.kr/catalog/4040190""}",2026-09-06T08:07:14+00:00_6caed517
2026-09-06T17:07:00+09:00,2026-09-06T08:07:16+00:00,commerce_rank,SEMI CROP CHECK SHIRT [CORAL BLUE],29cm:4040190,review_count,5.0,"{""brand_eng"": ""UNION BLUE"", ""brand_kor"": ""유니온 블루"", ""brand_no"": 13510, ""category1"": ""남성의류"", ""category2"": ""상의"", ""category3"": ""긴소매 셔츠"", ""category3_code"": 272103106, ""is_new"": false, ""item_no"": 4040190, ""period_sort"": ""ONE_DAY"", ""platform"": ""29cm"", ""ranking_category_code"": ""272103100"", ""ranking_category_name"": ""남성의류>상의"", ""review_avg"": 4.5, ""sale_percent"": 24, ""sale_price"": 62730, ""sold_out"": false, ""url"": ""https://product.29cm.co.kr/catalog/4040190""}",2026-09-06T08:07:14+00:00_6caed517
2026-09-06T17:07:00+09:00,2026-09-06T08:07:16+00:00,commerce_rank,SEMI CROP CHECK SHIRT [CORAL BLUE],29cm:4040190@272103100,rank,56.0,"{""brand_eng"": ""UNION BLUE"", ""brand_kor"": ""유니온 블루"", ""brand_no"": 13510, ""category1"": ""남성의류"", ""category2"": ""상의"", ""category3"": ""긴소매 셔츠"", ""category3_code"": 272103106, ""is_new"": false, ""item_no"": 4040190, ""period_sort"": ""ONE_DAY"", ""platform"": ""29cm"", ""ranking_category_code"": ""272103100"", ""ranking_category_name"": ""남성의류>상의"", ""review_avg"": 4.5, ""sale_percent"": 24, ""sale_price"": 62730, ""sold_out"": false, ""url"": ""https://product.29cm.co.kr/catalog/4040190""}",2026-09-06T08:07:14+00:00_6caed517
2026-09-06T17:07:00+09:00,2026-09-06T08:07:16+00:00,commerce_rank,MIM LS Tee Vintage Black,29cm:4063290,heart_count,74.0,"{""brand_eng"": ""DEUTERO"", ""brand_kor"": ""듀테로"", ""brand_no"": 7954, ""category1"": ""남성의류"", ""category2"": ""상의"", ""category3"": ""긴소매 티셔츠"", ""category3_code"": 272103102, ""is_new"": false, ""item_no"": 4063290, ""period_sort"": ""ONE_DAY"", ""platform"": ""29cm"", ""ranking_category_code"": ""272103100"", ""ranking_category_name"": ""남성의류>상의"", ""review_avg"": 5.0, ""sale_percent"": 19, ""sale_price"": 63800, ""sold_out"": false, ""url"": ""https://product.29cm.co.kr/catalog/4063290""}",2026-09-06T08:07:14+00:00_6caed517
2026-09-06T17:07:00+09:00,2026-09-06T08:07:16+00:00,commerce_rank,MIM LS Tee Vintage Black,29cm:4063290,review_count,3.0,"{""brand_eng"": ""DEUTERO"", ""brand_kor"": ""듀테로"", ""brand_no"": 7954, ""category1"": ""남성의류"", ""category2"": ""상의"", ""category3"": ""긴소매 티셔츠"", ""category3_code"": 272103102, ""is_new"": false, ""item_no"": 4063290, ""period_sort"": ""ONE_DAY"", ""platform"": ""29cm"", ""ranking_category_code"": ""272103100"", ""ranking_category_name"": ""남성의류>상의"", ""review_avg"": 5.0, ""sale_percent"": 19, ""sale_price"": 63800, ""sold_out"": false, ""url"": ""https://product.29cm.co.kr/catalog/4063290""}",2026-09-06T08:07:14+00:00_6caed517
2026-09-06T17:07:00+09:00,2026-09-06T08:07:16+00:00,commerce_rank,MIM LS Tee Vintage Black,29cm:4063290@272103100,rank,94.0,"{""brand_eng"": ""DEUTERO"", ""brand_kor"": ""듀테로"", ""brand_no"": 7954, ""category1"": ""남성의류"", ""category2"": ""상의"", ""category3"": ""긴소매 티셔츠"", ""category3_code"": 272103102, ""is_new"": false, ""item_no"": 4063290, ""period_sort"": ""ONE_DAY"", ""platform"": ""29cm"", ""ranking_category_code"": ""272103100"", ""ranking_category_name"": ""남성의류>상의"", ""review_avg"": 5.0, ""sale_percent"": 19, ""sale_price"": 63800, ""sold_out"": false, ""url"": ""https://product.29cm.co.kr/catalog/4063290""}",2026-09-06T08:07:14+00:00_6caed517
2026-09-06T17:07:00+09:00,2026-09-06T08:07:15+00:00,commerce_rank,Flower Mid Sleeve Shirt_Blue,29cm:4081080,heart_count,2166.0,"{""brand_eng"": ""108POUND"", ""brand_kor"": ""108파운드"", ""brand_no"": 86198, ""category1"": ""여성의류"", ""category2"": ""상의"", ""category3"": ""셔츠"", ""category3_code"": 268103106, ""is_new"": false, ""item_no"": 4081080, ""period_sort"": ""ONE_DAY"", ""platform"": ""29cm"", ""ranking_category_code"": ""268103100"", ""ranking_category_name"": ""여성의류>상의"", ""review_avg"": 0.0, ""sale_percent"": 19, ""sale_price"": 71600, ""sold_out"": false, ""url"": ""https://product.29cm.co.kr/catalog/4081080""}",2026-09-06T08:07:14+00:00_6caed517
2026-09-06T17:07:00+09:00,2026-09-06T08:07:15+00:00,commerce_rank,Flower Mid Sleeve Shirt_Blue,29cm:4081080,review_count,0.0,"{""brand_eng"": ""108POUND"", ""brand_kor"": ""108파운드"", ""brand_no"": 86198, ""category1"": ""여성의류"", ""category2"": ""상의"", ""category3"": ""셔츠"", ""category3_code"": 268103106, ""is_new"": false, ""item_no"": 4081080, ""period_sort"": ""ONE_DAY"", ""platform"": ""29cm"", ""ranking_category_code"": ""268103100"", ""ranking_category_name"": ""여성의류>상의"", ""review_avg"": 0.0, ""sale_percent"": 19, ""sale_price"": 71600, ""sold_out"": false, ""url"": ""https://product.29cm.co.kr/catalog/4081080""}",2026-09-06T08:07:14+00:00_6caed517
2026-09-06T17:07:00+09:00,2026-09-06T08:07:15+00:00,commerce_rank,Flower Mid Sleeve Shirt_Blue,29cm:4081080@268103100,rank,30.0,"{""brand_eng"": ""108POUND"", ""brand_kor"": ""108파운드"", ""brand_no"": 86198, ""category1"": ""여성의류"", ""category2"": ""상의"", ""category3"": ""셔츠"", ""category3_code"": 268103106, ""is_new"": false, ""item_no"": 4081080, ""period_sort"": ""ONE_DAY"", ""platform"": ""29cm"", ""ranking_category_code"": ""268103100"", ""ranking_category_name"": ""여성의류>상의"", ""review_avg"": 0.0, ""sale_percent"": 19, ""sale_price"": 71600, ""sold_out"": false, ""url"": ""https://product.29cm.co.kr/catalog/4081080""}",2026-09-06T08:07:14+00:00_6caed517
2026-09-06T17:07:00+09:00,2026-09-06T08:07:15+00:00,commerce_rank,Flower Mid Sleeve Shirt_Orange,29cm:4081081,heart_count,877.0,"{""brand_eng"": ""108POUND"", ""brand_kor"": ""108파운드"", ""brand_no"": 86198, ""category1"": ""여성의류"", ""category2"": ""상의"", ""category3"": ""셔츠"", ""category3_code"": 268103106, ""is_new"": false, ""item_no"": 4081081, ""period_sort"": ""ONE_DAY"", ""platform"": ""29cm"", ""ranking_category_code"": ""268103100"", ""ranking_category_name"": ""여성의류>상의"", ""review_avg"": 4.5, ""sale_percent"": 19, ""sale_price"": 71600, ""sold_out"": false, ""url"": ""https://product.29cm.co.kr/catalog/4081081""}",2026-09-06T08:07:14+00:00_6caed517
2026-09-06T17:07:00+09:00,2026-09-06T08:07:15+00:00,commerce_rank,Flower Mid Sleeve Shirt_Orange,29cm:4081081,review_count,5.0,"{""brand_eng"": ""108POUND"", ""brand_kor"": ""108파운드"", ""brand_no"": 86198, ""category1"": ""여성의류"", ""category2"": ""상의"", ""category3"": ""셔츠"", ""category3_code"": 268103106, ""is_new"": false, ""item_no"": 4081081, ""period_sort"": ""ONE_DAY"", ""platform"": ""29cm"", ""ranking_category_code"": ""268103100"", ""ranking_category_name"": ""여성의류>상의"", ""review_avg"": 4.5, ""sale_percent"": 19, ""sale_price"": 71600, ""sold_out"": false, ""url"": ""https://product.29cm.co.kr/catalog/4081081""}",2026-09-06T08:07:14+00:00_6caed517
2026-09-06T17:07:00+09:00,2026-09-06T08:07:15+00:00,commerce_rank,Flower Mid Sleeve Shirt_Orange,29cm:4081081@268103100,rank,96.0,"{""brand_eng"": ""108POUND"", ""brand_kor"": ""108파운드"", ""brand_no"": 86198, ""category1"": ""여성의류"", ""category2"": ""상의"", ""category3"": ""셔츠"", ""category3_code"": 268103106, ""is_new"": false, ""item_no"": 4081081, ""period_sort"": ""ONE_DAY"", ""platform"": ""29cm"", ""ranking_category_code"": ""268103100"", ""ranking_category_name"": ""여성의류>상의"", ""review_avg"": 4.5, ""sale_percent"": 19, ""sale_price"": 71600, ""sold_out"": false, ""url"": ""https://product.29cm.co.kr/catalog/4081081""}",2026-09-06T08:07:14+00:00_6caed517
2026-09-06T17:07:00+09:00,2026-09-06T08:07:15+00:00,commerce_rank,Corduroy Mid Sleeve Shirt_Khaki Beige,29cm:4081083,heart_count,6344.0,"{""brand_eng"": ""108POUND"", ""brand_kor"": ""108파운드"", ""brand_no"": 86198, ""category1"": ""여성의류"", ""category2"": ""상의"", ""category3"": ""셔츠"", ""category3_code"": 268103106, ""is_new"": false, ""item_no"": 4081083, ""period_sort"": ""ONE_DAY"", ""platform"": ""29cm"", ""ranking_category_code"": ""268103100"", ""ranking_category_name"": ""여성의류>상의"", ""review_avg"": 5.0, ""sale_percent"": 18, ""sale_price"": 75400, ""sold_out"": false, ""url"": ""https://product.29cm.co.kr/catalog/4081083""}",2026-09-06T08:07:14+00:00_6caed517
2026-09-06T17:07:00+09:00,2026-09-06T08:07:15+00:00,commerce_rank,Corduroy Mid Sleeve Shirt_Khaki Beige,29cm:4081083,review_count,5.0,"{""brand_eng"": ""108POUND"", ""brand_kor"": ""108파운드"", ""brand_no"": 86198, ""category1"": ""여성의류"", ""category2"": ""상의"", ""category3"": ""셔츠"", ""category3_code"": 268103106, ""is_new"": false, ""item_no"": 4081083, ""period_sort"": ""ONE_DAY"", ""platform"": ""29cm"", ""ranking_category_code"": ""268103100"", ""ranking_category_name"": ""여성의류>상의"", ""review_avg"": 5.0, ""sale_percent"": 18, ""sale_price"": 75400, ""sold_out"": false, ""url"": ""https://product.29cm.co.kr/catalog/4081083""}",2026-09-06T08:07:14+00:00_6caed517
2026-09-06T17:07:00+09:00,2026-09-06T08:07:15+00:00,commerce_rank,Corduroy Mid Sleeve Shirt_Khaki Beige,29cm:4081083@268103100,rank,6.0,"{""brand_eng"": ""108POUND"", ""brand_kor"": ""108파운드"", ""brand_no"": 86198, ""category1"": ""여성의류"", ""category2"": ""상의"", ""category3"": ""셔츠"", ""category3_code"": 268103106, ""is_new"": false, ""item_no"": 4081083, ""period_sort"": ""ONE_DAY"", ""platform"": ""29cm"", ""ranking_category_code"": ""268103100"", ""ranking_category_name"": ""여성의류>상의"", ""review_avg"": 5.0, ""sale_percent"": 18, ""sale_price"": 75400, ""sold_out"": false, ""url"": ""https://product.29cm.co.kr/catalog/4081083""}",2026-09-06T08:07:14+00:00_6caed517
2026-09-06T17:07:00+09:00,2026-09-06T08:07:15+00:00,commerce_rank,Corduroy Mid Sleeve Shirt_Navy,29cm:4081084,heart_count,1400.0,"{""brand_eng"": ""108POUND"", ""brand_kor"": ""108파운드"", ""brand_no"": 86198, ""category1"": ""여성의류"", ""category2"": ""상의"", ""category3"": ""셔츠"", ""category3_code"": 268103106, ""is_new"": false, ""item_no"": 4081084, ""period_sort"": ""ONE_DAY"", ""platform"": ""29cm"", ""ranking_category_code"": ""268103100"", ""ranking_category_name"": ""여성의류>상의"", ""review_avg"": 5.0, ""sale_percent"": 18, ""sale_price"": 75400, ""sold_out"": false, ""url"": ""https://product.29cm.co.kr/catalog/4081084""}",2026-09-06T08:07:14+00:00_6caed517
2026-09-06T17:07:00+09:00,2026-09-06T08:07:15+00:00,commerce_rank,Corduroy Mid Sleeve Shirt_Navy,29cm:4081084,review_count,8.0,"{""brand_eng"": ""108POUND"", ""brand_kor"": ""108파운드"", ""brand_no"": 86198, ""category1"": ""여성의류"", ""category2"": ""상의"", ""category3"": ""셔츠"", ""category3_code"": 268103106, ""is_new"": false, ""item_no"": 4081084, ""period_sort"": ""ONE_DAY"", ""platform"": ""29cm"", ""ranking_category_code"": ""268103100"", ""ranking_category_name"": ""여성의류>상의"", ""review_avg"": 5.0, ""sale_percent"": 18, ""sale_price"": 75400, ""sold_out"": false, ""url"": ""https://product.29cm.co.kr/catalog/4081084""}",2026-09-06T08:07:14+00:00_6caed517
2026-09-06T17:07:00+09:00,2026-09-06T08:07:15+00:00,commerce_rank,Corduroy Mid Sleeve Shirt_Navy,29cm:4081084@268103100,rank,27.0,"{""brand_eng"": ""108POUND"", ""brand_kor"": ""108파운드"", ""brand_no"": 86198, ""category1"": ""여성의류"", ""category2"": ""상의"", ""category3"": ""셔츠"", ""category3_code"": 268103106, ""is_new"": false, ""item_no"": 4081084, ""period_sort"": ""ONE_DAY"", ""platform"": ""29cm"", ""ranking_category_code"": ""268103100"", ""ranking_category_name"": ""여성의류>상의"", ""review_avg"": 5.0, ""sale_percent"": 18, ""sale_price"": 75400, ""sold_out"": false, ""url"": ""https://product.29cm.co.kr/catalog/4081084""}",2026-09-06T08:07:14+00:00_6caed517
2026-09-06T17:07:00+09:00,2026-09-06T08:07:15+00:00,commerce_rank,Dew Boat Stripe Tee_Navy,29cm:4081100,heart_count,223.0,"{""brand_eng"": ""108POUND"", ""brand_kor"": ""108파운드"", ""brand_no"": 86198, ""category1"": ""여성의류"", ""category2"": ""상의"", ""category3"": ""긴소매 티셔츠"", ""category3_code"": 268103102, ""is_new"": false, ""item_no"": 4081100, ""period_sort"": ""ONE_DAY"", ""platform"": ""29cm"", ""ranking_category_code"": ""268103100"", ""ranking_category_name"": ""여성의류>상의"", ""review_avg"": 0.0, ""sale_percent"": 19, ""sale_price"": 41990, ""sold_out"": false, ""url"": ""https://product.29cm.co.kr/catalog/4081100""}",2026-09-06T08:07:14+00:00_6caed517
2026-09-06T17:07:00+09:00,2026-09-06T08:07:15+00:00,commerce_rank,Dew Boat Stripe Tee_Navy,29cm:4081100,review_count,0.0,"{""brand_eng"": ""108POUND"", ""brand_kor"": ""108파운드"", ""brand_no"": 86198, ""category1"": ""여성의류"", ""category2"": ""상의"", ""category3"": ""긴소매 티셔츠"", ""category3_code"": 268103102, ""is_new"": false, ""item_no"": 4081100, ""period_sort"": ""ONE_DAY"", ""platform"": ""29cm"", ""ranking_category_code"": ""268103100"", ""ranking_category_name"": ""여성의류>상의"", ""review_avg"": 0.0, ""sale_percent"": 19, ""sale_price"": 41990, ""sold_out"": false, ""url"": ""https://product.29cm.co.kr/catalog/4081100""}",2026-09-06T08:07:14+00:00_6caed517
2026-09-06T17:07:00+09:00,2026-09-06T08:07:15+00:00,commerce_rank,Dew Boat Stripe Tee_Navy,29cm:4081100@268103100,rank,73.0,"{""brand_eng"": ""108POUND"", ""brand_kor"": ""108파운드"", ""brand_no"": 86198, ""category1"": ""여성의류"", ""category2"": ""상의"", ""category3"": ""긴소매 티셔츠"", ""category3_code"": 268103102, ""is_new"": false, ""item_no"": 4081100, ""period_sort"": ""ONE_DAY"", ""platform"": ""29cm"", ""ranking_category_code"": ""268103100"", ""ranking_category_name"": ""여성의류>상의"", ""review_avg"": 0.0, ""sale_percent"": 19, ""sale_price"": 41990, ""sold_out"": false, ""url"": ""https://product.29cm.co.kr/catalog/4081100""}",2026-09-06T08:07:14+00:00_6caed517
2026-09-06T17:07:00+09:00,2026-09-06T08:07:15+00:00,commerce_rank,Dusty Raglan Tee_Beige,29cm:4081115,heart_count,11024.0,"{""brand_eng"": ""108POUND"", ""brand_kor"": ""108파운드"", ""brand_no"": 86198, ""category1"": ""여성의류"", ""category2"": ""상의"", ""category3"": ""긴소매 티셔츠"", ""category3_code"": 268103102, ""is_new"": false, ""item_no"": 4081115, ""period_sort"": ""ONE_DAY"", ""platform"": ""29cm"", ""ranking_category_code"": ""268103100"", ""ranking_category_name"": ""여성의류>상의"", ""review_avg"": 4.5, ""sale_percent"": 19, ""sale_price"": 39570, ""sold_out"": false, ""url"": ""https://product.29cm.co.kr/catalog/4081115""}",2026-09-06T08:07:14+00:00_6caed517
2026-09-06T17:07:00+09:00,2026-09-06T08:07:15+00:00,commerce_rank,Dusty Raglan Tee_Beige,29cm:4081115,review_count,91.0,"{""brand_eng"": ""108POUND"", ""brand_kor"": ""108파운드"", ""brand_no"": 86198, ""category1"": ""여성의류"", ""category2"": ""상의"", ""category3"": ""긴소매 티셔츠"", ""category3_code"": 268103102, ""is_new"": false, ""item_no"": 4081115, ""period_sort"": ""ONE_DAY"", ""platform"": ""29cm"", ""ranking_category_code"": ""268103100"", ""ranking_category_name"": ""여성의류>상의"", ""review_avg"": 4.5, ""sale_percent"": 19, ""sale_price"": 39570, ""sold_out"": false, ""url"": ""https://product.29cm.co.kr/catalog/4081115""}",2026-09-06T08:07:14+00:00_6caed517
2026-09-06T17:07:00+09:00,2026-09-06T08:07:15+00:00,commerce_rank,Dusty Raglan Tee_Beige,29cm:4081115@268103100,rank,12.0,"{""brand_eng"": ""108POUND"", ""brand_kor"": ""108파운드"", ""brand_no"": 86198, ""category1"": ""여성의류"", ""category2"": ""상의"", ""category3"": ""긴소매 티셔츠"", ""category3_code"": 268103102, ""is_new"": false, ""item_no"": 4081115, ""period_sort"": ""ONE_DAY"", ""platform"": ""29cm"", ""ranking_category_code"": ""268103100"", ""ranking_category_name"": ""여성의류>상의"", ""review_avg"": 4.5, ""sale_percent"": 19, ""sale_price"": 39570, ""sold_out"": false, ""url"": ""https://product.29cm.co.kr/catalog/4081115""}",2026-09-06T08:07:14+00:00_6caed517
2026-09-06T17:07:00+09:00,2026-09-06T08:07:15+00:00,commerce_rank,Dusty Raglan Tee_Dusty Blue,29cm:4081117,heart_count,4075.0,"{""brand_eng"": ""108POUND"", ""brand_kor"": ""108파운드"", ""brand_no"": 86198, ""category1"": ""여성의류"", ""category2"": ""상의"", ""category3"": ""긴소매 티셔츠"", ""category3_code"": 268103102, ""is_new"": false, ""item_no"": 4081117, ""period_sort"": ""ONE_DAY"", ""platform"": ""29cm"", ""ranking_category_code"": ""268103100"", ""ranking_category_name"": ""여성의류>상의"", ""review_avg"": 4.5, ""sale_percent"": 19, ""sale_price"": 39570, ""sold_out"": false, ""url"": ""https://product.29cm.co.kr/catalog/4081117""}",2026-09-06T08:07:14+00:00_6caed517
2026-09-06T17:07:00+09:00,2026-09-06T08:07:15+00:00,commerce_rank,Dusty Raglan Tee_Dusty Blue,29cm:4081117,review_count,45.0,"{""brand_eng"": ""108POUND"", ""brand_kor"": ""108파운드"", ""brand_no"": 86198, ""category1"": ""여성의류"", ""category2"": ""상의"", ""category3"": ""긴소매 티셔츠"", ""category3_code"": 268103102, ""is_new"": false, ""item_no"": 4081117, ""period_sort"": ""ONE_DAY"", ""platform"": ""29cm"", ""ranking_category_code"": ""268103100"", ""ranking_category_name"": ""여성의류>상의"", ""review_avg"": 4.5, ""sale_percent"": 19, ""sale_price"": 39570, ""sold_out"": false, ""url"": ""https://product.29cm.co.kr/catalog/4081117""}",2026-09-06T08:07:14+00:00_6caed517
2026-09-06T17:07:00+09:00,2026-09-06T08:07:15+00:00,commerce_rank,Dusty Raglan Tee_Dusty Blue,29cm:4081117@268103100,rank,43.0,"{""brand_eng"": ""108POUND"", ""brand_kor"": ""108파운드"", ""brand_no"": 86198, ""category1"": ""여성의류"", ""category2"": ""상의"", ""category3"": ""긴소매 티셔츠"", ""category3_code"": 268103102, ""is_new"": false, ""item_no"": 4081117, ""period_sort"": ""ONE_DAY"", ""platform"": ""29cm"", ""ranking_category_code"": ""268103100"", ""ranking_category_name"": ""여성의류>상의"", ""review_avg"": 4.5, ""sale_percent"": 19, ""sale_price"": 39570, ""sold_out"": false, ""url"": ""https://product.29cm.co.kr/catalog/4081117""}",2026-09-06T08:07:14+00:00_6caed517
2026-09-06T17:07:00+09:00,2026-09-06T08:07:15+00:00,commerce_rank,Henley 3/4 Sleeve Tee_Ivory,29cm:4081119,heart_count,532.0,"{""brand_eng"": ""108POUND"", ""brand_kor"": ""108파운드"", ""brand_no"": 86198, ""category1"": ""여성의류"", ""category2"": ""상의"", ""category3"": ""긴소매 티셔츠"", ""category3_code"": 268103102, ""is_new"": false, ""item_no"": 4081119, ""period_sort"": ""ONE_DAY"", ""platform"": ""29cm"", ""ranking_category_code"": ""268103100"", ""ranking_category_name"": ""여성의류>상의"", ""review_avg"": 4.5, ""sale_percent"": 19, ""sale_price"": 46840, ""sold_out"": false, ""url"": ""https://product.29cm.co.kr/catalog/4081119""}",2026-09-06T08:07:14+00:00_6caed517
2026-09-06T17:07:00+09:00,2026-09-06T08:07:15+00:00,commerce_rank,Henley 3/4 Sleeve Tee_Ivory,29cm:4081119,review_count,2.0,"{""brand_eng"": ""108POUND"", ""brand_kor"": ""108파운드"", ""brand_no"": 86198, ""category1"": ""여성의류"", ""category2"": ""상의"", ""category3"": ""긴소매 티셔츠"", ""category3_code"": 268103102, ""is_new"": false, ""item_no"": 4081119, ""period_sort"": ""ONE_DAY"", ""platform"": ""29cm"", ""ranking_category_code"": ""268103100"", ""ranking_category_name"": ""여성의류>상의"", ""review_avg"": 4.5, ""sale_percent"": 19, ""sale_price"": 46840, ""sold_out"": false, ""url"": ""https://product.29cm.co.kr/catalog/4081119""}",2026-09-06T08:07:14+00:00_6caed517
2026-09-06T17:07:00+09:00,2026-09-06T08:07:15+00:00,commerce_rank,Henley 3/4 Sleeve Tee_Ivory,29cm:4081119@268103100,rank,28.0,"{""brand_eng"": ""108POUND"", ""brand_kor"": ""108파운드"", ""brand_no"": 86198, ""category1"": ""여성의류"", ""category2"": ""상의"", ""category3"": ""긴소매 티셔츠"", ""category3_code"": 268103102, ""is_new"": false, ""item_no"": 4081119, ""period_sort"": ""ONE_DAY"", ""platform"": ""29cm"", ""ranking_category_code"": ""268103100"", ""ranking_category_name"": ""여성의류>상의"", ""review_avg"": 4.5, ""sale_percent"": 19, ""sale_price"": 46840, ""sold_out"": false, ""url"": ""https://product.29cm.co.kr/catalog/4081119""}",2026-09-06T08:07:14+00:00_6caed517
2026-09-06T17:07:00+09:00,2026-09-06T08:07:15+00:00,commerce_rank,Henley 3/4 Sleeve Tee_Melange Gray,29cm:4081120,heart_count,4053.0,"{""brand_eng"": ""108POUND"", ""brand_kor"": ""108파운드"", ""brand_no"": 86198, ""category1"": ""여성의류"", ""category2"": ""상의"", ""category3"": ""긴소매 티셔츠"", ""category3_code"": 268103102, ""is_new"": false, ""item_no"": 4081120, ""period_sort"": ""ONE_DAY"", ""platform"": ""29cm"", ""ranking_category_code"": ""268103100"", ""ranking_category_name"": ""여성의류>상의"", ""review_avg"": 5.0, ""sale_percent"": 19, ""sale_price"": 46840, ""sold_out"": false, ""url"": ""https://product.29cm.co.kr/catalog/4081120""}",2026-09-06T08:07:14+00:00_6caed517
2026-09-06T17:07:00+09:00,2026-09-06T08:07:15+00:00,commerce_rank,Henley 3/4 Sleeve Tee_Melange Gray,29cm:4081120,review_count,6.0,"{""brand_eng"": ""108POUND"", ""brand_kor"": ""108파운드"", ""brand_no"": 86198, ""category1"": ""여성의류"", ""category2"": ""상의"", ""category3"": ""긴소매 티셔츠"", ""category3_code"": 268103102, ""is_new"": false, ""item_no"": 4081120, ""period_sort"": ""ONE_DAY"", ""platform"": ""29cm"", ""ranking_category_code"": ""268103100"", ""ranking_category_name"": ""여성의류>상의"", ""review_avg"": 5.0, ""sale_percent"": 19, ""sale_price"": 46840, ""sold_out"": false, ""url"": ""https://product.29cm.co.kr/catalog/4081120""}",2026-09-06T08:07:14+00:00_6caed517
2026-09-06T17:07:00+09:00,2026-09-06T08:07:15+00:00,commerce_rank,Henley 3/4 Sleeve Tee_Melange Gray,29cm:4081120@268103100,rank,13.0,"{""brand_eng"": ""108POUND"", ""brand_kor"": ""108파운드"", ""brand_no"": 86198, ""category1"": ""여성의류"", ""category2"": ""상의"", ""category3"": ""긴소매 티셔츠"", ""category3_code"": 268103102, ""is_new"": false, ""item_no"": 4081120, ""period_sort"": ""ONE_DAY"", ""platform"": ""29cm"", ""ranking_category_code"": ""268103100"", ""ranking_category_name"": ""여성의류>상의"", ""review_avg"": 5.0, ""sale_percent"": 19, ""sale_price"": 46840, ""sold_out"": false, ""url"": ""https://product.29cm.co.kr/catalog/4081120""}",2026-09-06T08:07:14+00:00_6caed517
2026-09-06T17:07:00+09:00,2026-09-06T08:07:15+00:00,commerce_rank,Henley 3/4 Sleeve Tee_Navy,29cm:4081121,heart_count,675.0,"{""brand_eng"": ""108POUND"", ""brand_kor"": ""108파운드"", ""brand_no"": 86198, ""category1"": ""여성의류"", ""category2"": ""상의"", ""category3"": ""긴소매 티셔츠"", ""category3_code"": 268103102, ""is_new"": false, ""item_no"": 4081121, ""period_sort"": ""ONE_DAY"", ""platform"": ""29cm"", ""ranking_category_code"": ""268103100"", ""ranking_category_name"": ""여성의류>상의"", ""review_avg"": 5.0, ""sale_percent"": 19, ""sale_price"": 46840, ""sold_out"": false, ""url"": ""https://product.29cm.co.kr/catalog/4081121""}",2026-09-06T08:07:14+00:00_6caed517
2026-09-06T17:07:00+09:00,2026-09-06T08:07:15+00:00,commerce_rank,Henley 3/4 Sleeve Tee_Navy,29cm:4081121,review_count,1.0,"{""brand_eng"": ""108POUND"", ""brand_kor"": ""108파운드"", ""brand_no"": 86198, ""category1"": ""여성의류"", ""category2"": ""상의"", ""category3"": ""긴소매 티셔츠"", ""category3_code"": 268103102, ""is_new"": false, ""item_no"": 4081121, ""period_sort"": ""ONE_DAY"", ""platform"": ""29cm"", ""ranking_category_code"": ""268103100"", ""ranking_category_name"": ""여성의류>상의"", ""review_avg"": 5.0, ""sale_percent"": 19, ""sale_price"": 46840, ""sold_out"": false, ""url"": ""https://product.29cm.co.kr/catalog/4081121""}",2026-09-06T08:07:14+00:00_6caed517
2026-09-06T17:07:00+09:00,2026-09-06T08:07:15+00:00,commerce_rank,Henley 3/4 Sleeve Tee_Navy,29cm:4081121@268103100,rank,25.0,"{""brand_eng"": ""108POUND"", ""brand_kor"": ""108파운드"", ""brand_no"": 86198, ""category1"": ""여성의류"", ""category2"": ""상의"", ""category3"": ""긴소매 티셔츠"", ""category3_code"": 268103102, ""is_new"": false, ""item_no"": 4081121, ""period_sort"": ""ONE_DAY"", ""platform"": ""29cm"", ""ranking_category_code"": ""268103100"", ""ranking_category_name"": ""여성의류>상의"", ""review_avg"": 5.0, ""sale_percent"": 19, ""sale_price"": 46840, ""sold_out"": false, ""url"": ""https://product.29cm.co.kr/catalog/4081121""}",2026-09-06T08:07:14+00:00_6caed517
2026-09-06T17:07:00+09:00,2026-09-06T08:07:15+00:00,commerce_rank,Days Comfort Fit Shirt_White,29cm:4081128,heart_count,5442.0,"{""brand_eng"": ""108POUND"", ""brand_kor"": ""108파운드"", ""brand_no"": 86198, ""category1"": ""여성의류"", ""category2"": ""상의"", ""category3"": ""셔츠"", ""category3_code"": 268103106, ""is_new"": false, ""item_no"": 4081128, ""period_sort"": ""ONE_DAY"", ""platform"": ""29cm"", ""ranking_category_code"": ""268103100"", ""ranking_category_name"": ""여성의류>상의"", ""review_avg"": 5.0, ""sale_percent"": 18, ""sale_price"": 72550, ""sold_out"": false, ""url"": ""https://product.29cm.co.kr/catalog/4081128""}",2026-09-06T08:07:14+00:00_6caed517
2026-09-06T17:07:00+09:00,2026-09-06T08:07:15+00:00,commerce_rank,Days Comfort Fit Shirt_White,29cm:4081128,review_count,17.0,"{""brand_eng"": ""108POUND"", ""brand_kor"": ""108파운드"", ""brand_no"": 86198, ""category1"": ""여성의류"", ""category2"": ""상의"", ""category3"": ""셔츠"", ""category3_code"": 268103106, ""is_new"": false, ""item_no"": 4081128, ""period_sort"": ""ONE_DAY"", ""platform"": ""29cm"", ""ranking_category_code"": ""268103100"", ""ranking_category_name"": ""여성의류>상의"", ""review_avg"": 5.0, ""sale_percent"": 18, ""sale_price"": 72550, ""sold_out"": false, ""url"": ""https://product.29cm.co.kr/catalog/4081128""}",2026-09-06T08:07:14+00:00_6caed517
2026-09-06T17:07:00+09:00,2026-09-06T08:07:15+00:00,commerce_rank,Days Comfort Fit Shirt_White,29cm:4081128@268103100,rank,33.0,"{""brand_eng"": ""108POUND"", ""brand_kor"": ""108파운드"", ""brand_no"": 86198, ""category1"": ""여성의류"", ""category2"": ""상의"", ""category3"": ""셔츠"", ""category3_code"": 268103106, ""is_new"": false, ""item_no"": 4081128, ""period_sort"": ""ONE_DAY"", ""platform"": ""29cm"", ""ranking_category_code"": ""268103100"", ""ranking_category_name"": ""여성의류>상의"", ""review_avg"": 5.0, ""sale_percent"": 18, ""sale_price"": 72550, ""sold_out"": false, ""url"": ""https://product.29cm.co.kr/catalog/4081128""}",2026-09-06T08:07:14+00:00_6caed517
2026-09-06T17:07:00+09:00,2026-09-06T08:07:15+00:00,commerce_rank,와플 래글런 LST (Dusty Yellow),29cm:4088281,heart_count,622.0,"{""brand_eng"": ""ENZO BLUES"", ""brand_kor"": ""엔조블루스"", ""brand_no"": 1549, ""category1"": ""여성의류"", ""category2"": ""상의"", ""category3"": ""긴소매 티셔츠"", ""category3_code"": 268103102, ""is_new"": false, ""item_no"": 4088281, ""period_sort"": ""ONE_DAY"", ""platform"": ""29cm"", ""ranking_category_code"": ""268103100"", ""ranking_category_name"": ""여성의류>상의"", ""review_avg"": 0.0, ""sale_percent"": 0, ""sale_price"": 79000, ""sold_out"": false, ""url"": ""https://product.29cm.co.kr/catalog/4088281""}",2026-09-06T08:07:14+00:00_6caed517
2026-09-06T17:07:00+09:00,2026-09-06T08:07:15+00:00,commerce_rank,와플 래글런 LST (Dusty Yellow),29cm:4088281,review_count,0.0,"{""brand_eng"": ""ENZO BLUES"", ""brand_kor"": ""엔조블루스"", ""brand_no"": 1549, ""category1"": ""여성의류"", ""category2"": ""상의"", ""category3"": ""긴소매 티셔츠"", ""category3_code"": 268103102, ""is_new"": false, ""item_no"": 4088281, ""period_sort"": ""ONE_DAY"", ""platform"": ""29cm"", ""ranking_category_code"": ""268103100"", ""ranking_category_name"": ""여성의류>상의"", ""review_avg"": 0.0, ""sale_percent"": 0, ""sale_price"": 79000, ""sold_out"": false, ""url"": ""https://product.29cm.co.kr/catalog/4088281""}",2026-09-06T08:07:14+00:00_6caed517
2026-09-06T17:07:00+09:00,2026-09-06T08:07:15+00:00,commerce_rank,와플 래글런 LST (Dusty Yellow),29cm:4088281@268103100,rank,79.0,"{""brand_eng"": ""ENZO BLUES"", ""brand_kor"": ""엔조블루스"", ""brand_no"": 1549, ""category1"": ""여성의류"", ""category2"": ""상의"", ""category3"": ""긴소매 티셔츠"", ""category3_code"": 268103102, ""is_new"": false, ""item_no"": 4088281, ""period_sort"": ""ONE_DAY"", ""platform"": ""29cm"", ""ranking_category_code"": ""268103100"", ""ranking_category_name"": ""여성의류>상의"", ""review_avg"": 0.0, ""sale_percent"": 0, ""sale_price"": 79000, ""sold_out"": false, ""url"": ""https://product.29cm.co.kr/catalog/4088281""}",2026-09-06T08:07:14+00:00_6caed517
2026-09-06T17:07:00+09:00,2026-09-06T08:07:15+00:00,commerce_rank,아치 프레임 로고 티셔츠(3colors) NTS6026,29cm:4089747,heart_count,167.0,"{""brand_eng"": ""NAUTICA"", ""brand_kor"": ""노티카"", ""brand_no"": 17425, ""category1"": ""여성의류"", ""category2"": ""상의"", ""category3"": ""반소매 티셔츠"", ""category3_code"": 268103101, ""is_new"": false, ""item_no"": 4089747, ""period_sort"": ""ONE_DAY"", ""platform"": ""29cm"", ""ranking_category_code"": ""268103100"", ""ranking_category_name"": ""여성의류>상의"", ""review_avg"": 5.0, ""sale_percent"": 49, ""sale_price"": 14790, ""sold_out"": false, ""url"": ""https://product.29cm.co.kr/catalog/4089747""}",2026-09-06T08:07:14+00:00_6caed517
2026-09-06T17:07:00+09:00,2026-09-06T08:07:15+00:00,commerce_rank,아치 프레임 로고 티셔츠(3colors) NTS6026,29cm:4089747,review_count,5.0,"{""brand_eng"": ""NAUTICA"", ""brand_kor"": ""노티카"", ""brand_no"": 17425, ""category1"": ""여성의류"", ""category2"": ""상의"", ""category3"": ""반소매 티셔츠"", ""category3_code"": 268103101, ""is_new"": false, ""item_no"": 4089747, ""period_sort"": ""ONE_DAY"", ""platform"": ""29cm"", ""ranking_category_code"": ""268103100"", ""ranking_category_name"": ""여성의류>상의"", ""review_avg"": 5.0, ""sale_percent"": 49, ""sale_price"": 14790, ""sold_out"": false, ""url"": ""https://product.29cm.co.kr/catalog/4089747""}",2026-09-06T08:07:14+00:00_6caed517
2026-09-06T17:07:00+09:00,2026-09-06T08:07:15+00:00,commerce_rank,아치 프레임 로고 티셔츠(3colors) NTS6026,29cm:4089747@268103100,rank,55.0,"{""brand_eng"": ""NAUTICA"", ""brand_kor"": ""노티카"", ""brand_no"": 17425, ""category1"": ""여성의류"", ""category2"": ""상의"", ""category3"": ""반소매 티셔츠"", ""category3_code"": 268103101, ""is_new"": false, ""item_no"": 4089747, ""period_sort"": ""ONE_DAY"", ""platform"": ""29cm"", ""ranking_category_code"": ""268103100"", ""ranking_category_name"": ""여성의류>상의"", ""review_avg"": 5.0, ""sale_percent"": 49, ""sale_price"": 14790, ""sold_out"": false, ""url"": ""https://product.29cm.co.kr/catalog/4089747""}",2026-09-06T08:07:14+00:00_6caed517
2026-09-06T17:07:00+09:00,2026-09-06T08:07:16+00:00,commerce_rank,폴라 벤트 바라클라바 풀오버(4colors) NFL2246,29cm:4095397,heart_count,83.0,"{""brand_eng"": ""NAUTICA"", ""brand_kor"": ""노티카"", ""brand_no"": 17425, ""category1"": ""남성의류"", ""category2"": ""상의"", ""category3"": ""후디"", ""category3_code"": 272103108, ""is_new"": false, ""item_no"": 4095397, ""period_sort"": ""ONE_DAY"", ""platform"": ""29cm"", ""ranking_category_code"": ""272103100"", ""ranking_category_name"": ""남성의류>상의"", ""review_avg"": 0.0, ""sale_percent"": 15, ""sale_price"": 67150, ""sold_out"": false, ""url"": ""https://product.29cm.co.kr/catalog/4095397""}",2026-09-06T08:07:14+00:00_6caed517
2026-09-06T17:07:00+09:00,2026-09-06T08:07:16+00:00,commerce_rank,폴라 벤트 바라클라바 풀오버(4colors) NFL2246,29cm:4095397,review_count,0.0,"{""brand_eng"": ""NAUTICA"", ""brand_kor"": ""노티카"", ""brand_no"": 17425, ""category1"": ""남성의류"", ""category2"": ""상의"", ""category3"": ""후디"", ""category3_code"": 272103108, ""is_new"": false, ""item_no"": 4095397, ""period_sort"": ""ONE_DAY"", ""platform"": ""29cm"", ""ranking_category_code"": ""272103100"", ""ranking_category_name"": ""남성의류>상의"", ""review_avg"": 0.0, ""sale_percent"": 15, ""sale_price"": 67150, ""sold_out"": false, ""url"": ""https://product.29cm.co.kr/catalog/4095397""}",2026-09-06T08:07:14+00:00_6caed517
2026-09-06T17:07:00+09:00,2026-09-06T08:07:16+00:00,commerce_rank,폴라 벤트 바라클라바 풀오버(4colors) NFL2246,29cm:4095397@272103100,rank,87.0,"{""brand_eng"": ""NAUTICA"", ""brand_kor"": ""노티카"", ""brand_no"": 17425, ""category1"": ""남성의류"", ""category2"": ""상의"", ""category3"": ""후디"", ""category3_code"": 272103108, ""is_new"": false, ""item_no"": 4095397, ""period_sort"": ""ONE_DAY"", ""platform"": ""29cm"", ""ranking_category_code"": ""272103100"", ""ranking_category_name"": ""남성의류>상의"", ""review_avg"": 0.0, ""sale_percent"": 15, ""sale_price"": 67150, ""sold_out"": false, ""url"": ""https://product.29cm.co.kr/catalog/4095397""}",2026-09-06T08:07:14+00:00_6caed517
2026-09-06T17:07:00+09:00,2026-09-06T08:07:15+00:00,commerce_rank,[루피타 X 29editon] PINTUCK LACE FRILL BLOUSE_IVORY,29cm:4096856,heart_count,4816.0,"{""brand_eng"": ""TTUDEMENT"", ""brand_kor"": ""튜드먼트"", ""brand_no"": 36259, ""category1"": ""여성의류"", ""category2"": ""상의"", ""category3"": ""블라우스"", ""category3_code"": 268103107, ""is_new"": false, ""item_no"": 4096856, ""period_sort"": ""ONE_DAY"", ""platform"": ""29cm"", ""ranking_category_code"": ""268103100"", ""ranking_category_name"": ""여성의류>상의"", ""review_avg"": 4.5, ""sale_percent"": 19, ""sale_price"": 105220, ""sold_out"": false, ""url"": ""https://product.29cm.co.kr/catalog/4096856""}",2026-09-06T08:07:14+00:00_6caed517
2026-09-06T17:07:00+09:00,2026-09-06T08:07:15+00:00,commerce_rank,[루피타 X 29editon] PINTUCK LACE FRILL BLOUSE_IVORY,29cm:4096856,review_count,33.0,"{""brand_eng"": ""TTUDEMENT"", ""brand_kor"": ""튜드먼트"", ""brand_no"": 36259, ""category1"": ""여성의류"", ""category2"": ""상의"", ""category3"": ""블라우스"", ""category3_code"": 268103107, ""is_new"": false, ""item_no"": 4096856, ""period_sort"": ""ONE_DAY"", ""platform"": ""29cm"", ""ranking_category_code"": ""268103100"", ""ranking_category_name"": ""여성의류>상의"", ""review_avg"": 4.5, ""sale_percent"": 19, ""sale_price"": 105220, ""sold_out"": false, ""url"": ""https://product.29cm.co.kr/catalog/4096856""}",2026-09-06T08:07:14+00:00_6caed517
2026-09-06T17:07:00+09:00,2026-09-06T08:07:15+00:00,commerce_rank,[루피타 X 29editon] PINTUCK LACE FRILL BLOUSE_IVORY,29cm:4096856@268103100,rank,69.0,"{""brand_eng"": ""TTUDEMENT"", ""brand_kor"": ""튜드먼트"", ""brand_no"": 36259, ""category1"": ""여성의류"", ""category2"": ""상의"", ""category3"": ""블라우스"", ""category3_code"": 268103107, ""is_new"": false, ""item_no"": 4096856, ""period_sort"": ""ONE_DAY"", ""platform"": ""29cm"", ""ranking_category_code"": ""268103100"", ""ranking_category_name"": ""여성의류>상의"", ""review_avg"": 4.5, ""sale_percent"": 19, ""sale_price"": 105220, ""sold_out"": false, ""url"": ""https://product.29cm.co.kr/catalog/4096856""}",2026-09-06T08:07:14+00:00_6caed517
2026-09-06T17:07:00+09:00,2026-09-06T08:07:15+00:00,commerce_rank,50s RAGLAN GRAPHIC T-SHIRT_NAVY,29cm:4096889,heart_count,4632.0,"{""brand_eng"": ""TTUDEMENT"", ""brand_kor"": ""튜드먼트"", ""brand_no"": 36259, ""category1"": ""여성의류"", ""category2"": ""상의"", ""category3"": ""긴소매 티셔츠"", ""category3_code"": 268103102, ""is_new"": false, ""item_no"": 4096889, ""period_sort"": ""ONE_DAY"", ""platform"": ""29cm"", ""ranking_category_code"": ""268103100"", ""ranking_category_name"": ""여성의류>상의"", ""review_avg"": 5.0, ""sale_percent"": 10, ""sale_price"": 62910, ""sold_out"": false, ""url"": ""https://product.29cm.co.kr/catalog/4096889""}",2026-09-06T08:07:14+00:00_6caed517
2026-09-06T17:07:00+09:00,2026-09-06T08:07:15+00:00,commerce_rank,50s RAGLAN GRAPHIC T-SHIRT_NAVY,29cm:4096889,review_count,9.0,"{""brand_eng"": ""TTUDEMENT"", ""brand_kor"": ""튜드먼트"", ""brand_no"": 36259, ""category1"": ""여성의류"", ""category2"": ""상의"", ""category3"": ""긴소매 티셔츠"", ""category3_code"": 268103102, ""is_new"": false, ""item_no"": 4096889, ""period_sort"": ""ONE_DAY"", ""platform"": ""29cm"", ""ranking_category_code"": ""268103100"", ""ranking_category_name"": ""여성의류>상의"", ""review_avg"": 5.0, ""sale_percent"": 10, ""sale_price"": 62910, ""sold_out"": false, ""url"": ""https://product.29cm.co.kr/catalog/4096889""}",2026-09-06T08:07:14+00:00_6caed517
2026-09-06T17:07:00+09:00,2026-09-06T08:07:15+00:00,commerce_rank,50s RAGLAN GRAPHIC T-SHIRT_NAVY,29cm:4096889@268103100,rank,42.0,"{""brand_eng"": ""TTUDEMENT"", ""brand_kor"": ""튜드먼트"", ""brand_no"": 36259, ""category1"": ""여성의류"", ""category2"": ""상의"", ""category3"": ""긴소매 티셔츠"", ""category3_code"": 268103102, ""is_new"": false, ""item_no"": 4096889, ""period_sort"": ""ONE_DAY"", ""platform"": ""29cm"", ""ranking_category_code"": ""268103100"", ""ranking_category_name"": ""여성의류>상의"", ""review_avg"": 5.0, ""sale_percent"": 10, ""sale_price"": 62910, ""sold_out"": false, ""url"": ""https://product.29cm.co.kr/catalog/4096889""}",2026-09-06T08:07:14+00:00_6caed517
2026-09-06T17:07:00+09:00,2026-09-06T08:07:15+00:00,commerce_rank,"DAMAGE WAFFLE LONG SLEEVE, WHITE MELANGE",29cm:4099044,heart_count,843.0,"{""brand_eng"": ""PLZPROJECT"", ""brand_kor"": ""플리즈프로젝트"", ""brand_no"": 18645, ""category1"": ""여성의류"", ""category2"": ""상의"", ""category3"": ""긴소매 티셔츠"", ""category3_code"": 268103102, ""is_new"": true, ""item_no"": 4099044, ""period_sort"": ""ONE_DAY"", ""platform"": ""29cm"", ""ranking_category_code"": ""268103100"", ""ranking_category_name"": ""여성의류>상의"", ""review_avg"": 0.0, ""sale_percent"": 10, ""sale_price"": 53100, ""sold_out"": false, ""url"": ""https://product.29cm.co.kr/catalog/4099044""}",2026-09-06T08:07:14+00:00_6caed517
2026-09-06T17:07:00+09:00,2026-09-06T08:07:15+00:00,commerce_rank,"DAMAGE WAFFLE LONG SLEEVE, WHITE MELANGE",29cm:4099044,review_count,0.0,"{""brand_eng"": ""PLZPROJECT"", ""brand_kor"": ""플리즈프로젝트"", ""brand_no"": 18645, ""category1"": ""여성의류"", ""category2"": ""상의"", ""category3"": ""긴소매 티셔츠"", ""category3_code"": 268103102, ""is_new"": true, ""item_no"": 4099044, ""period_sort"": ""ONE_DAY"", ""platform"": ""29cm"", ""ranking_category_code"": ""268103100"", ""ranking_category_name"": ""여성의류>상의"", ""review_avg"": 0.0, ""sale_percent"": 10, ""sale_price"": 53100, ""sold_out"": false, ""url"": ""https://product.29cm.co.kr/catalog/4099044""}",2026-09-06T08:07:14+00:00_6caed517
2026-09-06T17:07:00+09:00,2026-09-06T08:07:15+00:00,commerce_rank,"DAMAGE WAFFLE LONG SLEEVE, WHITE MELANGE",29cm:4099044@268103100,rank,84.0,"{""brand_eng"": ""PLZPROJECT"", ""brand_kor"": ""플리즈프로젝트"", ""brand_no"": 18645, ""category1"": ""여성의류"", ""category2"": ""상의"", ""category3"": ""긴소매 티셔츠"", ""category3_code"": 268103102, ""is_new"": true, ""item_no"": 4099044, ""period_sort"": ""ONE_DAY"", ""platform"": ""29cm"", ""ranking_category_code"": ""268103100"", ""ranking_category_name"": ""여성의류>상의"", ""review_avg"": 0.0, ""sale_percent"": 10, ""sale_price"": 53100, ""sold_out"": false, ""url"": ""https://product.29cm.co.kr/catalog/4099044""}",2026-09-06T08:07:14+00:00_6caed517
2026-09-06T17:07:00+09:00,2026-09-06T08:07:15+00:00,commerce_rank,"RAGLAN LONG SLEEVE, BLUE",29cm:4099050,heart_count,796.0,"{""brand_eng"": ""PLZPROJECT"", ""brand_kor"": ""플리즈프로젝트"", ""brand_no"": 18645, ""category1"": ""여성의류"", ""category2"": ""상의"", ""category3"": ""긴소매 티셔츠"", ""category3_code"": 268103102, ""is_new"": true, ""item_no"": 4099050, ""period_sort"": ""ONE_DAY"", ""platform"": ""29cm"", ""ranking_category_code"": ""268103100"", ""ranking_category_name"": ""여성의류>상의"", ""review_avg"": 5.0, ""sale_percent"": 10, ""sale_price"": 49500, ""sold_out"": false, ""url"": ""https://product.29cm.co.kr/catalog/4099050""}",2026-09-06T08:07:14+00:00_6caed517
2026-09-06T17:07:00+09:00,2026-09-06T08:07:15+00:00,commerce_rank,"RAGLAN LONG SLEEVE, BLUE",29cm:4099050,review_count,6.0,"{""brand_eng"": ""PLZPROJECT"", ""brand_kor"": ""플리즈프로젝트"", ""brand_no"": 18645, ""category1"": ""여성의류"", ""category2"": ""상의"", ""category3"": ""긴소매 티셔츠"", ""category3_code"": 268103102, ""is_new"": true, ""item_no"": 4099050, ""period_sort"": ""ONE_DAY"", ""platform"": ""29cm"", ""ranking_category_code"": ""268103100"", ""ranking_category_name"": ""여성의류>상의"", ""review_avg"": 5.0, ""sale_percent"": 10, ""sale_price"": 49500, ""sold_out"": false, ""url"": ""https://product.29cm.co.kr/catalog/4099050""}",2026-09-06T08:07:14+00:00_6caed517
2026-09-06T17:07:00+09:00,2026-09-06T08:07:15+00:00,commerce_rank,"RAGLAN LONG SLEEVE, BLUE",29cm:4099050@268103100,rank,70.0,"{""brand_eng"": ""PLZPROJECT"", ""brand_kor"": ""플리즈프로젝트"", ""brand_no"": 18645, ""category1"": ""여성의류"", ""category2"": ""상의"", ""category3"": ""긴소매 티셔츠"", ""category3_code"": 268103102, ""is_new"": true, ""item_no"": 4099050, ""period_sort"": ""ONE_DAY"", ""platform"": ""29cm"", ""ranking_category_code"": ""268103100"", ""ranking_category_name"": ""여성의류>상의"", ""review_avg"": 5.0, ""sale_percent"": 10, ""sale_price"": 49500, ""sold_out"": false, ""url"": ""https://product.29cm.co.kr/catalog/4099050""}",2026-09-06T08:07:14+00:00_6caed517
2026-09-06T17:07:00+09:00,2026-09-06T08:07:16+00:00,commerce_rank,THERMAL HENLEY NECK L.S T-SHIRTS (3 COLORS),29cm:4108547,heart_count,123.0,"{""brand_eng"": ""EASTLOGUE PERMANENT"", ""brand_kor"": ""이스트로그 퍼머넌트"", ""brand_no"": 9323, ""category1"": ""남성의류"", ""category2"": ""상의"", ""category3"": ""긴소매 티셔츠"", ""category3_code"": 272103102, ""is_new"": false, ""item_no"": 4108547, ""period_sort"": ""ONE_DAY"", ""platform"": ""29cm"", ""ranking_category_code"": ""272103100"", ""ranking_category_name"": ""남성의류>상의"", ""review_avg"": 0.0, ""sale_percent"": 28, ""sale_price"": 63580, ""sold_out"": false, ""url"": ""https://product.29cm.co.kr/catalog/4108547""}",2026-09-06T08:07:14+00:00_6caed517
2026-09-06T17:07:00+09:00,2026-09-06T08:07:16+00:00,commerce_rank,THERMAL HENLEY NECK L.S T-SHIRTS (3 COLORS),29cm:4108547,review_count,0.0,"{""brand_eng"": ""EASTLOGUE PERMANENT"", ""brand_kor"": ""이스트로그 퍼머넌트"", ""brand_no"": 9323, ""category1"": ""남성의류"", ""category2"": ""상의"", ""category3"": ""긴소매 티셔츠"", ""category3_code"": 272103102, ""is_new"": false, ""item_no"": 4108547, ""period_sort"": ""ONE_DAY"", ""platform"": ""29cm"", ""ranking_category_code"": ""272103100"", ""ranking_category_name"": ""남성의류>상의"", ""review_avg"": 0.0, ""sale_percent"": 28, ""sale_price"": 63580, ""sold_out"": false, ""url"": ""https://product.29cm.co.kr/catalog/4108547""}",2026-09-06T08:07:14+00:00_6caed517
2026-09-06T17:07:00+09:00,2026-09-06T08:07:16+00:00,commerce_rank,THERMAL HENLEY NECK L.S T-SHIRTS (3 COLORS),29cm:4108547@272103100,rank,14.0,"{""brand_eng"": ""EASTLOGUE PERMANENT"", ""brand_kor"": ""이스트로그 퍼머넌트"", ""brand_no"": 9323, ""category1"": ""남성의류"", ""category2"": ""상의"", ""category3"": ""긴소매 티셔츠"", ""category3_code"": 272103102, ""is_new"": false, ""item_no"": 4108547, ""period_sort"": ""ONE_DAY"", ""platform"": ""29cm"", ""ranking_category_code"": ""272103100"", ""ranking_category_name"": ""남성의류>상의"", ""review_avg"": 0.0, ""sale_percent"": 28, ""sale_price"": 63580, ""sold_out"": false, ""url"": ""https://product.29cm.co.kr/catalog/4108547""}",2026-09-06T08:07:14+00:00_6caed517
2026-09-06T17:07:00+09:00,2026-09-06T08:07:15+00:00,commerce_rank,HENRY LAYERED MODAL TEE [TIFA04LT09]_Butter,29cm:4110853,heart_count,1019.0,"{""brand_eng"": ""TILLIDIE"", ""brand_kor"": ""틸아이다이"", ""brand_no"": 3421, ""category1"": ""여성의류"", ""category2"": ""상의"", ""category3"": ""긴소매 티셔츠"", ""category3_code"": 268103102, ""is_new"": false, ""item_no"": 4110853, ""period_sort"": ""ONE_DAY"", ""platform"": ""29cm"", ""ranking_category_code"": ""268103100"", ""ranking_category_name"": ""여성의류>상의"", ""review_avg"": 5.0, ""sale_percent"": 22, ""sale_price"": 54030, ""sold_out"": false, ""url"": ""https://product.29cm.co.kr/catalog/4110853""}",2026-09-06T08:07:14+00:00_6caed517
2026-09-06T17:07:00+09:00,2026-09-06T08:07:15+00:00,commerce_rank,HENRY LAYERED MODAL TEE [TIFA04LT09]_Butter,29cm:4110853,review_count,5.0,"{""brand_eng"": ""TILLIDIE"", ""brand_kor"": ""틸아이다이"", ""brand_no"": 3421, ""category1"": ""여성의류"", ""category2"": ""상의"", ""category3"": ""긴소매 티셔츠"", ""category3_code"": 268103102, ""is_new"": false, ""item_no"": 4110853, ""period_sort"": ""ONE_DAY"", ""platform"": ""29cm"", ""ranking_category_code"": ""268103100"", ""ranking_category_name"": ""여성의류>상의"", ""review_avg"": 5.0, ""sale_percent"": 22, ""sale_price"": 54030, ""sold_out"": false, ""url"": ""https://product.29cm.co.kr/catalog/4110853""}",2026-09-06T08:07:14+00:00_6caed517
2026-09-06T17:07:00+09:00,2026-09-06T08:07:15+00:00,commerce_rank,HENRY LAYERED MODAL TEE [TIFA04LT09]_Butter,29cm:4110853@268103100,rank,45.0,"{""brand_eng"": ""TILLIDIE"", ""brand_kor"": ""틸아이다이"", ""brand_no"": 3421, ""category1"": ""여성의류"", ""category2"": ""상의"", ""category3"": ""긴소매 티셔츠"", ""category3_code"": 268103102, ""is_new"": false, ""item_no"": 4110853, ""period_sort"": ""ONE_DAY"", ""platform"": ""29cm"", ""ranking_category_code"": ""268103100"", ""ranking_category_name"": ""여성의류>상의"", ""review_avg"": 5.0, ""sale_percent"": 22, ""sale_price"": 54030, ""sold_out"": false, ""url"": ""https://product.29cm.co.kr/catalog/4110853""}",2026-09-06T08:07:14+00:00_6caed517
2026-09-06T17:07:00+09:00,2026-09-06T08:07:16+00:00,commerce_rank,THERMAL HENLEY NECK L.S T-SHIRTS / OATMEAL,29cm:4111014,heart_count,45.0,"{""brand_eng"": ""EASTLOGUE PERMANENT"", ""brand_kor"": ""이스트로그 퍼머넌트"", ""brand_no"": 9323, ""category1"": ""남성의류"", ""category2"": ""상의"", ""category3"": ""긴소매 티셔츠"", ""category3_code"": 272103102, ""is_new"": false, ""item_no"": 4111014, ""period_sort"": ""ONE_DAY"", ""platform"": ""29cm"", ""ranking_category_code"": ""272103100"", ""ranking_category_name"": ""남성의류>상의"", ""review_avg"": 0.0, ""sale_percent"": 24, ""sale_price"": 67320, ""sold_out"": false, ""url"": ""https://product.29cm.co.kr/catalog/4111014""}",2026-09-06T08:07:14+00:00_6caed517
2026-09-06T17:07:00+09:00,2026-09-06T08:07:16+00:00,commerce_rank,THERMAL HENLEY NECK L.S T-SHIRTS / OATMEAL,29cm:4111014,review_count,0.0,"{""brand_eng"": ""EASTLOGUE PERMANENT"", ""brand_kor"": ""이스트로그 퍼머넌트"", ""brand_no"": 9323, ""category1"": ""남성의류"", ""category2"": ""상의"", ""category3"": ""긴소매 티셔츠"", ""category3_code"": 272103102, ""is_new"": false, ""item_no"": 4111014, ""period_sort"": ""ONE_DAY"", ""platform"": ""29cm"", ""ranking_category_code"": ""272103100"", ""ranking_category_name"": ""남성의류>상의"", ""review_avg"": 0.0, ""sale_percent"": 24, ""sale_price"": 67320, ""sold_out"": false, ""url"": ""https://product.29cm.co.kr/catalog/4111014""}",2026-09-06T08:07:14+00:00_6caed517
2026-09-06T17:07:00+09:00,2026-09-06T08:07:16+00:00,commerce_rank,THERMAL HENLEY NECK L.S T-SHIRTS / OATMEAL,29cm:4111014@272103100,rank,43.0,"{""brand_eng"": ""EASTLOGUE PERMANENT"", ""brand_kor"": ""이스트로그 퍼머넌트"", ""brand_no"": 9323, ""category1"": ""남성의류"", ""category2"": ""상의"", ""category3"": ""긴소매 티셔츠"", ""category3_code"": 272103102, ""is_new"": false, ""item_no"": 4111014, ""period_sort"": ""ONE_DAY"", ""platform"": ""29cm"", ""ranking_category_code"": ""272103100"", ""ranking_category_name"": ""남성의류>상의"", ""review_avg"": 0.0, ""sale_percent"": 24, ""sale_price"": 67320, ""sold_out"": false, ""url"": ""https://product.29cm.co.kr/catalog/4111014""}",2026-09-06T08:07:14+00:00_6caed517
2026-09-06T17:07:00+09:00,2026-09-06T08:07:15+00:00,commerce_rank,[지나정PICK][29CM 단독] 제인 루즈핏 슬럽 티셔츠 (3col)_2GFUTS06,29cm:4112616,heart_count,830.0,"{""brand_eng"": ""AND YOU"", ""brand_kor"": ""앤유"", ""brand_no"": 56043, ""category1"": ""여성의류"", ""category2"": ""상의"", ""category3"": ""긴소매 티셔츠"", ""category3_code"": 268103102, ""is_new"": false, ""item_no"": 4112616, ""period_sort"": ""ONE_DAY"", ""platform"": ""29cm"", ""ranking_category_code"": ""268103100"", ""ranking_category_name"": ""여성의류>상의"", ""review_avg"": 0.0, ""sale_percent"": 10, ""sale_price"": 61200, ""sold_out"": false, ""url"": ""https://product.29cm.co.kr/catalog/4112616""}",2026-09-06T08:07:14+00:00_6caed517
2026-09-06T17:07:00+09:00,2026-09-06T08:07:15+00:00,commerce_rank,[지나정PICK][29CM 단독] 제인 루즈핏 슬럽 티셔츠 (3col)_2GFUTS06,29cm:4112616,review_count,0.0,"{""brand_eng"": ""AND YOU"", ""brand_kor"": ""앤유"", ""brand_no"": 56043, ""category1"": ""여성의류"", ""category2"": ""상의"", ""category3"": ""긴소매 티셔츠"", ""category3_code"": 268103102, ""is_new"": false, ""item_no"": 4112616, ""period_sort"": ""ONE_DAY"", ""platform"": ""29cm"", ""ranking_category_code"": ""268103100"", ""ranking_category_name"": ""여성의류>상의"", ""review_avg"": 0.0, ""sale_percent"": 10, ""sale_price"": 61200, ""sold_out"": false, ""url"": ""https://product.29cm.co.kr/catalog/4112616""}",2026-09-06T08:07:14+00:00_6caed517
2026-09-06T17:07:00+09:00,2026-09-06T08:07:15+00:00,commerce_rank,[지나정PICK][29CM 단독] 제인 루즈핏 슬럽 티셔츠 (3col)_2GFUTS06,29cm:4112616@268103100,rank,52.0,"{""brand_eng"": ""AND YOU"", ""brand_kor"": ""앤유"", ""brand_no"": 56043, ""category1"": ""여성의류"", ""category2"": ""상의"", ""category3"": ""긴소매 티셔츠"", ""category3_code"": 268103102, ""is_new"": false, ""item_no"": 4112616, ""period_sort"": ""ONE_DAY"", ""platform"": ""29cm"", ""ranking_category_code"": ""268103100"", ""ranking_category_name"": ""여성의류>상의"", ""review_avg"": 0.0, ""sale_percent"": 10, ""sale_price"": 61200, ""sold_out"": false, ""url"": ""https://product.29cm.co.kr/catalog/4112616""}",2026-09-06T08:07:14+00:00_6caed517
2026-09-06T17:07:00+09:00,2026-09-06T08:07:15+00:00,commerce_rank,[묵화 PICK] [2 PACK]Essential Tencel Long Sleeve&Angora Half Tee,29cm:4115172,heart_count,365.0,"{""brand_eng"": ""BITTERCELLS"", ""brand_kor"": ""비터셀즈"", ""brand_no"": 15063, ""category1"": ""여성의류"", ""category2"": ""상의"", ""category3"": ""긴소매 티셔츠"", ""category3_code"": 268103102, ""is_new"": false, ""item_no"": 4115172, ""period_sort"": ""ONE_DAY"", ""platform"": ""29cm"", ""ranking_category_code"": ""268103100"", ""ranking_category_name"": ""여성의류>상의"", ""review_avg"": 4.5, ""sale_percent"": 28, ""sale_price"": 49860, ""sold_out"": false, ""url"": ""https://product.29cm.co.kr/catalog/4115172""}",2026-09-06T08:07:14+00:00_6caed517
2026-09-06T17:07:00+09:00,2026-09-06T08:07:15+00:00,commerce_rank,[묵화 PICK] [2 PACK]Essential Tencel Long Sleeve&Angora Half Tee,29cm:4115172,review_count,3.0,"{""brand_eng"": ""BITTERCELLS"", ""brand_kor"": ""비터셀즈"", ""brand_no"": 15063, ""category1"": ""여성의류"", ""category2"": ""상의"", ""category3"": ""긴소매 티셔츠"", ""category3_code"": 268103102, ""is_new"": false, ""item_no"": 4115172, ""period_sort"": ""ONE_DAY"", ""platform"": ""29cm"", ""ranking_category_code"": ""268103100"", ""ranking_category_name"": ""여성의류>상의"", ""review_avg"": 4.5, ""sale_percent"": 28, ""sale_price"": 49860, ""sold_out"": false, ""url"": ""https://product.29cm.co.kr/catalog/4115172""}",2026-09-06T08:07:14+00:00_6caed517
2026-09-06T17:07:00+09:00,2026-09-06T08:07:15+00:00,commerce_rank,[묵화 PICK] [2 PACK]Essential Tencel Long Sleeve&Angora Half Tee,29cm:4115172@268103100,rank,94.0,"{""brand_eng"": ""BITTERCELLS"", ""brand_kor"": ""비터셀즈"", ""brand_no"": 15063, ""category1"": ""여성의류"", ""category2"": ""상의"", ""category3"": ""긴소매 티셔츠"", ""category3_code"": 268103102, ""is_new"": false, ""item_no"": 4115172, ""period_sort"": ""ONE_DAY"", ""platform"": ""29cm"", ""ranking_category_code"": ""268103100"", ""ranking_category_name"": ""여성의류>상의"", ""review_avg"": 4.5, ""sale_percent"": 28, ""sale_price"": 49860, ""sold_out"": false, ""url"": ""https://product.29cm.co.kr/catalog/4115172""}",2026-09-06T08:07:14+00:00_6caed517
2026-09-06T17:07:00+09:00,2026-09-06T08:07:16+00:00,commerce_rank,Ribbed Long Sleeve Henley Shirt Olive Brown,29cm:4117022,heart_count,60.0,"{""brand_eng"": ""BRONSON"", ""brand_kor"": ""브론슨"", ""brand_no"": 89408, ""category1"": ""여성의류"", ""category2"": ""상의"", ""category3"": ""긴소매 티셔츠"", ""category3_code"": 268103102, ""is_new"": false, ""item_no"": 4117022, ""period_sort"": ""ONE_DAY"", ""platform"": ""29cm"", ""ranking_category_code"": ""272103100"", ""ranking_category_name"": ""남성의류>상의"", ""review_avg"": 5.0, ""sale_percent"": 15, ""sale_price"": 67150, ""sold_out"": false, ""url"": ""https://product.29cm.co.kr/catalog/4117022""}",2026-09-06T08:07:14+00:00_6caed517
2026-09-06T17:07:00+09:00,2026-09-06T08:07:16+00:00,commerce_rank,Ribbed Long Sleeve Henley Shirt Olive Brown,29cm:4117022,review_count,1.0,"{""brand_eng"": ""BRONSON"", ""brand_kor"": ""브론슨"", ""brand_no"": 89408, ""category1"": ""여성의류"", ""category2"": ""상의"", ""category3"": ""긴소매 티셔츠"", ""category3_code"": 268103102, ""is_new"": false, ""item_no"": 4117022, ""period_sort"": ""ONE_DAY"", ""platform"": ""29cm"", ""ranking_category_code"": ""272103100"", ""ranking_category_name"": ""남성의류>상의"", ""review_avg"": 5.0, ""sale_percent"": 15, ""sale_price"": 67150, ""sold_out"": false, ""url"": ""https://product.29cm.co.kr/catalog/4117022""}",2026-09-06T08:07:14+00:00_6caed517
2026-09-06T17:07:00+09:00,2026-09-06T08:07:16+00:00,commerce_rank,Ribbed Long Sleeve Henley Shirt Olive Brown,29cm:4117022@272103100,rank,76.0,"{""brand_eng"": ""BRONSON"", ""brand_kor"": ""브론슨"", ""brand_no"": 89408, ""category1"": ""여성의류"", ""category2"": ""상의"", ""category3"": ""긴소매 티셔츠"", ""category3_code"": 268103102, ""is_new"": false, ""item_no"": 4117022, ""period_sort"": ""ONE_DAY"", ""platform"": ""29cm"", ""ranking_category_code"": ""272103100"", ""ranking_category_name"": ""남성의류>상의"", ""review_avg"": 5.0, ""sale_percent"": 15, ""sale_price"": 67150, ""sold_out"": false, ""url"": ""https://product.29cm.co.kr/catalog/4117022""}",2026-09-06T08:07:14+00:00_6caed517
2026-09-06T17:07:00+09:00,2026-09-06T08:07:15+00:00,commerce_rank,Daily Soft Slim Raglan Tee_CTT3039(3color),29cm:4117309,heart_count,5796.0,"{""brand_eng"": ""CITTA"", ""brand_kor"": ""씨타"", ""brand_no"": 71833, ""category1"": ""여성의류"", ""category2"": ""상의"", ""category3"": ""긴소매 티셔츠"", ""category3_code"": 268103102, ""is_new"": false, ""item_no"": 4117309, ""period_sort"": ""ONE_DAY"", ""platform"": ""29cm"", ""ranking_category_code"": ""268103100"", ""ranking_category_name"": ""여성의류>상의"", ""review_avg"": 5.0, ""sale_percent"": 21, ""sale_price"": 35640, ""sold_out"": false, ""url"": ""https://product.29cm.co.kr/catalog/4117309""}",2026-09-06T08:07:14+00:00_6caed517
2026-09-06T17:07:00+09:00,2026-09-06T08:07:15+00:00,commerce_rank,Daily Soft Slim Raglan Tee_CTT3039(3color),29cm:4117309,review_count,7.0,"{""brand_eng"": ""CITTA"", ""brand_kor"": ""씨타"", ""brand_no"": 71833, ""category1"": ""여성의류"", ""category2"": ""상의"", ""category3"": ""긴소매 티셔츠"", ""category3_code"": 268103102, ""is_new"": false, ""item_no"": 4117309, ""period_sort"": ""ONE_DAY"", ""platform"": ""29cm"", ""ranking_category_code"": ""268103100"", ""ranking_category_name"": ""여성의류>상의"", ""review_avg"": 5.0, ""sale_percent"": 21, ""sale_price"": 35640, ""sold_out"": false, ""url"": ""https://product.29cm.co.kr/catalog/4117309""}",2026-09-06T08:07:14+00:00_6caed517
2026-09-06T17:07:00+09:00,2026-09-06T08:07:15+00:00,commerce_rank,Daily Soft Slim Raglan Tee_CTT3039(3color),29cm:4117309@268103100,rank,8.0,"{""brand_eng"": ""CITTA"", ""brand_kor"": ""씨타"", ""brand_no"": 71833, ""category1"": ""여성의류"", ""category2"": ""상의"", ""category3"": ""긴소매 티셔츠"", ""category3_code"": 268103102, ""is_new"": false, ""item_no"": 4117309, ""period_sort"": ""ONE_DAY"", ""platform"": ""29cm"", ""ranking_category_code"": ""268103100"", ""ranking_category_name"": ""여성의류>상의"", ""review_avg"": 5.0, ""sale_percent"": 21, ""sale_price"": 35640, ""sold_out"": false, ""url"": ""https://product.29cm.co.kr/catalog/4117309""}",2026-09-06T08:07:14+00:00_6caed517
2026-09-06T17:07:00+09:00,2026-09-06T08:07:16+00:00,commerce_rank,스웻 크롭 반집업_5Color,29cm:4118913,heart_count,262.0,"{""brand_eng"": ""MOODINSIDE"", ""brand_kor"": ""무드인사이드"", ""brand_no"": 98995, ""category1"": ""남성의류"", ""category2"": ""상의"", ""category3"": ""스웨트셔츠"", ""category3_code"": 272103107, ""is_new"": false, ""item_no"": 4118913, ""period_sort"": ""ONE_DAY"", ""platform"": ""29cm"", ""ranking_category_code"": ""272103100"", ""ranking_category_name"": ""남성의류>상의"", ""review_avg"": 0.0, ""sale_percent"": 50, ""sale_price"": 59420, ""sold_out"": false, ""url"": ""https://product.29cm.co.kr/catalog/4118913""}",2026-09-06T08:07:14+00:00_6caed517
2026-09-06T17:07:00+09:00,2026-09-06T08:07:16+00:00,commerce_rank,스웻 크롭 반집업_5Color,29cm:4118913,review_count,0.0,"{""brand_eng"": ""MOODINSIDE"", ""brand_kor"": ""무드인사이드"", ""brand_no"": 98995, ""category1"": ""남성의류"", ""category2"": ""상의"", ""category3"": ""스웨트셔츠"", ""category3_code"": 272103107, ""is_new"": false, ""item_no"": 4118913, ""period_sort"": ""ONE_DAY"", ""platform"": ""29cm"", ""ranking_category_code"": ""272103100"", ""ranking_category_name"": ""남성의류>상의"", ""review_avg"": 0.0, ""sale_percent"": 50, ""sale_price"": 59420, ""sold_out"": false, ""url"": ""https://product.29cm.co.kr/catalog/4118913""}",2026-09-06T08:07:14+00:00_6caed517
2026-09-06T17:07:00+09:00,2026-09-06T08:07:16+00:00,commerce_rank,스웻 크롭 반집업_5Color,29cm:4118913@272103100,rank,75.0,"{""brand_eng"": ""MOODINSIDE"", ""brand_kor"": ""무드인사이드"", ""brand_no"": 98995, ""category1"": ""남성의류"", ""category2"": ""상의"", ""category3"": ""스웨트셔츠"", ""category3_code"": 272103107, ""is_new"": false, ""item_no"": 4118913, ""period_sort"": ""ONE_DAY"", ""platform"": ""29cm"", ""ranking_category_code"": ""272103100"", ""ranking_category_name"": ""남성의류>상의"", ""review_avg"": 0.0, ""sale_percent"": 50, ""sale_price"": 59420, ""sold_out"": false, ""url"": ""https://product.29cm.co.kr/catalog/4118913""}",2026-09-06T08:07:14+00:00_6caed517
2026-09-06T17:07:00+09:00,2026-09-06T08:07:16+00:00,commerce_rank,[COUTURE]블랙 데님 라이크 오버핏 긴팔 셔츠 M1WS6177,29cm:4119142,heart_count,1.0,"{""brand_eng"": ""MIND BRIDGE MEN"", ""brand_kor"": ""마인드브릿지 맨"", ""brand_no"": 9564, ""category1"": ""남성의류"", ""category2"": ""상의"", ""category3"": ""긴소매 셔츠"", ""category3_code"": 272103106, ""is_new"": false, ""item_no"": 4119142, ""period_sort"": ""ONE_DAY"", ""platform"": ""29cm"", ""ranking_category_code"": ""272103100"", ""ranking_category_name"": ""남성의류>상의"", ""review_avg"": 0.0, ""sale_percent"": 19, ""sale_price"": 72810, ""sold_out"": false, ""url"": ""https://product.29cm.co.kr/catalog/4119142""}",2026-09-06T08:07:14+00:00_6caed517
2026-09-06T17:07:00+09:00,2026-09-06T08:07:16+00:00,commerce_rank,[COUTURE]블랙 데님 라이크 오버핏 긴팔 셔츠 M1WS6177,29cm:4119142,review_count,0.0,"{""brand_eng"": ""MIND BRIDGE MEN"", ""brand_kor"": ""마인드브릿지 맨"", ""brand_no"": 9564, ""category1"": ""남성의류"", ""category2"": ""상의"", ""category3"": ""긴소매 셔츠"", ""category3_code"": 272103106, ""is_new"": false, ""item_no"": 4119142, ""period_sort"": ""ONE_DAY"", ""platform"": ""29cm"", ""ranking_category_code"": ""272103100"", ""ranking_category_name"": ""남성의류>상의"", ""review_avg"": 0.0, ""sale_percent"": 19, ""sale_price"": 72810, ""sold_out"": false, ""url"": ""https://product.29cm.co.kr/catalog/4119142""}",2026-09-06T08:07:14+00:00_6caed517
2026-09-06T17:07:00+09:00,2026-09-06T08:07:16+00:00,commerce_rank,[COUTURE]블랙 데님 라이크 오버핏 긴팔 셔츠 M1WS6177,29cm:4119142@272103100,rank,93.0,"{""brand_eng"": ""MIND BRIDGE MEN"", ""brand_kor"": ""마인드브릿지 맨"", ""brand_no"": 9564, ""category1"": ""남성의류"", ""category2"": ""상의"", ""category3"": ""긴소매 셔츠"", ""category3_code"": 272103106, ""is_new"": false, ""item_no"": 4119142, ""period_sort"": ""ONE_DAY"", ""platform"": ""29cm"", ""ranking_category_code"": ""272103100"", ""ranking_category_name"": ""남성의류>상의"", ""review_avg"": 0.0, ""sale_percent"": 19, ""sale_price"": 72810, ""sold_out"": false, ""url"": ""https://product.29cm.co.kr/catalog/4119142""}",2026-09-06T08:07:14+00:00_6caed517
2026-09-06T17:07:00+09:00,2026-09-06T08:07:15+00:00,commerce_rank,[3rd_9/18 예약배송] Marc waffle t-shirt_Navy&grey,29cm:4120280,heart_count,2721.0,"{""brand_eng"": ""Tekto"", ""brand_kor"": ""텍토"", ""brand_no"": 75938, ""category1"": ""여성의류"", ""category2"": ""상의"", ""category3"": ""긴소매 티셔츠"", ""category3_code"": 268103102, ""is_new"": false, ""item_no"": 4120280, ""period_sort"": ""ONE_DAY"", ""platform"": ""29cm"", ""ranking_category_code"": ""268103100"", ""ranking_category_name"": ""여성의류>상의"", ""review_avg"": 0.0, ""sale_percent"": 14, ""sale_price"": 64130, ""sold_out"": false, ""url"": ""https://product.29cm.co.kr/catalog/4120280""}",2026-09-06T08:07:14+00:00_6caed517
2026-09-06T17:07:00+09:00,2026-09-06T08:07:15+00:00,commerce_rank,[3rd_9/18 예약배송] Marc waffle t-shirt_Navy&grey,29cm:4120280,review_count,0.0,"{""brand_eng"": ""Tekto"", ""brand_kor"": ""텍토"", ""brand_no"": 75938, ""category1"": ""여성의류"", ""category2"": ""상의"", ""category3"": ""긴소매 티셔츠"", ""category3_code"": 268103102, ""is_new"": false, ""item_no"": 4120280, ""period_sort"": ""ONE_DAY"", ""platform"": ""29cm"", ""ranking_category_code"": ""268103100"", ""ranking_category_name"": ""여성의류>상의"", ""review_avg"": 0.0, ""sale_percent"": 14, ""sale_price"": 64130, ""sold_out"": false, ""url"": ""https://product.29cm.co.kr/catalog/4120280""}",2026-09-06T08:07:14+00:00_6caed517
2026-09-06T17:07:00+09:00,2026-09-06T08:07:15+00:00,commerce_rank,[3rd_9/18 예약배송] Marc waffle t-shirt_Navy&grey,29cm:4120280@268103100,rank,15.0,"{""brand_eng"": ""Tekto"", ""brand_kor"": ""텍토"", ""brand_no"": 75938, ""category1"": ""여성의류"", ""category2"": ""상의"", ""category3"": ""긴소매 티셔츠"", ""category3_code"": 268103102, ""is_new"": false, ""item_no"": 4120280, ""period_sort"": ""ONE_DAY"", ""platform"": ""29cm"", ""ranking_category_code"": ""268103100"", ""ranking_category_name"": ""여성의류>상의"", ""review_avg"": 0.0, ""sale_percent"": 14, ""sale_price"": 64130, ""sold_out"": false, ""url"": ""https://product.29cm.co.kr/catalog/4120280""}",2026-09-06T08:07:14+00:00_6caed517
2026-09-06T17:07:00+09:00,2026-09-06T08:07:15+00:00,commerce_rank,Hines deep v-neck sweatshirt - Purple,29cm:4120936,heart_count,1366.0,"{""brand_eng"": ""APPAREL ARCHIVE"", ""brand_kor"": ""어패럴아카이브"", ""brand_no"": 98593, ""category1"": ""남성의류"", ""category2"": ""상의"", ""category3"": ""스웨트셔츠"", ""category3_code"": 272103107, ""is_new"": false, ""item_no"": 4120936, ""period_sort"": ""ONE_DAY"", ""platform"": ""29cm"", ""ranking_category_code"": ""268103100"", ""ranking_category_name"": ""여성의류>상의"", ""review_avg"": 5.0, ""sale_percent"": 19, ""sale_price"": 63990, ""sold_out"": false, ""url"": ""https://product.29cm.co.kr/catalog/4120936""}",2026-09-06T08:07:14+00:00_6caed517
2026-09-06T17:07:00+09:00,2026-09-06T08:07:15+00:00,commerce_rank,Hines deep v-neck sweatshirt - Purple,29cm:4120936,review_count,1.0,"{""brand_eng"": ""APPAREL ARCHIVE"", ""brand_kor"": ""어패럴아카이브"", ""brand_no"": 98593, ""category1"": ""남성의류"", ""category2"": ""상의"", ""category3"": ""스웨트셔츠"", ""category3_code"": 272103107, ""is_new"": false, ""item_no"": 4120936, ""period_sort"": ""ONE_DAY"", ""platform"": ""29cm"", ""ranking_category_code"": ""268103100"", ""ranking_category_name"": ""여성의류>상의"", ""review_avg"": 5.0, ""sale_percent"": 19, ""sale_price"": 63990, ""sold_out"": false, ""url"": ""https://product.29cm.co.kr/catalog/4120936""}",2026-09-06T08:07:14+00:00_6caed517
2026-09-06T17:07:00+09:00,2026-09-06T08:07:15+00:00,commerce_rank,Hines deep v-neck sweatshirt - Purple,29cm:4120936@268103100,rank,22.0,"{""brand_eng"": ""APPAREL ARCHIVE"", ""brand_kor"": ""어패럴아카이브"", ""brand_no"": 98593, ""category1"": ""남성의류"", ""category2"": ""상의"", ""category3"": ""스웨트셔츠"", ""category3_code"": 272103107, ""is_new"": false, ""item_no"": 4120936, ""period_sort"": ""ONE_DAY"", ""platform"": ""29cm"", ""ranking_category_code"": ""268103100"", ""ranking_category_name"": ""여성의류>상의"", ""review_avg"": 5.0, ""sale_percent"": 19, ""sale_price"": 63990, ""sold_out"": false, ""url"": ""https://product.29cm.co.kr/catalog/4120936""}",2026-09-06T08:07:14+00:00_6caed517
2026-09-06T17:07:00+09:00,2026-09-06T08:07:15+00:00,commerce_rank,"ARU LOGO PATCH STRIPE SWEATSHIRT, RED",29cm:4125016,heart_count,536.0,"{""brand_eng"": ""AREYOU SEOUL"", ""brand_kor"": ""아유서울"", ""brand_no"": 49275, ""category1"": ""여성의류"", ""category2"": ""상의"", ""category3"": ""스웨트셔츠"", ""category3_code"": 268103104, ""is_new"": false, ""item_no"": 4125016, ""period_sort"": ""ONE_DAY"", ""platform"": ""29cm"", ""ranking_category_code"": ""268103100"", ""ranking_category_name"": ""여성의류>상의"", ""review_avg"": 5.0, ""sale_percent"": 10, ""sale_price"": 103500, ""sold_out"": true, ""url"": ""https://product.29cm.co.kr/catalog/4125016""}",2026-09-06T08:07:14+00:00_6caed517
2026-09-06T17:07:00+09:00,2026-09-06T08:07:15+00:00,commerce_rank,"ARU LOGO PATCH STRIPE SWEATSHIRT, RED",29cm:4125016,review_count,2.0,"{""brand_eng"": ""AREYOU SEOUL"", ""brand_kor"": ""아유서울"", ""brand_no"": 49275, ""category1"": ""여성의류"", ""category2"": ""상의"", ""category3"": ""스웨트셔츠"", ""category3_code"": 268103104, ""is_new"": false, ""item_no"": 4125016, ""period_sort"": ""ONE_DAY"", ""platform"": ""29cm"", ""ranking_category_code"": ""268103100"", ""ranking_category_name"": ""여성의류>상의"", ""review_avg"": 5.0, ""sale_percent"": 10, ""sale_price"": 103500, ""sold_out"": true, ""url"": ""https://product.29cm.co.kr/catalog/4125016""}",2026-09-06T08:07:14+00:00_6caed517
2026-09-06T17:07:00+09:00,2026-09-06T08:07:15+00:00,commerce_rank,"ARU LOGO PATCH STRIPE SWEATSHIRT, RED",29cm:4125016@268103100,rank,85.0,"{""brand_eng"": ""AREYOU SEOUL"", ""brand_kor"": ""아유서울"", ""brand_no"": 49275, ""category1"": ""여성의류"", ""category2"": ""상의"", ""category3"": ""스웨트셔츠"", ""category3_code"": 268103104, ""is_new"": false, ""item_no"": 4125016, ""period_sort"": ""ONE_DAY"", ""platform"": ""29cm"", ""ranking_category_code"": ""268103100"", ""ranking_category_name"": ""여성의류>상의"", ""review_avg"": 5.0, ""sale_percent"": 10, ""sale_price"": 103500, ""sold_out"": true, ""url"": ""https://product.29cm.co.kr/catalog/4125016""}",2026-09-06T08:07:14+00:00_6caed517
2026-09-06T17:07:00+09:00,2026-09-06T08:07:15+00:00,commerce_rank,"ARU LOGO PATCH STRIPE SWEATSHIRT, MELANGE GREY",29cm:4125017,heart_count,666.0,"{""brand_eng"": ""AREYOU SEOUL"", ""brand_kor"": ""아유서울"", ""brand_no"": 49275, ""category1"": ""여성의류"", ""category2"": ""상의"", ""category3"": ""스웨트셔츠"", ""category3_code"": 268103104, ""is_new"": false, ""item_no"": 4125017, ""period_sort"": ""ONE_DAY"", ""platform"": ""29cm"", ""ranking_category_code"": ""268103100"", ""ranking_category_name"": ""여성의류>상의"", ""review_avg"": 5.0, ""sale_percent"": 10, ""sale_price"": 103500, ""sold_out"": false, ""url"": ""https://product.29cm.co.kr/catalog/4125017""}",2026-09-06T08:07:14+00:00_6caed517
2026-09-06T17:07:00+09:00,2026-09-06T08:07:15+00:00,commerce_rank,"ARU LOGO PATCH STRIPE SWEATSHIRT, MELANGE GREY",29cm:4125017,review_count,3.0,"{""brand_eng"": ""AREYOU SEOUL"", ""brand_kor"": ""아유서울"", ""brand_no"": 49275, ""category1"": ""여성의류"", ""category2"": ""상의"", ""category3"": ""스웨트셔츠"", ""category3_code"": 268103104, ""is_new"": false, ""item_no"": 4125017, ""period_sort"": ""ONE_DAY"", ""platform"": ""29cm"", ""ranking_category_code"": ""268103100"", ""ranking_category_name"": ""여성의류>상의"", ""review_avg"": 5.0, ""sale_percent"": 10, ""sale_price"": 103500, ""sold_out"": false, ""url"": ""https://product.29cm.co.kr/catalog/4125017""}",2026-09-06T08:07:14+00:00_6caed517
2026-09-06T17:07:00+09:00,2026-09-06T08:07:15+00:00,commerce_rank,"ARU LOGO PATCH STRIPE SWEATSHIRT, MELANGE GREY",29cm:4125017@268103100,rank,36.0,"{""brand_eng"": ""AREYOU SEOUL"", ""brand_kor"": ""아유서울"", ""brand_no"": 49275, ""category1"": ""여성의류"", ""category2"": ""상의"", ""category3"": ""스웨트셔츠"", ""category3_code"": 268103104, ""is_new"": false, ""item_no"": 4125017, ""period_sort"": ""ONE_DAY"", ""platform"": ""29cm"", ""ranking_category_code"": ""268103100"", ""ranking_category_name"": ""여성의류>상의"", ""review_avg"": 5.0, ""sale_percent"": 10, ""sale_price"": 103500, ""sold_out"": false, ""url"": ""https://product.29cm.co.kr/catalog/4125017""}",2026-09-06T08:07:14+00:00_6caed517
2026-09-06T17:07:00+09:00,2026-09-06T08:07:16+00:00,commerce_rank,Full Stripe L/S Tee - 3 Color,29cm:4127835,heart_count,16.0,"{""brand_eng"": ""NWT"", ""brand_kor"": ""엔더블유티"", ""brand_no"": 1813, ""category1"": ""남성의류"", ""category2"": ""상의"", ""category3"": ""긴소매 티셔츠"", ""category3_code"": 272103102, ""is_new"": true, ""item_no"": 4127835, ""period_sort"": ""ONE_DAY"", ""platform"": ""29cm"", ""ranking_category_code"": ""272103100"", ""ranking_category_name"": ""남성의류>상의"", ""review_avg"": 0.0, ""sale_percent"": 10, ""sale_price"": 70200, ""sold_out"": false, ""url"": ""https://product.29cm.co.kr/catalog/4127835""}",2026-09-06T08:07:14+00:00_6caed517
2026-09-06T17:07:00+09:00,2026-09-06T08:07:16+00:00,commerce_rank,Full Stripe L/S Tee - 3 Color,29cm:4127835,review_count,0.0,"{""brand_eng"": ""NWT"", ""brand_kor"": ""엔더블유티"", ""brand_no"": 1813, ""category1"": ""남성의류"", ""category2"": ""상의"", ""category3"": ""긴소매 티셔츠"", ""category3_code"": 272103102, ""is_new"": true, ""item_no"": 4127835, ""period_sort"": ""ONE_DAY"", ""platform"": ""29cm"", ""ranking_category_code"": ""272103100"", ""ranking_category_name"": ""남성의류>상의"", ""review_avg"": 0.0, ""sale_percent"": 10, ""sale_price"": 70200, ""sold_out"": false, ""url"": ""https://product.29cm.co.kr/catalog/4127835""}",2026-09-06T08:07:14+00:00_6caed517
2026-09-06T17:07:00+09:00,2026-09-06T08:07:16+00:00,commerce_rank,Full Stripe L/S Tee - 3 Color,29cm:4127835@272103100,rank,37.0,"{""brand_eng"": ""NWT"", ""brand_kor"": ""엔더블유티"", ""brand_no"": 1813, ""category1"": ""남성의류"", ""category2"": ""상의"", ""category3"": ""긴소매 티셔츠"", ""category3_code"": 272103102, ""is_new"": true, ""item_no"": 4127835, ""period_sort"": ""ONE_DAY"", ""platform"": ""29cm"", ""ranking_category_code"": ""272103100"", ""ranking_category_name"": ""남성의류>상의"", ""review_avg"": 0.0, ""sale_percent"": 10, ""sale_price"": 70200, ""sold_out"": false, ""url"": ""https://product.29cm.co.kr/catalog/4127835""}",2026-09-06T08:07:14+00:00_6caed517
2026-09-06T17:07:00+09:00,2026-09-06T08:07:16+00:00,commerce_rank,Raw Edge L/S Tee - 3 Color,29cm:4127841,heart_count,15.0,"{""brand_eng"": ""NWT"", ""brand_kor"": ""엔더블유티"", ""brand_no"": 1813, ""category1"": ""남성의류"", ""category2"": ""상의"", ""category3"": ""긴소매 티셔츠"", ""category3_code"": 272103102, ""is_new"": true, ""item_no"": 4127841, ""period_sort"": ""ONE_DAY"", ""platform"": ""29cm"", ""ranking_category_code"": ""272103100"", ""ranking_category_name"": ""남성의류>상의"", ""review_avg"": 0.0, ""sale_percent"": 10, ""sale_price"": 61200, ""sold_out"": false, ""url"": ""https://product.29cm.co.kr/catalog/4127841""}",2026-09-06T08:07:14+00:00_6caed517
2026-09-06T17:07:00+09:00,2026-09-06T08:07:16+00:00,commerce_rank,Raw Edge L/S Tee - 3 Color,29cm:4127841,review_count,0.0,"{""brand_eng"": ""NWT"", ""brand_kor"": ""엔더블유티"", ""brand_no"": 1813, ""category1"": ""남성의류"", ""category2"": ""상의"", ""category3"": ""긴소매 티셔츠"", ""category3_code"": 272103102, ""is_new"": true, ""item_no"": 4127841, ""period_sort"": ""ONE_DAY"", ""platform"": ""29cm"", ""ranking_category_code"": ""272103100"", ""ranking_category_name"": ""남성의류>상의"", ""review_avg"": 0.0, ""sale_percent"": 10, ""sale_price"": 61200, ""sold_out"": false, ""url"": ""https://product.29cm.co.kr/catalog/4127841""}",2026-09-06T08:07:14+00:00_6caed517
2026-09-06T17:07:00+09:00,2026-09-06T08:07:16+00:00,commerce_rank,Raw Edge L/S Tee - 3 Color,29cm:4127841@272103100,rank,95.0,"{""brand_eng"": ""NWT"", ""brand_kor"": ""엔더블유티"", ""brand_no"": 1813, ""category1"": ""남성의류"", ""category2"": ""상의"", ""category3"": ""긴소매 티셔츠"", ""category3_code"": 272103102, ""is_new"": true, ""item_no"": 4127841, ""period_sort"": ""ONE_DAY"", ""platform"": ""29cm"", ""ranking_category_code"": ""272103100"", ""ranking_category_name"": ""남성의류>상의"", ""review_avg"": 0.0, ""sale_percent"": 10, ""sale_price"": 61200, ""sold_out"": false, ""url"": ""https://product.29cm.co.kr/catalog/4127841""}",2026-09-06T08:07:14+00:00_6caed517
2026-09-06T17:07:00+09:00,2026-09-06T08:07:15+00:00,commerce_rank,wool henley neck t-shirt (4color),29cm:4129078,heart_count,419.0,"{""brand_eng"": ""DEPOUND"", ""brand_kor"": ""드파운드"", ""brand_no"": 2155, ""category1"": ""여성의류"", ""category2"": ""상의"", ""category3"": ""긴소매 티셔츠"", ""category3_code"": 268103102, ""is_new"": false, ""item_no"": 4129078, ""period_sort"": ""ONE_DAY"", ""platform"": ""29cm"", ""ranking_category_code"": ""268103100"", ""ranking_category_name"": ""여성의류>상의"", ""review_avg"": 5.0, ""sale_percent"": 21, ""sale_price"": 61510, ""sold_out"": false, ""url"": ""https://product.29cm.co.kr/catalog/4129078""}",2026-09-06T08:07:14+00:00_6caed517
2026-09-06T17:07:00+09:00,2026-09-06T08:07:15+00:00,commerce_rank,wool henley neck t-shirt (4color),29cm:4129078,review_count,1.0,"{""brand_eng"": ""DEPOUND"", ""brand_kor"": ""드파운드"", ""brand_no"": 2155, ""category1"": ""여성의류"", ""category2"": ""상의"", ""category3"": ""긴소매 티셔츠"", ""category3_code"": 268103102, ""is_new"": false, ""item_no"": 4129078, ""period_sort"": ""ONE_DAY"", ""platform"": ""29cm"", ""ranking_category_code"": ""268103100"", ""ranking_category_name"": ""여성의류>상의"", ""review_avg"": 5.0, ""sale_percent"": 21, ""sale_price"": 61510, ""sold_out"": false, ""url"": ""https://product.29cm.co.kr/catalog/4129078""}",2026-09-06T08:07:14+00:00_6caed517
2026-09-06T17:07:00+09:00,2026-09-06T08:07:15+00:00,commerce_rank,wool henley neck t-shirt (4color),29cm:4129078@268103100,rank,29.0,"{""brand_eng"": ""DEPOUND"", ""brand_kor"": ""드파운드"", ""brand_no"": 2155, ""category1"": ""여성의류"", ""category2"": ""상의"", ""category3"": ""긴소매 티셔츠"", ""category3_code"": 268103102, ""is_new"": false, ""item_no"": 4129078, ""period_sort"": ""ONE_DAY"", ""platform"": ""29cm"", ""ranking_category_code"": ""268103100"", ""ranking_category_name"": ""여성의류>상의"", ""review_avg"": 5.0, ""sale_percent"": 21, ""sale_price"": 61510, ""sold_out"": false, ""url"": ""https://product.29cm.co.kr/catalog/4129078""}",2026-09-06T08:07:14+00:00_6caed517
2026-09-06T17:07:00+09:00,2026-09-06T08:07:15+00:00,commerce_rank,[29EDITION X 알로하]Oasis Blooming Sweatshirt_CLOUD,29cm:4130049,heart_count,376.0,"{""brand_eng"": ""WEDNESDAYOASIS"", ""brand_kor"": ""웬즈데이오아시스"", ""brand_no"": 69104, ""category1"": ""남성의류"", ""category2"": ""상의"", ""category3"": ""스웨트셔츠"", ""category3_code"": 272103107, ""is_new"": true, ""item_no"": 4130049, ""period_sort"": ""ONE_DAY"", ""platform"": ""29cm"", ""ranking_category_code"": ""268103100"", ""ranking_category_name"": ""여성의류>상의"", ""review_avg"": 0.0, ""sale_percent"": 28, ""sale_price"": 45360, ""sold_out"": false, ""url"": ""https://product.29cm.co.kr/catalog/4130049""}",2026-09-06T08:07:14+00:00_6caed517
2026-09-06T17:07:00+09:00,2026-09-06T08:07:15+00:00,commerce_rank,[29EDITION X 알로하]Oasis Blooming Sweatshirt_CLOUD,29cm:4130049,review_count,0.0,"{""brand_eng"": ""WEDNESDAYOASIS"", ""brand_kor"": ""웬즈데이오아시스"", ""brand_no"": 69104, ""category1"": ""남성의류"", ""category2"": ""상의"", ""category3"": ""스웨트셔츠"", ""category3_code"": 272103107, ""is_new"": true, ""item_no"": 4130049, ""period_sort"": ""ONE_DAY"", ""platform"": ""29cm"", ""ranking_category_code"": ""268103100"", ""ranking_category_name"": ""여성의류>상의"", ""review_avg"": 0.0, ""sale_percent"": 28, ""sale_price"": 45360, ""sold_out"": false, ""url"": ""https://product.29cm.co.kr/catalog/4130049""}",2026-09-06T08:07:14+00:00_6caed517
2026-09-06T17:07:00+09:00,2026-09-06T08:07:15+00:00,commerce_rank,[29EDITION X 알로하]Oasis Blooming Sweatshirt_CLOUD,29cm:4130049@268103100,rank,5.0,"{""brand_eng"": ""WEDNESDAYOASIS"", ""brand_kor"": ""웬즈데이오아시스"", ""brand_no"": 69104, ""category1"": ""남성의류"", ""category2"": ""상의"", ""category3"": ""스웨트셔츠"", ""category3_code"": 272103107, ""is_new"": true, ""item_no"": 4130049, ""period_sort"": ""ONE_DAY"", ""platform"": ""29cm"", ""ranking_category_code"": ""268103100"", ""ranking_category_name"": ""여성의류>상의"", ""review_avg"": 0.0, ""sale_percent"": 28, ""sale_price"": 45360, ""sold_out"": false, ""url"": ""https://product.29cm.co.kr/catalog/4130049""}",2026-09-06T08:07:14+00:00_6caed517
2026-09-06T17:07:00+09:00,2026-09-06T08:07:15+00:00,commerce_rank,[29EDITION X 알로하]Oasis Blooming Sweatshirt_OATMEAL,29cm:4130050,heart_count,375.0,"{""brand_eng"": ""WEDNESDAYOASIS"", ""brand_kor"": ""웬즈데이오아시스"", ""brand_no"": 69104, ""category1"": ""남성의류"", ""category2"": ""상의"", ""category3"": ""스웨트셔츠"", ""category3_code"": 272103107, ""is_new"": true, ""item_no"": 4130050, ""period_sort"": ""ONE_DAY"", ""platform"": ""29cm"", ""ranking_category_code"": ""268103100"", ""ranking_category_name"": ""여성의류>상의"", ""review_avg"": 0.0, ""sale_percent"": 28, ""sale_price"": 45360, ""sold_out"": false, ""url"": ""https://product.29cm.co.kr/catalog/4130050""}",2026-09-06T08:07:14+00:00_6caed517
2026-09-06T17:07:00+09:00,2026-09-06T08:07:15+00:00,commerce_rank,[29EDITION X 알로하]Oasis Blooming Sweatshirt_OATMEAL,29cm:4130050,review_count,0.0,"{""brand_eng"": ""WEDNESDAYOASIS"", ""brand_kor"": ""웬즈데이오아시스"", ""brand_no"": 69104, ""category1"": ""남성의류"", ""category2"": ""상의"", ""category3"": ""스웨트셔츠"", ""category3_code"": 272103107, ""is_new"": true, ""item_no"": 4130050, ""period_sort"": ""ONE_DAY"", ""platform"": ""29cm"", ""ranking_category_code"": ""268103100"", ""ranking_category_name"": ""여성의류>상의"", ""review_avg"": 0.0, ""sale_percent"": 28, ""sale_price"": 45360, ""sold_out"": false, ""url"": ""https://product.29cm.co.kr/catalog/4130050""}",2026-09-06T08:07:14+00:00_6caed517
2026-09-06T17:07:00+09:00,2026-09-06T08:07:15+00:00,commerce_rank,[29EDITION X 알로하]Oasis Blooming Sweatshirt_OATMEAL,29cm:4130050@268103100,rank,4.0,"{""brand_eng"": ""WEDNESDAYOASIS"", ""brand_kor"": ""웬즈데이오아시스"", ""brand_no"": 69104, ""category1"": ""남성의류"", ""category2"": ""상의"", ""category3"": ""스웨트셔츠"", ""category3_code"": 272103107, ""is_new"": true, ""item_no"": 4130050, ""period_sort"": ""ONE_DAY"", ""platform"": ""29cm"", ""ranking_category_code"": ""268103100"", ""ranking_category_name"": ""여성의류>상의"", ""review_avg"": 0.0, ""sale_percent"": 28, ""sale_price"": 45360, ""sold_out"": false, ""url"": ""https://product.29cm.co.kr/catalog/4130050""}",2026-09-06T08:07:14+00:00_6caed517
2026-09-06T17:07:00+09:00,2026-09-06T08:07:15+00:00,commerce_rank,[29EDITION X 알로하]Mellow Check Shirt_BLUSH CHARCOAL,29cm:4130051,heart_count,324.0,"{""brand_eng"": ""WEDNESDAYOASIS"", ""brand_kor"": ""웬즈데이오아시스"", ""brand_no"": 69104, ""category1"": ""남성의류"", ""category2"": ""상의"", ""category3"": ""긴소매 셔츠"", ""category3_code"": 272103106, ""is_new"": true, ""item_no"": 4130051, ""period_sort"": ""ONE_DAY"", ""platform"": ""29cm"", ""ranking_category_code"": ""268103100"", ""ranking_category_name"": ""여성의류>상의"", ""review_avg"": 0.0, ""sale_percent"": 28, ""sale_price"": 49680, ""sold_out"": false, ""url"": ""https://product.29cm.co.kr/catalog/4130051""}",2026-09-06T08:07:14+00:00_6caed517
2026-09-06T17:07:00+09:00,2026-09-06T08:07:15+00:00,commerce_rank,[29EDITION X 알로하]Mellow Check Shirt_BLUSH CHARCOAL,29cm:4130051,review_count,0.0,"{""brand_eng"": ""WEDNESDAYOASIS"", ""brand_kor"": ""웬즈데이오아시스"", ""brand_no"": 69104, ""category1"": ""남성의류"", ""category2"": ""상의"", ""category3"": ""긴소매 셔츠"", ""category3_code"": 272103106, ""is_new"": true, ""item_no"": 4130051, ""period_sort"": ""ONE_DAY"", ""platform"": ""29cm"", ""ranking_category_code"": ""268103100"", ""ranking_category_name"": ""여성의류>상의"", ""review_avg"": 0.0, ""sale_percent"": 28, ""sale_price"": 49680, ""sold_out"": false, ""url"": ""https://product.29cm.co.kr/catalog/4130051""}",2026-09-06T08:07:14+00:00_6caed517
2026-09-06T17:07:00+09:00,2026-09-06T08:07:15+00:00,commerce_rank,[29EDITION X 알로하]Mellow Check Shirt_BLUSH CHARCOAL,29cm:4130051@268103100,rank,10.0,"{""brand_eng"": ""WEDNESDAYOASIS"", ""brand_kor"": ""웬즈데이오아시스"", ""brand_no"": 69104, ""category1"": ""남성의류"", ""category2"": ""상의"", ""category3"": ""긴소매 셔츠"", ""category3_code"": 272103106, ""is_new"": true, ""item_no"": 4130051, ""period_sort"": ""ONE_DAY"", ""platform"": ""29cm"", ""ranking_category_code"": ""268103100"", ""ranking_category_name"": ""여성의류>상의"", ""review_avg"": 0.0, ""sale_percent"": 28, ""sale_price"": 49680, ""sold_out"": false, ""url"": ""https://product.29cm.co.kr/catalog/4130051""}",2026-09-06T08:07:14+00:00_6caed517
2026-09-06T17:07:00+09:00,2026-09-06T08:07:15+00:00,commerce_rank,[29EDITION X 알로하]Mellow Check Shirt_DUSTY BLUE,29cm:4130054,heart_count,162.0,"{""brand_eng"": ""WEDNESDAYOASIS"", ""brand_kor"": ""웬즈데이오아시스"", ""brand_no"": 69104, ""category1"": ""남성의류"", ""category2"": ""상의"", ""category3"": ""긴소매 셔츠"", ""category3_code"": 272103106, ""is_new"": true, ""item_no"": 4130054, ""period_sort"": ""ONE_DAY"", ""platform"": ""29cm"", ""ranking_category_code"": ""268103100"", ""ranking_category_name"": ""여성의류>상의"", ""review_avg"": 0.0, ""sale_percent"": 28, ""sale_price"": 49680, ""sold_out"": false, ""url"": ""https://product.29cm.co.kr/catalog/4130054""}",2026-09-06T08:07:14+00:00_6caed517
2026-09-06T17:07:00+09:00,2026-09-06T08:07:15+00:00,commerce_rank,[29EDITION X 알로하]Mellow Check Shirt_DUSTY BLUE,29cm:4130054,review_count,0.0,"{""brand_eng"": ""WEDNESDAYOASIS"", ""brand_kor"": ""웬즈데이오아시스"", ""brand_no"": 69104, ""category1"": ""남성의류"", ""category2"": ""상의"", ""category3"": ""긴소매 셔츠"", ""category3_code"": 272103106, ""is_new"": true, ""item_no"": 4130054, ""period_sort"": ""ONE_DAY"", ""platform"": ""29cm"", ""ranking_category_code"": ""268103100"", ""ranking_category_name"": ""여성의류>상의"", ""review_avg"": 0.0, ""sale_percent"": 28, ""sale_price"": 49680, ""sold_out"": false, ""url"": ""https://product.29cm.co.kr/catalog/4130054""}",2026-09-06T08:07:14+00:00_6caed517
2026-09-06T17:07:00+09:00,2026-09-06T08:07:15+00:00,commerce_rank,[29EDITION X 알로하]Mellow Check Shirt_DUSTY BLUE,29cm:4130054@268103100,rank,60.0,"{""brand_eng"": ""WEDNESDAYOASIS"", ""brand_kor"": ""웬즈데이오아시스"", ""brand_no"": 69104, ""category1"": ""남성의류"", ""category2"": ""상의"", ""category3"": ""긴소매 셔츠"", ""category3_code"": 272103106, ""is_new"": true, ""item_no"": 4130054, ""period_sort"": ""ONE_DAY"", ""platform"": ""29cm"", ""ranking_category_code"": ""268103100"", ""ranking_category_name"": ""여성의류>상의"", ""review_avg"": 0.0, ""sale_percent"": 28, ""sale_price"": 49680, ""sold_out"": false, ""url"": ""https://product.29cm.co.kr/catalog/4130054""}",2026-09-06T08:07:14+00:00_6caed517
2026-09-06T17:07:00+09:00,2026-09-06T08:07:15+00:00,commerce_rank,Button Detail Tee_Melange Grey,29cm:4131175,heart_count,2152.0,"{""brand_eng"": ""SANDRIC"", ""brand_kor"": ""샌드릭"", ""brand_no"": 109048, ""category1"": ""여성의류"", ""category2"": ""상의"", ""category3"": ""반소매 티셔츠"", ""category3_code"": 268103101, ""is_new"": false, ""item_no"": 4131175, ""period_sort"": ""ONE_DAY"", ""platform"": ""29cm"", ""ranking_category_code"": ""268103100"", ""ranking_category_name"": ""여성의류>상의"", ""review_avg"": 4.0, ""sale_percent"": 10, ""sale_price"": 62100, ""sold_out"": false, ""url"": ""https://product.29cm.co.kr/catalog/4131175""}",2026-09-06T08:07:14+00:00_6caed517
2026-09-06T17:07:00+09:00,2026-09-06T08:07:15+00:00,commerce_rank,Button Detail Tee_Melange Grey,29cm:4131175,review_count,1.0,"{""brand_eng"": ""SANDRIC"", ""brand_kor"": ""샌드릭"", ""brand_no"": 109048, ""category1"": ""여성의류"", ""category2"": ""상의"", ""category3"": ""반소매 티셔츠"", ""category3_code"": 268103101, ""is_new"": false, ""item_no"": 4131175, ""period_sort"": ""ONE_DAY"", ""platform"": ""29cm"", ""ranking_category_code"": ""268103100"", ""ranking_category_name"": ""여성의류>상의"", ""review_avg"": 4.0, ""sale_percent"": 10, ""sale_price"": 62100, ""sold_out"": false, ""url"": ""https://product.29cm.co.kr/catalog/4131175""}",2026-09-06T08:07:14+00:00_6caed517
2026-09-06T17:07:00+09:00,2026-09-06T08:07:15+00:00,commerce_rank,Button Detail Tee_Melange Grey,29cm:4131175@268103100,rank,63.0,"{""brand_eng"": ""SANDRIC"", ""brand_kor"": ""샌드릭"", ""brand_no"": 109048, ""category1"": ""여성의류"", ""category2"": ""상의"", ""category3"": ""반소매 티셔츠"", ""category3_code"": 268103101, ""is_new"": false, ""item_no"": 4131175, ""period_sort"": ""ONE_DAY"", ""platform"": ""29cm"", ""ranking_category_code"": ""268103100"", ""ranking_category_name"": ""여성의류>상의"", ""review_avg"": 4.0, ""sale_percent"": 10, ""sale_price"": 62100, ""sold_out"": false, ""url"": ""https://product.29cm.co.kr/catalog/4131175""}",2026-09-06T08:07:14+00:00_6caed517
2026-09-06T17:07:00+09:00,2026-09-06T08:07:16+00:00,commerce_rank,Standard Shirt - 4 Color,29cm:4131377,heart_count,29.0,"{""brand_eng"": ""POTTERY"", ""brand_kor"": ""포터리"", ""brand_no"": 3453, ""category1"": ""남성의류"", ""category2"": ""상의"", ""category3"": ""긴소매 셔츠"", ""category3_code"": 272103106, ""is_new"": false, ""item_no"": 4131377, ""period_sort"": ""ONE_DAY"", ""platform"": ""29cm"", ""ranking_category_code"": ""272103100"", ""ranking_category_name"": ""남성의류>상의"", ""review_avg"": 0.0, ""sale_percent"": 0, ""sale_price"": 189000, ""sold_out"": false, ""url"": ""https://product.29cm.co.kr/catalog/4131377""}",2026-09-06T08:07:14+00:00_6caed517
2026-09-06T17:07:00+09:00,2026-09-06T08:07:16+00:00,commerce_rank,Standard Shirt - 4 Color,29cm:4131377,review_count,0.0,"{""brand_eng"": ""POTTERY"", ""brand_kor"": ""포터리"", ""brand_no"": 3453, ""category1"": ""남성의류"", ""category2"": ""상의"", ""category3"": ""긴소매 셔츠"", ""category3_code"": 272103106, ""is_new"": false, ""item_no"": 4131377, ""period_sort"": ""ONE_DAY"", ""platform"": ""29cm"", ""ranking_category_code"": ""272103100"", ""ranking_category_name"": ""남성의류>상의"", ""review_avg"": 0.0, ""sale_percent"": 0, ""sale_price"": 189000, ""sold_out"": false, ""url"": ""https://product.29cm.co.kr/catalog/4131377""}",2026-09-06T08:07:14+00:00_6caed517
2026-09-06T17:07:00+09:00,2026-09-06T08:07:16+00:00,commerce_rank,Standard Shirt - 4 Color,29cm:4131377@272103100,rank,19.0,"{""brand_eng"": ""POTTERY"", ""brand_kor"": ""포터리"", ""brand_no"": 3453, ""category1"": ""남성의류"", ""category2"": ""상의"", ""category3"": ""긴소매 셔츠"", ""category3_code"": 272103106, ""is_new"": false, ""item_no"": 4131377, ""period_sort"": ""ONE_DAY"", ""platform"": ""29cm"", ""ranking_category_code"": ""272103100"", ""ranking_category_name"": ""남성의류>상의"", ""review_avg"": 0.0, ""sale_percent"": 0, ""sale_price"": 189000, ""sold_out"": false, ""url"": ""https://product.29cm.co.kr/catalog/4131377""}",2026-09-06T08:07:14+00:00_6caed517
2026-09-06T17:07:00+09:00,2026-09-06T08:07:16+00:00,commerce_rank,Comfort Shirt_Stripe - 4 Color,29cm:4131380,heart_count,27.0,"{""brand_eng"": ""POTTERY"", ""brand_kor"": ""포터리"", ""brand_no"": 3453, ""category1"": ""남성의류"", ""category2"": ""상의"", ""category3"": ""긴소매 셔츠"", ""category3_code"": 272103106, ""is_new"": false, ""item_no"": 4131380, ""period_sort"": ""ONE_DAY"", ""platform"": ""29cm"", ""ranking_category_code"": ""272103100"", ""ranking_category_name"": ""남성의류>상의"", ""review_avg"": 0.0, ""sale_percent"": 0, ""sale_price"": 189000, ""sold_out"": false, ""url"": ""https://product.29cm.co.kr/catalog/4131380""}",2026-09-06T08:07:14+00:00_6caed517
2026-09-06T17:07:00+09:00,2026-09-06T08:07:16+00:00,commerce_rank,Comfort Shirt_Stripe - 4 Color,29cm:4131380,review_count,0.0,"{""brand_eng"": ""POTTERY"", ""brand_kor"": ""포터리"", ""brand_no"": 3453, ""category1"": ""남성의류"", ""category2"": ""상의"", ""category3"": ""긴소매 셔츠"", ""category3_code"": 272103106, ""is_new"": false, ""item_no"": 4131380, ""period_sort"": ""ONE_DAY"", ""platform"": ""29cm"", ""ranking_category_code"": ""272103100"", ""ranking_category_name"": ""남성의류>상의"", ""review_avg"": 0.0, ""sale_percent"": 0, ""sale_price"": 189000, ""sold_out"": false, ""url"": ""https://product.29cm.co.kr/catalog/4131380""}",2026-09-06T08:07:14+00:00_6caed517
2026-09-06T17:07:00+09:00,2026-09-06T08:07:16+00:00,commerce_rank,Comfort Shirt_Stripe - 4 Color,29cm:4131380@272103100,rank,18.0,"{""brand_eng"": ""POTTERY"", ""brand_kor"": ""포터리"", ""brand_no"": 3453, ""category1"": ""남성의류"", ""category2"": ""상의"", ""category3"": ""긴소매 셔츠"", ""category3_code"": 272103106, ""is_new"": false, ""item_no"": 4131380, ""period_sort"": ""ONE_DAY"", ""platform"": ""29cm"", ""ranking_category_code"": ""272103100"", ""ranking_category_name"": ""남성의류>상의"", ""review_avg"": 0.0, ""sale_percent"": 0, ""sale_price"": 189000, ""sold_out"": false, ""url"": ""https://product.29cm.co.kr/catalog/4131380""}",2026-09-06T08:07:14+00:00_6caed517
2026-09-06T17:07:00+09:00,2026-09-06T08:07:16+00:00,commerce_rank,Comfort Shirt - 6 Color,29cm:4131381,heart_count,35.0,"{""brand_eng"": ""POTTERY"", ""brand_kor"": ""포터리"", ""brand_no"": 3453, ""category1"": ""남성의류"", ""category2"": ""상의"", ""category3"": ""긴소매 셔츠"", ""category3_code"": 272103106, ""is_new"": false, ""item_no"": 4131381, ""period_sort"": ""ONE_DAY"", ""platform"": ""29cm"", ""ranking_category_code"": ""272103100"", ""ranking_category_name"": ""남성의류>상의"", ""review_avg"": 0.0, ""sale_percent"": 0, ""sale_price"": 189000, ""sold_out"": false, ""url"": ""https://product.29cm.co.kr/catalog/4131381""}",2026-09-06T08:07:14+00:00_6caed517
2026-09-06T17:07:00+09:00,2026-09-06T08:07:16+00:00,commerce_rank,Comfort Shirt - 6 Color,29cm:4131381,review_count,0.0,"{""brand_eng"": ""POTTERY"", ""brand_kor"": ""포터리"", ""brand_no"": 3453, ""category1"": ""남성의류"", ""category2"": ""상의"", ""category3"": ""긴소매 셔츠"", ""category3_code"": 272103106, ""is_new"": false, ""item_no"": 4131381, ""period_sort"": ""ONE_DAY"", ""platform"": ""29cm"", ""ranking_category_code"": ""272103100"", ""ranking_category_name"": ""남성의류>상의"", ""review_avg"": 0.0, ""sale_percent"": 0, ""sale_price"": 189000, ""sold_out"": false, ""url"": ""https://product.29cm.co.kr/catalog/4131381""}",2026-09-06T08:07:14+00:00_6caed517
2026-09-06T17:07:00+09:00,2026-09-06T08:07:16+00:00,commerce_rank,Comfort Shirt - 6 Color,29cm:4131381@272103100,rank,13.0,"{""brand_eng"": ""POTTERY"", ""brand_kor"": ""포터리"", ""brand_no"": 3453, ""category1"": ""남성의류"", ""category2"": ""상의"", ""category3"": ""긴소매 셔츠"", ""category3_code"": 272103106, ""is_new"": false, ""item_no"": 4131381, ""period_sort"": ""ONE_DAY"", ""platform"": ""29cm"", ""ranking_category_code"": ""272103100"", ""ranking_category_name"": ""남성의류>상의"", ""review_avg"": 0.0, ""sale_percent"": 0, ""sale_price"": 189000, ""sold_out"": false, ""url"": ""https://product.29cm.co.kr/catalog/4131381""}",2026-09-06T08:07:14+00:00_6caed517
2026-09-06T17:07:00+09:00,2026-09-06T08:07:16+00:00,commerce_rank,Slant Henry Neck Long Sleeve (Gray),29cm:4132593,heart_count,110.0,"{""brand_eng"": ""AAKAM"", ""brand_kor"": ""아캄"", ""brand_no"": 73801, ""category1"": ""여성의류"", ""category2"": ""상의"", ""category3"": ""반소매 티셔츠"", ""category3_code"": 268103101, ""is_new"": false, ""item_no"": 4132593, ""period_sort"": ""ONE_DAY"", ""platform"": ""29cm"", ""ranking_category_code"": ""272103100"", ""ranking_category_name"": ""남성의류>상의"", ""review_avg"": 0.0, ""sale_percent"": 19, ""sale_price"": 80190, ""sold_out"": false, ""url"": ""https://product.29cm.co.kr/catalog/4132593""}",2026-09-06T08:07:14+00:00_6caed517
2026-09-06T17:07:00+09:00,2026-09-06T08:07:16+00:00,commerce_rank,Slant Henry Neck Long Sleeve (Gray),29cm:4132593,review_count,0.0,"{""brand_eng"": ""AAKAM"", ""brand_kor"": ""아캄"", ""brand_no"": 73801, ""category1"": ""여성의류"", ""category2"": ""상의"", ""category3"": ""반소매 티셔츠"", ""category3_code"": 268103101, ""is_new"": false, ""item_no"": 4132593, ""period_sort"": ""ONE_DAY"", ""platform"": ""29cm"", ""ranking_category_code"": ""272103100"", ""ranking_category_name"": ""남성의류>상의"", ""review_avg"": 0.0, ""sale_percent"": 19, ""sale_price"": 80190, ""sold_out"": false, ""url"": ""https://product.29cm.co.kr/catalog/4132593""}",2026-09-06T08:07:14+00:00_6caed517
2026-09-06T17:07:00+09:00,2026-09-06T08:07:16+00:00,commerce_rank,Slant Henry Neck Long Sleeve (Gray),29cm:4132593@272103100,rank,78.0,"{""brand_eng"": ""AAKAM"", ""brand_kor"": ""아캄"", ""brand_no"": 73801, ""category1"": ""여성의류"", ""category2"": ""상의"", ""category3"": ""반소매 티셔츠"", ""category3_code"": 268103101, ""is_new"": false, ""item_no"": 4132593, ""period_sort"": ""ONE_DAY"", ""platform"": ""29cm"", ""ranking_category_code"": ""272103100"", ""ranking_category_name"": ""남성의류>상의"", ""review_avg"": 0.0, ""sale_percent"": 19, ""sale_price"": 80190, ""sold_out"": false, ""url"": ""https://product.29cm.co.kr/catalog/4132593""}",2026-09-06T08:07:14+00:00_6caed517
2026-09-06T17:07:00+09:00,2026-09-06T08:07:15+00:00,commerce_rank,링클프리 스탠다드 셔츠 [3color],29cm:4132729,heart_count,1029.0,"{""brand_eng"": ""AUBE UE"", ""brand_kor"": ""오브유이"", ""brand_no"": 76107, ""category1"": ""여성의류"", ""category2"": ""상의"", ""category3"": ""셔츠"", ""category3_code"": 268103106, ""is_new"": true, ""item_no"": 4132729, ""period_sort"": ""ONE_DAY"", ""platform"": ""29cm"", ""ranking_category_code"": ""268103100"", ""ranking_category_name"": ""여성의류>상의"", ""review_avg"": 5.0, ""sale_percent"": 24, ""sale_price"": 52020, ""sold_out"": false, ""url"": ""https://product.29cm.co.kr/catalog/4132729""}",2026-09-06T08:07:14+00:00_6caed517
2026-09-06T17:07:00+09:00,2026-09-06T08:07:15+00:00,commerce_rank,링클프리 스탠다드 셔츠 [3color],29cm:4132729,review_count,9.0,"{""brand_eng"": ""AUBE UE"", ""brand_kor"": ""오브유이"", ""brand_no"": 76107, ""category1"": ""여성의류"", ""category2"": ""상의"", ""category3"": ""셔츠"", ""category3_code"": 268103106, ""is_new"": true, ""item_no"": 4132729, ""period_sort"": ""ONE_DAY"", ""platform"": ""29cm"", ""ranking_category_code"": ""268103100"", ""ranking_category_name"": ""여성의류>상의"", ""review_avg"": 5.0, ""sale_percent"": 24, ""sale_price"": 52020, ""sold_out"": false, ""url"": ""https://product.29cm.co.kr/catalog/4132729""}",2026-09-06T08:07:14+00:00_6caed517
2026-09-06T17:07:00+09:00,2026-09-06T08:07:15+00:00,commerce_rank,링클프리 스탠다드 셔츠 [3color],29cm:4132729@268103100,rank,24.0,"{""brand_eng"": ""AUBE UE"", ""brand_kor"": ""오브유이"", ""brand_no"": 76107, ""category1"": ""여성의류"", ""category2"": ""상의"", ""category3"": ""셔츠"", ""category3_code"": 268103106, ""is_new"": true, ""item_no"": 4132729, ""period_sort"": ""ONE_DAY"", ""platform"": ""29cm"", ""ranking_category_code"": ""268103100"", ""ranking_category_name"": ""여성의류>상의"", ""review_avg"": 5.0, ""sale_percent"": 24, ""sale_price"": 52020, ""sold_out"": false, ""url"": ""https://product.29cm.co.kr/catalog/4132729""}",2026-09-06T08:07:14+00:00_6caed517
2026-09-06T17:07:00+09:00,2026-09-06T08:07:15+00:00,commerce_rank,[5th] Moti Raglan Top - Grey(Black),29cm:4132821,heart_count,788.0,"{""brand_eng"": ""SOMEWHEREBUTTER"", ""brand_kor"": ""썸웨어버터"", ""brand_no"": 18640, ""category1"": ""여성의류"", ""category2"": ""상의"", ""category3"": ""긴소매 티셔츠"", ""category3_code"": 268103102, ""is_new"": false, ""item_no"": 4132821, ""period_sort"": ""ONE_DAY"", ""platform"": ""29cm"", ""ranking_category_code"": ""268103100"", ""ranking_category_name"": ""여성의류>상의"", ""review_avg"": 5.0, ""sale_percent"": 10, ""sale_price"": 35100, ""sold_out"": false, ""url"": ""https://product.29cm.co.kr/catalog/4132821""}",2026-09-06T08:07:14+00:00_6caed517
2026-09-06T17:07:00+09:00,2026-09-06T08:07:15+00:00,commerce_rank,[5th] Moti Raglan Top - Grey(Black),29cm:4132821,review_count,4.0,"{""brand_eng"": ""SOMEWHEREBUTTER"", ""brand_kor"": ""썸웨어버터"", ""brand_no"": 18640, ""category1"": ""여성의류"", ""category2"": ""상의"", ""category3"": ""긴소매 티셔츠"", ""category3_code"": 268103102, ""is_new"": false, ""item_no"": 4132821, ""period_sort"": ""ONE_DAY"", ""platform"": ""29cm"", ""ranking_category_code"": ""268103100"", ""ranking_category_name"": ""여성의류>상의"", ""review_avg"": 5.0, ""sale_percent"": 10, ""sale_price"": 35100, ""sold_out"": false, ""url"": ""https://product.29cm.co.kr/catalog/4132821""}",2026-09-06T08:07:14+00:00_6caed517
2026-09-06T17:07:00+09:00,2026-09-06T08:07:15+00:00,commerce_rank,[5th] Moti Raglan Top - Grey(Black),29cm:4132821@268103100,rank,97.0,"{""brand_eng"": ""SOMEWHEREBUTTER"", ""brand_kor"": ""썸웨어버터"", ""brand_no"": 18640, ""category1"": ""여성의류"", ""category2"": ""상의"", ""category3"": ""긴소매 티셔츠"", ""category3_code"": 268103102, ""is_new"": false, ""item_no"": 4132821, ""period_sort"": ""ONE_DAY"", ""platform"": ""29cm"", ""ranking_category_code"": ""268103100"", ""ranking_category_name"": ""여성의류>상의"", ""review_avg"": 5.0, ""sale_percent"": 10, ""sale_price"": 35100, ""sold_out"": false, ""url"": ""https://product.29cm.co.kr/catalog/4132821""}",2026-09-06T08:07:14+00:00_6caed517
2026-09-06T17:07:00+09:00,2026-09-06T08:07:15+00:00,commerce_rank,[6th] Vintage Car Off Shoulder Top - Grey,29cm:4132833,heart_count,1369.0,"{""brand_eng"": ""SOMEWHEREBUTTER"", ""brand_kor"": ""썸웨어버터"", ""brand_no"": 18640, ""category1"": ""여성의류"", ""category2"": ""상의"", ""category3"": ""긴소매 티셔츠"", ""category3_code"": 268103102, ""is_new"": false, ""item_no"": 4132833, ""period_sort"": ""ONE_DAY"", ""platform"": ""29cm"", ""ranking_category_code"": ""268103100"", ""ranking_category_name"": ""여성의류>상의"", ""review_avg"": 5.0, ""sale_percent"": 10, ""sale_price"": 44100, ""sold_out"": false, ""url"": ""https://product.29cm.co.kr/catalog/4132833""}",2026-09-06T08:07:14+00:00_6caed517
2026-09-06T17:07:00+09:00,2026-09-06T08:07:15+00:00,commerce_rank,[6th] Vintage Car Off Shoulder Top - Grey,29cm:4132833,review_count,10.0,"{""brand_eng"": ""SOMEWHEREBUTTER"", ""brand_kor"": ""썸웨어버터"", ""brand_no"": 18640, ""category1"": ""여성의류"", ""category2"": ""상의"", ""category3"": ""긴소매 티셔츠"", ""category3_code"": 268103102, ""is_new"": false, ""item_no"": 4132833, ""period_sort"": ""ONE_DAY"", ""platform"": ""29cm"", ""ranking_category_code"": ""268103100"", ""ranking_category_name"": ""여성의류>상의"", ""review_avg"": 5.0, ""sale_percent"": 10, ""sale_price"": 44100, ""sold_out"": false, ""url"": ""https://product.29cm.co.kr/catalog/4132833""}",2026-09-06T08:07:14+00:00_6caed517
2026-09-06T17:07:00+09:00,2026-09-06T08:07:15+00:00,commerce_rank,[6th] Vintage Car Off Shoulder Top - Grey,29cm:4132833@268103100,rank,38.0,"{""brand_eng"": ""SOMEWHEREBUTTER"", ""brand_kor"": ""썸웨어버터"", ""brand_no"": 18640, ""category1"": ""여성의류"", ""category2"": ""상의"", ""category3"": ""긴소매 티셔츠"", ""category3_code"": 268103102, ""is_new"": false, ""item_no"": 4132833, ""period_sort"": ""ONE_DAY"", ""platform"": ""29cm"", ""ranking_category_code"": ""268103100"", ""ranking_category_name"": ""여성의류>상의"", ""review_avg"": 5.0, ""sale_percent"": 10, ""sale_price"": 44100, ""sold_out"": false, ""url"": ""https://product.29cm.co.kr/catalog/4132833""}",2026-09-06T08:07:14+00:00_6caed517
2026-09-06T17:07:00+09:00,2026-09-06T08:07:15+00:00,commerce_rank,[6th] Vintage Car Off Shoulder Top - Ivory,29cm:4132835,heart_count,1798.0,"{""brand_eng"": ""SOMEWHEREBUTTER"", ""brand_kor"": ""썸웨어버터"", ""brand_no"": 18640, ""category1"": ""여성의류"", ""category2"": ""상의"", ""category3"": ""긴소매 티셔츠"", ""category3_code"": 268103102, ""is_new"": false, ""item_no"": 4132835, ""period_sort"": ""ONE_DAY"", ""platform"": ""29cm"", ""ranking_category_code"": ""268103100"", ""ranking_category_name"": ""여성의류>상의"", ""review_avg"": 5.0, ""sale_percent"": 10, ""sale_price"": 44100, ""sold_out"": false, ""url"": ""https://product.29cm.co.kr/catalog/4132835""}",2026-09-06T08:07:14+00:00_6caed517
2026-09-06T17:07:00+09:00,2026-09-06T08:07:15+00:00,commerce_rank,[6th] Vintage Car Off Shoulder Top - Ivory,29cm:4132835,review_count,12.0,"{""brand_eng"": ""SOMEWHEREBUTTER"", ""brand_kor"": ""썸웨어버터"", ""brand_no"": 18640, ""category1"": ""여성의류"", ""category2"": ""상의"", ""category3"": ""긴소매 티셔츠"", ""category3_code"": 268103102, ""is_new"": false, ""item_no"": 4132835, ""period_sort"": ""ONE_DAY"", ""platform"": ""29cm"", ""ranking_category_code"": ""268103100"", ""ranking_category_name"": ""여성의류>상의"", ""review_avg"": 5.0, ""sale_percent"": 10, ""sale_price"": 44100, ""sold_out"": false, ""url"": ""https://product.29cm.co.kr/catalog/4132835""}",2026-09-06T08:07:14+00:00_6caed517
2026-09-06T17:07:00+09:00,2026-09-06T08:07:15+00:00,commerce_rank,[6th] Vintage Car Off Shoulder Top - Ivory,29cm:4132835@268103100,rank,40.0,"{""brand_eng"": ""SOMEWHEREBUTTER"", ""brand_kor"": ""썸웨어버터"", ""brand_no"": 18640, ""category1"": ""여성의류"", ""category2"": ""상의"", ""category3"": ""긴소매 티셔츠"", ""category3_code"": 268103102, ""is_new"": false, ""item_no"": 4132835, ""period_sort"": ""ONE_DAY"", ""platform"": ""29cm"", ""ranking_category_code"": ""268103100"", ""ranking_category_name"": ""여성의류>상의"", ""review_avg"": 5.0, ""sale_percent"": 10, ""sale_price"": 44100, ""sold_out"": false, ""url"": ""https://product.29cm.co.kr/catalog/4132835""}",2026-09-06T08:07:14+00:00_6caed517
2026-09-06T17:07:00+09:00,2026-09-06T08:07:15+00:00,commerce_rank,7부 베이직 티셔츠 [4color],29cm:4133068,heart_count,562.0,"{""brand_eng"": ""AUBE UE"", ""brand_kor"": ""오브유이"", ""brand_no"": 76107, ""category1"": ""여성의류"", ""category2"": ""상의"", ""category3"": ""긴소매 티셔츠"", ""category3_code"": 268103102, ""is_new"": true, ""item_no"": 4133068, ""period_sort"": ""ONE_DAY"", ""platform"": ""29cm"", ""ranking_category_code"": ""268103100"", ""ranking_category_name"": ""여성의류>상의"", ""review_avg"": 5.0, ""sale_percent"": 23, ""sale_price"": 29840, ""sold_out"": false, ""url"": ""https://product.29cm.co.kr/catalog/4133068""}",2026-09-06T08:07:14+00:00_6caed517
2026-09-06T17:07:00+09:00,2026-09-06T08:07:15+00:00,commerce_rank,7부 베이직 티셔츠 [4color],29cm:4133068,review_count,14.0,"{""brand_eng"": ""AUBE UE"", ""brand_kor"": ""오브유이"", ""brand_no"": 76107, ""category1"": ""여성의류"", ""category2"": ""상의"", ""category3"": ""긴소매 티셔츠"", ""category3_code"": 268103102, ""is_new"": true, ""item_no"": 4133068, ""period_sort"": ""ONE_DAY"", ""platform"": ""29cm"", ""ranking_category_code"": ""268103100"", ""ranking_category_name"": ""여성의류>상의"", ""review_avg"": 5.0, ""sale_percent"": 23, ""sale_price"": 29840, ""sold_out"": false, ""url"": ""https://product.29cm.co.kr/catalog/4133068""}",2026-09-06T08:07:14+00:00_6caed517
2026-09-06T17:07:00+09:00,2026-09-06T08:07:15+00:00,commerce_rank,7부 베이직 티셔츠 [4color],29cm:4133068@268103100,rank,48.0,"{""brand_eng"": ""AUBE UE"", ""brand_kor"": ""오브유이"", ""brand_no"": 76107, ""category1"": ""여성의류"", ""category2"": ""상의"", ""category3"": ""긴소매 티셔츠"", ""category3_code"": 268103102, ""is_new"": true, ""item_no"": 4133068, ""period_sort"": ""ONE_DAY"", ""platform"": ""29cm"", ""ranking_category_code"": ""268103100"", ""ranking_category_name"": ""여성의류>상의"", ""review_avg"": 5.0, ""sale_percent"": 23, ""sale_price"": 29840, ""sold_out"": false, ""url"": ""https://product.29cm.co.kr/catalog/4133068""}",2026-09-06T08:07:14+00:00_6caed517
2026-09-06T17:07:00+09:00,2026-09-06T08:07:16+00:00,commerce_rank,RAW SLUB LONG SLEEVE [DARK GRAY],29cm:4133519,heart_count,53.0,"{""brand_eng"": ""BRANDED"", ""brand_kor"": ""브랜디드"", ""brand_no"": 15125, ""category1"": ""남성의류"", ""category2"": ""상의"", ""category3"": ""긴소매 티셔츠"", ""category3_code"": 272103102, ""is_new"": false, ""item_no"": 4133519, ""period_sort"": ""ONE_DAY"", ""platform"": ""29cm"", ""ranking_category_code"": ""272103100"", ""ranking_category_name"": ""남성의류>상의"", ""review_avg"": 5.0, ""sale_percent"": 32, ""sale_price"": 46240, ""sold_out"": false, ""url"": ""https://product.29cm.co.kr/catalog/4133519""}",2026-09-06T08:07:14+00:00_6caed517
2026-09-06T17:07:00+09:00,2026-09-06T08:07:16+00:00,commerce_rank,RAW SLUB LONG SLEEVE [DARK GRAY],29cm:4133519,review_count,1.0,"{""brand_eng"": ""BRANDED"", ""brand_kor"": ""브랜디드"", ""brand_no"": 15125, ""category1"": ""남성의류"", ""category2"": ""상의"", ""category3"": ""긴소매 티셔츠"", ""category3_code"": 272103102, ""is_new"": false, ""item_no"": 4133519, ""period_sort"": ""ONE_DAY"", ""platform"": ""29cm"", ""ranking_category_code"": ""272103100"", ""ranking_category_name"": ""남성의류>상의"", ""review_avg"": 5.0, ""sale_percent"": 32, ""sale_price"": 46240, ""sold_out"": false, ""url"": ""https://product.29cm.co.kr/catalog/4133519""}",2026-09-06T08:07:14+00:00_6caed517
2026-09-06T17:07:00+09:00,2026-09-06T08:07:16+00:00,commerce_rank,RAW SLUB LONG SLEEVE [DARK GRAY],29cm:4133519@272103100,rank,20.0,"{""brand_eng"": ""BRANDED"", ""brand_kor"": ""브랜디드"", ""brand_no"": 15125, ""category1"": ""남성의류"", ""category2"": ""상의"", ""category3"": ""긴소매 티셔츠"", ""category3_code"": 272103102, ""is_new"": false, ""item_no"": 4133519, ""period_sort"": ""ONE_DAY"", ""platform"": ""29cm"", ""ranking_category_code"": ""272103100"", ""ranking_category_name"": ""남성의류>상의"", ""review_avg"": 5.0, ""sale_percent"": 32, ""sale_price"": 46240, ""sold_out"": false, ""url"": ""https://product.29cm.co.kr/catalog/4133519""}",2026-09-06T08:07:14+00:00_6caed517
2026-09-06T17:07:00+09:00,2026-09-06T08:07:16+00:00,commerce_rank,GUSSET RAGLAN L/S T-SHIRT [CHARCOAL],29cm:4134329,heart_count,46.0,"{""brand_eng"": ""UNION BLUE"", ""brand_kor"": ""유니온 블루"", ""brand_no"": 13510, ""category1"": ""남성의류"", ""category2"": ""상의"", ""category3"": ""긴소매 티셔츠"", ""category3_code"": 272103102, ""is_new"": false, ""item_no"": 4134329, ""period_sort"": ""ONE_DAY"", ""platform"": ""29cm"", ""ranking_category_code"": ""272103100"", ""ranking_category_name"": ""남성의류>상의"", ""review_avg"": 5.0, ""sale_percent"": 32, ""sale_price"": 53040, ""sold_out"": false, ""url"": ""https://product.29cm.co.kr/catalog/4134329""}",2026-09-06T08:07:14+00:00_6caed517
2026-09-06T17:07:00+09:00,2026-09-06T08:07:16+00:00,commerce_rank,GUSSET RAGLAN L/S T-SHIRT [CHARCOAL],29cm:4134329,review_count,1.0,"{""brand_eng"": ""UNION BLUE"", ""brand_kor"": ""유니온 블루"", ""brand_no"": 13510, ""category1"": ""남성의류"", ""category2"": ""상의"", ""category3"": ""긴소매 티셔츠"", ""category3_code"": 272103102, ""is_new"": false, ""item_no"": 4134329, ""period_sort"": ""ONE_DAY"", ""platform"": ""29cm"", ""ranking_category_code"": ""272103100"", ""ranking_category_name"": ""남성의류>상의"", ""review_avg"": 5.0, ""sale_percent"": 32, ""sale_price"": 53040, ""sold_out"": false, ""url"": ""https://product.29cm.co.kr/catalog/4134329""}",2026-09-06T08:07:14+00:00_6caed517
2026-09-06T17:07:00+09:00,2026-09-06T08:07:16+00:00,commerce_rank,GUSSET RAGLAN L/S T-SHIRT [CHARCOAL],29cm:4134329@272103100,rank,41.0,"{""brand_eng"": ""UNION BLUE"", ""brand_kor"": ""유니온 블루"", ""brand_no"": 13510, ""category1"": ""남성의류"", ""category2"": ""상의"", ""category3"": ""긴소매 티셔츠"", ""category3_code"": 272103102, ""is_new"": false, ""item_no"": 4134329, ""period_sort"": ""ONE_DAY"", ""platform"": ""29cm"", ""ranking_category_code"": ""272103100"", ""ranking_category_name"": ""남성의류>상의"", ""review_avg"": 5.0, ""sale_percent"": 32, ""sale_price"": 53040, ""sold_out"": false, ""url"": ""https://product.29cm.co.kr/catalog/4134329""}",2026-09-06T08:07:14+00:00_6caed517
2026-09-06T17:07:00+09:00,2026-09-06T08:07:16+00:00,commerce_rank,GUSSET RAGLAN L/S T-SHIRT [BLUE],29cm:4134340,heart_count,208.0,"{""brand_eng"": ""UNION BLUE"", ""brand_kor"": ""유니온 블루"", ""brand_no"": 13510, ""category1"": ""남성의류"", ""category2"": ""상의"", ""category3"": ""긴소매 티셔츠"", ""category3_code"": 272103102, ""is_new"": false, ""item_no"": 4134340, ""period_sort"": ""ONE_DAY"", ""platform"": ""29cm"", ""ranking_category_code"": ""272103100"", ""ranking_category_name"": ""남성의류>상의"", ""review_avg"": 0.0, ""sale_percent"": 32, ""sale_price"": 53040, ""sold_out"": true, ""url"": ""https://product.29cm.co.kr/catalog/4134340""}",2026-09-06T08:07:14+00:00_6caed517
2026-09-06T17:07:00+09:00,2026-09-06T08:07:16+00:00,commerce_rank,GUSSET RAGLAN L/S T-SHIRT [BLUE],29cm:4134340,review_count,0.0,"{""brand_eng"": ""UNION BLUE"", ""brand_kor"": ""유니온 블루"", ""brand_no"": 13510, ""category1"": ""남성의류"", ""category2"": ""상의"", ""category3"": ""긴소매 티셔츠"", ""category3_code"": 272103102, ""is_new"": false, ""item_no"": 4134340, ""period_sort"": ""ONE_DAY"", ""platform"": ""29cm"", ""ranking_category_code"": ""272103100"", ""ranking_category_name"": ""남성의류>상의"", ""review_avg"": 0.0, ""sale_percent"": 32, ""sale_price"": 53040, ""sold_out"": true, ""url"": ""https://product.29cm.co.kr/catalog/4134340""}",2026-09-06T08:07:14+00:00_6caed517
2026-09-06T17:07:00+09:00,2026-09-06T08:07:16+00:00,commerce_rank,GUSSET RAGLAN L/S T-SHIRT [BLUE],29cm:4134340@272103100,rank,21.0,"{""brand_eng"": ""UNION BLUE"", ""brand_kor"": ""유니온 블루"", ""brand_no"": 13510, ""category1"": ""남성의류"", ""category2"": ""상의"", ""category3"": ""긴소매 티셔츠"", ""category3_code"": 272103102, ""is_new"": false, ""item_no"": 4134340, ""period_sort"": ""ONE_DAY"", ""platform"": ""29cm"", ""ranking_category_code"": ""272103100"", ""ranking_category_name"": ""남성의류>상의"", ""review_avg"": 0.0, ""sale_percent"": 32, ""sale_price"": 53040, ""sold_out"": true, ""url"": ""https://product.29cm.co.kr/catalog/4134340""}",2026-09-06T08:07:14+00:00_6caed517
2026-09-06T17:07:00+09:00,2026-09-06T08:07:16+00:00,commerce_rank,GUSSET RAGLAN L/S T-SHIRT [BROWN],29cm:4134341,heart_count,21.0,"{""brand_eng"": ""UNION BLUE"", ""brand_kor"": ""유니온 블루"", ""brand_no"": 13510, ""category1"": ""남성의류"", ""category2"": ""상의"", ""category3"": ""긴소매 티셔츠"", ""category3_code"": 272103102, ""is_new"": false, ""item_no"": 4134341, ""period_sort"": ""ONE_DAY"", ""platform"": ""29cm"", ""ranking_category_code"": ""272103100"", ""ranking_category_name"": ""남성의류>상의"", ""review_avg"": 0.0, ""sale_percent"": 32, ""sale_price"": 53040, ""sold_out"": false, ""url"": ""https://product.29cm.co.kr/catalog/4134341""}",2026-09-06T08:07:14+00:00_6caed517
2026-09-06T17:07:00+09:00,2026-09-06T08:07:16+00:00,commerce_rank,GUSSET RAGLAN L/S T-SHIRT [BROWN],29cm:4134341,review_count,0.0,"{""brand_eng"": ""UNION BLUE"", ""brand_kor"": ""유니온 블루"", ""brand_no"": 13510, ""category1"": ""남성의류"", ""category2"": ""상의"", ""category3"": ""긴소매 티셔츠"", ""category3_code"": 272103102, ""is_new"": false, ""item_no"": 4134341, ""period_sort"": ""ONE_DAY"", ""platform"": ""29cm"", ""ranking_category_code"": ""272103100"", ""ranking_category_name"": ""남성의류>상의"", ""review_avg"": 0.0, ""sale_percent"": 32, ""sale_price"": 53040, ""sold_out"": false, ""url"": ""https://product.29cm.co.kr/catalog/4134341""}",2026-09-06T08:07:14+00:00_6caed517
2026-09-06T17:07:00+09:00,2026-09-06T08:07:16+00:00,commerce_rank,GUSSET RAGLAN L/S T-SHIRT [BROWN],29cm:4134341@272103100,rank,29.0,"{""brand_eng"": ""UNION BLUE"", ""brand_kor"": ""유니온 블루"", ""brand_no"": 13510, ""category1"": ""남성의류"", ""category2"": ""상의"", ""category3"": ""긴소매 티셔츠"", ""category3_code"": 272103102, ""is_new"": false, ""item_no"": 4134341, ""period_sort"": ""ONE_DAY"", ""platform"": ""29cm"", ""ranking_category_code"": ""272103100"", ""ranking_category_name"": ""남성의류>상의"", ""review_avg"": 0.0, ""sale_percent"": 32, ""sale_price"": 53040, ""sold_out"": false, ""url"": ""https://product.29cm.co.kr/catalog/4134341""}",2026-09-06T08:07:14+00:00_6caed517
2026-09-06T17:07:00+09:00,2026-09-06T08:07:15+00:00,commerce_rank,셀즈 셔츠 블라우스_2COLORS,29cm:4134563,heart_count,1607.0,"{""brand_eng"": ""MERRYON"", ""brand_kor"": ""메리온"", ""brand_no"": 108383, ""category1"": ""여성의류"", ""category2"": ""상의"", ""category3"": ""셔츠"", ""category3_code"": 268103106, ""is_new"": false, ""item_no"": 4134563, ""period_sort"": ""ONE_DAY"", ""platform"": ""29cm"", ""ranking_category_code"": ""268103100"", ""ranking_category_name"": ""여성의류>상의"", ""review_avg"": 0.0, ""sale_percent"": 19, ""sale_price"": 96390, ""sold_out"": false, ""url"": ""https://product.29cm.co.kr/catalog/4134563""}",2026-09-06T08:07:14+00:00_6caed517
2026-09-06T17:07:00+09:00,2026-09-06T08:07:15+00:00,commerce_rank,셀즈 셔츠 블라우스_2COLORS,29cm:4134563,review_count,0.0,"{""brand_eng"": ""MERRYON"", ""brand_kor"": ""메리온"", ""brand_no"": 108383, ""category1"": ""여성의류"", ""category2"": ""상의"", ""category3"": ""셔츠"", ""category3_code"": 268103106, ""is_new"": false, ""item_no"": 4134563, ""period_sort"": ""ONE_DAY"", ""platform"": ""29cm"", ""ranking_category_code"": ""268103100"", ""ranking_category_name"": ""여성의류>상의"", ""review_avg"": 0.0, ""sale_percent"": 19, ""sale_price"": 96390, ""sold_out"": false, ""url"": ""https://product.29cm.co.kr/catalog/4134563""}",2026-09-06T08:07:14+00:00_6caed517
2026-09-06T17:07:00+09:00,2026-09-06T08:07:15+00:00,commerce_rank,셀즈 셔츠 블라우스_2COLORS,29cm:4134563@268103100,rank,34.0,"{""brand_eng"": ""MERRYON"", ""brand_kor"": ""메리온"", ""brand_no"": 108383, ""category1"": ""여성의류"", ""category2"": ""상의"", ""category3"": ""셔츠"", ""category3_code"": 268103106, ""is_new"": false, ""item_no"": 4134563, ""period_sort"": ""ONE_DAY"", ""platform"": ""29cm"", ""ranking_category_code"": ""268103100"", ""ranking_category_name"": ""여성의류>상의"", ""review_avg"": 0.0, ""sale_percent"": 19, ""sale_price"": 96390, ""sold_out"": false, ""url"": ""https://product.29cm.co.kr/catalog/4134563""}",2026-09-06T08:07:14+00:00_6caed517
2026-09-06T17:07:00+09:00,2026-09-06T08:07:16+00:00,commerce_rank,Raw Edge Pocket Long Sleeve Melange Gray,29cm:4135206,heart_count,195.0,"{""brand_eng"": ""partimento"", ""brand_kor"": ""파르티멘토"", ""brand_no"": 1588, ""category1"": ""여성의류"", ""category2"": ""상의"", ""category3"": ""긴소매 티셔츠"", ""category3_code"": 268103102, ""is_new"": false, ""item_no"": 4135206, ""period_sort"": ""ONE_DAY"", ""platform"": ""29cm"", ""ranking_category_code"": ""272103100"", ""ranking_category_name"": ""남성의류>상의"", ""review_avg"": 5.0, ""sale_percent"": 32, ""sale_price"": 27970, ""sold_out"": false, ""url"": ""https://product.29cm.co.kr/catalog/4135206""}",2026-09-06T08:07:14+00:00_6caed517
2026-09-06T17:07:00+09:00,2026-09-06T08:07:16+00:00,commerce_rank,Raw Edge Pocket Long Sleeve Melange Gray,29cm:4135206,review_count,4.0,"{""brand_eng"": ""partimento"", ""brand_kor"": ""파르티멘토"", ""brand_no"": 1588, ""category1"": ""여성의류"", ""category2"": ""상의"", ""category3"": ""긴소매 티셔츠"", ""category3_code"": 268103102, ""is_new"": false, ""item_no"": 4135206, ""period_sort"": ""ONE_DAY"", ""platform"": ""29cm"", ""ranking_category_code"": ""272103100"", ""ranking_category_name"": ""남성의류>상의"", ""review_avg"": 5.0, ""sale_percent"": 32, ""sale_price"": 27970, ""sold_out"": false, ""url"": ""https://product.29cm.co.kr/catalog/4135206""}",2026-09-06T08:07:14+00:00_6caed517
2026-09-06T17:07:00+09:00,2026-09-06T08:07:16+00:00,commerce_rank,Raw Edge Pocket Long Sleeve Melange Gray,29cm:4135206@272103100,rank,26.0,"{""brand_eng"": ""partimento"", ""brand_kor"": ""파르티멘토"", ""brand_no"": 1588, ""category1"": ""여성의류"", ""category2"": ""상의"", ""category3"": ""긴소매 티셔츠"", ""category3_code"": 268103102, ""is_new"": false, ""item_no"": 4135206, ""period_sort"": ""ONE_DAY"", ""platform"": ""29cm"", ""ranking_category_code"": ""272103100"", ""ranking_category_name"": ""남성의류>상의"", ""review_avg"": 5.0, ""sale_percent"": 32, ""sale_price"": 27970, ""sold_out"": false, ""url"": ""https://product.29cm.co.kr/catalog/4135206""}",2026-09-06T08:07:14+00:00_6caed517
2026-09-06T17:07:00+09:00,2026-09-06T08:07:16+00:00,commerce_rank,Raw Edge Pocket Long Sleeve Burgundy,29cm:4135208,heart_count,23.0,"{""brand_eng"": ""partimento"", ""brand_kor"": ""파르티멘토"", ""brand_no"": 1588, ""category1"": ""여성의류"", ""category2"": ""상의"", ""category3"": ""긴소매 티셔츠"", ""category3_code"": 268103102, ""is_new"": false, ""item_no"": 4135208, ""period_sort"": ""ONE_DAY"", ""platform"": ""29cm"", ""ranking_category_code"": ""272103100"", ""ranking_category_name"": ""남성의류>상의"", ""review_avg"": 5.0, ""sale_percent"": 32, ""sale_price"": 27970, ""sold_out"": false, ""url"": ""https://product.29cm.co.kr/catalog/4135208""}",2026-09-06T08:07:14+00:00_6caed517
2026-09-06T17:07:00+09:00,2026-09-06T08:07:16+00:00,commerce_rank,Raw Edge Pocket Long Sleeve Burgundy,29cm:4135208,review_count,1.0,"{""brand_eng"": ""partimento"", ""brand_kor"": ""파르티멘토"", ""brand_no"": 1588, ""category1"": ""여성의류"", ""category2"": ""상의"", ""category3"": ""긴소매 티셔츠"", ""category3_code"": 268103102, ""is_new"": false, ""item_no"": 4135208, ""period_sort"": ""ONE_DAY"", ""platform"": ""29cm"", ""ranking_category_code"": ""272103100"", ""ranking_category_name"": ""남성의류>상의"", ""review_avg"": 5.0, ""sale_percent"": 32, ""sale_price"": 27970, ""sold_out"": false, ""url"": ""https://product.29cm.co.kr/catalog/4135208""}",2026-09-06T08:07:14+00:00_6caed517
2026-09-06T17:07:00+09:00,2026-09-06T08:07:16+00:00,commerce_rank,Raw Edge Pocket Long Sleeve Burgundy,29cm:4135208@272103100,rank,88.0,"{""brand_eng"": ""partimento"", ""brand_kor"": ""파르티멘토"", ""brand_no"": 1588, ""category1"": ""여성의류"", ""category2"": ""상의"", ""category3"": ""긴소매 티셔츠"", ""category3_code"": 268103102, ""is_new"": false, ""item_no"": 4135208, ""period_sort"": ""ONE_DAY"", ""platform"": ""29cm"", ""ranking_category_code"": ""272103100"", ""ranking_category_name"": ""남성의류>상의"", ""review_avg"": 5.0, ""sale_percent"": 32, ""sale_price"": 27970, ""sold_out"": false, ""url"": ""https://product.29cm.co.kr/catalog/4135208""}",2026-09-06T08:07:14+00:00_6caed517
2026-09-06T17:07:00+09:00,2026-09-06T08:07:16+00:00,commerce_rank,Raw Edge Pocket Long Sleeve Ivory,29cm:4135209,heart_count,83.0,"{""brand_eng"": ""partimento"", ""brand_kor"": ""파르티멘토"", ""brand_no"": 1588, ""category1"": ""여성의류"", ""category2"": ""상의"", ""category3"": ""긴소매 티셔츠"", ""category3_code"": 268103102, ""is_new"": false, ""item_no"": 4135209, ""period_sort"": ""ONE_DAY"", ""platform"": ""29cm"", ""ranking_category_code"": ""272103100"", ""ranking_category_name"": ""남성의류>상의"", ""review_avg"": 5.0, ""sale_percent"": 32, ""sale_price"": 27970, ""sold_out"": false, ""url"": ""https://product.29cm.co.kr/catalog/4135209""}",2026-09-06T08:07:14+00:00_6caed517
2026-09-06T17:07:00+09:00,2026-09-06T08:07:16+00:00,commerce_rank,Raw Edge Pocket Long Sleeve Ivory,29cm:4135209,review_count,1.0,"{""brand_eng"": ""partimento"", ""brand_kor"": ""파르티멘토"", ""brand_no"": 1588, ""category1"": ""여성의류"", ""category2"": ""상의"", ""category3"": ""긴소매 티셔츠"", ""category3_code"": 268103102, ""is_new"": false, ""item_no"": 4135209, ""period_sort"": ""ONE_DAY"", ""platform"": ""29cm"", ""ranking_category_code"": ""272103100"", ""ranking_category_name"": ""남성의류>상의"", ""review_avg"": 5.0, ""sale_percent"": 32, ""sale_price"": 27970, ""sold_out"": false, ""url"": ""https://product.29cm.co.kr/catalog/4135209""}",2026-09-06T08:07:14+00:00_6caed517
2026-09-06T17:07:00+09:00,2026-09-06T08:07:16+00:00,commerce_rank,Raw Edge Pocket Long Sleeve Ivory,29cm:4135209@272103100,rank,92.0,"{""brand_eng"": ""partimento"", ""brand_kor"": ""파르티멘토"", ""brand_no"": 1588, ""category1"": ""여성의류"", ""category2"": ""상의"", ""category3"": ""긴소매 티셔츠"", ""category3_code"": 268103102, ""is_new"": false, ""item_no"": 4135209, ""period_sort"": ""ONE_DAY"", ""platform"": ""29cm"", ""ranking_category_code"": ""272103100"", ""ranking_category_name"": ""남성의류>상의"", ""review_avg"": 5.0, ""sale_percent"": 32, ""sale_price"": 27970, ""sold_out"": false, ""url"": ""https://product.29cm.co.kr/catalog/4135209""}",2026-09-06T08:07:14+00:00_6caed517
2026-09-06T17:07:00+09:00,2026-09-06T08:07:16+00:00,commerce_rank,Raw Edge Pocket Long Sleeve Black,29cm:4135210,heart_count,88.0,"{""brand_eng"": ""partimento"", ""brand_kor"": ""파르티멘토"", ""brand_no"": 1588, ""category1"": ""여성의류"", ""category2"": ""상의"", ""category3"": ""긴소매 티셔츠"", ""category3_code"": 268103102, ""is_new"": false, ""item_no"": 4135210, ""period_sort"": ""ONE_DAY"", ""platform"": ""29cm"", ""ranking_category_code"": ""272103100"", ""ranking_category_name"": ""남성의류>상의"", ""review_avg"": 5.0, ""sale_percent"": 32, ""sale_price"": 27970, ""sold_out"": false, ""url"": ""https://product.29cm.co.kr/catalog/4135210""}",2026-09-06T08:07:14+00:00_6caed517
2026-09-06T17:07:00+09:00,2026-09-06T08:07:16+00:00,commerce_rank,Raw Edge Pocket Long Sleeve Black,29cm:4135210,review_count,5.0,"{""brand_eng"": ""partimento"", ""brand_kor"": ""파르티멘토"", ""brand_no"": 1588, ""category1"": ""여성의류"", ""category2"": ""상의"", ""category3"": ""긴소매 티셔츠"", ""category3_code"": 268103102, ""is_new"": false, ""item_no"": 4135210, ""period_sort"": ""ONE_DAY"", ""platform"": ""29cm"", ""ranking_category_code"": ""272103100"", ""ranking_category_name"": ""남성의류>상의"", ""review_avg"": 5.0, ""sale_percent"": 32, ""sale_price"": 27970, ""sold_out"": false, ""url"": ""https://product.29cm.co.kr/catalog/4135210""}",2026-09-06T08:07:14+00:00_6caed517
2026-09-06T17:07:00+09:00,2026-09-06T08:07:16+00:00,commerce_rank,Raw Edge Pocket Long Sleeve Black,29cm:4135210@272103100,rank,54.0,"{""brand_eng"": ""partimento"", ""brand_kor"": ""파르티멘토"", ""brand_no"": 1588, ""category1"": ""여성의류"", ""category2"": ""상의"", ""category3"": ""긴소매 티셔츠"", ""category3_code"": 268103102, ""is_new"": false, ""item_no"": 4135210, ""period_sort"": ""ONE_DAY"", ""platform"": ""29cm"", ""ranking_category_code"": ""272103100"", ""ranking_category_name"": ""남성의류>상의"", ""review_avg"": 5.0, ""sale_percent"": 32, ""sale_price"": 27970, ""sold_out"": false, ""url"": ""https://product.29cm.co.kr/catalog/4135210""}",2026-09-06T08:07:14+00:00_6caed517
2026-09-06T17:07:00+09:00,2026-09-06T08:07:15+00:00,commerce_rank,[29CM 단독] (2차_9/11 순차배송) 데일리 레글런 티셔츠 (레몬),29cm:4135748,heart_count,1631.0,"{""brand_eng"": ""FOREU"", ""brand_kor"": ""포르어"", ""brand_no"": 95874, ""category1"": ""여성의류"", ""category2"": ""상의"", ""category3"": ""긴소매 티셔츠"", ""category3_code"": 268103102, ""is_new"": true, ""item_no"": 4135748, ""period_sort"": ""ONE_DAY"", ""platform"": ""29cm"", ""ranking_category_code"": ""268103100"", ""ranking_category_name"": ""여성의류>상의"", ""review_avg"": 0.0, ""sale_percent"": 19, ""sale_price"": 51680, ""sold_out"": false, ""url"": ""https://product.29cm.co.kr/catalog/4135748""}",2026-09-06T08:07:14+00:00_6caed517
2026-09-06T17:07:00+09:00,2026-09-06T08:07:15+00:00,commerce_rank,[29CM 단독] (2차_9/11 순차배송) 데일리 레글런 티셔츠 (레몬),29cm:4135748,review_count,0.0,"{""brand_eng"": ""FOREU"", ""brand_kor"": ""포르어"", ""brand_no"": 95874, ""category1"": ""여성의류"", ""category2"": ""상의"", ""category3"": ""긴소매 티셔츠"", ""category3_code"": 268103102, ""is_new"": true, ""item_no"": 4135748, ""period_sort"": ""ONE_DAY"", ""platform"": ""29cm"", ""ranking_category_code"": ""268103100"", ""ranking_category_name"": ""여성의류>상의"", ""review_avg"": 0.0, ""sale_percent"": 19, ""sale_price"": 51680, ""sold_out"": false, ""url"": ""https://product.29cm.co.kr/catalog/4135748""}",2026-09-06T08:07:14+00:00_6caed517
2026-09-06T17:07:00+09:00,2026-09-06T08:07:15+00:00,commerce_rank,[29CM 단독] (2차_9/11 순차배송) 데일리 레글런 티셔츠 (레몬),29cm:4135748@268103100,rank,65.0,"{""brand_eng"": ""FOREU"", ""brand_kor"": ""포르어"", ""brand_no"": 95874, ""category1"": ""여성의류"", ""category2"": ""상의"", ""category3"": ""긴소매 티셔츠"", ""category3_code"": 268103102, ""is_new"": true, ""item_no"": 4135748, ""period_sort"": ""ONE_DAY"", ""platform"": ""29cm"", ""ranking_category_code"": ""268103100"", ""ranking_category_name"": ""여성의류>상의"", ""review_avg"": 0.0, ""sale_percent"": 19, ""sale_price"": 51680, ""sold_out"": false, ""url"": ""https://product.29cm.co.kr/catalog/4135748""}",2026-09-06T08:07:14+00:00_6caed517
2026-09-06T17:07:00+09:00,2026-09-06T08:07:15+00:00,commerce_rank,[29CM 단독] (1차_9/14 순차배송) 데일리 레글런 티셔츠 (라벤더),29cm:4135750,heart_count,639.0,"{""brand_eng"": ""FOREU"", ""brand_kor"": ""포르어"", ""brand_no"": 95874, ""category1"": ""여성의류"", ""category2"": ""상의"", ""category3"": ""긴소매 티셔츠"", ""category3_code"": 268103102, ""is_new"": false, ""item_no"": 4135750, ""period_sort"": ""ONE_DAY"", ""platform"": ""29cm"", ""ranking_category_code"": ""268103100"", ""ranking_category_name"": ""여성의류>상의"", ""review_avg"": 5.0, ""sale_percent"": 19, ""sale_price"": 51680, ""sold_out"": false, ""url"": ""https://product.29cm.co.kr/catalog/4135750""}",2026-09-06T08:07:14+00:00_6caed517
2026-09-06T17:07:00+09:00,2026-09-06T08:07:15+00:00,commerce_rank,[29CM 단독] (1차_9/14 순차배송) 데일리 레글런 티셔츠 (라벤더),29cm:4135750,review_count,3.0,"{""brand_eng"": ""FOREU"", ""brand_kor"": ""포르어"", ""brand_no"": 95874, ""category1"": ""여성의류"", ""category2"": ""상의"", ""category3"": ""긴소매 티셔츠"", ""category3_code"": 268103102, ""is_new"": false, ""item_no"": 4135750, ""period_sort"": ""ONE_DAY"", ""platform"": ""29cm"", ""ranking_category_code"": ""268103100"", ""ranking_category_name"": ""여성의류>상의"", ""review_avg"": 5.0, ""sale_percent"": 19, ""sale_price"": 51680, ""sold_out"": false, ""url"": ""https://product.29cm.co.kr/catalog/4135750""}",2026-09-06T08:07:14+00:00_6caed517
2026-09-06T17:07:00+09:00,2026-09-06T08:07:15+00:00,commerce_rank,[29CM 단독] (1차_9/14 순차배송) 데일리 레글런 티셔츠 (라벤더),29cm:4135750@268103100,rank,67.0,"{""brand_eng"": ""FOREU"", ""brand_kor"": ""포르어"", ""brand_no"": 95874, ""category1"": ""여성의류"", ""category2"": ""상의"", ""category3"": ""긴소매 티셔츠"", ""category3_code"": 268103102, ""is_new"": false, ""item_no"": 4135750, ""period_sort"": ""ONE_DAY"", ""platform"": ""29cm"", ""ranking_category_code"": ""268103100"", ""ranking_category_name"": ""여성의류>상의"", ""review_avg"": 5.0, ""sale_percent"": 19, ""sale_price"": 51680, ""sold_out"": false, ""url"": ""https://product.29cm.co.kr/catalog/4135750""}",2026-09-06T08:07:14+00:00_6caed517
2026-09-06T17:07:00+09:00,2026-09-06T08:07:16+00:00,commerce_rank,Madras patchwork relaxed shirt _ beige,29cm:4135775,heart_count,14.0,"{""brand_eng"": ""FrizmWORKS"", ""brand_kor"": ""프리즘웍스"", ""brand_no"": 1502, ""category1"": ""남성의류"", ""category2"": ""상의"", ""category3"": ""긴소매 셔츠"", ""category3_code"": 272103106, ""is_new"": false, ""item_no"": 4135775, ""period_sort"": ""ONE_DAY"", ""platform"": ""29cm"", ""ranking_category_code"": ""272103100"", ""ranking_category_name"": ""남성의류>상의"", ""review_avg"": 0.0, ""sale_percent"": 19, ""sale_price"": 103680, ""sold_out"": false, ""url"": ""https://product.29cm.co.kr/catalog/4135775""}",2026-09-06T08:07:14+00:00_6caed517
2026-09-06T17:07:00+09:00,2026-09-06T08:07:16+00:00,commerce_rank,Madras patchwork relaxed shirt _ beige,29cm:4135775,review_count,0.0,"{""brand_eng"": ""FrizmWORKS"", ""brand_kor"": ""프리즘웍스"", ""brand_no"": 1502, ""category1"": ""남성의류"", ""category2"": ""상의"", ""category3"": ""긴소매 셔츠"", ""category3_code"": 272103106, ""is_new"": false, ""item_no"": 4135775, ""period_sort"": ""ONE_DAY"", ""platform"": ""29cm"", ""ranking_category_code"": ""272103100"", ""ranking_category_name"": ""남성의류>상의"", ""review_avg"": 0.0, ""sale_percent"": 19, ""sale_price"": 103680, ""sold_out"": false, ""url"": ""https://product.29cm.co.kr/catalog/4135775""}",2026-09-06T08:07:14+00:00_6caed517
2026-09-06T17:07:00+09:00,2026-09-06T08:07:16+00:00,commerce_rank,Madras patchwork relaxed shirt _ beige,29cm:4135775@272103100,rank,72.0,"{""brand_eng"": ""FrizmWORKS"", ""brand_kor"": ""프리즘웍스"", ""brand_no"": 1502, ""category1"": ""남성의류"", ""category2"": ""상의"", ""category3"": ""긴소매 셔츠"", ""category3_code"": 272103106, ""is_new"": false, ""item_no"": 4135775, ""period_sort"": ""ONE_DAY"", ""platform"": ""29cm"", ""ranking_category_code"": ""272103100"", ""ranking_category_name"": ""남성의류>상의"", ""review_avg"": 0.0, ""sale_percent"": 19, ""sale_price"": 103680, ""sold_out"": false, ""url"": ""https://product.29cm.co.kr/catalog/4135775""}",2026-09-06T08:07:14+00:00_6caed517
2026-09-06T17:07:00+09:00,2026-09-06T08:07:16+00:00,commerce_rank,[ESSENTIAL] EASY COMFORT LONG SLEEVES / NAVY,29cm:4136942,heart_count,24.0,"{""brand_eng"": ""UNAFFECTED"", ""brand_kor"": ""언어펙티드"", ""brand_no"": 2627, ""category1"": ""여성의류"", ""category2"": ""상의"", ""category3"": ""긴소매 티셔츠"", ""category3_code"": 268103102, ""is_new"": false, ""item_no"": 4136942, ""period_sort"": ""ONE_DAY"", ""platform"": ""29cm"", ""ranking_category_code"": ""272103100"", ""ranking_category_name"": ""남성의류>상의"", ""review_avg"": 0.0, ""sale_percent"": 15, ""sale_price"": 40800, ""sold_out"": false, ""url"": ""https://product.29cm.co.kr/catalog/4136942""}",2026-09-06T08:07:14+00:00_6caed517
2026-09-06T17:07:00+09:00,2026-09-06T08:07:16+00:00,commerce_rank,[ESSENTIAL] EASY COMFORT LONG SLEEVES / NAVY,29cm:4136942,review_count,0.0,"{""brand_eng"": ""UNAFFECTED"", ""brand_kor"": ""언어펙티드"", ""brand_no"": 2627, ""category1"": ""여성의류"", ""category2"": ""상의"", ""category3"": ""긴소매 티셔츠"", ""category3_code"": 268103102, ""is_new"": false, ""item_no"": 4136942, ""period_sort"": ""ONE_DAY"", ""platform"": ""29cm"", ""ranking_category_code"": ""272103100"", ""ranking_category_name"": ""남성의류>상의"", ""review_avg"": 0.0, ""sale_percent"": 15, ""sale_price"": 40800, ""sold_out"": false, ""url"": ""https://product.29cm.co.kr/catalog/4136942""}",2026-09-06T08:07:14+00:00_6caed517
2026-09-06T17:07:00+09:00,2026-09-06T08:07:16+00:00,commerce_rank,[ESSENTIAL] EASY COMFORT LONG SLEEVES / NAVY,29cm:4136942@272103100,rank,3.0,"{""brand_eng"": ""UNAFFECTED"", ""brand_kor"": ""언어펙티드"", ""brand_no"": 2627, ""category1"": ""여성의류"", ""category2"": ""상의"", ""category3"": ""긴소매 티셔츠"", ""category3_code"": 268103102, ""is_new"": false, ""item_no"": 4136942, ""period_sort"": ""ONE_DAY"", ""platform"": ""29cm"", ""ranking_category_code"": ""272103100"", ""ranking_category_name"": ""남성의류>상의"", ""review_avg"": 0.0, ""sale_percent"": 15, ""sale_price"": 40800, ""sold_out"": false, ""url"": ""https://product.29cm.co.kr/catalog/4136942""}",2026-09-06T08:07:14+00:00_6caed517
2026-09-06T17:07:00+09:00,2026-09-06T08:07:15+00:00,commerce_rank,[1차 리오더] Sheer boatneck raglan t-shirt_4colors,29cm:4137017,heart_count,570.0,"{""brand_eng"": ""URAGO"", ""brand_kor"": ""유라고"", ""brand_no"": 2221, ""category1"": ""여성의류"", ""category2"": ""상의"", ""category3"": ""긴소매 티셔츠"", ""category3_code"": 268103102, ""is_new"": false, ""item_no"": 4137017, ""period_sort"": ""ONE_DAY"", ""platform"": ""29cm"", ""ranking_category_code"": ""268103100"", ""ranking_category_name"": ""여성의류>상의"", ""review_avg"": 5.0, ""sale_percent"": 15, ""sale_price"": 49590, ""sold_out"": false, ""url"": ""https://product.29cm.co.kr/catalog/4137017""}",2026-09-06T08:07:14+00:00_6caed517
2026-09-06T17:07:00+09:00,2026-09-06T08:07:15+00:00,commerce_rank,[1차 리오더] Sheer boatneck raglan t-shirt_4colors,29cm:4137017,review_count,4.0,"{""brand_eng"": ""URAGO"", ""brand_kor"": ""유라고"", ""brand_no"": 2221, ""category1"": ""여성의류"", ""category2"": ""상의"", ""category3"": ""긴소매 티셔츠"", ""category3_code"": 268103102, ""is_new"": false, ""item_no"": 4137017, ""period_sort"": ""ONE_DAY"", ""platform"": ""29cm"", ""ranking_category_code"": ""268103100"", ""ranking_category_name"": ""여성의류>상의"", ""review_avg"": 5.0, ""sale_percent"": 15, ""sale_price"": 49590, ""sold_out"": false, ""url"": ""https://product.29cm.co.kr/catalog/4137017""}",2026-09-06T08:07:14+00:00_6caed517
2026-09-06T17:07:00+09:00,2026-09-06T08:07:15+00:00,commerce_rank,[1차 리오더] Sheer boatneck raglan t-shirt_4colors,29cm:4137017@268103100,rank,86.0,"{""brand_eng"": ""URAGO"", ""brand_kor"": ""유라고"", ""brand_no"": 2221, ""category1"": ""여성의류"", ""category2"": ""상의"", ""category3"": ""긴소매 티셔츠"", ""category3_code"": 268103102, ""is_new"": false, ""item_no"": 4137017, ""period_sort"": ""ONE_DAY"", ""platform"": ""29cm"", ""ranking_category_code"": ""268103100"", ""ranking_category_name"": ""여성의류>상의"", ""review_avg"": 5.0, ""sale_percent"": 15, ""sale_price"": 49590, ""sold_out"": false, ""url"": ""https://product.29cm.co.kr/catalog/4137017""}",2026-09-06T08:07:14+00:00_6caed517
2026-09-06T17:07:00+09:00,2026-09-06T08:07:15+00:00,commerce_rank,[2차리오더] Pure Frill Blouse (Check),29cm:4145474,heart_count,800.0,"{""brand_eng"": ""ETOBE"", ""brand_kor"": ""에토브"", ""brand_no"": 115453, ""category1"": ""여성의류"", ""category2"": ""상의"", ""category3"": ""블라우스"", ""category3_code"": 268103107, ""is_new"": false, ""item_no"": 4145474, ""period_sort"": ""ONE_DAY"", ""platform"": ""29cm"", ""ranking_category_code"": ""268103100"", ""ranking_category_name"": ""여성의류>상의"", ""review_avg"": 4.5, ""sale_percent"": 10, ""sale_price"": 124200, ""sold_out"": false, ""url"": ""https://product.29cm.co.kr/catalog/4145474""}",2026-09-06T08:07:14+00:00_6caed517
2026-09-06T17:07:00+09:00,2026-09-06T08:07:15+00:00,commerce_rank,[2차리오더] Pure Frill Blouse (Check),29cm:4145474,review_count,2.0,"{""brand_eng"": ""ETOBE"", ""brand_kor"": ""에토브"", ""brand_no"": 115453, ""category1"": ""여성의류"", ""category2"": ""상의"", ""category3"": ""블라우스"", ""category3_code"": 268103107, ""is_new"": false, ""item_no"": 4145474, ""period_sort"": ""ONE_DAY"", ""platform"": ""29cm"", ""ranking_category_code"": ""268103100"", ""ranking_category_name"": ""여성의류>상의"", ""review_avg"": 4.5, ""sale_percent"": 10, ""sale_price"": 124200, ""sold_out"": false, ""url"": ""https://product.29cm.co.kr/catalog/4145474""}",2026-09-06T08:07:14+00:00_6caed517
2026-09-06T17:07:00+09:00,2026-09-06T08:07:15+00:00,commerce_rank,[2차리오더] Pure Frill Blouse (Check),29cm:4145474@268103100,rank,23.0,"{""brand_eng"": ""ETOBE"", ""brand_kor"": ""에토브"", ""brand_no"": 115453, ""category1"": ""여성의류"", ""category2"": ""상의"", ""category3"": ""블라우스"", ""category3_code"": 268103107, ""is_new"": false, ""item_no"": 4145474, ""period_sort"": ""ONE_DAY"", ""platform"": ""29cm"", ""ranking_category_code"": ""268103100"", ""ranking_category_name"": ""여성의류>상의"", ""review_avg"": 4.5, ""sale_percent"": 10, ""sale_price"": 124200, ""sold_out"": false, ""url"": ""https://product.29cm.co.kr/catalog/4145474""}",2026-09-06T08:07:14+00:00_6caed517
2026-09-06T17:07:00+09:00,2026-09-06T08:07:16+00:00,commerce_rank,위켄드 울 블렌디드 티셔츠 레드,29cm:4149329,heart_count,133.0,"{""brand_eng"": ""AFTER PRAY"", ""brand_kor"": ""애프터프레이"", ""brand_no"": 3262, ""category1"": ""여성의류"", ""category2"": ""상의"", ""category3"": ""긴소매 티셔츠"", ""category3_code"": 268103102, ""is_new"": false, ""item_no"": 4149329, ""period_sort"": ""ONE_DAY"", ""platform"": ""29cm"", ""ranking_category_code"": ""272103100"", ""ranking_category_name"": ""남성의류>상의"", ""review_avg"": 0.0, ""sale_percent"": 19, ""sale_price"": 63840, ""sold_out"": false, ""url"": ""https://product.29cm.co.kr/catalog/4149329""}",2026-09-06T08:07:14+00:00_6caed517
2026-09-06T17:07:00+09:00,2026-09-06T08:07:16+00:00,commerce_rank,위켄드 울 블렌디드 티셔츠 레드,29cm:4149329,review_count,0.0,"{""brand_eng"": ""AFTER PRAY"", ""brand_kor"": ""애프터프레이"", ""brand_no"": 3262, ""category1"": ""여성의류"", ""category2"": ""상의"", ""category3"": ""긴소매 티셔츠"", ""category3_code"": 268103102, ""is_new"": false, ""item_no"": 4149329, ""period_sort"": ""ONE_DAY"", ""platform"": ""29cm"", ""ranking_category_code"": ""272103100"", ""ranking_category_name"": ""남성의류>상의"", ""review_avg"": 0.0, ""sale_percent"": 19, ""sale_price"": 63840, ""sold_out"": false, ""url"": ""https://product.29cm.co.kr/catalog/4149329""}",2026-09-06T08:07:14+00:00_6caed517
2026-09-06T17:07:00+09:00,2026-09-06T08:07:16+00:00,commerce_rank,위켄드 울 블렌디드 티셔츠 레드,29cm:4149329@272103100,rank,45.0,"{""brand_eng"": ""AFTER PRAY"", ""brand_kor"": ""애프터프레이"", ""brand_no"": 3262, ""category1"": ""여성의류"", ""category2"": ""상의"", ""category3"": ""긴소매 티셔츠"", ""category3_code"": 268103102, ""is_new"": false, ""item_no"": 4149329, ""period_sort"": ""ONE_DAY"", ""platform"": ""29cm"", ""ranking_category_code"": ""272103100"", ""ranking_category_name"": ""남성의류>상의"", ""review_avg"": 0.0, ""sale_percent"": 19, ""sale_price"": 63840, ""sold_out"": false, ""url"": ""https://product.29cm.co.kr/catalog/4149329""}",2026-09-06T08:07:14+00:00_6caed517
2026-09-06T17:07:00+09:00,2026-09-06T08:07:16+00:00,commerce_rank,Everyday Classic Check Shirts (Olive),29cm:4149645,heart_count,15.0,"{""brand_eng"": ""HAVE HAD"", ""brand_kor"": ""해브해드"", ""brand_no"": 2910, ""category1"": ""남성의류"", ""category2"": ""상의"", ""category3"": ""긴소매 셔츠"", ""category3_code"": 272103106, ""is_new"": false, ""item_no"": 4149645, ""period_sort"": ""ONE_DAY"", ""platform"": ""29cm"", ""ranking_category_code"": ""272103100"", ""ranking_category_name"": ""남성의류>상의"", ""review_avg"": 0.0, ""sale_percent"": 10, ""sale_price"": 80100, ""sold_out"": false, ""url"": ""https://product.29cm.co.kr/catalog/4149645""}",2026-09-06T08:07:14+00:00_6caed517
2026-09-06T17:07:00+09:00,2026-09-06T08:07:16+00:00,commerce_rank,Everyday Classic Check Shirts (Olive),29cm:4149645,review_count,0.0,"{""brand_eng"": ""HAVE HAD"", ""brand_kor"": ""해브해드"", ""brand_no"": 2910, ""category1"": ""남성의류"", ""category2"": ""상의"", ""category3"": ""긴소매 셔츠"", ""category3_code"": 272103106, ""is_new"": false, ""item_no"": 4149645, ""period_sort"": ""ONE_DAY"", ""platform"": ""29cm"", ""ranking_category_code"": ""272103100"", ""ranking_category_name"": ""남성의류>상의"", ""review_avg"": 0.0, ""sale_percent"": 10, ""sale_price"": 80100, ""sold_out"": false, ""url"": ""https://product.29cm.co.kr/catalog/4149645""}",2026-09-06T08:07:14+00:00_6caed517
2026-09-06T17:07:00+09:00,2026-09-06T08:07:16+00:00,commerce_rank,Everyday Classic Check Shirts (Olive),29cm:4149645@272103100,rank,97.0,"{""brand_eng"": ""HAVE HAD"", ""brand_kor"": ""해브해드"", ""brand_no"": 2910, ""category1"": ""남성의류"", ""category2"": ""상의"", ""category3"": ""긴소매 셔츠"", ""category3_code"": 272103106, ""is_new"": false, ""item_no"": 4149645, ""period_sort"": ""ONE_DAY"", ""platform"": ""29cm"", ""ranking_category_code"": ""272103100"", ""ranking_category_name"": ""남성의류>상의"", ""review_avg"": 0.0, ""sale_percent"": 10, ""sale_price"": 80100, ""sold_out"": false, ""url"": ""https://product.29cm.co.kr/catalog/4149645""}",2026-09-06T08:07:14+00:00_6caed517
2026-09-06T17:07:00+09:00,2026-09-06T08:07:15+00:00,commerce_rank,[주미니 Pick][29CM 단독]Raglan oversized modal tee [TIFA06LT06]_Navy,29cm:4149711,heart_count,1724.0,"{""brand_eng"": ""TILLIDIE"", ""brand_kor"": ""틸아이다이"", ""brand_no"": 3421, ""category1"": ""여성의류"", ""category2"": ""상의"", ""category3"": ""긴소매 티셔츠"", ""category3_code"": 268103102, ""is_new"": false, ""item_no"": 4149711, ""period_sort"": ""ONE_DAY"", ""platform"": ""29cm"", ""ranking_category_code"": ""268103100"", ""ranking_category_name"": ""여성의류>상의"", ""review_avg"": 5.0, ""sale_percent"": 24, ""sale_price"": 58140, ""sold_out"": false, ""url"": ""https://product.29cm.co.kr/catalog/4149711""}",2026-09-06T08:07:14+00:00_6caed517
2026-09-06T17:07:00+09:00,2026-09-06T08:07:15+00:00,commerce_rank,[주미니 Pick][29CM 단독]Raglan oversized modal tee [TIFA06LT06]_Navy,29cm:4149711,review_count,9.0,"{""brand_eng"": ""TILLIDIE"", ""brand_kor"": ""틸아이다이"", ""brand_no"": 3421, ""category1"": ""여성의류"", ""category2"": ""상의"", ""category3"": ""긴소매 티셔츠"", ""category3_code"": 268103102, ""is_new"": false, ""item_no"": 4149711, ""period_sort"": ""ONE_DAY"", ""platform"": ""29cm"", ""ranking_category_code"": ""268103100"", ""ranking_category_name"": ""여성의류>상의"", ""review_avg"": 5.0, ""sale_percent"": 24, ""sale_price"": 58140, ""sold_out"": false, ""url"": ""https://product.29cm.co.kr/catalog/4149711""}",2026-09-06T08:07:14+00:00_6caed517
2026-09-06T17:07:00+09:00,2026-09-06T08:07:15+00:00,commerce_rank,[주미니 Pick][29CM 단독]Raglan oversized modal tee [TIFA06LT06]_Navy,29cm:4149711@268103100,rank,3.0,"{""brand_eng"": ""TILLIDIE"", ""brand_kor"": ""틸아이다이"", ""brand_no"": 3421, ""category1"": ""여성의류"", ""category2"": ""상의"", ""category3"": ""긴소매 티셔츠"", ""category3_code"": 268103102, ""is_new"": false, ""item_no"": 4149711, ""period_sort"": ""ONE_DAY"", ""platform"": ""29cm"", ""ranking_category_code"": ""268103100"", ""ranking_category_name"": ""여성의류>상의"", ""review_avg"": 5.0, ""sale_percent"": 24, ""sale_price"": 58140, ""sold_out"": false, ""url"": ""https://product.29cm.co.kr/catalog/4149711""}",2026-09-06T08:07:14+00:00_6caed517
2026-09-06T17:07:00+09:00,2026-09-06T08:07:15+00:00,commerce_rank,[29CM 단독]Raglan oversized modal tee [TIFA06LT04]_Ivory,29cm:4149715,heart_count,470.0,"{""brand_eng"": ""TILLIDIE"", ""brand_kor"": ""틸아이다이"", ""brand_no"": 3421, ""category1"": ""여성의류"", ""category2"": ""상의"", ""category3"": ""긴소매 티셔츠"", ""category3_code"": 268103102, ""is_new"": false, ""item_no"": 4149715, ""period_sort"": ""ONE_DAY"", ""platform"": ""29cm"", ""ranking_category_code"": ""268103100"", ""ranking_category_name"": ""여성의류>상의"", ""review_avg"": 5.0, ""sale_percent"": 24, ""sale_price"": 58140, ""sold_out"": false, ""url"": ""https://product.29cm.co.kr/catalog/4149715""}",2026-09-06T08:07:14+00:00_6caed517
2026-09-06T17:07:00+09:00,2026-09-06T08:07:15+00:00,commerce_rank,[29CM 단독]Raglan oversized modal tee [TIFA06LT04]_Ivory,29cm:4149715,review_count,4.0,"{""brand_eng"": ""TILLIDIE"", ""brand_kor"": ""틸아이다이"", ""brand_no"": 3421, ""category1"": ""여성의류"", ""category2"": ""상의"", ""category3"": ""긴소매 티셔츠"", ""category3_code"": 268103102, ""is_new"": false, ""item_no"": 4149715, ""period_sort"": ""ONE_DAY"", ""platform"": ""29cm"", ""ranking_category_code"": ""268103100"", ""ranking_category_name"": ""여성의류>상의"", ""review_avg"": 5.0, ""sale_percent"": 24, ""sale_price"": 58140, ""sold_out"": false, ""url"": ""https://product.29cm.co.kr/catalog/4149715""}",2026-09-06T08:07:14+00:00_6caed517
2026-09-06T17:07:00+09:00,2026-09-06T08:07:15+00:00,commerce_rank,[29CM 단독]Raglan oversized modal tee [TIFA06LT04]_Ivory,29cm:4149715@268103100,rank,39.0,"{""brand_eng"": ""TILLIDIE"", ""brand_kor"": ""틸아이다이"", ""brand_no"": 3421, ""category1"": ""여성의류"", ""category2"": ""상의"", ""category3"": ""긴소매 티셔츠"", ""category3_code"": 268103102, ""is_new"": false, ""item_no"": 4149715, ""period_sort"": ""ONE_DAY"", ""platform"": ""29cm"", ""ranking_category_code"": ""268103100"", ""ranking_category_name"": ""여성의류>상의"", ""review_avg"": 5.0, ""sale_percent"": 24, ""sale_price"": 58140, ""sold_out"": false, ""url"": ""https://product.29cm.co.kr/catalog/4149715""}",2026-09-06T08:07:14+00:00_6caed517
2026-09-06T17:07:00+09:00,2026-09-06T08:07:15+00:00,commerce_rank,스카이 도그 롱슬리브 티셔츠_멜란지 그레이,29cm:4150120,heart_count,366.0,"{""brand_eng"": ""URBANDTYPE"", ""brand_kor"": ""어반디타입"", ""brand_no"": 2295, ""category1"": ""여성의류"", ""category2"": ""상의"", ""category3"": ""긴소매 티셔츠"", ""category3_code"": 268103102, ""is_new"": false, ""item_no"": 4150120, ""period_sort"": ""ONE_DAY"", ""platform"": ""29cm"", ""ranking_category_code"": ""268103100"", ""ranking_category_name"": ""여성의류>상의"", ""review_avg"": 0.0, ""sale_percent"": 17, ""sale_price"": 49000, ""sold_out"": false, ""url"": ""https://product.29cm.co.kr/catalog/4150120""}",2026-09-06T08:07:14+00:00_6caed517
2026-09-06T17:07:00+09:00,2026-09-06T08:07:15+00:00,commerce_rank,스카이 도그 롱슬리브 티셔츠_멜란지 그레이,29cm:4150120,review_count,0.0,"{""brand_eng"": ""URBANDTYPE"", ""brand_kor"": ""어반디타입"", ""brand_no"": 2295, ""category1"": ""여성의류"", ""category2"": ""상의"", ""category3"": ""긴소매 티셔츠"", ""category3_code"": 268103102, ""is_new"": false, ""item_no"": 4150120, ""period_sort"": ""ONE_DAY"", ""platform"": ""29cm"", ""ranking_category_code"": ""268103100"", ""ranking_category_name"": ""여성의류>상의"", ""review_avg"": 0.0, ""sale_percent"": 17, ""sale_price"": 49000, ""sold_out"": false, ""url"": ""https://product.29cm.co.kr/catalog/4150120""}",2026-09-06T08:07:14+00:00_6caed517
2026-09-06T17:07:00+09:00,2026-09-06T08:07:15+00:00,commerce_rank,스카이 도그 롱슬리브 티셔츠_멜란지 그레이,29cm:4150120@268103100,rank,18.0,"{""brand_eng"": ""URBANDTYPE"", ""brand_kor"": ""어반디타입"", ""brand_no"": 2295, ""category1"": ""여성의류"", ""category2"": ""상의"", ""category3"": ""긴소매 티셔츠"", ""category3_code"": 268103102, ""is_new"": false, ""item_no"": 4150120, ""period_sort"": ""ONE_DAY"", ""platform"": ""29cm"", ""ranking_category_code"": ""268103100"", ""ranking_category_name"": ""여성의류>상의"", ""review_avg"": 0.0, ""sale_percent"": 17, ""sale_price"": 49000, ""sold_out"": false, ""url"": ""https://product.29cm.co.kr/catalog/4150120""}",2026-09-06T08:07:14+00:00_6caed517
2026-09-06T17:07:00+09:00,2026-09-06T08:07:15+00:00,commerce_rank,[7부/오버핏] Vintage Essential Raglan Tee,29cm:4152302,heart_count,4357.0,"{""brand_eng"": ""BITTERCELLS"", ""brand_kor"": ""비터셀즈"", ""brand_no"": 15063, ""category1"": ""여성의류"", ""category2"": ""상의"", ""category3"": ""긴소매 티셔츠"", ""category3_code"": 268103102, ""is_new"": true, ""item_no"": 4152302, ""period_sort"": ""ONE_DAY"", ""platform"": ""29cm"", ""ranking_category_code"": ""268103100"", ""ranking_category_name"": ""여성의류>상의"", ""review_avg"": 4.5, ""sale_percent"": 25, ""sale_price"": 33000, ""sold_out"": false, ""url"": ""https://product.29cm.co.kr/catalog/4152302""}",2026-09-06T08:07:14+00:00_6caed517
2026-09-06T17:07:00+09:00,2026-09-06T08:07:15+00:00,commerce_rank,[7부/오버핏] Vintage Essential Raglan Tee,29cm:4152302,review_count,25.0,"{""brand_eng"": ""BITTERCELLS"", ""brand_kor"": ""비터셀즈"", ""brand_no"": 15063, ""category1"": ""여성의류"", ""category2"": ""상의"", ""category3"": ""긴소매 티셔츠"", ""category3_code"": 268103102, ""is_new"": true, ""item_no"": 4152302, ""period_sort"": ""ONE_DAY"", ""platform"": ""29cm"", ""ranking_category_code"": ""268103100"", ""ranking_category_name"": ""여성의류>상의"", ""review_avg"": 4.5, ""sale_percent"": 25, ""sale_price"": 33000, ""sold_out"": false, ""url"": ""https://product.29cm.co.kr/catalog/4152302""}",2026-09-06T08:07:14+00:00_6caed517
2026-09-06T17:07:00+09:00,2026-09-06T08:07:15+00:00,commerce_rank,[7부/오버핏] Vintage Essential Raglan Tee,29cm:4152302@268103100,rank,1.0,"{""brand_eng"": ""BITTERCELLS"", ""brand_kor"": ""비터셀즈"", ""brand_no"": 15063, ""category1"": ""여성의류"", ""category2"": ""상의"", ""category3"": ""긴소매 티셔츠"", ""category3_code"": 268103102, ""is_new"": true, ""item_no"": 4152302, ""period_sort"": ""ONE_DAY"", ""platform"": ""29cm"", ""ranking_category_code"": ""268103100"", ""ranking_category_name"": ""여성의류>상의"", ""review_avg"": 4.5, ""sale_percent"": 25, ""sale_price"": 33000, ""sold_out"": false, ""url"": ""https://product.29cm.co.kr/catalog/4152302""}",2026-09-06T08:07:14+00:00_6caed517
2026-09-06T17:07:00+09:00,2026-09-06T08:07:16+00:00,commerce_rank,"Cut Off Raglan Long Sleeve, Black",29cm:4154802,heart_count,360.0,"{""brand_eng"": ""BROWNYARD"", ""brand_kor"": ""브라운야드"", ""brand_no"": 2211, ""category1"": ""남성의류"", ""category2"": ""상의"", ""category3"": ""긴소매 티셔츠"", ""category3_code"": 272103102, ""is_new"": false, ""item_no"": 4154802, ""period_sort"": ""ONE_DAY"", ""platform"": ""29cm"", ""ranking_category_code"": ""272103100"", ""ranking_category_name"": ""남성의류>상의"", ""review_avg"": 5.0, ""sale_percent"": 10, ""sale_price"": 70200, ""sold_out"": true, ""url"": ""https://product.29cm.co.kr/catalog/4154802""}",2026-09-06T08:07:14+00:00_6caed517
2026-09-06T17:07:00+09:00,2026-09-06T08:07:16+00:00,commerce_rank,"Cut Off Raglan Long Sleeve, Black",29cm:4154802,review_count,5.0,"{""brand_eng"": ""BROWNYARD"", ""brand_kor"": ""브라운야드"", ""brand_no"": 2211, ""category1"": ""남성의류"", ""category2"": ""상의"", ""category3"": ""긴소매 티셔츠"", ""category3_code"": 272103102, ""is_new"": false, ""item_no"": 4154802, ""period_sort"": ""ONE_DAY"", ""platform"": ""29cm"", ""ranking_category_code"": ""272103100"", ""ranking_category_name"": ""남성의류>상의"", ""review_avg"": 5.0, ""sale_percent"": 10, ""sale_price"": 70200, ""sold_out"": true, ""url"": ""https://product.29cm.co.kr/catalog/4154802""}",2026-09-06T08:07:14+00:00_6caed517
2026-09-06T17:07:00+09:00,2026-09-06T08:07:16+00:00,commerce_rank,"Cut Off Raglan Long Sleeve, Black",29cm:4154802@272103100,rank,1.0,"{""brand_eng"": ""BROWNYARD"", ""brand_kor"": ""브라운야드"", ""brand_no"": 2211, ""category1"": ""남성의류"", ""category2"": ""상의"", ""category3"": ""긴소매 티셔츠"", ""category3_code"": 272103102, ""is_new"": false, ""item_no"": 4154802, ""period_sort"": ""ONE_DAY"", ""platform"": ""29cm"", ""ranking_category_code"": ""272103100"", ""ranking_category_name"": ""남성의류>상의"", ""review_avg"": 5.0, ""sale_percent"": 10, ""sale_price"": 70200, ""sold_out"": true, ""url"": ""https://product.29cm.co.kr/catalog/4154802""}",2026-09-06T08:07:14+00:00_6caed517
2026-09-06T17:07:00+09:00,2026-09-06T08:07:16+00:00,commerce_rank,"Cut Off Raglan Long Sleeve, Blue",29cm:4154810,heart_count,235.0,"{""brand_eng"": ""BROWNYARD"", ""brand_kor"": ""브라운야드"", ""brand_no"": 2211, ""category1"": ""남성의류"", ""category2"": ""상의"", ""category3"": ""긴소매 티셔츠"", ""category3_code"": 272103102, ""is_new"": false, ""item_no"": 4154810, ""period_sort"": ""ONE_DAY"", ""platform"": ""29cm"", ""ranking_category_code"": ""272103100"", ""ranking_category_name"": ""남성의류>상의"", ""review_avg"": 5.0, ""sale_percent"": 10, ""sale_price"": 70200, ""sold_out"": false, ""url"": ""https://product.29cm.co.kr/catalog/4154810""}",2026-09-06T08:07:14+00:00_6caed517
2026-09-06T17:07:00+09:00,2026-09-06T08:07:16+00:00,commerce_rank,"Cut Off Raglan Long Sleeve, Blue",29cm:4154810,review_count,4.0,"{""brand_eng"": ""BROWNYARD"", ""brand_kor"": ""브라운야드"", ""brand_no"": 2211, ""category1"": ""남성의류"", ""category2"": ""상의"", ""category3"": ""긴소매 티셔츠"", ""category3_code"": 272103102, ""is_new"": false, ""item_no"": 4154810, ""period_sort"": ""ONE_DAY"", ""platform"": ""29cm"", ""ranking_category_code"": ""272103100"", ""ranking_category_name"": ""남성의류>상의"", ""review_avg"": 5.0, ""sale_percent"": 10, ""sale_price"": 70200, ""sold_out"": false, ""url"": ""https://product.29cm.co.kr/catalog/4154810""}",2026-09-06T08:07:14+00:00_6caed517
2026-09-06T17:07:00+09:00,2026-09-06T08:07:16+00:00,commerce_rank,"Cut Off Raglan Long Sleeve, Blue",29cm:4154810@272103100,rank,2.0,"{""brand_eng"": ""BROWNYARD"", ""brand_kor"": ""브라운야드"", ""brand_no"": 2211, ""category1"": ""남성의류"", ""category2"": ""상의"", ""category3"": ""긴소매 티셔츠"", ""category3_code"": 272103102, ""is_new"": false, ""item_no"": 4154810, ""period_sort"": ""ONE_DAY"", ""platform"": ""29cm"", ""ranking_category_code"": ""272103100"", ""ranking_category_name"": ""남성의류>상의"", ""review_avg"": 5.0, ""sale_percent"": 10, ""sale_price"": 70200, ""sold_out"": false, ""url"": ""https://product.29cm.co.kr/catalog/4154810""}",2026-09-06T08:07:14+00:00_6caed517
2026-09-06T17:07:00+09:00,2026-09-06T08:07:16+00:00,commerce_rank,"Cut Off Raglan Long Sleeve, Red",29cm:4154811,heart_count,370.0,"{""brand_eng"": ""BROWNYARD"", ""brand_kor"": ""브라운야드"", ""brand_no"": 2211, ""category1"": ""남성의류"", ""category2"": ""상의"", ""category3"": ""긴소매 티셔츠"", ""category3_code"": 272103102, ""is_new"": false, ""item_no"": 4154811, ""period_sort"": ""ONE_DAY"", ""platform"": ""29cm"", ""ranking_category_code"": ""272103100"", ""ranking_category_name"": ""남성의류>상의"", ""review_avg"": 4.5, ""sale_percent"": 10, ""sale_price"": 70200, ""sold_out"": true, ""url"": ""https://product.29cm.co.kr/catalog/4154811""}",2026-09-06T08:07:14+00:00_6caed517
2026-09-06T17:07:00+09:00,2026-09-06T08:07:16+00:00,commerce_rank,"Cut Off Raglan Long Sleeve, Red",29cm:4154811,review_count,10.0,"{""brand_eng"": ""BROWNYARD"", ""brand_kor"": ""브라운야드"", ""brand_no"": 2211, ""category1"": ""남성의류"", ""category2"": ""상의"", ""category3"": ""긴소매 티셔츠"", ""category3_code"": 272103102, ""is_new"": false, ""item_no"": 4154811, ""period_sort"": ""ONE_DAY"", ""platform"": ""29cm"", ""ranking_category_code"": ""272103100"", ""ranking_category_name"": ""남성의류>상의"", ""review_avg"": 4.5, ""sale_percent"": 10, ""sale_price"": 70200, ""sold_out"": true, ""url"": ""https://product.29cm.co.kr/catalog/4154811""}",2026-09-06T08:07:14+00:00_6caed517
2026-09-06T17:07:00+09:00,2026-09-06T08:07:16+00:00,commerce_rank,"Cut Off Raglan Long Sleeve, Red",29cm:4154811@272103100,rank,79.0,"{""brand_eng"": ""BROWNYARD"", ""brand_kor"": ""브라운야드"", ""brand_no"": 2211, ""category1"": ""남성의류"", ""category2"": ""상의"", ""category3"": ""긴소매 티셔츠"", ""category3_code"": 272103102, ""is_new"": false, ""item_no"": 4154811, ""period_sort"": ""ONE_DAY"", ""platform"": ""29cm"", ""ranking_category_code"": ""272103100"", ""ranking_category_name"": ""남성의류>상의"", ""review_avg"": 4.5, ""sale_percent"": 10, ""sale_price"": 70200, ""sold_out"": true, ""url"": ""https://product.29cm.co.kr/catalog/4154811""}",2026-09-06T08:07:14+00:00_6caed517
2026-09-06T17:07:00+09:00,2026-09-06T08:07:16+00:00,commerce_rank,"High Gauge V Neck Long Sleeve, Ivory",29cm:4155213,heart_count,25.0,"{""brand_eng"": ""BROWNYARD"", ""brand_kor"": ""브라운야드"", ""brand_no"": 2211, ""category1"": ""남성의류"", ""category2"": ""상의"", ""category3"": ""긴소매 티셔츠"", ""category3_code"": 272103102, ""is_new"": false, ""item_no"": 4155213, ""period_sort"": ""ONE_DAY"", ""platform"": ""29cm"", ""ranking_category_code"": ""272103100"", ""ranking_category_name"": ""남성의류>상의"", ""review_avg"": 5.0, ""sale_percent"": 10, ""sale_price"": 70200, ""sold_out"": false, ""url"": ""https://product.29cm.co.kr/catalog/4155213""}",2026-09-06T08:07:14+00:00_6caed517
2026-09-06T17:07:00+09:00,2026-09-06T08:07:16+00:00,commerce_rank,"High Gauge V Neck Long Sleeve, Ivory",29cm:4155213,review_count,1.0,"{""brand_eng"": ""BROWNYARD"", ""brand_kor"": ""브라운야드"", ""brand_no"": 2211, ""category1"": ""남성의류"", ""category2"": ""상의"", ""category3"": ""긴소매 티셔츠"", ""category3_code"": 272103102, ""is_new"": false, ""item_no"": 4155213, ""period_sort"": ""ONE_DAY"", ""platform"": ""29cm"", ""ranking_category_code"": ""272103100"", ""ranking_category_name"": ""남성의류>상의"", ""review_avg"": 5.0, ""sale_percent"": 10, ""sale_price"": 70200, ""sold_out"": false, ""url"": ""https://product.29cm.co.kr/catalog/4155213""}",2026-09-06T08:07:14+00:00_6caed517
2026-09-06T17:07:00+09:00,2026-09-06T08:07:16+00:00,commerce_rank,"High Gauge V Neck Long Sleeve, Ivory",29cm:4155213@272103100,rank,58.0,"{""brand_eng"": ""BROWNYARD"", ""brand_kor"": ""브라운야드"", ""brand_no"": 2211, ""category1"": ""남성의류"", ""category2"": ""상의"", ""category3"": ""긴소매 티셔츠"", ""category3_code"": 272103102, ""is_new"": false, ""item_no"": 4155213, ""period_sort"": ""ONE_DAY"", ""platform"": ""29cm"", ""ranking_category_code"": ""272103100"", ""ranking_category_name"": ""남성의류>상의"", ""review_avg"": 5.0, ""sale_percent"": 10, ""sale_price"": 70200, ""sold_out"": false, ""url"": ""https://product.29cm.co.kr/catalog/4155213""}",2026-09-06T08:07:14+00:00_6caed517
2026-09-06T17:07:00+09:00,2026-09-06T08:07:15+00:00,commerce_rank,[2차] Waffle Half-Open Sweatshirt (Oatmeal),29cm:4163583,heart_count,904.0,"{""brand_eng"": ""TOAVE"", ""brand_kor"": ""토아베"", ""brand_no"": 101870, ""category1"": ""여성의류"", ""category2"": ""상의"", ""category3"": ""스웨트셔츠"", ""category3_code"": 268103104, ""is_new"": true, ""item_no"": 4163583, ""period_sort"": ""ONE_DAY"", ""platform"": ""29cm"", ""ranking_category_code"": ""268103100"", ""ranking_category_name"": ""여성의류>상의"", ""review_avg"": 0.0, ""sale_percent"": 10, ""sale_price"": 70200, ""sold_out"": false, ""url"": ""https://product.29cm.co.kr/catalog/4163583""}",2026-09-06T08:07:14+00:00_6caed517
2026-09-06T17:07:00+09:00,2026-09-06T08:07:15+00:00,commerce_rank,[2차] Waffle Half-Open Sweatshirt (Oatmeal),29cm:4163583,review_count,0.0,"{""brand_eng"": ""TOAVE"", ""brand_kor"": ""토아베"", ""brand_no"": 101870, ""category1"": ""여성의류"", ""category2"": ""상의"", ""category3"": ""스웨트셔츠"", ""category3_code"": 268103104, ""is_new"": true, ""item_no"": 4163583, ""period_sort"": ""ONE_DAY"", ""platform"": ""29cm"", ""ranking_category_code"": ""268103100"", ""ranking_category_name"": ""여성의류>상의"", ""review_avg"": 0.0, ""sale_percent"": 10, ""sale_price"": 70200, ""sold_out"": false, ""url"": ""https://product.29cm.co.kr/catalog/4163583""}",2026-09-06T08:07:14+00:00_6caed517
2026-09-06T17:07:00+09:00,2026-09-06T08:07:15+00:00,commerce_rank,[2차] Waffle Half-Open Sweatshirt (Oatmeal),29cm:4163583@268103100,rank,100.0,"{""brand_eng"": ""TOAVE"", ""brand_kor"": ""토아베"", ""brand_no"": 101870, ""category1"": ""여성의류"", ""category2"": ""상의"", ""category3"": ""스웨트셔츠"", ""category3_code"": 268103104, ""is_new"": true, ""item_no"": 4163583, ""period_sort"": ""ONE_DAY"", ""platform"": ""29cm"", ""ranking_category_code"": ""268103100"", ""ranking_category_name"": ""여성의류>상의"", ""review_avg"": 0.0, ""sale_percent"": 10, ""sale_price"": 70200, ""sold_out"": false, ""url"": ""https://product.29cm.co.kr/catalog/4163583""}",2026-09-06T08:07:14+00:00_6caed517
2026-09-06T17:07:00+09:00,2026-09-06T08:07:15+00:00,commerce_rank,[3차] Pond Floral Hook T-Shirt (Pink yellow),29cm:4163596,heart_count,665.0,"{""brand_eng"": ""TOAVE"", ""brand_kor"": ""토아베"", ""brand_no"": 101870, ""category1"": ""여성의류"", ""category2"": ""상의"", ""category3"": ""긴소매 티셔츠"", ""category3_code"": 268103102, ""is_new"": true, ""item_no"": 4163596, ""period_sort"": ""ONE_DAY"", ""platform"": ""29cm"", ""ranking_category_code"": ""268103100"", ""ranking_category_name"": ""여성의류>상의"", ""review_avg"": 5.0, ""sale_percent"": 10, ""sale_price"": 62100, ""sold_out"": false, ""url"": ""https://product.29cm.co.kr/catalog/4163596""}",2026-09-06T08:07:14+00:00_6caed517
2026-09-06T17:07:00+09:00,2026-09-06T08:07:15+00:00,commerce_rank,[3차] Pond Floral Hook T-Shirt (Pink yellow),29cm:4163596,review_count,3.0,"{""brand_eng"": ""TOAVE"", ""brand_kor"": ""토아베"", ""brand_no"": 101870, ""category1"": ""여성의류"", ""category2"": ""상의"", ""category3"": ""긴소매 티셔츠"", ""category3_code"": 268103102, ""is_new"": true, ""item_no"": 4163596, ""period_sort"": ""ONE_DAY"", ""platform"": ""29cm"", ""ranking_category_code"": ""268103100"", ""ranking_category_name"": ""여성의류>상의"", ""review_avg"": 5.0, ""sale_percent"": 10, ""sale_price"": 62100, ""sold_out"": false, ""url"": ""https://product.29cm.co.kr/catalog/4163596""}",2026-09-06T08:07:14+00:00_6caed517
2026-09-06T17:07:00+09:00,2026-09-06T08:07:15+00:00,commerce_rank,[3차] Pond Floral Hook T-Shirt (Pink yellow),29cm:4163596@268103100,rank,62.0,"{""brand_eng"": ""TOAVE"", ""brand_kor"": ""토아베"", ""brand_no"": 101870, ""category1"": ""여성의류"", ""category2"": ""상의"", ""category3"": ""긴소매 티셔츠"", ""category3_code"": 268103102, ""is_new"": true, ""item_no"": 4163596, ""period_sort"": ""ONE_DAY"", ""platform"": ""29cm"", ""ranking_category_code"": ""268103100"", ""ranking_category_name"": ""여성의류>상의"", ""review_avg"": 5.0, ""sale_percent"": 10, ""sale_price"": 62100, ""sold_out"": false, ""url"": ""https://product.29cm.co.kr/catalog/4163596""}",2026-09-06T08:07:14+00:00_6caed517
2026-09-06T17:07:00+09:00,2026-09-06T08:07:16+00:00,commerce_rank,Multi-grain Crewneck Grey,29cm:4167405,heart_count,134.0,"{""brand_eng"": ""Khakis"", ""brand_kor"": ""카키스"", ""brand_no"": 16064, ""category1"": ""남성의류"", ""category2"": ""상의"", ""category3"": ""스웨트셔츠"", ""category3_code"": 272103107, ""is_new"": false, ""item_no"": 4167405, ""period_sort"": ""ONE_DAY"", ""platform"": ""29cm"", ""ranking_category_code"": ""272103100"", ""ranking_category_name"": ""남성의류>상의"", ""review_avg"": 0.0, ""sale_percent"": 0, ""sale_price"": 169000, ""sold_out"": false, ""url"": ""https://product.29cm.co.kr/catalog/4167405""}",2026-09-06T08:07:14+00:00_6caed517
2026-09-06T17:07:00+09:00,2026-09-06T08:07:16+00:00,commerce_rank,Multi-grain Crewneck Grey,29cm:4167405,review_count,0.0,"{""brand_eng"": ""Khakis"", ""brand_kor"": ""카키스"", ""brand_no"": 16064, ""category1"": ""남성의류"", ""category2"": ""상의"", ""category3"": ""스웨트셔츠"", ""category3_code"": 272103107, ""is_new"": false, ""item_no"": 4167405, ""period_sort"": ""ONE_DAY"", ""platform"": ""29cm"", ""ranking_category_code"": ""272103100"", ""ranking_category_name"": ""남성의류>상의"", ""review_avg"": 0.0, ""sale_percent"": 0, ""sale_price"": 169000, ""sold_out"": false, ""url"": ""https://product.29cm.co.kr/catalog/4167405""}",2026-09-06T08:07:14+00:00_6caed517
2026-09-06T17:07:00+09:00,2026-09-06T08:07:16+00:00,commerce_rank,Multi-grain Crewneck Grey,29cm:4167405@272103100,rank,39.0,"{""brand_eng"": ""Khakis"", ""brand_kor"": ""카키스"", ""brand_no"": 16064, ""category1"": ""남성의류"", ""category2"": ""상의"", ""category3"": ""스웨트셔츠"", ""category3_code"": 272103107, ""is_new"": false, ""item_no"": 4167405, ""period_sort"": ""ONE_DAY"", ""platform"": ""29cm"", ""ranking_category_code"": ""272103100"", ""ranking_category_name"": ""남성의류>상의"", ""review_avg"": 0.0, ""sale_percent"": 0, ""sale_price"": 169000, ""sold_out"": false, ""url"": ""https://product.29cm.co.kr/catalog/4167405""}",2026-09-06T08:07:14+00:00_6caed517
2026-09-06T17:07:00+09:00,2026-09-06T08:07:15+00:00,commerce_rank,소프티 스트라이프 긴팔티 (2colors),29cm:4175093,heart_count,1139.0,"{""brand_eng"": ""UMER"", ""brand_kor"": ""유메르"", ""brand_no"": 24445, ""category1"": ""여성의류"", ""category2"": ""상의"", ""category3"": ""긴소매 티셔츠"", ""category3_code"": 268103102, ""is_new"": true, ""item_no"": 4175093, ""period_sort"": ""ONE_DAY"", ""platform"": ""29cm"", ""ranking_category_code"": ""268103100"", ""ranking_category_name"": ""여성의류>상의"", ""review_avg"": 5.0, ""sale_percent"": 5, ""sale_price"": 46550, ""sold_out"": false, ""url"": ""https://product.29cm.co.kr/catalog/4175093""}",2026-09-06T08:07:14+00:00_6caed517
2026-09-06T17:07:00+09:00,2026-09-06T08:07:15+00:00,commerce_rank,소프티 스트라이프 긴팔티 (2colors),29cm:4175093,review_count,25.0,"{""brand_eng"": ""UMER"", ""brand_kor"": ""유메르"", ""brand_no"": 24445, ""category1"": ""여성의류"", ""category2"": ""상의"", ""category3"": ""긴소매 티셔츠"", ""category3_code"": 268103102, ""is_new"": true, ""item_no"": 4175093, ""period_sort"": ""ONE_DAY"", ""platform"": ""29cm"", ""ranking_category_code"": ""268103100"", ""ranking_category_name"": ""여성의류>상의"", ""review_avg"": 5.0, ""sale_percent"": 5, ""sale_price"": 46550, ""sold_out"": false, ""url"": ""https://product.29cm.co.kr/catalog/4175093""}",2026-09-06T08:07:14+00:00_6caed517
2026-09-06T17:07:00+09:00,2026-09-06T08:07:15+00:00,commerce_rank,소프티 스트라이프 긴팔티 (2colors),29cm:4175093@268103100,rank,76.0,"{""brand_eng"": ""UMER"", ""brand_kor"": ""유메르"", ""brand_no"": 24445, ""category1"": ""여성의류"", ""category2"": ""상의"", ""category3"": ""긴소매 티셔츠"", ""category3_code"": 268103102, ""is_new"": true, ""item_no"": 4175093, ""period_sort"": ""ONE_DAY"", ""platform"": ""29cm"", ""ranking_category_code"": ""268103100"", ""ranking_category_name"": ""여성의류>상의"", ""review_avg"": 5.0, ""sale_percent"": 5, ""sale_price"": 46550, ""sold_out"": false, ""url"": ""https://product.29cm.co.kr/catalog/4175093""}",2026-09-06T08:07:14+00:00_6caed517
2026-09-06T17:07:00+09:00,2026-09-06T08:07:15+00:00,commerce_rank,아네 볼륨 블라우스 (4colors),29cm:4175102,heart_count,2543.0,"{""brand_eng"": ""UMER"", ""brand_kor"": ""유메르"", ""brand_no"": 24445, ""category1"": ""여성의류"", ""category2"": ""상의"", ""category3"": ""블라우스"", ""category3_code"": 268103107, ""is_new"": true, ""item_no"": 4175102, ""period_sort"": ""ONE_DAY"", ""platform"": ""29cm"", ""ranking_category_code"": ""268103100"", ""ranking_category_name"": ""여성의류>상의"", ""review_avg"": 5.0, ""sale_percent"": 5, ""sale_price"": 153900, ""sold_out"": false, ""url"": ""https://product.29cm.co.kr/catalog/4175102""}",2026-09-06T08:07:14+00:00_6caed517
2026-09-06T17:07:00+09:00,2026-09-06T08:07:15+00:00,commerce_rank,아네 볼륨 블라우스 (4colors),29cm:4175102,review_count,2.0,"{""brand_eng"": ""UMER"", ""brand_kor"": ""유메르"", ""brand_no"": 24445, ""category1"": ""여성의류"", ""category2"": ""상의"", ""category3"": ""블라우스"", ""category3_code"": 268103107, ""is_new"": true, ""item_no"": 4175102, ""period_sort"": ""ONE_DAY"", ""platform"": ""29cm"", ""ranking_category_code"": ""268103100"", ""ranking_category_name"": ""여성의류>상의"", ""review_avg"": 5.0, ""sale_percent"": 5, ""sale_price"": 153900, ""sold_out"": false, ""url"": ""https://product.29cm.co.kr/catalog/4175102""}",2026-09-06T08:07:14+00:00_6caed517
2026-09-06T17:07:00+09:00,2026-09-06T08:07:15+00:00,commerce_rank,아네 볼륨 블라우스 (4colors),29cm:4175102@268103100,rank,53.0,"{""brand_eng"": ""UMER"", ""brand_kor"": ""유메르"", ""brand_no"": 24445, ""category1"": ""여성의류"", ""category2"": ""상의"", ""category3"": ""블라우스"", ""category3_code"": 268103107, ""is_new"": true, ""item_no"": 4175102, ""period_sort"": ""ONE_DAY"", ""platform"": ""29cm"", ""ranking_category_code"": ""268103100"", ""ranking_category_name"": ""여성의류>상의"", ""review_avg"": 5.0, ""sale_percent"": 5, ""sale_price"": 153900, ""sold_out"": false, ""url"": ""https://product.29cm.co.kr/catalog/4175102""}",2026-09-06T08:07:14+00:00_6caed517
2026-09-06T17:07:00+09:00,2026-09-06T08:07:15+00:00,commerce_rank,텐셀 울 헨리 티 (5colors),29cm:4175814,heart_count,2203.0,"{""brand_eng"": ""UMER"", ""brand_kor"": ""유메르"", ""brand_no"": 24445, ""category1"": ""여성의류"", ""category2"": ""상의"", ""category3"": ""긴소매 티셔츠"", ""category3_code"": 268103102, ""is_new"": true, ""item_no"": 4175814, ""period_sort"": ""ONE_DAY"", ""platform"": ""29cm"", ""ranking_category_code"": ""268103100"", ""ranking_category_name"": ""여성의류>상의"", ""review_avg"": 5.0, ""sale_percent"": 5, ""sale_price"": 60800, ""sold_out"": false, ""url"": ""https://product.29cm.co.kr/catalog/4175814""}",2026-09-06T08:07:14+00:00_6caed517
2026-09-06T17:07:00+09:00,2026-09-06T08:07:15+00:00,commerce_rank,텐셀 울 헨리 티 (5colors),29cm:4175814,review_count,19.0,"{""brand_eng"": ""UMER"", ""brand_kor"": ""유메르"", ""brand_no"": 24445, ""category1"": ""여성의류"", ""category2"": ""상의"", ""category3"": ""긴소매 티셔츠"", ""category3_code"": 268103102, ""is_new"": true, ""item_no"": 4175814, ""period_sort"": ""ONE_DAY"", ""platform"": ""29cm"", ""ranking_category_code"": ""268103100"", ""ranking_category_name"": ""여성의류>상의"", ""review_avg"": 5.0, ""sale_percent"": 5, ""sale_price"": 60800, ""sold_out"": false, ""url"": ""https://product.29cm.co.kr/catalog/4175814""}",2026-09-06T08:07:14+00:00_6caed517
2026-09-06T17:07:00+09:00,2026-09-06T08:07:15+00:00,commerce_rank,텐셀 울 헨리 티 (5colors),29cm:4175814@268103100,rank,32.0,"{""brand_eng"": ""UMER"", ""brand_kor"": ""유메르"", ""brand_no"": 24445, ""category1"": ""여성의류"", ""category2"": ""상의"", ""category3"": ""긴소매 티셔츠"", ""category3_code"": 268103102, ""is_new"": true, ""item_no"": 4175814, ""period_sort"": ""ONE_DAY"", ""platform"": ""29cm"", ""ranking_category_code"": ""268103100"", ""ranking_category_name"": ""여성의류>상의"", ""review_avg"": 5.0, ""sale_percent"": 5, ""sale_price"": 60800, ""sold_out"": false, ""url"": ""https://product.29cm.co.kr/catalog/4175814""}",2026-09-06T08:07:14+00:00_6caed517
2026-09-06T17:07:00+09:00,2026-09-06T08:07:15+00:00,commerce_rank,[2차] Sunday T-shirt (Red),29cm:4177864,heart_count,317.0,"{""brand_eng"": ""SIENNE"", ""brand_kor"": ""시엔느"", ""brand_no"": 15071, ""category1"": ""여성의류"", ""category2"": ""상의"", ""category3"": ""긴소매 티셔츠"", ""category3_code"": 268103102, ""is_new"": true, ""item_no"": 4177864, ""period_sort"": ""ONE_DAY"", ""platform"": ""29cm"", ""ranking_category_code"": ""268103100"", ""ranking_category_name"": ""여성의류>상의"", ""review_avg"": 0.0, ""sale_percent"": 19, ""sale_price"": 60750, ""sold_out"": true, ""url"": ""https://product.29cm.co.kr/catalog/4177864""}",2026-09-06T08:07:14+00:00_6caed517
2026-09-06T17:07:00+09:00,2026-09-06T08:07:15+00:00,commerce_rank,[2차] Sunday T-shirt (Red),29cm:4177864,review_count,0.0,"{""brand_eng"": ""SIENNE"", ""brand_kor"": ""시엔느"", ""brand_no"": 15071, ""category1"": ""여성의류"", ""category2"": ""상의"", ""category3"": ""긴소매 티셔츠"", ""category3_code"": 268103102, ""is_new"": true, ""item_no"": 4177864, ""period_sort"": ""ONE_DAY"", ""platform"": ""29cm"", ""ranking_category_code"": ""268103100"", ""ranking_category_name"": ""여성의류>상의"", ""review_avg"": 0.0, ""sale_percent"": 19, ""sale_price"": 60750, ""sold_out"": true, ""url"": ""https://product.29cm.co.kr/catalog/4177864""}",2026-09-06T08:07:14+00:00_6caed517
2026-09-06T17:07:00+09:00,2026-09-06T08:07:15+00:00,commerce_rank,[2차] Sunday T-shirt (Red),29cm:4177864@268103100,rank,87.0,"{""brand_eng"": ""SIENNE"", ""brand_kor"": ""시엔느"", ""brand_no"": 15071, ""category1"": ""여성의류"", ""category2"": ""상의"", ""category3"": ""긴소매 티셔츠"", ""category3_code"": 268103102, ""is_new"": true, ""item_no"": 4177864, ""period_sort"": ""ONE_DAY"", ""platform"": ""29cm"", ""ranking_category_code"": ""268103100"", ""ranking_category_name"": ""여성의류>상의"", ""review_avg"": 0.0, ""sale_percent"": 19, ""sale_price"": 60750, ""sold_out"": true, ""url"": ""https://product.29cm.co.kr/catalog/4177864""}",2026-09-06T08:07:14+00:00_6caed517
2026-09-06T17:07:00+09:00,2026-09-06T08:07:15+00:00,commerce_rank,[17차] Sienne Lace Sweatshirts (Navy),29cm:4177911,heart_count,180.0,"{""brand_eng"": ""SIENNE"", ""brand_kor"": ""시엔느"", ""brand_no"": 15071, ""category1"": ""여성의류"", ""category2"": ""상의"", ""category3"": ""스웨트셔츠"", ""category3_code"": 268103104, ""is_new"": true, ""item_no"": 4177911, ""period_sort"": ""ONE_DAY"", ""platform"": ""29cm"", ""ranking_category_code"": ""268103100"", ""ranking_category_name"": ""여성의류>상의"", ""review_avg"": 5.0, ""sale_percent"": 19, ""sale_price"": 71280, ""sold_out"": false, ""url"": ""https://product.29cm.co.kr/catalog/4177911""}",2026-09-06T08:07:14+00:00_6caed517
2026-09-06T17:07:00+09:00,2026-09-06T08:07:15+00:00,commerce_rank,[17차] Sienne Lace Sweatshirts (Navy),29cm:4177911,review_count,912.0,"{""brand_eng"": ""SIENNE"", ""brand_kor"": ""시엔느"", ""brand_no"": 15071, ""category1"": ""여성의류"", ""category2"": ""상의"", ""category3"": ""스웨트셔츠"", ""category3_code"": 268103104, ""is_new"": true, ""item_no"": 4177911, ""period_sort"": ""ONE_DAY"", ""platform"": ""29cm"", ""ranking_category_code"": ""268103100"", ""ranking_category_name"": ""여성의류>상의"", ""review_avg"": 5.0, ""sale_percent"": 19, ""sale_price"": 71280, ""sold_out"": false, ""url"": ""https://product.29cm.co.kr/catalog/4177911""}",2026-09-06T08:07:14+00:00_6caed517
2026-09-06T17:07:00+09:00,2026-09-06T08:07:15+00:00,commerce_rank,[17차] Sienne Lace Sweatshirts (Navy),29cm:4177911@268103100,rank,58.0,"{""brand_eng"": ""SIENNE"", ""brand_kor"": ""시엔느"", ""brand_no"": 15071, ""category1"": ""여성의류"", ""category2"": ""상의"", ""category3"": ""스웨트셔츠"", ""category3_code"": 268103104, ""is_new"": true, ""item_no"": 4177911, ""period_sort"": ""ONE_DAY"", ""platform"": ""29cm"", ""ranking_category_code"": ""268103100"", ""ranking_category_name"": ""여성의류>상의"", ""review_avg"": 5.0, ""sale_percent"": 19, ""sale_price"": 71280, ""sold_out"": false, ""url"": ""https://product.29cm.co.kr/catalog/4177911""}",2026-09-06T08:07:14+00:00_6caed517
2026-09-06T17:07:00+09:00,2026-09-06T08:07:15+00:00,commerce_rank,"[2nd] PUFF SLEEVE TOP (3color,3size)",29cm:4180041,heart_count,953.0,"{""brand_eng"": ""Yuje"", ""brand_kor"": ""유제"", ""brand_no"": 9441, ""category1"": ""여성의류"", ""category2"": ""상의"", ""category3"": ""긴소매 티셔츠"", ""category3_code"": 268103102, ""is_new"": false, ""item_no"": 4180041, ""period_sort"": ""ONE_DAY"", ""platform"": ""29cm"", ""ranking_category_code"": ""268103100"", ""ranking_category_name"": ""여성의류>상의"", ""review_avg"": 5.0, ""sale_percent"": 22, ""sale_price"": 53960, ""sold_out"": false, ""url"": ""https://product.29cm.co.kr/catalog/4180041""}",2026-09-06T08:07:14+00:00_6caed517
2026-09-06T17:07:00+09:00,2026-09-06T08:07:15+00:00,commerce_rank,"[2nd] PUFF SLEEVE TOP (3color,3size)",29cm:4180041,review_count,6.0,"{""brand_eng"": ""Yuje"", ""brand_kor"": ""유제"", ""brand_no"": 9441, ""category1"": ""여성의류"", ""category2"": ""상의"", ""category3"": ""긴소매 티셔츠"", ""category3_code"": 268103102, ""is_new"": false, ""item_no"": 4180041, ""period_sort"": ""ONE_DAY"", ""platform"": ""29cm"", ""ranking_category_code"": ""268103100"", ""ranking_category_name"": ""여성의류>상의"", ""review_avg"": 5.0, ""sale_percent"": 22, ""sale_price"": 53960, ""sold_out"": false, ""url"": ""https://product.29cm.co.kr/catalog/4180041""}",2026-09-06T08:07:14+00:00_6caed517
2026-09-06T17:07:00+09:00,2026-09-06T08:07:15+00:00,commerce_rank,"[2nd] PUFF SLEEVE TOP (3color,3size)",29cm:4180041@268103100,rank,64.0,"{""brand_eng"": ""Yuje"", ""brand_kor"": ""유제"", ""brand_no"": 9441, ""category1"": ""여성의류"", ""category2"": ""상의"", ""category3"": ""긴소매 티셔츠"", ""category3_code"": 268103102, ""is_new"": false, ""item_no"": 4180041, ""period_sort"": ""ONE_DAY"", ""platform"": ""29cm"", ""ranking_category_code"": ""268103100"", ""ranking_category_name"": ""여성의류>상의"", ""review_avg"": 5.0, ""sale_percent"": 22, ""sale_price"": 53960, ""sold_out"": false, ""url"": ""https://product.29cm.co.kr/catalog/4180041""}",2026-09-06T08:07:14+00:00_6caed517
2026-09-06T17:07:00+09:00,2026-09-06T08:07:16+00:00,commerce_rank,"Washed Shirt, Light Yellow",29cm:4191649,heart_count,12.0,"{""brand_eng"": ""BROWNYARD"", ""brand_kor"": ""브라운야드"", ""brand_no"": 2211, ""category1"": ""남성의류"", ""category2"": ""상의"", ""category3"": ""긴소매 셔츠"", ""category3_code"": 272103106, ""is_new"": false, ""item_no"": 4191649, ""period_sort"": ""ONE_DAY"", ""platform"": ""29cm"", ""ranking_category_code"": ""272103100"", ""ranking_category_name"": ""남성의류>상의"", ""review_avg"": 0.0, ""sale_percent"": 10, ""sale_price"": 133200, ""sold_out"": false, ""url"": ""https://product.29cm.co.kr/catalog/4191649""}",2026-09-06T08:07:14+00:00_6caed517
2026-09-06T17:07:00+09:00,2026-09-06T08:07:16+00:00,commerce_rank,"Washed Shirt, Light Yellow",29cm:4191649,review_count,0.0,"{""brand_eng"": ""BROWNYARD"", ""brand_kor"": ""브라운야드"", ""brand_no"": 2211, ""category1"": ""남성의류"", ""category2"": ""상의"", ""category3"": ""긴소매 셔츠"", ""category3_code"": 272103106, ""is_new"": false, ""item_no"": 4191649, ""period_sort"": ""ONE_DAY"", ""platform"": ""29cm"", ""ranking_category_code"": ""272103100"", ""ranking_category_name"": ""남성의류>상의"", ""review_avg"": 0.0, ""sale_percent"": 10, ""sale_price"": 133200, ""sold_out"": false, ""url"": ""https://product.29cm.co.kr/catalog/4191649""}",2026-09-06T08:07:14+00:00_6caed517
2026-09-06T17:07:00+09:00,2026-09-06T08:07:16+00:00,commerce_rank,"Washed Shirt, Light Yellow",29cm:4191649@272103100,rank,51.0,"{""brand_eng"": ""BROWNYARD"", ""brand_kor"": ""브라운야드"", ""brand_no"": 2211, ""category1"": ""남성의류"", ""category2"": ""상의"", ""category3"": ""긴소매 셔츠"", ""category3_code"": 272103106, ""is_new"": false, ""item_no"": 4191649, ""period_sort"": ""ONE_DAY"", ""platform"": ""29cm"", ""ranking_category_code"": ""272103100"", ""ranking_category_name"": ""남성의류>상의"", ""review_avg"": 0.0, ""sale_percent"": 10, ""sale_price"": 133200, ""sold_out"": false, ""url"": ""https://product.29cm.co.kr/catalog/4191649""}",2026-09-06T08:07:14+00:00_6caed517
2026-09-06T17:07:00+09:00,2026-09-06T08:07:16+00:00,commerce_rank,"Washed Shirt, Ecru",29cm:4191770,heart_count,11.0,"{""brand_eng"": ""BROWNYARD"", ""brand_kor"": ""브라운야드"", ""brand_no"": 2211, ""category1"": ""남성의류"", ""category2"": ""상의"", ""category3"": ""긴소매 셔츠"", ""category3_code"": 272103106, ""is_new"": false, ""item_no"": 4191770, ""period_sort"": ""ONE_DAY"", ""platform"": ""29cm"", ""ranking_category_code"": ""272103100"", ""ranking_category_name"": ""남성의류>상의"", ""review_avg"": 0.0, ""sale_percent"": 10, ""sale_price"": 133200, ""sold_out"": false, ""url"": ""https://product.29cm.co.kr/catalog/4191770""}",2026-09-06T08:07:14+00:00_6caed517
2026-09-06T17:07:00+09:00,2026-09-06T08:07:16+00:00,commerce_rank,"Washed Shirt, Ecru",29cm:4191770,review_count,0.0,"{""brand_eng"": ""BROWNYARD"", ""brand_kor"": ""브라운야드"", ""brand_no"": 2211, ""category1"": ""남성의류"", ""category2"": ""상의"", ""category3"": ""긴소매 셔츠"", ""category3_code"": 272103106, ""is_new"": false, ""item_no"": 4191770, ""period_sort"": ""ONE_DAY"", ""platform"": ""29cm"", ""ranking_category_code"": ""272103100"", ""ranking_category_name"": ""남성의류>상의"", ""review_avg"": 0.0, ""sale_percent"": 10, ""sale_price"": 133200, ""sold_out"": false, ""url"": ""https://product.29cm.co.kr/catalog/4191770""}",2026-09-06T08:07:14+00:00_6caed517
2026-09-06T17:07:00+09:00,2026-09-06T08:07:16+00:00,commerce_rank,"Washed Shirt, Ecru",29cm:4191770@272103100,rank,35.0,"{""brand_eng"": ""BROWNYARD"", ""brand_kor"": ""브라운야드"", ""brand_no"": 2211, ""category1"": ""남성의류"", ""category2"": ""상의"", ""category3"": ""긴소매 셔츠"", ""category3_code"": 272103106, ""is_new"": false, ""item_no"": 4191770, ""period_sort"": ""ONE_DAY"", ""platform"": ""29cm"", ""ranking_category_code"": ""272103100"", ""ranking_category_name"": ""남성의류>상의"", ""review_avg"": 0.0, ""sale_percent"": 10, ""sale_price"": 133200, ""sold_out"": false, ""url"": ""https://product.29cm.co.kr/catalog/4191770""}",2026-09-06T08:07:14+00:00_6caed517
2026-09-06T17:07:00+09:00,2026-09-06T08:07:16+00:00,commerce_rank,"Cashmere Cut Off Long Sleeve, White",29cm:4191875,heart_count,1.0,"{""brand_eng"": ""BROWNYARD"", ""brand_kor"": ""브라운야드"", ""brand_no"": 2211, ""category1"": ""남성의류"", ""category2"": ""상의"", ""category3"": ""긴소매 티셔츠"", ""category3_code"": 272103102, ""is_new"": false, ""item_no"": 4191875, ""period_sort"": ""ONE_DAY"", ""platform"": ""29cm"", ""ranking_category_code"": ""272103100"", ""ranking_category_name"": ""남성의류>상의"", ""review_avg"": 0.0, ""sale_percent"": 10, ""sale_price"": 115200, ""sold_out"": false, ""url"": ""https://product.29cm.co.kr/catalog/4191875""}",2026-09-06T08:07:14+00:00_6caed517
2026-09-06T17:07:00+09:00,2026-09-06T08:07:16+00:00,commerce_rank,"Cashmere Cut Off Long Sleeve, White",29cm:4191875,review_count,0.0,"{""brand_eng"": ""BROWNYARD"", ""brand_kor"": ""브라운야드"", ""brand_no"": 2211, ""category1"": ""남성의류"", ""category2"": ""상의"", ""category3"": ""긴소매 티셔츠"", ""category3_code"": 272103102, ""is_new"": false, ""item_no"": 4191875, ""period_sort"": ""ONE_DAY"", ""platform"": ""29cm"", ""ranking_category_code"": ""272103100"", ""ranking_category_name"": ""남성의류>상의"", ""review_avg"": 0.0, ""sale_percent"": 10, ""sale_price"": 115200, ""sold_out"": false, ""url"": ""https://product.29cm.co.kr/catalog/4191875""}",2026-09-06T08:07:14+00:00_6caed517
2026-09-06T17:07:00+09:00,2026-09-06T08:07:16+00:00,commerce_rank,"Cashmere Cut Off Long Sleeve, White",29cm:4191875@272103100,rank,52.0,"{""brand_eng"": ""BROWNYARD"", ""brand_kor"": ""브라운야드"", ""brand_no"": 2211, ""category1"": ""남성의류"", ""category2"": ""상의"", ""category3"": ""긴소매 티셔츠"", ""category3_code"": 272103102, ""is_new"": false, ""item_no"": 4191875, ""period_sort"": ""ONE_DAY"", ""platform"": ""29cm"", ""ranking_category_code"": ""272103100"", ""ranking_category_name"": ""남성의류>상의"", ""review_avg"": 0.0, ""sale_percent"": 10, ""sale_price"": 115200, ""sold_out"": false, ""url"": ""https://product.29cm.co.kr/catalog/4191875""}",2026-09-06T08:07:14+00:00_6caed517
2026-09-06T17:07:00+09:00,2026-09-06T08:07:16+00:00,commerce_rank,"Cashmere Cut Off Long Sleeve, Light Grey",29cm:4191896,heart_count,4.0,"{""brand_eng"": ""BROWNYARD"", ""brand_kor"": ""브라운야드"", ""brand_no"": 2211, ""category1"": ""남성의류"", ""category2"": ""상의"", ""category3"": ""긴소매 티셔츠"", ""category3_code"": 272103102, ""is_new"": false, ""item_no"": 4191896, ""period_sort"": ""ONE_DAY"", ""platform"": ""29cm"", ""ranking_category_code"": ""272103100"", ""ranking_category_name"": ""남성의류>상의"", ""review_avg"": 0.0, ""sale_percent"": 10, ""sale_price"": 115200, ""sold_out"": false, ""url"": ""https://product.29cm.co.kr/catalog/4191896""}",2026-09-06T08:07:14+00:00_6caed517
2026-09-06T17:07:00+09:00,2026-09-06T08:07:16+00:00,commerce_rank,"Cashmere Cut Off Long Sleeve, Light Grey",29cm:4191896,review_count,0.0,"{""brand_eng"": ""BROWNYARD"", ""brand_kor"": ""브라운야드"", ""brand_no"": 2211, ""category1"": ""남성의류"", ""category2"": ""상의"", ""category3"": ""긴소매 티셔츠"", ""category3_code"": 272103102, ""is_new"": false, ""item_no"": 4191896, ""period_sort"": ""ONE_DAY"", ""platform"": ""29cm"", ""ranking_category_code"": ""272103100"", ""ranking_category_name"": ""남성의류>상의"", ""review_avg"": 0.0, ""sale_percent"": 10, ""sale_price"": 115200, ""sold_out"": false, ""url"": ""https://product.29cm.co.kr/catalog/4191896""}",2026-09-06T08:07:14+00:00_6caed517
2026-09-06T17:07:00+09:00,2026-09-06T08:07:16+00:00,commerce_rank,"Cashmere Cut Off Long Sleeve, Light Grey",29cm:4191896@272103100,rank,82.0,"{""brand_eng"": ""BROWNYARD"", ""brand_kor"": ""브라운야드"", ""brand_no"": 2211, ""category1"": ""남성의류"", ""category2"": ""상의"", ""category3"": ""긴소매 티셔츠"", ""category3_code"": 272103102, ""is_new"": false, ""item_no"": 4191896, ""period_sort"": ""ONE_DAY"", ""platform"": ""29cm"", ""ranking_category_code"": ""272103100"", ""ranking_category_name"": ""남성의류>상의"", ""review_avg"": 0.0, ""sale_percent"": 10, ""sale_price"": 115200, ""sold_out"": false, ""url"": ""https://product.29cm.co.kr/catalog/4191896""}",2026-09-06T08:07:14+00:00_6caed517
2026-09-06T17:07:00+09:00,2026-09-06T08:07:16+00:00,commerce_rank,"Cashmere Cut Off Long Sleeve, Black",29cm:4191903,heart_count,3.0,"{""brand_eng"": ""BROWNYARD"", ""brand_kor"": ""브라운야드"", ""brand_no"": 2211, ""category1"": ""남성의류"", ""category2"": ""상의"", ""category3"": ""긴소매 티셔츠"", ""category3_code"": 272103102, ""is_new"": false, ""item_no"": 4191903, ""period_sort"": ""ONE_DAY"", ""platform"": ""29cm"", ""ranking_category_code"": ""272103100"", ""ranking_category_name"": ""남성의류>상의"", ""review_avg"": 0.0, ""sale_percent"": 10, ""sale_price"": 115200, ""sold_out"": false, ""url"": ""https://product.29cm.co.kr/catalog/4191903""}",2026-09-06T08:07:14+00:00_6caed517
2026-09-06T17:07:00+09:00,2026-09-06T08:07:16+00:00,commerce_rank,"Cashmere Cut Off Long Sleeve, Black",29cm:4191903,review_count,0.0,"{""brand_eng"": ""BROWNYARD"", ""brand_kor"": ""브라운야드"", ""brand_no"": 2211, ""category1"": ""남성의류"", ""category2"": ""상의"", ""category3"": ""긴소매 티셔츠"", ""category3_code"": 272103102, ""is_new"": false, ""item_no"": 4191903, ""period_sort"": ""ONE_DAY"", ""platform"": ""29cm"", ""ranking_category_code"": ""272103100"", ""ranking_category_name"": ""남성의류>상의"", ""review_avg"": 0.0, ""sale_percent"": 10, ""sale_price"": 115200, ""sold_out"": false, ""url"": ""https://product.29cm.co.kr/catalog/4191903""}",2026-09-06T08:07:14+00:00_6caed517
2026-09-06T17:07:00+09:00,2026-09-06T08:07:16+00:00,commerce_rank,"Cashmere Cut Off Long Sleeve, Black",29cm:4191903@272103100,rank,85.0,"{""brand_eng"": ""BROWNYARD"", ""brand_kor"": ""브라운야드"", ""brand_no"": 2211, ""category1"": ""남성의류"", ""category2"": ""상의"", ""category3"": ""긴소매 티셔츠"", ""category3_code"": 272103102, ""is_new"": false, ""item_no"": 4191903, ""period_sort"": ""ONE_DAY"", ""platform"": ""29cm"", ""ranking_category_code"": ""272103100"", ""ranking_category_name"": ""남성의류>상의"", ""review_avg"": 0.0, ""sale_percent"": 10, ""sale_price"": 115200, ""sold_out"": false, ""url"": ""https://product.29cm.co.kr/catalog/4191903""}",2026-09-06T08:07:14+00:00_6caed517
2026-09-06T17:07:00+09:00,2026-09-06T08:07:15+00:00,commerce_rank,VIGGO SHIRRING SQUARE-NECK COTTON BLOUSE_GREIGE,29cm:4192065,heart_count,584.0,"{""brand_eng"": ""FARVEN"", ""brand_kor"": ""파르벵"", ""brand_no"": 110736, ""category1"": ""여성의류"", ""category2"": ""상의"", ""category3"": ""블라우스"", ""category3_code"": 268103107, ""is_new"": true, ""item_no"": 4192065, ""period_sort"": ""ONE_DAY"", ""platform"": ""29cm"", ""ranking_category_code"": ""268103100"", ""ranking_category_name"": ""여성의류>상의"", ""review_avg"": 5.0, ""sale_percent"": 10, ""sale_price"": 161550, ""sold_out"": false, ""url"": ""https://product.29cm.co.kr/catalog/4192065""}",2026-09-06T08:07:14+00:00_6caed517
2026-09-06T17:07:00+09:00,2026-09-06T08:07:15+00:00,commerce_rank,VIGGO SHIRRING SQUARE-NECK COTTON BLOUSE_GREIGE,29cm:4192065,review_count,1.0,"{""brand_eng"": ""FARVEN"", ""brand_kor"": ""파르벵"", ""brand_no"": 110736, ""category1"": ""여성의류"", ""category2"": ""상의"", ""category3"": ""블라우스"", ""category3_code"": 268103107, ""is_new"": true, ""item_no"": 4192065, ""period_sort"": ""ONE_DAY"", ""platform"": ""29cm"", ""ranking_category_code"": ""268103100"", ""ranking_category_name"": ""여성의류>상의"", ""review_avg"": 5.0, ""sale_percent"": 10, ""sale_price"": 161550, ""sold_out"": false, ""url"": ""https://product.29cm.co.kr/catalog/4192065""}",2026-09-06T08:07:14+00:00_6caed517
2026-09-06T17:07:00+09:00,2026-09-06T08:07:15+00:00,commerce_rank,VIGGO SHIRRING SQUARE-NECK COTTON BLOUSE_GREIGE,29cm:4192065@268103100,rank,72.0,"{""brand_eng"": ""FARVEN"", ""brand_kor"": ""파르벵"", ""brand_no"": 110736, ""category1"": ""여성의류"", ""category2"": ""상의"", ""category3"": ""블라우스"", ""category3_code"": 268103107, ""is_new"": true, ""item_no"": 4192065, ""period_sort"": ""ONE_DAY"", ""platform"": ""29cm"", ""ranking_category_code"": ""268103100"", ""ranking_category_name"": ""여성의류>상의"", ""review_avg"": 5.0, ""sale_percent"": 10, ""sale_price"": 161550, ""sold_out"": false, ""url"": ""https://product.29cm.co.kr/catalog/4192065""}",2026-09-06T08:07:14+00:00_6caed517
2026-09-06T17:07:00+09:00,2026-09-06T08:07:15+00:00,commerce_rank,ROLL UP RAGLAN LONG SLEEVE BROWN,29cm:4193958,heart_count,161.0,"{""brand_eng"": ""RONRON"", ""brand_kor"": ""론론"", ""brand_no"": 9591, ""category1"": ""여성의류"", ""category2"": ""상의"", ""category3"": ""긴소매 티셔츠"", ""category3_code"": 268103102, ""is_new"": true, ""item_no"": 4193958, ""period_sort"": ""ONE_DAY"", ""platform"": ""29cm"", ""ranking_category_code"": ""268103100"", ""ranking_category_name"": ""여성의류>상의"", ""review_avg"": 0.0, ""sale_percent"": 37, ""sale_price"": 41580, ""sold_out"": false, ""url"": ""https://product.29cm.co.kr/catalog/4193958""}",2026-09-06T08:07:14+00:00_6caed517
2026-09-06T17:07:00+09:00,2026-09-06T08:07:15+00:00,commerce_rank,ROLL UP RAGLAN LONG SLEEVE BROWN,29cm:4193958,review_count,0.0,"{""brand_eng"": ""RONRON"", ""brand_kor"": ""론론"", ""brand_no"": 9591, ""category1"": ""여성의류"", ""category2"": ""상의"", ""category3"": ""긴소매 티셔츠"", ""category3_code"": 268103102, ""is_new"": true, ""item_no"": 4193958, ""period_sort"": ""ONE_DAY"", ""platform"": ""29cm"", ""ranking_category_code"": ""268103100"", ""ranking_category_name"": ""여성의류>상의"", ""review_avg"": 0.0, ""sale_percent"": 37, ""sale_price"": 41580, ""sold_out"": false, ""url"": ""https://product.29cm.co.kr/catalog/4193958""}",2026-09-06T08:07:14+00:00_6caed517
2026-09-06T17:07:00+09:00,2026-09-06T08:07:15+00:00,commerce_rank,ROLL UP RAGLAN LONG SLEEVE BROWN,29cm:4193958@268103100,rank,90.0,"{""brand_eng"": ""RONRON"", ""brand_kor"": ""론론"", ""brand_no"": 9591, ""category1"": ""여성의류"", ""category2"": ""상의"", ""category3"": ""긴소매 티셔츠"", ""category3_code"": 268103102, ""is_new"": true, ""item_no"": 4193958, ""period_sort"": ""ONE_DAY"", ""platform"": ""29cm"", ""ranking_category_code"": ""268103100"", ""ranking_category_name"": ""여성의류>상의"", ""review_avg"": 0.0, ""sale_percent"": 37, ""sale_price"": 41580, ""sold_out"": false, ""url"": ""https://product.29cm.co.kr/catalog/4193958""}",2026-09-06T08:07:14+00:00_6caed517
2026-09-06T17:07:00+09:00,2026-09-06T08:07:15+00:00,commerce_rank,STRIPE LETTERING LONG SLEEVE NAVY,29cm:4193966,heart_count,348.0,"{""brand_eng"": ""RONRON"", ""brand_kor"": ""론론"", ""brand_no"": 9591, ""category1"": ""여성의류"", ""category2"": ""상의"", ""category3"": ""긴소매 티셔츠"", ""category3_code"": 268103102, ""is_new"": true, ""item_no"": 4193966, ""period_sort"": ""ONE_DAY"", ""platform"": ""29cm"", ""ranking_category_code"": ""268103100"", ""ranking_category_name"": ""여성의류>상의"", ""review_avg"": 0.0, ""sale_percent"": 37, ""sale_price"": 55440, ""sold_out"": false, ""url"": ""https://product.29cm.co.kr/catalog/4193966""}",2026-09-06T08:07:14+00:00_6caed517
2026-09-06T17:07:00+09:00,2026-09-06T08:07:15+00:00,commerce_rank,STRIPE LETTERING LONG SLEEVE NAVY,29cm:4193966,review_count,0.0,"{""brand_eng"": ""RONRON"", ""brand_kor"": ""론론"", ""brand_no"": 9591, ""category1"": ""여성의류"", ""category2"": ""상의"", ""category3"": ""긴소매 티셔츠"", ""category3_code"": 268103102, ""is_new"": true, ""item_no"": 4193966, ""period_sort"": ""ONE_DAY"", ""platform"": ""29cm"", ""ranking_category_code"": ""268103100"", ""ranking_category_name"": ""여성의류>상의"", ""review_avg"": 0.0, ""sale_percent"": 37, ""sale_price"": 55440, ""sold_out"": false, ""url"": ""https://product.29cm.co.kr/catalog/4193966""}",2026-09-06T08:07:14+00:00_6caed517
2026-09-06T17:07:00+09:00,2026-09-06T08:07:15+00:00,commerce_rank,STRIPE LETTERING LONG SLEEVE NAVY,29cm:4193966@268103100,rank,37.0,"{""brand_eng"": ""RONRON"", ""brand_kor"": ""론론"", ""brand_no"": 9591, ""category1"": ""여성의류"", ""category2"": ""상의"", ""category3"": ""긴소매 티셔츠"", ""category3_code"": 268103102, ""is_new"": true, ""item_no"": 4193966, ""period_sort"": ""ONE_DAY"", ""platform"": ""29cm"", ""ranking_category_code"": ""268103100"", ""ranking_category_name"": ""여성의류>상의"", ""review_avg"": 0.0, ""sale_percent"": 37, ""sale_price"": 55440, ""sold_out"": false, ""url"": ""https://product.29cm.co.kr/catalog/4193966""}",2026-09-06T08:07:14+00:00_6caed517
2026-09-06T17:07:00+09:00,2026-09-06T08:07:15+00:00,commerce_rank,STRIPE LETTERING LONG SLEEVE PINK,29cm:4193967,heart_count,361.0,"{""brand_eng"": ""RONRON"", ""brand_kor"": ""론론"", ""brand_no"": 9591, ""category1"": ""여성의류"", ""category2"": ""상의"", ""category3"": ""긴소매 티셔츠"", ""category3_code"": 268103102, ""is_new"": true, ""item_no"": 4193967, ""period_sort"": ""ONE_DAY"", ""platform"": ""29cm"", ""ranking_category_code"": ""268103100"", ""ranking_category_name"": ""여성의류>상의"", ""review_avg"": 0.0, ""sale_percent"": 37, ""sale_price"": 55440, ""sold_out"": false, ""url"": ""https://product.29cm.co.kr/catalog/4193967""}",2026-09-06T08:07:14+00:00_6caed517
2026-09-06T17:07:00+09:00,2026-09-06T08:07:15+00:00,commerce_rank,STRIPE LETTERING LONG SLEEVE PINK,29cm:4193967,review_count,0.0,"{""brand_eng"": ""RONRON"", ""brand_kor"": ""론론"", ""brand_no"": 9591, ""category1"": ""여성의류"", ""category2"": ""상의"", ""category3"": ""긴소매 티셔츠"", ""category3_code"": 268103102, ""is_new"": true, ""item_no"": 4193967, ""period_sort"": ""ONE_DAY"", ""platform"": ""29cm"", ""ranking_category_code"": ""268103100"", ""ranking_category_name"": ""여성의류>상의"", ""review_avg"": 0.0, ""sale_percent"": 37, ""sale_price"": 55440, ""sold_out"": false, ""url"": ""https://product.29cm.co.kr/catalog/4193967""}",2026-09-06T08:07:14+00:00_6caed517
2026-09-06T17:07:00+09:00,2026-09-06T08:07:15+00:00,commerce_rank,STRIPE LETTERING LONG SLEEVE PINK,29cm:4193967@268103100,rank,35.0,"{""brand_eng"": ""RONRON"", ""brand_kor"": ""론론"", ""brand_no"": 9591, ""category1"": ""여성의류"", ""category2"": ""상의"", ""category3"": ""긴소매 티셔츠"", ""category3_code"": 268103102, ""is_new"": true, ""item_no"": 4193967, ""period_sort"": ""ONE_DAY"", ""platform"": ""29cm"", ""ranking_category_code"": ""268103100"", ""ranking_category_name"": ""여성의류>상의"", ""review_avg"": 0.0, ""sale_percent"": 37, ""sale_price"": 55440, ""sold_out"": false, ""url"": ""https://product.29cm.co.kr/catalog/4193967""}",2026-09-06T08:07:14+00:00_6caed517
2026-09-06T17:07:00+09:00,2026-09-06T08:07:15+00:00,commerce_rank,STRIPE LETTERING LONG SLEEVE YELLOW,29cm:4193968,heart_count,289.0,"{""brand_eng"": ""RONRON"", ""brand_kor"": ""론론"", ""brand_no"": 9591, ""category1"": ""여성의류"", ""category2"": ""상의"", ""category3"": ""긴소매 티셔츠"", ""category3_code"": 268103102, ""is_new"": true, ""item_no"": 4193968, ""period_sort"": ""ONE_DAY"", ""platform"": ""29cm"", ""ranking_category_code"": ""268103100"", ""ranking_category_name"": ""여성의류>상의"", ""review_avg"": 0.0, ""sale_percent"": 37, ""sale_price"": 55440, ""sold_out"": false, ""url"": ""https://product.29cm.co.kr/catalog/4193968""}",2026-09-06T08:07:14+00:00_6caed517
2026-09-06T17:07:00+09:00,2026-09-06T08:07:15+00:00,commerce_rank,STRIPE LETTERING LONG SLEEVE YELLOW,29cm:4193968,review_count,0.0,"{""brand_eng"": ""RONRON"", ""brand_kor"": ""론론"", ""brand_no"": 9591, ""category1"": ""여성의류"", ""category2"": ""상의"", ""category3"": ""긴소매 티셔츠"", ""category3_code"": 268103102, ""is_new"": true, ""item_no"": 4193968, ""period_sort"": ""ONE_DAY"", ""platform"": ""29cm"", ""ranking_category_code"": ""268103100"", ""ranking_category_name"": ""여성의류>상의"", ""review_avg"": 0.0, ""sale_percent"": 37, ""sale_price"": 55440, ""sold_out"": false, ""url"": ""https://product.29cm.co.kr/catalog/4193968""}",2026-09-06T08:07:14+00:00_6caed517
2026-09-06T17:07:00+09:00,2026-09-06T08:07:15+00:00,commerce_rank,STRIPE LETTERING LONG SLEEVE YELLOW,29cm:4193968@268103100,rank,68.0,"{""brand_eng"": ""RONRON"", ""brand_kor"": ""론론"", ""brand_no"": 9591, ""category1"": ""여성의류"", ""category2"": ""상의"", ""category3"": ""긴소매 티셔츠"", ""category3_code"": 268103102, ""is_new"": true, ""item_no"": 4193968, ""period_sort"": ""ONE_DAY"", ""platform"": ""29cm"", ""ranking_category_code"": ""268103100"", ""ranking_category_name"": ""여성의류>상의"", ""review_avg"": 0.0, ""sale_percent"": 37, ""sale_price"": 55440, ""sold_out"": false, ""url"": ""https://product.29cm.co.kr/catalog/4193968""}",2026-09-06T08:07:14+00:00_6caed517
2026-09-06T17:07:00+09:00,2026-09-06T08:07:16+00:00,commerce_rank,Oversized Sweat Shirt (8color),29cm:642847,heart_count,6908.0,"{""brand_eng"": ""rough side"", ""brand_kor"": ""러프사이드"", ""brand_no"": 3821, ""category1"": ""남성의류"", ""category2"": ""상의"", ""category3"": ""스웨트셔츠"", ""category3_code"": 272103107, ""is_new"": false, ""item_no"": 642847, ""period_sort"": ""ONE_DAY"", ""platform"": ""29cm"", ""ranking_category_code"": ""272103100"", ""ranking_category_name"": ""남성의류>상의"", ""review_avg"": 5.0, ""sale_percent"": 5, ""sale_price"": 93100, ""sold_out"": false, ""url"": ""https://product.29cm.co.kr/catalog/642847""}",2026-09-06T08:07:14+00:00_6caed517
2026-09-06T17:07:00+09:00,2026-09-06T08:07:16+00:00,commerce_rank,Oversized Sweat Shirt (8color),29cm:642847,review_count,836.0,"{""brand_eng"": ""rough side"", ""brand_kor"": ""러프사이드"", ""brand_no"": 3821, ""category1"": ""남성의류"", ""category2"": ""상의"", ""category3"": ""스웨트셔츠"", ""category3_code"": 272103107, ""is_new"": false, ""item_no"": 642847, ""period_sort"": ""ONE_DAY"", ""platform"": ""29cm"", ""ranking_category_code"": ""272103100"", ""ranking_category_name"": ""남성의류>상의"", ""review_avg"": 5.0, ""sale_percent"": 5, ""sale_price"": 93100, ""sold_out"": false, ""url"": ""https://product.29cm.co.kr/catalog/642847""}",2026-09-06T08:07:14+00:00_6caed517
2026-09-06T17:07:00+09:00,2026-09-06T08:07:16+00:00,commerce_rank,Oversized Sweat Shirt (8color),29cm:642847@272103100,rank,91.0,"{""brand_eng"": ""rough side"", ""brand_kor"": ""러프사이드"", ""brand_no"": 3821, ""category1"": ""남성의류"", ""category2"": ""상의"", ""category3"": ""스웨트셔츠"", ""category3_code"": 272103107, ""is_new"": false, ""item_no"": 642847, ""period_sort"": ""ONE_DAY"", ""platform"": ""29cm"", ""ranking_category_code"": ""272103100"", ""ranking_category_name"": ""남성의류>상의"", ""review_avg"": 5.0, ""sale_percent"": 5, ""sale_price"": 93100, ""sold_out"": false, ""url"": ""https://product.29cm.co.kr/catalog/642847""}",2026-09-06T08:07:14+00:00_6caed517
2026-09-06T17:07:00+09:00,2026-09-06T08:07:16+00:00,commerce_rank,[스페셜오더] ONE POCKET T-SHIRT new ver. (12 COLORS),29cm:993892,heart_count,11833.0,"{""brand_eng"": ""EASTLOGUE PERMANENT"", ""brand_kor"": ""이스트로그 퍼머넌트"", ""brand_no"": 9323, ""category1"": ""여성의류"", ""category2"": ""상의"", ""category3"": ""반소매 티셔츠"", ""category3_code"": 268103101, ""is_new"": false, ""item_no"": 993892, ""period_sort"": ""ONE_DAY"", ""platform"": ""29cm"", ""ranking_category_code"": ""272103100"", ""ranking_category_name"": ""남성의류>상의"", ""review_avg"": 5.0, ""sale_percent"": 19, ""sale_price"": 38760, ""sold_out"": false, ""url"": ""https://product.29cm.co.kr/catalog/993892""}",2026-09-06T08:07:14+00:00_6caed517
2026-09-06T17:07:00+09:00,2026-09-06T08:07:16+00:00,commerce_rank,[스페셜오더] ONE POCKET T-SHIRT new ver. (12 COLORS),29cm:993892,review_count,2383.0,"{""brand_eng"": ""EASTLOGUE PERMANENT"", ""brand_kor"": ""이스트로그 퍼머넌트"", ""brand_no"": 9323, ""category1"": ""여성의류"", ""category2"": ""상의"", ""category3"": ""반소매 티셔츠"", ""category3_code"": 268103101, ""is_new"": false, ""item_no"": 993892, ""period_sort"": ""ONE_DAY"", ""platform"": ""29cm"", ""ranking_category_code"": ""272103100"", ""ranking_category_name"": ""남성의류>상의"", ""review_avg"": 5.0, ""sale_percent"": 19, ""sale_price"": 38760, ""sold_out"": false, ""url"": ""https://product.29cm.co.kr/catalog/993892""}",2026-09-06T08:07:14+00:00_6caed517
2026-09-06T17:07:00+09:00,2026-09-06T08:07:16+00:00,commerce_rank,[스페셜오더] ONE POCKET T-SHIRT new ver. (12 COLORS),29cm:993892@272103100,rank,60.0,"{""brand_eng"": ""EASTLOGUE PERMANENT"", ""brand_kor"": ""이스트로그 퍼머넌트"", ""brand_no"": 9323, ""category1"": ""여성의류"", ""category2"": ""상의"", ""category3"": ""반소매 티셔츠"", ""category3_code"": 268103101, ""is_new"": false, ""item_no"": 993892, ""period_sort"": ""ONE_DAY"", ""platform"": ""29cm"", ""ranking_category_code"": ""272103100"", ""ranking_category_name"": ""남성의류>상의"", ""review_avg"": 5.0, ""sale_percent"": 19, ""sale_price"": 38760, ""sold_out"": false, ""url"": ""https://product.29cm.co.kr/catalog/993892""}",2026-09-06T08:07:14+00:00_6caed517
