observed_at,collected_at,channel,keyword_raw,entity,metric_type,metric_value,metadata,run_id
2026-10-04T10:07:21+09:00,2026-10-04T01:07:22+00:00,commerce_rank,COZY HENLYNECK LONG SLEEVE [Black],29cm:1230955,heart_count,812.0,"{""brand_eng"": ""VDR"", ""brand_kor"": ""비디알"", ""brand_no"": 4606, ""category1"": ""남성의류"", ""category2"": ""상의"", ""category3"": ""긴소매 티셔츠"", ""category3_code"": 272103102, ""is_new"": false, ""item_no"": 1230955, ""period_sort"": ""ONE_DAY"", ""platform"": ""29cm"", ""ranking_category_code"": ""272103100"", ""ranking_category_name"": ""남성의류>상의"", ""review_avg"": 5.0, ""sale_percent"": 19, ""sale_price"": 55890, ""sold_out"": false, ""url"": ""https://product.29cm.co.kr/catalog/1230955""}",2026-10-04T01:07:21+00:00_e382e724
2026-10-04T10:07:21+09:00,2026-10-04T01:07:22+00:00,commerce_rank,COZY HENLYNECK LONG SLEEVE [Black],29cm:1230955,review_count,57.0,"{""brand_eng"": ""VDR"", ""brand_kor"": ""비디알"", ""brand_no"": 4606, ""category1"": ""남성의류"", ""category2"": ""상의"", ""category3"": ""긴소매 티셔츠"", ""category3_code"": 272103102, ""is_new"": false, ""item_no"": 1230955, ""period_sort"": ""ONE_DAY"", ""platform"": ""29cm"", ""ranking_category_code"": ""272103100"", ""ranking_category_name"": ""남성의류>상의"", ""review_avg"": 5.0, ""sale_percent"": 19, ""sale_price"": 55890, ""sold_out"": false, ""url"": ""https://product.29cm.co.kr/catalog/1230955""}",2026-10-04T01:07:21+00:00_e382e724
2026-10-04T10:07:21+09:00,2026-10-04T01:07:22+00:00,commerce_rank,COZY HENLYNECK LONG SLEEVE [Black],29cm:1230955@272103100,rank,59.0,"{""brand_eng"": ""VDR"", ""brand_kor"": ""비디알"", ""brand_no"": 4606, ""category1"": ""남성의류"", ""category2"": ""상의"", ""category3"": ""긴소매 티셔츠"", ""category3_code"": 272103102, ""is_new"": false, ""item_no"": 1230955, ""period_sort"": ""ONE_DAY"", ""platform"": ""29cm"", ""ranking_category_code"": ""272103100"", ""ranking_category_name"": ""남성의류>상의"", ""review_avg"": 5.0, ""sale_percent"": 19, ""sale_price"": 55890, ""sold_out"": false, ""url"": ""https://product.29cm.co.kr/catalog/1230955""}",2026-10-04T01:07:21+00:00_e382e724
2026-10-04T10:07:21+09:00,2026-10-04T01:07:22+00:00,commerce_rank,수피마 코튼 프리미엄 티셔츠 WHITE,29cm:1464433,heart_count,363.0,"{""brand_eng"": ""INSILENCE"", ""brand_kor"": ""인사일런스"", ""brand_no"": 1642, ""category1"": ""남성의류"", ""category2"": ""상의"", ""category3"": ""반소매 티셔츠"", ""category3_code"": 272103101, ""is_new"": false, ""item_no"": 1464433, ""period_sort"": ""ONE_DAY"", ""platform"": ""29cm"", ""ranking_category_code"": ""272103100"", ""ranking_category_name"": ""남성의류>상의"", ""review_avg"": 5.0, ""sale_percent"": 20, ""sale_price"": 29700, ""sold_out"": false, ""url"": ""https://product.29cm.co.kr/catalog/1464433""}",2026-10-04T01:07:21+00:00_e382e724
2026-10-04T10:07:21+09:00,2026-10-04T01:07:22+00:00,commerce_rank,수피마 코튼 프리미엄 티셔츠 WHITE,29cm:1464433,review_count,127.0,"{""brand_eng"": ""INSILENCE"", ""brand_kor"": ""인사일런스"", ""brand_no"": 1642, ""category1"": ""남성의류"", ""category2"": ""상의"", ""category3"": ""반소매 티셔츠"", ""category3_code"": 272103101, ""is_new"": false, ""item_no"": 1464433, ""period_sort"": ""ONE_DAY"", ""platform"": ""29cm"", ""ranking_category_code"": ""272103100"", ""ranking_category_name"": ""남성의류>상의"", ""review_avg"": 5.0, ""sale_percent"": 20, ""sale_price"": 29700, ""sold_out"": false, ""url"": ""https://product.29cm.co.kr/catalog/1464433""}",2026-10-04T01:07:21+00:00_e382e724
2026-10-04T10:07:21+09:00,2026-10-04T01:07:22+00:00,commerce_rank,수피마 코튼 프리미엄 티셔츠 WHITE,29cm:1464433@272103100,rank,90.0,"{""brand_eng"": ""INSILENCE"", ""brand_kor"": ""인사일런스"", ""brand_no"": 1642, ""category1"": ""남성의류"", ""category2"": ""상의"", ""category3"": ""반소매 티셔츠"", ""category3_code"": 272103101, ""is_new"": false, ""item_no"": 1464433, ""period_sort"": ""ONE_DAY"", ""platform"": ""29cm"", ""ranking_category_code"": ""272103100"", ""ranking_category_name"": ""남성의류>상의"", ""review_avg"": 5.0, ""sale_percent"": 20, ""sale_price"": 29700, ""sold_out"": false, ""url"": ""https://product.29cm.co.kr/catalog/1464433""}",2026-10-04T01:07:21+00:00_e382e724
2026-10-04T10:07:21+09:00,2026-10-04T01:07:22+00:00,commerce_rank,OG Double rib oversized tee _ melange gray,29cm:1540386,heart_count,253.0,"{""brand_eng"": ""FrizmWORKS"", ""brand_kor"": ""프리즘웍스"", ""brand_no"": 1502, ""category1"": ""남성의류"", ""category2"": ""상의"", ""category3"": ""반소매 티셔츠"", ""category3_code"": 272103101, ""is_new"": false, ""item_no"": 1540386, ""period_sort"": ""ONE_DAY"", ""platform"": ""29cm"", ""ranking_category_code"": ""272103100"", ""ranking_category_name"": ""남성의류>상의"", ""review_avg"": 4.5, ""sale_percent"": 0, ""sale_price"": 32000, ""sold_out"": false, ""url"": ""https://product.29cm.co.kr/catalog/1540386""}",2026-10-04T01:07:21+00:00_e382e724
2026-10-04T10:07:21+09:00,2026-10-04T01:07:22+00:00,commerce_rank,OG Double rib oversized tee _ melange gray,29cm:1540386,review_count,46.0,"{""brand_eng"": ""FrizmWORKS"", ""brand_kor"": ""프리즘웍스"", ""brand_no"": 1502, ""category1"": ""남성의류"", ""category2"": ""상의"", ""category3"": ""반소매 티셔츠"", ""category3_code"": 272103101, ""is_new"": false, ""item_no"": 1540386, ""period_sort"": ""ONE_DAY"", ""platform"": ""29cm"", ""ranking_category_code"": ""272103100"", ""ranking_category_name"": ""남성의류>상의"", ""review_avg"": 4.5, ""sale_percent"": 0, ""sale_price"": 32000, ""sold_out"": false, ""url"": ""https://product.29cm.co.kr/catalog/1540386""}",2026-10-04T01:07:21+00:00_e382e724
2026-10-04T10:07:21+09:00,2026-10-04T01:07:22+00:00,commerce_rank,OG Double rib oversized tee _ melange gray,29cm:1540386@272103100,rank,93.0,"{""brand_eng"": ""FrizmWORKS"", ""brand_kor"": ""프리즘웍스"", ""brand_no"": 1502, ""category1"": ""남성의류"", ""category2"": ""상의"", ""category3"": ""반소매 티셔츠"", ""category3_code"": 272103101, ""is_new"": false, ""item_no"": 1540386, ""period_sort"": ""ONE_DAY"", ""platform"": ""29cm"", ""ranking_category_code"": ""272103100"", ""ranking_category_name"": ""남성의류>상의"", ""review_avg"": 4.5, ""sale_percent"": 0, ""sale_price"": 32000, ""sold_out"": false, ""url"": ""https://product.29cm.co.kr/catalog/1540386""}",2026-10-04T01:07:21+00:00_e382e724
2026-10-04T10:07:21+09:00,2026-10-04T01:07:21+00:00,commerce_rank,a birthday sweatshirt (grey),29cm:1841835,heart_count,35499.0,"{""brand_eng"": ""HAAG"", ""brand_kor"": ""헤이그"", ""brand_no"": 19972, ""category1"": ""여성의류"", ""category2"": ""상의"", ""category3"": ""스웨트셔츠"", ""category3_code"": 268103104, ""is_new"": false, ""item_no"": 1841835, ""period_sort"": ""ONE_DAY"", ""platform"": ""29cm"", ""ranking_category_code"": ""268103100"", ""ranking_category_name"": ""여성의류>상의"", ""review_avg"": 5.0, ""sale_percent"": 5, ""sale_price"": 103550, ""sold_out"": false, ""url"": ""https://product.29cm.co.kr/catalog/1841835""}",2026-10-04T01:07:21+00:00_e382e724
2026-10-04T10:07:21+09:00,2026-10-04T01:07:21+00:00,commerce_rank,a birthday sweatshirt (grey),29cm:1841835,review_count,2535.0,"{""brand_eng"": ""HAAG"", ""brand_kor"": ""헤이그"", ""brand_no"": 19972, ""category1"": ""여성의류"", ""category2"": ""상의"", ""category3"": ""스웨트셔츠"", ""category3_code"": 268103104, ""is_new"": false, ""item_no"": 1841835, ""period_sort"": ""ONE_DAY"", ""platform"": ""29cm"", ""ranking_category_code"": ""268103100"", ""ranking_category_name"": ""여성의류>상의"", ""review_avg"": 5.0, ""sale_percent"": 5, ""sale_price"": 103550, ""sold_out"": false, ""url"": ""https://product.29cm.co.kr/catalog/1841835""}",2026-10-04T01:07:21+00:00_e382e724
2026-10-04T10:07:21+09:00,2026-10-04T01:07:21+00:00,commerce_rank,a birthday sweatshirt (grey),29cm:1841835@268103100,rank,58.0,"{""brand_eng"": ""HAAG"", ""brand_kor"": ""헤이그"", ""brand_no"": 19972, ""category1"": ""여성의류"", ""category2"": ""상의"", ""category3"": ""스웨트셔츠"", ""category3_code"": 268103104, ""is_new"": false, ""item_no"": 1841835, ""period_sort"": ""ONE_DAY"", ""platform"": ""29cm"", ""ranking_category_code"": ""268103100"", ""ranking_category_name"": ""여성의류>상의"", ""review_avg"": 5.0, ""sale_percent"": 5, ""sale_price"": 103550, ""sold_out"": false, ""url"": ""https://product.29cm.co.kr/catalog/1841835""}",2026-10-04T01:07:21+00:00_e382e724
2026-10-04T10:07:21+09:00,2026-10-04T01:07:22+00:00,commerce_rank,TF5-SH07 페이퍼셔츠 (12 Color),29cm:1911054,heart_count,66319.0,"{""brand_eng"": ""THOMAS MORE"", ""brand_kor"": ""토마스모어"", ""brand_no"": 2111, ""category1"": ""남성의류"", ""category2"": ""상의"", ""category3"": ""긴소매 셔츠"", ""category3_code"": 272103106, ""is_new"": false, ""item_no"": 1911054, ""period_sort"": ""ONE_DAY"", ""platform"": ""29cm"", ""ranking_category_code"": ""272103100"", ""ranking_category_name"": ""남성의류>상의"", ""review_avg"": 5.0, ""sale_percent"": 20, ""sale_price"": 47760, ""sold_out"": false, ""url"": ""https://product.29cm.co.kr/catalog/1911054""}",2026-10-04T01:07:21+00:00_e382e724
2026-10-04T10:07:21+09:00,2026-10-04T01:07:22+00:00,commerce_rank,TF5-SH07 페이퍼셔츠 (12 Color),29cm:1911054,review_count,21880.0,"{""brand_eng"": ""THOMAS MORE"", ""brand_kor"": ""토마스모어"", ""brand_no"": 2111, ""category1"": ""남성의류"", ""category2"": ""상의"", ""category3"": ""긴소매 셔츠"", ""category3_code"": 272103106, ""is_new"": false, ""item_no"": 1911054, ""period_sort"": ""ONE_DAY"", ""platform"": ""29cm"", ""ranking_category_code"": ""272103100"", ""ranking_category_name"": ""남성의류>상의"", ""review_avg"": 5.0, ""sale_percent"": 20, ""sale_price"": 47760, ""sold_out"": false, ""url"": ""https://product.29cm.co.kr/catalog/1911054""}",2026-10-04T01:07:21+00:00_e382e724
2026-10-04T10:07:21+09:00,2026-10-04T01:07:22+00:00,commerce_rank,TF5-SH07 페이퍼셔츠 (12 Color),29cm:1911054@272103100,rank,41.0,"{""brand_eng"": ""THOMAS MORE"", ""brand_kor"": ""토마스모어"", ""brand_no"": 2111, ""category1"": ""남성의류"", ""category2"": ""상의"", ""category3"": ""긴소매 셔츠"", ""category3_code"": 272103106, ""is_new"": false, ""item_no"": 1911054, ""period_sort"": ""ONE_DAY"", ""platform"": ""29cm"", ""ranking_category_code"": ""272103100"", ""ranking_category_name"": ""남성의류>상의"", ""review_avg"": 5.0, ""sale_percent"": 20, ""sale_price"": 47760, ""sold_out"": false, ""url"": ""https://product.29cm.co.kr/catalog/1911054""}",2026-10-04T01:07:21+00:00_e382e724
2026-10-04T10:07:21+09:00,2026-10-04T01:07:22+00:00,commerce_rank,TG2-SH10 피마 스냅다운 셔츠 - 화이트,29cm:2159838,heart_count,1394.0,"{""brand_eng"": ""THOMAS MORE"", ""brand_kor"": ""토마스모어"", ""brand_no"": 2111, ""category1"": ""남성의류"", ""category2"": ""상의"", ""category3"": ""긴소매 셔츠"", ""category3_code"": 272103106, ""is_new"": false, ""item_no"": 2159838, ""period_sort"": ""ONE_DAY"", ""platform"": ""29cm"", ""ranking_category_code"": ""272103100"", ""ranking_category_name"": ""남성의류>상의"", ""review_avg"": 5.0, ""sale_percent"": 0, ""sale_price"": 79500, ""sold_out"": false, ""url"": ""https://product.29cm.co.kr/catalog/2159838""}",2026-10-04T01:07:21+00:00_e382e724
2026-10-04T10:07:21+09:00,2026-10-04T01:07:22+00:00,commerce_rank,TG2-SH10 피마 스냅다운 셔츠 - 화이트,29cm:2159838,review_count,98.0,"{""brand_eng"": ""THOMAS MORE"", ""brand_kor"": ""토마스모어"", ""brand_no"": 2111, ""category1"": ""남성의류"", ""category2"": ""상의"", ""category3"": ""긴소매 셔츠"", ""category3_code"": 272103106, ""is_new"": false, ""item_no"": 2159838, ""period_sort"": ""ONE_DAY"", ""platform"": ""29cm"", ""ranking_category_code"": ""272103100"", ""ranking_category_name"": ""남성의류>상의"", ""review_avg"": 5.0, ""sale_percent"": 0, ""sale_price"": 79500, ""sold_out"": false, ""url"": ""https://product.29cm.co.kr/catalog/2159838""}",2026-10-04T01:07:21+00:00_e382e724
2026-10-04T10:07:21+09:00,2026-10-04T01:07:22+00:00,commerce_rank,TG2-SH10 피마 스냅다운 셔츠 - 화이트,29cm:2159838@272103100,rank,56.0,"{""brand_eng"": ""THOMAS MORE"", ""brand_kor"": ""토마스모어"", ""brand_no"": 2111, ""category1"": ""남성의류"", ""category2"": ""상의"", ""category3"": ""긴소매 셔츠"", ""category3_code"": 272103106, ""is_new"": false, ""item_no"": 2159838, ""period_sort"": ""ONE_DAY"", ""platform"": ""29cm"", ""ranking_category_code"": ""272103100"", ""ranking_category_name"": ""남성의류>상의"", ""review_avg"": 5.0, ""sale_percent"": 0, ""sale_price"": 79500, ""sold_out"": false, ""url"": ""https://product.29cm.co.kr/catalog/2159838""}",2026-10-04T01:07:21+00:00_e382e724
2026-10-04T10:07:21+09:00,2026-10-04T01:07:22+00:00,commerce_rank,[스페셜오더]_[레귤러] X-300 Supima Oxford Shirt (4color),29cm:2213632,heart_count,297.0,"{""brand_eng"": ""PRODE SHIRT"", ""brand_kor"": ""프로드셔츠"", ""brand_no"": 10939, ""category1"": ""남성의류"", ""category2"": ""상의"", ""category3"": ""긴소매 셔츠"", ""category3_code"": 272103106, ""is_new"": false, ""item_no"": 2213632, ""period_sort"": ""ONE_DAY"", ""platform"": ""29cm"", ""ranking_category_code"": ""272103100"", ""ranking_category_name"": ""남성의류>상의"", ""review_avg"": 5.0, ""sale_percent"": 0, ""sale_price"": 178000, ""sold_out"": false, ""url"": ""https://product.29cm.co.kr/catalog/2213632""}",2026-10-04T01:07:21+00:00_e382e724
2026-10-04T10:07:21+09:00,2026-10-04T01:07:22+00:00,commerce_rank,[스페셜오더]_[레귤러] X-300 Supima Oxford Shirt (4color),29cm:2213632,review_count,31.0,"{""brand_eng"": ""PRODE SHIRT"", ""brand_kor"": ""프로드셔츠"", ""brand_no"": 10939, ""category1"": ""남성의류"", ""category2"": ""상의"", ""category3"": ""긴소매 셔츠"", ""category3_code"": 272103106, ""is_new"": false, ""item_no"": 2213632, ""period_sort"": ""ONE_DAY"", ""platform"": ""29cm"", ""ranking_category_code"": ""272103100"", ""ranking_category_name"": ""남성의류>상의"", ""review_avg"": 5.0, ""sale_percent"": 0, ""sale_price"": 178000, ""sold_out"": false, ""url"": ""https://product.29cm.co.kr/catalog/2213632""}",2026-10-04T01:07:21+00:00_e382e724
2026-10-04T10:07:21+09:00,2026-10-04T01:07:22+00:00,commerce_rank,[스페셜오더]_[레귤러] X-300 Supima Oxford Shirt (4color),29cm:2213632@272103100,rank,75.0,"{""brand_eng"": ""PRODE SHIRT"", ""brand_kor"": ""프로드셔츠"", ""brand_no"": 10939, ""category1"": ""남성의류"", ""category2"": ""상의"", ""category3"": ""긴소매 셔츠"", ""category3_code"": 272103106, ""is_new"": false, ""item_no"": 2213632, ""period_sort"": ""ONE_DAY"", ""platform"": ""29cm"", ""ranking_category_code"": ""272103100"", ""ranking_category_name"": ""남성의류>상의"", ""review_avg"": 5.0, ""sale_percent"": 0, ""sale_price"": 178000, ""sold_out"": false, ""url"": ""https://product.29cm.co.kr/catalog/2213632""}",2026-10-04T01:07:21+00:00_e382e724
2026-10-04T10:07:21+09:00,2026-10-04T01:07:22+00:00,commerce_rank,Comfort Shirt - 12 Color,29cm:2460665,heart_count,4497.0,"{""brand_eng"": ""POTTERY"", ""brand_kor"": ""포터리"", ""brand_no"": 3453, ""category1"": ""남성의류"", ""category2"": ""상의"", ""category3"": ""긴소매 셔츠"", ""category3_code"": 272103106, ""is_new"": false, ""item_no"": 2460665, ""period_sort"": ""ONE_DAY"", ""platform"": ""29cm"", ""ranking_category_code"": ""272103100"", ""ranking_category_name"": ""남성의류>상의"", ""review_avg"": 5.0, ""sale_percent"": 19, ""sale_price"": 153090, ""sold_out"": false, ""url"": ""https://product.29cm.co.kr/catalog/2460665""}",2026-10-04T01:07:21+00:00_e382e724
2026-10-04T10:07:21+09:00,2026-10-04T01:07:22+00:00,commerce_rank,Comfort Shirt - 12 Color,29cm:2460665,review_count,815.0,"{""brand_eng"": ""POTTERY"", ""brand_kor"": ""포터리"", ""brand_no"": 3453, ""category1"": ""남성의류"", ""category2"": ""상의"", ""category3"": ""긴소매 셔츠"", ""category3_code"": 272103106, ""is_new"": false, ""item_no"": 2460665, ""period_sort"": ""ONE_DAY"", ""platform"": ""29cm"", ""ranking_category_code"": ""272103100"", ""ranking_category_name"": ""남성의류>상의"", ""review_avg"": 5.0, ""sale_percent"": 19, ""sale_price"": 153090, ""sold_out"": false, ""url"": ""https://product.29cm.co.kr/catalog/2460665""}",2026-10-04T01:07:21+00:00_e382e724
2026-10-04T10:07:21+09:00,2026-10-04T01:07:22+00:00,commerce_rank,Comfort Shirt - 12 Color,29cm:2460665@272103100,rank,21.0,"{""brand_eng"": ""POTTERY"", ""brand_kor"": ""포터리"", ""brand_no"": 3453, ""category1"": ""남성의류"", ""category2"": ""상의"", ""category3"": ""긴소매 셔츠"", ""category3_code"": 272103106, ""is_new"": false, ""item_no"": 2460665, ""period_sort"": ""ONE_DAY"", ""platform"": ""29cm"", ""ranking_category_code"": ""272103100"", ""ranking_category_name"": ""남성의류>상의"", ""review_avg"": 5.0, ""sale_percent"": 19, ""sale_price"": 153090, ""sold_out"": false, ""url"": ""https://product.29cm.co.kr/catalog/2460665""}",2026-10-04T01:07:21+00:00_e382e724
2026-10-04T10:07:21+09:00,2026-10-04T01:07:21+00:00,commerce_rank,Boat-neck Color Patch Tee (Cream/Black),29cm:2469575,heart_count,1488.0,"{""brand_eng"": ""GREENBUTTER"", ""brand_kor"": ""그린버터"", ""brand_no"": 19819, ""category1"": ""여성의류"", ""category2"": ""상의"", ""category3"": ""긴소매 티셔츠"", ""category3_code"": 268103102, ""is_new"": false, ""item_no"": 2469575, ""period_sort"": ""ONE_DAY"", ""platform"": ""29cm"", ""ranking_category_code"": ""268103100"", ""ranking_category_name"": ""여성의류>상의"", ""review_avg"": 4.5, ""sale_percent"": 19, ""sale_price"": 42120, ""sold_out"": false, ""url"": ""https://product.29cm.co.kr/catalog/2469575""}",2026-10-04T01:07:21+00:00_e382e724
2026-10-04T10:07:21+09:00,2026-10-04T01:07:21+00:00,commerce_rank,Boat-neck Color Patch Tee (Cream/Black),29cm:2469575,review_count,227.0,"{""brand_eng"": ""GREENBUTTER"", ""brand_kor"": ""그린버터"", ""brand_no"": 19819, ""category1"": ""여성의류"", ""category2"": ""상의"", ""category3"": ""긴소매 티셔츠"", ""category3_code"": 268103102, ""is_new"": false, ""item_no"": 2469575, ""period_sort"": ""ONE_DAY"", ""platform"": ""29cm"", ""ranking_category_code"": ""268103100"", ""ranking_category_name"": ""여성의류>상의"", ""review_avg"": 4.5, ""sale_percent"": 19, ""sale_price"": 42120, ""sold_out"": false, ""url"": ""https://product.29cm.co.kr/catalog/2469575""}",2026-10-04T01:07:21+00:00_e382e724
2026-10-04T10:07:21+09:00,2026-10-04T01:07:21+00:00,commerce_rank,Boat-neck Color Patch Tee (Cream/Black),29cm:2469575@268103100,rank,93.0,"{""brand_eng"": ""GREENBUTTER"", ""brand_kor"": ""그린버터"", ""brand_no"": 19819, ""category1"": ""여성의류"", ""category2"": ""상의"", ""category3"": ""긴소매 티셔츠"", ""category3_code"": 268103102, ""is_new"": false, ""item_no"": 2469575, ""period_sort"": ""ONE_DAY"", ""platform"": ""29cm"", ""ranking_category_code"": ""268103100"", ""ranking_category_name"": ""여성의류>상의"", ""review_avg"": 4.5, ""sale_percent"": 19, ""sale_price"": 42120, ""sold_out"": false, ""url"": ""https://product.29cm.co.kr/catalog/2469575""}",2026-10-04T01:07:21+00:00_e382e724
2026-10-04T10:07:21+09:00,2026-10-04T01:07:22+00:00,commerce_rank,[2 PACK] 스포츠 오버핏 슬리브리스 (2color),29cm:2538278,heart_count,73.0,"{""brand_eng"": ""PIANER"", ""brand_kor"": ""피아네르"", ""brand_no"": 8081, ""category1"": ""남성의류"", ""category2"": ""상의"", ""category3"": ""슬리브리스"", ""category3_code"": 272103103, ""is_new"": false, ""item_no"": 2538278, ""period_sort"": ""ONE_DAY"", ""platform"": ""29cm"", ""ranking_category_code"": ""272103100"", ""ranking_category_name"": ""남성의류>상의"", ""review_avg"": 5.0, ""sale_percent"": 55, ""sale_price"": 26880, ""sold_out"": false, ""url"": ""https://product.29cm.co.kr/catalog/2538278""}",2026-10-04T01:07:21+00:00_e382e724
2026-10-04T10:07:21+09:00,2026-10-04T01:07:22+00:00,commerce_rank,[2 PACK] 스포츠 오버핏 슬리브리스 (2color),29cm:2538278,review_count,23.0,"{""brand_eng"": ""PIANER"", ""brand_kor"": ""피아네르"", ""brand_no"": 8081, ""category1"": ""남성의류"", ""category2"": ""상의"", ""category3"": ""슬리브리스"", ""category3_code"": 272103103, ""is_new"": false, ""item_no"": 2538278, ""period_sort"": ""ONE_DAY"", ""platform"": ""29cm"", ""ranking_category_code"": ""272103100"", ""ranking_category_name"": ""남성의류>상의"", ""review_avg"": 5.0, ""sale_percent"": 55, ""sale_price"": 26880, ""sold_out"": false, ""url"": ""https://product.29cm.co.kr/catalog/2538278""}",2026-10-04T01:07:21+00:00_e382e724
2026-10-04T10:07:21+09:00,2026-10-04T01:07:22+00:00,commerce_rank,[2 PACK] 스포츠 오버핏 슬리브리스 (2color),29cm:2538278@272103100,rank,18.0,"{""brand_eng"": ""PIANER"", ""brand_kor"": ""피아네르"", ""brand_no"": 8081, ""category1"": ""남성의류"", ""category2"": ""상의"", ""category3"": ""슬리브리스"", ""category3_code"": 272103103, ""is_new"": false, ""item_no"": 2538278, ""period_sort"": ""ONE_DAY"", ""platform"": ""29cm"", ""ranking_category_code"": ""272103100"", ""ranking_category_name"": ""남성의류>상의"", ""review_avg"": 5.0, ""sale_percent"": 55, ""sale_price"": 26880, ""sold_out"": false, ""url"": ""https://product.29cm.co.kr/catalog/2538278""}",2026-10-04T01:07:21+00:00_e382e724
2026-10-04T10:07:21+09:00,2026-10-04T01:07:22+00:00,commerce_rank,THOMAS MASON 스탠다드 셔츠 블루,29cm:2622468,heart_count,3.0,"{""brand_eng"": ""MANNERGRAM"", ""brand_kor"": ""매너그램"", ""brand_no"": 1575, ""category1"": ""남성의류"", ""category2"": ""상의"", ""category3"": ""긴소매 셔츠"", ""category3_code"": 272103106, ""is_new"": false, ""item_no"": 2622468, ""period_sort"": ""ONE_DAY"", ""platform"": ""29cm"", ""ranking_category_code"": ""272103100"", ""ranking_category_name"": ""남성의류>상의"", ""review_avg"": 0.0, ""sale_percent"": 15, ""sale_price"": 178500, ""sold_out"": false, ""url"": ""https://product.29cm.co.kr/catalog/2622468""}",2026-10-04T01:07:21+00:00_e382e724
2026-10-04T10:07:21+09:00,2026-10-04T01:07:22+00:00,commerce_rank,THOMAS MASON 스탠다드 셔츠 블루,29cm:2622468,review_count,0.0,"{""brand_eng"": ""MANNERGRAM"", ""brand_kor"": ""매너그램"", ""brand_no"": 1575, ""category1"": ""남성의류"", ""category2"": ""상의"", ""category3"": ""긴소매 셔츠"", ""category3_code"": 272103106, ""is_new"": false, ""item_no"": 2622468, ""period_sort"": ""ONE_DAY"", ""platform"": ""29cm"", ""ranking_category_code"": ""272103100"", ""ranking_category_name"": ""남성의류>상의"", ""review_avg"": 0.0, ""sale_percent"": 15, ""sale_price"": 178500, ""sold_out"": false, ""url"": ""https://product.29cm.co.kr/catalog/2622468""}",2026-10-04T01:07:21+00:00_e382e724
2026-10-04T10:07:21+09:00,2026-10-04T01:07:22+00:00,commerce_rank,THOMAS MASON 스탠다드 셔츠 블루,29cm:2622468@272103100,rank,82.0,"{""brand_eng"": ""MANNERGRAM"", ""brand_kor"": ""매너그램"", ""brand_no"": 1575, ""category1"": ""남성의류"", ""category2"": ""상의"", ""category3"": ""긴소매 셔츠"", ""category3_code"": 272103106, ""is_new"": false, ""item_no"": 2622468, ""period_sort"": ""ONE_DAY"", ""platform"": ""29cm"", ""ranking_category_code"": ""272103100"", ""ranking_category_name"": ""남성의류>상의"", ""review_avg"": 0.0, ""sale_percent"": 15, ""sale_price"": 178500, ""sold_out"": false, ""url"": ""https://product.29cm.co.kr/catalog/2622468""}",2026-10-04T01:07:21+00:00_e382e724
2026-10-04T10:07:21+09:00,2026-10-04T01:07:21+00:00,commerce_rank,빅 트위치 로고 후드 티셔츠 오트밀,29cm:2737573,heart_count,532.0,"{""brand_eng"": ""Lee"", ""brand_kor"": ""리"", ""brand_no"": 15263, ""category1"": ""남성의류"", ""category2"": ""상의"", ""category3"": ""후디"", ""category3_code"": 272103108, ""is_new"": false, ""item_no"": 2737573, ""period_sort"": ""ONE_DAY"", ""platform"": ""29cm"", ""ranking_category_code"": ""268103100"", ""ranking_category_name"": ""여성의류>상의"", ""review_avg"": 5.0, ""sale_percent"": 63, ""sale_price"": 28980, ""sold_out"": false, ""url"": ""https://product.29cm.co.kr/catalog/2737573""}",2026-10-04T01:07:21+00:00_e382e724
2026-10-04T10:07:21+09:00,2026-10-04T01:07:21+00:00,commerce_rank,빅 트위치 로고 후드 티셔츠 오트밀,29cm:2737573,review_count,30.0,"{""brand_eng"": ""Lee"", ""brand_kor"": ""리"", ""brand_no"": 15263, ""category1"": ""남성의류"", ""category2"": ""상의"", ""category3"": ""후디"", ""category3_code"": 272103108, ""is_new"": false, ""item_no"": 2737573, ""period_sort"": ""ONE_DAY"", ""platform"": ""29cm"", ""ranking_category_code"": ""268103100"", ""ranking_category_name"": ""여성의류>상의"", ""review_avg"": 5.0, ""sale_percent"": 63, ""sale_price"": 28980, ""sold_out"": false, ""url"": ""https://product.29cm.co.kr/catalog/2737573""}",2026-10-04T01:07:21+00:00_e382e724
2026-10-04T10:07:21+09:00,2026-10-04T01:07:21+00:00,commerce_rank,빅 트위치 로고 후드 티셔츠 오트밀,29cm:2737573@268103100,rank,55.0,"{""brand_eng"": ""Lee"", ""brand_kor"": ""리"", ""brand_no"": 15263, ""category1"": ""남성의류"", ""category2"": ""상의"", ""category3"": ""후디"", ""category3_code"": 272103108, ""is_new"": false, ""item_no"": 2737573, ""period_sort"": ""ONE_DAY"", ""platform"": ""29cm"", ""ranking_category_code"": ""268103100"", ""ranking_category_name"": ""여성의류>상의"", ""review_avg"": 5.0, ""sale_percent"": 63, ""sale_price"": 28980, ""sold_out"": false, ""url"": ""https://product.29cm.co.kr/catalog/2737573""}",2026-10-04T01:07:21+00:00_e382e724
2026-10-04T10:07:21+09:00,2026-10-04T01:07:21+00:00,commerce_rank,Essential Boat Neck Tee_4 Colors,29cm:2746755,heart_count,28802.0,"{""brand_eng"": ""ARTTO"", ""brand_kor"": ""아르토"", ""brand_no"": 57017, ""category1"": ""여성의류"", ""category2"": ""단독"", ""category3"": ""상의"", ""category3_code"": 268116101, ""is_new"": false, ""item_no"": 2746755, ""period_sort"": ""ONE_DAY"", ""platform"": ""29cm"", ""ranking_category_code"": ""268103100"", ""ranking_category_name"": ""여성의류>상의"", ""review_avg"": 5.0, ""sale_percent"": 0, ""sale_price"": 36000, ""sold_out"": false, ""url"": ""https://product.29cm.co.kr/catalog/2746755""}",2026-10-04T01:07:21+00:00_e382e724
2026-10-04T10:07:21+09:00,2026-10-04T01:07:21+00:00,commerce_rank,Essential Boat Neck Tee_4 Colors,29cm:2746755,review_count,2004.0,"{""brand_eng"": ""ARTTO"", ""brand_kor"": ""아르토"", ""brand_no"": 57017, ""category1"": ""여성의류"", ""category2"": ""단독"", ""category3"": ""상의"", ""category3_code"": 268116101, ""is_new"": false, ""item_no"": 2746755, ""period_sort"": ""ONE_DAY"", ""platform"": ""29cm"", ""ranking_category_code"": ""268103100"", ""ranking_category_name"": ""여성의류>상의"", ""review_avg"": 5.0, ""sale_percent"": 0, ""sale_price"": 36000, ""sold_out"": false, ""url"": ""https://product.29cm.co.kr/catalog/2746755""}",2026-10-04T01:07:21+00:00_e382e724
2026-10-04T10:07:21+09:00,2026-10-04T01:07:21+00:00,commerce_rank,Essential Boat Neck Tee_4 Colors,29cm:2746755@268103100,rank,47.0,"{""brand_eng"": ""ARTTO"", ""brand_kor"": ""아르토"", ""brand_no"": 57017, ""category1"": ""여성의류"", ""category2"": ""단독"", ""category3"": ""상의"", ""category3_code"": 268116101, ""is_new"": false, ""item_no"": 2746755, ""period_sort"": ""ONE_DAY"", ""platform"": ""29cm"", ""ranking_category_code"": ""268103100"", ""ranking_category_name"": ""여성의류>상의"", ""review_avg"": 5.0, ""sale_percent"": 0, ""sale_price"": 36000, ""sold_out"": false, ""url"": ""https://product.29cm.co.kr/catalog/2746755""}",2026-10-04T01:07:21+00:00_e382e724
2026-10-04T10:07:21+09:00,2026-10-04T01:07:21+00:00,commerce_rank,[오제 PICK] 에센셜 롱 슬리브 티셔츠 MDTS063_6 Colors,29cm:2753432,heart_count,7800.0,"{""brand_eng"": ""MONGDOL"", ""brand_kor"": ""몽돌"", ""brand_no"": 10654, ""category1"": ""여성의류"", ""category2"": ""상의"", ""category3"": ""긴소매 티셔츠"", ""category3_code"": 268103102, ""is_new"": false, ""item_no"": 2753432, ""period_sort"": ""ONE_DAY"", ""platform"": ""29cm"", ""ranking_category_code"": ""268103100"", ""ranking_category_name"": ""여성의류>상의"", ""review_avg"": 4.5, ""sale_percent"": 37, ""sale_price"": 23310, ""sold_out"": false, ""url"": ""https://product.29cm.co.kr/catalog/2753432""}",2026-10-04T01:07:21+00:00_e382e724
2026-10-04T10:07:21+09:00,2026-10-04T01:07:21+00:00,commerce_rank,[오제 PICK] 에센셜 롱 슬리브 티셔츠 MDTS063_6 Colors,29cm:2753432,review_count,764.0,"{""brand_eng"": ""MONGDOL"", ""brand_kor"": ""몽돌"", ""brand_no"": 10654, ""category1"": ""여성의류"", ""category2"": ""상의"", ""category3"": ""긴소매 티셔츠"", ""category3_code"": 268103102, ""is_new"": false, ""item_no"": 2753432, ""period_sort"": ""ONE_DAY"", ""platform"": ""29cm"", ""ranking_category_code"": ""268103100"", ""ranking_category_name"": ""여성의류>상의"", ""review_avg"": 4.5, ""sale_percent"": 37, ""sale_price"": 23310, ""sold_out"": false, ""url"": ""https://product.29cm.co.kr/catalog/2753432""}",2026-10-04T01:07:21+00:00_e382e724
2026-10-04T10:07:21+09:00,2026-10-04T01:07:21+00:00,commerce_rank,[오제 PICK] 에센셜 롱 슬리브 티셔츠 MDTS063_6 Colors,29cm:2753432@268103100,rank,19.0,"{""brand_eng"": ""MONGDOL"", ""brand_kor"": ""몽돌"", ""brand_no"": 10654, ""category1"": ""여성의류"", ""category2"": ""상의"", ""category3"": ""긴소매 티셔츠"", ""category3_code"": 268103102, ""is_new"": false, ""item_no"": 2753432, ""period_sort"": ""ONE_DAY"", ""platform"": ""29cm"", ""ranking_category_code"": ""268103100"", ""ranking_category_name"": ""여성의류>상의"", ""review_avg"": 4.5, ""sale_percent"": 37, ""sale_price"": 23310, ""sold_out"": false, ""url"": ""https://product.29cm.co.kr/catalog/2753432""}",2026-10-04T01:07:21+00:00_e382e724
2026-10-04T10:07:21+09:00,2026-10-04T01:07:22+00:00,commerce_rank,83플래그 하프 집업 스웨트셔츠(기모)(4colors) NSW6036,29cm:2779685,heart_count,2329.0,"{""brand_eng"": ""NAUTICA"", ""brand_kor"": ""노티카"", ""brand_no"": 17425, ""category1"": ""남성의류"", ""category2"": ""상의"", ""category3"": ""스웨트셔츠"", ""category3_code"": 272103107, ""is_new"": false, ""item_no"": 2779685, ""period_sort"": ""ONE_DAY"", ""platform"": ""29cm"", ""ranking_category_code"": ""272103100"", ""ranking_category_name"": ""남성의류>상의"", ""review_avg"": 5.0, ""sale_percent"": 20, ""sale_price"": 71100, ""sold_out"": false, ""url"": ""https://product.29cm.co.kr/catalog/2779685""}",2026-10-04T01:07:21+00:00_e382e724
2026-10-04T10:07:21+09:00,2026-10-04T01:07:22+00:00,commerce_rank,83플래그 하프 집업 스웨트셔츠(기모)(4colors) NSW6036,29cm:2779685,review_count,193.0,"{""brand_eng"": ""NAUTICA"", ""brand_kor"": ""노티카"", ""brand_no"": 17425, ""category1"": ""남성의류"", ""category2"": ""상의"", ""category3"": ""스웨트셔츠"", ""category3_code"": 272103107, ""is_new"": false, ""item_no"": 2779685, ""period_sort"": ""ONE_DAY"", ""platform"": ""29cm"", ""ranking_category_code"": ""272103100"", ""ranking_category_name"": ""남성의류>상의"", ""review_avg"": 5.0, ""sale_percent"": 20, ""sale_price"": 71100, ""sold_out"": false, ""url"": ""https://product.29cm.co.kr/catalog/2779685""}",2026-10-04T01:07:21+00:00_e382e724
2026-10-04T10:07:21+09:00,2026-10-04T01:07:22+00:00,commerce_rank,83플래그 하프 집업 스웨트셔츠(기모)(4colors) NSW6036,29cm:2779685@272103100,rank,7.0,"{""brand_eng"": ""NAUTICA"", ""brand_kor"": ""노티카"", ""brand_no"": 17425, ""category1"": ""남성의류"", ""category2"": ""상의"", ""category3"": ""스웨트셔츠"", ""category3_code"": 272103107, ""is_new"": false, ""item_no"": 2779685, ""period_sort"": ""ONE_DAY"", ""platform"": ""29cm"", ""ranking_category_code"": ""272103100"", ""ranking_category_name"": ""남성의류>상의"", ""review_avg"": 5.0, ""sale_percent"": 20, ""sale_price"": 71100, ""sold_out"": false, ""url"": ""https://product.29cm.co.kr/catalog/2779685""}",2026-10-04T01:07:21+00:00_e382e724
2026-10-04T10:07:21+09:00,2026-10-04T01:07:21+00:00,commerce_rank,[28th][소진pick]Raglan sleeve t-shirt (melange gray),29cm:2792718,heart_count,5182.0,"{""brand_eng"": ""THE MITTEN"", ""brand_kor"": ""더미튼"", ""brand_no"": 25573, ""category1"": ""여성의류"", ""category2"": ""상의"", ""category3"": ""긴소매 티셔츠"", ""category3_code"": 268103102, ""is_new"": false, ""item_no"": 2792718, ""period_sort"": ""ONE_DAY"", ""platform"": ""29cm"", ""ranking_category_code"": ""268103100"", ""ranking_category_name"": ""여성의류>상의"", ""review_avg"": 5.0, ""sale_percent"": 23, ""sale_price"": 42080, ""sold_out"": false, ""url"": ""https://product.29cm.co.kr/catalog/2792718""}",2026-10-04T01:07:21+00:00_e382e724
2026-10-04T10:07:21+09:00,2026-10-04T01:07:21+00:00,commerce_rank,[28th][소진pick]Raglan sleeve t-shirt (melange gray),29cm:2792718,review_count,257.0,"{""brand_eng"": ""THE MITTEN"", ""brand_kor"": ""더미튼"", ""brand_no"": 25573, ""category1"": ""여성의류"", ""category2"": ""상의"", ""category3"": ""긴소매 티셔츠"", ""category3_code"": 268103102, ""is_new"": false, ""item_no"": 2792718, ""period_sort"": ""ONE_DAY"", ""platform"": ""29cm"", ""ranking_category_code"": ""268103100"", ""ranking_category_name"": ""여성의류>상의"", ""review_avg"": 5.0, ""sale_percent"": 23, ""sale_price"": 42080, ""sold_out"": false, ""url"": ""https://product.29cm.co.kr/catalog/2792718""}",2026-10-04T01:07:21+00:00_e382e724
2026-10-04T10:07:21+09:00,2026-10-04T01:07:21+00:00,commerce_rank,[28th][소진pick]Raglan sleeve t-shirt (melange gray),29cm:2792718@268103100,rank,15.0,"{""brand_eng"": ""THE MITTEN"", ""brand_kor"": ""더미튼"", ""brand_no"": 25573, ""category1"": ""여성의류"", ""category2"": ""상의"", ""category3"": ""긴소매 티셔츠"", ""category3_code"": 268103102, ""is_new"": false, ""item_no"": 2792718, ""period_sort"": ""ONE_DAY"", ""platform"": ""29cm"", ""ranking_category_code"": ""268103100"", ""ranking_category_name"": ""여성의류>상의"", ""review_avg"": 5.0, ""sale_percent"": 23, ""sale_price"": 42080, ""sold_out"": false, ""url"": ""https://product.29cm.co.kr/catalog/2792718""}",2026-10-04T01:07:21+00:00_e382e724
2026-10-04T10:07:21+09:00,2026-10-04T01:07:21+00:00,commerce_rank,[13차]Wool tencel round Tee (Ivory),29cm:2794388,heart_count,4684.0,"{""brand_eng"": ""NOEUD"", ""brand_kor"": ""노우드"", ""brand_no"": 22234, ""category1"": ""여성의류"", ""category2"": ""상의"", ""category3"": ""긴소매 티셔츠"", ""category3_code"": 268103102, ""is_new"": false, ""item_no"": 2794388, ""period_sort"": ""ONE_DAY"", ""platform"": ""29cm"", ""ranking_category_code"": ""268103100"", ""ranking_category_name"": ""여성의류>상의"", ""review_avg"": 5.0, ""sale_percent"": 20, ""sale_price"": 33600, ""sold_out"": false, ""url"": ""https://product.29cm.co.kr/catalog/2794388""}",2026-10-04T01:07:21+00:00_e382e724
2026-10-04T10:07:21+09:00,2026-10-04T01:07:21+00:00,commerce_rank,[13차]Wool tencel round Tee (Ivory),29cm:2794388,review_count,479.0,"{""brand_eng"": ""NOEUD"", ""brand_kor"": ""노우드"", ""brand_no"": 22234, ""category1"": ""여성의류"", ""category2"": ""상의"", ""category3"": ""긴소매 티셔츠"", ""category3_code"": 268103102, ""is_new"": false, ""item_no"": 2794388, ""period_sort"": ""ONE_DAY"", ""platform"": ""29cm"", ""ranking_category_code"": ""268103100"", ""ranking_category_name"": ""여성의류>상의"", ""review_avg"": 5.0, ""sale_percent"": 20, ""sale_price"": 33600, ""sold_out"": false, ""url"": ""https://product.29cm.co.kr/catalog/2794388""}",2026-10-04T01:07:21+00:00_e382e724
2026-10-04T10:07:21+09:00,2026-10-04T01:07:21+00:00,commerce_rank,[13차]Wool tencel round Tee (Ivory),29cm:2794388@268103100,rank,49.0,"{""brand_eng"": ""NOEUD"", ""brand_kor"": ""노우드"", ""brand_no"": 22234, ""category1"": ""여성의류"", ""category2"": ""상의"", ""category3"": ""긴소매 티셔츠"", ""category3_code"": 268103102, ""is_new"": false, ""item_no"": 2794388, ""period_sort"": ""ONE_DAY"", ""platform"": ""29cm"", ""ranking_category_code"": ""268103100"", ""ranking_category_name"": ""여성의류>상의"", ""review_avg"": 5.0, ""sale_percent"": 20, ""sale_price"": 33600, ""sold_out"": false, ""url"": ""https://product.29cm.co.kr/catalog/2794388""}",2026-10-04T01:07:21+00:00_e382e724
2026-10-04T10:07:21+09:00,2026-10-04T01:07:21+00:00,commerce_rank,LOND2 WAIST TUCK BLOUSE (Z-BL-4287),29cm:2809438,heart_count,41511.0,"{""brand_eng"": ""ATELIER NAIN"", ""brand_kor"": ""아틀리에 나인"", ""brand_no"": 27282, ""category1"": ""여성의류"", ""category2"": ""상의"", ""category3"": ""블라우스"", ""category3_code"": 268103107, ""is_new"": false, ""item_no"": 2809438, ""period_sort"": ""ONE_DAY"", ""platform"": ""29cm"", ""ranking_category_code"": ""268103100"", ""ranking_category_name"": ""여성의류>상의"", ""review_avg"": 4.5, ""sale_percent"": 32, ""sale_price"": 40120, ""sold_out"": false, ""url"": ""https://product.29cm.co.kr/catalog/2809438""}",2026-10-04T01:07:21+00:00_e382e724
2026-10-04T10:07:21+09:00,2026-10-04T01:07:21+00:00,commerce_rank,LOND2 WAIST TUCK BLOUSE (Z-BL-4287),29cm:2809438,review_count,692.0,"{""brand_eng"": ""ATELIER NAIN"", ""brand_kor"": ""아틀리에 나인"", ""brand_no"": 27282, ""category1"": ""여성의류"", ""category2"": ""상의"", ""category3"": ""블라우스"", ""category3_code"": 268103107, ""is_new"": false, ""item_no"": 2809438, ""period_sort"": ""ONE_DAY"", ""platform"": ""29cm"", ""ranking_category_code"": ""268103100"", ""ranking_category_name"": ""여성의류>상의"", ""review_avg"": 4.5, ""sale_percent"": 32, ""sale_price"": 40120, ""sold_out"": false, ""url"": ""https://product.29cm.co.kr/catalog/2809438""}",2026-10-04T01:07:21+00:00_e382e724
2026-10-04T10:07:21+09:00,2026-10-04T01:07:21+00:00,commerce_rank,LOND2 WAIST TUCK BLOUSE (Z-BL-4287),29cm:2809438@268103100,rank,18.0,"{""brand_eng"": ""ATELIER NAIN"", ""brand_kor"": ""아틀리에 나인"", ""brand_no"": 27282, ""category1"": ""여성의류"", ""category2"": ""상의"", ""category3"": ""블라우스"", ""category3_code"": 268103107, ""is_new"": false, ""item_no"": 2809438, ""period_sort"": ""ONE_DAY"", ""platform"": ""29cm"", ""ranking_category_code"": ""268103100"", ""ranking_category_name"": ""여성의류>상의"", ""review_avg"": 4.5, ""sale_percent"": 32, ""sale_price"": 40120, ""sold_out"": false, ""url"": ""https://product.29cm.co.kr/catalog/2809438""}",2026-10-04T01:07:21+00:00_e382e724
2026-10-04T10:07:21+09:00,2026-10-04T01:07:22+00:00,commerce_rank,UA덴마크 프린팅 기모 후드티 그레이,29cm:2846701,heart_count,5.0,"{""brand_eng"": ""UNIAPPAREL"", ""brand_kor"": ""유니어패럴"", ""brand_no"": 10865, ""category1"": ""남성의류"", ""category2"": ""상의"", ""category3"": ""후디"", ""category3_code"": 272103108, ""is_new"": false, ""item_no"": 2846701, ""period_sort"": ""ONE_DAY"", ""platform"": ""29cm"", ""ranking_category_code"": ""272103100"", ""ranking_category_name"": ""남성의류>상의"", ""review_avg"": 0.0, ""sale_percent"": 41, ""sale_price"": 27120, ""sold_out"": false, ""url"": ""https://product.29cm.co.kr/catalog/2846701""}",2026-10-04T01:07:21+00:00_e382e724
2026-10-04T10:07:21+09:00,2026-10-04T01:07:22+00:00,commerce_rank,UA덴마크 프린팅 기모 후드티 그레이,29cm:2846701,review_count,0.0,"{""brand_eng"": ""UNIAPPAREL"", ""brand_kor"": ""유니어패럴"", ""brand_no"": 10865, ""category1"": ""남성의류"", ""category2"": ""상의"", ""category3"": ""후디"", ""category3_code"": 272103108, ""is_new"": false, ""item_no"": 2846701, ""period_sort"": ""ONE_DAY"", ""platform"": ""29cm"", ""ranking_category_code"": ""272103100"", ""ranking_category_name"": ""남성의류>상의"", ""review_avg"": 0.0, ""sale_percent"": 41, ""sale_price"": 27120, ""sold_out"": false, ""url"": ""https://product.29cm.co.kr/catalog/2846701""}",2026-10-04T01:07:21+00:00_e382e724
2026-10-04T10:07:21+09:00,2026-10-04T01:07:22+00:00,commerce_rank,UA덴마크 프린팅 기모 후드티 그레이,29cm:2846701@272103100,rank,91.0,"{""brand_eng"": ""UNIAPPAREL"", ""brand_kor"": ""유니어패럴"", ""brand_no"": 10865, ""category1"": ""남성의류"", ""category2"": ""상의"", ""category3"": ""후디"", ""category3_code"": 272103108, ""is_new"": false, ""item_no"": 2846701, ""period_sort"": ""ONE_DAY"", ""platform"": ""29cm"", ""ranking_category_code"": ""272103100"", ""ranking_category_name"": ""남성의류>상의"", ""review_avg"": 0.0, ""sale_percent"": 41, ""sale_price"": 27120, ""sold_out"": false, ""url"": ""https://product.29cm.co.kr/catalog/2846701""}",2026-10-04T01:07:21+00:00_e382e724
2026-10-04T10:07:21+09:00,2026-10-04T01:07:22+00:00,commerce_rank,원포인트 그래픽 후드 블루,29cm:2970257,heart_count,2.0,"{""brand_eng"": ""Wacky Willy"", ""brand_kor"": ""와키윌리"", ""brand_no"": 15237, ""category1"": ""남성의류"", ""category2"": ""상의"", ""category3"": ""후디"", ""category3_code"": 272103108, ""is_new"": false, ""item_no"": 2970257, ""period_sort"": ""ONE_DAY"", ""platform"": ""29cm"", ""ranking_category_code"": ""272103100"", ""ranking_category_name"": ""남성의류>상의"", ""review_avg"": 0.0, ""sale_percent"": 71, ""sale_price"": 29000, ""sold_out"": true, ""url"": ""https://product.29cm.co.kr/catalog/2970257""}",2026-10-04T01:07:21+00:00_e382e724
2026-10-04T10:07:21+09:00,2026-10-04T01:07:22+00:00,commerce_rank,원포인트 그래픽 후드 블루,29cm:2970257,review_count,0.0,"{""brand_eng"": ""Wacky Willy"", ""brand_kor"": ""와키윌리"", ""brand_no"": 15237, ""category1"": ""남성의류"", ""category2"": ""상의"", ""category3"": ""후디"", ""category3_code"": 272103108, ""is_new"": false, ""item_no"": 2970257, ""period_sort"": ""ONE_DAY"", ""platform"": ""29cm"", ""ranking_category_code"": ""272103100"", ""ranking_category_name"": ""남성의류>상의"", ""review_avg"": 0.0, ""sale_percent"": 71, ""sale_price"": 29000, ""sold_out"": true, ""url"": ""https://product.29cm.co.kr/catalog/2970257""}",2026-10-04T01:07:21+00:00_e382e724
2026-10-04T10:07:21+09:00,2026-10-04T01:07:22+00:00,commerce_rank,원포인트 그래픽 후드 블루,29cm:2970257@272103100,rank,1.0,"{""brand_eng"": ""Wacky Willy"", ""brand_kor"": ""와키윌리"", ""brand_no"": 15237, ""category1"": ""남성의류"", ""category2"": ""상의"", ""category3"": ""후디"", ""category3_code"": 272103108, ""is_new"": false, ""item_no"": 2970257, ""period_sort"": ""ONE_DAY"", ""platform"": ""29cm"", ""ranking_category_code"": ""272103100"", ""ranking_category_name"": ""남성의류>상의"", ""review_avg"": 0.0, ""sale_percent"": 71, ""sale_price"": 29000, ""sold_out"": true, ""url"": ""https://product.29cm.co.kr/catalog/2970257""}",2026-10-04T01:07:21+00:00_e382e724
2026-10-04T10:07:21+09:00,2026-10-04T01:07:21+00:00,commerce_rank,[29CM 단독/컬러추가] SIKN2136 클래식 스트라이프 카라 니트_Navy,29cm:3033257,heart_count,22500.0,"{""brand_eng"": ""Siyazu"", ""brand_kor"": ""시야쥬"", ""brand_no"": 10005, ""category1"": ""여성의류"", ""category2"": ""상의"", ""category3"": ""피케/카라 티셔츠"", ""category3_code"": 268103109, ""is_new"": false, ""item_no"": 3033257, ""period_sort"": ""ONE_DAY"", ""platform"": ""29cm"", ""ranking_category_code"": ""268103100"", ""ranking_category_name"": ""여성의류>상의"", ""review_avg"": 5.0, ""sale_percent"": 30, ""sale_price"": 68290, ""sold_out"": false, ""url"": ""https://product.29cm.co.kr/catalog/3033257""}",2026-10-04T01:07:21+00:00_e382e724
2026-10-04T10:07:21+09:00,2026-10-04T01:07:21+00:00,commerce_rank,[29CM 단독/컬러추가] SIKN2136 클래식 스트라이프 카라 니트_Navy,29cm:3033257,review_count,535.0,"{""brand_eng"": ""Siyazu"", ""brand_kor"": ""시야쥬"", ""brand_no"": 10005, ""category1"": ""여성의류"", ""category2"": ""상의"", ""category3"": ""피케/카라 티셔츠"", ""category3_code"": 268103109, ""is_new"": false, ""item_no"": 3033257, ""period_sort"": ""ONE_DAY"", ""platform"": ""29cm"", ""ranking_category_code"": ""268103100"", ""ranking_category_name"": ""여성의류>상의"", ""review_avg"": 5.0, ""sale_percent"": 30, ""sale_price"": 68290, ""sold_out"": false, ""url"": ""https://product.29cm.co.kr/catalog/3033257""}",2026-10-04T01:07:21+00:00_e382e724
2026-10-04T10:07:21+09:00,2026-10-04T01:07:21+00:00,commerce_rank,[29CM 단독/컬러추가] SIKN2136 클래식 스트라이프 카라 니트_Navy,29cm:3033257@268103100,rank,4.0,"{""brand_eng"": ""Siyazu"", ""brand_kor"": ""시야쥬"", ""brand_no"": 10005, ""category1"": ""여성의류"", ""category2"": ""상의"", ""category3"": ""피케/카라 티셔츠"", ""category3_code"": 268103109, ""is_new"": false, ""item_no"": 3033257, ""period_sort"": ""ONE_DAY"", ""platform"": ""29cm"", ""ranking_category_code"": ""268103100"", ""ranking_category_name"": ""여성의류>상의"", ""review_avg"": 5.0, ""sale_percent"": 30, ""sale_price"": 68290, ""sold_out"": false, ""url"": ""https://product.29cm.co.kr/catalog/3033257""}",2026-10-04T01:07:21+00:00_e382e724
2026-10-04T10:07:21+09:00,2026-10-04T01:07:22+00:00,commerce_rank,타이포 그래픽 후드 네이비,29cm:3040082,heart_count,32.0,"{""brand_eng"": ""Lee"", ""brand_kor"": ""리"", ""brand_no"": 15263, ""category1"": ""남성의류"", ""category2"": ""상의"", ""category3"": ""후디"", ""category3_code"": 272103108, ""is_new"": false, ""item_no"": 3040082, ""period_sort"": ""ONE_DAY"", ""platform"": ""29cm"", ""ranking_category_code"": ""272103100"", ""ranking_category_name"": ""남성의류>상의"", ""review_avg"": 0.0, ""sale_percent"": 65, ""sale_price"": 34920, ""sold_out"": false, ""url"": ""https://product.29cm.co.kr/catalog/3040082""}",2026-10-04T01:07:21+00:00_e382e724
2026-10-04T10:07:21+09:00,2026-10-04T01:07:22+00:00,commerce_rank,타이포 그래픽 후드 네이비,29cm:3040082,review_count,0.0,"{""brand_eng"": ""Lee"", ""brand_kor"": ""리"", ""brand_no"": 15263, ""category1"": ""남성의류"", ""category2"": ""상의"", ""category3"": ""후디"", ""category3_code"": 272103108, ""is_new"": false, ""item_no"": 3040082, ""period_sort"": ""ONE_DAY"", ""platform"": ""29cm"", ""ranking_category_code"": ""272103100"", ""ranking_category_name"": ""남성의류>상의"", ""review_avg"": 0.0, ""sale_percent"": 65, ""sale_price"": 34920, ""sold_out"": false, ""url"": ""https://product.29cm.co.kr/catalog/3040082""}",2026-10-04T01:07:21+00:00_e382e724
2026-10-04T10:07:21+09:00,2026-10-04T01:07:22+00:00,commerce_rank,타이포 그래픽 후드 네이비,29cm:3040082@272103100,rank,64.0,"{""brand_eng"": ""Lee"", ""brand_kor"": ""리"", ""brand_no"": 15263, ""category1"": ""남성의류"", ""category2"": ""상의"", ""category3"": ""후디"", ""category3_code"": 272103108, ""is_new"": false, ""item_no"": 3040082, ""period_sort"": ""ONE_DAY"", ""platform"": ""29cm"", ""ranking_category_code"": ""272103100"", ""ranking_category_name"": ""남성의류>상의"", ""review_avg"": 0.0, ""sale_percent"": 65, ""sale_price"": 34920, ""sold_out"": false, ""url"": ""https://product.29cm.co.kr/catalog/3040082""}",2026-10-04T01:07:21+00:00_e382e724
2026-10-04T10:07:21+09:00,2026-10-04T01:07:22+00:00,commerce_rank,Trucker Plaid Shirt Grass,29cm:3055062,heart_count,440.0,"{""brand_eng"": ""Khakis"", ""brand_kor"": ""카키스"", ""brand_no"": 16064, ""category1"": ""남성의류"", ""category2"": ""상의"", ""category3"": ""긴소매 셔츠"", ""category3_code"": 272103106, ""is_new"": false, ""item_no"": 3055062, ""period_sort"": ""ONE_DAY"", ""platform"": ""29cm"", ""ranking_category_code"": ""272103100"", ""ranking_category_name"": ""남성의류>상의"", ""review_avg"": 5.0, ""sale_percent"": 42, ""sale_price"": 139090, ""sold_out"": false, ""url"": ""https://product.29cm.co.kr/catalog/3055062""}",2026-10-04T01:07:21+00:00_e382e724
2026-10-04T10:07:21+09:00,2026-10-04T01:07:22+00:00,commerce_rank,Trucker Plaid Shirt Grass,29cm:3055062,review_count,13.0,"{""brand_eng"": ""Khakis"", ""brand_kor"": ""카키스"", ""brand_no"": 16064, ""category1"": ""남성의류"", ""category2"": ""상의"", ""category3"": ""긴소매 셔츠"", ""category3_code"": 272103106, ""is_new"": false, ""item_no"": 3055062, ""period_sort"": ""ONE_DAY"", ""platform"": ""29cm"", ""ranking_category_code"": ""272103100"", ""ranking_category_name"": ""남성의류>상의"", ""review_avg"": 5.0, ""sale_percent"": 42, ""sale_price"": 139090, ""sold_out"": false, ""url"": ""https://product.29cm.co.kr/catalog/3055062""}",2026-10-04T01:07:21+00:00_e382e724
2026-10-04T10:07:21+09:00,2026-10-04T01:07:22+00:00,commerce_rank,Trucker Plaid Shirt Grass,29cm:3055062@272103100,rank,49.0,"{""brand_eng"": ""Khakis"", ""brand_kor"": ""카키스"", ""brand_no"": 16064, ""category1"": ""남성의류"", ""category2"": ""상의"", ""category3"": ""긴소매 셔츠"", ""category3_code"": 272103106, ""is_new"": false, ""item_no"": 3055062, ""period_sort"": ""ONE_DAY"", ""platform"": ""29cm"", ""ranking_category_code"": ""272103100"", ""ranking_category_name"": ""남성의류>상의"", ""review_avg"": 5.0, ""sale_percent"": 42, ""sale_price"": 139090, ""sold_out"": false, ""url"": ""https://product.29cm.co.kr/catalog/3055062""}",2026-10-04T01:07:21+00:00_e382e724
2026-10-04T10:07:21+09:00,2026-10-04T01:07:21+00:00,commerce_rank,[11차] Draped tie blouse_brown,29cm:3079603,heart_count,45553.0,"{""brand_eng"": ""AARAN"", ""brand_kor"": ""어랜"", ""brand_no"": 25864, ""category1"": ""여성의류"", ""category2"": ""단독"", ""category3"": ""상의"", ""category3_code"": 268116101, ""is_new"": false, ""item_no"": 3079603, ""period_sort"": ""ONE_DAY"", ""platform"": ""29cm"", ""ranking_category_code"": ""268103100"", ""ranking_category_name"": ""여성의류>상의"", ""review_avg"": 4.5, ""sale_percent"": 10, ""sale_price"": 136800, ""sold_out"": false, ""url"": ""https://product.29cm.co.kr/catalog/3079603""}",2026-10-04T01:07:21+00:00_e382e724
2026-10-04T10:07:21+09:00,2026-10-04T01:07:21+00:00,commerce_rank,[11차] Draped tie blouse_brown,29cm:3079603,review_count,653.0,"{""brand_eng"": ""AARAN"", ""brand_kor"": ""어랜"", ""brand_no"": 25864, ""category1"": ""여성의류"", ""category2"": ""단독"", ""category3"": ""상의"", ""category3_code"": 268116101, ""is_new"": false, ""item_no"": 3079603, ""period_sort"": ""ONE_DAY"", ""platform"": ""29cm"", ""ranking_category_code"": ""268103100"", ""ranking_category_name"": ""여성의류>상의"", ""review_avg"": 4.5, ""sale_percent"": 10, ""sale_price"": 136800, ""sold_out"": false, ""url"": ""https://product.29cm.co.kr/catalog/3079603""}",2026-10-04T01:07:21+00:00_e382e724
2026-10-04T10:07:21+09:00,2026-10-04T01:07:21+00:00,commerce_rank,[11차] Draped tie blouse_brown,29cm:3079603@268103100,rank,12.0,"{""brand_eng"": ""AARAN"", ""brand_kor"": ""어랜"", ""brand_no"": 25864, ""category1"": ""여성의류"", ""category2"": ""단독"", ""category3"": ""상의"", ""category3_code"": 268116101, ""is_new"": false, ""item_no"": 3079603, ""period_sort"": ""ONE_DAY"", ""platform"": ""29cm"", ""ranking_category_code"": ""268103100"", ""ranking_category_name"": ""여성의류>상의"", ""review_avg"": 4.5, ""sale_percent"": 10, ""sale_price"": 136800, ""sold_out"": false, ""url"": ""https://product.29cm.co.kr/catalog/3079603""}",2026-10-04T01:07:21+00:00_e382e724
2026-10-04T10:07:21+09:00,2026-10-04T01:07:22+00:00,commerce_rank,"Washed Long Sleeve, Washed Beige",29cm:3161870,heart_count,49.0,"{""brand_eng"": ""BROWNYARD"", ""brand_kor"": ""브라운야드"", ""brand_no"": 2211, ""category1"": ""남성의류"", ""category2"": ""상의"", ""category3"": ""긴소매 티셔츠"", ""category3_code"": 272103102, ""is_new"": false, ""item_no"": 3161870, ""period_sort"": ""ONE_DAY"", ""platform"": ""29cm"", ""ranking_category_code"": ""272103100"", ""ranking_category_name"": ""남성의류>상의"", ""review_avg"": 5.0, ""sale_percent"": 50, ""sale_price"": 34500, ""sold_out"": false, ""url"": ""https://product.29cm.co.kr/catalog/3161870""}",2026-10-04T01:07:21+00:00_e382e724
2026-10-04T10:07:21+09:00,2026-10-04T01:07:22+00:00,commerce_rank,"Washed Long Sleeve, Washed Beige",29cm:3161870,review_count,1.0,"{""brand_eng"": ""BROWNYARD"", ""brand_kor"": ""브라운야드"", ""brand_no"": 2211, ""category1"": ""남성의류"", ""category2"": ""상의"", ""category3"": ""긴소매 티셔츠"", ""category3_code"": 272103102, ""is_new"": false, ""item_no"": 3161870, ""period_sort"": ""ONE_DAY"", ""platform"": ""29cm"", ""ranking_category_code"": ""272103100"", ""ranking_category_name"": ""남성의류>상의"", ""review_avg"": 5.0, ""sale_percent"": 50, ""sale_price"": 34500, ""sold_out"": false, ""url"": ""https://product.29cm.co.kr/catalog/3161870""}",2026-10-04T01:07:21+00:00_e382e724
2026-10-04T10:07:21+09:00,2026-10-04T01:07:22+00:00,commerce_rank,"Washed Long Sleeve, Washed Beige",29cm:3161870@272103100,rank,65.0,"{""brand_eng"": ""BROWNYARD"", ""brand_kor"": ""브라운야드"", ""brand_no"": 2211, ""category1"": ""남성의류"", ""category2"": ""상의"", ""category3"": ""긴소매 티셔츠"", ""category3_code"": 272103102, ""is_new"": false, ""item_no"": 3161870, ""period_sort"": ""ONE_DAY"", ""platform"": ""29cm"", ""ranking_category_code"": ""272103100"", ""ranking_category_name"": ""남성의류>상의"", ""review_avg"": 5.0, ""sale_percent"": 50, ""sale_price"": 34500, ""sold_out"": false, ""url"": ""https://product.29cm.co.kr/catalog/3161870""}",2026-10-04T01:07:21+00:00_e382e724
2026-10-04T10:07:21+09:00,2026-10-04T01:07:22+00:00,commerce_rank,"Essential Long Sleeve, White",29cm:3178132,heart_count,258.0,"{""brand_eng"": ""BROWNYARD"", ""brand_kor"": ""브라운야드"", ""brand_no"": 2211, ""category1"": ""남성의류"", ""category2"": ""상의"", ""category3"": ""긴소매 티셔츠"", ""category3_code"": 272103102, ""is_new"": false, ""item_no"": 3178132, ""period_sort"": ""ONE_DAY"", ""platform"": ""29cm"", ""ranking_category_code"": ""272103100"", ""ranking_category_name"": ""남성의류>상의"", ""review_avg"": 5.0, ""sale_percent"": 0, ""sale_price"": 58000, ""sold_out"": false, ""url"": ""https://product.29cm.co.kr/catalog/3178132""}",2026-10-04T01:07:21+00:00_e382e724
2026-10-04T10:07:21+09:00,2026-10-04T01:07:22+00:00,commerce_rank,"Essential Long Sleeve, White",29cm:3178132,review_count,24.0,"{""brand_eng"": ""BROWNYARD"", ""brand_kor"": ""브라운야드"", ""brand_no"": 2211, ""category1"": ""남성의류"", ""category2"": ""상의"", ""category3"": ""긴소매 티셔츠"", ""category3_code"": 272103102, ""is_new"": false, ""item_no"": 3178132, ""period_sort"": ""ONE_DAY"", ""platform"": ""29cm"", ""ranking_category_code"": ""272103100"", ""ranking_category_name"": ""남성의류>상의"", ""review_avg"": 5.0, ""sale_percent"": 0, ""sale_price"": 58000, ""sold_out"": false, ""url"": ""https://product.29cm.co.kr/catalog/3178132""}",2026-10-04T01:07:21+00:00_e382e724
2026-10-04T10:07:21+09:00,2026-10-04T01:07:22+00:00,commerce_rank,"Essential Long Sleeve, White",29cm:3178132@272103100,rank,81.0,"{""brand_eng"": ""BROWNYARD"", ""brand_kor"": ""브라운야드"", ""brand_no"": 2211, ""category1"": ""남성의류"", ""category2"": ""상의"", ""category3"": ""긴소매 티셔츠"", ""category3_code"": 272103102, ""is_new"": false, ""item_no"": 3178132, ""period_sort"": ""ONE_DAY"", ""platform"": ""29cm"", ""ranking_category_code"": ""272103100"", ""ranking_category_name"": ""남성의류>상의"", ""review_avg"": 5.0, ""sale_percent"": 0, ""sale_price"": 58000, ""sold_out"": false, ""url"": ""https://product.29cm.co.kr/catalog/3178132""}",2026-10-04T01:07:21+00:00_e382e724
2026-10-04T10:07:21+09:00,2026-10-04T01:07:22+00:00,commerce_rank,코어 체크 셔츠 브라운,29cm:3221600,heart_count,1569.0,"{""brand_eng"": ""asp"", ""brand_kor"": ""애습"", ""brand_no"": 10042, ""category1"": ""남성의류"", ""category2"": ""상의"", ""category3"": ""긴소매 셔츠"", ""category3_code"": 272103106, ""is_new"": false, ""item_no"": 3221600, ""period_sort"": ""ONE_DAY"", ""platform"": ""29cm"", ""ranking_category_code"": ""272103100"", ""ranking_category_name"": ""남성의류>상의"", ""review_avg"": 5.0, ""sale_percent"": 15, ""sale_price"": 56430, ""sold_out"": false, ""url"": ""https://product.29cm.co.kr/catalog/3221600""}",2026-10-04T01:07:21+00:00_e382e724
2026-10-04T10:07:21+09:00,2026-10-04T01:07:22+00:00,commerce_rank,코어 체크 셔츠 브라운,29cm:3221600,review_count,54.0,"{""brand_eng"": ""asp"", ""brand_kor"": ""애습"", ""brand_no"": 10042, ""category1"": ""남성의류"", ""category2"": ""상의"", ""category3"": ""긴소매 셔츠"", ""category3_code"": 272103106, ""is_new"": false, ""item_no"": 3221600, ""period_sort"": ""ONE_DAY"", ""platform"": ""29cm"", ""ranking_category_code"": ""272103100"", ""ranking_category_name"": ""남성의류>상의"", ""review_avg"": 5.0, ""sale_percent"": 15, ""sale_price"": 56430, ""sold_out"": false, ""url"": ""https://product.29cm.co.kr/catalog/3221600""}",2026-10-04T01:07:21+00:00_e382e724
2026-10-04T10:07:21+09:00,2026-10-04T01:07:22+00:00,commerce_rank,코어 체크 셔츠 브라운,29cm:3221600@272103100,rank,89.0,"{""brand_eng"": ""asp"", ""brand_kor"": ""애습"", ""brand_no"": 10042, ""category1"": ""남성의류"", ""category2"": ""상의"", ""category3"": ""긴소매 셔츠"", ""category3_code"": 272103106, ""is_new"": false, ""item_no"": 3221600, ""period_sort"": ""ONE_DAY"", ""platform"": ""29cm"", ""ranking_category_code"": ""272103100"", ""ranking_category_name"": ""남성의류>상의"", ""review_avg"": 5.0, ""sale_percent"": 15, ""sale_price"": 56430, ""sold_out"": false, ""url"": ""https://product.29cm.co.kr/catalog/3221600""}",2026-10-04T01:07:21+00:00_e382e724
2026-10-04T10:07:21+09:00,2026-10-04T01:07:22+00:00,commerce_rank,UNISEX HEART MESSAGE T-SHIRT atb1251u(ECRU),29cm:3226602,heart_count,16749.0,"{""brand_eng"": ""ADSB ANDERSSON BELL"", ""brand_kor"": ""앤더슨벨"", ""brand_no"": 1556, ""category1"": ""남성의류"", ""category2"": ""상의"", ""category3"": ""반소매 티셔츠"", ""category3_code"": 272103101, ""is_new"": false, ""item_no"": 3226602, ""period_sort"": ""ONE_DAY"", ""platform"": ""29cm"", ""ranking_category_code"": ""272103100"", ""ranking_category_name"": ""남성의류>상의"", ""review_avg"": 5.0, ""sale_percent"": 5, ""sale_price"": 69350, ""sold_out"": false, ""url"": ""https://product.29cm.co.kr/catalog/3226602""}",2026-10-04T01:07:21+00:00_e382e724
2026-10-04T10:07:21+09:00,2026-10-04T01:07:22+00:00,commerce_rank,UNISEX HEART MESSAGE T-SHIRT atb1251u(ECRU),29cm:3226602,review_count,313.0,"{""brand_eng"": ""ADSB ANDERSSON BELL"", ""brand_kor"": ""앤더슨벨"", ""brand_no"": 1556, ""category1"": ""남성의류"", ""category2"": ""상의"", ""category3"": ""반소매 티셔츠"", ""category3_code"": 272103101, ""is_new"": false, ""item_no"": 3226602, ""period_sort"": ""ONE_DAY"", ""platform"": ""29cm"", ""ranking_category_code"": ""272103100"", ""ranking_category_name"": ""남성의류>상의"", ""review_avg"": 5.0, ""sale_percent"": 5, ""sale_price"": 69350, ""sold_out"": false, ""url"": ""https://product.29cm.co.kr/catalog/3226602""}",2026-10-04T01:07:21+00:00_e382e724
2026-10-04T10:07:21+09:00,2026-10-04T01:07:22+00:00,commerce_rank,UNISEX HEART MESSAGE T-SHIRT atb1251u(ECRU),29cm:3226602@272103100,rank,63.0,"{""brand_eng"": ""ADSB ANDERSSON BELL"", ""brand_kor"": ""앤더슨벨"", ""brand_no"": 1556, ""category1"": ""남성의류"", ""category2"": ""상의"", ""category3"": ""반소매 티셔츠"", ""category3_code"": 272103101, ""is_new"": false, ""item_no"": 3226602, ""period_sort"": ""ONE_DAY"", ""platform"": ""29cm"", ""ranking_category_code"": ""272103100"", ""ranking_category_name"": ""남성의류>상의"", ""review_avg"": 5.0, ""sale_percent"": 5, ""sale_price"": 69350, ""sold_out"": false, ""url"": ""https://product.29cm.co.kr/catalog/3226602""}",2026-10-04T01:07:21+00:00_e382e724
2026-10-04T10:07:21+09:00,2026-10-04T01:07:22+00:00,commerce_rank,Tompkins Loopwheeled Tubular Tee 4 Color,29cm:3354267,heart_count,5292.0,"{""brand_eng"": ""BRONSON"", ""brand_kor"": ""브론슨"", ""brand_no"": 89408, ""category1"": ""여성의류"", ""category2"": ""상의"", ""category3"": ""반소매 티셔츠"", ""category3_code"": 268103101, ""is_new"": false, ""item_no"": 3354267, ""period_sort"": ""ONE_DAY"", ""platform"": ""29cm"", ""ranking_category_code"": ""272103100"", ""ranking_category_name"": ""남성의류>상의"", ""review_avg"": 5.0, ""sale_percent"": 10, ""sale_price"": 40500, ""sold_out"": false, ""url"": ""https://product.29cm.co.kr/catalog/3354267""}",2026-10-04T01:07:21+00:00_e382e724
2026-10-04T10:07:21+09:00,2026-10-04T01:07:22+00:00,commerce_rank,Tompkins Loopwheeled Tubular Tee 4 Color,29cm:3354267,review_count,854.0,"{""brand_eng"": ""BRONSON"", ""brand_kor"": ""브론슨"", ""brand_no"": 89408, ""category1"": ""여성의류"", ""category2"": ""상의"", ""category3"": ""반소매 티셔츠"", ""category3_code"": 268103101, ""is_new"": false, ""item_no"": 3354267, ""period_sort"": ""ONE_DAY"", ""platform"": ""29cm"", ""ranking_category_code"": ""272103100"", ""ranking_category_name"": ""남성의류>상의"", ""review_avg"": 5.0, ""sale_percent"": 10, ""sale_price"": 40500, ""sold_out"": false, ""url"": ""https://product.29cm.co.kr/catalog/3354267""}",2026-10-04T01:07:21+00:00_e382e724
2026-10-04T10:07:21+09:00,2026-10-04T01:07:22+00:00,commerce_rank,Tompkins Loopwheeled Tubular Tee 4 Color,29cm:3354267@272103100,rank,5.0,"{""brand_eng"": ""BRONSON"", ""brand_kor"": ""브론슨"", ""brand_no"": 89408, ""category1"": ""여성의류"", ""category2"": ""상의"", ""category3"": ""반소매 티셔츠"", ""category3_code"": 268103101, ""is_new"": false, ""item_no"": 3354267, ""period_sort"": ""ONE_DAY"", ""platform"": ""29cm"", ""ranking_category_code"": ""272103100"", ""ranking_category_name"": ""남성의류>상의"", ""review_avg"": 5.0, ""sale_percent"": 10, ""sale_price"": 40500, ""sold_out"": false, ""url"": ""https://product.29cm.co.kr/catalog/3354267""}",2026-10-04T01:07:21+00:00_e382e724
2026-10-04T10:07:21+09:00,2026-10-04T01:07:22+00:00,commerce_rank,Vintage Long Sleeve Henley Shirt Grey,29cm:3354337,heart_count,387.0,"{""brand_eng"": ""BRONSON"", ""brand_kor"": ""브론슨"", ""brand_no"": 89408, ""category1"": ""여성의류"", ""category2"": ""상의"", ""category3"": ""긴소매 티셔츠"", ""category3_code"": 268103102, ""is_new"": false, ""item_no"": 3354337, ""period_sort"": ""ONE_DAY"", ""platform"": ""29cm"", ""ranking_category_code"": ""272103100"", ""ranking_category_name"": ""남성의류>상의"", ""review_avg"": 4.5, ""sale_percent"": 10, ""sale_price"": 55800, ""sold_out"": false, ""url"": ""https://product.29cm.co.kr/catalog/3354337""}",2026-10-04T01:07:21+00:00_e382e724
2026-10-04T10:07:21+09:00,2026-10-04T01:07:22+00:00,commerce_rank,Vintage Long Sleeve Henley Shirt Grey,29cm:3354337,review_count,40.0,"{""brand_eng"": ""BRONSON"", ""brand_kor"": ""브론슨"", ""brand_no"": 89408, ""category1"": ""여성의류"", ""category2"": ""상의"", ""category3"": ""긴소매 티셔츠"", ""category3_code"": 268103102, ""is_new"": false, ""item_no"": 3354337, ""period_sort"": ""ONE_DAY"", ""platform"": ""29cm"", ""ranking_category_code"": ""272103100"", ""ranking_category_name"": ""남성의류>상의"", ""review_avg"": 4.5, ""sale_percent"": 10, ""sale_price"": 55800, ""sold_out"": false, ""url"": ""https://product.29cm.co.kr/catalog/3354337""}",2026-10-04T01:07:21+00:00_e382e724
2026-10-04T10:07:21+09:00,2026-10-04T01:07:22+00:00,commerce_rank,Vintage Long Sleeve Henley Shirt Grey,29cm:3354337@272103100,rank,85.0,"{""brand_eng"": ""BRONSON"", ""brand_kor"": ""브론슨"", ""brand_no"": 89408, ""category1"": ""여성의류"", ""category2"": ""상의"", ""category3"": ""긴소매 티셔츠"", ""category3_code"": 268103102, ""is_new"": false, ""item_no"": 3354337, ""period_sort"": ""ONE_DAY"", ""platform"": ""29cm"", ""ranking_category_code"": ""272103100"", ""ranking_category_name"": ""남성의류>상의"", ""review_avg"": 4.5, ""sale_percent"": 10, ""sale_price"": 55800, ""sold_out"": false, ""url"": ""https://product.29cm.co.kr/catalog/3354337""}",2026-10-04T01:07:21+00:00_e382e724
2026-10-04T10:07:21+09:00,2026-10-04T01:07:22+00:00,commerce_rank,Vintage Long Sleeve Henley Shirt Black,29cm:3354340,heart_count,2315.0,"{""brand_eng"": ""BRONSON"", ""brand_kor"": ""브론슨"", ""brand_no"": 89408, ""category1"": ""여성의류"", ""category2"": ""상의"", ""category3"": ""긴소매 티셔츠"", ""category3_code"": 268103102, ""is_new"": false, ""item_no"": 3354340, ""period_sort"": ""ONE_DAY"", ""platform"": ""29cm"", ""ranking_category_code"": ""272103100"", ""ranking_category_name"": ""남성의류>상의"", ""review_avg"": 5.0, ""sale_percent"": 10, ""sale_price"": 55800, ""sold_out"": false, ""url"": ""https://product.29cm.co.kr/catalog/3354340""}",2026-10-04T01:07:21+00:00_e382e724
2026-10-04T10:07:21+09:00,2026-10-04T01:07:22+00:00,commerce_rank,Vintage Long Sleeve Henley Shirt Black,29cm:3354340,review_count,249.0,"{""brand_eng"": ""BRONSON"", ""brand_kor"": ""브론슨"", ""brand_no"": 89408, ""category1"": ""여성의류"", ""category2"": ""상의"", ""category3"": ""긴소매 티셔츠"", ""category3_code"": 268103102, ""is_new"": false, ""item_no"": 3354340, ""period_sort"": ""ONE_DAY"", ""platform"": ""29cm"", ""ranking_category_code"": ""272103100"", ""ranking_category_name"": ""남성의류>상의"", ""review_avg"": 5.0, ""sale_percent"": 10, ""sale_price"": 55800, ""sold_out"": false, ""url"": ""https://product.29cm.co.kr/catalog/3354340""}",2026-10-04T01:07:21+00:00_e382e724
2026-10-04T10:07:21+09:00,2026-10-04T01:07:22+00:00,commerce_rank,Vintage Long Sleeve Henley Shirt Black,29cm:3354340@272103100,rank,3.0,"{""brand_eng"": ""BRONSON"", ""brand_kor"": ""브론슨"", ""brand_no"": 89408, ""category1"": ""여성의류"", ""category2"": ""상의"", ""category3"": ""긴소매 티셔츠"", ""category3_code"": 268103102, ""is_new"": false, ""item_no"": 3354340, ""period_sort"": ""ONE_DAY"", ""platform"": ""29cm"", ""ranking_category_code"": ""272103100"", ""ranking_category_name"": ""남성의류>상의"", ""review_avg"": 5.0, ""sale_percent"": 10, ""sale_price"": 55800, ""sold_out"": false, ""url"": ""https://product.29cm.co.kr/catalog/3354340""}",2026-10-04T01:07:21+00:00_e382e724
2026-10-04T10:07:21+09:00,2026-10-04T01:07:22+00:00,commerce_rank,Vintage Long Sleeve Henley Shirt White,29cm:3354346,heart_count,498.0,"{""brand_eng"": ""BRONSON"", ""brand_kor"": ""브론슨"", ""brand_no"": 89408, ""category1"": ""여성의류"", ""category2"": ""상의"", ""category3"": ""긴소매 티셔츠"", ""category3_code"": 268103102, ""is_new"": false, ""item_no"": 3354346, ""period_sort"": ""ONE_DAY"", ""platform"": ""29cm"", ""ranking_category_code"": ""272103100"", ""ranking_category_name"": ""남성의류>상의"", ""review_avg"": 5.0, ""sale_percent"": 10, ""sale_price"": 55800, ""sold_out"": false, ""url"": ""https://product.29cm.co.kr/catalog/3354346""}",2026-10-04T01:07:21+00:00_e382e724
2026-10-04T10:07:21+09:00,2026-10-04T01:07:22+00:00,commerce_rank,Vintage Long Sleeve Henley Shirt White,29cm:3354346,review_count,150.0,"{""brand_eng"": ""BRONSON"", ""brand_kor"": ""브론슨"", ""brand_no"": 89408, ""category1"": ""여성의류"", ""category2"": ""상의"", ""category3"": ""긴소매 티셔츠"", ""category3_code"": 268103102, ""is_new"": false, ""item_no"": 3354346, ""period_sort"": ""ONE_DAY"", ""platform"": ""29cm"", ""ranking_category_code"": ""272103100"", ""ranking_category_name"": ""남성의류>상의"", ""review_avg"": 5.0, ""sale_percent"": 10, ""sale_price"": 55800, ""sold_out"": false, ""url"": ""https://product.29cm.co.kr/catalog/3354346""}",2026-10-04T01:07:21+00:00_e382e724
2026-10-04T10:07:21+09:00,2026-10-04T01:07:22+00:00,commerce_rank,Vintage Long Sleeve Henley Shirt White,29cm:3354346@272103100,rank,9.0,"{""brand_eng"": ""BRONSON"", ""brand_kor"": ""브론슨"", ""brand_no"": 89408, ""category1"": ""여성의류"", ""category2"": ""상의"", ""category3"": ""긴소매 티셔츠"", ""category3_code"": 268103102, ""is_new"": false, ""item_no"": 3354346, ""period_sort"": ""ONE_DAY"", ""platform"": ""29cm"", ""ranking_category_code"": ""272103100"", ""ranking_category_name"": ""남성의류>상의"", ""review_avg"": 5.0, ""sale_percent"": 10, ""sale_price"": 55800, ""sold_out"": false, ""url"": ""https://product.29cm.co.kr/catalog/3354346""}",2026-10-04T01:07:21+00:00_e382e724
2026-10-04T10:07:21+09:00,2026-10-04T01:07:22+00:00,commerce_rank,10.5 oz Cotton Tank Top 3 Color,29cm:3354351,heart_count,1440.0,"{""brand_eng"": ""BRONSON"", ""brand_kor"": ""브론슨"", ""brand_no"": 89408, ""category1"": ""여성의류"", ""category2"": ""상의"", ""category3"": ""슬리브리스"", ""category3_code"": 268103103, ""is_new"": false, ""item_no"": 3354351, ""period_sort"": ""ONE_DAY"", ""platform"": ""29cm"", ""ranking_category_code"": ""272103100"", ""ranking_category_name"": ""남성의류>상의"", ""review_avg"": 5.0, ""sale_percent"": 10, ""sale_price"": 22500, ""sold_out"": false, ""url"": ""https://product.29cm.co.kr/catalog/3354351""}",2026-10-04T01:07:21+00:00_e382e724
2026-10-04T10:07:21+09:00,2026-10-04T01:07:22+00:00,commerce_rank,10.5 oz Cotton Tank Top 3 Color,29cm:3354351,review_count,190.0,"{""brand_eng"": ""BRONSON"", ""brand_kor"": ""브론슨"", ""brand_no"": 89408, ""category1"": ""여성의류"", ""category2"": ""상의"", ""category3"": ""슬리브리스"", ""category3_code"": 268103103, ""is_new"": false, ""item_no"": 3354351, ""period_sort"": ""ONE_DAY"", ""platform"": ""29cm"", ""ranking_category_code"": ""272103100"", ""ranking_category_name"": ""남성의류>상의"", ""review_avg"": 5.0, ""sale_percent"": 10, ""sale_price"": 22500, ""sold_out"": false, ""url"": ""https://product.29cm.co.kr/catalog/3354351""}",2026-10-04T01:07:21+00:00_e382e724
2026-10-04T10:07:21+09:00,2026-10-04T01:07:22+00:00,commerce_rank,10.5 oz Cotton Tank Top 3 Color,29cm:3354351@272103100,rank,35.0,"{""brand_eng"": ""BRONSON"", ""brand_kor"": ""브론슨"", ""brand_no"": 89408, ""category1"": ""여성의류"", ""category2"": ""상의"", ""category3"": ""슬리브리스"", ""category3_code"": 268103103, ""is_new"": false, ""item_no"": 3354351, ""period_sort"": ""ONE_DAY"", ""platform"": ""29cm"", ""ranking_category_code"": ""272103100"", ""ranking_category_name"": ""남성의류>상의"", ""review_avg"": 5.0, ""sale_percent"": 10, ""sale_price"": 22500, ""sold_out"": false, ""url"": ""https://product.29cm.co.kr/catalog/3354351""}",2026-10-04T01:07:21+00:00_e382e724
2026-10-04T10:07:21+09:00,2026-10-04T01:07:22+00:00,commerce_rank,Breton Stripe Long Sleeve Tee KR ver. A/N,29cm:3354355,heart_count,924.0,"{""brand_eng"": ""BRONSON"", ""brand_kor"": ""브론슨"", ""brand_no"": 89408, ""category1"": ""여성의류"", ""category2"": ""상의"", ""category3"": ""긴소매 티셔츠"", ""category3_code"": 268103102, ""is_new"": false, ""item_no"": 3354355, ""period_sort"": ""ONE_DAY"", ""platform"": ""29cm"", ""ranking_category_code"": ""272103100"", ""ranking_category_name"": ""남성의류>상의"", ""review_avg"": 5.0, ""sale_percent"": 10, ""sale_price"": 46800, ""sold_out"": false, ""url"": ""https://product.29cm.co.kr/catalog/3354355""}",2026-10-04T01:07:21+00:00_e382e724
2026-10-04T10:07:21+09:00,2026-10-04T01:07:22+00:00,commerce_rank,Breton Stripe Long Sleeve Tee KR ver. A/N,29cm:3354355,review_count,107.0,"{""brand_eng"": ""BRONSON"", ""brand_kor"": ""브론슨"", ""brand_no"": 89408, ""category1"": ""여성의류"", ""category2"": ""상의"", ""category3"": ""긴소매 티셔츠"", ""category3_code"": 268103102, ""is_new"": false, ""item_no"": 3354355, ""period_sort"": ""ONE_DAY"", ""platform"": ""29cm"", ""ranking_category_code"": ""272103100"", ""ranking_category_name"": ""남성의류>상의"", ""review_avg"": 5.0, ""sale_percent"": 10, ""sale_price"": 46800, ""sold_out"": false, ""url"": ""https://product.29cm.co.kr/catalog/3354355""}",2026-10-04T01:07:21+00:00_e382e724
2026-10-04T10:07:21+09:00,2026-10-04T01:07:22+00:00,commerce_rank,Breton Stripe Long Sleeve Tee KR ver. A/N,29cm:3354355@272103100,rank,54.0,"{""brand_eng"": ""BRONSON"", ""brand_kor"": ""브론슨"", ""brand_no"": 89408, ""category1"": ""여성의류"", ""category2"": ""상의"", ""category3"": ""긴소매 티셔츠"", ""category3_code"": 268103102, ""is_new"": false, ""item_no"": 3354355, ""period_sort"": ""ONE_DAY"", ""platform"": ""29cm"", ""ranking_category_code"": ""272103100"", ""ranking_category_name"": ""남성의류>상의"", ""review_avg"": 5.0, ""sale_percent"": 10, ""sale_price"": 46800, ""sold_out"": false, ""url"": ""https://product.29cm.co.kr/catalog/3354355""}",2026-10-04T01:07:21+00:00_e382e724
2026-10-04T10:07:21+09:00,2026-10-04T01:07:22+00:00,commerce_rank,Knight Motorcycle Short Sleeve Tee Navy,29cm:3354375,heart_count,849.0,"{""brand_eng"": ""BRONSON"", ""brand_kor"": ""브론슨"", ""brand_no"": 89408, ""category1"": ""여성의류"", ""category2"": ""상의"", ""category3"": ""반소매 티셔츠"", ""category3_code"": 268103101, ""is_new"": false, ""item_no"": 3354375, ""period_sort"": ""ONE_DAY"", ""platform"": ""29cm"", ""ranking_category_code"": ""272103100"", ""ranking_category_name"": ""남성의류>상의"", ""review_avg"": 5.0, ""sale_percent"": 15, ""sale_price"": 35910, ""sold_out"": false, ""url"": ""https://product.29cm.co.kr/catalog/3354375""}",2026-10-04T01:07:21+00:00_e382e724
2026-10-04T10:07:21+09:00,2026-10-04T01:07:22+00:00,commerce_rank,Knight Motorcycle Short Sleeve Tee Navy,29cm:3354375,review_count,94.0,"{""brand_eng"": ""BRONSON"", ""brand_kor"": ""브론슨"", ""brand_no"": 89408, ""category1"": ""여성의류"", ""category2"": ""상의"", ""category3"": ""반소매 티셔츠"", ""category3_code"": 268103101, ""is_new"": false, ""item_no"": 3354375, ""period_sort"": ""ONE_DAY"", ""platform"": ""29cm"", ""ranking_category_code"": ""272103100"", ""ranking_category_name"": ""남성의류>상의"", ""review_avg"": 5.0, ""sale_percent"": 15, ""sale_price"": 35910, ""sold_out"": false, ""url"": ""https://product.29cm.co.kr/catalog/3354375""}",2026-10-04T01:07:21+00:00_e382e724
2026-10-04T10:07:21+09:00,2026-10-04T01:07:22+00:00,commerce_rank,Knight Motorcycle Short Sleeve Tee Navy,29cm:3354375@272103100,rank,61.0,"{""brand_eng"": ""BRONSON"", ""brand_kor"": ""브론슨"", ""brand_no"": 89408, ""category1"": ""여성의류"", ""category2"": ""상의"", ""category3"": ""반소매 티셔츠"", ""category3_code"": 268103101, ""is_new"": false, ""item_no"": 3354375, ""period_sort"": ""ONE_DAY"", ""platform"": ""29cm"", ""ranking_category_code"": ""272103100"", ""ranking_category_name"": ""남성의류>상의"", ""review_avg"": 5.0, ""sale_percent"": 15, ""sale_price"": 35910, ""sold_out"": false, ""url"": ""https://product.29cm.co.kr/catalog/3354375""}",2026-10-04T01:07:21+00:00_e382e724
2026-10-04T10:07:21+09:00,2026-10-04T01:07:22+00:00,commerce_rank,Blue Chambray Work Shirt KR Ver. Light Indigo,29cm:3354494,heart_count,1288.0,"{""brand_eng"": ""BRONSON"", ""brand_kor"": ""브론슨"", ""brand_no"": 89408, ""category1"": ""남성의류"", ""category2"": ""상의"", ""category3"": ""긴소매 셔츠"", ""category3_code"": 272103106, ""is_new"": false, ""item_no"": 3354494, ""period_sort"": ""ONE_DAY"", ""platform"": ""29cm"", ""ranking_category_code"": ""272103100"", ""ranking_category_name"": ""남성의류>상의"", ""review_avg"": 5.0, ""sale_percent"": 10, ""sale_price"": 66600, ""sold_out"": false, ""url"": ""https://product.29cm.co.kr/catalog/3354494""}",2026-10-04T01:07:21+00:00_e382e724
2026-10-04T10:07:21+09:00,2026-10-04T01:07:22+00:00,commerce_rank,Blue Chambray Work Shirt KR Ver. Light Indigo,29cm:3354494,review_count,132.0,"{""brand_eng"": ""BRONSON"", ""brand_kor"": ""브론슨"", ""brand_no"": 89408, ""category1"": ""남성의류"", ""category2"": ""상의"", ""category3"": ""긴소매 셔츠"", ""category3_code"": 272103106, ""is_new"": false, ""item_no"": 3354494, ""period_sort"": ""ONE_DAY"", ""platform"": ""29cm"", ""ranking_category_code"": ""272103100"", ""ranking_category_name"": ""남성의류>상의"", ""review_avg"": 5.0, ""sale_percent"": 10, ""sale_price"": 66600, ""sold_out"": false, ""url"": ""https://product.29cm.co.kr/catalog/3354494""}",2026-10-04T01:07:21+00:00_e382e724
2026-10-04T10:07:21+09:00,2026-10-04T01:07:22+00:00,commerce_rank,Blue Chambray Work Shirt KR Ver. Light Indigo,29cm:3354494@272103100,rank,31.0,"{""brand_eng"": ""BRONSON"", ""brand_kor"": ""브론슨"", ""brand_no"": 89408, ""category1"": ""남성의류"", ""category2"": ""상의"", ""category3"": ""긴소매 셔츠"", ""category3_code"": 272103106, ""is_new"": false, ""item_no"": 3354494, ""period_sort"": ""ONE_DAY"", ""platform"": ""29cm"", ""ranking_category_code"": ""272103100"", ""ranking_category_name"": ""남성의류>상의"", ""review_avg"": 5.0, ""sale_percent"": 10, ""sale_price"": 66600, ""sold_out"": false, ""url"": ""https://product.29cm.co.kr/catalog/3354494""}",2026-10-04T01:07:21+00:00_e382e724
2026-10-04T10:07:21+09:00,2026-10-04T01:07:22+00:00,commerce_rank,9oz USA Cotton Tubular Tee Grey,29cm:3355094,heart_count,699.0,"{""brand_eng"": ""BRONSON"", ""brand_kor"": ""브론슨"", ""brand_no"": 89408, ""category1"": ""여성의류"", ""category2"": ""상의"", ""category3"": ""반소매 티셔츠"", ""category3_code"": 268103101, ""is_new"": false, ""item_no"": 3355094, ""period_sort"": ""ONE_DAY"", ""platform"": ""29cm"", ""ranking_category_code"": ""272103100"", ""ranking_category_name"": ""남성의류>상의"", ""review_avg"": 5.0, ""sale_percent"": 28, ""sale_price"": 25200, ""sold_out"": false, ""url"": ""https://product.29cm.co.kr/catalog/3355094""}",2026-10-04T01:07:21+00:00_e382e724
2026-10-04T10:07:21+09:00,2026-10-04T01:07:22+00:00,commerce_rank,9oz USA Cotton Tubular Tee Grey,29cm:3355094,review_count,109.0,"{""brand_eng"": ""BRONSON"", ""brand_kor"": ""브론슨"", ""brand_no"": 89408, ""category1"": ""여성의류"", ""category2"": ""상의"", ""category3"": ""반소매 티셔츠"", ""category3_code"": 268103101, ""is_new"": false, ""item_no"": 3355094, ""period_sort"": ""ONE_DAY"", ""platform"": ""29cm"", ""ranking_category_code"": ""272103100"", ""ranking_category_name"": ""남성의류>상의"", ""review_avg"": 5.0, ""sale_percent"": 28, ""sale_price"": 25200, ""sold_out"": false, ""url"": ""https://product.29cm.co.kr/catalog/3355094""}",2026-10-04T01:07:21+00:00_e382e724
2026-10-04T10:07:21+09:00,2026-10-04T01:07:22+00:00,commerce_rank,9oz USA Cotton Tubular Tee Grey,29cm:3355094@272103100,rank,55.0,"{""brand_eng"": ""BRONSON"", ""brand_kor"": ""브론슨"", ""brand_no"": 89408, ""category1"": ""여성의류"", ""category2"": ""상의"", ""category3"": ""반소매 티셔츠"", ""category3_code"": 268103101, ""is_new"": false, ""item_no"": 3355094, ""period_sort"": ""ONE_DAY"", ""platform"": ""29cm"", ""ranking_category_code"": ""272103100"", ""ranking_category_name"": ""남성의류>상의"", ""review_avg"": 5.0, ""sale_percent"": 28, ""sale_price"": 25200, ""sold_out"": false, ""url"": ""https://product.29cm.co.kr/catalog/3355094""}",2026-10-04T01:07:21+00:00_e382e724
2026-10-04T10:07:21+09:00,2026-10-04T01:07:22+00:00,commerce_rank,9oz USA Cotton Tubular Tee Black,29cm:3355100,heart_count,531.0,"{""brand_eng"": ""BRONSON"", ""brand_kor"": ""브론슨"", ""brand_no"": 89408, ""category1"": ""여성의류"", ""category2"": ""상의"", ""category3"": ""반소매 티셔츠"", ""category3_code"": 268103101, ""is_new"": false, ""item_no"": 3355100, ""period_sort"": ""ONE_DAY"", ""platform"": ""29cm"", ""ranking_category_code"": ""272103100"", ""ranking_category_name"": ""남성의류>상의"", ""review_avg"": 5.0, ""sale_percent"": 28, ""sale_price"": 25200, ""sold_out"": false, ""url"": ""https://product.29cm.co.kr/catalog/3355100""}",2026-10-04T01:07:21+00:00_e382e724
2026-10-04T10:07:21+09:00,2026-10-04T01:07:22+00:00,commerce_rank,9oz USA Cotton Tubular Tee Black,29cm:3355100,review_count,106.0,"{""brand_eng"": ""BRONSON"", ""brand_kor"": ""브론슨"", ""brand_no"": 89408, ""category1"": ""여성의류"", ""category2"": ""상의"", ""category3"": ""반소매 티셔츠"", ""category3_code"": 268103101, ""is_new"": false, ""item_no"": 3355100, ""period_sort"": ""ONE_DAY"", ""platform"": ""29cm"", ""ranking_category_code"": ""272103100"", ""ranking_category_name"": ""남성의류>상의"", ""review_avg"": 5.0, ""sale_percent"": 28, ""sale_price"": 25200, ""sold_out"": false, ""url"": ""https://product.29cm.co.kr/catalog/3355100""}",2026-10-04T01:07:21+00:00_e382e724
2026-10-04T10:07:21+09:00,2026-10-04T01:07:22+00:00,commerce_rank,9oz USA Cotton Tubular Tee Black,29cm:3355100@272103100,rank,15.0,"{""brand_eng"": ""BRONSON"", ""brand_kor"": ""브론슨"", ""brand_no"": 89408, ""category1"": ""여성의류"", ""category2"": ""상의"", ""category3"": ""반소매 티셔츠"", ""category3_code"": 268103101, ""is_new"": false, ""item_no"": 3355100, ""period_sort"": ""ONE_DAY"", ""platform"": ""29cm"", ""ranking_category_code"": ""272103100"", ""ranking_category_name"": ""남성의류>상의"", ""review_avg"": 5.0, ""sale_percent"": 28, ""sale_price"": 25200, ""sold_out"": false, ""url"": ""https://product.29cm.co.kr/catalog/3355100""}",2026-10-04T01:07:21+00:00_e382e724
2026-10-04T10:07:21+09:00,2026-10-04T01:07:22+00:00,commerce_rank,9oz USA Cotton Tubular Tee Navy,29cm:3355121,heart_count,703.0,"{""brand_eng"": ""BRONSON"", ""brand_kor"": ""브론슨"", ""brand_no"": 89408, ""category1"": ""여성의류"", ""category2"": ""상의"", ""category3"": ""반소매 티셔츠"", ""category3_code"": 268103101, ""is_new"": false, ""item_no"": 3355121, ""period_sort"": ""ONE_DAY"", ""platform"": ""29cm"", ""ranking_category_code"": ""272103100"", ""ranking_category_name"": ""남성의류>상의"", ""review_avg"": 5.0, ""sale_percent"": 14, ""sale_price"": 29930, ""sold_out"": false, ""url"": ""https://product.29cm.co.kr/catalog/3355121""}",2026-10-04T01:07:21+00:00_e382e724
2026-10-04T10:07:21+09:00,2026-10-04T01:07:22+00:00,commerce_rank,9oz USA Cotton Tubular Tee Navy,29cm:3355121,review_count,97.0,"{""brand_eng"": ""BRONSON"", ""brand_kor"": ""브론슨"", ""brand_no"": 89408, ""category1"": ""여성의류"", ""category2"": ""상의"", ""category3"": ""반소매 티셔츠"", ""category3_code"": 268103101, ""is_new"": false, ""item_no"": 3355121, ""period_sort"": ""ONE_DAY"", ""platform"": ""29cm"", ""ranking_category_code"": ""272103100"", ""ranking_category_name"": ""남성의류>상의"", ""review_avg"": 5.0, ""sale_percent"": 14, ""sale_price"": 29930, ""sold_out"": false, ""url"": ""https://product.29cm.co.kr/catalog/3355121""}",2026-10-04T01:07:21+00:00_e382e724
2026-10-04T10:07:21+09:00,2026-10-04T01:07:22+00:00,commerce_rank,9oz USA Cotton Tubular Tee Navy,29cm:3355121@272103100,rank,83.0,"{""brand_eng"": ""BRONSON"", ""brand_kor"": ""브론슨"", ""brand_no"": 89408, ""category1"": ""여성의류"", ""category2"": ""상의"", ""category3"": ""반소매 티셔츠"", ""category3_code"": 268103101, ""is_new"": false, ""item_no"": 3355121, ""period_sort"": ""ONE_DAY"", ""platform"": ""29cm"", ""ranking_category_code"": ""272103100"", ""ranking_category_name"": ""남성의류>상의"", ""review_avg"": 5.0, ""sale_percent"": 14, ""sale_price"": 29930, ""sold_out"": false, ""url"": ""https://product.29cm.co.kr/catalog/3355121""}",2026-10-04T01:07:21+00:00_e382e724
2026-10-04T10:07:21+09:00,2026-10-04T01:07:22+00:00,commerce_rank,9oz USA Cotton Tubular Tee Vintage Black,29cm:3355129,heart_count,195.0,"{""brand_eng"": ""BRONSON"", ""brand_kor"": ""브론슨"", ""brand_no"": 89408, ""category1"": ""여성의류"", ""category2"": ""상의"", ""category3"": ""반소매 티셔츠"", ""category3_code"": 268103101, ""is_new"": false, ""item_no"": 3355129, ""period_sort"": ""ONE_DAY"", ""platform"": ""29cm"", ""ranking_category_code"": ""272103100"", ""ranking_category_name"": ""남성의류>상의"", ""review_avg"": 4.5, ""sale_percent"": 14, ""sale_price"": 29930, ""sold_out"": false, ""url"": ""https://product.29cm.co.kr/catalog/3355129""}",2026-10-04T01:07:21+00:00_e382e724
2026-10-04T10:07:21+09:00,2026-10-04T01:07:22+00:00,commerce_rank,9oz USA Cotton Tubular Tee Vintage Black,29cm:3355129,review_count,49.0,"{""brand_eng"": ""BRONSON"", ""brand_kor"": ""브론슨"", ""brand_no"": 89408, ""category1"": ""여성의류"", ""category2"": ""상의"", ""category3"": ""반소매 티셔츠"", ""category3_code"": 268103101, ""is_new"": false, ""item_no"": 3355129, ""period_sort"": ""ONE_DAY"", ""platform"": ""29cm"", ""ranking_category_code"": ""272103100"", ""ranking_category_name"": ""남성의류>상의"", ""review_avg"": 4.5, ""sale_percent"": 14, ""sale_price"": 29930, ""sold_out"": false, ""url"": ""https://product.29cm.co.kr/catalog/3355129""}",2026-10-04T01:07:21+00:00_e382e724
2026-10-04T10:07:21+09:00,2026-10-04T01:07:22+00:00,commerce_rank,9oz USA Cotton Tubular Tee Vintage Black,29cm:3355129@272103100,rank,27.0,"{""brand_eng"": ""BRONSON"", ""brand_kor"": ""브론슨"", ""brand_no"": 89408, ""category1"": ""여성의류"", ""category2"": ""상의"", ""category3"": ""반소매 티셔츠"", ""category3_code"": 268103101, ""is_new"": false, ""item_no"": 3355129, ""period_sort"": ""ONE_DAY"", ""platform"": ""29cm"", ""ranking_category_code"": ""272103100"", ""ranking_category_name"": ""남성의류>상의"", ""review_avg"": 4.5, ""sale_percent"": 14, ""sale_price"": 29930, ""sold_out"": false, ""url"": ""https://product.29cm.co.kr/catalog/3355129""}",2026-10-04T01:07:21+00:00_e382e724
2026-10-04T10:07:21+09:00,2026-10-04T01:07:22+00:00,commerce_rank,9oz USA Cotton Tubular Tee White,29cm:3355216,heart_count,1302.0,"{""brand_eng"": ""BRONSON"", ""brand_kor"": ""브론슨"", ""brand_no"": 89408, ""category1"": ""여성의류"", ""category2"": ""상의"", ""category3"": ""반소매 티셔츠"", ""category3_code"": 268103101, ""is_new"": false, ""item_no"": 3355216, ""period_sort"": ""ONE_DAY"", ""platform"": ""29cm"", ""ranking_category_code"": ""272103100"", ""ranking_category_name"": ""남성의류>상의"", ""review_avg"": 5.0, ""sale_percent"": 28, ""sale_price"": 25200, ""sold_out"": false, ""url"": ""https://product.29cm.co.kr/catalog/3355216""}",2026-10-04T01:07:21+00:00_e382e724
2026-10-04T10:07:21+09:00,2026-10-04T01:07:22+00:00,commerce_rank,9oz USA Cotton Tubular Tee White,29cm:3355216,review_count,222.0,"{""brand_eng"": ""BRONSON"", ""brand_kor"": ""브론슨"", ""brand_no"": 89408, ""category1"": ""여성의류"", ""category2"": ""상의"", ""category3"": ""반소매 티셔츠"", ""category3_code"": 268103101, ""is_new"": false, ""item_no"": 3355216, ""period_sort"": ""ONE_DAY"", ""platform"": ""29cm"", ""ranking_category_code"": ""272103100"", ""ranking_category_name"": ""남성의류>상의"", ""review_avg"": 5.0, ""sale_percent"": 28, ""sale_price"": 25200, ""sold_out"": false, ""url"": ""https://product.29cm.co.kr/catalog/3355216""}",2026-10-04T01:07:21+00:00_e382e724
2026-10-04T10:07:21+09:00,2026-10-04T01:07:22+00:00,commerce_rank,9oz USA Cotton Tubular Tee White,29cm:3355216@272103100,rank,2.0,"{""brand_eng"": ""BRONSON"", ""brand_kor"": ""브론슨"", ""brand_no"": 89408, ""category1"": ""여성의류"", ""category2"": ""상의"", ""category3"": ""반소매 티셔츠"", ""category3_code"": 268103101, ""is_new"": false, ""item_no"": 3355216, ""period_sort"": ""ONE_DAY"", ""platform"": ""29cm"", ""ranking_category_code"": ""272103100"", ""ranking_category_name"": ""남성의류>상의"", ""review_avg"": 5.0, ""sale_percent"": 28, ""sale_price"": 25200, ""sold_out"": false, ""url"": ""https://product.29cm.co.kr/catalog/3355216""}",2026-10-04T01:07:21+00:00_e382e724
2026-10-04T10:07:21+09:00,2026-10-04T01:07:21+00:00,commerce_rank,[닝닝 착용] 3/4 BUTTON FLY TEE_3 Colors,29cm:3364834,heart_count,22962.0,"{""brand_eng"": ""GLOWNY"", ""brand_kor"": ""글로니"", ""brand_no"": 16723, ""category1"": ""여성의류"", ""category2"": ""단독"", ""category3"": ""상의"", ""category3_code"": 268116101, ""is_new"": false, ""item_no"": 3364834, ""period_sort"": ""ONE_DAY"", ""platform"": ""29cm"", ""ranking_category_code"": ""268103100"", ""ranking_category_name"": ""여성의류>상의"", ""review_avg"": 5.0, ""sale_percent"": 0, ""sale_price"": 50000, ""sold_out"": false, ""url"": ""https://product.29cm.co.kr/catalog/3364834""}",2026-10-04T01:07:21+00:00_e382e724
2026-10-04T10:07:21+09:00,2026-10-04T01:07:21+00:00,commerce_rank,[닝닝 착용] 3/4 BUTTON FLY TEE_3 Colors,29cm:3364834,review_count,1009.0,"{""brand_eng"": ""GLOWNY"", ""brand_kor"": ""글로니"", ""brand_no"": 16723, ""category1"": ""여성의류"", ""category2"": ""단독"", ""category3"": ""상의"", ""category3_code"": 268116101, ""is_new"": false, ""item_no"": 3364834, ""period_sort"": ""ONE_DAY"", ""platform"": ""29cm"", ""ranking_category_code"": ""268103100"", ""ranking_category_name"": ""여성의류>상의"", ""review_avg"": 5.0, ""sale_percent"": 0, ""sale_price"": 50000, ""sold_out"": false, ""url"": ""https://product.29cm.co.kr/catalog/3364834""}",2026-10-04T01:07:21+00:00_e382e724
2026-10-04T10:07:21+09:00,2026-10-04T01:07:21+00:00,commerce_rank,[닝닝 착용] 3/4 BUTTON FLY TEE_3 Colors,29cm:3364834@268103100,rank,9.0,"{""brand_eng"": ""GLOWNY"", ""brand_kor"": ""글로니"", ""brand_no"": 16723, ""category1"": ""여성의류"", ""category2"": ""단독"", ""category3"": ""상의"", ""category3_code"": 268116101, ""is_new"": false, ""item_no"": 3364834, ""period_sort"": ""ONE_DAY"", ""platform"": ""29cm"", ""ranking_category_code"": ""268103100"", ""ranking_category_name"": ""여성의류>상의"", ""review_avg"": 5.0, ""sale_percent"": 0, ""sale_price"": 50000, ""sold_out"": false, ""url"": ""https://product.29cm.co.kr/catalog/3364834""}",2026-10-04T01:07:21+00:00_e382e724
2026-10-04T10:07:21+09:00,2026-10-04T01:07:22+00:00,commerce_rank,Heavyweight Waffle Cotton Underwear Grey,29cm:3388472,heart_count,487.0,"{""brand_eng"": ""BRONSON"", ""brand_kor"": ""브론슨"", ""brand_no"": 89408, ""category1"": ""여성의류"", ""category2"": ""상의"", ""category3"": ""긴소매 티셔츠"", ""category3_code"": 268103102, ""is_new"": false, ""item_no"": 3388472, ""period_sort"": ""ONE_DAY"", ""platform"": ""29cm"", ""ranking_category_code"": ""272103100"", ""ranking_category_name"": ""남성의류>상의"", ""review_avg"": 5.0, ""sale_percent"": 10, ""sale_price"": 48600, ""sold_out"": false, ""url"": ""https://product.29cm.co.kr/catalog/3388472""}",2026-10-04T01:07:21+00:00_e382e724
2026-10-04T10:07:21+09:00,2026-10-04T01:07:22+00:00,commerce_rank,Heavyweight Waffle Cotton Underwear Grey,29cm:3388472,review_count,32.0,"{""brand_eng"": ""BRONSON"", ""brand_kor"": ""브론슨"", ""brand_no"": 89408, ""category1"": ""여성의류"", ""category2"": ""상의"", ""category3"": ""긴소매 티셔츠"", ""category3_code"": 268103102, ""is_new"": false, ""item_no"": 3388472, ""period_sort"": ""ONE_DAY"", ""platform"": ""29cm"", ""ranking_category_code"": ""272103100"", ""ranking_category_name"": ""남성의류>상의"", ""review_avg"": 5.0, ""sale_percent"": 10, ""sale_price"": 48600, ""sold_out"": false, ""url"": ""https://product.29cm.co.kr/catalog/3388472""}",2026-10-04T01:07:21+00:00_e382e724
2026-10-04T10:07:21+09:00,2026-10-04T01:07:22+00:00,commerce_rank,Heavyweight Waffle Cotton Underwear Grey,29cm:3388472@272103100,rank,34.0,"{""brand_eng"": ""BRONSON"", ""brand_kor"": ""브론슨"", ""brand_no"": 89408, ""category1"": ""여성의류"", ""category2"": ""상의"", ""category3"": ""긴소매 티셔츠"", ""category3_code"": 268103102, ""is_new"": false, ""item_no"": 3388472, ""period_sort"": ""ONE_DAY"", ""platform"": ""29cm"", ""ranking_category_code"": ""272103100"", ""ranking_category_name"": ""남성의류>상의"", ""review_avg"": 5.0, ""sale_percent"": 10, ""sale_price"": 48600, ""sold_out"": false, ""url"": ""https://product.29cm.co.kr/catalog/3388472""}",2026-10-04T01:07:21+00:00_e382e724
2026-10-04T10:07:21+09:00,2026-10-04T01:07:21+00:00,commerce_rank,Reversible 3/4 Sleeve Tee_Ivory,29cm:3410565,heart_count,21231.0,"{""brand_eng"": ""108POUND"", ""brand_kor"": ""108파운드"", ""brand_no"": 86198, ""category1"": ""여성의류"", ""category2"": ""상의"", ""category3"": ""긴소매 티셔츠"", ""category3_code"": 268103102, ""is_new"": false, ""item_no"": 3410565, ""period_sort"": ""ONE_DAY"", ""platform"": ""29cm"", ""ranking_category_code"": ""268103100"", ""ranking_category_name"": ""여성의류>상의"", ""review_avg"": 4.5, ""sale_percent"": 23, ""sale_price"": 29840, ""sold_out"": false, ""url"": ""https://product.29cm.co.kr/catalog/3410565""}",2026-10-04T01:07:21+00:00_e382e724
2026-10-04T10:07:21+09:00,2026-10-04T01:07:21+00:00,commerce_rank,Reversible 3/4 Sleeve Tee_Ivory,29cm:3410565,review_count,960.0,"{""brand_eng"": ""108POUND"", ""brand_kor"": ""108파운드"", ""brand_no"": 86198, ""category1"": ""여성의류"", ""category2"": ""상의"", ""category3"": ""긴소매 티셔츠"", ""category3_code"": 268103102, ""is_new"": false, ""item_no"": 3410565, ""period_sort"": ""ONE_DAY"", ""platform"": ""29cm"", ""ranking_category_code"": ""268103100"", ""ranking_category_name"": ""여성의류>상의"", ""review_avg"": 4.5, ""sale_percent"": 23, ""sale_price"": 29840, ""sold_out"": false, ""url"": ""https://product.29cm.co.kr/catalog/3410565""}",2026-10-04T01:07:21+00:00_e382e724
2026-10-04T10:07:21+09:00,2026-10-04T01:07:21+00:00,commerce_rank,Reversible 3/4 Sleeve Tee_Ivory,29cm:3410565@268103100,rank,14.0,"{""brand_eng"": ""108POUND"", ""brand_kor"": ""108파운드"", ""brand_no"": 86198, ""category1"": ""여성의류"", ""category2"": ""상의"", ""category3"": ""긴소매 티셔츠"", ""category3_code"": 268103102, ""is_new"": false, ""item_no"": 3410565, ""period_sort"": ""ONE_DAY"", ""platform"": ""29cm"", ""ranking_category_code"": ""268103100"", ""ranking_category_name"": ""여성의류>상의"", ""review_avg"": 4.5, ""sale_percent"": 23, ""sale_price"": 29840, ""sold_out"": false, ""url"": ""https://product.29cm.co.kr/catalog/3410565""}",2026-10-04T01:07:21+00:00_e382e724
2026-10-04T10:07:21+09:00,2026-10-04T01:07:21+00:00,commerce_rank,Essential Layered Long Sleeve [Ivory],29cm:3411199,heart_count,2638.0,"{""brand_eng"": ""RoséFrantz"", ""brand_kor"": ""로제프란츠"", ""brand_no"": 14310, ""category1"": ""여성의류"", ""category2"": ""상의"", ""category3"": ""긴소매 티셔츠"", ""category3_code"": 268103102, ""is_new"": false, ""item_no"": 3411199, ""period_sort"": ""ONE_DAY"", ""platform"": ""29cm"", ""ranking_category_code"": ""268103100"", ""ranking_category_name"": ""여성의류>상의"", ""review_avg"": 5.0, ""sale_percent"": 28, ""sale_price"": 33120, ""sold_out"": false, ""url"": ""https://product.29cm.co.kr/catalog/3411199""}",2026-10-04T01:07:21+00:00_e382e724
2026-10-04T10:07:21+09:00,2026-10-04T01:07:21+00:00,commerce_rank,Essential Layered Long Sleeve [Ivory],29cm:3411199,review_count,138.0,"{""brand_eng"": ""RoséFrantz"", ""brand_kor"": ""로제프란츠"", ""brand_no"": 14310, ""category1"": ""여성의류"", ""category2"": ""상의"", ""category3"": ""긴소매 티셔츠"", ""category3_code"": 268103102, ""is_new"": false, ""item_no"": 3411199, ""period_sort"": ""ONE_DAY"", ""platform"": ""29cm"", ""ranking_category_code"": ""268103100"", ""ranking_category_name"": ""여성의류>상의"", ""review_avg"": 5.0, ""sale_percent"": 28, ""sale_price"": 33120, ""sold_out"": false, ""url"": ""https://product.29cm.co.kr/catalog/3411199""}",2026-10-04T01:07:21+00:00_e382e724
2026-10-04T10:07:21+09:00,2026-10-04T01:07:21+00:00,commerce_rank,Essential Layered Long Sleeve [Ivory],29cm:3411199@268103100,rank,24.0,"{""brand_eng"": ""RoséFrantz"", ""brand_kor"": ""로제프란츠"", ""brand_no"": 14310, ""category1"": ""여성의류"", ""category2"": ""상의"", ""category3"": ""긴소매 티셔츠"", ""category3_code"": 268103102, ""is_new"": false, ""item_no"": 3411199, ""period_sort"": ""ONE_DAY"", ""platform"": ""29cm"", ""ranking_category_code"": ""268103100"", ""ranking_category_name"": ""여성의류>상의"", ""review_avg"": 5.0, ""sale_percent"": 28, ""sale_price"": 33120, ""sold_out"": false, ""url"": ""https://product.29cm.co.kr/catalog/3411199""}",2026-10-04T01:07:21+00:00_e382e724
2026-10-04T10:07:21+09:00,2026-10-04T01:07:22+00:00,commerce_rank,SP 팀 로고 후드 - 블랙,29cm:3425179,heart_count,12.0,"{""brand_eng"": ""saintpain"", ""brand_kor"": ""세인트페인"", ""brand_no"": 2619, ""category1"": ""남성의류"", ""category2"": ""상의"", ""category3"": ""후디"", ""category3_code"": 272103108, ""is_new"": false, ""item_no"": 3425179, ""period_sort"": ""ONE_DAY"", ""platform"": ""29cm"", ""ranking_category_code"": ""272103100"", ""ranking_category_name"": ""남성의류>상의"", ""review_avg"": 5.0, ""sale_percent"": 30, ""sale_price"": 59400, ""sold_out"": false, ""url"": ""https://product.29cm.co.kr/catalog/3425179""}",2026-10-04T01:07:21+00:00_e382e724
2026-10-04T10:07:21+09:00,2026-10-04T01:07:22+00:00,commerce_rank,SP 팀 로고 후드 - 블랙,29cm:3425179,review_count,1.0,"{""brand_eng"": ""saintpain"", ""brand_kor"": ""세인트페인"", ""brand_no"": 2619, ""category1"": ""남성의류"", ""category2"": ""상의"", ""category3"": ""후디"", ""category3_code"": 272103108, ""is_new"": false, ""item_no"": 3425179, ""period_sort"": ""ONE_DAY"", ""platform"": ""29cm"", ""ranking_category_code"": ""272103100"", ""ranking_category_name"": ""남성의류>상의"", ""review_avg"": 5.0, ""sale_percent"": 30, ""sale_price"": 59400, ""sold_out"": false, ""url"": ""https://product.29cm.co.kr/catalog/3425179""}",2026-10-04T01:07:21+00:00_e382e724
2026-10-04T10:07:21+09:00,2026-10-04T01:07:22+00:00,commerce_rank,SP 팀 로고 후드 - 블랙,29cm:3425179@272103100,rank,78.0,"{""brand_eng"": ""saintpain"", ""brand_kor"": ""세인트페인"", ""brand_no"": 2619, ""category1"": ""남성의류"", ""category2"": ""상의"", ""category3"": ""후디"", ""category3_code"": 272103108, ""is_new"": false, ""item_no"": 3425179, ""period_sort"": ""ONE_DAY"", ""platform"": ""29cm"", ""ranking_category_code"": ""272103100"", ""ranking_category_name"": ""남성의류>상의"", ""review_avg"": 5.0, ""sale_percent"": 30, ""sale_price"": 59400, ""sold_out"": false, ""url"": ""https://product.29cm.co.kr/catalog/3425179""}",2026-10-04T01:07:21+00:00_e382e724
2026-10-04T10:07:21+09:00,2026-10-04T01:07:21+00:00,commerce_rank,Henley Neck Stripe Long Sleeve Black,29cm:3429540,heart_count,8767.0,"{""brand_eng"": ""partimento"", ""brand_kor"": ""파르티멘토"", ""brand_no"": 1588, ""category1"": ""여성의류"", ""category2"": ""상의"", ""category3"": ""긴소매 티셔츠"", ""category3_code"": 268103102, ""is_new"": false, ""item_no"": 3429540, ""period_sort"": ""ONE_DAY"", ""platform"": ""29cm"", ""ranking_category_code"": ""268103100"", ""ranking_category_name"": ""여성의류>상의"", ""review_avg"": 5.0, ""sale_percent"": 33, ""sale_price"": 32850, ""sold_out"": false, ""url"": ""https://product.29cm.co.kr/catalog/3429540""}",2026-10-04T01:07:21+00:00_e382e724
2026-10-04T10:07:21+09:00,2026-10-04T01:07:21+00:00,commerce_rank,Henley Neck Stripe Long Sleeve Black,29cm:3429540,review_count,434.0,"{""brand_eng"": ""partimento"", ""brand_kor"": ""파르티멘토"", ""brand_no"": 1588, ""category1"": ""여성의류"", ""category2"": ""상의"", ""category3"": ""긴소매 티셔츠"", ""category3_code"": 268103102, ""is_new"": false, ""item_no"": 3429540, ""period_sort"": ""ONE_DAY"", ""platform"": ""29cm"", ""ranking_category_code"": ""268103100"", ""ranking_category_name"": ""여성의류>상의"", ""review_avg"": 5.0, ""sale_percent"": 33, ""sale_price"": 32850, ""sold_out"": false, ""url"": ""https://product.29cm.co.kr/catalog/3429540""}",2026-10-04T01:07:21+00:00_e382e724
2026-10-04T10:07:21+09:00,2026-10-04T01:07:21+00:00,commerce_rank,Henley Neck Stripe Long Sleeve Black,29cm:3429540@268103100,rank,3.0,"{""brand_eng"": ""partimento"", ""brand_kor"": ""파르티멘토"", ""brand_no"": 1588, ""category1"": ""여성의류"", ""category2"": ""상의"", ""category3"": ""긴소매 티셔츠"", ""category3_code"": 268103102, ""is_new"": false, ""item_no"": 3429540, ""period_sort"": ""ONE_DAY"", ""platform"": ""29cm"", ""ranking_category_code"": ""268103100"", ""ranking_category_name"": ""여성의류>상의"", ""review_avg"": 5.0, ""sale_percent"": 33, ""sale_price"": 32850, ""sold_out"": false, ""url"": ""https://product.29cm.co.kr/catalog/3429540""}",2026-10-04T01:07:21+00:00_e382e724
2026-10-04T10:07:21+09:00,2026-10-04T01:07:21+00:00,commerce_rank,Circle Star Layered Long Sleeve Black,29cm:3429552,heart_count,7225.0,"{""brand_eng"": ""partimento"", ""brand_kor"": ""파르티멘토"", ""brand_no"": 1588, ""category1"": ""여성의류"", ""category2"": ""상의"", ""category3"": ""긴소매 티셔츠"", ""category3_code"": 268103102, ""is_new"": false, ""item_no"": 3429552, ""period_sort"": ""ONE_DAY"", ""platform"": ""29cm"", ""ranking_category_code"": ""268103100"", ""ranking_category_name"": ""여성의류>상의"", ""review_avg"": 5.0, ""sale_percent"": 33, ""sale_price"": 32850, ""sold_out"": false, ""url"": ""https://product.29cm.co.kr/catalog/3429552""}",2026-10-04T01:07:21+00:00_e382e724
2026-10-04T10:07:21+09:00,2026-10-04T01:07:21+00:00,commerce_rank,Circle Star Layered Long Sleeve Black,29cm:3429552,review_count,491.0,"{""brand_eng"": ""partimento"", ""brand_kor"": ""파르티멘토"", ""brand_no"": 1588, ""category1"": ""여성의류"", ""category2"": ""상의"", ""category3"": ""긴소매 티셔츠"", ""category3_code"": 268103102, ""is_new"": false, ""item_no"": 3429552, ""period_sort"": ""ONE_DAY"", ""platform"": ""29cm"", ""ranking_category_code"": ""268103100"", ""ranking_category_name"": ""여성의류>상의"", ""review_avg"": 5.0, ""sale_percent"": 33, ""sale_price"": 32850, ""sold_out"": false, ""url"": ""https://product.29cm.co.kr/catalog/3429552""}",2026-10-04T01:07:21+00:00_e382e724
2026-10-04T10:07:21+09:00,2026-10-04T01:07:21+00:00,commerce_rank,Circle Star Layered Long Sleeve Black,29cm:3429552@268103100,rank,23.0,"{""brand_eng"": ""partimento"", ""brand_kor"": ""파르티멘토"", ""brand_no"": 1588, ""category1"": ""여성의류"", ""category2"": ""상의"", ""category3"": ""긴소매 티셔츠"", ""category3_code"": 268103102, ""is_new"": false, ""item_no"": 3429552, ""period_sort"": ""ONE_DAY"", ""platform"": ""29cm"", ""ranking_category_code"": ""268103100"", ""ranking_category_name"": ""여성의류>상의"", ""review_avg"": 5.0, ""sale_percent"": 33, ""sale_price"": 32850, ""sold_out"": false, ""url"": ""https://product.29cm.co.kr/catalog/3429552""}",2026-10-04T01:07:21+00:00_e382e724
2026-10-04T10:07:21+09:00,2026-10-04T01:07:21+00:00,commerce_rank,[2 PACK-컬러추가]Essential Golgi Tee-11 colors,29cm:3442256,heart_count,51065.0,"{""brand_eng"": ""BITTERCELLS"", ""brand_kor"": ""비터셀즈"", ""brand_no"": 15063, ""category1"": ""여성의류"", ""category2"": ""상의"", ""category3"": ""긴소매 티셔츠"", ""category3_code"": 268103102, ""is_new"": false, ""item_no"": 3442256, ""period_sort"": ""ONE_DAY"", ""platform"": ""29cm"", ""ranking_category_code"": ""268103100"", ""ranking_category_name"": ""여성의류>상의"", ""review_avg"": 5.0, ""sale_percent"": 19, ""sale_price"": 63180, ""sold_out"": false, ""url"": ""https://product.29cm.co.kr/catalog/3442256""}",2026-10-04T01:07:21+00:00_e382e724
2026-10-04T10:07:21+09:00,2026-10-04T01:07:21+00:00,commerce_rank,[2 PACK-컬러추가]Essential Golgi Tee-11 colors,29cm:3442256,review_count,2797.0,"{""brand_eng"": ""BITTERCELLS"", ""brand_kor"": ""비터셀즈"", ""brand_no"": 15063, ""category1"": ""여성의류"", ""category2"": ""상의"", ""category3"": ""긴소매 티셔츠"", ""category3_code"": 268103102, ""is_new"": false, ""item_no"": 3442256, ""period_sort"": ""ONE_DAY"", ""platform"": ""29cm"", ""ranking_category_code"": ""268103100"", ""ranking_category_name"": ""여성의류>상의"", ""review_avg"": 5.0, ""sale_percent"": 19, ""sale_price"": 63180, ""sold_out"": false, ""url"": ""https://product.29cm.co.kr/catalog/3442256""}",2026-10-04T01:07:21+00:00_e382e724
2026-10-04T10:07:21+09:00,2026-10-04T01:07:21+00:00,commerce_rank,[2 PACK-컬러추가]Essential Golgi Tee-11 colors,29cm:3442256@268103100,rank,16.0,"{""brand_eng"": ""BITTERCELLS"", ""brand_kor"": ""비터셀즈"", ""brand_no"": 15063, ""category1"": ""여성의류"", ""category2"": ""상의"", ""category3"": ""긴소매 티셔츠"", ""category3_code"": 268103102, ""is_new"": false, ""item_no"": 3442256, ""period_sort"": ""ONE_DAY"", ""platform"": ""29cm"", ""ranking_category_code"": ""268103100"", ""ranking_category_name"": ""여성의류>상의"", ""review_avg"": 5.0, ""sale_percent"": 19, ""sale_price"": 63180, ""sold_out"": false, ""url"": ""https://product.29cm.co.kr/catalog/3442256""}",2026-10-04T01:07:21+00:00_e382e724
2026-10-04T10:07:21+09:00,2026-10-04T01:07:21+00:00,commerce_rank,Oversized Essential Shirt-Ivory,29cm:3442316,heart_count,24128.0,"{""brand_eng"": ""BITTERCELLS"", ""brand_kor"": ""비터셀즈"", ""brand_no"": 15063, ""category1"": ""여성의류"", ""category2"": ""상의"", ""category3"": ""셔츠"", ""category3_code"": 268103106, ""is_new"": false, ""item_no"": 3442316, ""period_sort"": ""ONE_DAY"", ""platform"": ""29cm"", ""ranking_category_code"": ""268103100"", ""ranking_category_name"": ""여성의류>상의"", ""review_avg"": 5.0, ""sale_percent"": 10, ""sale_price"": 53100, ""sold_out"": false, ""url"": ""https://product.29cm.co.kr/catalog/3442316""}",2026-10-04T01:07:21+00:00_e382e724
2026-10-04T10:07:21+09:00,2026-10-04T01:07:21+00:00,commerce_rank,Oversized Essential Shirt-Ivory,29cm:3442316,review_count,682.0,"{""brand_eng"": ""BITTERCELLS"", ""brand_kor"": ""비터셀즈"", ""brand_no"": 15063, ""category1"": ""여성의류"", ""category2"": ""상의"", ""category3"": ""셔츠"", ""category3_code"": 268103106, ""is_new"": false, ""item_no"": 3442316, ""period_sort"": ""ONE_DAY"", ""platform"": ""29cm"", ""ranking_category_code"": ""268103100"", ""ranking_category_name"": ""여성의류>상의"", ""review_avg"": 5.0, ""sale_percent"": 10, ""sale_price"": 53100, ""sold_out"": false, ""url"": ""https://product.29cm.co.kr/catalog/3442316""}",2026-10-04T01:07:21+00:00_e382e724
2026-10-04T10:07:21+09:00,2026-10-04T01:07:21+00:00,commerce_rank,Oversized Essential Shirt-Ivory,29cm:3442316@268103100,rank,59.0,"{""brand_eng"": ""BITTERCELLS"", ""brand_kor"": ""비터셀즈"", ""brand_no"": 15063, ""category1"": ""여성의류"", ""category2"": ""상의"", ""category3"": ""셔츠"", ""category3_code"": 268103106, ""is_new"": false, ""item_no"": 3442316, ""period_sort"": ""ONE_DAY"", ""platform"": ""29cm"", ""ranking_category_code"": ""268103100"", ""ranking_category_name"": ""여성의류>상의"", ""review_avg"": 5.0, ""sale_percent"": 10, ""sale_price"": 53100, ""sold_out"": false, ""url"": ""https://product.29cm.co.kr/catalog/3442316""}",2026-10-04T01:07:21+00:00_e382e724
2026-10-04T10:07:21+09:00,2026-10-04T01:07:21+00:00,commerce_rank,[김가을 Pick] [27th] Wave Logo Raglan Long Top - White Melange(Navy),29cm:3444277,heart_count,26772.0,"{""brand_eng"": ""SOMEWHEREBUTTER"", ""brand_kor"": ""썸웨어버터"", ""brand_no"": 18640, ""category1"": ""여성의류"", ""category2"": ""상의"", ""category3"": ""긴소매 티셔츠"", ""category3_code"": 268103102, ""is_new"": false, ""item_no"": 3444277, ""period_sort"": ""ONE_DAY"", ""platform"": ""29cm"", ""ranking_category_code"": ""268103100"", ""ranking_category_name"": ""여성의류>상의"", ""review_avg"": 5.0, ""sale_percent"": 10, ""sale_price"": 62100, ""sold_out"": false, ""url"": ""https://product.29cm.co.kr/catalog/3444277""}",2026-10-04T01:07:21+00:00_e382e724
2026-10-04T10:07:21+09:00,2026-10-04T01:07:21+00:00,commerce_rank,[김가을 Pick] [27th] Wave Logo Raglan Long Top - White Melange(Navy),29cm:3444277,review_count,605.0,"{""brand_eng"": ""SOMEWHEREBUTTER"", ""brand_kor"": ""썸웨어버터"", ""brand_no"": 18640, ""category1"": ""여성의류"", ""category2"": ""상의"", ""category3"": ""긴소매 티셔츠"", ""category3_code"": 268103102, ""is_new"": false, ""item_no"": 3444277, ""period_sort"": ""ONE_DAY"", ""platform"": ""29cm"", ""ranking_category_code"": ""268103100"", ""ranking_category_name"": ""여성의류>상의"", ""review_avg"": 5.0, ""sale_percent"": 10, ""sale_price"": 62100, ""sold_out"": false, ""url"": ""https://product.29cm.co.kr/catalog/3444277""}",2026-10-04T01:07:21+00:00_e382e724
2026-10-04T10:07:21+09:00,2026-10-04T01:07:21+00:00,commerce_rank,[김가을 Pick] [27th] Wave Logo Raglan Long Top - White Melange(Navy),29cm:3444277@268103100,rank,97.0,"{""brand_eng"": ""SOMEWHEREBUTTER"", ""brand_kor"": ""썸웨어버터"", ""brand_no"": 18640, ""category1"": ""여성의류"", ""category2"": ""상의"", ""category3"": ""긴소매 티셔츠"", ""category3_code"": 268103102, ""is_new"": false, ""item_no"": 3444277, ""period_sort"": ""ONE_DAY"", ""platform"": ""29cm"", ""ranking_category_code"": ""268103100"", ""ranking_category_name"": ""여성의류>상의"", ""review_avg"": 5.0, ""sale_percent"": 10, ""sale_price"": 62100, ""sold_out"": false, ""url"": ""https://product.29cm.co.kr/catalog/3444277""}",2026-10-04T01:07:21+00:00_e382e724
2026-10-04T10:07:21+09:00,2026-10-04T01:07:22+00:00,commerce_rank,[2팩/세미크롭핏] 스웨트 셔츠,29cm:3450561,heart_count,816.0,"{""brand_eng"": ""DISCUS ATHLETIC"", ""brand_kor"": ""디스커스 애슬레틱"", ""brand_no"": 24583, ""category1"": ""남성의류"", ""category2"": ""상의"", ""category3"": ""스웨트셔츠"", ""category3_code"": 272103107, ""is_new"": false, ""item_no"": 3450561, ""period_sort"": ""ONE_DAY"", ""platform"": ""29cm"", ""ranking_category_code"": ""272103100"", ""ranking_category_name"": ""남성의류>상의"", ""review_avg"": 5.0, ""sale_percent"": 36, ""sale_price"": 69650, ""sold_out"": false, ""url"": ""https://product.29cm.co.kr/catalog/3450561""}",2026-10-04T01:07:21+00:00_e382e724
2026-10-04T10:07:21+09:00,2026-10-04T01:07:22+00:00,commerce_rank,[2팩/세미크롭핏] 스웨트 셔츠,29cm:3450561,review_count,106.0,"{""brand_eng"": ""DISCUS ATHLETIC"", ""brand_kor"": ""디스커스 애슬레틱"", ""brand_no"": 24583, ""category1"": ""남성의류"", ""category2"": ""상의"", ""category3"": ""스웨트셔츠"", ""category3_code"": 272103107, ""is_new"": false, ""item_no"": 3450561, ""period_sort"": ""ONE_DAY"", ""platform"": ""29cm"", ""ranking_category_code"": ""272103100"", ""ranking_category_name"": ""남성의류>상의"", ""review_avg"": 5.0, ""sale_percent"": 36, ""sale_price"": 69650, ""sold_out"": false, ""url"": ""https://product.29cm.co.kr/catalog/3450561""}",2026-10-04T01:07:21+00:00_e382e724
2026-10-04T10:07:21+09:00,2026-10-04T01:07:22+00:00,commerce_rank,[2팩/세미크롭핏] 스웨트 셔츠,29cm:3450561@272103100,rank,14.0,"{""brand_eng"": ""DISCUS ATHLETIC"", ""brand_kor"": ""디스커스 애슬레틱"", ""brand_no"": 24583, ""category1"": ""남성의류"", ""category2"": ""상의"", ""category3"": ""스웨트셔츠"", ""category3_code"": 272103107, ""is_new"": false, ""item_no"": 3450561, ""period_sort"": ""ONE_DAY"", ""platform"": ""29cm"", ""ranking_category_code"": ""272103100"", ""ranking_category_name"": ""남성의류>상의"", ""review_avg"": 5.0, ""sale_percent"": 36, ""sale_price"": 69650, ""sold_out"": false, ""url"": ""https://product.29cm.co.kr/catalog/3450561""}",2026-10-04T01:07:21+00:00_e382e724
2026-10-04T10:07:21+09:00,2026-10-04T01:07:21+00:00,commerce_rank,[8COLORS] 라인드 와플 롱 슬리브,29cm:3450583,heart_count,4439.0,"{""brand_eng"": ""MADDEN"", ""brand_kor"": ""매든"", ""brand_no"": 28008, ""category1"": ""여성의류"", ""category2"": ""상의"", ""category3"": ""긴소매 티셔츠"", ""category3_code"": 268103102, ""is_new"": false, ""item_no"": 3450583, ""period_sort"": ""ONE_DAY"", ""platform"": ""29cm"", ""ranking_category_code"": ""268103100"", ""ranking_category_name"": ""여성의류>상의"", ""review_avg"": 5.0, ""sale_percent"": 20, ""sale_price"": 47980, ""sold_out"": false, ""url"": ""https://product.29cm.co.kr/catalog/3450583""}",2026-10-04T01:07:21+00:00_e382e724
2026-10-04T10:07:21+09:00,2026-10-04T01:07:21+00:00,commerce_rank,[8COLORS] 라인드 와플 롱 슬리브,29cm:3450583,review_count,223.0,"{""brand_eng"": ""MADDEN"", ""brand_kor"": ""매든"", ""brand_no"": 28008, ""category1"": ""여성의류"", ""category2"": ""상의"", ""category3"": ""긴소매 티셔츠"", ""category3_code"": 268103102, ""is_new"": false, ""item_no"": 3450583, ""period_sort"": ""ONE_DAY"", ""platform"": ""29cm"", ""ranking_category_code"": ""268103100"", ""ranking_category_name"": ""여성의류>상의"", ""review_avg"": 5.0, ""sale_percent"": 20, ""sale_price"": 47980, ""sold_out"": false, ""url"": ""https://product.29cm.co.kr/catalog/3450583""}",2026-10-04T01:07:21+00:00_e382e724
2026-10-04T10:07:21+09:00,2026-10-04T01:07:21+00:00,commerce_rank,[8COLORS] 라인드 와플 롱 슬리브,29cm:3450583@268103100,rank,5.0,"{""brand_eng"": ""MADDEN"", ""brand_kor"": ""매든"", ""brand_no"": 28008, ""category1"": ""여성의류"", ""category2"": ""상의"", ""category3"": ""긴소매 티셔츠"", ""category3_code"": 268103102, ""is_new"": false, ""item_no"": 3450583, ""period_sort"": ""ONE_DAY"", ""platform"": ""29cm"", ""ranking_category_code"": ""268103100"", ""ranking_category_name"": ""여성의류>상의"", ""review_avg"": 5.0, ""sale_percent"": 20, ""sale_price"": 47980, ""sold_out"": false, ""url"": ""https://product.29cm.co.kr/catalog/3450583""}",2026-10-04T01:07:21+00:00_e382e724
2026-10-04T10:07:21+09:00,2026-10-04T01:07:21+00:00,commerce_rank,"[26th][오제,소진pick]Molly hoodie t-shirt (melange gray)",29cm:3460559,heart_count,10664.0,"{""brand_eng"": ""THE MITTEN"", ""brand_kor"": ""더미튼"", ""brand_no"": 25573, ""category1"": ""여성의류"", ""category2"": ""상의"", ""category3"": ""후디"", ""category3_code"": 268103105, ""is_new"": false, ""item_no"": 3460559, ""period_sort"": ""ONE_DAY"", ""platform"": ""29cm"", ""ranking_category_code"": ""268103100"", ""ranking_category_name"": ""여성의류>상의"", ""review_avg"": 5.0, ""sale_percent"": 24, ""sale_price"": 67330, ""sold_out"": false, ""url"": ""https://product.29cm.co.kr/catalog/3460559""}",2026-10-04T01:07:21+00:00_e382e724
2026-10-04T10:07:21+09:00,2026-10-04T01:07:21+00:00,commerce_rank,"[26th][오제,소진pick]Molly hoodie t-shirt (melange gray)",29cm:3460559,review_count,384.0,"{""brand_eng"": ""THE MITTEN"", ""brand_kor"": ""더미튼"", ""brand_no"": 25573, ""category1"": ""여성의류"", ""category2"": ""상의"", ""category3"": ""후디"", ""category3_code"": 268103105, ""is_new"": false, ""item_no"": 3460559, ""period_sort"": ""ONE_DAY"", ""platform"": ""29cm"", ""ranking_category_code"": ""268103100"", ""ranking_category_name"": ""여성의류>상의"", ""review_avg"": 5.0, ""sale_percent"": 24, ""sale_price"": 67330, ""sold_out"": false, ""url"": ""https://product.29cm.co.kr/catalog/3460559""}",2026-10-04T01:07:21+00:00_e382e724
2026-10-04T10:07:21+09:00,2026-10-04T01:07:21+00:00,commerce_rank,"[26th][오제,소진pick]Molly hoodie t-shirt (melange gray)",29cm:3460559@268103100,rank,50.0,"{""brand_eng"": ""THE MITTEN"", ""brand_kor"": ""더미튼"", ""brand_no"": 25573, ""category1"": ""여성의류"", ""category2"": ""상의"", ""category3"": ""후디"", ""category3_code"": 268103105, ""is_new"": false, ""item_no"": 3460559, ""period_sort"": ""ONE_DAY"", ""platform"": ""29cm"", ""ranking_category_code"": ""268103100"", ""ranking_category_name"": ""여성의류>상의"", ""review_avg"": 5.0, ""sale_percent"": 24, ""sale_price"": 67330, ""sold_out"": false, ""url"": ""https://product.29cm.co.kr/catalog/3460559""}",2026-10-04T01:07:21+00:00_e382e724
2026-10-04T10:07:21+09:00,2026-10-04T01:07:22+00:00,commerce_rank,페이디드 셔츠 - 차콜 브라운,29cm:3472831,heart_count,650.0,"{""brand_eng"": ""asp"", ""brand_kor"": ""애습"", ""brand_no"": 10042, ""category1"": ""남성의류"", ""category2"": ""상의"", ""category3"": ""긴소매 셔츠"", ""category3_code"": 272103106, ""is_new"": false, ""item_no"": 3472831, ""period_sort"": ""ONE_DAY"", ""platform"": ""29cm"", ""ranking_category_code"": ""272103100"", ""ranking_category_name"": ""남성의류>상의"", ""review_avg"": 5.0, ""sale_percent"": 15, ""sale_price"": 64980, ""sold_out"": false, ""url"": ""https://product.29cm.co.kr/catalog/3472831""}",2026-10-04T01:07:21+00:00_e382e724
2026-10-04T10:07:21+09:00,2026-10-04T01:07:22+00:00,commerce_rank,페이디드 셔츠 - 차콜 브라운,29cm:3472831,review_count,31.0,"{""brand_eng"": ""asp"", ""brand_kor"": ""애습"", ""brand_no"": 10042, ""category1"": ""남성의류"", ""category2"": ""상의"", ""category3"": ""긴소매 셔츠"", ""category3_code"": 272103106, ""is_new"": false, ""item_no"": 3472831, ""period_sort"": ""ONE_DAY"", ""platform"": ""29cm"", ""ranking_category_code"": ""272103100"", ""ranking_category_name"": ""남성의류>상의"", ""review_avg"": 5.0, ""sale_percent"": 15, ""sale_price"": 64980, ""sold_out"": false, ""url"": ""https://product.29cm.co.kr/catalog/3472831""}",2026-10-04T01:07:21+00:00_e382e724
2026-10-04T10:07:21+09:00,2026-10-04T01:07:22+00:00,commerce_rank,페이디드 셔츠 - 차콜 브라운,29cm:3472831@272103100,rank,30.0,"{""brand_eng"": ""asp"", ""brand_kor"": ""애습"", ""brand_no"": 10042, ""category1"": ""남성의류"", ""category2"": ""상의"", ""category3"": ""긴소매 셔츠"", ""category3_code"": 272103106, ""is_new"": false, ""item_no"": 3472831, ""period_sort"": ""ONE_DAY"", ""platform"": ""29cm"", ""ranking_category_code"": ""272103100"", ""ranking_category_name"": ""남성의류>상의"", ""review_avg"": 5.0, ""sale_percent"": 15, ""sale_price"": 64980, ""sold_out"": false, ""url"": ""https://product.29cm.co.kr/catalog/3472831""}",2026-10-04T01:07:21+00:00_e382e724
2026-10-04T10:07:21+09:00,2026-10-04T01:07:22+00:00,commerce_rank,(uni)아이러브홈 패치워크 스탠다드핏 티셔츠,29cm:3508461,heart_count,13924.0,"{""brand_eng"": ""OGGITT"", ""brand_kor"": ""오끼뜨"", ""brand_no"": 16082, ""category1"": ""남성의류"", ""category2"": ""상의"", ""category3"": ""반소매 티셔츠"", ""category3_code"": 272103101, ""is_new"": false, ""item_no"": 3508461, ""period_sort"": ""ONE_DAY"", ""platform"": ""29cm"", ""ranking_category_code"": ""272103100"", ""ranking_category_name"": ""남성의류>상의"", ""review_avg"": 5.0, ""sale_percent"": 15, ""sale_price"": 30780, ""sold_out"": false, ""url"": ""https://product.29cm.co.kr/catalog/3508461""}",2026-10-04T01:07:21+00:00_e382e724
2026-10-04T10:07:21+09:00,2026-10-04T01:07:22+00:00,commerce_rank,(uni)아이러브홈 패치워크 스탠다드핏 티셔츠,29cm:3508461,review_count,959.0,"{""brand_eng"": ""OGGITT"", ""brand_kor"": ""오끼뜨"", ""brand_no"": 16082, ""category1"": ""남성의류"", ""category2"": ""상의"", ""category3"": ""반소매 티셔츠"", ""category3_code"": 272103101, ""is_new"": false, ""item_no"": 3508461, ""period_sort"": ""ONE_DAY"", ""platform"": ""29cm"", ""ranking_category_code"": ""272103100"", ""ranking_category_name"": ""남성의류>상의"", ""review_avg"": 5.0, ""sale_percent"": 15, ""sale_price"": 30780, ""sold_out"": false, ""url"": ""https://product.29cm.co.kr/catalog/3508461""}",2026-10-04T01:07:21+00:00_e382e724
2026-10-04T10:07:21+09:00,2026-10-04T01:07:22+00:00,commerce_rank,(uni)아이러브홈 패치워크 스탠다드핏 티셔츠,29cm:3508461@272103100,rank,29.0,"{""brand_eng"": ""OGGITT"", ""brand_kor"": ""오끼뜨"", ""brand_no"": 16082, ""category1"": ""남성의류"", ""category2"": ""상의"", ""category3"": ""반소매 티셔츠"", ""category3_code"": 272103101, ""is_new"": false, ""item_no"": 3508461, ""period_sort"": ""ONE_DAY"", ""platform"": ""29cm"", ""ranking_category_code"": ""272103100"", ""ranking_category_name"": ""남성의류>상의"", ""review_avg"": 5.0, ""sale_percent"": 15, ""sale_price"": 30780, ""sold_out"": false, ""url"": ""https://product.29cm.co.kr/catalog/3508461""}",2026-10-04T01:07:21+00:00_e382e724
2026-10-04T10:07:21+09:00,2026-10-04T01:07:21+00:00,commerce_rank,Folder L/S Tee (4 Colors),29cm:3522545,heart_count,8066.0,"{""brand_eng"": ""TEKET"", ""brand_kor"": ""테켓"", ""brand_no"": 34509, ""category1"": ""여성의류"", ""category2"": ""상의"", ""category3"": ""긴소매 티셔츠"", ""category3_code"": 268103102, ""is_new"": false, ""item_no"": 3522545, ""period_sort"": ""ONE_DAY"", ""platform"": ""29cm"", ""ranking_category_code"": ""268103100"", ""ranking_category_name"": ""여성의류>상의"", ""review_avg"": 5.0, ""sale_percent"": 0, ""sale_price"": 65000, ""sold_out"": false, ""url"": ""https://product.29cm.co.kr/catalog/3522545""}",2026-10-04T01:07:21+00:00_e382e724
2026-10-04T10:07:21+09:00,2026-10-04T01:07:21+00:00,commerce_rank,Folder L/S Tee (4 Colors),29cm:3522545,review_count,603.0,"{""brand_eng"": ""TEKET"", ""brand_kor"": ""테켓"", ""brand_no"": 34509, ""category1"": ""여성의류"", ""category2"": ""상의"", ""category3"": ""긴소매 티셔츠"", ""category3_code"": 268103102, ""is_new"": false, ""item_no"": 3522545, ""period_sort"": ""ONE_DAY"", ""platform"": ""29cm"", ""ranking_category_code"": ""268103100"", ""ranking_category_name"": ""여성의류>상의"", ""review_avg"": 5.0, ""sale_percent"": 0, ""sale_price"": 65000, ""sold_out"": false, ""url"": ""https://product.29cm.co.kr/catalog/3522545""}",2026-10-04T01:07:21+00:00_e382e724
2026-10-04T10:07:21+09:00,2026-10-04T01:07:21+00:00,commerce_rank,Folder L/S Tee (4 Colors),29cm:3522545@268103100,rank,30.0,"{""brand_eng"": ""TEKET"", ""brand_kor"": ""테켓"", ""brand_no"": 34509, ""category1"": ""여성의류"", ""category2"": ""상의"", ""category3"": ""긴소매 티셔츠"", ""category3_code"": 268103102, ""is_new"": false, ""item_no"": 3522545, ""period_sort"": ""ONE_DAY"", ""platform"": ""29cm"", ""ranking_category_code"": ""268103100"", ""ranking_category_name"": ""여성의류>상의"", ""review_avg"": 5.0, ""sale_percent"": 0, ""sale_price"": 65000, ""sold_out"": false, ""url"": ""https://product.29cm.co.kr/catalog/3522545""}",2026-10-04T01:07:21+00:00_e382e724
2026-10-04T10:07:21+09:00,2026-10-04T01:07:21+00:00,commerce_rank,Raye Pocket Shirt_Navy,29cm:3523834,heart_count,10567.0,"{""brand_eng"": ""THE BARNNET"", ""brand_kor"": ""더바넷"", ""brand_no"": 76630, ""category1"": ""여성의류"", ""category2"": ""상의"", ""category3"": ""셔츠"", ""category3_code"": 268103106, ""is_new"": false, ""item_no"": 3523834, ""period_sort"": ""ONE_DAY"", ""platform"": ""29cm"", ""ranking_category_code"": ""268103100"", ""ranking_category_name"": ""여성의류>상의"", ""review_avg"": 5.0, ""sale_percent"": 33, ""sale_price"": 92480, ""sold_out"": false, ""url"": ""https://product.29cm.co.kr/catalog/3523834""}",2026-10-04T01:07:21+00:00_e382e724
2026-10-04T10:07:21+09:00,2026-10-04T01:07:21+00:00,commerce_rank,Raye Pocket Shirt_Navy,29cm:3523834,review_count,189.0,"{""brand_eng"": ""THE BARNNET"", ""brand_kor"": ""더바넷"", ""brand_no"": 76630, ""category1"": ""여성의류"", ""category2"": ""상의"", ""category3"": ""셔츠"", ""category3_code"": 268103106, ""is_new"": false, ""item_no"": 3523834, ""period_sort"": ""ONE_DAY"", ""platform"": ""29cm"", ""ranking_category_code"": ""268103100"", ""ranking_category_name"": ""여성의류>상의"", ""review_avg"": 5.0, ""sale_percent"": 33, ""sale_price"": 92480, ""sold_out"": false, ""url"": ""https://product.29cm.co.kr/catalog/3523834""}",2026-10-04T01:07:21+00:00_e382e724
2026-10-04T10:07:21+09:00,2026-10-04T01:07:21+00:00,commerce_rank,Raye Pocket Shirt_Navy,29cm:3523834@268103100,rank,74.0,"{""brand_eng"": ""THE BARNNET"", ""brand_kor"": ""더바넷"", ""brand_no"": 76630, ""category1"": ""여성의류"", ""category2"": ""상의"", ""category3"": ""셔츠"", ""category3_code"": 268103106, ""is_new"": false, ""item_no"": 3523834, ""period_sort"": ""ONE_DAY"", ""platform"": ""29cm"", ""ranking_category_code"": ""268103100"", ""ranking_category_name"": ""여성의류>상의"", ""review_avg"": 5.0, ""sale_percent"": 33, ""sale_price"": 92480, ""sold_out"": false, ""url"": ""https://product.29cm.co.kr/catalog/3523834""}",2026-10-04T01:07:21+00:00_e382e724
2026-10-04T10:07:21+09:00,2026-10-04T01:07:21+00:00,commerce_rank,[57th] Curve scarf blouse (stone gray),29cm:3535240,heart_count,33408.0,"{""brand_eng"": ""PREP FOR THE"", ""brand_kor"": ""프렙포더"", ""brand_no"": 86845, ""category1"": ""여성의류"", ""category2"": ""상의"", ""category3"": ""블라우스"", ""category3_code"": 268103107, ""is_new"": false, ""item_no"": 3535240, ""period_sort"": ""ONE_DAY"", ""platform"": ""29cm"", ""ranking_category_code"": ""268103100"", ""ranking_category_name"": ""여성의류>상의"", ""review_avg"": 5.0, ""sale_percent"": 14, ""sale_price"": 125690, ""sold_out"": false, ""url"": ""https://product.29cm.co.kr/catalog/3535240""}",2026-10-04T01:07:21+00:00_e382e724
2026-10-04T10:07:21+09:00,2026-10-04T01:07:21+00:00,commerce_rank,[57th] Curve scarf blouse (stone gray),29cm:3535240,review_count,413.0,"{""brand_eng"": ""PREP FOR THE"", ""brand_kor"": ""프렙포더"", ""brand_no"": 86845, ""category1"": ""여성의류"", ""category2"": ""상의"", ""category3"": ""블라우스"", ""category3_code"": 268103107, ""is_new"": false, ""item_no"": 3535240, ""period_sort"": ""ONE_DAY"", ""platform"": ""29cm"", ""ranking_category_code"": ""268103100"", ""ranking_category_name"": ""여성의류>상의"", ""review_avg"": 5.0, ""sale_percent"": 14, ""sale_price"": 125690, ""sold_out"": false, ""url"": ""https://product.29cm.co.kr/catalog/3535240""}",2026-10-04T01:07:21+00:00_e382e724
2026-10-04T10:07:21+09:00,2026-10-04T01:07:21+00:00,commerce_rank,[57th] Curve scarf blouse (stone gray),29cm:3535240@268103100,rank,26.0,"{""brand_eng"": ""PREP FOR THE"", ""brand_kor"": ""프렙포더"", ""brand_no"": 86845, ""category1"": ""여성의류"", ""category2"": ""상의"", ""category3"": ""블라우스"", ""category3_code"": 268103107, ""is_new"": false, ""item_no"": 3535240, ""period_sort"": ""ONE_DAY"", ""platform"": ""29cm"", ""ranking_category_code"": ""268103100"", ""ranking_category_name"": ""여성의류>상의"", ""review_avg"": 5.0, ""sale_percent"": 14, ""sale_price"": 125690, ""sold_out"": false, ""url"": ""https://product.29cm.co.kr/catalog/3535240""}",2026-10-04T01:07:21+00:00_e382e724
2026-10-04T10:07:21+09:00,2026-10-04T01:07:21+00:00,commerce_rank,Easy long sleeve_5 Colors,29cm:3540872,heart_count,630.0,"{""brand_eng"": ""BUDHI MUDRA"", ""brand_kor"": ""부디무드라"", ""brand_no"": 20781, ""category1"": ""여성의류"", ""category2"": ""상의"", ""category3"": ""긴소매 티셔츠"", ""category3_code"": 268103102, ""is_new"": false, ""item_no"": 3540872, ""period_sort"": ""ONE_DAY"", ""platform"": ""29cm"", ""ranking_category_code"": ""268103100"", ""ranking_category_name"": ""여성의류>상의"", ""review_avg"": 4.5, ""sale_percent"": 12, ""sale_price"": 48400, ""sold_out"": false, ""url"": ""https://product.29cm.co.kr/catalog/3540872""}",2026-10-04T01:07:21+00:00_e382e724
2026-10-04T10:07:21+09:00,2026-10-04T01:07:21+00:00,commerce_rank,Easy long sleeve_5 Colors,29cm:3540872,review_count,84.0,"{""brand_eng"": ""BUDHI MUDRA"", ""brand_kor"": ""부디무드라"", ""brand_no"": 20781, ""category1"": ""여성의류"", ""category2"": ""상의"", ""category3"": ""긴소매 티셔츠"", ""category3_code"": 268103102, ""is_new"": false, ""item_no"": 3540872, ""period_sort"": ""ONE_DAY"", ""platform"": ""29cm"", ""ranking_category_code"": ""268103100"", ""ranking_category_name"": ""여성의류>상의"", ""review_avg"": 4.5, ""sale_percent"": 12, ""sale_price"": 48400, ""sold_out"": false, ""url"": ""https://product.29cm.co.kr/catalog/3540872""}",2026-10-04T01:07:21+00:00_e382e724
2026-10-04T10:07:21+09:00,2026-10-04T01:07:21+00:00,commerce_rank,Easy long sleeve_5 Colors,29cm:3540872@268103100,rank,42.0,"{""brand_eng"": ""BUDHI MUDRA"", ""brand_kor"": ""부디무드라"", ""brand_no"": 20781, ""category1"": ""여성의류"", ""category2"": ""상의"", ""category3"": ""긴소매 티셔츠"", ""category3_code"": 268103102, ""is_new"": false, ""item_no"": 3540872, ""period_sort"": ""ONE_DAY"", ""platform"": ""29cm"", ""ranking_category_code"": ""268103100"", ""ranking_category_name"": ""여성의류>상의"", ""review_avg"": 4.5, ""sale_percent"": 12, ""sale_price"": 48400, ""sold_out"": false, ""url"": ""https://product.29cm.co.kr/catalog/3540872""}",2026-10-04T01:07:21+00:00_e382e724
2026-10-04T10:07:21+09:00,2026-10-04T01:07:22+00:00,commerce_rank,플루이드 U넥 크롭 롱 슬리브 티셔츠 [3COLOR],29cm:3543767,heart_count,380.0,"{""brand_eng"": ""ALYSS"", ""brand_kor"": ""알리스"", ""brand_no"": 19758, ""category1"": ""남성의류"", ""category2"": ""상의"", ""category3"": ""긴소매 티셔츠"", ""category3_code"": 272103102, ""is_new"": false, ""item_no"": 3543767, ""period_sort"": ""ONE_DAY"", ""platform"": ""29cm"", ""ranking_category_code"": ""272103100"", ""ranking_category_name"": ""남성의류>상의"", ""review_avg"": 5.0, ""sale_percent"": 10, ""sale_price"": 33300, ""sold_out"": false, ""url"": ""https://product.29cm.co.kr/catalog/3543767""}",2026-10-04T01:07:21+00:00_e382e724
2026-10-04T10:07:21+09:00,2026-10-04T01:07:22+00:00,commerce_rank,플루이드 U넥 크롭 롱 슬리브 티셔츠 [3COLOR],29cm:3543767,review_count,23.0,"{""brand_eng"": ""ALYSS"", ""brand_kor"": ""알리스"", ""brand_no"": 19758, ""category1"": ""남성의류"", ""category2"": ""상의"", ""category3"": ""긴소매 티셔츠"", ""category3_code"": 272103102, ""is_new"": false, ""item_no"": 3543767, ""period_sort"": ""ONE_DAY"", ""platform"": ""29cm"", ""ranking_category_code"": ""272103100"", ""ranking_category_name"": ""남성의류>상의"", ""review_avg"": 5.0, ""sale_percent"": 10, ""sale_price"": 33300, ""sold_out"": false, ""url"": ""https://product.29cm.co.kr/catalog/3543767""}",2026-10-04T01:07:21+00:00_e382e724
2026-10-04T10:07:21+09:00,2026-10-04T01:07:22+00:00,commerce_rank,플루이드 U넥 크롭 롱 슬리브 티셔츠 [3COLOR],29cm:3543767@272103100,rank,58.0,"{""brand_eng"": ""ALYSS"", ""brand_kor"": ""알리스"", ""brand_no"": 19758, ""category1"": ""남성의류"", ""category2"": ""상의"", ""category3"": ""긴소매 티셔츠"", ""category3_code"": 272103102, ""is_new"": false, ""item_no"": 3543767, ""period_sort"": ""ONE_DAY"", ""platform"": ""29cm"", ""ranking_category_code"": ""272103100"", ""ranking_category_name"": ""남성의류>상의"", ""review_avg"": 5.0, ""sale_percent"": 10, ""sale_price"": 33300, ""sold_out"": false, ""url"": ""https://product.29cm.co.kr/catalog/3543767""}",2026-10-04T01:07:21+00:00_e382e724
2026-10-04T10:07:21+09:00,2026-10-04T01:07:21+00:00,commerce_rank,044 레글런 롱 슬리브 티셔츠,29cm:3545920,heart_count,10478.0,"{""brand_eng"": ""VIVA LA VIDA"", ""brand_kor"": ""비바라비다"", ""brand_no"": 100816, ""category1"": ""여성의류"", ""category2"": ""상의"", ""category3"": ""긴소매 티셔츠"", ""category3_code"": 268103102, ""is_new"": false, ""item_no"": 3545920, ""period_sort"": ""ONE_DAY"", ""platform"": ""29cm"", ""ranking_category_code"": ""268103100"", ""ranking_category_name"": ""여성의류>상의"", ""review_avg"": 5.0, ""sale_percent"": 31, ""sale_price"": 32310, ""sold_out"": false, ""url"": ""https://product.29cm.co.kr/catalog/3545920""}",2026-10-04T01:07:21+00:00_e382e724
2026-10-04T10:07:21+09:00,2026-10-04T01:07:21+00:00,commerce_rank,044 레글런 롱 슬리브 티셔츠,29cm:3545920,review_count,230.0,"{""brand_eng"": ""VIVA LA VIDA"", ""brand_kor"": ""비바라비다"", ""brand_no"": 100816, ""category1"": ""여성의류"", ""category2"": ""상의"", ""category3"": ""긴소매 티셔츠"", ""category3_code"": 268103102, ""is_new"": false, ""item_no"": 3545920, ""period_sort"": ""ONE_DAY"", ""platform"": ""29cm"", ""ranking_category_code"": ""268103100"", ""ranking_category_name"": ""여성의류>상의"", ""review_avg"": 5.0, ""sale_percent"": 31, ""sale_price"": 32310, ""sold_out"": false, ""url"": ""https://product.29cm.co.kr/catalog/3545920""}",2026-10-04T01:07:21+00:00_e382e724
2026-10-04T10:07:21+09:00,2026-10-04T01:07:21+00:00,commerce_rank,044 레글런 롱 슬리브 티셔츠,29cm:3545920@268103100,rank,21.0,"{""brand_eng"": ""VIVA LA VIDA"", ""brand_kor"": ""비바라비다"", ""brand_no"": 100816, ""category1"": ""여성의류"", ""category2"": ""상의"", ""category3"": ""긴소매 티셔츠"", ""category3_code"": 268103102, ""is_new"": false, ""item_no"": 3545920, ""period_sort"": ""ONE_DAY"", ""platform"": ""29cm"", ""ranking_category_code"": ""268103100"", ""ranking_category_name"": ""여성의류>상의"", ""review_avg"": 5.0, ""sale_percent"": 31, ""sale_price"": 32310, ""sold_out"": false, ""url"": ""https://product.29cm.co.kr/catalog/3545920""}",2026-10-04T01:07:21+00:00_e382e724
2026-10-04T10:07:21+09:00,2026-10-04T01:07:22+00:00,commerce_rank,ASKIN LOGO LONG SLEEVE (BROWN GREY),29cm:3549850,heart_count,501.0,"{""brand_eng"": ""GOYOWEAR"", ""brand_kor"": ""고요웨어"", ""brand_no"": 16187, ""category1"": ""남성의류"", ""category2"": ""상의"", ""category3"": ""긴소매 티셔츠"", ""category3_code"": 272103102, ""is_new"": false, ""item_no"": 3549850, ""period_sort"": ""ONE_DAY"", ""platform"": ""29cm"", ""ranking_category_code"": ""272103100"", ""ranking_category_name"": ""남성의류>상의"", ""review_avg"": 5.0, ""sale_percent"": 10, ""sale_price"": 44100, ""sold_out"": false, ""url"": ""https://product.29cm.co.kr/catalog/3549850""}",2026-10-04T01:07:21+00:00_e382e724
2026-10-04T10:07:21+09:00,2026-10-04T01:07:22+00:00,commerce_rank,ASKIN LOGO LONG SLEEVE (BROWN GREY),29cm:3549850,review_count,35.0,"{""brand_eng"": ""GOYOWEAR"", ""brand_kor"": ""고요웨어"", ""brand_no"": 16187, ""category1"": ""남성의류"", ""category2"": ""상의"", ""category3"": ""긴소매 티셔츠"", ""category3_code"": 272103102, ""is_new"": false, ""item_no"": 3549850, ""period_sort"": ""ONE_DAY"", ""platform"": ""29cm"", ""ranking_category_code"": ""272103100"", ""ranking_category_name"": ""남성의류>상의"", ""review_avg"": 5.0, ""sale_percent"": 10, ""sale_price"": 44100, ""sold_out"": false, ""url"": ""https://product.29cm.co.kr/catalog/3549850""}",2026-10-04T01:07:21+00:00_e382e724
2026-10-04T10:07:21+09:00,2026-10-04T01:07:22+00:00,commerce_rank,ASKIN LOGO LONG SLEEVE (BROWN GREY),29cm:3549850@272103100,rank,42.0,"{""brand_eng"": ""GOYOWEAR"", ""brand_kor"": ""고요웨어"", ""brand_no"": 16187, ""category1"": ""남성의류"", ""category2"": ""상의"", ""category3"": ""긴소매 티셔츠"", ""category3_code"": 272103102, ""is_new"": false, ""item_no"": 3549850, ""period_sort"": ""ONE_DAY"", ""platform"": ""29cm"", ""ranking_category_code"": ""272103100"", ""ranking_category_name"": ""남성의류>상의"", ""review_avg"": 5.0, ""sale_percent"": 10, ""sale_price"": 44100, ""sold_out"": false, ""url"": ""https://product.29cm.co.kr/catalog/3549850""}",2026-10-04T01:07:21+00:00_e382e724
2026-10-04T10:07:21+09:00,2026-10-04T01:07:22+00:00,commerce_rank,C로고 레귤러핏 후드 티셔츠 Oxford Grey,29cm:3589871,heart_count,118.0,"{""brand_eng"": ""CHAMPION"", ""brand_kor"": ""챔피온"", ""brand_no"": 71185, ""category1"": ""남성의류"", ""category2"": ""상의"", ""category3"": ""후디"", ""category3_code"": 272103108, ""is_new"": false, ""item_no"": 3589871, ""period_sort"": ""ONE_DAY"", ""platform"": ""29cm"", ""ranking_category_code"": ""272103100"", ""ranking_category_name"": ""남성의류>상의"", ""review_avg"": 5.0, ""sale_percent"": 37, ""sale_price"": 43470, ""sold_out"": false, ""url"": ""https://product.29cm.co.kr/catalog/3589871""}",2026-10-04T01:07:21+00:00_e382e724
2026-10-04T10:07:21+09:00,2026-10-04T01:07:22+00:00,commerce_rank,C로고 레귤러핏 후드 티셔츠 Oxford Grey,29cm:3589871,review_count,5.0,"{""brand_eng"": ""CHAMPION"", ""brand_kor"": ""챔피온"", ""brand_no"": 71185, ""category1"": ""남성의류"", ""category2"": ""상의"", ""category3"": ""후디"", ""category3_code"": 272103108, ""is_new"": false, ""item_no"": 3589871, ""period_sort"": ""ONE_DAY"", ""platform"": ""29cm"", ""ranking_category_code"": ""272103100"", ""ranking_category_name"": ""남성의류>상의"", ""review_avg"": 5.0, ""sale_percent"": 37, ""sale_price"": 43470, ""sold_out"": false, ""url"": ""https://product.29cm.co.kr/catalog/3589871""}",2026-10-04T01:07:21+00:00_e382e724
2026-10-04T10:07:21+09:00,2026-10-04T01:07:22+00:00,commerce_rank,C로고 레귤러핏 후드 티셔츠 Oxford Grey,29cm:3589871@272103100,rank,94.0,"{""brand_eng"": ""CHAMPION"", ""brand_kor"": ""챔피온"", ""brand_no"": 71185, ""category1"": ""남성의류"", ""category2"": ""상의"", ""category3"": ""후디"", ""category3_code"": 272103108, ""is_new"": false, ""item_no"": 3589871, ""period_sort"": ""ONE_DAY"", ""platform"": ""29cm"", ""ranking_category_code"": ""272103100"", ""ranking_category_name"": ""남성의류>상의"", ""review_avg"": 5.0, ""sale_percent"": 37, ""sale_price"": 43470, ""sold_out"": false, ""url"": ""https://product.29cm.co.kr/catalog/3589871""}",2026-10-04T01:07:21+00:00_e382e724
2026-10-04T10:07:21+09:00,2026-10-04T01:07:21+00:00,commerce_rank,[41th] Raglan Campus Logo Long Top - Grey(Navy),29cm:3628013,heart_count,22462.0,"{""brand_eng"": ""SOMEWHEREBUTTER"", ""brand_kor"": ""썸웨어버터"", ""brand_no"": 18640, ""category1"": ""여성의류"", ""category2"": ""상의"", ""category3"": ""긴소매 티셔츠"", ""category3_code"": 268103102, ""is_new"": false, ""item_no"": 3628013, ""period_sort"": ""ONE_DAY"", ""platform"": ""29cm"", ""ranking_category_code"": ""268103100"", ""ranking_category_name"": ""여성의류>상의"", ""review_avg"": 5.0, ""sale_percent"": 10, ""sale_price"": 44100, ""sold_out"": false, ""url"": ""https://product.29cm.co.kr/catalog/3628013""}",2026-10-04T01:07:21+00:00_e382e724
2026-10-04T10:07:21+09:00,2026-10-04T01:07:21+00:00,commerce_rank,[41th] Raglan Campus Logo Long Top - Grey(Navy),29cm:3628013,review_count,633.0,"{""brand_eng"": ""SOMEWHEREBUTTER"", ""brand_kor"": ""썸웨어버터"", ""brand_no"": 18640, ""category1"": ""여성의류"", ""category2"": ""상의"", ""category3"": ""긴소매 티셔츠"", ""category3_code"": 268103102, ""is_new"": false, ""item_no"": 3628013, ""period_sort"": ""ONE_DAY"", ""platform"": ""29cm"", ""ranking_category_code"": ""268103100"", ""ranking_category_name"": ""여성의류>상의"", ""review_avg"": 5.0, ""sale_percent"": 10, ""sale_price"": 44100, ""sold_out"": false, ""url"": ""https://product.29cm.co.kr/catalog/3628013""}",2026-10-04T01:07:21+00:00_e382e724
2026-10-04T10:07:21+09:00,2026-10-04T01:07:21+00:00,commerce_rank,[41th] Raglan Campus Logo Long Top - Grey(Navy),29cm:3628013@268103100,rank,8.0,"{""brand_eng"": ""SOMEWHEREBUTTER"", ""brand_kor"": ""썸웨어버터"", ""brand_no"": 18640, ""category1"": ""여성의류"", ""category2"": ""상의"", ""category3"": ""긴소매 티셔츠"", ""category3_code"": 268103102, ""is_new"": false, ""item_no"": 3628013, ""period_sort"": ""ONE_DAY"", ""platform"": ""29cm"", ""ranking_category_code"": ""268103100"", ""ranking_category_name"": ""여성의류>상의"", ""review_avg"": 5.0, ""sale_percent"": 10, ""sale_price"": 44100, ""sold_out"": false, ""url"": ""https://product.29cm.co.kr/catalog/3628013""}",2026-10-04T01:07:21+00:00_e382e724
2026-10-04T10:07:21+09:00,2026-10-04T01:07:22+00:00,commerce_rank,Blue Chambray Work Shirt KR Ver. Dark Indigo,29cm:3628796,heart_count,985.0,"{""brand_eng"": ""BRONSON"", ""brand_kor"": ""브론슨"", ""brand_no"": 89408, ""category1"": ""남성의류"", ""category2"": ""상의"", ""category3"": ""긴소매 셔츠"", ""category3_code"": 272103106, ""is_new"": false, ""item_no"": 3628796, ""period_sort"": ""ONE_DAY"", ""platform"": ""29cm"", ""ranking_category_code"": ""272103100"", ""ranking_category_name"": ""남성의류>상의"", ""review_avg"": 4.5, ""sale_percent"": 10, ""sale_price"": 66600, ""sold_out"": false, ""url"": ""https://product.29cm.co.kr/catalog/3628796""}",2026-10-04T01:07:21+00:00_e382e724
2026-10-04T10:07:21+09:00,2026-10-04T01:07:22+00:00,commerce_rank,Blue Chambray Work Shirt KR Ver. Dark Indigo,29cm:3628796,review_count,40.0,"{""brand_eng"": ""BRONSON"", ""brand_kor"": ""브론슨"", ""brand_no"": 89408, ""category1"": ""남성의류"", ""category2"": ""상의"", ""category3"": ""긴소매 셔츠"", ""category3_code"": 272103106, ""is_new"": false, ""item_no"": 3628796, ""period_sort"": ""ONE_DAY"", ""platform"": ""29cm"", ""ranking_category_code"": ""272103100"", ""ranking_category_name"": ""남성의류>상의"", ""review_avg"": 4.5, ""sale_percent"": 10, ""sale_price"": 66600, ""sold_out"": false, ""url"": ""https://product.29cm.co.kr/catalog/3628796""}",2026-10-04T01:07:21+00:00_e382e724
2026-10-04T10:07:21+09:00,2026-10-04T01:07:22+00:00,commerce_rank,Blue Chambray Work Shirt KR Ver. Dark Indigo,29cm:3628796@272103100,rank,26.0,"{""brand_eng"": ""BRONSON"", ""brand_kor"": ""브론슨"", ""brand_no"": 89408, ""category1"": ""남성의류"", ""category2"": ""상의"", ""category3"": ""긴소매 셔츠"", ""category3_code"": 272103106, ""is_new"": false, ""item_no"": 3628796, ""period_sort"": ""ONE_DAY"", ""platform"": ""29cm"", ""ranking_category_code"": ""272103100"", ""ranking_category_name"": ""남성의류>상의"", ""review_avg"": 4.5, ""sale_percent"": 10, ""sale_price"": 66600, ""sold_out"": false, ""url"": ""https://product.29cm.co.kr/catalog/3628796""}",2026-10-04T01:07:21+00:00_e382e724
2026-10-04T10:07:21+09:00,2026-10-04T01:07:21+00:00,commerce_rank,원 클래식 드라이 핏 긴소매 탑 W - [블랙:화이트 / FN2802-013],29cm:3679452,heart_count,4025.0,"{""brand_eng"": ""NIKE"", ""brand_kor"": ""나이키"", ""brand_no"": 95369, ""category1"": ""레저"", ""category2"": ""피트니스"", ""category3"": ""상의"", ""category3_code"": 286106101, ""is_new"": false, ""item_no"": 3679452, ""period_sort"": ""ONE_DAY"", ""platform"": ""29cm"", ""ranking_category_code"": ""268103100"", ""ranking_category_name"": ""여성의류>상의"", ""review_avg"": 5.0, ""sale_percent"": 10, ""sale_price"": 49500, ""sold_out"": false, ""url"": ""https://product.29cm.co.kr/catalog/3679452""}",2026-10-04T01:07:21+00:00_e382e724
2026-10-04T10:07:21+09:00,2026-10-04T01:07:21+00:00,commerce_rank,원 클래식 드라이 핏 긴소매 탑 W - [블랙:화이트 / FN2802-013],29cm:3679452,review_count,118.0,"{""brand_eng"": ""NIKE"", ""brand_kor"": ""나이키"", ""brand_no"": 95369, ""category1"": ""레저"", ""category2"": ""피트니스"", ""category3"": ""상의"", ""category3_code"": 286106101, ""is_new"": false, ""item_no"": 3679452, ""period_sort"": ""ONE_DAY"", ""platform"": ""29cm"", ""ranking_category_code"": ""268103100"", ""ranking_category_name"": ""여성의류>상의"", ""review_avg"": 5.0, ""sale_percent"": 10, ""sale_price"": 49500, ""sold_out"": false, ""url"": ""https://product.29cm.co.kr/catalog/3679452""}",2026-10-04T01:07:21+00:00_e382e724
2026-10-04T10:07:21+09:00,2026-10-04T01:07:21+00:00,commerce_rank,원 클래식 드라이 핏 긴소매 탑 W - [블랙:화이트 / FN2802-013],29cm:3679452@268103100,rank,13.0,"{""brand_eng"": ""NIKE"", ""brand_kor"": ""나이키"", ""brand_no"": 95369, ""category1"": ""레저"", ""category2"": ""피트니스"", ""category3"": ""상의"", ""category3_code"": 286106101, ""is_new"": false, ""item_no"": 3679452, ""period_sort"": ""ONE_DAY"", ""platform"": ""29cm"", ""ranking_category_code"": ""268103100"", ""ranking_category_name"": ""여성의류>상의"", ""review_avg"": 5.0, ""sale_percent"": 10, ""sale_price"": 49500, ""sold_out"": false, ""url"": ""https://product.29cm.co.kr/catalog/3679452""}",2026-10-04T01:07:21+00:00_e382e724
2026-10-04T10:07:21+09:00,2026-10-04T01:07:21+00:00,commerce_rank,마티니 프릴 블라우스,29cm:3719533,heart_count,5433.0,"{""brand_eng"": ""MERRYON"", ""brand_kor"": ""메리온"", ""brand_no"": 108383, ""category1"": ""여성의류"", ""category2"": ""상의"", ""category3"": ""블라우스"", ""category3_code"": 268103107, ""is_new"": false, ""item_no"": 3719533, ""period_sort"": ""ONE_DAY"", ""platform"": ""29cm"", ""ranking_category_code"": ""268103100"", ""ranking_category_name"": ""여성의류>상의"", ""review_avg"": 5.0, ""sale_percent"": 28, ""sale_price"": 84960, ""sold_out"": false, ""url"": ""https://product.29cm.co.kr/catalog/3719533""}",2026-10-04T01:07:21+00:00_e382e724
2026-10-04T10:07:21+09:00,2026-10-04T01:07:21+00:00,commerce_rank,마티니 프릴 블라우스,29cm:3719533,review_count,38.0,"{""brand_eng"": ""MERRYON"", ""brand_kor"": ""메리온"", ""brand_no"": 108383, ""category1"": ""여성의류"", ""category2"": ""상의"", ""category3"": ""블라우스"", ""category3_code"": 268103107, ""is_new"": false, ""item_no"": 3719533, ""period_sort"": ""ONE_DAY"", ""platform"": ""29cm"", ""ranking_category_code"": ""268103100"", ""ranking_category_name"": ""여성의류>상의"", ""review_avg"": 5.0, ""sale_percent"": 28, ""sale_price"": 84960, ""sold_out"": false, ""url"": ""https://product.29cm.co.kr/catalog/3719533""}",2026-10-04T01:07:21+00:00_e382e724
2026-10-04T10:07:21+09:00,2026-10-04T01:07:21+00:00,commerce_rank,마티니 프릴 블라우스,29cm:3719533@268103100,rank,41.0,"{""brand_eng"": ""MERRYON"", ""brand_kor"": ""메리온"", ""brand_no"": 108383, ""category1"": ""여성의류"", ""category2"": ""상의"", ""category3"": ""블라우스"", ""category3_code"": 268103107, ""is_new"": false, ""item_no"": 3719533, ""period_sort"": ""ONE_DAY"", ""platform"": ""29cm"", ""ranking_category_code"": ""268103100"", ""ranking_category_name"": ""여성의류>상의"", ""review_avg"": 5.0, ""sale_percent"": 28, ""sale_price"": 84960, ""sold_out"": false, ""url"": ""https://product.29cm.co.kr/catalog/3719533""}",2026-10-04T01:07:21+00:00_e382e724
2026-10-04T10:07:21+09:00,2026-10-04T01:07:22+00:00,commerce_rank,TG1-TS04 마일드 크루 스웻셔츠 - [네이비],29cm:3724264,heart_count,1750.0,"{""brand_eng"": ""THOMAS MORE"", ""brand_kor"": ""토마스모어"", ""brand_no"": 2111, ""category1"": ""남성의류"", ""category2"": ""상의"", ""category3"": ""스웨트셔츠"", ""category3_code"": 272103107, ""is_new"": false, ""item_no"": 3724264, ""period_sort"": ""ONE_DAY"", ""platform"": ""29cm"", ""ranking_category_code"": ""272103100"", ""ranking_category_name"": ""남성의류>상의"", ""review_avg"": 4.5, ""sale_percent"": 0, ""sale_price"": 59700, ""sold_out"": false, ""url"": ""https://product.29cm.co.kr/catalog/3724264""}",2026-10-04T01:07:21+00:00_e382e724
2026-10-04T10:07:21+09:00,2026-10-04T01:07:22+00:00,commerce_rank,TG1-TS04 마일드 크루 스웻셔츠 - [네이비],29cm:3724264,review_count,79.0,"{""brand_eng"": ""THOMAS MORE"", ""brand_kor"": ""토마스모어"", ""brand_no"": 2111, ""category1"": ""남성의류"", ""category2"": ""상의"", ""category3"": ""스웨트셔츠"", ""category3_code"": 272103107, ""is_new"": false, ""item_no"": 3724264, ""period_sort"": ""ONE_DAY"", ""platform"": ""29cm"", ""ranking_category_code"": ""272103100"", ""ranking_category_name"": ""남성의류>상의"", ""review_avg"": 4.5, ""sale_percent"": 0, ""sale_price"": 59700, ""sold_out"": false, ""url"": ""https://product.29cm.co.kr/catalog/3724264""}",2026-10-04T01:07:21+00:00_e382e724
2026-10-04T10:07:21+09:00,2026-10-04T01:07:22+00:00,commerce_rank,TG1-TS04 마일드 크루 스웻셔츠 - [네이비],29cm:3724264@272103100,rank,99.0,"{""brand_eng"": ""THOMAS MORE"", ""brand_kor"": ""토마스모어"", ""brand_no"": 2111, ""category1"": ""남성의류"", ""category2"": ""상의"", ""category3"": ""스웨트셔츠"", ""category3_code"": 272103107, ""is_new"": false, ""item_no"": 3724264, ""period_sort"": ""ONE_DAY"", ""platform"": ""29cm"", ""ranking_category_code"": ""272103100"", ""ranking_category_name"": ""남성의류>상의"", ""review_avg"": 4.5, ""sale_percent"": 0, ""sale_price"": 59700, ""sold_out"": false, ""url"": ""https://product.29cm.co.kr/catalog/3724264""}",2026-10-04T01:07:21+00:00_e382e724
2026-10-04T10:07:21+09:00,2026-10-04T01:07:22+00:00,commerce_rank,Waffle Long Sleeve Mud,29cm:3735549,heart_count,72.0,"{""brand_eng"": ""rough side"", ""brand_kor"": ""러프사이드"", ""brand_no"": 3821, ""category1"": ""남성의류"", ""category2"": ""상의"", ""category3"": ""긴소매 티셔츠"", ""category3_code"": 272103102, ""is_new"": false, ""item_no"": 3735549, ""period_sort"": ""ONE_DAY"", ""platform"": ""29cm"", ""ranking_category_code"": ""272103100"", ""ranking_category_name"": ""남성의류>상의"", ""review_avg"": 5.0, ""sale_percent"": 0, ""sale_price"": 95000, ""sold_out"": false, ""url"": ""https://product.29cm.co.kr/catalog/3735549""}",2026-10-04T01:07:21+00:00_e382e724
2026-10-04T10:07:21+09:00,2026-10-04T01:07:22+00:00,commerce_rank,Waffle Long Sleeve Mud,29cm:3735549,review_count,3.0,"{""brand_eng"": ""rough side"", ""brand_kor"": ""러프사이드"", ""brand_no"": 3821, ""category1"": ""남성의류"", ""category2"": ""상의"", ""category3"": ""긴소매 티셔츠"", ""category3_code"": 272103102, ""is_new"": false, ""item_no"": 3735549, ""period_sort"": ""ONE_DAY"", ""platform"": ""29cm"", ""ranking_category_code"": ""272103100"", ""ranking_category_name"": ""남성의류>상의"", ""review_avg"": 5.0, ""sale_percent"": 0, ""sale_price"": 95000, ""sold_out"": false, ""url"": ""https://product.29cm.co.kr/catalog/3735549""}",2026-10-04T01:07:21+00:00_e382e724
2026-10-04T10:07:21+09:00,2026-10-04T01:07:22+00:00,commerce_rank,Waffle Long Sleeve Mud,29cm:3735549@272103100,rank,62.0,"{""brand_eng"": ""rough side"", ""brand_kor"": ""러프사이드"", ""brand_no"": 3821, ""category1"": ""남성의류"", ""category2"": ""상의"", ""category3"": ""긴소매 티셔츠"", ""category3_code"": 272103102, ""is_new"": false, ""item_no"": 3735549, ""period_sort"": ""ONE_DAY"", ""platform"": ""29cm"", ""ranking_category_code"": ""272103100"", ""ranking_category_name"": ""남성의류>상의"", ""review_avg"": 5.0, ""sale_percent"": 0, ""sale_price"": 95000, ""sold_out"": false, ""url"": ""https://product.29cm.co.kr/catalog/3735549""}",2026-10-04T01:07:21+00:00_e382e724
2026-10-04T10:07:21+09:00,2026-10-04T01:07:22+00:00,commerce_rank,라이트 웨이트 핑거홀 롱 슬리브 (블랙),29cm:3745173,heart_count,58.0,"{""brand_eng"": ""COOR"", ""brand_kor"": ""쿠어"", ""brand_no"": 15326, ""category1"": ""남성의류"", ""category2"": ""상의"", ""category3"": ""긴소매 티셔츠"", ""category3_code"": 272103102, ""is_new"": false, ""item_no"": 3745173, ""period_sort"": ""ONE_DAY"", ""platform"": ""29cm"", ""ranking_category_code"": ""272103100"", ""ranking_category_name"": ""남성의류>상의"", ""review_avg"": 4.0, ""sale_percent"": 10, ""sale_price"": 67500, ""sold_out"": false, ""url"": ""https://product.29cm.co.kr/catalog/3745173""}",2026-10-04T01:07:21+00:00_e382e724
2026-10-04T10:07:21+09:00,2026-10-04T01:07:22+00:00,commerce_rank,라이트 웨이트 핑거홀 롱 슬리브 (블랙),29cm:3745173,review_count,4.0,"{""brand_eng"": ""COOR"", ""brand_kor"": ""쿠어"", ""brand_no"": 15326, ""category1"": ""남성의류"", ""category2"": ""상의"", ""category3"": ""긴소매 티셔츠"", ""category3_code"": 272103102, ""is_new"": false, ""item_no"": 3745173, ""period_sort"": ""ONE_DAY"", ""platform"": ""29cm"", ""ranking_category_code"": ""272103100"", ""ranking_category_name"": ""남성의류>상의"", ""review_avg"": 4.0, ""sale_percent"": 10, ""sale_price"": 67500, ""sold_out"": false, ""url"": ""https://product.29cm.co.kr/catalog/3745173""}",2026-10-04T01:07:21+00:00_e382e724
2026-10-04T10:07:21+09:00,2026-10-04T01:07:22+00:00,commerce_rank,라이트 웨이트 핑거홀 롱 슬리브 (블랙),29cm:3745173@272103100,rank,39.0,"{""brand_eng"": ""COOR"", ""brand_kor"": ""쿠어"", ""brand_no"": 15326, ""category1"": ""남성의류"", ""category2"": ""상의"", ""category3"": ""긴소매 티셔츠"", ""category3_code"": 272103102, ""is_new"": false, ""item_no"": 3745173, ""period_sort"": ""ONE_DAY"", ""platform"": ""29cm"", ""ranking_category_code"": ""272103100"", ""ranking_category_name"": ""남성의류>상의"", ""review_avg"": 4.0, ""sale_percent"": 10, ""sale_price"": 67500, ""sold_out"": false, ""url"": ""https://product.29cm.co.kr/catalog/3745173""}",2026-10-04T01:07:21+00:00_e382e724
2026-10-04T10:07:21+09:00,2026-10-04T01:07:22+00:00,commerce_rank,라이트 웨이트 핑거홀 롱 슬리브 (화이트),29cm:3745176,heart_count,43.0,"{""brand_eng"": ""COOR"", ""brand_kor"": ""쿠어"", ""brand_no"": 15326, ""category1"": ""남성의류"", ""category2"": ""상의"", ""category3"": ""긴소매 티셔츠"", ""category3_code"": 272103102, ""is_new"": false, ""item_no"": 3745176, ""period_sort"": ""ONE_DAY"", ""platform"": ""29cm"", ""ranking_category_code"": ""272103100"", ""ranking_category_name"": ""남성의류>상의"", ""review_avg"": 5.0, ""sale_percent"": 10, ""sale_price"": 67500, ""sold_out"": false, ""url"": ""https://product.29cm.co.kr/catalog/3745176""}",2026-10-04T01:07:21+00:00_e382e724
2026-10-04T10:07:21+09:00,2026-10-04T01:07:22+00:00,commerce_rank,라이트 웨이트 핑거홀 롱 슬리브 (화이트),29cm:3745176,review_count,3.0,"{""brand_eng"": ""COOR"", ""brand_kor"": ""쿠어"", ""brand_no"": 15326, ""category1"": ""남성의류"", ""category2"": ""상의"", ""category3"": ""긴소매 티셔츠"", ""category3_code"": 272103102, ""is_new"": false, ""item_no"": 3745176, ""period_sort"": ""ONE_DAY"", ""platform"": ""29cm"", ""ranking_category_code"": ""272103100"", ""ranking_category_name"": ""남성의류>상의"", ""review_avg"": 5.0, ""sale_percent"": 10, ""sale_price"": 67500, ""sold_out"": false, ""url"": ""https://product.29cm.co.kr/catalog/3745176""}",2026-10-04T01:07:21+00:00_e382e724
2026-10-04T10:07:21+09:00,2026-10-04T01:07:22+00:00,commerce_rank,라이트 웨이트 핑거홀 롱 슬리브 (화이트),29cm:3745176@272103100,rank,40.0,"{""brand_eng"": ""COOR"", ""brand_kor"": ""쿠어"", ""brand_no"": 15326, ""category1"": ""남성의류"", ""category2"": ""상의"", ""category3"": ""긴소매 티셔츠"", ""category3_code"": 272103102, ""is_new"": false, ""item_no"": 3745176, ""period_sort"": ""ONE_DAY"", ""platform"": ""29cm"", ""ranking_category_code"": ""272103100"", ""ranking_category_name"": ""남성의류>상의"", ""review_avg"": 5.0, ""sale_percent"": 10, ""sale_price"": 67500, ""sold_out"": false, ""url"": ""https://product.29cm.co.kr/catalog/3745176""}",2026-10-04T01:07:21+00:00_e382e724
2026-10-04T10:07:21+09:00,2026-10-04T01:07:21+00:00,commerce_rank,[13차] 오버 스트라이프 티셔츠_네이비,29cm:3748318,heart_count,4658.0,"{""brand_eng"": ""YUPPE"", ""brand_kor"": ""엽페"", ""brand_no"": 2856, ""category1"": ""여성의류"", ""category2"": ""상의"", ""category3"": ""긴소매 티셔츠"", ""category3_code"": 268103102, ""is_new"": false, ""item_no"": 3748318, ""period_sort"": ""ONE_DAY"", ""platform"": ""29cm"", ""ranking_category_code"": ""268103100"", ""ranking_category_name"": ""여성의류>상의"", ""review_avg"": 5.0, ""sale_percent"": 36, ""sale_price"": 50560, ""sold_out"": false, ""url"": ""https://product.29cm.co.kr/catalog/3748318""}",2026-10-04T01:07:21+00:00_e382e724
2026-10-04T10:07:21+09:00,2026-10-04T01:07:21+00:00,commerce_rank,[13차] 오버 스트라이프 티셔츠_네이비,29cm:3748318,review_count,128.0,"{""brand_eng"": ""YUPPE"", ""brand_kor"": ""엽페"", ""brand_no"": 2856, ""category1"": ""여성의류"", ""category2"": ""상의"", ""category3"": ""긴소매 티셔츠"", ""category3_code"": 268103102, ""is_new"": false, ""item_no"": 3748318, ""period_sort"": ""ONE_DAY"", ""platform"": ""29cm"", ""ranking_category_code"": ""268103100"", ""ranking_category_name"": ""여성의류>상의"", ""review_avg"": 5.0, ""sale_percent"": 36, ""sale_price"": 50560, ""sold_out"": false, ""url"": ""https://product.29cm.co.kr/catalog/3748318""}",2026-10-04T01:07:21+00:00_e382e724
2026-10-04T10:07:21+09:00,2026-10-04T01:07:21+00:00,commerce_rank,[13차] 오버 스트라이프 티셔츠_네이비,29cm:3748318@268103100,rank,22.0,"{""brand_eng"": ""YUPPE"", ""brand_kor"": ""엽페"", ""brand_no"": 2856, ""category1"": ""여성의류"", ""category2"": ""상의"", ""category3"": ""긴소매 티셔츠"", ""category3_code"": 268103102, ""is_new"": false, ""item_no"": 3748318, ""period_sort"": ""ONE_DAY"", ""platform"": ""29cm"", ""ranking_category_code"": ""268103100"", ""ranking_category_name"": ""여성의류>상의"", ""review_avg"": 5.0, ""sale_percent"": 36, ""sale_price"": 50560, ""sold_out"": false, ""url"": ""https://product.29cm.co.kr/catalog/3748318""}",2026-10-04T01:07:21+00:00_e382e724
2026-10-04T10:07:21+09:00,2026-10-04T01:07:21+00:00,commerce_rank,Light Oversized Check Shirts Blue / Black,29cm:3748753,heart_count,21295.0,"{""brand_eng"": ""MICHIKO LONDON KOSHINO"", ""brand_kor"": ""미치코런던 코시노"", ""brand_no"": 26100, ""category1"": ""여성의류"", ""category2"": ""상의"", ""category3"": ""셔츠"", ""category3_code"": 268103106, ""is_new"": false, ""item_no"": 3748753, ""period_sort"": ""ONE_DAY"", ""platform"": ""29cm"", ""ranking_category_code"": ""268103100"", ""ranking_category_name"": ""여성의류>상의"", ""review_avg"": 5.0, ""sale_percent"": 19, ""sale_price"": 58320, ""sold_out"": false, ""url"": ""https://product.29cm.co.kr/catalog/3748753""}",2026-10-04T01:07:21+00:00_e382e724
2026-10-04T10:07:21+09:00,2026-10-04T01:07:21+00:00,commerce_rank,Light Oversized Check Shirts Blue / Black,29cm:3748753,review_count,643.0,"{""brand_eng"": ""MICHIKO LONDON KOSHINO"", ""brand_kor"": ""미치코런던 코시노"", ""brand_no"": 26100, ""category1"": ""여성의류"", ""category2"": ""상의"", ""category3"": ""셔츠"", ""category3_code"": 268103106, ""is_new"": false, ""item_no"": 3748753, ""period_sort"": ""ONE_DAY"", ""platform"": ""29cm"", ""ranking_category_code"": ""268103100"", ""ranking_category_name"": ""여성의류>상의"", ""review_avg"": 5.0, ""sale_percent"": 19, ""sale_price"": 58320, ""sold_out"": false, ""url"": ""https://product.29cm.co.kr/catalog/3748753""}",2026-10-04T01:07:21+00:00_e382e724
2026-10-04T10:07:21+09:00,2026-10-04T01:07:21+00:00,commerce_rank,Light Oversized Check Shirts Blue / Black,29cm:3748753@268103100,rank,44.0,"{""brand_eng"": ""MICHIKO LONDON KOSHINO"", ""brand_kor"": ""미치코런던 코시노"", ""brand_no"": 26100, ""category1"": ""여성의류"", ""category2"": ""상의"", ""category3"": ""셔츠"", ""category3_code"": 268103106, ""is_new"": false, ""item_no"": 3748753, ""period_sort"": ""ONE_DAY"", ""platform"": ""29cm"", ""ranking_category_code"": ""268103100"", ""ranking_category_name"": ""여성의류>상의"", ""review_avg"": 5.0, ""sale_percent"": 19, ""sale_price"": 58320, ""sold_out"": false, ""url"": ""https://product.29cm.co.kr/catalog/3748753""}",2026-10-04T01:07:21+00:00_e382e724
2026-10-04T10:07:21+09:00,2026-10-04T01:07:21+00:00,commerce_rank,3/4 Sleeve Slim Fit Shirts White,29cm:3748861,heart_count,6415.0,"{""brand_eng"": ""MICHIKO LONDON KOSHINO"", ""brand_kor"": ""미치코런던 코시노"", ""brand_no"": 26100, ""category1"": ""여성의류"", ""category2"": ""상의"", ""category3"": ""셔츠"", ""category3_code"": 268103106, ""is_new"": false, ""item_no"": 3748861, ""period_sort"": ""ONE_DAY"", ""platform"": ""29cm"", ""ranking_category_code"": ""268103100"", ""ranking_category_name"": ""여성의류>상의"", ""review_avg"": 4.5, ""sale_percent"": 19, ""sale_price"": 51030, ""sold_out"": false, ""url"": ""https://product.29cm.co.kr/catalog/3748861""}",2026-10-04T01:07:21+00:00_e382e724
2026-10-04T10:07:21+09:00,2026-10-04T01:07:21+00:00,commerce_rank,3/4 Sleeve Slim Fit Shirts White,29cm:3748861,review_count,109.0,"{""brand_eng"": ""MICHIKO LONDON KOSHINO"", ""brand_kor"": ""미치코런던 코시노"", ""brand_no"": 26100, ""category1"": ""여성의류"", ""category2"": ""상의"", ""category3"": ""셔츠"", ""category3_code"": 268103106, ""is_new"": false, ""item_no"": 3748861, ""period_sort"": ""ONE_DAY"", ""platform"": ""29cm"", ""ranking_category_code"": ""268103100"", ""ranking_category_name"": ""여성의류>상의"", ""review_avg"": 4.5, ""sale_percent"": 19, ""sale_price"": 51030, ""sold_out"": false, ""url"": ""https://product.29cm.co.kr/catalog/3748861""}",2026-10-04T01:07:21+00:00_e382e724
2026-10-04T10:07:21+09:00,2026-10-04T01:07:21+00:00,commerce_rank,3/4 Sleeve Slim Fit Shirts White,29cm:3748861@268103100,rank,10.0,"{""brand_eng"": ""MICHIKO LONDON KOSHINO"", ""brand_kor"": ""미치코런던 코시노"", ""brand_no"": 26100, ""category1"": ""여성의류"", ""category2"": ""상의"", ""category3"": ""셔츠"", ""category3_code"": 268103106, ""is_new"": false, ""item_no"": 3748861, ""period_sort"": ""ONE_DAY"", ""platform"": ""29cm"", ""ranking_category_code"": ""268103100"", ""ranking_category_name"": ""여성의류>상의"", ""review_avg"": 4.5, ""sale_percent"": 19, ""sale_price"": 51030, ""sold_out"": false, ""url"": ""https://product.29cm.co.kr/catalog/3748861""}",2026-10-04T01:07:21+00:00_e382e724
2026-10-04T10:07:21+09:00,2026-10-04T01:07:21+00:00,commerce_rank,[2nd] Long Sleeve Tie T-shirts E201_2color,29cm:3752697,heart_count,1668.0,"{""brand_eng"": ""TENUVE"", ""brand_kor"": ""테누브"", ""brand_no"": 97132, ""category1"": ""여성의류"", ""category2"": ""단독"", ""category3"": ""상의"", ""category3_code"": 268116101, ""is_new"": false, ""item_no"": 3752697, ""period_sort"": ""ONE_DAY"", ""platform"": ""29cm"", ""ranking_category_code"": ""268103100"", ""ranking_category_name"": ""여성의류>상의"", ""review_avg"": 4.5, ""sale_percent"": 28, ""sale_price"": 64080, ""sold_out"": false, ""url"": ""https://product.29cm.co.kr/catalog/3752697""}",2026-10-04T01:07:21+00:00_e382e724
2026-10-04T10:07:21+09:00,2026-10-04T01:07:21+00:00,commerce_rank,[2nd] Long Sleeve Tie T-shirts E201_2color,29cm:3752697,review_count,32.0,"{""brand_eng"": ""TENUVE"", ""brand_kor"": ""테누브"", ""brand_no"": 97132, ""category1"": ""여성의류"", ""category2"": ""단독"", ""category3"": ""상의"", ""category3_code"": 268116101, ""is_new"": false, ""item_no"": 3752697, ""period_sort"": ""ONE_DAY"", ""platform"": ""29cm"", ""ranking_category_code"": ""268103100"", ""ranking_category_name"": ""여성의류>상의"", ""review_avg"": 4.5, ""sale_percent"": 28, ""sale_price"": 64080, ""sold_out"": false, ""url"": ""https://product.29cm.co.kr/catalog/3752697""}",2026-10-04T01:07:21+00:00_e382e724
2026-10-04T10:07:21+09:00,2026-10-04T01:07:21+00:00,commerce_rank,[2nd] Long Sleeve Tie T-shirts E201_2color,29cm:3752697@268103100,rank,88.0,"{""brand_eng"": ""TENUVE"", ""brand_kor"": ""테누브"", ""brand_no"": 97132, ""category1"": ""여성의류"", ""category2"": ""단독"", ""category3"": ""상의"", ""category3_code"": 268116101, ""is_new"": false, ""item_no"": 3752697, ""period_sort"": ""ONE_DAY"", ""platform"": ""29cm"", ""ranking_category_code"": ""268103100"", ""ranking_category_name"": ""여성의류>상의"", ""review_avg"": 4.5, ""sale_percent"": 28, ""sale_price"": 64080, ""sold_out"": false, ""url"": ""https://product.29cm.co.kr/catalog/3752697""}",2026-10-04T01:07:21+00:00_e382e724
2026-10-04T10:07:21+09:00,2026-10-04T01:07:21+00:00,commerce_rank,[12th_10/15 예약배송] Marc waffle t-shirt_melange,29cm:3762890,heart_count,3881.0,"{""brand_eng"": ""Tekto"", ""brand_kor"": ""텍토"", ""brand_no"": 75938, ""category1"": ""여성의류"", ""category2"": ""상의"", ""category3"": ""긴소매 티셔츠"", ""category3_code"": 268103102, ""is_new"": false, ""item_no"": 3762890, ""period_sort"": ""ONE_DAY"", ""platform"": ""29cm"", ""ranking_category_code"": ""268103100"", ""ranking_category_name"": ""여성의류>상의"", ""review_avg"": 5.0, ""sale_percent"": 21, ""sale_price"": 59000, ""sold_out"": false, ""url"": ""https://product.29cm.co.kr/catalog/3762890""}",2026-10-04T01:07:21+00:00_e382e724
2026-10-04T10:07:21+09:00,2026-10-04T01:07:21+00:00,commerce_rank,[12th_10/15 예약배송] Marc waffle t-shirt_melange,29cm:3762890,review_count,172.0,"{""brand_eng"": ""Tekto"", ""brand_kor"": ""텍토"", ""brand_no"": 75938, ""category1"": ""여성의류"", ""category2"": ""상의"", ""category3"": ""긴소매 티셔츠"", ""category3_code"": 268103102, ""is_new"": false, ""item_no"": 3762890, ""period_sort"": ""ONE_DAY"", ""platform"": ""29cm"", ""ranking_category_code"": ""268103100"", ""ranking_category_name"": ""여성의류>상의"", ""review_avg"": 5.0, ""sale_percent"": 21, ""sale_price"": 59000, ""sold_out"": false, ""url"": ""https://product.29cm.co.kr/catalog/3762890""}",2026-10-04T01:07:21+00:00_e382e724
2026-10-04T10:07:21+09:00,2026-10-04T01:07:21+00:00,commerce_rank,[12th_10/15 예약배송] Marc waffle t-shirt_melange,29cm:3762890@268103100,rank,68.0,"{""brand_eng"": ""Tekto"", ""brand_kor"": ""텍토"", ""brand_no"": 75938, ""category1"": ""여성의류"", ""category2"": ""상의"", ""category3"": ""긴소매 티셔츠"", ""category3_code"": 268103102, ""is_new"": false, ""item_no"": 3762890, ""period_sort"": ""ONE_DAY"", ""platform"": ""29cm"", ""ranking_category_code"": ""268103100"", ""ranking_category_name"": ""여성의류>상의"", ""review_avg"": 5.0, ""sale_percent"": 21, ""sale_price"": 59000, ""sold_out"": false, ""url"": ""https://product.29cm.co.kr/catalog/3762890""}",2026-10-04T01:07:21+00:00_e382e724
2026-10-04T10:07:21+09:00,2026-10-04T01:07:21+00:00,commerce_rank,Born Slit Top [BLACK],29cm:3772745,heart_count,1544.0,"{""brand_eng"": ""PROJECTWAVE"", ""brand_kor"": ""프로젝트 웨이브"", ""brand_no"": 52782, ""category1"": ""여성의류"", ""category2"": ""상의"", ""category3"": ""슬리브리스"", ""category3_code"": 268103103, ""is_new"": false, ""item_no"": 3772745, ""period_sort"": ""ONE_DAY"", ""platform"": ""29cm"", ""ranking_category_code"": ""268103100"", ""ranking_category_name"": ""여성의류>상의"", ""review_avg"": 4.5, ""sale_percent"": 10, ""sale_price"": 67320, ""sold_out"": false, ""url"": ""https://product.29cm.co.kr/catalog/3772745""}",2026-10-04T01:07:21+00:00_e382e724
2026-10-04T10:07:21+09:00,2026-10-04T01:07:21+00:00,commerce_rank,Born Slit Top [BLACK],29cm:3772745,review_count,4.0,"{""brand_eng"": ""PROJECTWAVE"", ""brand_kor"": ""프로젝트 웨이브"", ""brand_no"": 52782, ""category1"": ""여성의류"", ""category2"": ""상의"", ""category3"": ""슬리브리스"", ""category3_code"": 268103103, ""is_new"": false, ""item_no"": 3772745, ""period_sort"": ""ONE_DAY"", ""platform"": ""29cm"", ""ranking_category_code"": ""268103100"", ""ranking_category_name"": ""여성의류>상의"", ""review_avg"": 4.5, ""sale_percent"": 10, ""sale_price"": 67320, ""sold_out"": false, ""url"": ""https://product.29cm.co.kr/catalog/3772745""}",2026-10-04T01:07:21+00:00_e382e724
2026-10-04T10:07:21+09:00,2026-10-04T01:07:21+00:00,commerce_rank,Born Slit Top [BLACK],29cm:3772745@268103100,rank,29.0,"{""brand_eng"": ""PROJECTWAVE"", ""brand_kor"": ""프로젝트 웨이브"", ""brand_no"": 52782, ""category1"": ""여성의류"", ""category2"": ""상의"", ""category3"": ""슬리브리스"", ""category3_code"": 268103103, ""is_new"": false, ""item_no"": 3772745, ""period_sort"": ""ONE_DAY"", ""platform"": ""29cm"", ""ranking_category_code"": ""268103100"", ""ranking_category_name"": ""여성의류>상의"", ""review_avg"": 4.5, ""sale_percent"": 10, ""sale_price"": 67320, ""sold_out"": false, ""url"": ""https://product.29cm.co.kr/catalog/3772745""}",2026-10-04T01:07:21+00:00_e382e724
2026-10-04T10:07:21+09:00,2026-10-04T01:07:21+00:00,commerce_rank,[29CM 단독컬러][재이 pick]Number 23 Raglan Off-Shoulder T-Shirt_CTT3002(5color),29cm:3781911,heart_count,10698.0,"{""brand_eng"": ""CITTA"", ""brand_kor"": ""씨타"", ""brand_no"": 71833, ""category1"": ""여성의류"", ""category2"": ""상의"", ""category3"": ""긴소매 티셔츠"", ""category3_code"": 268103102, ""is_new"": false, ""item_no"": 3781911, ""period_sort"": ""ONE_DAY"", ""platform"": ""29cm"", ""ranking_category_code"": ""268103100"", ""ranking_category_name"": ""여성의류>상의"", ""review_avg"": 5.0, ""sale_percent"": 29, ""sale_price"": 39820, ""sold_out"": false, ""url"": ""https://product.29cm.co.kr/catalog/3781911""}",2026-10-04T01:07:21+00:00_e382e724
2026-10-04T10:07:21+09:00,2026-10-04T01:07:21+00:00,commerce_rank,[29CM 단독컬러][재이 pick]Number 23 Raglan Off-Shoulder T-Shirt_CTT3002(5color),29cm:3781911,review_count,384.0,"{""brand_eng"": ""CITTA"", ""brand_kor"": ""씨타"", ""brand_no"": 71833, ""category1"": ""여성의류"", ""category2"": ""상의"", ""category3"": ""긴소매 티셔츠"", ""category3_code"": 268103102, ""is_new"": false, ""item_no"": 3781911, ""period_sort"": ""ONE_DAY"", ""platform"": ""29cm"", ""ranking_category_code"": ""268103100"", ""ranking_category_name"": ""여성의류>상의"", ""review_avg"": 5.0, ""sale_percent"": 29, ""sale_price"": 39820, ""sold_out"": false, ""url"": ""https://product.29cm.co.kr/catalog/3781911""}",2026-10-04T01:07:21+00:00_e382e724
2026-10-04T10:07:21+09:00,2026-10-04T01:07:21+00:00,commerce_rank,[29CM 단독컬러][재이 pick]Number 23 Raglan Off-Shoulder T-Shirt_CTT3002(5color),29cm:3781911@268103100,rank,75.0,"{""brand_eng"": ""CITTA"", ""brand_kor"": ""씨타"", ""brand_no"": 71833, ""category1"": ""여성의류"", ""category2"": ""상의"", ""category3"": ""긴소매 티셔츠"", ""category3_code"": 268103102, ""is_new"": false, ""item_no"": 3781911, ""period_sort"": ""ONE_DAY"", ""platform"": ""29cm"", ""ranking_category_code"": ""268103100"", ""ranking_category_name"": ""여성의류>상의"", ""review_avg"": 5.0, ""sale_percent"": 29, ""sale_price"": 39820, ""sold_out"": false, ""url"": ""https://product.29cm.co.kr/catalog/3781911""}",2026-10-04T01:07:21+00:00_e382e724
2026-10-04T10:07:21+09:00,2026-10-04T01:07:22+00:00,commerce_rank,Overdyed Check 2 Pocket Shirt Black,29cm:3782029,heart_count,19.0,"{""brand_eng"": ""ESPIONAGE"", ""brand_kor"": ""에스피오나지"", ""brand_no"": 78460, ""category1"": ""남성의류"", ""category2"": ""상의"", ""category3"": ""긴소매 셔츠"", ""category3_code"": 272103106, ""is_new"": false, ""item_no"": 3782029, ""period_sort"": ""ONE_DAY"", ""platform"": ""29cm"", ""ranking_category_code"": ""272103100"", ""ranking_category_name"": ""남성의류>상의"", ""review_avg"": 5.0, ""sale_percent"": 19, ""sale_price"": 102060, ""sold_out"": false, ""url"": ""https://product.29cm.co.kr/catalog/3782029""}",2026-10-04T01:07:21+00:00_e382e724
2026-10-04T10:07:21+09:00,2026-10-04T01:07:22+00:00,commerce_rank,Overdyed Check 2 Pocket Shirt Black,29cm:3782029,review_count,1.0,"{""brand_eng"": ""ESPIONAGE"", ""brand_kor"": ""에스피오나지"", ""brand_no"": 78460, ""category1"": ""남성의류"", ""category2"": ""상의"", ""category3"": ""긴소매 셔츠"", ""category3_code"": 272103106, ""is_new"": false, ""item_no"": 3782029, ""period_sort"": ""ONE_DAY"", ""platform"": ""29cm"", ""ranking_category_code"": ""272103100"", ""ranking_category_name"": ""남성의류>상의"", ""review_avg"": 5.0, ""sale_percent"": 19, ""sale_price"": 102060, ""sold_out"": false, ""url"": ""https://product.29cm.co.kr/catalog/3782029""}",2026-10-04T01:07:21+00:00_e382e724
2026-10-04T10:07:21+09:00,2026-10-04T01:07:22+00:00,commerce_rank,Overdyed Check 2 Pocket Shirt Black,29cm:3782029@272103100,rank,45.0,"{""brand_eng"": ""ESPIONAGE"", ""brand_kor"": ""에스피오나지"", ""brand_no"": 78460, ""category1"": ""남성의류"", ""category2"": ""상의"", ""category3"": ""긴소매 셔츠"", ""category3_code"": 272103106, ""is_new"": false, ""item_no"": 3782029, ""period_sort"": ""ONE_DAY"", ""platform"": ""29cm"", ""ranking_category_code"": ""272103100"", ""ranking_category_name"": ""남성의류>상의"", ""review_avg"": 5.0, ""sale_percent"": 19, ""sale_price"": 102060, ""sold_out"": false, ""url"": ""https://product.29cm.co.kr/catalog/3782029""}",2026-10-04T01:07:21+00:00_e382e724
2026-10-04T10:07:21+09:00,2026-10-04T01:07:21+00:00,commerce_rank,[14차/경리님 착용]Cut-off one shoulder sweatshirt_melange pink,29cm:3798217,heart_count,12951.0,"{""brand_eng"": ""AARAN"", ""brand_kor"": ""어랜"", ""brand_no"": 25864, ""category1"": ""여성의류"", ""category2"": ""상의"", ""category3"": ""스웨트셔츠"", ""category3_code"": 268103104, ""is_new"": false, ""item_no"": 3798217, ""period_sort"": ""ONE_DAY"", ""platform"": ""29cm"", ""ranking_category_code"": ""268103100"", ""ranking_category_name"": ""여성의류>상의"", ""review_avg"": 4.5, ""sale_percent"": 10, ""sale_price"": 76500, ""sold_out"": false, ""url"": ""https://product.29cm.co.kr/catalog/3798217""}",2026-10-04T01:07:21+00:00_e382e724
2026-10-04T10:07:21+09:00,2026-10-04T01:07:21+00:00,commerce_rank,[14차/경리님 착용]Cut-off one shoulder sweatshirt_melange pink,29cm:3798217,review_count,255.0,"{""brand_eng"": ""AARAN"", ""brand_kor"": ""어랜"", ""brand_no"": 25864, ""category1"": ""여성의류"", ""category2"": ""상의"", ""category3"": ""스웨트셔츠"", ""category3_code"": 268103104, ""is_new"": false, ""item_no"": 3798217, ""period_sort"": ""ONE_DAY"", ""platform"": ""29cm"", ""ranking_category_code"": ""268103100"", ""ranking_category_name"": ""여성의류>상의"", ""review_avg"": 4.5, ""sale_percent"": 10, ""sale_price"": 76500, ""sold_out"": false, ""url"": ""https://product.29cm.co.kr/catalog/3798217""}",2026-10-04T01:07:21+00:00_e382e724
2026-10-04T10:07:21+09:00,2026-10-04T01:07:21+00:00,commerce_rank,[14차/경리님 착용]Cut-off one shoulder sweatshirt_melange pink,29cm:3798217@268103100,rank,27.0,"{""brand_eng"": ""AARAN"", ""brand_kor"": ""어랜"", ""brand_no"": 25864, ""category1"": ""여성의류"", ""category2"": ""상의"", ""category3"": ""스웨트셔츠"", ""category3_code"": 268103104, ""is_new"": false, ""item_no"": 3798217, ""period_sort"": ""ONE_DAY"", ""platform"": ""29cm"", ""ranking_category_code"": ""268103100"", ""ranking_category_name"": ""여성의류>상의"", ""review_avg"": 4.5, ""sale_percent"": 10, ""sale_price"": 76500, ""sold_out"": false, ""url"": ""https://product.29cm.co.kr/catalog/3798217""}",2026-10-04T01:07:21+00:00_e382e724
2026-10-04T10:07:21+09:00,2026-10-04T01:07:21+00:00,commerce_rank,[16차/예약배송] Multi raglan sweatshirt (oatmeal+navy),29cm:3804547,heart_count,5059.0,"{""brand_eng"": ""CORE DE"", ""brand_kor"": ""코어드"", ""brand_no"": 49308, ""category1"": ""여성의류"", ""category2"": ""상의"", ""category3"": ""스웨트셔츠"", ""category3_code"": 268103104, ""is_new"": false, ""item_no"": 3804547, ""period_sort"": ""ONE_DAY"", ""platform"": ""29cm"", ""ranking_category_code"": ""268103100"", ""ranking_category_name"": ""여성의류>상의"", ""review_avg"": 5.0, ""sale_percent"": 5, ""sale_price"": 84550, ""sold_out"": false, ""url"": ""https://product.29cm.co.kr/catalog/3804547""}",2026-10-04T01:07:21+00:00_e382e724
2026-10-04T10:07:21+09:00,2026-10-04T01:07:21+00:00,commerce_rank,[16차/예약배송] Multi raglan sweatshirt (oatmeal+navy),29cm:3804547,review_count,115.0,"{""brand_eng"": ""CORE DE"", ""brand_kor"": ""코어드"", ""brand_no"": 49308, ""category1"": ""여성의류"", ""category2"": ""상의"", ""category3"": ""스웨트셔츠"", ""category3_code"": 268103104, ""is_new"": false, ""item_no"": 3804547, ""period_sort"": ""ONE_DAY"", ""platform"": ""29cm"", ""ranking_category_code"": ""268103100"", ""ranking_category_name"": ""여성의류>상의"", ""review_avg"": 5.0, ""sale_percent"": 5, ""sale_price"": 84550, ""sold_out"": false, ""url"": ""https://product.29cm.co.kr/catalog/3804547""}",2026-10-04T01:07:21+00:00_e382e724
2026-10-04T10:07:21+09:00,2026-10-04T01:07:21+00:00,commerce_rank,[16차/예약배송] Multi raglan sweatshirt (oatmeal+navy),29cm:3804547@268103100,rank,32.0,"{""brand_eng"": ""CORE DE"", ""brand_kor"": ""코어드"", ""brand_no"": 49308, ""category1"": ""여성의류"", ""category2"": ""상의"", ""category3"": ""스웨트셔츠"", ""category3_code"": 268103104, ""is_new"": false, ""item_no"": 3804547, ""period_sort"": ""ONE_DAY"", ""platform"": ""29cm"", ""ranking_category_code"": ""268103100"", ""ranking_category_name"": ""여성의류>상의"", ""review_avg"": 5.0, ""sale_percent"": 5, ""sale_price"": 84550, ""sold_out"": false, ""url"": ""https://product.29cm.co.kr/catalog/3804547""}",2026-10-04T01:07:21+00:00_e382e724
2026-10-04T10:07:21+09:00,2026-10-04T01:07:22+00:00,commerce_rank,HANES 헤인즈 시로/쿠로/모쿠 크루넥 티셔츠 (숏 슬리브/롱 슬리브),29cm:3818268,heart_count,795.0,"{""brand_eng"": ""HANES"", ""brand_kor"": ""헤인즈"", ""brand_no"": 111528, ""category1"": ""남성의류"", ""category2"": ""상의"", ""category3"": ""긴소매 티셔츠"", ""category3_code"": 272103102, ""is_new"": false, ""item_no"": 3818268, ""period_sort"": ""ONE_DAY"", ""platform"": ""29cm"", ""ranking_category_code"": ""272103100"", ""ranking_category_name"": ""남성의류>상의"", ""review_avg"": 5.0, ""sale_percent"": 15, ""sale_price"": 27970, ""sold_out"": false, ""url"": ""https://product.29cm.co.kr/catalog/3818268""}",2026-10-04T01:07:21+00:00_e382e724
2026-10-04T10:07:21+09:00,2026-10-04T01:07:22+00:00,commerce_rank,HANES 헤인즈 시로/쿠로/모쿠 크루넥 티셔츠 (숏 슬리브/롱 슬리브),29cm:3818268,review_count,80.0,"{""brand_eng"": ""HANES"", ""brand_kor"": ""헤인즈"", ""brand_no"": 111528, ""category1"": ""남성의류"", ""category2"": ""상의"", ""category3"": ""긴소매 티셔츠"", ""category3_code"": 272103102, ""is_new"": false, ""item_no"": 3818268, ""period_sort"": ""ONE_DAY"", ""platform"": ""29cm"", ""ranking_category_code"": ""272103100"", ""ranking_category_name"": ""남성의류>상의"", ""review_avg"": 5.0, ""sale_percent"": 15, ""sale_price"": 27970, ""sold_out"": false, ""url"": ""https://product.29cm.co.kr/catalog/3818268""}",2026-10-04T01:07:21+00:00_e382e724
2026-10-04T10:07:21+09:00,2026-10-04T01:07:22+00:00,commerce_rank,HANES 헤인즈 시로/쿠로/모쿠 크루넥 티셔츠 (숏 슬리브/롱 슬리브),29cm:3818268@272103100,rank,22.0,"{""brand_eng"": ""HANES"", ""brand_kor"": ""헤인즈"", ""brand_no"": 111528, ""category1"": ""남성의류"", ""category2"": ""상의"", ""category3"": ""긴소매 티셔츠"", ""category3_code"": 272103102, ""is_new"": false, ""item_no"": 3818268, ""period_sort"": ""ONE_DAY"", ""platform"": ""29cm"", ""ranking_category_code"": ""272103100"", ""ranking_category_name"": ""남성의류>상의"", ""review_avg"": 5.0, ""sale_percent"": 15, ""sale_price"": 27970, ""sold_out"": false, ""url"": ""https://product.29cm.co.kr/catalog/3818268""}",2026-10-04T01:07:21+00:00_e382e724
2026-10-04T10:07:21+09:00,2026-10-04T01:07:22+00:00,commerce_rank,리버스위브 루즈핏 스웨트셔츠 Oatmeal,29cm:3853017,heart_count,9.0,"{""brand_eng"": ""CHAMPION"", ""brand_kor"": ""챔피온"", ""brand_no"": 71185, ""category1"": ""남성의류"", ""category2"": ""상의"", ""category3"": ""스웨트셔츠"", ""category3_code"": 272103107, ""is_new"": false, ""item_no"": 3853017, ""period_sort"": ""ONE_DAY"", ""platform"": ""29cm"", ""ranking_category_code"": ""272103100"", ""ranking_category_name"": ""남성의류>상의"", ""review_avg"": 0.0, ""sale_percent"": 30, ""sale_price"": 62300, ""sold_out"": false, ""url"": ""https://product.29cm.co.kr/catalog/3853017""}",2026-10-04T01:07:21+00:00_e382e724
2026-10-04T10:07:21+09:00,2026-10-04T01:07:22+00:00,commerce_rank,리버스위브 루즈핏 스웨트셔츠 Oatmeal,29cm:3853017,review_count,0.0,"{""brand_eng"": ""CHAMPION"", ""brand_kor"": ""챔피온"", ""brand_no"": 71185, ""category1"": ""남성의류"", ""category2"": ""상의"", ""category3"": ""스웨트셔츠"", ""category3_code"": 272103107, ""is_new"": false, ""item_no"": 3853017, ""period_sort"": ""ONE_DAY"", ""platform"": ""29cm"", ""ranking_category_code"": ""272103100"", ""ranking_category_name"": ""남성의류>상의"", ""review_avg"": 0.0, ""sale_percent"": 30, ""sale_price"": 62300, ""sold_out"": false, ""url"": ""https://product.29cm.co.kr/catalog/3853017""}",2026-10-04T01:07:21+00:00_e382e724
2026-10-04T10:07:21+09:00,2026-10-04T01:07:22+00:00,commerce_rank,리버스위브 루즈핏 스웨트셔츠 Oatmeal,29cm:3853017@272103100,rank,77.0,"{""brand_eng"": ""CHAMPION"", ""brand_kor"": ""챔피온"", ""brand_no"": 71185, ""category1"": ""남성의류"", ""category2"": ""상의"", ""category3"": ""스웨트셔츠"", ""category3_code"": 272103107, ""is_new"": false, ""item_no"": 3853017, ""period_sort"": ""ONE_DAY"", ""platform"": ""29cm"", ""ranking_category_code"": ""272103100"", ""ranking_category_name"": ""남성의류>상의"", ""review_avg"": 0.0, ""sale_percent"": 30, ""sale_price"": 62300, ""sold_out"": false, ""url"": ""https://product.29cm.co.kr/catalog/3853017""}",2026-10-04T01:07:21+00:00_e382e724
2026-10-04T10:07:21+09:00,2026-10-04T01:07:21+00:00,commerce_rank,[오제PICK] Label basic half t-shirt [FRSP06TS05]_Purple,29cm:3854951,heart_count,401.0,"{""brand_eng"": ""FRIVER07"", ""brand_kor"": ""프리버07"", ""brand_no"": 76174, ""category1"": ""여성의류"", ""category2"": ""상의"", ""category3"": ""반소매 티셔츠"", ""category3_code"": 268103101, ""is_new"": false, ""item_no"": 3854951, ""period_sort"": ""ONE_DAY"", ""platform"": ""29cm"", ""ranking_category_code"": ""268103100"", ""ranking_category_name"": ""여성의류>상의"", ""review_avg"": 5.0, ""sale_percent"": 23, ""sale_price"": 31370, ""sold_out"": false, ""url"": ""https://product.29cm.co.kr/catalog/3854951""}",2026-10-04T01:07:21+00:00_e382e724
2026-10-04T10:07:21+09:00,2026-10-04T01:07:21+00:00,commerce_rank,[오제PICK] Label basic half t-shirt [FRSP06TS05]_Purple,29cm:3854951,review_count,10.0,"{""brand_eng"": ""FRIVER07"", ""brand_kor"": ""프리버07"", ""brand_no"": 76174, ""category1"": ""여성의류"", ""category2"": ""상의"", ""category3"": ""반소매 티셔츠"", ""category3_code"": 268103101, ""is_new"": false, ""item_no"": 3854951, ""period_sort"": ""ONE_DAY"", ""platform"": ""29cm"", ""ranking_category_code"": ""268103100"", ""ranking_category_name"": ""여성의류>상의"", ""review_avg"": 5.0, ""sale_percent"": 23, ""sale_price"": 31370, ""sold_out"": false, ""url"": ""https://product.29cm.co.kr/catalog/3854951""}",2026-10-04T01:07:21+00:00_e382e724
2026-10-04T10:07:21+09:00,2026-10-04T01:07:21+00:00,commerce_rank,[오제PICK] Label basic half t-shirt [FRSP06TS05]_Purple,29cm:3854951@268103100,rank,85.0,"{""brand_eng"": ""FRIVER07"", ""brand_kor"": ""프리버07"", ""brand_no"": 76174, ""category1"": ""여성의류"", ""category2"": ""상의"", ""category3"": ""반소매 티셔츠"", ""category3_code"": 268103101, ""is_new"": false, ""item_no"": 3854951, ""period_sort"": ""ONE_DAY"", ""platform"": ""29cm"", ""ranking_category_code"": ""268103100"", ""ranking_category_name"": ""여성의류>상의"", ""review_avg"": 5.0, ""sale_percent"": 23, ""sale_price"": 31370, ""sold_out"": false, ""url"": ""https://product.29cm.co.kr/catalog/3854951""}",2026-10-04T01:07:21+00:00_e382e724
2026-10-04T10:07:21+09:00,2026-10-04T01:07:22+00:00,commerce_rank,TG2-TS05 튜블러 티 (11 Color),29cm:3873884,heart_count,4651.0,"{""brand_eng"": ""THOMAS MORE"", ""brand_kor"": ""토마스모어"", ""brand_no"": 2111, ""category1"": ""남성의류"", ""category2"": ""상의"", ""category3"": ""반소매 티셔츠"", ""category3_code"": 272103101, ""is_new"": false, ""item_no"": 3873884, ""period_sort"": ""ONE_DAY"", ""platform"": ""29cm"", ""ranking_category_code"": ""272103100"", ""ranking_category_name"": ""남성의류>상의"", ""review_avg"": 4.5, ""sale_percent"": 0, ""sale_price"": 23700, ""sold_out"": false, ""url"": ""https://product.29cm.co.kr/catalog/3873884""}",2026-10-04T01:07:21+00:00_e382e724
2026-10-04T10:07:21+09:00,2026-10-04T01:07:22+00:00,commerce_rank,TG2-TS05 튜블러 티 (11 Color),29cm:3873884,review_count,797.0,"{""brand_eng"": ""THOMAS MORE"", ""brand_kor"": ""토마스모어"", ""brand_no"": 2111, ""category1"": ""남성의류"", ""category2"": ""상의"", ""category3"": ""반소매 티셔츠"", ""category3_code"": 272103101, ""is_new"": false, ""item_no"": 3873884, ""period_sort"": ""ONE_DAY"", ""platform"": ""29cm"", ""ranking_category_code"": ""272103100"", ""ranking_category_name"": ""남성의류>상의"", ""review_avg"": 4.5, ""sale_percent"": 0, ""sale_price"": 23700, ""sold_out"": false, ""url"": ""https://product.29cm.co.kr/catalog/3873884""}",2026-10-04T01:07:21+00:00_e382e724
2026-10-04T10:07:21+09:00,2026-10-04T01:07:22+00:00,commerce_rank,TG2-TS05 튜블러 티 (11 Color),29cm:3873884@272103100,rank,4.0,"{""brand_eng"": ""THOMAS MORE"", ""brand_kor"": ""토마스모어"", ""brand_no"": 2111, ""category1"": ""남성의류"", ""category2"": ""상의"", ""category3"": ""반소매 티셔츠"", ""category3_code"": 272103101, ""is_new"": false, ""item_no"": 3873884, ""period_sort"": ""ONE_DAY"", ""platform"": ""29cm"", ""ranking_category_code"": ""272103100"", ""ranking_category_name"": ""남성의류>상의"", ""review_avg"": 4.5, ""sale_percent"": 0, ""sale_price"": 23700, ""sold_out"": false, ""url"": ""https://product.29cm.co.kr/catalog/3873884""}",2026-10-04T01:07:21+00:00_e382e724
2026-10-04T10:07:21+09:00,2026-10-04T01:07:22+00:00,commerce_rank,Cotton Western Shirt Cream,29cm:3877081,heart_count,12.0,"{""brand_eng"": ""TAILDERN"", ""brand_kor"": ""테일던"", ""brand_no"": 114220, ""category1"": ""남성의류"", ""category2"": ""상의"", ""category3"": ""긴소매 셔츠"", ""category3_code"": 272103106, ""is_new"": false, ""item_no"": 3877081, ""period_sort"": ""ONE_DAY"", ""platform"": ""29cm"", ""ranking_category_code"": ""272103100"", ""ranking_category_name"": ""남성의류>상의"", ""review_avg"": 0.0, ""sale_percent"": 40, ""sale_price"": 107400, ""sold_out"": false, ""url"": ""https://product.29cm.co.kr/catalog/3877081""}",2026-10-04T01:07:21+00:00_e382e724
2026-10-04T10:07:21+09:00,2026-10-04T01:07:22+00:00,commerce_rank,Cotton Western Shirt Cream,29cm:3877081,review_count,0.0,"{""brand_eng"": ""TAILDERN"", ""brand_kor"": ""테일던"", ""brand_no"": 114220, ""category1"": ""남성의류"", ""category2"": ""상의"", ""category3"": ""긴소매 셔츠"", ""category3_code"": 272103106, ""is_new"": false, ""item_no"": 3877081, ""period_sort"": ""ONE_DAY"", ""platform"": ""29cm"", ""ranking_category_code"": ""272103100"", ""ranking_category_name"": ""남성의류>상의"", ""review_avg"": 0.0, ""sale_percent"": 40, ""sale_price"": 107400, ""sold_out"": false, ""url"": ""https://product.29cm.co.kr/catalog/3877081""}",2026-10-04T01:07:21+00:00_e382e724
2026-10-04T10:07:21+09:00,2026-10-04T01:07:22+00:00,commerce_rank,Cotton Western Shirt Cream,29cm:3877081@272103100,rank,95.0,"{""brand_eng"": ""TAILDERN"", ""brand_kor"": ""테일던"", ""brand_no"": 114220, ""category1"": ""남성의류"", ""category2"": ""상의"", ""category3"": ""긴소매 셔츠"", ""category3_code"": 272103106, ""is_new"": false, ""item_no"": 3877081, ""period_sort"": ""ONE_DAY"", ""platform"": ""29cm"", ""ranking_category_code"": ""272103100"", ""ranking_category_name"": ""남성의류>상의"", ""review_avg"": 0.0, ""sale_percent"": 40, ""sale_price"": 107400, ""sold_out"": false, ""url"": ""https://product.29cm.co.kr/catalog/3877081""}",2026-10-04T01:07:21+00:00_e382e724
2026-10-04T10:07:21+09:00,2026-10-04T01:07:22+00:00,commerce_rank,LAUNDRY SMALL CHECK SHIRT [CHARCOAL BLACK],29cm:3945677,heart_count,670.0,"{""brand_eng"": ""UNION BLUE"", ""brand_kor"": ""유니온 블루"", ""brand_no"": 13510, ""category1"": ""남성의류"", ""category2"": ""상의"", ""category3"": ""긴소매 셔츠"", ""category3_code"": 272103106, ""is_new"": false, ""item_no"": 3945677, ""period_sort"": ""ONE_DAY"", ""platform"": ""29cm"", ""ranking_category_code"": ""272103100"", ""ranking_category_name"": ""남성의류>상의"", ""review_avg"": 5.0, ""sale_percent"": 5, ""sale_price"": 82650, ""sold_out"": false, ""url"": ""https://product.29cm.co.kr/catalog/3945677""}",2026-10-04T01:07:21+00:00_e382e724
2026-10-04T10:07:21+09:00,2026-10-04T01:07:22+00:00,commerce_rank,LAUNDRY SMALL CHECK SHIRT [CHARCOAL BLACK],29cm:3945677,review_count,46.0,"{""brand_eng"": ""UNION BLUE"", ""brand_kor"": ""유니온 블루"", ""brand_no"": 13510, ""category1"": ""남성의류"", ""category2"": ""상의"", ""category3"": ""긴소매 셔츠"", ""category3_code"": 272103106, ""is_new"": false, ""item_no"": 3945677, ""period_sort"": ""ONE_DAY"", ""platform"": ""29cm"", ""ranking_category_code"": ""272103100"", ""ranking_category_name"": ""남성의류>상의"", ""review_avg"": 5.0, ""sale_percent"": 5, ""sale_price"": 82650, ""sold_out"": false, ""url"": ""https://product.29cm.co.kr/catalog/3945677""}",2026-10-04T01:07:21+00:00_e382e724
2026-10-04T10:07:21+09:00,2026-10-04T01:07:22+00:00,commerce_rank,LAUNDRY SMALL CHECK SHIRT [CHARCOAL BLACK],29cm:3945677@272103100,rank,38.0,"{""brand_eng"": ""UNION BLUE"", ""brand_kor"": ""유니온 블루"", ""brand_no"": 13510, ""category1"": ""남성의류"", ""category2"": ""상의"", ""category3"": ""긴소매 셔츠"", ""category3_code"": 272103106, ""is_new"": false, ""item_no"": 3945677, ""period_sort"": ""ONE_DAY"", ""platform"": ""29cm"", ""ranking_category_code"": ""272103100"", ""ranking_category_name"": ""남성의류>상의"", ""review_avg"": 5.0, ""sale_percent"": 5, ""sale_price"": 82650, ""sold_out"": false, ""url"": ""https://product.29cm.co.kr/catalog/3945677""}",2026-10-04T01:07:21+00:00_e382e724
2026-10-04T10:07:21+09:00,2026-10-04T01:07:22+00:00,commerce_rank,MPa HOODIE (BLACK),29cm:3957610,heart_count,652.0,"{""brand_eng"": ""PLASTIC PRODUCT"", ""brand_kor"": ""플라스틱 프로덕트"", ""brand_no"": 5042, ""category1"": ""남성의류"", ""category2"": ""상의"", ""category3"": ""후디"", ""category3_code"": 272103108, ""is_new"": false, ""item_no"": 3957610, ""period_sort"": ""ONE_DAY"", ""platform"": ""29cm"", ""ranking_category_code"": ""272103100"", ""ranking_category_name"": ""남성의류>상의"", ""review_avg"": 4.5, ""sale_percent"": 5, ""sale_price"": 137750, ""sold_out"": false, ""url"": ""https://product.29cm.co.kr/catalog/3957610""}",2026-10-04T01:07:21+00:00_e382e724
2026-10-04T10:07:21+09:00,2026-10-04T01:07:22+00:00,commerce_rank,MPa HOODIE (BLACK),29cm:3957610,review_count,3.0,"{""brand_eng"": ""PLASTIC PRODUCT"", ""brand_kor"": ""플라스틱 프로덕트"", ""brand_no"": 5042, ""category1"": ""남성의류"", ""category2"": ""상의"", ""category3"": ""후디"", ""category3_code"": 272103108, ""is_new"": false, ""item_no"": 3957610, ""period_sort"": ""ONE_DAY"", ""platform"": ""29cm"", ""ranking_category_code"": ""272103100"", ""ranking_category_name"": ""남성의류>상의"", ""review_avg"": 4.5, ""sale_percent"": 5, ""sale_price"": 137750, ""sold_out"": false, ""url"": ""https://product.29cm.co.kr/catalog/3957610""}",2026-10-04T01:07:21+00:00_e382e724
2026-10-04T10:07:21+09:00,2026-10-04T01:07:22+00:00,commerce_rank,MPa HOODIE (BLACK),29cm:3957610@272103100,rank,84.0,"{""brand_eng"": ""PLASTIC PRODUCT"", ""brand_kor"": ""플라스틱 프로덕트"", ""brand_no"": 5042, ""category1"": ""남성의류"", ""category2"": ""상의"", ""category3"": ""후디"", ""category3_code"": 272103108, ""is_new"": false, ""item_no"": 3957610, ""period_sort"": ""ONE_DAY"", ""platform"": ""29cm"", ""ranking_category_code"": ""272103100"", ""ranking_category_name"": ""남성의류>상의"", ""review_avg"": 4.5, ""sale_percent"": 5, ""sale_price"": 137750, ""sold_out"": false, ""url"": ""https://product.29cm.co.kr/catalog/3957610""}",2026-10-04T01:07:21+00:00_e382e724
2026-10-04T10:07:21+09:00,2026-10-04T01:07:21+00:00,commerce_rank,소프트 레이어드 헨리넥 티셔츠 블랙,29cm:4068256,heart_count,2310.0,"{""brand_eng"": ""nunzsi"", ""brand_kor"": ""넌즈시"", ""brand_no"": 121028, ""category1"": ""여성의류"", ""category2"": ""상의"", ""category3"": ""긴소매 티셔츠"", ""category3_code"": 268103102, ""is_new"": false, ""item_no"": 4068256, ""period_sort"": ""ONE_DAY"", ""platform"": ""29cm"", ""ranking_category_code"": ""268103100"", ""ranking_category_name"": ""여성의류>상의"", ""review_avg"": 5.0, ""sale_percent"": 31, ""sale_price"": 42900, ""sold_out"": false, ""url"": ""https://product.29cm.co.kr/catalog/4068256""}",2026-10-04T01:07:21+00:00_e382e724
2026-10-04T10:07:21+09:00,2026-10-04T01:07:21+00:00,commerce_rank,소프트 레이어드 헨리넥 티셔츠 블랙,29cm:4068256,review_count,18.0,"{""brand_eng"": ""nunzsi"", ""brand_kor"": ""넌즈시"", ""brand_no"": 121028, ""category1"": ""여성의류"", ""category2"": ""상의"", ""category3"": ""긴소매 티셔츠"", ""category3_code"": 268103102, ""is_new"": false, ""item_no"": 4068256, ""period_sort"": ""ONE_DAY"", ""platform"": ""29cm"", ""ranking_category_code"": ""268103100"", ""ranking_category_name"": ""여성의류>상의"", ""review_avg"": 5.0, ""sale_percent"": 31, ""sale_price"": 42900, ""sold_out"": false, ""url"": ""https://product.29cm.co.kr/catalog/4068256""}",2026-10-04T01:07:21+00:00_e382e724
2026-10-04T10:07:21+09:00,2026-10-04T01:07:21+00:00,commerce_rank,소프트 레이어드 헨리넥 티셔츠 블랙,29cm:4068256@268103100,rank,96.0,"{""brand_eng"": ""nunzsi"", ""brand_kor"": ""넌즈시"", ""brand_no"": 121028, ""category1"": ""여성의류"", ""category2"": ""상의"", ""category3"": ""긴소매 티셔츠"", ""category3_code"": 268103102, ""is_new"": false, ""item_no"": 4068256, ""period_sort"": ""ONE_DAY"", ""platform"": ""29cm"", ""ranking_category_code"": ""268103100"", ""ranking_category_name"": ""여성의류>상의"", ""review_avg"": 5.0, ""sale_percent"": 31, ""sale_price"": 42900, ""sold_out"": false, ""url"": ""https://product.29cm.co.kr/catalog/4068256""}",2026-10-04T01:07:21+00:00_e382e724
2026-10-04T10:07:21+09:00,2026-10-04T01:07:22+00:00,commerce_rank,[간절기 추천] NM5MS01J 화이트라벨 WL 스웨트셔츠 BLACK,29cm:4071745,heart_count,79.0,"{""brand_eng"": ""THE NORTH FACE"", ""brand_kor"": ""노스페이스"", ""brand_no"": 7789, ""category1"": ""여성의류"", ""category2"": ""상의"", ""category3"": ""스웨트셔츠"", ""category3_code"": 268103104, ""is_new"": false, ""item_no"": 4071745, ""period_sort"": ""ONE_DAY"", ""platform"": ""29cm"", ""ranking_category_code"": ""272103100"", ""ranking_category_name"": ""남성의류>상의"", ""review_avg"": 5.0, ""sale_percent"": 30, ""sale_price"": 61960, ""sold_out"": false, ""url"": ""https://product.29cm.co.kr/catalog/4071745""}",2026-10-04T01:07:21+00:00_e382e724
2026-10-04T10:07:21+09:00,2026-10-04T01:07:22+00:00,commerce_rank,[간절기 추천] NM5MS01J 화이트라벨 WL 스웨트셔츠 BLACK,29cm:4071745,review_count,1.0,"{""brand_eng"": ""THE NORTH FACE"", ""brand_kor"": ""노스페이스"", ""brand_no"": 7789, ""category1"": ""여성의류"", ""category2"": ""상의"", ""category3"": ""스웨트셔츠"", ""category3_code"": 268103104, ""is_new"": false, ""item_no"": 4071745, ""period_sort"": ""ONE_DAY"", ""platform"": ""29cm"", ""ranking_category_code"": ""272103100"", ""ranking_category_name"": ""남성의류>상의"", ""review_avg"": 5.0, ""sale_percent"": 30, ""sale_price"": 61960, ""sold_out"": false, ""url"": ""https://product.29cm.co.kr/catalog/4071745""}",2026-10-04T01:07:21+00:00_e382e724
2026-10-04T10:07:21+09:00,2026-10-04T01:07:22+00:00,commerce_rank,[간절기 추천] NM5MS01J 화이트라벨 WL 스웨트셔츠 BLACK,29cm:4071745@272103100,rank,70.0,"{""brand_eng"": ""THE NORTH FACE"", ""brand_kor"": ""노스페이스"", ""brand_no"": 7789, ""category1"": ""여성의류"", ""category2"": ""상의"", ""category3"": ""스웨트셔츠"", ""category3_code"": 268103104, ""is_new"": false, ""item_no"": 4071745, ""period_sort"": ""ONE_DAY"", ""platform"": ""29cm"", ""ranking_category_code"": ""272103100"", ""ranking_category_name"": ""남성의류>상의"", ""review_avg"": 5.0, ""sale_percent"": 30, ""sale_price"": 61960, ""sold_out"": false, ""url"": ""https://product.29cm.co.kr/catalog/4071745""}",2026-10-04T01:07:21+00:00_e382e724
2026-10-04T10:07:21+09:00,2026-10-04T01:07:21+00:00,commerce_rank,Corduroy Mid Sleeve Shirt_Khaki Beige,29cm:4081083,heart_count,9307.0,"{""brand_eng"": ""108POUND"", ""brand_kor"": ""108파운드"", ""brand_no"": 86198, ""category1"": ""여성의류"", ""category2"": ""상의"", ""category3"": ""셔츠"", ""category3_code"": 268103106, ""is_new"": false, ""item_no"": 4081083, ""period_sort"": ""ONE_DAY"", ""platform"": ""29cm"", ""ranking_category_code"": ""268103100"", ""ranking_category_name"": ""여성의류>상의"", ""review_avg"": 4.5, ""sale_percent"": 21, ""sale_price"": 72730, ""sold_out"": false, ""url"": ""https://product.29cm.co.kr/catalog/4081083""}",2026-10-04T01:07:21+00:00_e382e724
2026-10-04T10:07:21+09:00,2026-10-04T01:07:21+00:00,commerce_rank,Corduroy Mid Sleeve Shirt_Khaki Beige,29cm:4081083,review_count,107.0,"{""brand_eng"": ""108POUND"", ""brand_kor"": ""108파운드"", ""brand_no"": 86198, ""category1"": ""여성의류"", ""category2"": ""상의"", ""category3"": ""셔츠"", ""category3_code"": 268103106, ""is_new"": false, ""item_no"": 4081083, ""period_sort"": ""ONE_DAY"", ""platform"": ""29cm"", ""ranking_category_code"": ""268103100"", ""ranking_category_name"": ""여성의류>상의"", ""review_avg"": 4.5, ""sale_percent"": 21, ""sale_price"": 72730, ""sold_out"": false, ""url"": ""https://product.29cm.co.kr/catalog/4081083""}",2026-10-04T01:07:21+00:00_e382e724
2026-10-04T10:07:21+09:00,2026-10-04T01:07:21+00:00,commerce_rank,Corduroy Mid Sleeve Shirt_Khaki Beige,29cm:4081083@268103100,rank,57.0,"{""brand_eng"": ""108POUND"", ""brand_kor"": ""108파운드"", ""brand_no"": 86198, ""category1"": ""여성의류"", ""category2"": ""상의"", ""category3"": ""셔츠"", ""category3_code"": 268103106, ""is_new"": false, ""item_no"": 4081083, ""period_sort"": ""ONE_DAY"", ""platform"": ""29cm"", ""ranking_category_code"": ""268103100"", ""ranking_category_name"": ""여성의류>상의"", ""review_avg"": 4.5, ""sale_percent"": 21, ""sale_price"": 72730, ""sold_out"": false, ""url"": ""https://product.29cm.co.kr/catalog/4081083""}",2026-10-04T01:07:21+00:00_e382e724
2026-10-04T10:07:21+09:00,2026-10-04T01:07:21+00:00,commerce_rank,Dusty Raglan Tee_Beige,29cm:4081115,heart_count,13736.0,"{""brand_eng"": ""108POUND"", ""brand_kor"": ""108파운드"", ""brand_no"": 86198, ""category1"": ""여성의류"", ""category2"": ""상의"", ""category3"": ""긴소매 티셔츠"", ""category3_code"": 268103102, ""is_new"": false, ""item_no"": 4081115, ""period_sort"": ""ONE_DAY"", ""platform"": ""29cm"", ""ranking_category_code"": ""268103100"", ""ranking_category_name"": ""여성의류>상의"", ""review_avg"": 4.5, ""sale_percent"": 23, ""sale_price"": 37490, ""sold_out"": false, ""url"": ""https://product.29cm.co.kr/catalog/4081115""}",2026-10-04T01:07:21+00:00_e382e724
2026-10-04T10:07:21+09:00,2026-10-04T01:07:21+00:00,commerce_rank,Dusty Raglan Tee_Beige,29cm:4081115,review_count,197.0,"{""brand_eng"": ""108POUND"", ""brand_kor"": ""108파운드"", ""brand_no"": 86198, ""category1"": ""여성의류"", ""category2"": ""상의"", ""category3"": ""긴소매 티셔츠"", ""category3_code"": 268103102, ""is_new"": false, ""item_no"": 4081115, ""period_sort"": ""ONE_DAY"", ""platform"": ""29cm"", ""ranking_category_code"": ""268103100"", ""ranking_category_name"": ""여성의류>상의"", ""review_avg"": 4.5, ""sale_percent"": 23, ""sale_price"": 37490, ""sold_out"": false, ""url"": ""https://product.29cm.co.kr/catalog/4081115""}",2026-10-04T01:07:21+00:00_e382e724
2026-10-04T10:07:21+09:00,2026-10-04T01:07:21+00:00,commerce_rank,Dusty Raglan Tee_Beige,29cm:4081115@268103100,rank,89.0,"{""brand_eng"": ""108POUND"", ""brand_kor"": ""108파운드"", ""brand_no"": 86198, ""category1"": ""여성의류"", ""category2"": ""상의"", ""category3"": ""긴소매 티셔츠"", ""category3_code"": 268103102, ""is_new"": false, ""item_no"": 4081115, ""period_sort"": ""ONE_DAY"", ""platform"": ""29cm"", ""ranking_category_code"": ""268103100"", ""ranking_category_name"": ""여성의류>상의"", ""review_avg"": 4.5, ""sale_percent"": 23, ""sale_price"": 37490, ""sold_out"": false, ""url"": ""https://product.29cm.co.kr/catalog/4081115""}",2026-10-04T01:07:21+00:00_e382e724
2026-10-04T10:07:21+09:00,2026-10-04T01:07:21+00:00,commerce_rank,Henley 3/4 Sleeve Tee_Melange Gray,29cm:4081120,heart_count,10166.0,"{""brand_eng"": ""108POUND"", ""brand_kor"": ""108파운드"", ""brand_no"": 86198, ""category1"": ""여성의류"", ""category2"": ""상의"", ""category3"": ""긴소매 티셔츠"", ""category3_code"": 268103102, ""is_new"": false, ""item_no"": 4081120, ""period_sort"": ""ONE_DAY"", ""platform"": ""29cm"", ""ranking_category_code"": ""268103100"", ""ranking_category_name"": ""여성의류>상의"", ""review_avg"": 4.5, ""sale_percent"": 21, ""sale_price"": 45850, ""sold_out"": false, ""url"": ""https://product.29cm.co.kr/catalog/4081120""}",2026-10-04T01:07:21+00:00_e382e724
2026-10-04T10:07:21+09:00,2026-10-04T01:07:21+00:00,commerce_rank,Henley 3/4 Sleeve Tee_Melange Gray,29cm:4081120,review_count,96.0,"{""brand_eng"": ""108POUND"", ""brand_kor"": ""108파운드"", ""brand_no"": 86198, ""category1"": ""여성의류"", ""category2"": ""상의"", ""category3"": ""긴소매 티셔츠"", ""category3_code"": 268103102, ""is_new"": false, ""item_no"": 4081120, ""period_sort"": ""ONE_DAY"", ""platform"": ""29cm"", ""ranking_category_code"": ""268103100"", ""ranking_category_name"": ""여성의류>상의"", ""review_avg"": 4.5, ""sale_percent"": 21, ""sale_price"": 45850, ""sold_out"": false, ""url"": ""https://product.29cm.co.kr/catalog/4081120""}",2026-10-04T01:07:21+00:00_e382e724
2026-10-04T10:07:21+09:00,2026-10-04T01:07:21+00:00,commerce_rank,Henley 3/4 Sleeve Tee_Melange Gray,29cm:4081120@268103100,rank,70.0,"{""brand_eng"": ""108POUND"", ""brand_kor"": ""108파운드"", ""brand_no"": 86198, ""category1"": ""여성의류"", ""category2"": ""상의"", ""category3"": ""긴소매 티셔츠"", ""category3_code"": 268103102, ""is_new"": false, ""item_no"": 4081120, ""period_sort"": ""ONE_DAY"", ""platform"": ""29cm"", ""ranking_category_code"": ""268103100"", ""ranking_category_name"": ""여성의류>상의"", ""review_avg"": 4.5, ""sale_percent"": 21, ""sale_price"": 45850, ""sold_out"": false, ""url"": ""https://product.29cm.co.kr/catalog/4081120""}",2026-10-04T01:07:21+00:00_e382e724
2026-10-04T10:07:21+09:00,2026-10-04T01:07:21+00:00,commerce_rank,와플 래글런 LST (Dark Navy),29cm:4088282,heart_count,2395.0,"{""brand_eng"": ""ENZO BLUES"", ""brand_kor"": ""엔조블루스"", ""brand_no"": 1549, ""category1"": ""여성의류"", ""category2"": ""상의"", ""category3"": ""긴소매 티셔츠"", ""category3_code"": 268103102, ""is_new"": false, ""item_no"": 4088282, ""period_sort"": ""ONE_DAY"", ""platform"": ""29cm"", ""ranking_category_code"": ""268103100"", ""ranking_category_name"": ""여성의류>상의"", ""review_avg"": 5.0, ""sale_percent"": 19, ""sale_price"": 63990, ""sold_out"": false, ""url"": ""https://product.29cm.co.kr/catalog/4088282""}",2026-10-04T01:07:21+00:00_e382e724
2026-10-04T10:07:21+09:00,2026-10-04T01:07:21+00:00,commerce_rank,와플 래글런 LST (Dark Navy),29cm:4088282,review_count,17.0,"{""brand_eng"": ""ENZO BLUES"", ""brand_kor"": ""엔조블루스"", ""brand_no"": 1549, ""category1"": ""여성의류"", ""category2"": ""상의"", ""category3"": ""긴소매 티셔츠"", ""category3_code"": 268103102, ""is_new"": false, ""item_no"": 4088282, ""period_sort"": ""ONE_DAY"", ""platform"": ""29cm"", ""ranking_category_code"": ""268103100"", ""ranking_category_name"": ""여성의류>상의"", ""review_avg"": 5.0, ""sale_percent"": 19, ""sale_price"": 63990, ""sold_out"": false, ""url"": ""https://product.29cm.co.kr/catalog/4088282""}",2026-10-04T01:07:21+00:00_e382e724
2026-10-04T10:07:21+09:00,2026-10-04T01:07:21+00:00,commerce_rank,와플 래글런 LST (Dark Navy),29cm:4088282@268103100,rank,65.0,"{""brand_eng"": ""ENZO BLUES"", ""brand_kor"": ""엔조블루스"", ""brand_no"": 1549, ""category1"": ""여성의류"", ""category2"": ""상의"", ""category3"": ""긴소매 티셔츠"", ""category3_code"": 268103102, ""is_new"": false, ""item_no"": 4088282, ""period_sort"": ""ONE_DAY"", ""platform"": ""29cm"", ""ranking_category_code"": ""268103100"", ""ranking_category_name"": ""여성의류>상의"", ""review_avg"": 5.0, ""sale_percent"": 19, ""sale_price"": 63990, ""sold_out"": false, ""url"": ""https://product.29cm.co.kr/catalog/4088282""}",2026-10-04T01:07:21+00:00_e382e724
2026-10-04T10:07:21+09:00,2026-10-04T01:07:21+00:00,commerce_rank,50s RAGLAN GRAPHIC T-SHIRT_NAVY,29cm:4096889,heart_count,9055.0,"{""brand_eng"": ""TTUDEMENT"", ""brand_kor"": ""튜드먼트"", ""brand_no"": 36259, ""category1"": ""여성의류"", ""category2"": ""상의"", ""category3"": ""긴소매 티셔츠"", ""category3_code"": 268103102, ""is_new"": false, ""item_no"": 4096889, ""period_sort"": ""ONE_DAY"", ""platform"": ""29cm"", ""ranking_category_code"": ""268103100"", ""ranking_category_name"": ""여성의류>상의"", ""review_avg"": 5.0, ""sale_percent"": 28, ""sale_price"": 50510, ""sold_out"": false, ""url"": ""https://product.29cm.co.kr/catalog/4096889""}",2026-10-04T01:07:21+00:00_e382e724
2026-10-04T10:07:21+09:00,2026-10-04T01:07:21+00:00,commerce_rank,50s RAGLAN GRAPHIC T-SHIRT_NAVY,29cm:4096889,review_count,71.0,"{""brand_eng"": ""TTUDEMENT"", ""brand_kor"": ""튜드먼트"", ""brand_no"": 36259, ""category1"": ""여성의류"", ""category2"": ""상의"", ""category3"": ""긴소매 티셔츠"", ""category3_code"": 268103102, ""is_new"": false, ""item_no"": 4096889, ""period_sort"": ""ONE_DAY"", ""platform"": ""29cm"", ""ranking_category_code"": ""268103100"", ""ranking_category_name"": ""여성의류>상의"", ""review_avg"": 5.0, ""sale_percent"": 28, ""sale_price"": 50510, ""sold_out"": false, ""url"": ""https://product.29cm.co.kr/catalog/4096889""}",2026-10-04T01:07:21+00:00_e382e724
2026-10-04T10:07:21+09:00,2026-10-04T01:07:21+00:00,commerce_rank,50s RAGLAN GRAPHIC T-SHIRT_NAVY,29cm:4096889@268103100,rank,35.0,"{""brand_eng"": ""TTUDEMENT"", ""brand_kor"": ""튜드먼트"", ""brand_no"": 36259, ""category1"": ""여성의류"", ""category2"": ""상의"", ""category3"": ""긴소매 티셔츠"", ""category3_code"": 268103102, ""is_new"": false, ""item_no"": 4096889, ""period_sort"": ""ONE_DAY"", ""platform"": ""29cm"", ""ranking_category_code"": ""268103100"", ""ranking_category_name"": ""여성의류>상의"", ""review_avg"": 5.0, ""sale_percent"": 28, ""sale_price"": 50510, ""sold_out"": false, ""url"": ""https://product.29cm.co.kr/catalog/4096889""}",2026-10-04T01:07:21+00:00_e382e724
2026-10-04T10:07:21+09:00,2026-10-04T01:07:21+00:00,commerce_rank,"[디렉터픽] REGULAR WAFFLE HENLEY LONG SLEEVE, GRAY",29cm:4099039,heart_count,3005.0,"{""brand_eng"": ""PLZPROJECT"", ""brand_kor"": ""플리즈프로젝트"", ""brand_no"": 18645, ""category1"": ""여성의류"", ""category2"": ""상의"", ""category3"": ""긴소매 티셔츠"", ""category3_code"": 268103102, ""is_new"": false, ""item_no"": 4099039, ""period_sort"": ""ONE_DAY"", ""platform"": ""29cm"", ""ranking_category_code"": ""268103100"", ""ranking_category_name"": ""여성의류>상의"", ""review_avg"": 4.5, ""sale_percent"": 10, ""sale_price"": 52200, ""sold_out"": false, ""url"": ""https://product.29cm.co.kr/catalog/4099039""}",2026-10-04T01:07:21+00:00_e382e724
2026-10-04T10:07:21+09:00,2026-10-04T01:07:21+00:00,commerce_rank,"[디렉터픽] REGULAR WAFFLE HENLEY LONG SLEEVE, GRAY",29cm:4099039,review_count,19.0,"{""brand_eng"": ""PLZPROJECT"", ""brand_kor"": ""플리즈프로젝트"", ""brand_no"": 18645, ""category1"": ""여성의류"", ""category2"": ""상의"", ""category3"": ""긴소매 티셔츠"", ""category3_code"": 268103102, ""is_new"": false, ""item_no"": 4099039, ""period_sort"": ""ONE_DAY"", ""platform"": ""29cm"", ""ranking_category_code"": ""268103100"", ""ranking_category_name"": ""여성의류>상의"", ""review_avg"": 4.5, ""sale_percent"": 10, ""sale_price"": 52200, ""sold_out"": false, ""url"": ""https://product.29cm.co.kr/catalog/4099039""}",2026-10-04T01:07:21+00:00_e382e724
2026-10-04T10:07:21+09:00,2026-10-04T01:07:21+00:00,commerce_rank,"[디렉터픽] REGULAR WAFFLE HENLEY LONG SLEEVE, GRAY",29cm:4099039@268103100,rank,36.0,"{""brand_eng"": ""PLZPROJECT"", ""brand_kor"": ""플리즈프로젝트"", ""brand_no"": 18645, ""category1"": ""여성의류"", ""category2"": ""상의"", ""category3"": ""긴소매 티셔츠"", ""category3_code"": 268103102, ""is_new"": false, ""item_no"": 4099039, ""period_sort"": ""ONE_DAY"", ""platform"": ""29cm"", ""ranking_category_code"": ""268103100"", ""ranking_category_name"": ""여성의류>상의"", ""review_avg"": 4.5, ""sale_percent"": 10, ""sale_price"": 52200, ""sold_out"": false, ""url"": ""https://product.29cm.co.kr/catalog/4099039""}",2026-10-04T01:07:21+00:00_e382e724
2026-10-04T10:07:21+09:00,2026-10-04T01:07:21+00:00,commerce_rank,"[디렉터픽][2차] DAMAGE WAFFLE LONG SLEEVE, CHARCOAL",29cm:4099045,heart_count,1953.0,"{""brand_eng"": ""PLZPROJECT"", ""brand_kor"": ""플리즈프로젝트"", ""brand_no"": 18645, ""category1"": ""여성의류"", ""category2"": ""상의"", ""category3"": ""긴소매 티셔츠"", ""category3_code"": 268103102, ""is_new"": false, ""item_no"": 4099045, ""period_sort"": ""ONE_DAY"", ""platform"": ""29cm"", ""ranking_category_code"": ""268103100"", ""ranking_category_name"": ""여성의류>상의"", ""review_avg"": 5.0, ""sale_percent"": 10, ""sale_price"": 53100, ""sold_out"": false, ""url"": ""https://product.29cm.co.kr/catalog/4099045""}",2026-10-04T01:07:21+00:00_e382e724
2026-10-04T10:07:21+09:00,2026-10-04T01:07:21+00:00,commerce_rank,"[디렉터픽][2차] DAMAGE WAFFLE LONG SLEEVE, CHARCOAL",29cm:4099045,review_count,24.0,"{""brand_eng"": ""PLZPROJECT"", ""brand_kor"": ""플리즈프로젝트"", ""brand_no"": 18645, ""category1"": ""여성의류"", ""category2"": ""상의"", ""category3"": ""긴소매 티셔츠"", ""category3_code"": 268103102, ""is_new"": false, ""item_no"": 4099045, ""period_sort"": ""ONE_DAY"", ""platform"": ""29cm"", ""ranking_category_code"": ""268103100"", ""ranking_category_name"": ""여성의류>상의"", ""review_avg"": 5.0, ""sale_percent"": 10, ""sale_price"": 53100, ""sold_out"": false, ""url"": ""https://product.29cm.co.kr/catalog/4099045""}",2026-10-04T01:07:21+00:00_e382e724
2026-10-04T10:07:21+09:00,2026-10-04T01:07:21+00:00,commerce_rank,"[디렉터픽][2차] DAMAGE WAFFLE LONG SLEEVE, CHARCOAL",29cm:4099045@268103100,rank,28.0,"{""brand_eng"": ""PLZPROJECT"", ""brand_kor"": ""플리즈프로젝트"", ""brand_no"": 18645, ""category1"": ""여성의류"", ""category2"": ""상의"", ""category3"": ""긴소매 티셔츠"", ""category3_code"": 268103102, ""is_new"": false, ""item_no"": 4099045, ""period_sort"": ""ONE_DAY"", ""platform"": ""29cm"", ""ranking_category_code"": ""268103100"", ""ranking_category_name"": ""여성의류>상의"", ""review_avg"": 5.0, ""sale_percent"": 10, ""sale_price"": 53100, ""sold_out"": false, ""url"": ""https://product.29cm.co.kr/catalog/4099045""}",2026-10-04T01:07:21+00:00_e382e724
2026-10-04T10:07:21+09:00,2026-10-04T01:07:22+00:00,commerce_rank,THERMAL HENLEY NECK L.S T-SHIRTS (3 COLORS),29cm:4108547,heart_count,215.0,"{""brand_eng"": ""EASTLOGUE PERMANENT"", ""brand_kor"": ""이스트로그 퍼머넌트"", ""brand_no"": 9323, ""category1"": ""남성의류"", ""category2"": ""상의"", ""category3"": ""긴소매 티셔츠"", ""category3_code"": 272103102, ""is_new"": false, ""item_no"": 4108547, ""period_sort"": ""ONE_DAY"", ""platform"": ""29cm"", ""ranking_category_code"": ""272103100"", ""ranking_category_name"": ""남성의류>상의"", ""review_avg"": 5.0, ""sale_percent"": 15, ""sale_price"": 74800, ""sold_out"": false, ""url"": ""https://product.29cm.co.kr/catalog/4108547""}",2026-10-04T01:07:21+00:00_e382e724
2026-10-04T10:07:21+09:00,2026-10-04T01:07:22+00:00,commerce_rank,THERMAL HENLEY NECK L.S T-SHIRTS (3 COLORS),29cm:4108547,review_count,1.0,"{""brand_eng"": ""EASTLOGUE PERMANENT"", ""brand_kor"": ""이스트로그 퍼머넌트"", ""brand_no"": 9323, ""category1"": ""남성의류"", ""category2"": ""상의"", ""category3"": ""긴소매 티셔츠"", ""category3_code"": 272103102, ""is_new"": false, ""item_no"": 4108547, ""period_sort"": ""ONE_DAY"", ""platform"": ""29cm"", ""ranking_category_code"": ""272103100"", ""ranking_category_name"": ""남성의류>상의"", ""review_avg"": 5.0, ""sale_percent"": 15, ""sale_price"": 74800, ""sold_out"": false, ""url"": ""https://product.29cm.co.kr/catalog/4108547""}",2026-10-04T01:07:21+00:00_e382e724
2026-10-04T10:07:21+09:00,2026-10-04T01:07:22+00:00,commerce_rank,THERMAL HENLEY NECK L.S T-SHIRTS (3 COLORS),29cm:4108547@272103100,rank,67.0,"{""brand_eng"": ""EASTLOGUE PERMANENT"", ""brand_kor"": ""이스트로그 퍼머넌트"", ""brand_no"": 9323, ""category1"": ""남성의류"", ""category2"": ""상의"", ""category3"": ""긴소매 티셔츠"", ""category3_code"": 272103102, ""is_new"": false, ""item_no"": 4108547, ""period_sort"": ""ONE_DAY"", ""platform"": ""29cm"", ""ranking_category_code"": ""272103100"", ""ranking_category_name"": ""남성의류>상의"", ""review_avg"": 5.0, ""sale_percent"": 15, ""sale_price"": 74800, ""sold_out"": false, ""url"": ""https://product.29cm.co.kr/catalog/4108547""}",2026-10-04T01:07:21+00:00_e382e724
2026-10-04T10:07:21+09:00,2026-10-04T01:07:21+00:00,commerce_rank,[29Edition] [2nd] Pleats Jersey Blouse B506_2color,29cm:4114479,heart_count,3116.0,"{""brand_eng"": ""VAN ROHE"", ""brand_kor"": ""반로에"", ""brand_no"": 73260, ""category1"": ""여성의류"", ""category2"": ""상의"", ""category3"": ""블라우스"", ""category3_code"": 268103107, ""is_new"": false, ""item_no"": 4114479, ""period_sort"": ""ONE_DAY"", ""platform"": ""29cm"", ""ranking_category_code"": ""268103100"", ""ranking_category_name"": ""여성의류>상의"", ""review_avg"": 5.0, ""sale_percent"": 10, ""sale_price"": 80100, ""sold_out"": false, ""url"": ""https://product.29cm.co.kr/catalog/4114479""}",2026-10-04T01:07:21+00:00_e382e724
2026-10-04T10:07:21+09:00,2026-10-04T01:07:21+00:00,commerce_rank,[29Edition] [2nd] Pleats Jersey Blouse B506_2color,29cm:4114479,review_count,42.0,"{""brand_eng"": ""VAN ROHE"", ""brand_kor"": ""반로에"", ""brand_no"": 73260, ""category1"": ""여성의류"", ""category2"": ""상의"", ""category3"": ""블라우스"", ""category3_code"": 268103107, ""is_new"": false, ""item_no"": 4114479, ""period_sort"": ""ONE_DAY"", ""platform"": ""29cm"", ""ranking_category_code"": ""268103100"", ""ranking_category_name"": ""여성의류>상의"", ""review_avg"": 5.0, ""sale_percent"": 10, ""sale_price"": 80100, ""sold_out"": false, ""url"": ""https://product.29cm.co.kr/catalog/4114479""}",2026-10-04T01:07:21+00:00_e382e724
2026-10-04T10:07:21+09:00,2026-10-04T01:07:21+00:00,commerce_rank,[29Edition] [2nd] Pleats Jersey Blouse B506_2color,29cm:4114479@268103100,rank,64.0,"{""brand_eng"": ""VAN ROHE"", ""brand_kor"": ""반로에"", ""brand_no"": 73260, ""category1"": ""여성의류"", ""category2"": ""상의"", ""category3"": ""블라우스"", ""category3_code"": 268103107, ""is_new"": false, ""item_no"": 4114479, ""period_sort"": ""ONE_DAY"", ""platform"": ""29cm"", ""ranking_category_code"": ""268103100"", ""ranking_category_name"": ""여성의류>상의"", ""review_avg"": 5.0, ""sale_percent"": 10, ""sale_price"": 80100, ""sold_out"": false, ""url"": ""https://product.29cm.co.kr/catalog/4114479""}",2026-10-04T01:07:21+00:00_e382e724
2026-10-04T10:07:21+09:00,2026-10-04T01:07:21+00:00,commerce_rank,Essential Henley Neck Waffle Tee-Ivory,29cm:4115247,heart_count,1564.0,"{""brand_eng"": ""BITTERCELLS"", ""brand_kor"": ""비터셀즈"", ""brand_no"": 15063, ""category1"": ""여성의류"", ""category2"": ""상의"", ""category3"": ""긴소매 티셔츠"", ""category3_code"": 268103102, ""is_new"": false, ""item_no"": 4115247, ""period_sort"": ""ONE_DAY"", ""platform"": ""29cm"", ""ranking_category_code"": ""268103100"", ""ranking_category_name"": ""여성의류>상의"", ""review_avg"": 5.0, ""sale_percent"": 10, ""sale_price"": 39600, ""sold_out"": false, ""url"": ""https://product.29cm.co.kr/catalog/4115247""}",2026-10-04T01:07:21+00:00_e382e724
2026-10-04T10:07:21+09:00,2026-10-04T01:07:21+00:00,commerce_rank,Essential Henley Neck Waffle Tee-Ivory,29cm:4115247,review_count,16.0,"{""brand_eng"": ""BITTERCELLS"", ""brand_kor"": ""비터셀즈"", ""brand_no"": 15063, ""category1"": ""여성의류"", ""category2"": ""상의"", ""category3"": ""긴소매 티셔츠"", ""category3_code"": 268103102, ""is_new"": false, ""item_no"": 4115247, ""period_sort"": ""ONE_DAY"", ""platform"": ""29cm"", ""ranking_category_code"": ""268103100"", ""ranking_category_name"": ""여성의류>상의"", ""review_avg"": 5.0, ""sale_percent"": 10, ""sale_price"": 39600, ""sold_out"": false, ""url"": ""https://product.29cm.co.kr/catalog/4115247""}",2026-10-04T01:07:21+00:00_e382e724
2026-10-04T10:07:21+09:00,2026-10-04T01:07:21+00:00,commerce_rank,Essential Henley Neck Waffle Tee-Ivory,29cm:4115247@268103100,rank,78.0,"{""brand_eng"": ""BITTERCELLS"", ""brand_kor"": ""비터셀즈"", ""brand_no"": 15063, ""category1"": ""여성의류"", ""category2"": ""상의"", ""category3"": ""긴소매 티셔츠"", ""category3_code"": 268103102, ""is_new"": false, ""item_no"": 4115247, ""period_sort"": ""ONE_DAY"", ""platform"": ""29cm"", ""ranking_category_code"": ""268103100"", ""ranking_category_name"": ""여성의류>상의"", ""review_avg"": 5.0, ""sale_percent"": 10, ""sale_price"": 39600, ""sold_out"": false, ""url"": ""https://product.29cm.co.kr/catalog/4115247""}",2026-10-04T01:07:21+00:00_e382e724
2026-10-04T10:07:21+09:00,2026-10-04T01:07:21+00:00,commerce_rank,MAISON DE ROLA EMBROIDERY STRIPE LONG SLEEVE L/GR+NV,29cm:4115527,heart_count,978.0,"{""brand_eng"": ""rolarola"", ""brand_kor"": ""로라로라"", ""brand_no"": 2250, ""category1"": ""여성의류"", ""category2"": ""상의"", ""category3"": ""긴소매 티셔츠"", ""category3_code"": 268103102, ""is_new"": false, ""item_no"": 4115527, ""period_sort"": ""ONE_DAY"", ""platform"": ""29cm"", ""ranking_category_code"": ""268103100"", ""ranking_category_name"": ""여성의류>상의"", ""review_avg"": 5.0, ""sale_percent"": 28, ""sale_price"": 49680, ""sold_out"": false, ""url"": ""https://product.29cm.co.kr/catalog/4115527""}",2026-10-04T01:07:21+00:00_e382e724
2026-10-04T10:07:21+09:00,2026-10-04T01:07:21+00:00,commerce_rank,MAISON DE ROLA EMBROIDERY STRIPE LONG SLEEVE L/GR+NV,29cm:4115527,review_count,9.0,"{""brand_eng"": ""rolarola"", ""brand_kor"": ""로라로라"", ""brand_no"": 2250, ""category1"": ""여성의류"", ""category2"": ""상의"", ""category3"": ""긴소매 티셔츠"", ""category3_code"": 268103102, ""is_new"": false, ""item_no"": 4115527, ""period_sort"": ""ONE_DAY"", ""platform"": ""29cm"", ""ranking_category_code"": ""268103100"", ""ranking_category_name"": ""여성의류>상의"", ""review_avg"": 5.0, ""sale_percent"": 28, ""sale_price"": 49680, ""sold_out"": false, ""url"": ""https://product.29cm.co.kr/catalog/4115527""}",2026-10-04T01:07:21+00:00_e382e724
2026-10-04T10:07:21+09:00,2026-10-04T01:07:21+00:00,commerce_rank,MAISON DE ROLA EMBROIDERY STRIPE LONG SLEEVE L/GR+NV,29cm:4115527@268103100,rank,37.0,"{""brand_eng"": ""rolarola"", ""brand_kor"": ""로라로라"", ""brand_no"": 2250, ""category1"": ""여성의류"", ""category2"": ""상의"", ""category3"": ""긴소매 티셔츠"", ""category3_code"": 268103102, ""is_new"": false, ""item_no"": 4115527, ""period_sort"": ""ONE_DAY"", ""platform"": ""29cm"", ""ranking_category_code"": ""268103100"", ""ranking_category_name"": ""여성의류>상의"", ""review_avg"": 5.0, ""sale_percent"": 28, ""sale_price"": 49680, ""sold_out"": false, ""url"": ""https://product.29cm.co.kr/catalog/4115527""}",2026-10-04T01:07:21+00:00_e382e724
2026-10-04T10:07:21+09:00,2026-10-04T01:07:22+00:00,commerce_rank,Vintage Long Sleeve Henley Shirt Brown,29cm:4117138,heart_count,102.0,"{""brand_eng"": ""BRONSON"", ""brand_kor"": ""브론슨"", ""brand_no"": 89408, ""category1"": ""여성의류"", ""category2"": ""상의"", ""category3"": ""긴소매 티셔츠"", ""category3_code"": 268103102, ""is_new"": false, ""item_no"": 4117138, ""period_sort"": ""ONE_DAY"", ""platform"": ""29cm"", ""ranking_category_code"": ""272103100"", ""ranking_category_name"": ""남성의류>상의"", ""review_avg"": 5.0, ""sale_percent"": 10, ""sale_price"": 55800, ""sold_out"": false, ""url"": ""https://product.29cm.co.kr/catalog/4117138""}",2026-10-04T01:07:21+00:00_e382e724
2026-10-04T10:07:21+09:00,2026-10-04T01:07:22+00:00,commerce_rank,Vintage Long Sleeve Henley Shirt Brown,29cm:4117138,review_count,3.0,"{""brand_eng"": ""BRONSON"", ""brand_kor"": ""브론슨"", ""brand_no"": 89408, ""category1"": ""여성의류"", ""category2"": ""상의"", ""category3"": ""긴소매 티셔츠"", ""category3_code"": 268103102, ""is_new"": false, ""item_no"": 4117138, ""period_sort"": ""ONE_DAY"", ""platform"": ""29cm"", ""ranking_category_code"": ""272103100"", ""ranking_category_name"": ""남성의류>상의"", ""review_avg"": 5.0, ""sale_percent"": 10, ""sale_price"": 55800, ""sold_out"": false, ""url"": ""https://product.29cm.co.kr/catalog/4117138""}",2026-10-04T01:07:21+00:00_e382e724
2026-10-04T10:07:21+09:00,2026-10-04T01:07:22+00:00,commerce_rank,Vintage Long Sleeve Henley Shirt Brown,29cm:4117138@272103100,rank,96.0,"{""brand_eng"": ""BRONSON"", ""brand_kor"": ""브론슨"", ""brand_no"": 89408, ""category1"": ""여성의류"", ""category2"": ""상의"", ""category3"": ""긴소매 티셔츠"", ""category3_code"": 268103102, ""is_new"": false, ""item_no"": 4117138, ""period_sort"": ""ONE_DAY"", ""platform"": ""29cm"", ""ranking_category_code"": ""272103100"", ""ranking_category_name"": ""남성의류>상의"", ""review_avg"": 5.0, ""sale_percent"": 10, ""sale_price"": 55800, ""sold_out"": false, ""url"": ""https://product.29cm.co.kr/catalog/4117138""}",2026-10-04T01:07:21+00:00_e382e724
2026-10-04T10:07:21+09:00,2026-10-04T01:07:21+00:00,commerce_rank,"[소담,유미 pick]Daily Soft Slim Raglan Tee_CTT3039(6color)",29cm:4117309,heart_count,11138.0,"{""brand_eng"": ""CITTA"", ""brand_kor"": ""씨타"", ""brand_no"": 71833, ""category1"": ""여성의류"", ""category2"": ""상의"", ""category3"": ""긴소매 티셔츠"", ""category3_code"": 268103102, ""is_new"": false, ""item_no"": 4117309, ""period_sort"": ""ONE_DAY"", ""platform"": ""29cm"", ""ranking_category_code"": ""268103100"", ""ranking_category_name"": ""여성의류>상의"", ""review_avg"": 4.5, ""sale_percent"": 17, ""sale_price"": 37260, ""sold_out"": false, ""url"": ""https://product.29cm.co.kr/catalog/4117309""}",2026-10-04T01:07:21+00:00_e382e724
2026-10-04T10:07:21+09:00,2026-10-04T01:07:21+00:00,commerce_rank,"[소담,유미 pick]Daily Soft Slim Raglan Tee_CTT3039(6color)",29cm:4117309,review_count,61.0,"{""brand_eng"": ""CITTA"", ""brand_kor"": ""씨타"", ""brand_no"": 71833, ""category1"": ""여성의류"", ""category2"": ""상의"", ""category3"": ""긴소매 티셔츠"", ""category3_code"": 268103102, ""is_new"": false, ""item_no"": 4117309, ""period_sort"": ""ONE_DAY"", ""platform"": ""29cm"", ""ranking_category_code"": ""268103100"", ""ranking_category_name"": ""여성의류>상의"", ""review_avg"": 4.5, ""sale_percent"": 17, ""sale_price"": 37260, ""sold_out"": false, ""url"": ""https://product.29cm.co.kr/catalog/4117309""}",2026-10-04T01:07:21+00:00_e382e724
2026-10-04T10:07:21+09:00,2026-10-04T01:07:21+00:00,commerce_rank,"[소담,유미 pick]Daily Soft Slim Raglan Tee_CTT3039(6color)",29cm:4117309@268103100,rank,17.0,"{""brand_eng"": ""CITTA"", ""brand_kor"": ""씨타"", ""brand_no"": 71833, ""category1"": ""여성의류"", ""category2"": ""상의"", ""category3"": ""긴소매 티셔츠"", ""category3_code"": 268103102, ""is_new"": false, ""item_no"": 4117309, ""period_sort"": ""ONE_DAY"", ""platform"": ""29cm"", ""ranking_category_code"": ""268103100"", ""ranking_category_name"": ""여성의류>상의"", ""review_avg"": 4.5, ""sale_percent"": 17, ""sale_price"": 37260, ""sold_out"": false, ""url"": ""https://product.29cm.co.kr/catalog/4117309""}",2026-10-04T01:07:21+00:00_e382e724
2026-10-04T10:07:21+09:00,2026-10-04T01:07:22+00:00,commerce_rank,스웻 크롭 반집업_6Color,29cm:4118913,heart_count,771.0,"{""brand_eng"": ""MOODINSIDE"", ""brand_kor"": ""무드인사이드"", ""brand_no"": 98995, ""category1"": ""남성의류"", ""category2"": ""상의"", ""category3"": ""스웨트셔츠"", ""category3_code"": 272103107, ""is_new"": false, ""item_no"": 4118913, ""period_sort"": ""ONE_DAY"", ""platform"": ""29cm"", ""ranking_category_code"": ""272103100"", ""ranking_category_name"": ""남성의류>상의"", ""review_avg"": 5.0, ""sale_percent"": 54, ""sale_price"": 54900, ""sold_out"": false, ""url"": ""https://product.29cm.co.kr/catalog/4118913""}",2026-10-04T01:07:21+00:00_e382e724
2026-10-04T10:07:21+09:00,2026-10-04T01:07:22+00:00,commerce_rank,스웻 크롭 반집업_6Color,29cm:4118913,review_count,21.0,"{""brand_eng"": ""MOODINSIDE"", ""brand_kor"": ""무드인사이드"", ""brand_no"": 98995, ""category1"": ""남성의류"", ""category2"": ""상의"", ""category3"": ""스웨트셔츠"", ""category3_code"": 272103107, ""is_new"": false, ""item_no"": 4118913, ""period_sort"": ""ONE_DAY"", ""platform"": ""29cm"", ""ranking_category_code"": ""272103100"", ""ranking_category_name"": ""남성의류>상의"", ""review_avg"": 5.0, ""sale_percent"": 54, ""sale_price"": 54900, ""sold_out"": false, ""url"": ""https://product.29cm.co.kr/catalog/4118913""}",2026-10-04T01:07:21+00:00_e382e724
2026-10-04T10:07:21+09:00,2026-10-04T01:07:22+00:00,commerce_rank,스웻 크롭 반집업_6Color,29cm:4118913@272103100,rank,23.0,"{""brand_eng"": ""MOODINSIDE"", ""brand_kor"": ""무드인사이드"", ""brand_no"": 98995, ""category1"": ""남성의류"", ""category2"": ""상의"", ""category3"": ""스웨트셔츠"", ""category3_code"": 272103107, ""is_new"": false, ""item_no"": 4118913, ""period_sort"": ""ONE_DAY"", ""platform"": ""29cm"", ""ranking_category_code"": ""272103100"", ""ranking_category_name"": ""남성의류>상의"", ""review_avg"": 5.0, ""sale_percent"": 54, ""sale_price"": 54900, ""sold_out"": false, ""url"": ""https://product.29cm.co.kr/catalog/4118913""}",2026-10-04T01:07:21+00:00_e382e724
2026-10-04T10:07:21+09:00,2026-10-04T01:07:21+00:00,commerce_rank,[7th_10/15 예약배송] Marc waffle t-shirt_Navy&grey,29cm:4120280,heart_count,4833.0,"{""brand_eng"": ""Tekto"", ""brand_kor"": ""텍토"", ""brand_no"": 75938, ""category1"": ""여성의류"", ""category2"": ""상의"", ""category3"": ""긴소매 티셔츠"", ""category3_code"": 268103102, ""is_new"": false, ""item_no"": 4120280, ""period_sort"": ""ONE_DAY"", ""platform"": ""29cm"", ""ranking_category_code"": ""268103100"", ""ranking_category_name"": ""여성의류>상의"", ""review_avg"": 4.5, ""sale_percent"": 14, ""sale_price"": 64130, ""sold_out"": false, ""url"": ""https://product.29cm.co.kr/catalog/4120280""}",2026-10-04T01:07:21+00:00_e382e724
2026-10-04T10:07:21+09:00,2026-10-04T01:07:21+00:00,commerce_rank,[7th_10/15 예약배송] Marc waffle t-shirt_Navy&grey,29cm:4120280,review_count,52.0,"{""brand_eng"": ""Tekto"", ""brand_kor"": ""텍토"", ""brand_no"": 75938, ""category1"": ""여성의류"", ""category2"": ""상의"", ""category3"": ""긴소매 티셔츠"", ""category3_code"": 268103102, ""is_new"": false, ""item_no"": 4120280, ""period_sort"": ""ONE_DAY"", ""platform"": ""29cm"", ""ranking_category_code"": ""268103100"", ""ranking_category_name"": ""여성의류>상의"", ""review_avg"": 4.5, ""sale_percent"": 14, ""sale_price"": 64130, ""sold_out"": false, ""url"": ""https://product.29cm.co.kr/catalog/4120280""}",2026-10-04T01:07:21+00:00_e382e724
2026-10-04T10:07:21+09:00,2026-10-04T01:07:21+00:00,commerce_rank,[7th_10/15 예약배송] Marc waffle t-shirt_Navy&grey,29cm:4120280@268103100,rank,53.0,"{""brand_eng"": ""Tekto"", ""brand_kor"": ""텍토"", ""brand_no"": 75938, ""category1"": ""여성의류"", ""category2"": ""상의"", ""category3"": ""긴소매 티셔츠"", ""category3_code"": 268103102, ""is_new"": false, ""item_no"": 4120280, ""period_sort"": ""ONE_DAY"", ""platform"": ""29cm"", ""ranking_category_code"": ""268103100"", ""ranking_category_name"": ""여성의류>상의"", ""review_avg"": 4.5, ""sale_percent"": 14, ""sale_price"": 64130, ""sold_out"": false, ""url"": ""https://product.29cm.co.kr/catalog/4120280""}",2026-10-04T01:07:21+00:00_e382e724
2026-10-04T10:07:21+09:00,2026-10-04T01:07:21+00:00,commerce_rank,[26th] Hines deep v-neck sweatshirt - Purple,29cm:4120936,heart_count,5968.0,"{""brand_eng"": ""APPAREL ARCHIVE"", ""brand_kor"": ""어패럴아카이브"", ""brand_no"": 98593, ""category1"": ""남성의류"", ""category2"": ""상의"", ""category3"": ""스웨트셔츠"", ""category3_code"": 272103107, ""is_new"": false, ""item_no"": 4120936, ""period_sort"": ""ONE_DAY"", ""platform"": ""29cm"", ""ranking_category_code"": ""268103100"", ""ranking_category_name"": ""여성의류>상의"", ""review_avg"": 5.0, ""sale_percent"": 10, ""sale_price"": 71100, ""sold_out"": false, ""url"": ""https://product.29cm.co.kr/catalog/4120936""}",2026-10-04T01:07:21+00:00_e382e724
2026-10-04T10:07:21+09:00,2026-10-04T01:07:21+00:00,commerce_rank,[26th] Hines deep v-neck sweatshirt - Purple,29cm:4120936,review_count,30.0,"{""brand_eng"": ""APPAREL ARCHIVE"", ""brand_kor"": ""어패럴아카이브"", ""brand_no"": 98593, ""category1"": ""남성의류"", ""category2"": ""상의"", ""category3"": ""스웨트셔츠"", ""category3_code"": 272103107, ""is_new"": false, ""item_no"": 4120936, ""period_sort"": ""ONE_DAY"", ""platform"": ""29cm"", ""ranking_category_code"": ""268103100"", ""ranking_category_name"": ""여성의류>상의"", ""review_avg"": 5.0, ""sale_percent"": 10, ""sale_price"": 71100, ""sold_out"": false, ""url"": ""https://product.29cm.co.kr/catalog/4120936""}",2026-10-04T01:07:21+00:00_e382e724
2026-10-04T10:07:21+09:00,2026-10-04T01:07:21+00:00,commerce_rank,[26th] Hines deep v-neck sweatshirt - Purple,29cm:4120936@268103100,rank,54.0,"{""brand_eng"": ""APPAREL ARCHIVE"", ""brand_kor"": ""어패럴아카이브"", ""brand_no"": 98593, ""category1"": ""남성의류"", ""category2"": ""상의"", ""category3"": ""스웨트셔츠"", ""category3_code"": 272103107, ""is_new"": false, ""item_no"": 4120936, ""period_sort"": ""ONE_DAY"", ""platform"": ""29cm"", ""ranking_category_code"": ""268103100"", ""ranking_category_name"": ""여성의류>상의"", ""review_avg"": 5.0, ""sale_percent"": 10, ""sale_price"": 71100, ""sold_out"": false, ""url"": ""https://product.29cm.co.kr/catalog/4120936""}",2026-10-04T01:07:21+00:00_e382e724
2026-10-04T10:07:21+09:00,2026-10-04T01:07:21+00:00,commerce_rank,[3rd]Sakariba Half-zip Sweatshirt Beige,29cm:4122644,heart_count,249.0,"{""brand_eng"": ""TORTE"", ""brand_kor"": ""토르테"", ""brand_no"": 104998, ""category1"": ""여성의류"", ""category2"": ""상의"", ""category3"": ""스웨트셔츠"", ""category3_code"": 268103104, ""is_new"": false, ""item_no"": 4122644, ""period_sort"": ""ONE_DAY"", ""platform"": ""29cm"", ""ranking_category_code"": ""268103100"", ""ranking_category_name"": ""여성의류>상의"", ""review_avg"": 5.0, ""sale_percent"": 33, ""sale_price"": 85790, ""sold_out"": false, ""url"": ""https://product.29cm.co.kr/catalog/4122644""}",2026-10-04T01:07:21+00:00_e382e724
2026-10-04T10:07:21+09:00,2026-10-04T01:07:21+00:00,commerce_rank,[3rd]Sakariba Half-zip Sweatshirt Beige,29cm:4122644,review_count,6.0,"{""brand_eng"": ""TORTE"", ""brand_kor"": ""토르테"", ""brand_no"": 104998, ""category1"": ""여성의류"", ""category2"": ""상의"", ""category3"": ""스웨트셔츠"", ""category3_code"": 268103104, ""is_new"": false, ""item_no"": 4122644, ""period_sort"": ""ONE_DAY"", ""platform"": ""29cm"", ""ranking_category_code"": ""268103100"", ""ranking_category_name"": ""여성의류>상의"", ""review_avg"": 5.0, ""sale_percent"": 33, ""sale_price"": 85790, ""sold_out"": false, ""url"": ""https://product.29cm.co.kr/catalog/4122644""}",2026-10-04T01:07:21+00:00_e382e724
2026-10-04T10:07:21+09:00,2026-10-04T01:07:21+00:00,commerce_rank,[3rd]Sakariba Half-zip Sweatshirt Beige,29cm:4122644@268103100,rank,91.0,"{""brand_eng"": ""TORTE"", ""brand_kor"": ""토르테"", ""brand_no"": 104998, ""category1"": ""여성의류"", ""category2"": ""상의"", ""category3"": ""스웨트셔츠"", ""category3_code"": 268103104, ""is_new"": false, ""item_no"": 4122644, ""period_sort"": ""ONE_DAY"", ""platform"": ""29cm"", ""ranking_category_code"": ""268103100"", ""ranking_category_name"": ""여성의류>상의"", ""review_avg"": 5.0, ""sale_percent"": 33, ""sale_price"": 85790, ""sold_out"": false, ""url"": ""https://product.29cm.co.kr/catalog/4122644""}",2026-10-04T01:07:21+00:00_e382e724
2026-10-04T10:07:21+09:00,2026-10-04T01:07:21+00:00,commerce_rank,[7th]Standard-fit Basic Sleeveless,29cm:4122652,heart_count,440.0,"{""brand_eng"": ""TORTE"", ""brand_kor"": ""토르테"", ""brand_no"": 104998, ""category1"": ""여성의류"", ""category2"": ""상의"", ""category3"": ""슬리브리스"", ""category3_code"": 268103103, ""is_new"": false, ""item_no"": 4122652, ""period_sort"": ""ONE_DAY"", ""platform"": ""29cm"", ""ranking_category_code"": ""268103100"", ""ranking_category_name"": ""여성의류>상의"", ""review_avg"": 5.0, ""sale_percent"": 30, ""sale_price"": 27300, ""sold_out"": false, ""url"": ""https://product.29cm.co.kr/catalog/4122652""}",2026-10-04T01:07:21+00:00_e382e724
2026-10-04T10:07:21+09:00,2026-10-04T01:07:21+00:00,commerce_rank,[7th]Standard-fit Basic Sleeveless,29cm:4122652,review_count,11.0,"{""brand_eng"": ""TORTE"", ""brand_kor"": ""토르테"", ""brand_no"": 104998, ""category1"": ""여성의류"", ""category2"": ""상의"", ""category3"": ""슬리브리스"", ""category3_code"": 268103103, ""is_new"": false, ""item_no"": 4122652, ""period_sort"": ""ONE_DAY"", ""platform"": ""29cm"", ""ranking_category_code"": ""268103100"", ""ranking_category_name"": ""여성의류>상의"", ""review_avg"": 5.0, ""sale_percent"": 30, ""sale_price"": 27300, ""sold_out"": false, ""url"": ""https://product.29cm.co.kr/catalog/4122652""}",2026-10-04T01:07:21+00:00_e382e724
2026-10-04T10:07:21+09:00,2026-10-04T01:07:21+00:00,commerce_rank,[7th]Standard-fit Basic Sleeveless,29cm:4122652@268103100,rank,38.0,"{""brand_eng"": ""TORTE"", ""brand_kor"": ""토르테"", ""brand_no"": 104998, ""category1"": ""여성의류"", ""category2"": ""상의"", ""category3"": ""슬리브리스"", ""category3_code"": 268103103, ""is_new"": false, ""item_no"": 4122652, ""period_sort"": ""ONE_DAY"", ""platform"": ""29cm"", ""ranking_category_code"": ""268103100"", ""ranking_category_name"": ""여성의류>상의"", ""review_avg"": 5.0, ""sale_percent"": 30, ""sale_price"": 27300, ""sold_out"": false, ""url"": ""https://product.29cm.co.kr/catalog/4122652""}",2026-10-04T01:07:21+00:00_e382e724
2026-10-04T10:07:21+09:00,2026-10-04T01:07:21+00:00,commerce_rank,[4th]Boat Neck 3/4 Sleeve T-Shirt,29cm:4122668,heart_count,343.0,"{""brand_eng"": ""TORTE"", ""brand_kor"": ""토르테"", ""brand_no"": 104998, ""category1"": ""여성의류"", ""category2"": ""상의"", ""category3"": ""긴소매 티셔츠"", ""category3_code"": 268103102, ""is_new"": false, ""item_no"": 4122668, ""period_sort"": ""ONE_DAY"", ""platform"": ""29cm"", ""ranking_category_code"": ""268103100"", ""ranking_category_name"": ""여성의류>상의"", ""review_avg"": 5.0, ""sale_percent"": 30, ""sale_price"": 29400, ""sold_out"": false, ""url"": ""https://product.29cm.co.kr/catalog/4122668""}",2026-10-04T01:07:21+00:00_e382e724
2026-10-04T10:07:21+09:00,2026-10-04T01:07:21+00:00,commerce_rank,[4th]Boat Neck 3/4 Sleeve T-Shirt,29cm:4122668,review_count,10.0,"{""brand_eng"": ""TORTE"", ""brand_kor"": ""토르테"", ""brand_no"": 104998, ""category1"": ""여성의류"", ""category2"": ""상의"", ""category3"": ""긴소매 티셔츠"", ""category3_code"": 268103102, ""is_new"": false, ""item_no"": 4122668, ""period_sort"": ""ONE_DAY"", ""platform"": ""29cm"", ""ranking_category_code"": ""268103100"", ""ranking_category_name"": ""여성의류>상의"", ""review_avg"": 5.0, ""sale_percent"": 30, ""sale_price"": 29400, ""sold_out"": false, ""url"": ""https://product.29cm.co.kr/catalog/4122668""}",2026-10-04T01:07:21+00:00_e382e724
2026-10-04T10:07:21+09:00,2026-10-04T01:07:21+00:00,commerce_rank,[4th]Boat Neck 3/4 Sleeve T-Shirt,29cm:4122668@268103100,rank,52.0,"{""brand_eng"": ""TORTE"", ""brand_kor"": ""토르테"", ""brand_no"": 104998, ""category1"": ""여성의류"", ""category2"": ""상의"", ""category3"": ""긴소매 티셔츠"", ""category3_code"": 268103102, ""is_new"": false, ""item_no"": 4122668, ""period_sort"": ""ONE_DAY"", ""platform"": ""29cm"", ""ranking_category_code"": ""268103100"", ""ranking_category_name"": ""여성의류>상의"", ""review_avg"": 5.0, ""sale_percent"": 30, ""sale_price"": 29400, ""sold_out"": false, ""url"": ""https://product.29cm.co.kr/catalog/4122668""}",2026-10-04T01:07:21+00:00_e382e724
2026-10-04T10:07:21+09:00,2026-10-04T01:07:21+00:00,commerce_rank,"ARU LOGO PATCH STRIPE SWEATSHIRT, MELANGE GREY",29cm:4125017,heart_count,3116.0,"{""brand_eng"": ""AREYOU SEOUL"", ""brand_kor"": ""아유서울"", ""brand_no"": 49275, ""category1"": ""여성의류"", ""category2"": ""상의"", ""category3"": ""스웨트셔츠"", ""category3_code"": 268103104, ""is_new"": false, ""item_no"": 4125017, ""period_sort"": ""ONE_DAY"", ""platform"": ""29cm"", ""ranking_category_code"": ""268103100"", ""ranking_category_name"": ""여성의류>상의"", ""review_avg"": 5.0, ""sale_percent"": 10, ""sale_price"": 103500, ""sold_out"": false, ""url"": ""https://product.29cm.co.kr/catalog/4125017""}",2026-10-04T01:07:21+00:00_e382e724
2026-10-04T10:07:21+09:00,2026-10-04T01:07:21+00:00,commerce_rank,"ARU LOGO PATCH STRIPE SWEATSHIRT, MELANGE GREY",29cm:4125017,review_count,29.0,"{""brand_eng"": ""AREYOU SEOUL"", ""brand_kor"": ""아유서울"", ""brand_no"": 49275, ""category1"": ""여성의류"", ""category2"": ""상의"", ""category3"": ""스웨트셔츠"", ""category3_code"": 268103104, ""is_new"": false, ""item_no"": 4125017, ""period_sort"": ""ONE_DAY"", ""platform"": ""29cm"", ""ranking_category_code"": ""268103100"", ""ranking_category_name"": ""여성의류>상의"", ""review_avg"": 5.0, ""sale_percent"": 10, ""sale_price"": 103500, ""sold_out"": false, ""url"": ""https://product.29cm.co.kr/catalog/4125017""}",2026-10-04T01:07:21+00:00_e382e724
2026-10-04T10:07:21+09:00,2026-10-04T01:07:21+00:00,commerce_rank,"ARU LOGO PATCH STRIPE SWEATSHIRT, MELANGE GREY",29cm:4125017@268103100,rank,94.0,"{""brand_eng"": ""AREYOU SEOUL"", ""brand_kor"": ""아유서울"", ""brand_no"": 49275, ""category1"": ""여성의류"", ""category2"": ""상의"", ""category3"": ""스웨트셔츠"", ""category3_code"": 268103104, ""is_new"": false, ""item_no"": 4125017, ""period_sort"": ""ONE_DAY"", ""platform"": ""29cm"", ""ranking_category_code"": ""268103100"", ""ranking_category_name"": ""여성의류>상의"", ""review_avg"": 5.0, ""sale_percent"": 10, ""sale_price"": 103500, ""sold_out"": false, ""url"": ""https://product.29cm.co.kr/catalog/4125017""}",2026-10-04T01:07:21+00:00_e382e724
2026-10-04T10:07:21+09:00,2026-10-04T01:07:21+00:00,commerce_rank,Angora U Neck T Shirts (5color),29cm:4125061,heart_count,3892.0,"{""brand_eng"": ""PROJECTWAVE"", ""brand_kor"": ""프로젝트 웨이브"", ""brand_no"": 52782, ""category1"": ""여성의류"", ""category2"": ""상의"", ""category3"": ""반소매 티셔츠"", ""category3_code"": 268103101, ""is_new"": false, ""item_no"": 4125061, ""period_sort"": ""ONE_DAY"", ""platform"": ""29cm"", ""ranking_category_code"": ""268103100"", ""ranking_category_name"": ""여성의류>상의"", ""review_avg"": 5.0, ""sale_percent"": 19, ""sale_price"": 32400, ""sold_out"": false, ""url"": ""https://product.29cm.co.kr/catalog/4125061""}",2026-10-04T01:07:21+00:00_e382e724
2026-10-04T10:07:21+09:00,2026-10-04T01:07:21+00:00,commerce_rank,Angora U Neck T Shirts (5color),29cm:4125061,review_count,4.0,"{""brand_eng"": ""PROJECTWAVE"", ""brand_kor"": ""프로젝트 웨이브"", ""brand_no"": 52782, ""category1"": ""여성의류"", ""category2"": ""상의"", ""category3"": ""반소매 티셔츠"", ""category3_code"": 268103101, ""is_new"": false, ""item_no"": 4125061, ""period_sort"": ""ONE_DAY"", ""platform"": ""29cm"", ""ranking_category_code"": ""268103100"", ""ranking_category_name"": ""여성의류>상의"", ""review_avg"": 5.0, ""sale_percent"": 19, ""sale_price"": 32400, ""sold_out"": false, ""url"": ""https://product.29cm.co.kr/catalog/4125061""}",2026-10-04T01:07:21+00:00_e382e724
2026-10-04T10:07:21+09:00,2026-10-04T01:07:21+00:00,commerce_rank,Angora U Neck T Shirts (5color),29cm:4125061@268103100,rank,100.0,"{""brand_eng"": ""PROJECTWAVE"", ""brand_kor"": ""프로젝트 웨이브"", ""brand_no"": 52782, ""category1"": ""여성의류"", ""category2"": ""상의"", ""category3"": ""반소매 티셔츠"", ""category3_code"": 268103101, ""is_new"": false, ""item_no"": 4125061, ""period_sort"": ""ONE_DAY"", ""platform"": ""29cm"", ""ranking_category_code"": ""268103100"", ""ranking_category_name"": ""여성의류>상의"", ""review_avg"": 5.0, ""sale_percent"": 19, ""sale_price"": 32400, ""sold_out"": false, ""url"": ""https://product.29cm.co.kr/catalog/4125061""}",2026-10-04T01:07:21+00:00_e382e724
2026-10-04T10:07:21+09:00,2026-10-04T01:07:21+00:00,commerce_rank,MORIN LACE SLEEVELESS (2COLOR),29cm:4125859,heart_count,5375.0,"{""brand_eng"": ""FOLNUA"", ""brand_kor"": ""폴뉴아"", ""brand_no"": 15359, ""category1"": ""여성의류"", ""category2"": ""상의"", ""category3"": ""슬리브리스"", ""category3_code"": 268103103, ""is_new"": false, ""item_no"": 4125859, ""period_sort"": ""ONE_DAY"", ""platform"": ""29cm"", ""ranking_category_code"": ""268103100"", ""ranking_category_name"": ""여성의류>상의"", ""review_avg"": 5.0, ""sale_percent"": 19, ""sale_price"": 36330, ""sold_out"": true, ""url"": ""https://product.29cm.co.kr/catalog/4125859""}",2026-10-04T01:07:21+00:00_e382e724
2026-10-04T10:07:21+09:00,2026-10-04T01:07:21+00:00,commerce_rank,MORIN LACE SLEEVELESS (2COLOR),29cm:4125859,review_count,23.0,"{""brand_eng"": ""FOLNUA"", ""brand_kor"": ""폴뉴아"", ""brand_no"": 15359, ""category1"": ""여성의류"", ""category2"": ""상의"", ""category3"": ""슬리브리스"", ""category3_code"": 268103103, ""is_new"": false, ""item_no"": 4125859, ""period_sort"": ""ONE_DAY"", ""platform"": ""29cm"", ""ranking_category_code"": ""268103100"", ""ranking_category_name"": ""여성의류>상의"", ""review_avg"": 5.0, ""sale_percent"": 19, ""sale_price"": 36330, ""sold_out"": true, ""url"": ""https://product.29cm.co.kr/catalog/4125859""}",2026-10-04T01:07:21+00:00_e382e724
2026-10-04T10:07:21+09:00,2026-10-04T01:07:21+00:00,commerce_rank,MORIN LACE SLEEVELESS (2COLOR),29cm:4125859@268103100,rank,2.0,"{""brand_eng"": ""FOLNUA"", ""brand_kor"": ""폴뉴아"", ""brand_no"": 15359, ""category1"": ""여성의류"", ""category2"": ""상의"", ""category3"": ""슬리브리스"", ""category3_code"": 268103103, ""is_new"": false, ""item_no"": 4125859, ""period_sort"": ""ONE_DAY"", ""platform"": ""29cm"", ""ranking_category_code"": ""268103100"", ""ranking_category_name"": ""여성의류>상의"", ""review_avg"": 5.0, ""sale_percent"": 19, ""sale_price"": 36330, ""sold_out"": true, ""url"": ""https://product.29cm.co.kr/catalog/4125859""}",2026-10-04T01:07:21+00:00_e382e724
2026-10-04T10:07:21+09:00,2026-10-04T01:07:22+00:00,commerce_rank,[1st Reorder] Raw Edge L/S Tee - 3 Color,29cm:4127841,heart_count,420.0,"{""brand_eng"": ""NWT"", ""brand_kor"": ""엔더블유티"", ""brand_no"": 1813, ""category1"": ""남성의류"", ""category2"": ""상의"", ""category3"": ""긴소매 티셔츠"", ""category3_code"": 272103102, ""is_new"": false, ""item_no"": 4127841, ""period_sort"": ""ONE_DAY"", ""platform"": ""29cm"", ""ranking_category_code"": ""272103100"", ""ranking_category_name"": ""남성의류>상의"", ""review_avg"": 0.0, ""sale_percent"": 0, ""sale_price"": 68000, ""sold_out"": false, ""url"": ""https://product.29cm.co.kr/catalog/4127841""}",2026-10-04T01:07:21+00:00_e382e724
2026-10-04T10:07:21+09:00,2026-10-04T01:07:22+00:00,commerce_rank,[1st Reorder] Raw Edge L/S Tee - 3 Color,29cm:4127841,review_count,0.0,"{""brand_eng"": ""NWT"", ""brand_kor"": ""엔더블유티"", ""brand_no"": 1813, ""category1"": ""남성의류"", ""category2"": ""상의"", ""category3"": ""긴소매 티셔츠"", ""category3_code"": 272103102, ""is_new"": false, ""item_no"": 4127841, ""period_sort"": ""ONE_DAY"", ""platform"": ""29cm"", ""ranking_category_code"": ""272103100"", ""ranking_category_name"": ""남성의류>상의"", ""review_avg"": 0.0, ""sale_percent"": 0, ""sale_price"": 68000, ""sold_out"": false, ""url"": ""https://product.29cm.co.kr/catalog/4127841""}",2026-10-04T01:07:21+00:00_e382e724
2026-10-04T10:07:21+09:00,2026-10-04T01:07:22+00:00,commerce_rank,[1st Reorder] Raw Edge L/S Tee - 3 Color,29cm:4127841@272103100,rank,12.0,"{""brand_eng"": ""NWT"", ""brand_kor"": ""엔더블유티"", ""brand_no"": 1813, ""category1"": ""남성의류"", ""category2"": ""상의"", ""category3"": ""긴소매 티셔츠"", ""category3_code"": 272103102, ""is_new"": false, ""item_no"": 4127841, ""period_sort"": ""ONE_DAY"", ""platform"": ""29cm"", ""ranking_category_code"": ""272103100"", ""ranking_category_name"": ""남성의류>상의"", ""review_avg"": 0.0, ""sale_percent"": 0, ""sale_price"": 68000, ""sold_out"": false, ""url"": ""https://product.29cm.co.kr/catalog/4127841""}",2026-10-04T01:07:21+00:00_e382e724
2026-10-04T10:07:21+09:00,2026-10-04T01:07:22+00:00,commerce_rank,레스티드 세미 오버핏 브이넥 니트 [차콜],29cm:4128064,heart_count,2.0,"{""brand_eng"": ""WORK ON BODY OFF"", ""brand_kor"": ""워크온바디오프"", ""brand_no"": 96347, ""category1"": ""남성의류"", ""category2"": ""상의"", ""category3"": ""긴소매 티셔츠"", ""category3_code"": 272103102, ""is_new"": false, ""item_no"": 4128064, ""period_sort"": ""ONE_DAY"", ""platform"": ""29cm"", ""ranking_category_code"": ""272103100"", ""ranking_category_name"": ""남성의류>상의"", ""review_avg"": 0.0, ""sale_percent"": 41, ""sale_price"": 21170, ""sold_out"": true, ""url"": ""https://product.29cm.co.kr/catalog/4128064""}",2026-10-04T01:07:21+00:00_e382e724
2026-10-04T10:07:21+09:00,2026-10-04T01:07:22+00:00,commerce_rank,레스티드 세미 오버핏 브이넥 니트 [차콜],29cm:4128064,review_count,0.0,"{""brand_eng"": ""WORK ON BODY OFF"", ""brand_kor"": ""워크온바디오프"", ""brand_no"": 96347, ""category1"": ""남성의류"", ""category2"": ""상의"", ""category3"": ""긴소매 티셔츠"", ""category3_code"": 272103102, ""is_new"": false, ""item_no"": 4128064, ""period_sort"": ""ONE_DAY"", ""platform"": ""29cm"", ""ranking_category_code"": ""272103100"", ""ranking_category_name"": ""남성의류>상의"", ""review_avg"": 0.0, ""sale_percent"": 41, ""sale_price"": 21170, ""sold_out"": true, ""url"": ""https://product.29cm.co.kr/catalog/4128064""}",2026-10-04T01:07:21+00:00_e382e724
2026-10-04T10:07:21+09:00,2026-10-04T01:07:22+00:00,commerce_rank,레스티드 세미 오버핏 브이넥 니트 [차콜],29cm:4128064@272103100,rank,72.0,"{""brand_eng"": ""WORK ON BODY OFF"", ""brand_kor"": ""워크온바디오프"", ""brand_no"": 96347, ""category1"": ""남성의류"", ""category2"": ""상의"", ""category3"": ""긴소매 티셔츠"", ""category3_code"": 272103102, ""is_new"": false, ""item_no"": 4128064, ""period_sort"": ""ONE_DAY"", ""platform"": ""29cm"", ""ranking_category_code"": ""272103100"", ""ranking_category_name"": ""남성의류>상의"", ""review_avg"": 0.0, ""sale_percent"": 41, ""sale_price"": 21170, ""sold_out"": true, ""url"": ""https://product.29cm.co.kr/catalog/4128064""}",2026-10-04T01:07:21+00:00_e382e724
2026-10-04T10:07:21+09:00,2026-10-04T01:07:22+00:00,commerce_rank,TG3-SH02 그린 셔링 체크 셔츠,29cm:4128386,heart_count,244.0,"{""brand_eng"": ""THOMAS MORE"", ""brand_kor"": ""토마스모어"", ""brand_no"": 2111, ""category1"": ""여성의류"", ""category2"": ""상의"", ""category3"": ""셔츠"", ""category3_code"": 268103106, ""is_new"": false, ""item_no"": 4128386, ""period_sort"": ""ONE_DAY"", ""platform"": ""29cm"", ""ranking_category_code"": ""272103100"", ""ranking_category_name"": ""남성의류>상의"", ""review_avg"": 4.5, ""sale_percent"": 0, ""sale_price"": 63700, ""sold_out"": false, ""url"": ""https://product.29cm.co.kr/catalog/4128386""}",2026-10-04T01:07:21+00:00_e382e724
2026-10-04T10:07:21+09:00,2026-10-04T01:07:22+00:00,commerce_rank,TG3-SH02 그린 셔링 체크 셔츠,29cm:4128386,review_count,15.0,"{""brand_eng"": ""THOMAS MORE"", ""brand_kor"": ""토마스모어"", ""brand_no"": 2111, ""category1"": ""여성의류"", ""category2"": ""상의"", ""category3"": ""셔츠"", ""category3_code"": 268103106, ""is_new"": false, ""item_no"": 4128386, ""period_sort"": ""ONE_DAY"", ""platform"": ""29cm"", ""ranking_category_code"": ""272103100"", ""ranking_category_name"": ""남성의류>상의"", ""review_avg"": 4.5, ""sale_percent"": 0, ""sale_price"": 63700, ""sold_out"": false, ""url"": ""https://product.29cm.co.kr/catalog/4128386""}",2026-10-04T01:07:21+00:00_e382e724
2026-10-04T10:07:21+09:00,2026-10-04T01:07:22+00:00,commerce_rank,TG3-SH02 그린 셔링 체크 셔츠,29cm:4128386@272103100,rank,47.0,"{""brand_eng"": ""THOMAS MORE"", ""brand_kor"": ""토마스모어"", ""brand_no"": 2111, ""category1"": ""여성의류"", ""category2"": ""상의"", ""category3"": ""셔츠"", ""category3_code"": 268103106, ""is_new"": false, ""item_no"": 4128386, ""period_sort"": ""ONE_DAY"", ""platform"": ""29cm"", ""ranking_category_code"": ""272103100"", ""ranking_category_name"": ""남성의류>상의"", ""review_avg"": 4.5, ""sale_percent"": 0, ""sale_price"": 63700, ""sold_out"": false, ""url"": ""https://product.29cm.co.kr/catalog/4128386""}",2026-10-04T01:07:21+00:00_e382e724
2026-10-04T10:07:21+09:00,2026-10-04T01:07:22+00:00,commerce_rank,TG3-TS14 하이넥 하프집업 스웻셔츠 - [딥네이비],29cm:4128388,heart_count,396.0,"{""brand_eng"": ""THOMAS MORE"", ""brand_kor"": ""토마스모어"", ""brand_no"": 2111, ""category1"": ""남성의류"", ""category2"": ""상의"", ""category3"": ""스웨트셔츠"", ""category3_code"": 272103107, ""is_new"": false, ""item_no"": 4128388, ""period_sort"": ""ONE_DAY"", ""platform"": ""29cm"", ""ranking_category_code"": ""272103100"", ""ranking_category_name"": ""남성의류>상의"", ""review_avg"": 5.0, ""sale_percent"": 0, ""sale_price"": 73500, ""sold_out"": false, ""url"": ""https://product.29cm.co.kr/catalog/4128388""}",2026-10-04T01:07:21+00:00_e382e724
2026-10-04T10:07:21+09:00,2026-10-04T01:07:22+00:00,commerce_rank,TG3-TS14 하이넥 하프집업 스웻셔츠 - [딥네이비],29cm:4128388,review_count,33.0,"{""brand_eng"": ""THOMAS MORE"", ""brand_kor"": ""토마스모어"", ""brand_no"": 2111, ""category1"": ""남성의류"", ""category2"": ""상의"", ""category3"": ""스웨트셔츠"", ""category3_code"": 272103107, ""is_new"": false, ""item_no"": 4128388, ""period_sort"": ""ONE_DAY"", ""platform"": ""29cm"", ""ranking_category_code"": ""272103100"", ""ranking_category_name"": ""남성의류>상의"", ""review_avg"": 5.0, ""sale_percent"": 0, ""sale_price"": 73500, ""sold_out"": false, ""url"": ""https://product.29cm.co.kr/catalog/4128388""}",2026-10-04T01:07:21+00:00_e382e724
2026-10-04T10:07:21+09:00,2026-10-04T01:07:22+00:00,commerce_rank,TG3-TS14 하이넥 하프집업 스웻셔츠 - [딥네이비],29cm:4128388@272103100,rank,37.0,"{""brand_eng"": ""THOMAS MORE"", ""brand_kor"": ""토마스모어"", ""brand_no"": 2111, ""category1"": ""남성의류"", ""category2"": ""상의"", ""category3"": ""스웨트셔츠"", ""category3_code"": 272103107, ""is_new"": false, ""item_no"": 4128388, ""period_sort"": ""ONE_DAY"", ""platform"": ""29cm"", ""ranking_category_code"": ""272103100"", ""ranking_category_name"": ""남성의류>상의"", ""review_avg"": 5.0, ""sale_percent"": 0, ""sale_price"": 73500, ""sold_out"": false, ""url"": ""https://product.29cm.co.kr/catalog/4128388""}",2026-10-04T01:07:21+00:00_e382e724
2026-10-04T10:07:21+09:00,2026-10-04T01:07:22+00:00,commerce_rank,TG3-TS07 선 페이디드 스웻셔츠 - [퍼티베이지],29cm:4128392,heart_count,202.0,"{""brand_eng"": ""THOMAS MORE"", ""brand_kor"": ""토마스모어"", ""brand_no"": 2111, ""category1"": ""남성의류"", ""category2"": ""상의"", ""category3"": ""스웨트셔츠"", ""category3_code"": 272103107, ""is_new"": false, ""item_no"": 4128392, ""period_sort"": ""ONE_DAY"", ""platform"": ""29cm"", ""ranking_category_code"": ""272103100"", ""ranking_category_name"": ""남성의류>상의"", ""review_avg"": 4.5, ""sale_percent"": 0, ""sale_price"": 67000, ""sold_out"": false, ""url"": ""https://product.29cm.co.kr/catalog/4128392""}",2026-10-04T01:07:21+00:00_e382e724
2026-10-04T10:07:21+09:00,2026-10-04T01:07:22+00:00,commerce_rank,TG3-TS07 선 페이디드 스웻셔츠 - [퍼티베이지],29cm:4128392,review_count,11.0,"{""brand_eng"": ""THOMAS MORE"", ""brand_kor"": ""토마스모어"", ""brand_no"": 2111, ""category1"": ""남성의류"", ""category2"": ""상의"", ""category3"": ""스웨트셔츠"", ""category3_code"": 272103107, ""is_new"": false, ""item_no"": 4128392, ""period_sort"": ""ONE_DAY"", ""platform"": ""29cm"", ""ranking_category_code"": ""272103100"", ""ranking_category_name"": ""남성의류>상의"", ""review_avg"": 4.5, ""sale_percent"": 0, ""sale_price"": 67000, ""sold_out"": false, ""url"": ""https://product.29cm.co.kr/catalog/4128392""}",2026-10-04T01:07:21+00:00_e382e724
2026-10-04T10:07:21+09:00,2026-10-04T01:07:22+00:00,commerce_rank,TG3-TS07 선 페이디드 스웻셔츠 - [퍼티베이지],29cm:4128392@272103100,rank,57.0,"{""brand_eng"": ""THOMAS MORE"", ""brand_kor"": ""토마스모어"", ""brand_no"": 2111, ""category1"": ""남성의류"", ""category2"": ""상의"", ""category3"": ""스웨트셔츠"", ""category3_code"": 272103107, ""is_new"": false, ""item_no"": 4128392, ""period_sort"": ""ONE_DAY"", ""platform"": ""29cm"", ""ranking_category_code"": ""272103100"", ""ranking_category_name"": ""남성의류>상의"", ""review_avg"": 4.5, ""sale_percent"": 0, ""sale_price"": 67000, ""sold_out"": false, ""url"": ""https://product.29cm.co.kr/catalog/4128392""}",2026-10-04T01:07:21+00:00_e382e724
2026-10-04T10:07:21+09:00,2026-10-04T01:07:22+00:00,commerce_rank,TG3-TS07 선 페이디드 스웻셔츠 - [하버블루],29cm:4128394,heart_count,625.0,"{""brand_eng"": ""THOMAS MORE"", ""brand_kor"": ""토마스모어"", ""brand_no"": 2111, ""category1"": ""남성의류"", ""category2"": ""상의"", ""category3"": ""스웨트셔츠"", ""category3_code"": 272103107, ""is_new"": false, ""item_no"": 4128394, ""period_sort"": ""ONE_DAY"", ""platform"": ""29cm"", ""ranking_category_code"": ""272103100"", ""ranking_category_name"": ""남성의류>상의"", ""review_avg"": 5.0, ""sale_percent"": 0, ""sale_price"": 67000, ""sold_out"": false, ""url"": ""https://product.29cm.co.kr/catalog/4128394""}",2026-10-04T01:07:21+00:00_e382e724
2026-10-04T10:07:21+09:00,2026-10-04T01:07:22+00:00,commerce_rank,TG3-TS07 선 페이디드 스웻셔츠 - [하버블루],29cm:4128394,review_count,35.0,"{""brand_eng"": ""THOMAS MORE"", ""brand_kor"": ""토마스모어"", ""brand_no"": 2111, ""category1"": ""남성의류"", ""category2"": ""상의"", ""category3"": ""스웨트셔츠"", ""category3_code"": 272103107, ""is_new"": false, ""item_no"": 4128394, ""period_sort"": ""ONE_DAY"", ""platform"": ""29cm"", ""ranking_category_code"": ""272103100"", ""ranking_category_name"": ""남성의류>상의"", ""review_avg"": 5.0, ""sale_percent"": 0, ""sale_price"": 67000, ""sold_out"": false, ""url"": ""https://product.29cm.co.kr/catalog/4128394""}",2026-10-04T01:07:21+00:00_e382e724
2026-10-04T10:07:21+09:00,2026-10-04T01:07:22+00:00,commerce_rank,TG3-TS07 선 페이디드 스웻셔츠 - [하버블루],29cm:4128394@272103100,rank,87.0,"{""brand_eng"": ""THOMAS MORE"", ""brand_kor"": ""토마스모어"", ""brand_no"": 2111, ""category1"": ""남성의류"", ""category2"": ""상의"", ""category3"": ""스웨트셔츠"", ""category3_code"": 272103107, ""is_new"": false, ""item_no"": 4128394, ""period_sort"": ""ONE_DAY"", ""platform"": ""29cm"", ""ranking_category_code"": ""272103100"", ""ranking_category_name"": ""남성의류>상의"", ""review_avg"": 5.0, ""sale_percent"": 0, ""sale_price"": 67000, ""sold_out"": false, ""url"": ""https://product.29cm.co.kr/catalog/4128394""}",2026-10-04T01:07:21+00:00_e382e724
2026-10-04T10:07:21+09:00,2026-10-04T01:07:22+00:00,commerce_rank,TG3-TS07 선 페이디드 스웻셔츠 - [프룬그레이],29cm:4128395,heart_count,384.0,"{""brand_eng"": ""THOMAS MORE"", ""brand_kor"": ""토마스모어"", ""brand_no"": 2111, ""category1"": ""남성의류"", ""category2"": ""상의"", ""category3"": ""스웨트셔츠"", ""category3_code"": 272103107, ""is_new"": false, ""item_no"": 4128395, ""period_sort"": ""ONE_DAY"", ""platform"": ""29cm"", ""ranking_category_code"": ""272103100"", ""ranking_category_name"": ""남성의류>상의"", ""review_avg"": 4.5, ""sale_percent"": 0, ""sale_price"": 67000, ""sold_out"": false, ""url"": ""https://product.29cm.co.kr/catalog/4128395""}",2026-10-04T01:07:21+00:00_e382e724
2026-10-04T10:07:21+09:00,2026-10-04T01:07:22+00:00,commerce_rank,TG3-TS07 선 페이디드 스웻셔츠 - [프룬그레이],29cm:4128395,review_count,18.0,"{""brand_eng"": ""THOMAS MORE"", ""brand_kor"": ""토마스모어"", ""brand_no"": 2111, ""category1"": ""남성의류"", ""category2"": ""상의"", ""category3"": ""스웨트셔츠"", ""category3_code"": 272103107, ""is_new"": false, ""item_no"": 4128395, ""period_sort"": ""ONE_DAY"", ""platform"": ""29cm"", ""ranking_category_code"": ""272103100"", ""ranking_category_name"": ""남성의류>상의"", ""review_avg"": 4.5, ""sale_percent"": 0, ""sale_price"": 67000, ""sold_out"": false, ""url"": ""https://product.29cm.co.kr/catalog/4128395""}",2026-10-04T01:07:21+00:00_e382e724
2026-10-04T10:07:21+09:00,2026-10-04T01:07:22+00:00,commerce_rank,TG3-TS07 선 페이디드 스웻셔츠 - [프룬그레이],29cm:4128395@272103100,rank,86.0,"{""brand_eng"": ""THOMAS MORE"", ""brand_kor"": ""토마스모어"", ""brand_no"": 2111, ""category1"": ""남성의류"", ""category2"": ""상의"", ""category3"": ""스웨트셔츠"", ""category3_code"": 272103107, ""is_new"": false, ""item_no"": 4128395, ""period_sort"": ""ONE_DAY"", ""platform"": ""29cm"", ""ranking_category_code"": ""272103100"", ""ranking_category_name"": ""남성의류>상의"", ""review_avg"": 4.5, ""sale_percent"": 0, ""sale_price"": 67000, ""sold_out"": false, ""url"": ""https://product.29cm.co.kr/catalog/4128395""}",2026-10-04T01:07:21+00:00_e382e724
2026-10-04T10:07:21+09:00,2026-10-04T01:07:22+00:00,commerce_rank,TG3-TS07 선 페이디드 스웻셔츠 - [시그마레드],29cm:4128396,heart_count,356.0,"{""brand_eng"": ""THOMAS MORE"", ""brand_kor"": ""토마스모어"", ""brand_no"": 2111, ""category1"": ""남성의류"", ""category2"": ""상의"", ""category3"": ""스웨트셔츠"", ""category3_code"": 272103107, ""is_new"": false, ""item_no"": 4128396, ""period_sort"": ""ONE_DAY"", ""platform"": ""29cm"", ""ranking_category_code"": ""272103100"", ""ranking_category_name"": ""남성의류>상의"", ""review_avg"": 5.0, ""sale_percent"": 0, ""sale_price"": 67000, ""sold_out"": false, ""url"": ""https://product.29cm.co.kr/catalog/4128396""}",2026-10-04T01:07:21+00:00_e382e724
2026-10-04T10:07:21+09:00,2026-10-04T01:07:22+00:00,commerce_rank,TG3-TS07 선 페이디드 스웻셔츠 - [시그마레드],29cm:4128396,review_count,25.0,"{""brand_eng"": ""THOMAS MORE"", ""brand_kor"": ""토마스모어"", ""brand_no"": 2111, ""category1"": ""남성의류"", ""category2"": ""상의"", ""category3"": ""스웨트셔츠"", ""category3_code"": 272103107, ""is_new"": false, ""item_no"": 4128396, ""period_sort"": ""ONE_DAY"", ""platform"": ""29cm"", ""ranking_category_code"": ""272103100"", ""ranking_category_name"": ""남성의류>상의"", ""review_avg"": 5.0, ""sale_percent"": 0, ""sale_price"": 67000, ""sold_out"": false, ""url"": ""https://product.29cm.co.kr/catalog/4128396""}",2026-10-04T01:07:21+00:00_e382e724
2026-10-04T10:07:21+09:00,2026-10-04T01:07:22+00:00,commerce_rank,TG3-TS07 선 페이디드 스웻셔츠 - [시그마레드],29cm:4128396@272103100,rank,51.0,"{""brand_eng"": ""THOMAS MORE"", ""brand_kor"": ""토마스모어"", ""brand_no"": 2111, ""category1"": ""남성의류"", ""category2"": ""상의"", ""category3"": ""스웨트셔츠"", ""category3_code"": 272103107, ""is_new"": false, ""item_no"": 4128396, ""period_sort"": ""ONE_DAY"", ""platform"": ""29cm"", ""ranking_category_code"": ""272103100"", ""ranking_category_name"": ""남성의류>상의"", ""review_avg"": 5.0, ""sale_percent"": 0, ""sale_price"": 67000, ""sold_out"": false, ""url"": ""https://product.29cm.co.kr/catalog/4128396""}",2026-10-04T01:07:21+00:00_e382e724
2026-10-04T10:07:21+09:00,2026-10-04T01:07:21+00:00,commerce_rank,TG3-TS13 멀티 스트라이프 롱슬리브 티셔츠,29cm:4128404,heart_count,2784.0,"{""brand_eng"": ""THOMAS MORE"", ""brand_kor"": ""토마스모어"", ""brand_no"": 2111, ""category1"": ""남성의류"", ""category2"": ""상의"", ""category3"": ""긴소매 티셔츠"", ""category3_code"": 272103102, ""is_new"": false, ""item_no"": 4128404, ""period_sort"": ""ONE_DAY"", ""platform"": ""29cm"", ""ranking_category_code"": ""268103100"", ""ranking_category_name"": ""여성의류>상의"", ""review_avg"": 4.5, ""sale_percent"": 0, ""sale_price"": 39700, ""sold_out"": false, ""url"": ""https://product.29cm.co.kr/catalog/4128404""}",2026-10-04T01:07:21+00:00_e382e724
2026-10-04T10:07:21+09:00,2026-10-04T01:07:21+00:00,commerce_rank,TG3-TS13 멀티 스트라이프 롱슬리브 티셔츠,29cm:4128404,review_count,166.0,"{""brand_eng"": ""THOMAS MORE"", ""brand_kor"": ""토마스모어"", ""brand_no"": 2111, ""category1"": ""남성의류"", ""category2"": ""상의"", ""category3"": ""긴소매 티셔츠"", ""category3_code"": 272103102, ""is_new"": false, ""item_no"": 4128404, ""period_sort"": ""ONE_DAY"", ""platform"": ""29cm"", ""ranking_category_code"": ""268103100"", ""ranking_category_name"": ""여성의류>상의"", ""review_avg"": 4.5, ""sale_percent"": 0, ""sale_price"": 39700, ""sold_out"": false, ""url"": ""https://product.29cm.co.kr/catalog/4128404""}",2026-10-04T01:07:21+00:00_e382e724
2026-10-04T10:07:21+09:00,2026-10-04T01:07:21+00:00,commerce_rank,TG3-TS13 멀티 스트라이프 롱슬리브 티셔츠,29cm:4128404@268103100,rank,83.0,"{""brand_eng"": ""THOMAS MORE"", ""brand_kor"": ""토마스모어"", ""brand_no"": 2111, ""category1"": ""남성의류"", ""category2"": ""상의"", ""category3"": ""긴소매 티셔츠"", ""category3_code"": 272103102, ""is_new"": false, ""item_no"": 4128404, ""period_sort"": ""ONE_DAY"", ""platform"": ""29cm"", ""ranking_category_code"": ""268103100"", ""ranking_category_name"": ""여성의류>상의"", ""review_avg"": 4.5, ""sale_percent"": 0, ""sale_price"": 39700, ""sold_out"": false, ""url"": ""https://product.29cm.co.kr/catalog/4128404""}",2026-10-04T01:07:21+00:00_e382e724
2026-10-04T10:07:21+09:00,2026-10-04T01:07:22+00:00,commerce_rank,TG3-TS13 멀티 스트라이프 롱슬리브 티셔츠,29cm:4128404@272103100,rank,17.0,"{""brand_eng"": ""THOMAS MORE"", ""brand_kor"": ""토마스모어"", ""brand_no"": 2111, ""category1"": ""남성의류"", ""category2"": ""상의"", ""category3"": ""긴소매 티셔츠"", ""category3_code"": 272103102, ""is_new"": false, ""item_no"": 4128404, ""period_sort"": ""ONE_DAY"", ""platform"": ""29cm"", ""ranking_category_code"": ""272103100"", ""ranking_category_name"": ""남성의류>상의"", ""review_avg"": 4.5, ""sale_percent"": 0, ""sale_price"": 39700, ""sold_out"": false, ""url"": ""https://product.29cm.co.kr/catalog/4128404""}",2026-10-04T01:07:21+00:00_e382e724
2026-10-04T10:07:21+09:00,2026-10-04T01:07:22+00:00,commerce_rank,TG3-TS12 씬 스트라이프 롱슬리브 티셔츠,29cm:4128405,heart_count,886.0,"{""brand_eng"": ""THOMAS MORE"", ""brand_kor"": ""토마스모어"", ""brand_no"": 2111, ""category1"": ""남성의류"", ""category2"": ""상의"", ""category3"": ""긴소매 티셔츠"", ""category3_code"": 272103102, ""is_new"": false, ""item_no"": 4128405, ""period_sort"": ""ONE_DAY"", ""platform"": ""29cm"", ""ranking_category_code"": ""272103100"", ""ranking_category_name"": ""남성의류>상의"", ""review_avg"": 4.5, ""sale_percent"": 0, ""sale_price"": 35700, ""sold_out"": false, ""url"": ""https://product.29cm.co.kr/catalog/4128405""}",2026-10-04T01:07:21+00:00_e382e724
2026-10-04T10:07:21+09:00,2026-10-04T01:07:22+00:00,commerce_rank,TG3-TS12 씬 스트라이프 롱슬리브 티셔츠,29cm:4128405,review_count,40.0,"{""brand_eng"": ""THOMAS MORE"", ""brand_kor"": ""토마스모어"", ""brand_no"": 2111, ""category1"": ""남성의류"", ""category2"": ""상의"", ""category3"": ""긴소매 티셔츠"", ""category3_code"": 272103102, ""is_new"": false, ""item_no"": 4128405, ""period_sort"": ""ONE_DAY"", ""platform"": ""29cm"", ""ranking_category_code"": ""272103100"", ""ranking_category_name"": ""남성의류>상의"", ""review_avg"": 4.5, ""sale_percent"": 0, ""sale_price"": 35700, ""sold_out"": false, ""url"": ""https://product.29cm.co.kr/catalog/4128405""}",2026-10-04T01:07:21+00:00_e382e724
2026-10-04T10:07:21+09:00,2026-10-04T01:07:22+00:00,commerce_rank,TG3-TS12 씬 스트라이프 롱슬리브 티셔츠,29cm:4128405@272103100,rank,11.0,"{""brand_eng"": ""THOMAS MORE"", ""brand_kor"": ""토마스모어"", ""brand_no"": 2111, ""category1"": ""남성의류"", ""category2"": ""상의"", ""category3"": ""긴소매 티셔츠"", ""category3_code"": 272103102, ""is_new"": false, ""item_no"": 4128405, ""period_sort"": ""ONE_DAY"", ""platform"": ""29cm"", ""ranking_category_code"": ""272103100"", ""ranking_category_name"": ""남성의류>상의"", ""review_avg"": 4.5, ""sale_percent"": 0, ""sale_price"": 35700, ""sold_out"": false, ""url"": ""https://product.29cm.co.kr/catalog/4128405""}",2026-10-04T01:07:21+00:00_e382e724
2026-10-04T10:07:21+09:00,2026-10-04T01:07:22+00:00,commerce_rank,Fine Stripe Long Sleeve Graphite,29cm:4128782,heart_count,79.0,"{""brand_eng"": ""rough side"", ""brand_kor"": ""러프사이드"", ""brand_no"": 3821, ""category1"": ""남성의류"", ""category2"": ""상의"", ""category3"": ""긴소매 티셔츠"", ""category3_code"": 272103102, ""is_new"": false, ""item_no"": 4128782, ""period_sort"": ""ONE_DAY"", ""platform"": ""29cm"", ""ranking_category_code"": ""272103100"", ""ranking_category_name"": ""남성의류>상의"", ""review_avg"": 5.0, ""sale_percent"": 5, ""sale_price"": 75100, ""sold_out"": false, ""url"": ""https://product.29cm.co.kr/catalog/4128782""}",2026-10-04T01:07:21+00:00_e382e724
2026-10-04T10:07:21+09:00,2026-10-04T01:07:22+00:00,commerce_rank,Fine Stripe Long Sleeve Graphite,29cm:4128782,review_count,1.0,"{""brand_eng"": ""rough side"", ""brand_kor"": ""러프사이드"", ""brand_no"": 3821, ""category1"": ""남성의류"", ""category2"": ""상의"", ""category3"": ""긴소매 티셔츠"", ""category3_code"": 272103102, ""is_new"": false, ""item_no"": 4128782, ""period_sort"": ""ONE_DAY"", ""platform"": ""29cm"", ""ranking_category_code"": ""272103100"", ""ranking_category_name"": ""남성의류>상의"", ""review_avg"": 5.0, ""sale_percent"": 5, ""sale_price"": 75100, ""sold_out"": false, ""url"": ""https://product.29cm.co.kr/catalog/4128782""}",2026-10-04T01:07:21+00:00_e382e724
2026-10-04T10:07:21+09:00,2026-10-04T01:07:22+00:00,commerce_rank,Fine Stripe Long Sleeve Graphite,29cm:4128782@272103100,rank,8.0,"{""brand_eng"": ""rough side"", ""brand_kor"": ""러프사이드"", ""brand_no"": 3821, ""category1"": ""남성의류"", ""category2"": ""상의"", ""category3"": ""긴소매 티셔츠"", ""category3_code"": 272103102, ""is_new"": false, ""item_no"": 4128782, ""period_sort"": ""ONE_DAY"", ""platform"": ""29cm"", ""ranking_category_code"": ""272103100"", ""ranking_category_name"": ""남성의류>상의"", ""review_avg"": 5.0, ""sale_percent"": 5, ""sale_price"": 75100, ""sold_out"": false, ""url"": ""https://product.29cm.co.kr/catalog/4128782""}",2026-10-04T01:07:21+00:00_e382e724
2026-10-04T10:07:21+09:00,2026-10-04T01:07:22+00:00,commerce_rank,Unit Corduroy Shirt Ash Black,29cm:4128872,heart_count,2.0,"{""brand_eng"": ""rough side"", ""brand_kor"": ""러프사이드"", ""brand_no"": 3821, ""category1"": ""남성의류"", ""category2"": ""상의"", ""category3"": ""긴소매 셔츠"", ""category3_code"": 272103106, ""is_new"": true, ""item_no"": 4128872, ""period_sort"": ""ONE_DAY"", ""platform"": ""29cm"", ""ranking_category_code"": ""272103100"", ""ranking_category_name"": ""남성의류>상의"", ""review_avg"": 0.0, ""sale_percent"": 0, ""sale_price"": 158000, ""sold_out"": false, ""url"": ""https://product.29cm.co.kr/catalog/4128872""}",2026-10-04T01:07:21+00:00_e382e724
2026-10-04T10:07:21+09:00,2026-10-04T01:07:22+00:00,commerce_rank,Unit Corduroy Shirt Ash Black,29cm:4128872,review_count,0.0,"{""brand_eng"": ""rough side"", ""brand_kor"": ""러프사이드"", ""brand_no"": 3821, ""category1"": ""남성의류"", ""category2"": ""상의"", ""category3"": ""긴소매 셔츠"", ""category3_code"": 272103106, ""is_new"": true, ""item_no"": 4128872, ""period_sort"": ""ONE_DAY"", ""platform"": ""29cm"", ""ranking_category_code"": ""272103100"", ""ranking_category_name"": ""남성의류>상의"", ""review_avg"": 0.0, ""sale_percent"": 0, ""sale_price"": 158000, ""sold_out"": false, ""url"": ""https://product.29cm.co.kr/catalog/4128872""}",2026-10-04T01:07:21+00:00_e382e724
2026-10-04T10:07:21+09:00,2026-10-04T01:07:22+00:00,commerce_rank,Unit Corduroy Shirt Ash Black,29cm:4128872@272103100,rank,98.0,"{""brand_eng"": ""rough side"", ""brand_kor"": ""러프사이드"", ""brand_no"": 3821, ""category1"": ""남성의류"", ""category2"": ""상의"", ""category3"": ""긴소매 셔츠"", ""category3_code"": 272103106, ""is_new"": true, ""item_no"": 4128872, ""period_sort"": ""ONE_DAY"", ""platform"": ""29cm"", ""ranking_category_code"": ""272103100"", ""ranking_category_name"": ""남성의류>상의"", ""review_avg"": 0.0, ""sale_percent"": 0, ""sale_price"": 158000, ""sold_out"": false, ""url"": ""https://product.29cm.co.kr/catalog/4128872""}",2026-10-04T01:07:21+00:00_e382e724
2026-10-04T10:07:21+09:00,2026-10-04T01:07:21+00:00,commerce_rank,[쁨이 PICK] Essential Button Hoodie-Butter,29cm:4129128,heart_count,2555.0,"{""brand_eng"": ""BITTERCELLS"", ""brand_kor"": ""비터셀즈"", ""brand_no"": 15063, ""category1"": ""여성의류"", ""category2"": ""상의"", ""category3"": ""후디"", ""category3_code"": 268103105, ""is_new"": false, ""item_no"": 4129128, ""period_sort"": ""ONE_DAY"", ""platform"": ""29cm"", ""ranking_category_code"": ""268103100"", ""ranking_category_name"": ""여성의류>상의"", ""review_avg"": 5.0, ""sale_percent"": 10, ""sale_price"": 71100, ""sold_out"": false, ""url"": ""https://product.29cm.co.kr/catalog/4129128""}",2026-10-04T01:07:21+00:00_e382e724
2026-10-04T10:07:21+09:00,2026-10-04T01:07:21+00:00,commerce_rank,[쁨이 PICK] Essential Button Hoodie-Butter,29cm:4129128,review_count,7.0,"{""brand_eng"": ""BITTERCELLS"", ""brand_kor"": ""비터셀즈"", ""brand_no"": 15063, ""category1"": ""여성의류"", ""category2"": ""상의"", ""category3"": ""후디"", ""category3_code"": 268103105, ""is_new"": false, ""item_no"": 4129128, ""period_sort"": ""ONE_DAY"", ""platform"": ""29cm"", ""ranking_category_code"": ""268103100"", ""ranking_category_name"": ""여성의류>상의"", ""review_avg"": 5.0, ""sale_percent"": 10, ""sale_price"": 71100, ""sold_out"": false, ""url"": ""https://product.29cm.co.kr/catalog/4129128""}",2026-10-04T01:07:21+00:00_e382e724
2026-10-04T10:07:21+09:00,2026-10-04T01:07:21+00:00,commerce_rank,[쁨이 PICK] Essential Button Hoodie-Butter,29cm:4129128@268103100,rank,82.0,"{""brand_eng"": ""BITTERCELLS"", ""brand_kor"": ""비터셀즈"", ""brand_no"": 15063, ""category1"": ""여성의류"", ""category2"": ""상의"", ""category3"": ""후디"", ""category3_code"": 268103105, ""is_new"": false, ""item_no"": 4129128, ""period_sort"": ""ONE_DAY"", ""platform"": ""29cm"", ""ranking_category_code"": ""268103100"", ""ranking_category_name"": ""여성의류>상의"", ""review_avg"": 5.0, ""sale_percent"": 10, ""sale_price"": 71100, ""sold_out"": false, ""url"": ""https://product.29cm.co.kr/catalog/4129128""}",2026-10-04T01:07:21+00:00_e382e724
2026-10-04T10:07:21+09:00,2026-10-04T01:07:21+00:00,commerce_rank,[쁨이 PICK] Gradation Knit Hood Zip Up-Olive,29cm:4129140,heart_count,2706.0,"{""brand_eng"": ""BITTERCELLS"", ""brand_kor"": ""비터셀즈"", ""brand_no"": 15063, ""category1"": ""여성의류"", ""category2"": ""상의"", ""category3"": ""후디"", ""category3_code"": 268103105, ""is_new"": false, ""item_no"": 4129140, ""period_sort"": ""ONE_DAY"", ""platform"": ""29cm"", ""ranking_category_code"": ""268103100"", ""ranking_category_name"": ""여성의류>상의"", ""review_avg"": 5.0, ""sale_percent"": 10, ""sale_price"": 88200, ""sold_out"": false, ""url"": ""https://product.29cm.co.kr/catalog/4129140""}",2026-10-04T01:07:21+00:00_e382e724
2026-10-04T10:07:21+09:00,2026-10-04T01:07:21+00:00,commerce_rank,[쁨이 PICK] Gradation Knit Hood Zip Up-Olive,29cm:4129140,review_count,6.0,"{""brand_eng"": ""BITTERCELLS"", ""brand_kor"": ""비터셀즈"", ""brand_no"": 15063, ""category1"": ""여성의류"", ""category2"": ""상의"", ""category3"": ""후디"", ""category3_code"": 268103105, ""is_new"": false, ""item_no"": 4129140, ""period_sort"": ""ONE_DAY"", ""platform"": ""29cm"", ""ranking_category_code"": ""268103100"", ""ranking_category_name"": ""여성의류>상의"", ""review_avg"": 5.0, ""sale_percent"": 10, ""sale_price"": 88200, ""sold_out"": false, ""url"": ""https://product.29cm.co.kr/catalog/4129140""}",2026-10-04T01:07:21+00:00_e382e724
2026-10-04T10:07:21+09:00,2026-10-04T01:07:21+00:00,commerce_rank,[쁨이 PICK] Gradation Knit Hood Zip Up-Olive,29cm:4129140@268103100,rank,46.0,"{""brand_eng"": ""BITTERCELLS"", ""brand_kor"": ""비터셀즈"", ""brand_no"": 15063, ""category1"": ""여성의류"", ""category2"": ""상의"", ""category3"": ""후디"", ""category3_code"": 268103105, ""is_new"": false, ""item_no"": 4129140, ""period_sort"": ""ONE_DAY"", ""platform"": ""29cm"", ""ranking_category_code"": ""268103100"", ""ranking_category_name"": ""여성의류>상의"", ""review_avg"": 5.0, ""sale_percent"": 10, ""sale_price"": 88200, ""sold_out"": false, ""url"": ""https://product.29cm.co.kr/catalog/4129140""}",2026-10-04T01:07:21+00:00_e382e724
2026-10-04T10:07:21+09:00,2026-10-04T01:07:22+00:00,commerce_rank,소프트 브러쉬드 멀티핀 스트라이프 티셔츠 (차콜),29cm:4129305,heart_count,157.0,"{""brand_eng"": ""COOR"", ""brand_kor"": ""쿠어"", ""brand_no"": 15326, ""category1"": ""남성의류"", ""category2"": ""상의"", ""category3"": ""긴소매 티셔츠"", ""category3_code"": 272103102, ""is_new"": false, ""item_no"": 4129305, ""period_sort"": ""ONE_DAY"", ""platform"": ""29cm"", ""ranking_category_code"": ""272103100"", ""ranking_category_name"": ""남성의류>상의"", ""review_avg"": 5.0, ""sale_percent"": 10, ""sale_price"": 76500, ""sold_out"": false, ""url"": ""https://product.29cm.co.kr/catalog/4129305""}",2026-10-04T01:07:21+00:00_e382e724
2026-10-04T10:07:21+09:00,2026-10-04T01:07:22+00:00,commerce_rank,소프트 브러쉬드 멀티핀 스트라이프 티셔츠 (차콜),29cm:4129305,review_count,2.0,"{""brand_eng"": ""COOR"", ""brand_kor"": ""쿠어"", ""brand_no"": 15326, ""category1"": ""남성의류"", ""category2"": ""상의"", ""category3"": ""긴소매 티셔츠"", ""category3_code"": 272103102, ""is_new"": false, ""item_no"": 4129305, ""period_sort"": ""ONE_DAY"", ""platform"": ""29cm"", ""ranking_category_code"": ""272103100"", ""ranking_category_name"": ""남성의류>상의"", ""review_avg"": 5.0, ""sale_percent"": 10, ""sale_price"": 76500, ""sold_out"": false, ""url"": ""https://product.29cm.co.kr/catalog/4129305""}",2026-10-04T01:07:21+00:00_e382e724
2026-10-04T10:07:21+09:00,2026-10-04T01:07:22+00:00,commerce_rank,소프트 브러쉬드 멀티핀 스트라이프 티셔츠 (차콜),29cm:4129305@272103100,rank,60.0,"{""brand_eng"": ""COOR"", ""brand_kor"": ""쿠어"", ""brand_no"": 15326, ""category1"": ""남성의류"", ""category2"": ""상의"", ""category3"": ""긴소매 티셔츠"", ""category3_code"": 272103102, ""is_new"": false, ""item_no"": 4129305, ""period_sort"": ""ONE_DAY"", ""platform"": ""29cm"", ""ranking_category_code"": ""272103100"", ""ranking_category_name"": ""남성의류>상의"", ""review_avg"": 5.0, ""sale_percent"": 10, ""sale_price"": 76500, ""sold_out"": false, ""url"": ""https://product.29cm.co.kr/catalog/4129305""}",2026-10-04T01:07:21+00:00_e382e724
2026-10-04T10:07:21+09:00,2026-10-04T01:07:22+00:00,commerce_rank,레귤러핏 와플 롱 슬리브 (차콜),29cm:4129325,heart_count,85.0,"{""brand_eng"": ""COOR"", ""brand_kor"": ""쿠어"", ""brand_no"": 15326, ""category1"": ""남성의류"", ""category2"": ""상의"", ""category3"": ""긴소매 티셔츠"", ""category3_code"": 272103102, ""is_new"": false, ""item_no"": 4129325, ""period_sort"": ""ONE_DAY"", ""platform"": ""29cm"", ""ranking_category_code"": ""272103100"", ""ranking_category_name"": ""남성의류>상의"", ""review_avg"": 0.0, ""sale_percent"": 10, ""sale_price"": 68400, ""sold_out"": false, ""url"": ""https://product.29cm.co.kr/catalog/4129325""}",2026-10-04T01:07:21+00:00_e382e724
2026-10-04T10:07:21+09:00,2026-10-04T01:07:22+00:00,commerce_rank,레귤러핏 와플 롱 슬리브 (차콜),29cm:4129325,review_count,0.0,"{""brand_eng"": ""COOR"", ""brand_kor"": ""쿠어"", ""brand_no"": 15326, ""category1"": ""남성의류"", ""category2"": ""상의"", ""category3"": ""긴소매 티셔츠"", ""category3_code"": 272103102, ""is_new"": false, ""item_no"": 4129325, ""period_sort"": ""ONE_DAY"", ""platform"": ""29cm"", ""ranking_category_code"": ""272103100"", ""ranking_category_name"": ""남성의류>상의"", ""review_avg"": 0.0, ""sale_percent"": 10, ""sale_price"": 68400, ""sold_out"": false, ""url"": ""https://product.29cm.co.kr/catalog/4129325""}",2026-10-04T01:07:21+00:00_e382e724
2026-10-04T10:07:21+09:00,2026-10-04T01:07:22+00:00,commerce_rank,레귤러핏 와플 롱 슬리브 (차콜),29cm:4129325@272103100,rank,73.0,"{""brand_eng"": ""COOR"", ""brand_kor"": ""쿠어"", ""brand_no"": 15326, ""category1"": ""남성의류"", ""category2"": ""상의"", ""category3"": ""긴소매 티셔츠"", ""category3_code"": 272103102, ""is_new"": false, ""item_no"": 4129325, ""period_sort"": ""ONE_DAY"", ""platform"": ""29cm"", ""ranking_category_code"": ""272103100"", ""ranking_category_name"": ""남성의류>상의"", ""review_avg"": 0.0, ""sale_percent"": 10, ""sale_price"": 68400, ""sold_out"": false, ""url"": ""https://product.29cm.co.kr/catalog/4129325""}",2026-10-04T01:07:21+00:00_e382e724
2026-10-04T10:07:21+09:00,2026-10-04T01:07:22+00:00,commerce_rank,레귤러핏 와플 롱 슬리브 (멜란지그레이),29cm:4129326,heart_count,116.0,"{""brand_eng"": ""COOR"", ""brand_kor"": ""쿠어"", ""brand_no"": 15326, ""category1"": ""남성의류"", ""category2"": ""상의"", ""category3"": ""긴소매 티셔츠"", ""category3_code"": 272103102, ""is_new"": false, ""item_no"": 4129326, ""period_sort"": ""ONE_DAY"", ""platform"": ""29cm"", ""ranking_category_code"": ""272103100"", ""ranking_category_name"": ""남성의류>상의"", ""review_avg"": 5.0, ""sale_percent"": 10, ""sale_price"": 68400, ""sold_out"": false, ""url"": ""https://product.29cm.co.kr/catalog/4129326""}",2026-10-04T01:07:21+00:00_e382e724
2026-10-04T10:07:21+09:00,2026-10-04T01:07:22+00:00,commerce_rank,레귤러핏 와플 롱 슬리브 (멜란지그레이),29cm:4129326,review_count,2.0,"{""brand_eng"": ""COOR"", ""brand_kor"": ""쿠어"", ""brand_no"": 15326, ""category1"": ""남성의류"", ""category2"": ""상의"", ""category3"": ""긴소매 티셔츠"", ""category3_code"": 272103102, ""is_new"": false, ""item_no"": 4129326, ""period_sort"": ""ONE_DAY"", ""platform"": ""29cm"", ""ranking_category_code"": ""272103100"", ""ranking_category_name"": ""남성의류>상의"", ""review_avg"": 5.0, ""sale_percent"": 10, ""sale_price"": 68400, ""sold_out"": false, ""url"": ""https://product.29cm.co.kr/catalog/4129326""}",2026-10-04T01:07:21+00:00_e382e724
2026-10-04T10:07:21+09:00,2026-10-04T01:07:22+00:00,commerce_rank,레귤러핏 와플 롱 슬리브 (멜란지그레이),29cm:4129326@272103100,rank,25.0,"{""brand_eng"": ""COOR"", ""brand_kor"": ""쿠어"", ""brand_no"": 15326, ""category1"": ""남성의류"", ""category2"": ""상의"", ""category3"": ""긴소매 티셔츠"", ""category3_code"": 272103102, ""is_new"": false, ""item_no"": 4129326, ""period_sort"": ""ONE_DAY"", ""platform"": ""29cm"", ""ranking_category_code"": ""272103100"", ""ranking_category_name"": ""남성의류>상의"", ""review_avg"": 5.0, ""sale_percent"": 10, ""sale_price"": 68400, ""sold_out"": false, ""url"": ""https://product.29cm.co.kr/catalog/4129326""}",2026-10-04T01:07:21+00:00_e382e724
2026-10-04T10:07:21+09:00,2026-10-04T01:07:21+00:00,commerce_rank,[29EDITION X 알로하]Oasis Blooming Sweatshirt_CLOUD,29cm:4130049,heart_count,5872.0,"{""brand_eng"": ""WEDNESDAYOASIS"", ""brand_kor"": ""웬즈데이오아시스"", ""brand_no"": 69104, ""category1"": ""여성의류"", ""category2"": ""상의"", ""category3"": ""스웨트셔츠"", ""category3_code"": 268103104, ""is_new"": false, ""item_no"": 4130049, ""period_sort"": ""ONE_DAY"", ""platform"": ""29cm"", ""ranking_category_code"": ""268103100"", ""ranking_category_name"": ""여성의류>상의"", ""review_avg"": 5.0, ""sale_percent"": 19, ""sale_price"": 51030, ""sold_out"": false, ""url"": ""https://product.29cm.co.kr/catalog/4130049""}",2026-10-04T01:07:21+00:00_e382e724
2026-10-04T10:07:21+09:00,2026-10-04T01:07:21+00:00,commerce_rank,[29EDITION X 알로하]Oasis Blooming Sweatshirt_CLOUD,29cm:4130049,review_count,88.0,"{""brand_eng"": ""WEDNESDAYOASIS"", ""brand_kor"": ""웬즈데이오아시스"", ""brand_no"": 69104, ""category1"": ""여성의류"", ""category2"": ""상의"", ""category3"": ""스웨트셔츠"", ""category3_code"": 268103104, ""is_new"": false, ""item_no"": 4130049, ""period_sort"": ""ONE_DAY"", ""platform"": ""29cm"", ""ranking_category_code"": ""268103100"", ""ranking_category_name"": ""여성의류>상의"", ""review_avg"": 5.0, ""sale_percent"": 19, ""sale_price"": 51030, ""sold_out"": false, ""url"": ""https://product.29cm.co.kr/catalog/4130049""}",2026-10-04T01:07:21+00:00_e382e724
2026-10-04T10:07:21+09:00,2026-10-04T01:07:21+00:00,commerce_rank,[29EDITION X 알로하]Oasis Blooming Sweatshirt_CLOUD,29cm:4130049@268103100,rank,48.0,"{""brand_eng"": ""WEDNESDAYOASIS"", ""brand_kor"": ""웬즈데이오아시스"", ""brand_no"": 69104, ""category1"": ""여성의류"", ""category2"": ""상의"", ""category3"": ""스웨트셔츠"", ""category3_code"": 268103104, ""is_new"": false, ""item_no"": 4130049, ""period_sort"": ""ONE_DAY"", ""platform"": ""29cm"", ""ranking_category_code"": ""268103100"", ""ranking_category_name"": ""여성의류>상의"", ""review_avg"": 5.0, ""sale_percent"": 19, ""sale_price"": 51030, ""sold_out"": false, ""url"": ""https://product.29cm.co.kr/catalog/4130049""}",2026-10-04T01:07:21+00:00_e382e724
2026-10-04T10:07:21+09:00,2026-10-04T01:07:21+00:00,commerce_rank,[29EDITION X 알로하]Mellow Check Shirt_BLUSH CHARCOAL,29cm:4130051,heart_count,3021.0,"{""brand_eng"": ""WEDNESDAYOASIS"", ""brand_kor"": ""웬즈데이오아시스"", ""brand_no"": 69104, ""category1"": ""여성의류"", ""category2"": ""상의"", ""category3"": ""셔츠"", ""category3_code"": 268103106, ""is_new"": false, ""item_no"": 4130051, ""period_sort"": ""ONE_DAY"", ""platform"": ""29cm"", ""ranking_category_code"": ""268103100"", ""ranking_category_name"": ""여성의류>상의"", ""review_avg"": 4.5, ""sale_percent"": 19, ""sale_price"": 55890, ""sold_out"": false, ""url"": ""https://product.29cm.co.kr/catalog/4130051""}",2026-10-04T01:07:21+00:00_e382e724
2026-10-04T10:07:21+09:00,2026-10-04T01:07:21+00:00,commerce_rank,[29EDITION X 알로하]Mellow Check Shirt_BLUSH CHARCOAL,29cm:4130051,review_count,55.0,"{""brand_eng"": ""WEDNESDAYOASIS"", ""brand_kor"": ""웬즈데이오아시스"", ""brand_no"": 69104, ""category1"": ""여성의류"", ""category2"": ""상의"", ""category3"": ""셔츠"", ""category3_code"": 268103106, ""is_new"": false, ""item_no"": 4130051, ""period_sort"": ""ONE_DAY"", ""platform"": ""29cm"", ""ranking_category_code"": ""268103100"", ""ranking_category_name"": ""여성의류>상의"", ""review_avg"": 4.5, ""sale_percent"": 19, ""sale_price"": 55890, ""sold_out"": false, ""url"": ""https://product.29cm.co.kr/catalog/4130051""}",2026-10-04T01:07:21+00:00_e382e724
2026-10-04T10:07:21+09:00,2026-10-04T01:07:21+00:00,commerce_rank,[29EDITION X 알로하]Mellow Check Shirt_BLUSH CHARCOAL,29cm:4130051@268103100,rank,87.0,"{""brand_eng"": ""WEDNESDAYOASIS"", ""brand_kor"": ""웬즈데이오아시스"", ""brand_no"": 69104, ""category1"": ""여성의류"", ""category2"": ""상의"", ""category3"": ""셔츠"", ""category3_code"": 268103106, ""is_new"": false, ""item_no"": 4130051, ""period_sort"": ""ONE_DAY"", ""platform"": ""29cm"", ""ranking_category_code"": ""268103100"", ""ranking_category_name"": ""여성의류>상의"", ""review_avg"": 4.5, ""sale_percent"": 19, ""sale_price"": 55890, ""sold_out"": false, ""url"": ""https://product.29cm.co.kr/catalog/4130051""}",2026-10-04T01:07:21+00:00_e382e724
2026-10-04T10:07:21+09:00,2026-10-04T01:07:22+00:00,commerce_rank,DISTRESSED BASEBALL L/S SHIRTS d.purple/heather,29cm:4132943,heart_count,115.0,"{""brand_eng"": ""beheavyer"", ""brand_kor"": ""비헤비어"", ""brand_no"": 1897, ""category1"": ""남성의류"", ""category2"": ""상의"", ""category3"": ""긴소매 티셔츠"", ""category3_code"": 272103102, ""is_new"": false, ""item_no"": 4132943, ""period_sort"": ""ONE_DAY"", ""platform"": ""29cm"", ""ranking_category_code"": ""272103100"", ""ranking_category_name"": ""남성의류>상의"", ""review_avg"": 0.0, ""sale_percent"": 0, ""sale_price"": 119000, ""sold_out"": false, ""url"": ""https://product.29cm.co.kr/catalog/4132943""}",2026-10-04T01:07:21+00:00_e382e724
2026-10-04T10:07:21+09:00,2026-10-04T01:07:22+00:00,commerce_rank,DISTRESSED BASEBALL L/S SHIRTS d.purple/heather,29cm:4132943,review_count,0.0,"{""brand_eng"": ""beheavyer"", ""brand_kor"": ""비헤비어"", ""brand_no"": 1897, ""category1"": ""남성의류"", ""category2"": ""상의"", ""category3"": ""긴소매 티셔츠"", ""category3_code"": 272103102, ""is_new"": false, ""item_no"": 4132943, ""period_sort"": ""ONE_DAY"", ""platform"": ""29cm"", ""ranking_category_code"": ""272103100"", ""ranking_category_name"": ""남성의류>상의"", ""review_avg"": 0.0, ""sale_percent"": 0, ""sale_price"": 119000, ""sold_out"": false, ""url"": ""https://product.29cm.co.kr/catalog/4132943""}",2026-10-04T01:07:21+00:00_e382e724
2026-10-04T10:07:21+09:00,2026-10-04T01:07:22+00:00,commerce_rank,DISTRESSED BASEBALL L/S SHIRTS d.purple/heather,29cm:4132943@272103100,rank,32.0,"{""brand_eng"": ""beheavyer"", ""brand_kor"": ""비헤비어"", ""brand_no"": 1897, ""category1"": ""남성의류"", ""category2"": ""상의"", ""category3"": ""긴소매 티셔츠"", ""category3_code"": 272103102, ""is_new"": false, ""item_no"": 4132943, ""period_sort"": ""ONE_DAY"", ""platform"": ""29cm"", ""ranking_category_code"": ""272103100"", ""ranking_category_name"": ""남성의류>상의"", ""review_avg"": 0.0, ""sale_percent"": 0, ""sale_price"": 119000, ""sold_out"": false, ""url"": ""https://product.29cm.co.kr/catalog/4132943""}",2026-10-04T01:07:21+00:00_e382e724
2026-10-04T10:07:21+09:00,2026-10-04T01:07:21+00:00,commerce_rank,V Layered Tee Purple,29cm:4134050,heart_count,1264.0,"{""brand_eng"": ""RENSE"", ""brand_kor"": ""렌세"", ""brand_no"": 72648, ""category1"": ""여성의류"", ""category2"": ""상의"", ""category3"": ""긴소매 티셔츠"", ""category3_code"": 268103102, ""is_new"": false, ""item_no"": 4134050, ""period_sort"": ""ONE_DAY"", ""platform"": ""29cm"", ""ranking_category_code"": ""268103100"", ""ranking_category_name"": ""여성의류>상의"", ""review_avg"": 5.0, ""sale_percent"": 28, ""sale_price"": 33840, ""sold_out"": false, ""url"": ""https://product.29cm.co.kr/catalog/4134050""}",2026-10-04T01:07:21+00:00_e382e724
2026-10-04T10:07:21+09:00,2026-10-04T01:07:21+00:00,commerce_rank,V Layered Tee Purple,29cm:4134050,review_count,23.0,"{""brand_eng"": ""RENSE"", ""brand_kor"": ""렌세"", ""brand_no"": 72648, ""category1"": ""여성의류"", ""category2"": ""상의"", ""category3"": ""긴소매 티셔츠"", ""category3_code"": 268103102, ""is_new"": false, ""item_no"": 4134050, ""period_sort"": ""ONE_DAY"", ""platform"": ""29cm"", ""ranking_category_code"": ""268103100"", ""ranking_category_name"": ""여성의류>상의"", ""review_avg"": 5.0, ""sale_percent"": 28, ""sale_price"": 33840, ""sold_out"": false, ""url"": ""https://product.29cm.co.kr/catalog/4134050""}",2026-10-04T01:07:21+00:00_e382e724
2026-10-04T10:07:21+09:00,2026-10-04T01:07:21+00:00,commerce_rank,V Layered Tee Purple,29cm:4134050@268103100,rank,95.0,"{""brand_eng"": ""RENSE"", ""brand_kor"": ""렌세"", ""brand_no"": 72648, ""category1"": ""여성의류"", ""category2"": ""상의"", ""category3"": ""긴소매 티셔츠"", ""category3_code"": 268103102, ""is_new"": false, ""item_no"": 4134050, ""period_sort"": ""ONE_DAY"", ""platform"": ""29cm"", ""ranking_category_code"": ""268103100"", ""ranking_category_name"": ""여성의류>상의"", ""review_avg"": 5.0, ""sale_percent"": 28, ""sale_price"": 33840, ""sold_out"": false, ""url"": ""https://product.29cm.co.kr/catalog/4134050""}",2026-10-04T01:07:21+00:00_e382e724
2026-10-04T10:07:21+09:00,2026-10-04T01:07:22+00:00,commerce_rank,GUSSET RAGLAN L/S T-SHIRT [BLUE],29cm:4134340,heart_count,662.0,"{""brand_eng"": ""UNION BLUE"", ""brand_kor"": ""유니온 블루"", ""brand_no"": 13510, ""category1"": ""남성의류"", ""category2"": ""상의"", ""category3"": ""긴소매 티셔츠"", ""category3_code"": 272103102, ""is_new"": false, ""item_no"": 4134340, ""period_sort"": ""ONE_DAY"", ""platform"": ""29cm"", ""ranking_category_code"": ""272103100"", ""ranking_category_name"": ""남성의류>상의"", ""review_avg"": 5.0, ""sale_percent"": 10, ""sale_price"": 70200, ""sold_out"": false, ""url"": ""https://product.29cm.co.kr/catalog/4134340""}",2026-10-04T01:07:21+00:00_e382e724
2026-10-04T10:07:21+09:00,2026-10-04T01:07:22+00:00,commerce_rank,GUSSET RAGLAN L/S T-SHIRT [BLUE],29cm:4134340,review_count,5.0,"{""brand_eng"": ""UNION BLUE"", ""brand_kor"": ""유니온 블루"", ""brand_no"": 13510, ""category1"": ""남성의류"", ""category2"": ""상의"", ""category3"": ""긴소매 티셔츠"", ""category3_code"": 272103102, ""is_new"": false, ""item_no"": 4134340, ""period_sort"": ""ONE_DAY"", ""platform"": ""29cm"", ""ranking_category_code"": ""272103100"", ""ranking_category_name"": ""남성의류>상의"", ""review_avg"": 5.0, ""sale_percent"": 10, ""sale_price"": 70200, ""sold_out"": false, ""url"": ""https://product.29cm.co.kr/catalog/4134340""}",2026-10-04T01:07:21+00:00_e382e724
2026-10-04T10:07:21+09:00,2026-10-04T01:07:22+00:00,commerce_rank,GUSSET RAGLAN L/S T-SHIRT [BLUE],29cm:4134340@272103100,rank,24.0,"{""brand_eng"": ""UNION BLUE"", ""brand_kor"": ""유니온 블루"", ""brand_no"": 13510, ""category1"": ""남성의류"", ""category2"": ""상의"", ""category3"": ""긴소매 티셔츠"", ""category3_code"": 272103102, ""is_new"": false, ""item_no"": 4134340, ""period_sort"": ""ONE_DAY"", ""platform"": ""29cm"", ""ranking_category_code"": ""272103100"", ""ranking_category_name"": ""남성의류>상의"", ""review_avg"": 5.0, ""sale_percent"": 10, ""sale_price"": 70200, ""sold_out"": false, ""url"": ""https://product.29cm.co.kr/catalog/4134340""}",2026-10-04T01:07:21+00:00_e382e724
2026-10-04T10:07:21+09:00,2026-10-04T01:07:21+00:00,commerce_rank,셀즈 셔츠 블라우스_2COLORS,29cm:4134563,heart_count,5153.0,"{""brand_eng"": ""MERRYON"", ""brand_kor"": ""메리온"", ""brand_no"": 108383, ""category1"": ""여성의류"", ""category2"": ""상의"", ""category3"": ""셔츠"", ""category3_code"": 268103106, ""is_new"": false, ""item_no"": 4134563, ""period_sort"": ""ONE_DAY"", ""platform"": ""29cm"", ""ranking_category_code"": ""268103100"", ""ranking_category_name"": ""여성의류>상의"", ""review_avg"": 4.5, ""sale_percent"": 28, ""sale_price"": 85680, ""sold_out"": false, ""url"": ""https://product.29cm.co.kr/catalog/4134563""}",2026-10-04T01:07:21+00:00_e382e724
2026-10-04T10:07:21+09:00,2026-10-04T01:07:21+00:00,commerce_rank,셀즈 셔츠 블라우스_2COLORS,29cm:4134563,review_count,20.0,"{""brand_eng"": ""MERRYON"", ""brand_kor"": ""메리온"", ""brand_no"": 108383, ""category1"": ""여성의류"", ""category2"": ""상의"", ""category3"": ""셔츠"", ""category3_code"": 268103106, ""is_new"": false, ""item_no"": 4134563, ""period_sort"": ""ONE_DAY"", ""platform"": ""29cm"", ""ranking_category_code"": ""268103100"", ""ranking_category_name"": ""여성의류>상의"", ""review_avg"": 4.5, ""sale_percent"": 28, ""sale_price"": 85680, ""sold_out"": false, ""url"": ""https://product.29cm.co.kr/catalog/4134563""}",2026-10-04T01:07:21+00:00_e382e724
2026-10-04T10:07:21+09:00,2026-10-04T01:07:21+00:00,commerce_rank,셀즈 셔츠 블라우스_2COLORS,29cm:4134563@268103100,rank,66.0,"{""brand_eng"": ""MERRYON"", ""brand_kor"": ""메리온"", ""brand_no"": 108383, ""category1"": ""여성의류"", ""category2"": ""상의"", ""category3"": ""셔츠"", ""category3_code"": 268103106, ""is_new"": false, ""item_no"": 4134563, ""period_sort"": ""ONE_DAY"", ""platform"": ""29cm"", ""ranking_category_code"": ""268103100"", ""ranking_category_name"": ""여성의류>상의"", ""review_avg"": 4.5, ""sale_percent"": 28, ""sale_price"": 85680, ""sold_out"": false, ""url"": ""https://product.29cm.co.kr/catalog/4134563""}",2026-10-04T01:07:21+00:00_e382e724
2026-10-04T10:07:21+09:00,2026-10-04T01:07:21+00:00,commerce_rank,"[4th REORDER, 10/15 예약배송] LACE-DETAILED SLEEVELESS TOP (GREY)",29cm:4135019,heart_count,3471.0,"{""brand_eng"": ""LCDC TM"", ""brand_kor"": ""엘씨디씨 티엠"", ""brand_no"": 20882, ""category1"": ""여성의류"", ""category2"": ""상의"", ""category3"": ""긴소매 티셔츠"", ""category3_code"": 268103102, ""is_new"": false, ""item_no"": 4135019, ""period_sort"": ""ONE_DAY"", ""platform"": ""29cm"", ""ranking_category_code"": ""268103100"", ""ranking_category_name"": ""여성의류>상의"", ""review_avg"": 4.5, ""sale_percent"": 10, ""sale_price"": 116100, ""sold_out"": false, ""url"": ""https://product.29cm.co.kr/catalog/4135019""}",2026-10-04T01:07:21+00:00_e382e724
2026-10-04T10:07:21+09:00,2026-10-04T01:07:21+00:00,commerce_rank,"[4th REORDER, 10/15 예약배송] LACE-DETAILED SLEEVELESS TOP (GREY)",29cm:4135019,review_count,17.0,"{""brand_eng"": ""LCDC TM"", ""brand_kor"": ""엘씨디씨 티엠"", ""brand_no"": 20882, ""category1"": ""여성의류"", ""category2"": ""상의"", ""category3"": ""긴소매 티셔츠"", ""category3_code"": 268103102, ""is_new"": false, ""item_no"": 4135019, ""period_sort"": ""ONE_DAY"", ""platform"": ""29cm"", ""ranking_category_code"": ""268103100"", ""ranking_category_name"": ""여성의류>상의"", ""review_avg"": 4.5, ""sale_percent"": 10, ""sale_price"": 116100, ""sold_out"": false, ""url"": ""https://product.29cm.co.kr/catalog/4135019""}",2026-10-04T01:07:21+00:00_e382e724
2026-10-04T10:07:21+09:00,2026-10-04T01:07:21+00:00,commerce_rank,"[4th REORDER, 10/15 예약배송] LACE-DETAILED SLEEVELESS TOP (GREY)",29cm:4135019@268103100,rank,77.0,"{""brand_eng"": ""LCDC TM"", ""brand_kor"": ""엘씨디씨 티엠"", ""brand_no"": 20882, ""category1"": ""여성의류"", ""category2"": ""상의"", ""category3"": ""긴소매 티셔츠"", ""category3_code"": 268103102, ""is_new"": false, ""item_no"": 4135019, ""period_sort"": ""ONE_DAY"", ""platform"": ""29cm"", ""ranking_category_code"": ""268103100"", ""ranking_category_name"": ""여성의류>상의"", ""review_avg"": 4.5, ""sale_percent"": 10, ""sale_price"": 116100, ""sold_out"": false, ""url"": ""https://product.29cm.co.kr/catalog/4135019""}",2026-10-04T01:07:21+00:00_e382e724
2026-10-04T10:07:21+09:00,2026-10-04T01:07:22+00:00,commerce_rank,Slub Double Neck Long Sleeve Navy,29cm:4135188,heart_count,194.0,"{""brand_eng"": ""partimento"", ""brand_kor"": ""파르티멘토"", ""brand_no"": 1588, ""category1"": ""여성의류"", ""category2"": ""상의"", ""category3"": ""긴소매 티셔츠"", ""category3_code"": 268103102, ""is_new"": false, ""item_no"": 4135188, ""period_sort"": ""ONE_DAY"", ""platform"": ""29cm"", ""ranking_category_code"": ""272103100"", ""ranking_category_name"": ""남성의류>상의"", ""review_avg"": 5.0, ""sale_percent"": 28, ""sale_price"": 34110, ""sold_out"": false, ""url"": ""https://product.29cm.co.kr/catalog/4135188""}",2026-10-04T01:07:21+00:00_e382e724
2026-10-04T10:07:21+09:00,2026-10-04T01:07:22+00:00,commerce_rank,Slub Double Neck Long Sleeve Navy,29cm:4135188,review_count,6.0,"{""brand_eng"": ""partimento"", ""brand_kor"": ""파르티멘토"", ""brand_no"": 1588, ""category1"": ""여성의류"", ""category2"": ""상의"", ""category3"": ""긴소매 티셔츠"", ""category3_code"": 268103102, ""is_new"": false, ""item_no"": 4135188, ""period_sort"": ""ONE_DAY"", ""platform"": ""29cm"", ""ranking_category_code"": ""272103100"", ""ranking_category_name"": ""남성의류>상의"", ""review_avg"": 5.0, ""sale_percent"": 28, ""sale_price"": 34110, ""sold_out"": false, ""url"": ""https://product.29cm.co.kr/catalog/4135188""}",2026-10-04T01:07:21+00:00_e382e724
2026-10-04T10:07:21+09:00,2026-10-04T01:07:22+00:00,commerce_rank,Slub Double Neck Long Sleeve Navy,29cm:4135188@272103100,rank,46.0,"{""brand_eng"": ""partimento"", ""brand_kor"": ""파르티멘토"", ""brand_no"": 1588, ""category1"": ""여성의류"", ""category2"": ""상의"", ""category3"": ""긴소매 티셔츠"", ""category3_code"": 268103102, ""is_new"": false, ""item_no"": 4135188, ""period_sort"": ""ONE_DAY"", ""platform"": ""29cm"", ""ranking_category_code"": ""272103100"", ""ranking_category_name"": ""남성의류>상의"", ""review_avg"": 5.0, ""sale_percent"": 28, ""sale_price"": 34110, ""sold_out"": false, ""url"": ""https://product.29cm.co.kr/catalog/4135188""}",2026-10-04T01:07:21+00:00_e382e724
2026-10-04T10:07:21+09:00,2026-10-04T01:07:22+00:00,commerce_rank,Raw Edge Pocket Long Sleeve Melange Gray,29cm:4135206,heart_count,728.0,"{""brand_eng"": ""partimento"", ""brand_kor"": ""파르티멘토"", ""brand_no"": 1588, ""category1"": ""여성의류"", ""category2"": ""상의"", ""category3"": ""긴소매 티셔츠"", ""category3_code"": 268103102, ""is_new"": false, ""item_no"": 4135206, ""period_sort"": ""ONE_DAY"", ""platform"": ""29cm"", ""ranking_category_code"": ""272103100"", ""ranking_category_name"": ""남성의류>상의"", ""review_avg"": 5.0, ""sale_percent"": 28, ""sale_price"": 29610, ""sold_out"": false, ""url"": ""https://product.29cm.co.kr/catalog/4135206""}",2026-10-04T01:07:21+00:00_e382e724
2026-10-04T10:07:21+09:00,2026-10-04T01:07:22+00:00,commerce_rank,Raw Edge Pocket Long Sleeve Melange Gray,29cm:4135206,review_count,22.0,"{""brand_eng"": ""partimento"", ""brand_kor"": ""파르티멘토"", ""brand_no"": 1588, ""category1"": ""여성의류"", ""category2"": ""상의"", ""category3"": ""긴소매 티셔츠"", ""category3_code"": 268103102, ""is_new"": false, ""item_no"": 4135206, ""period_sort"": ""ONE_DAY"", ""platform"": ""29cm"", ""ranking_category_code"": ""272103100"", ""ranking_category_name"": ""남성의류>상의"", ""review_avg"": 5.0, ""sale_percent"": 28, ""sale_price"": 29610, ""sold_out"": false, ""url"": ""https://product.29cm.co.kr/catalog/4135206""}",2026-10-04T01:07:21+00:00_e382e724
2026-10-04T10:07:21+09:00,2026-10-04T01:07:22+00:00,commerce_rank,Raw Edge Pocket Long Sleeve Melange Gray,29cm:4135206@272103100,rank,20.0,"{""brand_eng"": ""partimento"", ""brand_kor"": ""파르티멘토"", ""brand_no"": 1588, ""category1"": ""여성의류"", ""category2"": ""상의"", ""category3"": ""긴소매 티셔츠"", ""category3_code"": 268103102, ""is_new"": false, ""item_no"": 4135206, ""period_sort"": ""ONE_DAY"", ""platform"": ""29cm"", ""ranking_category_code"": ""272103100"", ""ranking_category_name"": ""남성의류>상의"", ""review_avg"": 5.0, ""sale_percent"": 28, ""sale_price"": 29610, ""sold_out"": false, ""url"": ""https://product.29cm.co.kr/catalog/4135206""}",2026-10-04T01:07:21+00:00_e382e724
2026-10-04T10:07:21+09:00,2026-10-04T01:07:22+00:00,commerce_rank,Raw Edge Pocket Long Sleeve Ivory,29cm:4135209,heart_count,186.0,"{""brand_eng"": ""partimento"", ""brand_kor"": ""파르티멘토"", ""brand_no"": 1588, ""category1"": ""여성의류"", ""category2"": ""상의"", ""category3"": ""긴소매 티셔츠"", ""category3_code"": 268103102, ""is_new"": false, ""item_no"": 4135209, ""period_sort"": ""ONE_DAY"", ""platform"": ""29cm"", ""ranking_category_code"": ""272103100"", ""ranking_category_name"": ""남성의류>상의"", ""review_avg"": 4.5, ""sale_percent"": 28, ""sale_price"": 29610, ""sold_out"": false, ""url"": ""https://product.29cm.co.kr/catalog/4135209""}",2026-10-04T01:07:21+00:00_e382e724
2026-10-04T10:07:21+09:00,2026-10-04T01:07:22+00:00,commerce_rank,Raw Edge Pocket Long Sleeve Ivory,29cm:4135209,review_count,7.0,"{""brand_eng"": ""partimento"", ""brand_kor"": ""파르티멘토"", ""brand_no"": 1588, ""category1"": ""여성의류"", ""category2"": ""상의"", ""category3"": ""긴소매 티셔츠"", ""category3_code"": 268103102, ""is_new"": false, ""item_no"": 4135209, ""period_sort"": ""ONE_DAY"", ""platform"": ""29cm"", ""ranking_category_code"": ""272103100"", ""ranking_category_name"": ""남성의류>상의"", ""review_avg"": 4.5, ""sale_percent"": 28, ""sale_price"": 29610, ""sold_out"": false, ""url"": ""https://product.29cm.co.kr/catalog/4135209""}",2026-10-04T01:07:21+00:00_e382e724
2026-10-04T10:07:21+09:00,2026-10-04T01:07:22+00:00,commerce_rank,Raw Edge Pocket Long Sleeve Ivory,29cm:4135209@272103100,rank,50.0,"{""brand_eng"": ""partimento"", ""brand_kor"": ""파르티멘토"", ""brand_no"": 1588, ""category1"": ""여성의류"", ""category2"": ""상의"", ""category3"": ""긴소매 티셔츠"", ""category3_code"": 268103102, ""is_new"": false, ""item_no"": 4135209, ""period_sort"": ""ONE_DAY"", ""platform"": ""29cm"", ""ranking_category_code"": ""272103100"", ""ranking_category_name"": ""남성의류>상의"", ""review_avg"": 4.5, ""sale_percent"": 28, ""sale_price"": 29610, ""sold_out"": false, ""url"": ""https://product.29cm.co.kr/catalog/4135209""}",2026-10-04T01:07:21+00:00_e382e724
2026-10-04T10:07:21+09:00,2026-10-04T01:07:22+00:00,commerce_rank,Raw Edge Pocket Long Sleeve Black,29cm:4135210,heart_count,214.0,"{""brand_eng"": ""partimento"", ""brand_kor"": ""파르티멘토"", ""brand_no"": 1588, ""category1"": ""여성의류"", ""category2"": ""상의"", ""category3"": ""긴소매 티셔츠"", ""category3_code"": 268103102, ""is_new"": false, ""item_no"": 4135210, ""period_sort"": ""ONE_DAY"", ""platform"": ""29cm"", ""ranking_category_code"": ""272103100"", ""ranking_category_name"": ""남성의류>상의"", ""review_avg"": 5.0, ""sale_percent"": 28, ""sale_price"": 29610, ""sold_out"": false, ""url"": ""https://product.29cm.co.kr/catalog/4135210""}",2026-10-04T01:07:21+00:00_e382e724
2026-10-04T10:07:21+09:00,2026-10-04T01:07:22+00:00,commerce_rank,Raw Edge Pocket Long Sleeve Black,29cm:4135210,review_count,12.0,"{""brand_eng"": ""partimento"", ""brand_kor"": ""파르티멘토"", ""brand_no"": 1588, ""category1"": ""여성의류"", ""category2"": ""상의"", ""category3"": ""긴소매 티셔츠"", ""category3_code"": 268103102, ""is_new"": false, ""item_no"": 4135210, ""period_sort"": ""ONE_DAY"", ""platform"": ""29cm"", ""ranking_category_code"": ""272103100"", ""ranking_category_name"": ""남성의류>상의"", ""review_avg"": 5.0, ""sale_percent"": 28, ""sale_price"": 29610, ""sold_out"": false, ""url"": ""https://product.29cm.co.kr/catalog/4135210""}",2026-10-04T01:07:21+00:00_e382e724
2026-10-04T10:07:21+09:00,2026-10-04T01:07:22+00:00,commerce_rank,Raw Edge Pocket Long Sleeve Black,29cm:4135210@272103100,rank,44.0,"{""brand_eng"": ""partimento"", ""brand_kor"": ""파르티멘토"", ""brand_no"": 1588, ""category1"": ""여성의류"", ""category2"": ""상의"", ""category3"": ""긴소매 티셔츠"", ""category3_code"": 268103102, ""is_new"": false, ""item_no"": 4135210, ""period_sort"": ""ONE_DAY"", ""platform"": ""29cm"", ""ranking_category_code"": ""272103100"", ""ranking_category_name"": ""남성의류>상의"", ""review_avg"": 5.0, ""sale_percent"": 28, ""sale_price"": 29610, ""sold_out"": false, ""url"": ""https://product.29cm.co.kr/catalog/4135210""}",2026-10-04T01:07:21+00:00_e382e724
2026-10-04T10:07:21+09:00,2026-10-04T01:07:21+00:00,commerce_rank,[29CM 단독] (8차_10/8 순차배송) 데일리 레글런 티셔츠 (라벤더),29cm:4135750,heart_count,3917.0,"{""brand_eng"": ""FOREU"", ""brand_kor"": ""포르어"", ""brand_no"": 95874, ""category1"": ""여성의류"", ""category2"": ""상의"", ""category3"": ""긴소매 티셔츠"", ""category3_code"": 268103102, ""is_new"": false, ""item_no"": 4135750, ""period_sort"": ""ONE_DAY"", ""platform"": ""29cm"", ""ranking_category_code"": ""268103100"", ""ranking_category_name"": ""여성의류>상의"", ""review_avg"": 5.0, ""sale_percent"": 10, ""sale_price"": 57600, ""sold_out"": false, ""url"": ""https://product.29cm.co.kr/catalog/4135750""}",2026-10-04T01:07:21+00:00_e382e724
2026-10-04T10:07:21+09:00,2026-10-04T01:07:21+00:00,commerce_rank,[29CM 단독] (8차_10/8 순차배송) 데일리 레글런 티셔츠 (라벤더),29cm:4135750,review_count,66.0,"{""brand_eng"": ""FOREU"", ""brand_kor"": ""포르어"", ""brand_no"": 95874, ""category1"": ""여성의류"", ""category2"": ""상의"", ""category3"": ""긴소매 티셔츠"", ""category3_code"": 268103102, ""is_new"": false, ""item_no"": 4135750, ""period_sort"": ""ONE_DAY"", ""platform"": ""29cm"", ""ranking_category_code"": ""268103100"", ""ranking_category_name"": ""여성의류>상의"", ""review_avg"": 5.0, ""sale_percent"": 10, ""sale_price"": 57600, ""sold_out"": false, ""url"": ""https://product.29cm.co.kr/catalog/4135750""}",2026-10-04T01:07:21+00:00_e382e724
2026-10-04T10:07:21+09:00,2026-10-04T01:07:21+00:00,commerce_rank,[29CM 단독] (8차_10/8 순차배송) 데일리 레글런 티셔츠 (라벤더),29cm:4135750@268103100,rank,63.0,"{""brand_eng"": ""FOREU"", ""brand_kor"": ""포르어"", ""brand_no"": 95874, ""category1"": ""여성의류"", ""category2"": ""상의"", ""category3"": ""긴소매 티셔츠"", ""category3_code"": 268103102, ""is_new"": false, ""item_no"": 4135750, ""period_sort"": ""ONE_DAY"", ""platform"": ""29cm"", ""ranking_category_code"": ""268103100"", ""ranking_category_name"": ""여성의류>상의"", ""review_avg"": 5.0, ""sale_percent"": 10, ""sale_price"": 57600, ""sold_out"": false, ""url"": ""https://product.29cm.co.kr/catalog/4135750""}",2026-10-04T01:07:21+00:00_e382e724
2026-10-04T10:07:21+09:00,2026-10-04T01:07:22+00:00,commerce_rank,멘즈 라이트웨이트 신칠라 스냅-티 풀오버 25551R7,29cm:4136312,heart_count,960.0,"{""brand_eng"": ""PATAGONIA"", ""brand_kor"": ""파타고니아"", ""brand_no"": 34278, ""category1"": ""남성의류"", ""category2"": ""상의"", ""category3"": ""스웨트셔츠"", ""category3_code"": 272103107, ""is_new"": false, ""item_no"": 4136312, ""period_sort"": ""ONE_DAY"", ""platform"": ""29cm"", ""ranking_category_code"": ""272103100"", ""ranking_category_name"": ""남성의류>상의"", ""review_avg"": 5.0, ""sale_percent"": 5, ""sale_price"": 227050, ""sold_out"": false, ""url"": ""https://product.29cm.co.kr/catalog/4136312""}",2026-10-04T01:07:21+00:00_e382e724
2026-10-04T10:07:21+09:00,2026-10-04T01:07:22+00:00,commerce_rank,멘즈 라이트웨이트 신칠라 스냅-티 풀오버 25551R7,29cm:4136312,review_count,7.0,"{""brand_eng"": ""PATAGONIA"", ""brand_kor"": ""파타고니아"", ""brand_no"": 34278, ""category1"": ""남성의류"", ""category2"": ""상의"", ""category3"": ""스웨트셔츠"", ""category3_code"": 272103107, ""is_new"": false, ""item_no"": 4136312, ""period_sort"": ""ONE_DAY"", ""platform"": ""29cm"", ""ranking_category_code"": ""272103100"", ""ranking_category_name"": ""남성의류>상의"", ""review_avg"": 5.0, ""sale_percent"": 5, ""sale_price"": 227050, ""sold_out"": false, ""url"": ""https://product.29cm.co.kr/catalog/4136312""}",2026-10-04T01:07:21+00:00_e382e724
2026-10-04T10:07:21+09:00,2026-10-04T01:07:22+00:00,commerce_rank,멘즈 라이트웨이트 신칠라 스냅-티 풀오버 25551R7,29cm:4136312@272103100,rank,6.0,"{""brand_eng"": ""PATAGONIA"", ""brand_kor"": ""파타고니아"", ""brand_no"": 34278, ""category1"": ""남성의류"", ""category2"": ""상의"", ""category3"": ""스웨트셔츠"", ""category3_code"": 272103107, ""is_new"": false, ""item_no"": 4136312, ""period_sort"": ""ONE_DAY"", ""platform"": ""29cm"", ""ranking_category_code"": ""272103100"", ""ranking_category_name"": ""남성의류>상의"", ""review_avg"": 5.0, ""sale_percent"": 5, ""sale_price"": 227050, ""sold_out"": false, ""url"": ""https://product.29cm.co.kr/catalog/4136312""}",2026-10-04T01:07:21+00:00_e382e724
2026-10-04T10:07:21+09:00,2026-10-04T01:07:21+00:00,commerce_rank,[1차 리오더] Sheer boatneck raglan t-shirt_4colors,29cm:4137017,heart_count,2779.0,"{""brand_eng"": ""URAGO"", ""brand_kor"": ""유라고"", ""brand_no"": 2221, ""category1"": ""여성의류"", ""category2"": ""상의"", ""category3"": ""긴소매 티셔츠"", ""category3_code"": 268103102, ""is_new"": false, ""item_no"": 4137017, ""period_sort"": ""ONE_DAY"", ""platform"": ""29cm"", ""ranking_category_code"": ""268103100"", ""ranking_category_name"": ""여성의류>상의"", ""review_avg"": 5.0, ""sale_percent"": 10, ""sale_price"": 52200, ""sold_out"": false, ""url"": ""https://product.29cm.co.kr/catalog/4137017""}",2026-10-04T01:07:21+00:00_e382e724
2026-10-04T10:07:21+09:00,2026-10-04T01:07:21+00:00,commerce_rank,[1차 리오더] Sheer boatneck raglan t-shirt_4colors,29cm:4137017,review_count,18.0,"{""brand_eng"": ""URAGO"", ""brand_kor"": ""유라고"", ""brand_no"": 2221, ""category1"": ""여성의류"", ""category2"": ""상의"", ""category3"": ""긴소매 티셔츠"", ""category3_code"": 268103102, ""is_new"": false, ""item_no"": 4137017, ""period_sort"": ""ONE_DAY"", ""platform"": ""29cm"", ""ranking_category_code"": ""268103100"", ""ranking_category_name"": ""여성의류>상의"", ""review_avg"": 5.0, ""sale_percent"": 10, ""sale_price"": 52200, ""sold_out"": false, ""url"": ""https://product.29cm.co.kr/catalog/4137017""}",2026-10-04T01:07:21+00:00_e382e724
2026-10-04T10:07:21+09:00,2026-10-04T01:07:21+00:00,commerce_rank,[1차 리오더] Sheer boatneck raglan t-shirt_4colors,29cm:4137017@268103100,rank,51.0,"{""brand_eng"": ""URAGO"", ""brand_kor"": ""유라고"", ""brand_no"": 2221, ""category1"": ""여성의류"", ""category2"": ""상의"", ""category3"": ""긴소매 티셔츠"", ""category3_code"": 268103102, ""is_new"": false, ""item_no"": 4137017, ""period_sort"": ""ONE_DAY"", ""platform"": ""29cm"", ""ranking_category_code"": ""268103100"", ""ranking_category_name"": ""여성의류>상의"", ""review_avg"": 5.0, ""sale_percent"": 10, ""sale_price"": 52200, ""sold_out"": false, ""url"": ""https://product.29cm.co.kr/catalog/4137017""}",2026-10-04T01:07:21+00:00_e382e724
2026-10-04T10:07:21+09:00,2026-10-04T01:07:21+00:00,commerce_rank,[1차 리오더] Check frill pintuck blouse_2colors,29cm:4137027,heart_count,2125.0,"{""brand_eng"": ""URAGO"", ""brand_kor"": ""유라고"", ""brand_no"": 2221, ""category1"": ""여성의류"", ""category2"": ""상의"", ""category3"": ""블라우스"", ""category3_code"": 268103107, ""is_new"": false, ""item_no"": 4137027, ""period_sort"": ""ONE_DAY"", ""platform"": ""29cm"", ""ranking_category_code"": ""268103100"", ""ranking_category_name"": ""여성의류>상의"", ""review_avg"": 5.0, ""sale_percent"": 10, ""sale_price"": 80100, ""sold_out"": false, ""url"": ""https://product.29cm.co.kr/catalog/4137027""}",2026-10-04T01:07:21+00:00_e382e724
2026-10-04T10:07:21+09:00,2026-10-04T01:07:21+00:00,commerce_rank,[1차 리오더] Check frill pintuck blouse_2colors,29cm:4137027,review_count,9.0,"{""brand_eng"": ""URAGO"", ""brand_kor"": ""유라고"", ""brand_no"": 2221, ""category1"": ""여성의류"", ""category2"": ""상의"", ""category3"": ""블라우스"", ""category3_code"": 268103107, ""is_new"": false, ""item_no"": 4137027, ""period_sort"": ""ONE_DAY"", ""platform"": ""29cm"", ""ranking_category_code"": ""268103100"", ""ranking_category_name"": ""여성의류>상의"", ""review_avg"": 5.0, ""sale_percent"": 10, ""sale_price"": 80100, ""sold_out"": false, ""url"": ""https://product.29cm.co.kr/catalog/4137027""}",2026-10-04T01:07:21+00:00_e382e724
2026-10-04T10:07:21+09:00,2026-10-04T01:07:21+00:00,commerce_rank,[1차 리오더] Check frill pintuck blouse_2colors,29cm:4137027@268103100,rank,84.0,"{""brand_eng"": ""URAGO"", ""brand_kor"": ""유라고"", ""brand_no"": 2221, ""category1"": ""여성의류"", ""category2"": ""상의"", ""category3"": ""블라우스"", ""category3_code"": 268103107, ""is_new"": false, ""item_no"": 4137027, ""period_sort"": ""ONE_DAY"", ""platform"": ""29cm"", ""ranking_category_code"": ""268103100"", ""ranking_category_name"": ""여성의류>상의"", ""review_avg"": 5.0, ""sale_percent"": 10, ""sale_price"": 80100, ""sold_out"": false, ""url"": ""https://product.29cm.co.kr/catalog/4137027""}",2026-10-04T01:07:21+00:00_e382e724
2026-10-04T10:07:21+09:00,2026-10-04T01:07:21+00:00,commerce_rank,CONTRAST SLIM RAGLAN TOP (SOFT BLUE+BROWN),29cm:4137132,heart_count,1758.0,"{""brand_eng"": ""ASURA"", ""brand_kor"": ""아수라"", ""brand_no"": 8493, ""category1"": ""여성의류"", ""category2"": ""상의"", ""category3"": ""긴소매 티셔츠"", ""category3_code"": 268103102, ""is_new"": false, ""item_no"": 4137132, ""period_sort"": ""ONE_DAY"", ""platform"": ""29cm"", ""ranking_category_code"": ""268103100"", ""ranking_category_name"": ""여성의류>상의"", ""review_avg"": 5.0, ""sale_percent"": 10, ""sale_price"": 53100, ""sold_out"": false, ""url"": ""https://product.29cm.co.kr/catalog/4137132""}",2026-10-04T01:07:21+00:00_e382e724
2026-10-04T10:07:21+09:00,2026-10-04T01:07:21+00:00,commerce_rank,CONTRAST SLIM RAGLAN TOP (SOFT BLUE+BROWN),29cm:4137132,review_count,9.0,"{""brand_eng"": ""ASURA"", ""brand_kor"": ""아수라"", ""brand_no"": 8493, ""category1"": ""여성의류"", ""category2"": ""상의"", ""category3"": ""긴소매 티셔츠"", ""category3_code"": 268103102, ""is_new"": false, ""item_no"": 4137132, ""period_sort"": ""ONE_DAY"", ""platform"": ""29cm"", ""ranking_category_code"": ""268103100"", ""ranking_category_name"": ""여성의류>상의"", ""review_avg"": 5.0, ""sale_percent"": 10, ""sale_price"": 53100, ""sold_out"": false, ""url"": ""https://product.29cm.co.kr/catalog/4137132""}",2026-10-04T01:07:21+00:00_e382e724
2026-10-04T10:07:21+09:00,2026-10-04T01:07:21+00:00,commerce_rank,CONTRAST SLIM RAGLAN TOP (SOFT BLUE+BROWN),29cm:4137132@268103100,rank,90.0,"{""brand_eng"": ""ASURA"", ""brand_kor"": ""아수라"", ""brand_no"": 8493, ""category1"": ""여성의류"", ""category2"": ""상의"", ""category3"": ""긴소매 티셔츠"", ""category3_code"": 268103102, ""is_new"": false, ""item_no"": 4137132, ""period_sort"": ""ONE_DAY"", ""platform"": ""29cm"", ""ranking_category_code"": ""268103100"", ""ranking_category_name"": ""여성의류>상의"", ""review_avg"": 5.0, ""sale_percent"": 10, ""sale_price"": 53100, ""sold_out"": false, ""url"": ""https://product.29cm.co.kr/catalog/4137132""}",2026-10-04T01:07:21+00:00_e382e724
2026-10-04T10:07:21+09:00,2026-10-04T01:07:21+00:00,commerce_rank,COTTON HENLEY MID SLEEVE T (WINE),29cm:4137140,heart_count,678.0,"{""brand_eng"": ""ASURA"", ""brand_kor"": ""아수라"", ""brand_no"": 8493, ""category1"": ""여성의류"", ""category2"": ""상의"", ""category3"": ""긴소매 티셔츠"", ""category3_code"": 268103102, ""is_new"": false, ""item_no"": 4137140, ""period_sort"": ""ONE_DAY"", ""platform"": ""29cm"", ""ranking_category_code"": ""268103100"", ""ranking_category_name"": ""여성의류>상의"", ""review_avg"": 5.0, ""sale_percent"": 10, ""sale_price"": 53100, ""sold_out"": false, ""url"": ""https://product.29cm.co.kr/catalog/4137140""}",2026-10-04T01:07:21+00:00_e382e724
2026-10-04T10:07:21+09:00,2026-10-04T01:07:21+00:00,commerce_rank,COTTON HENLEY MID SLEEVE T (WINE),29cm:4137140,review_count,1.0,"{""brand_eng"": ""ASURA"", ""brand_kor"": ""아수라"", ""brand_no"": 8493, ""category1"": ""여성의류"", ""category2"": ""상의"", ""category3"": ""긴소매 티셔츠"", ""category3_code"": 268103102, ""is_new"": false, ""item_no"": 4137140, ""period_sort"": ""ONE_DAY"", ""platform"": ""29cm"", ""ranking_category_code"": ""268103100"", ""ranking_category_name"": ""여성의류>상의"", ""review_avg"": 5.0, ""sale_percent"": 10, ""sale_price"": 53100, ""sold_out"": false, ""url"": ""https://product.29cm.co.kr/catalog/4137140""}",2026-10-04T01:07:21+00:00_e382e724
2026-10-04T10:07:21+09:00,2026-10-04T01:07:21+00:00,commerce_rank,COTTON HENLEY MID SLEEVE T (WINE),29cm:4137140@268103100,rank,11.0,"{""brand_eng"": ""ASURA"", ""brand_kor"": ""아수라"", ""brand_no"": 8493, ""category1"": ""여성의류"", ""category2"": ""상의"", ""category3"": ""긴소매 티셔츠"", ""category3_code"": 268103102, ""is_new"": false, ""item_no"": 4137140, ""period_sort"": ""ONE_DAY"", ""platform"": ""29cm"", ""ranking_category_code"": ""268103100"", ""ranking_category_name"": ""여성의류>상의"", ""review_avg"": 5.0, ""sale_percent"": 10, ""sale_price"": 53100, ""sold_out"": false, ""url"": ""https://product.29cm.co.kr/catalog/4137140""}",2026-10-04T01:07:21+00:00_e382e724
2026-10-04T10:07:21+09:00,2026-10-04T01:07:22+00:00,commerce_rank,남녀공용 플로우 크롭 무지 롱 슬리브 긴팔 티셔츠_6colors,29cm:4142833,heart_count,18.0,"{""brand_eng"": ""NUARTSTUDIO"", ""brand_kor"": ""누아트스튜디오"", ""brand_no"": 21874, ""category1"": ""남성의류"", ""category2"": ""상의"", ""category3"": ""긴소매 티셔츠"", ""category3_code"": 272103102, ""is_new"": false, ""item_no"": 4142833, ""period_sort"": ""ONE_DAY"", ""platform"": ""29cm"", ""ranking_category_code"": ""272103100"", ""ranking_category_name"": ""남성의류>상의"", ""review_avg"": 4.0, ""sale_percent"": 65, ""sale_price"": 13950, ""sold_out"": false, ""url"": ""https://product.29cm.co.kr/catalog/4142833""}",2026-10-04T01:07:21+00:00_e382e724
2026-10-04T10:07:21+09:00,2026-10-04T01:07:22+00:00,commerce_rank,남녀공용 플로우 크롭 무지 롱 슬리브 긴팔 티셔츠_6colors,29cm:4142833,review_count,1.0,"{""brand_eng"": ""NUARTSTUDIO"", ""brand_kor"": ""누아트스튜디오"", ""brand_no"": 21874, ""category1"": ""남성의류"", ""category2"": ""상의"", ""category3"": ""긴소매 티셔츠"", ""category3_code"": 272103102, ""is_new"": false, ""item_no"": 4142833, ""period_sort"": ""ONE_DAY"", ""platform"": ""29cm"", ""ranking_category_code"": ""272103100"", ""ranking_category_name"": ""남성의류>상의"", ""review_avg"": 4.0, ""sale_percent"": 65, ""sale_price"": 13950, ""sold_out"": false, ""url"": ""https://product.29cm.co.kr/catalog/4142833""}",2026-10-04T01:07:21+00:00_e382e724
2026-10-04T10:07:21+09:00,2026-10-04T01:07:22+00:00,commerce_rank,남녀공용 플로우 크롭 무지 롱 슬리브 긴팔 티셔츠_6colors,29cm:4142833@272103100,rank,43.0,"{""brand_eng"": ""NUARTSTUDIO"", ""brand_kor"": ""누아트스튜디오"", ""brand_no"": 21874, ""category1"": ""남성의류"", ""category2"": ""상의"", ""category3"": ""긴소매 티셔츠"", ""category3_code"": 272103102, ""is_new"": false, ""item_no"": 4142833, ""period_sort"": ""ONE_DAY"", ""platform"": ""29cm"", ""ranking_category_code"": ""272103100"", ""ranking_category_name"": ""남성의류>상의"", ""review_avg"": 4.0, ""sale_percent"": 65, ""sale_price"": 13950, ""sold_out"": false, ""url"": ""https://product.29cm.co.kr/catalog/4142833""}",2026-10-04T01:07:21+00:00_e382e724
2026-10-04T10:07:21+09:00,2026-10-04T01:07:21+00:00,commerce_rank,Bertie overfit sweatshirt (mgy/ch),29cm:4142878,heart_count,709.0,"{""brand_eng"": ""THE MITTEN"", ""brand_kor"": ""더미튼"", ""brand_no"": 25573, ""category1"": ""여성의류"", ""category2"": ""상의"", ""category3"": ""스웨트셔츠"", ""category3_code"": 268103104, ""is_new"": false, ""item_no"": 4142878, ""period_sort"": ""ONE_DAY"", ""platform"": ""29cm"", ""ranking_category_code"": ""268103100"", ""ranking_category_name"": ""여성의류>상의"", ""review_avg"": 5.0, ""sale_percent"": 23, ""sale_price"": 72680, ""sold_out"": false, ""url"": ""https://product.29cm.co.kr/catalog/4142878""}",2026-10-04T01:07:21+00:00_e382e724
2026-10-04T10:07:21+09:00,2026-10-04T01:07:21+00:00,commerce_rank,Bertie overfit sweatshirt (mgy/ch),29cm:4142878,review_count,5.0,"{""brand_eng"": ""THE MITTEN"", ""brand_kor"": ""더미튼"", ""brand_no"": 25573, ""category1"": ""여성의류"", ""category2"": ""상의"", ""category3"": ""스웨트셔츠"", ""category3_code"": 268103104, ""is_new"": false, ""item_no"": 4142878, ""period_sort"": ""ONE_DAY"", ""platform"": ""29cm"", ""ranking_category_code"": ""268103100"", ""ranking_category_name"": ""여성의류>상의"", ""review_avg"": 5.0, ""sale_percent"": 23, ""sale_price"": 72680, ""sold_out"": false, ""url"": ""https://product.29cm.co.kr/catalog/4142878""}",2026-10-04T01:07:21+00:00_e382e724
2026-10-04T10:07:21+09:00,2026-10-04T01:07:21+00:00,commerce_rank,Bertie overfit sweatshirt (mgy/ch),29cm:4142878@268103100,rank,33.0,"{""brand_eng"": ""THE MITTEN"", ""brand_kor"": ""더미튼"", ""brand_no"": 25573, ""category1"": ""여성의류"", ""category2"": ""상의"", ""category3"": ""스웨트셔츠"", ""category3_code"": 268103104, ""is_new"": false, ""item_no"": 4142878, ""period_sort"": ""ONE_DAY"", ""platform"": ""29cm"", ""ranking_category_code"": ""268103100"", ""ranking_category_name"": ""여성의류>상의"", ""review_avg"": 5.0, ""sale_percent"": 23, ""sale_price"": 72680, ""sold_out"": false, ""url"": ""https://product.29cm.co.kr/catalog/4142878""}",2026-10-04T01:07:21+00:00_e382e724
2026-10-04T10:07:21+09:00,2026-10-04T01:07:21+00:00,commerce_rank,deep v-neck slub t-shirt  (NA),29cm:4146567,heart_count,1689.0,"{""brand_eng"": ""haveawhale"", ""brand_kor"": ""해브어웨일"", ""brand_no"": 66481, ""category1"": ""여성의류"", ""category2"": ""상의"", ""category3"": ""긴소매 티셔츠"", ""category3_code"": 268103102, ""is_new"": false, ""item_no"": 4146567, ""period_sort"": ""ONE_DAY"", ""platform"": ""29cm"", ""ranking_category_code"": ""268103100"", ""ranking_category_name"": ""여성의류>상의"", ""review_avg"": 5.0, ""sale_percent"": 37, ""sale_price"": 62370, ""sold_out"": false, ""url"": ""https://product.29cm.co.kr/catalog/4146567""}",2026-10-04T01:07:21+00:00_e382e724
2026-10-04T10:07:21+09:00,2026-10-04T01:07:21+00:00,commerce_rank,deep v-neck slub t-shirt  (NA),29cm:4146567,review_count,1.0,"{""brand_eng"": ""haveawhale"", ""brand_kor"": ""해브어웨일"", ""brand_no"": 66481, ""category1"": ""여성의류"", ""category2"": ""상의"", ""category3"": ""긴소매 티셔츠"", ""category3_code"": 268103102, ""is_new"": false, ""item_no"": 4146567, ""period_sort"": ""ONE_DAY"", ""platform"": ""29cm"", ""ranking_category_code"": ""268103100"", ""ranking_category_name"": ""여성의류>상의"", ""review_avg"": 5.0, ""sale_percent"": 37, ""sale_price"": 62370, ""sold_out"": false, ""url"": ""https://product.29cm.co.kr/catalog/4146567""}",2026-10-04T01:07:21+00:00_e382e724
2026-10-04T10:07:21+09:00,2026-10-04T01:07:21+00:00,commerce_rank,deep v-neck slub t-shirt  (NA),29cm:4146567@268103100,rank,71.0,"{""brand_eng"": ""haveawhale"", ""brand_kor"": ""해브어웨일"", ""brand_no"": 66481, ""category1"": ""여성의류"", ""category2"": ""상의"", ""category3"": ""긴소매 티셔츠"", ""category3_code"": 268103102, ""is_new"": false, ""item_no"": 4146567, ""period_sort"": ""ONE_DAY"", ""platform"": ""29cm"", ""ranking_category_code"": ""268103100"", ""ranking_category_name"": ""여성의류>상의"", ""review_avg"": 5.0, ""sale_percent"": 37, ""sale_price"": 62370, ""sold_out"": false, ""url"": ""https://product.29cm.co.kr/catalog/4146567""}",2026-10-04T01:07:21+00:00_e382e724
2026-10-04T10:07:21+09:00,2026-10-04T01:07:21+00:00,commerce_rank,[오제 PICK] 울 텐셀 헨리넥 긴팔 티셔츠 MDTS112_6 Colors,29cm:4147743,heart_count,851.0,"{""brand_eng"": ""MONGDOL"", ""brand_kor"": ""몽돌"", ""brand_no"": 10654, ""category1"": ""여성의류"", ""category2"": ""상의"", ""category3"": ""긴소매 티셔츠"", ""category3_code"": 268103102, ""is_new"": false, ""item_no"": 4147743, ""period_sort"": ""ONE_DAY"", ""platform"": ""29cm"", ""ranking_category_code"": ""268103100"", ""ranking_category_name"": ""여성의류>상의"", ""review_avg"": 5.0, ""sale_percent"": 37, ""sale_price"": 30240, ""sold_out"": false, ""url"": ""https://product.29cm.co.kr/catalog/4147743""}",2026-10-04T01:07:21+00:00_e382e724
2026-10-04T10:07:21+09:00,2026-10-04T01:07:21+00:00,commerce_rank,[오제 PICK] 울 텐셀 헨리넥 긴팔 티셔츠 MDTS112_6 Colors,29cm:4147743,review_count,11.0,"{""brand_eng"": ""MONGDOL"", ""brand_kor"": ""몽돌"", ""brand_no"": 10654, ""category1"": ""여성의류"", ""category2"": ""상의"", ""category3"": ""긴소매 티셔츠"", ""category3_code"": 268103102, ""is_new"": false, ""item_no"": 4147743, ""period_sort"": ""ONE_DAY"", ""platform"": ""29cm"", ""ranking_category_code"": ""268103100"", ""ranking_category_name"": ""여성의류>상의"", ""review_avg"": 5.0, ""sale_percent"": 37, ""sale_price"": 30240, ""sold_out"": false, ""url"": ""https://product.29cm.co.kr/catalog/4147743""}",2026-10-04T01:07:21+00:00_e382e724
2026-10-04T10:07:21+09:00,2026-10-04T01:07:21+00:00,commerce_rank,[오제 PICK] 울 텐셀 헨리넥 긴팔 티셔츠 MDTS112_6 Colors,29cm:4147743@268103100,rank,80.0,"{""brand_eng"": ""MONGDOL"", ""brand_kor"": ""몽돌"", ""brand_no"": 10654, ""category1"": ""여성의류"", ""category2"": ""상의"", ""category3"": ""긴소매 티셔츠"", ""category3_code"": 268103102, ""is_new"": false, ""item_no"": 4147743, ""period_sort"": ""ONE_DAY"", ""platform"": ""29cm"", ""ranking_category_code"": ""268103100"", ""ranking_category_name"": ""여성의류>상의"", ""review_avg"": 5.0, ""sale_percent"": 37, ""sale_price"": 30240, ""sold_out"": false, ""url"": ""https://product.29cm.co.kr/catalog/4147743""}",2026-10-04T01:07:21+00:00_e382e724
2026-10-04T10:07:21+09:00,2026-10-04T01:07:21+00:00,commerce_rank,Ebb button overfit t-shirt (melange gray),29cm:4147832,heart_count,2715.0,"{""brand_eng"": ""RE_L"", ""brand_kor"": ""리엘"", ""brand_no"": 19781, ""category1"": ""여성의류"", ""category2"": ""상의"", ""category3"": ""긴소매 티셔츠"", ""category3_code"": 268103102, ""is_new"": false, ""item_no"": 4147832, ""period_sort"": ""ONE_DAY"", ""platform"": ""29cm"", ""ranking_category_code"": ""268103100"", ""ranking_category_name"": ""여성의류>상의"", ""review_avg"": 5.0, ""sale_percent"": 23, ""sale_price"": 60440, ""sold_out"": false, ""url"": ""https://product.29cm.co.kr/catalog/4147832""}",2026-10-04T01:07:21+00:00_e382e724
2026-10-04T10:07:21+09:00,2026-10-04T01:07:21+00:00,commerce_rank,Ebb button overfit t-shirt (melange gray),29cm:4147832,review_count,4.0,"{""brand_eng"": ""RE_L"", ""brand_kor"": ""리엘"", ""brand_no"": 19781, ""category1"": ""여성의류"", ""category2"": ""상의"", ""category3"": ""긴소매 티셔츠"", ""category3_code"": 268103102, ""is_new"": false, ""item_no"": 4147832, ""period_sort"": ""ONE_DAY"", ""platform"": ""29cm"", ""ranking_category_code"": ""268103100"", ""ranking_category_name"": ""여성의류>상의"", ""review_avg"": 5.0, ""sale_percent"": 23, ""sale_price"": 60440, ""sold_out"": false, ""url"": ""https://product.29cm.co.kr/catalog/4147832""}",2026-10-04T01:07:21+00:00_e382e724
2026-10-04T10:07:21+09:00,2026-10-04T01:07:21+00:00,commerce_rank,Ebb button overfit t-shirt (melange gray),29cm:4147832@268103100,rank,76.0,"{""brand_eng"": ""RE_L"", ""brand_kor"": ""리엘"", ""brand_no"": 19781, ""category1"": ""여성의류"", ""category2"": ""상의"", ""category3"": ""긴소매 티셔츠"", ""category3_code"": 268103102, ""is_new"": false, ""item_no"": 4147832, ""period_sort"": ""ONE_DAY"", ""platform"": ""29cm"", ""ranking_category_code"": ""268103100"", ""ranking_category_name"": ""여성의류>상의"", ""review_avg"": 5.0, ""sale_percent"": 23, ""sale_price"": 60440, ""sold_out"": false, ""url"": ""https://product.29cm.co.kr/catalog/4147832""}",2026-10-04T01:07:21+00:00_e382e724
2026-10-04T10:07:21+09:00,2026-10-04T01:07:22+00:00,commerce_rank,Everyday Classic Check Shirts (Navy),29cm:4149637,heart_count,411.0,"{""brand_eng"": ""HAVE HAD"", ""brand_kor"": ""해브해드"", ""brand_no"": 2910, ""category1"": ""남성의류"", ""category2"": ""상의"", ""category3"": ""긴소매 셔츠"", ""category3_code"": 272103106, ""is_new"": false, ""item_no"": 4149637, ""period_sort"": ""ONE_DAY"", ""platform"": ""29cm"", ""ranking_category_code"": ""272103100"", ""ranking_category_name"": ""남성의류>상의"", ""review_avg"": 5.0, ""sale_percent"": 28, ""sale_price"": 64310, ""sold_out"": false, ""url"": ""https://product.29cm.co.kr/catalog/4149637""}",2026-10-04T01:07:21+00:00_e382e724
2026-10-04T10:07:21+09:00,2026-10-04T01:07:22+00:00,commerce_rank,Everyday Classic Check Shirts (Navy),29cm:4149637,review_count,6.0,"{""brand_eng"": ""HAVE HAD"", ""brand_kor"": ""해브해드"", ""brand_no"": 2910, ""category1"": ""남성의류"", ""category2"": ""상의"", ""category3"": ""긴소매 셔츠"", ""category3_code"": 272103106, ""is_new"": false, ""item_no"": 4149637, ""period_sort"": ""ONE_DAY"", ""platform"": ""29cm"", ""ranking_category_code"": ""272103100"", ""ranking_category_name"": ""남성의류>상의"", ""review_avg"": 5.0, ""sale_percent"": 28, ""sale_price"": 64310, ""sold_out"": false, ""url"": ""https://product.29cm.co.kr/catalog/4149637""}",2026-10-04T01:07:21+00:00_e382e724
2026-10-04T10:07:21+09:00,2026-10-04T01:07:22+00:00,commerce_rank,Everyday Classic Check Shirts (Navy),29cm:4149637@272103100,rank,13.0,"{""brand_eng"": ""HAVE HAD"", ""brand_kor"": ""해브해드"", ""brand_no"": 2910, ""category1"": ""남성의류"", ""category2"": ""상의"", ""category3"": ""긴소매 셔츠"", ""category3_code"": 272103106, ""is_new"": false, ""item_no"": 4149637, ""period_sort"": ""ONE_DAY"", ""platform"": ""29cm"", ""ranking_category_code"": ""272103100"", ""ranking_category_name"": ""남성의류>상의"", ""review_avg"": 5.0, ""sale_percent"": 28, ""sale_price"": 64310, ""sold_out"": false, ""url"": ""https://product.29cm.co.kr/catalog/4149637""}",2026-10-04T01:07:21+00:00_e382e724
2026-10-04T10:07:21+09:00,2026-10-04T01:07:22+00:00,commerce_rank,Everyday Classic Check Shirts (Olive),29cm:4149645,heart_count,185.0,"{""brand_eng"": ""HAVE HAD"", ""brand_kor"": ""해브해드"", ""brand_no"": 2910, ""category1"": ""남성의류"", ""category2"": ""상의"", ""category3"": ""긴소매 셔츠"", ""category3_code"": 272103106, ""is_new"": false, ""item_no"": 4149645, ""period_sort"": ""ONE_DAY"", ""platform"": ""29cm"", ""ranking_category_code"": ""272103100"", ""ranking_category_name"": ""남성의류>상의"", ""review_avg"": 5.0, ""sale_percent"": 28, ""sale_price"": 64310, ""sold_out"": false, ""url"": ""https://product.29cm.co.kr/catalog/4149645""}",2026-10-04T01:07:21+00:00_e382e724
2026-10-04T10:07:21+09:00,2026-10-04T01:07:22+00:00,commerce_rank,Everyday Classic Check Shirts (Olive),29cm:4149645,review_count,4.0,"{""brand_eng"": ""HAVE HAD"", ""brand_kor"": ""해브해드"", ""brand_no"": 2910, ""category1"": ""남성의류"", ""category2"": ""상의"", ""category3"": ""긴소매 셔츠"", ""category3_code"": 272103106, ""is_new"": false, ""item_no"": 4149645, ""period_sort"": ""ONE_DAY"", ""platform"": ""29cm"", ""ranking_category_code"": ""272103100"", ""ranking_category_name"": ""남성의류>상의"", ""review_avg"": 5.0, ""sale_percent"": 28, ""sale_price"": 64310, ""sold_out"": false, ""url"": ""https://product.29cm.co.kr/catalog/4149645""}",2026-10-04T01:07:21+00:00_e382e724
2026-10-04T10:07:21+09:00,2026-10-04T01:07:22+00:00,commerce_rank,Everyday Classic Check Shirts (Olive),29cm:4149645@272103100,rank,76.0,"{""brand_eng"": ""HAVE HAD"", ""brand_kor"": ""해브해드"", ""brand_no"": 2910, ""category1"": ""남성의류"", ""category2"": ""상의"", ""category3"": ""긴소매 셔츠"", ""category3_code"": 272103106, ""is_new"": false, ""item_no"": 4149645, ""period_sort"": ""ONE_DAY"", ""platform"": ""29cm"", ""ranking_category_code"": ""272103100"", ""ranking_category_name"": ""남성의류>상의"", ""review_avg"": 5.0, ""sale_percent"": 28, ""sale_price"": 64310, ""sold_out"": false, ""url"": ""https://product.29cm.co.kr/catalog/4149645""}",2026-10-04T01:07:21+00:00_e382e724
2026-10-04T10:07:21+09:00,2026-10-04T01:07:22+00:00,commerce_rank,LOGO AIR LONG SLEEVE (Black),29cm:4149648,heart_count,60.0,"{""brand_eng"": ""CAYL"", ""brand_kor"": ""케일"", ""brand_no"": 8928, ""category1"": ""남성의류"", ""category2"": ""상의"", ""category3"": ""반소매 티셔츠"", ""category3_code"": 272103101, ""is_new"": false, ""item_no"": 4149648, ""period_sort"": ""ONE_DAY"", ""platform"": ""29cm"", ""ranking_category_code"": ""272103100"", ""ranking_category_name"": ""남성의류>상의"", ""review_avg"": 5.0, ""sale_percent"": 0, ""sale_price"": 65000, ""sold_out"": false, ""url"": ""https://product.29cm.co.kr/catalog/4149648""}",2026-10-04T01:07:21+00:00_e382e724
2026-10-04T10:07:21+09:00,2026-10-04T01:07:22+00:00,commerce_rank,LOGO AIR LONG SLEEVE (Black),29cm:4149648,review_count,1.0,"{""brand_eng"": ""CAYL"", ""brand_kor"": ""케일"", ""brand_no"": 8928, ""category1"": ""남성의류"", ""category2"": ""상의"", ""category3"": ""반소매 티셔츠"", ""category3_code"": 272103101, ""is_new"": false, ""item_no"": 4149648, ""period_sort"": ""ONE_DAY"", ""platform"": ""29cm"", ""ranking_category_code"": ""272103100"", ""ranking_category_name"": ""남성의류>상의"", ""review_avg"": 5.0, ""sale_percent"": 0, ""sale_price"": 65000, ""sold_out"": false, ""url"": ""https://product.29cm.co.kr/catalog/4149648""}",2026-10-04T01:07:21+00:00_e382e724
2026-10-04T10:07:21+09:00,2026-10-04T01:07:22+00:00,commerce_rank,LOGO AIR LONG SLEEVE (Black),29cm:4149648@272103100,rank,74.0,"{""brand_eng"": ""CAYL"", ""brand_kor"": ""케일"", ""brand_no"": 8928, ""category1"": ""남성의류"", ""category2"": ""상의"", ""category3"": ""반소매 티셔츠"", ""category3_code"": 272103101, ""is_new"": false, ""item_no"": 4149648, ""period_sort"": ""ONE_DAY"", ""platform"": ""29cm"", ""ranking_category_code"": ""272103100"", ""ranking_category_name"": ""남성의류>상의"", ""review_avg"": 5.0, ""sale_percent"": 0, ""sale_price"": 65000, ""sold_out"": false, ""url"": ""https://product.29cm.co.kr/catalog/4149648""}",2026-10-04T01:07:21+00:00_e382e724
2026-10-04T10:07:21+09:00,2026-10-04T01:07:22+00:00,commerce_rank,LOGO AIR LONG SLEEVE (Red Bean),29cm:4149650,heart_count,57.0,"{""brand_eng"": ""CAYL"", ""brand_kor"": ""케일"", ""brand_no"": 8928, ""category1"": ""남성의류"", ""category2"": ""상의"", ""category3"": ""반소매 티셔츠"", ""category3_code"": 272103101, ""is_new"": false, ""item_no"": 4149650, ""period_sort"": ""ONE_DAY"", ""platform"": ""29cm"", ""ranking_category_code"": ""272103100"", ""ranking_category_name"": ""남성의류>상의"", ""review_avg"": 5.0, ""sale_percent"": 0, ""sale_price"": 65000, ""sold_out"": false, ""url"": ""https://product.29cm.co.kr/catalog/4149650""}",2026-10-04T01:07:21+00:00_e382e724
2026-10-04T10:07:21+09:00,2026-10-04T01:07:22+00:00,commerce_rank,LOGO AIR LONG SLEEVE (Red Bean),29cm:4149650,review_count,4.0,"{""brand_eng"": ""CAYL"", ""brand_kor"": ""케일"", ""brand_no"": 8928, ""category1"": ""남성의류"", ""category2"": ""상의"", ""category3"": ""반소매 티셔츠"", ""category3_code"": 272103101, ""is_new"": false, ""item_no"": 4149650, ""period_sort"": ""ONE_DAY"", ""platform"": ""29cm"", ""ranking_category_code"": ""272103100"", ""ranking_category_name"": ""남성의류>상의"", ""review_avg"": 5.0, ""sale_percent"": 0, ""sale_price"": 65000, ""sold_out"": false, ""url"": ""https://product.29cm.co.kr/catalog/4149650""}",2026-10-04T01:07:21+00:00_e382e724
2026-10-04T10:07:21+09:00,2026-10-04T01:07:22+00:00,commerce_rank,LOGO AIR LONG SLEEVE (Red Bean),29cm:4149650@272103100,rank,68.0,"{""brand_eng"": ""CAYL"", ""brand_kor"": ""케일"", ""brand_no"": 8928, ""category1"": ""남성의류"", ""category2"": ""상의"", ""category3"": ""반소매 티셔츠"", ""category3_code"": 272103101, ""is_new"": false, ""item_no"": 4149650, ""period_sort"": ""ONE_DAY"", ""platform"": ""29cm"", ""ranking_category_code"": ""272103100"", ""ranking_category_name"": ""남성의류>상의"", ""review_avg"": 5.0, ""sale_percent"": 0, ""sale_price"": 65000, ""sold_out"": false, ""url"": ""https://product.29cm.co.kr/catalog/4149650""}",2026-10-04T01:07:21+00:00_e382e724
2026-10-04T10:07:21+09:00,2026-10-04T01:07:21+00:00,commerce_rank,[주미니 Pick]Raglan oversized modal tee [TIFA06LT06]_Navy,29cm:4149711,heart_count,4057.0,"{""brand_eng"": ""TILLIDIE"", ""brand_kor"": ""틸아이다이"", ""brand_no"": 3421, ""category1"": ""여성의류"", ""category2"": ""상의"", ""category3"": ""긴소매 티셔츠"", ""category3_code"": 268103102, ""is_new"": false, ""item_no"": 4149711, ""period_sort"": ""ONE_DAY"", ""platform"": ""29cm"", ""ranking_category_code"": ""268103100"", ""ranking_category_name"": ""여성의류>상의"", ""review_avg"": 5.0, ""sale_percent"": 17, ""sale_price"": 63310, ""sold_out"": false, ""url"": ""https://product.29cm.co.kr/catalog/4149711""}",2026-10-04T01:07:21+00:00_e382e724
2026-10-04T10:07:21+09:00,2026-10-04T01:07:21+00:00,commerce_rank,[주미니 Pick]Raglan oversized modal tee [TIFA06LT06]_Navy,29cm:4149711,review_count,107.0,"{""brand_eng"": ""TILLIDIE"", ""brand_kor"": ""틸아이다이"", ""brand_no"": 3421, ""category1"": ""여성의류"", ""category2"": ""상의"", ""category3"": ""긴소매 티셔츠"", ""category3_code"": 268103102, ""is_new"": false, ""item_no"": 4149711, ""period_sort"": ""ONE_DAY"", ""platform"": ""29cm"", ""ranking_category_code"": ""268103100"", ""ranking_category_name"": ""여성의류>상의"", ""review_avg"": 5.0, ""sale_percent"": 17, ""sale_price"": 63310, ""sold_out"": false, ""url"": ""https://product.29cm.co.kr/catalog/4149711""}",2026-10-04T01:07:21+00:00_e382e724
2026-10-04T10:07:21+09:00,2026-10-04T01:07:21+00:00,commerce_rank,[주미니 Pick]Raglan oversized modal tee [TIFA06LT06]_Navy,29cm:4149711@268103100,rank,20.0,"{""brand_eng"": ""TILLIDIE"", ""brand_kor"": ""틸아이다이"", ""brand_no"": 3421, ""category1"": ""여성의류"", ""category2"": ""상의"", ""category3"": ""긴소매 티셔츠"", ""category3_code"": 268103102, ""is_new"": false, ""item_no"": 4149711, ""period_sort"": ""ONE_DAY"", ""platform"": ""29cm"", ""ranking_category_code"": ""268103100"", ""ranking_category_name"": ""여성의류>상의"", ""review_avg"": 5.0, ""sale_percent"": 17, ""sale_price"": 63310, ""sold_out"": false, ""url"": ""https://product.29cm.co.kr/catalog/4149711""}",2026-10-04T01:07:21+00:00_e382e724
2026-10-04T10:07:21+09:00,2026-10-04T01:07:21+00:00,commerce_rank,[4차 재입고] 로우엣지 래글런 롱슬리브 티셔츠_퍼플,29cm:4150333,heart_count,2591.0,"{""brand_eng"": ""URBANDTYPE"", ""brand_kor"": ""어반디타입"", ""brand_no"": 2295, ""category1"": ""여성의류"", ""category2"": ""상의"", ""category3"": ""긴소매 티셔츠"", ""category3_code"": 268103102, ""is_new"": false, ""item_no"": 4150333, ""period_sort"": ""ONE_DAY"", ""platform"": ""29cm"", ""ranking_category_code"": ""268103100"", ""ranking_category_name"": ""여성의류>상의"", ""review_avg"": 4.5, ""sale_percent"": 19, ""sale_price"": 31500, ""sold_out"": false, ""url"": ""https://product.29cm.co.kr/catalog/4150333""}",2026-10-04T01:07:21+00:00_e382e724
2026-10-04T10:07:21+09:00,2026-10-04T01:07:21+00:00,commerce_rank,[4차 재입고] 로우엣지 래글런 롱슬리브 티셔츠_퍼플,29cm:4150333,review_count,8.0,"{""brand_eng"": ""URBANDTYPE"", ""brand_kor"": ""어반디타입"", ""brand_no"": 2295, ""category1"": ""여성의류"", ""category2"": ""상의"", ""category3"": ""긴소매 티셔츠"", ""category3_code"": 268103102, ""is_new"": false, ""item_no"": 4150333, ""period_sort"": ""ONE_DAY"", ""platform"": ""29cm"", ""ranking_category_code"": ""268103100"", ""ranking_category_name"": ""여성의류>상의"", ""review_avg"": 4.5, ""sale_percent"": 19, ""sale_price"": 31500, ""sold_out"": false, ""url"": ""https://product.29cm.co.kr/catalog/4150333""}",2026-10-04T01:07:21+00:00_e382e724
2026-10-04T10:07:21+09:00,2026-10-04T01:07:21+00:00,commerce_rank,[4차 재입고] 로우엣지 래글런 롱슬리브 티셔츠_퍼플,29cm:4150333@268103100,rank,25.0,"{""brand_eng"": ""URBANDTYPE"", ""brand_kor"": ""어반디타입"", ""brand_no"": 2295, ""category1"": ""여성의류"", ""category2"": ""상의"", ""category3"": ""긴소매 티셔츠"", ""category3_code"": 268103102, ""is_new"": false, ""item_no"": 4150333, ""period_sort"": ""ONE_DAY"", ""platform"": ""29cm"", ""ranking_category_code"": ""268103100"", ""ranking_category_name"": ""여성의류>상의"", ""review_avg"": 4.5, ""sale_percent"": 19, ""sale_price"": 31500, ""sold_out"": false, ""url"": ""https://product.29cm.co.kr/catalog/4150333""}",2026-10-04T01:07:21+00:00_e382e724
2026-10-04T10:07:21+09:00,2026-10-04T01:07:21+00:00,commerce_rank,[4차 재입고] 로우엣지 래글런 롱슬리브 티셔츠_라이트 그레이,29cm:4150335,heart_count,1016.0,"{""brand_eng"": ""URBANDTYPE"", ""brand_kor"": ""어반디타입"", ""brand_no"": 2295, ""category1"": ""여성의류"", ""category2"": ""상의"", ""category3"": ""긴소매 티셔츠"", ""category3_code"": 268103102, ""is_new"": false, ""item_no"": 4150335, ""period_sort"": ""ONE_DAY"", ""platform"": ""29cm"", ""ranking_category_code"": ""268103100"", ""ranking_category_name"": ""여성의류>상의"", ""review_avg"": 5.0, ""sale_percent"": 19, ""sale_price"": 31500, ""sold_out"": false, ""url"": ""https://product.29cm.co.kr/catalog/4150335""}",2026-10-04T01:07:21+00:00_e382e724
2026-10-04T10:07:21+09:00,2026-10-04T01:07:21+00:00,commerce_rank,[4차 재입고] 로우엣지 래글런 롱슬리브 티셔츠_라이트 그레이,29cm:4150335,review_count,17.0,"{""brand_eng"": ""URBANDTYPE"", ""brand_kor"": ""어반디타입"", ""brand_no"": 2295, ""category1"": ""여성의류"", ""category2"": ""상의"", ""category3"": ""긴소매 티셔츠"", ""category3_code"": 268103102, ""is_new"": false, ""item_no"": 4150335, ""period_sort"": ""ONE_DAY"", ""platform"": ""29cm"", ""ranking_category_code"": ""268103100"", ""ranking_category_name"": ""여성의류>상의"", ""review_avg"": 5.0, ""sale_percent"": 19, ""sale_price"": 31500, ""sold_out"": false, ""url"": ""https://product.29cm.co.kr/catalog/4150335""}",2026-10-04T01:07:21+00:00_e382e724
2026-10-04T10:07:21+09:00,2026-10-04T01:07:21+00:00,commerce_rank,[4차 재입고] 로우엣지 래글런 롱슬리브 티셔츠_라이트 그레이,29cm:4150335@268103100,rank,69.0,"{""brand_eng"": ""URBANDTYPE"", ""brand_kor"": ""어반디타입"", ""brand_no"": 2295, ""category1"": ""여성의류"", ""category2"": ""상의"", ""category3"": ""긴소매 티셔츠"", ""category3_code"": 268103102, ""is_new"": false, ""item_no"": 4150335, ""period_sort"": ""ONE_DAY"", ""platform"": ""29cm"", ""ranking_category_code"": ""268103100"", ""ranking_category_name"": ""여성의류>상의"", ""review_avg"": 5.0, ""sale_percent"": 19, ""sale_price"": 31500, ""sold_out"": false, ""url"": ""https://product.29cm.co.kr/catalog/4150335""}",2026-10-04T01:07:21+00:00_e382e724
2026-10-04T10:07:21+09:00,2026-10-04T01:07:21+00:00,commerce_rank,[7부/오버핏] Vintage Essential Raglan Tee,29cm:4152302,heart_count,16359.0,"{""brand_eng"": ""BITTERCELLS"", ""brand_kor"": ""비터셀즈"", ""brand_no"": 15063, ""category1"": ""여성의류"", ""category2"": ""상의"", ""category3"": ""긴소매 티셔츠"", ""category3_code"": 268103102, ""is_new"": false, ""item_no"": 4152302, ""period_sort"": ""ONE_DAY"", ""platform"": ""29cm"", ""ranking_category_code"": ""268103100"", ""ranking_category_name"": ""여성의류>상의"", ""review_avg"": 5.0, ""sale_percent"": 21, ""sale_price"": 34850, ""sold_out"": false, ""url"": ""https://product.29cm.co.kr/catalog/4152302""}",2026-10-04T01:07:21+00:00_e382e724
2026-10-04T10:07:21+09:00,2026-10-04T01:07:21+00:00,commerce_rank,[7부/오버핏] Vintage Essential Raglan Tee,29cm:4152302,review_count,376.0,"{""brand_eng"": ""BITTERCELLS"", ""brand_kor"": ""비터셀즈"", ""brand_no"": 15063, ""category1"": ""여성의류"", ""category2"": ""상의"", ""category3"": ""긴소매 티셔츠"", ""category3_code"": 268103102, ""is_new"": false, ""item_no"": 4152302, ""period_sort"": ""ONE_DAY"", ""platform"": ""29cm"", ""ranking_category_code"": ""268103100"", ""ranking_category_name"": ""여성의류>상의"", ""review_avg"": 5.0, ""sale_percent"": 21, ""sale_price"": 34850, ""sold_out"": false, ""url"": ""https://product.29cm.co.kr/catalog/4152302""}",2026-10-04T01:07:21+00:00_e382e724
2026-10-04T10:07:21+09:00,2026-10-04T01:07:21+00:00,commerce_rank,[7부/오버핏] Vintage Essential Raglan Tee,29cm:4152302@268103100,rank,1.0,"{""brand_eng"": ""BITTERCELLS"", ""brand_kor"": ""비터셀즈"", ""brand_no"": 15063, ""category1"": ""여성의류"", ""category2"": ""상의"", ""category3"": ""긴소매 티셔츠"", ""category3_code"": 268103102, ""is_new"": false, ""item_no"": 4152302, ""period_sort"": ""ONE_DAY"", ""platform"": ""29cm"", ""ranking_category_code"": ""268103100"", ""ranking_category_name"": ""여성의류>상의"", ""review_avg"": 5.0, ""sale_percent"": 21, ""sale_price"": 34850, ""sold_out"": false, ""url"": ""https://product.29cm.co.kr/catalog/4152302""}",2026-10-04T01:07:21+00:00_e382e724
2026-10-04T10:07:21+09:00,2026-10-04T01:07:21+00:00,commerce_rank,SOFT RAGLAN T-SHIRT - RED,29cm:4156837,heart_count,3282.0,"{""brand_eng"": ""SO IR"", ""brand_kor"": ""쏘이르"", ""brand_no"": 15532, ""category1"": ""여성의류"", ""category2"": ""상의"", ""category3"": ""긴소매 티셔츠"", ""category3_code"": 268103102, ""is_new"": false, ""item_no"": 4156837, ""period_sort"": ""ONE_DAY"", ""platform"": ""29cm"", ""ranking_category_code"": ""268103100"", ""ranking_category_name"": ""여성의류>상의"", ""review_avg"": 5.0, ""sale_percent"": 23, ""sale_price"": 34430, ""sold_out"": false, ""url"": ""https://product.29cm.co.kr/catalog/4156837""}",2026-10-04T01:07:21+00:00_e382e724
2026-10-04T10:07:21+09:00,2026-10-04T01:07:21+00:00,commerce_rank,SOFT RAGLAN T-SHIRT - RED,29cm:4156837,review_count,26.0,"{""brand_eng"": ""SO IR"", ""brand_kor"": ""쏘이르"", ""brand_no"": 15532, ""category1"": ""여성의류"", ""category2"": ""상의"", ""category3"": ""긴소매 티셔츠"", ""category3_code"": 268103102, ""is_new"": false, ""item_no"": 4156837, ""period_sort"": ""ONE_DAY"", ""platform"": ""29cm"", ""ranking_category_code"": ""268103100"", ""ranking_category_name"": ""여성의류>상의"", ""review_avg"": 5.0, ""sale_percent"": 23, ""sale_price"": 34430, ""sold_out"": false, ""url"": ""https://product.29cm.co.kr/catalog/4156837""}",2026-10-04T01:07:21+00:00_e382e724
2026-10-04T10:07:21+09:00,2026-10-04T01:07:21+00:00,commerce_rank,SOFT RAGLAN T-SHIRT - RED,29cm:4156837@268103100,rank,45.0,"{""brand_eng"": ""SO IR"", ""brand_kor"": ""쏘이르"", ""brand_no"": 15532, ""category1"": ""여성의류"", ""category2"": ""상의"", ""category3"": ""긴소매 티셔츠"", ""category3_code"": 268103102, ""is_new"": false, ""item_no"": 4156837, ""period_sort"": ""ONE_DAY"", ""platform"": ""29cm"", ""ranking_category_code"": ""268103100"", ""ranking_category_name"": ""여성의류>상의"", ""review_avg"": 5.0, ""sale_percent"": 23, ""sale_price"": 34430, ""sold_out"": false, ""url"": ""https://product.29cm.co.kr/catalog/4156837""}",2026-10-04T01:07:21+00:00_e382e724
2026-10-04T10:07:21+09:00,2026-10-04T01:07:21+00:00,commerce_rank,[8차] Pond Floral Hook T-Shirt (Pink yellow),29cm:4163596,heart_count,3729.0,"{""brand_eng"": ""TOAVE"", ""brand_kor"": ""토아베"", ""brand_no"": 101870, ""category1"": ""여성의류"", ""category2"": ""상의"", ""category3"": ""긴소매 티셔츠"", ""category3_code"": 268103102, ""is_new"": false, ""item_no"": 4163596, ""period_sort"": ""ONE_DAY"", ""platform"": ""29cm"", ""ranking_category_code"": ""268103100"", ""ranking_category_name"": ""여성의류>상의"", ""review_avg"": 5.0, ""sale_percent"": 10, ""sale_price"": 62100, ""sold_out"": false, ""url"": ""https://product.29cm.co.kr/catalog/4163596""}",2026-10-04T01:07:21+00:00_e382e724
2026-10-04T10:07:21+09:00,2026-10-04T01:07:21+00:00,commerce_rank,[8차] Pond Floral Hook T-Shirt (Pink yellow),29cm:4163596,review_count,20.0,"{""brand_eng"": ""TOAVE"", ""brand_kor"": ""토아베"", ""brand_no"": 101870, ""category1"": ""여성의류"", ""category2"": ""상의"", ""category3"": ""긴소매 티셔츠"", ""category3_code"": 268103102, ""is_new"": false, ""item_no"": 4163596, ""period_sort"": ""ONE_DAY"", ""platform"": ""29cm"", ""ranking_category_code"": ""268103100"", ""ranking_category_name"": ""여성의류>상의"", ""review_avg"": 5.0, ""sale_percent"": 10, ""sale_price"": 62100, ""sold_out"": false, ""url"": ""https://product.29cm.co.kr/catalog/4163596""}",2026-10-04T01:07:21+00:00_e382e724
2026-10-04T10:07:21+09:00,2026-10-04T01:07:21+00:00,commerce_rank,[8차] Pond Floral Hook T-Shirt (Pink yellow),29cm:4163596@268103100,rank,99.0,"{""brand_eng"": ""TOAVE"", ""brand_kor"": ""토아베"", ""brand_no"": 101870, ""category1"": ""여성의류"", ""category2"": ""상의"", ""category3"": ""긴소매 티셔츠"", ""category3_code"": 268103102, ""is_new"": false, ""item_no"": 4163596, ""period_sort"": ""ONE_DAY"", ""platform"": ""29cm"", ""ranking_category_code"": ""268103100"", ""ranking_category_name"": ""여성의류>상의"", ""review_avg"": 5.0, ""sale_percent"": 10, ""sale_price"": 62100, ""sold_out"": false, ""url"": ""https://product.29cm.co.kr/catalog/4163596""}",2026-10-04T01:07:21+00:00_e382e724
2026-10-04T10:07:21+09:00,2026-10-04T01:07:21+00:00,commerce_rank,[2nd] 200 Base 3/4 tee (v-neck ver.)(5 color),29cm:4165065,heart_count,2406.0,"{""brand_eng"": ""FOETO"", ""brand_kor"": ""포에토"", ""brand_no"": 53520, ""category1"": ""여성의류"", ""category2"": ""상의"", ""category3"": ""반소매 티셔츠"", ""category3_code"": 268103101, ""is_new"": false, ""item_no"": 4165065, ""period_sort"": ""ONE_DAY"", ""platform"": ""29cm"", ""ranking_category_code"": ""268103100"", ""ranking_category_name"": ""여성의류>상의"", ""review_avg"": 5.0, ""sale_percent"": 19, ""sale_price"": 33210, ""sold_out"": false, ""url"": ""https://product.29cm.co.kr/catalog/4165065""}",2026-10-04T01:07:21+00:00_e382e724
2026-10-04T10:07:21+09:00,2026-10-04T01:07:21+00:00,commerce_rank,[2nd] 200 Base 3/4 tee (v-neck ver.)(5 color),29cm:4165065,review_count,29.0,"{""brand_eng"": ""FOETO"", ""brand_kor"": ""포에토"", ""brand_no"": 53520, ""category1"": ""여성의류"", ""category2"": ""상의"", ""category3"": ""반소매 티셔츠"", ""category3_code"": 268103101, ""is_new"": false, ""item_no"": 4165065, ""period_sort"": ""ONE_DAY"", ""platform"": ""29cm"", ""ranking_category_code"": ""268103100"", ""ranking_category_name"": ""여성의류>상의"", ""review_avg"": 5.0, ""sale_percent"": 19, ""sale_price"": 33210, ""sold_out"": false, ""url"": ""https://product.29cm.co.kr/catalog/4165065""}",2026-10-04T01:07:21+00:00_e382e724
2026-10-04T10:07:21+09:00,2026-10-04T01:07:21+00:00,commerce_rank,[2nd] 200 Base 3/4 tee (v-neck ver.)(5 color),29cm:4165065@268103100,rank,31.0,"{""brand_eng"": ""FOETO"", ""brand_kor"": ""포에토"", ""brand_no"": 53520, ""category1"": ""여성의류"", ""category2"": ""상의"", ""category3"": ""반소매 티셔츠"", ""category3_code"": 268103101, ""is_new"": false, ""item_no"": 4165065, ""period_sort"": ""ONE_DAY"", ""platform"": ""29cm"", ""ranking_category_code"": ""268103100"", ""ranking_category_name"": ""여성의류>상의"", ""review_avg"": 5.0, ""sale_percent"": 19, ""sale_price"": 33210, ""sold_out"": false, ""url"": ""https://product.29cm.co.kr/catalog/4165065""}",2026-10-04T01:07:21+00:00_e382e724
2026-10-04T10:07:21+09:00,2026-10-04T01:07:21+00:00,commerce_rank,[4th] 200 Base 3/4 tee (boatneck ver.)(5 color),29cm:4165076,heart_count,1488.0,"{""brand_eng"": ""FOETO"", ""brand_kor"": ""포에토"", ""brand_no"": 53520, ""category1"": ""여성의류"", ""category2"": ""상의"", ""category3"": ""반소매 티셔츠"", ""category3_code"": 268103101, ""is_new"": false, ""item_no"": 4165076, ""period_sort"": ""ONE_DAY"", ""platform"": ""29cm"", ""ranking_category_code"": ""268103100"", ""ranking_category_name"": ""여성의류>상의"", ""review_avg"": 5.0, ""sale_percent"": 19, ""sale_price"": 33210, ""sold_out"": false, ""url"": ""https://product.29cm.co.kr/catalog/4165076""}",2026-10-04T01:07:21+00:00_e382e724
2026-10-04T10:07:21+09:00,2026-10-04T01:07:21+00:00,commerce_rank,[4th] 200 Base 3/4 tee (boatneck ver.)(5 color),29cm:4165076,review_count,32.0,"{""brand_eng"": ""FOETO"", ""brand_kor"": ""포에토"", ""brand_no"": 53520, ""category1"": ""여성의류"", ""category2"": ""상의"", ""category3"": ""반소매 티셔츠"", ""category3_code"": 268103101, ""is_new"": false, ""item_no"": 4165076, ""period_sort"": ""ONE_DAY"", ""platform"": ""29cm"", ""ranking_category_code"": ""268103100"", ""ranking_category_name"": ""여성의류>상의"", ""review_avg"": 5.0, ""sale_percent"": 19, ""sale_price"": 33210, ""sold_out"": false, ""url"": ""https://product.29cm.co.kr/catalog/4165076""}",2026-10-04T01:07:21+00:00_e382e724
2026-10-04T10:07:21+09:00,2026-10-04T01:07:21+00:00,commerce_rank,[4th] 200 Base 3/4 tee (boatneck ver.)(5 color),29cm:4165076@268103100,rank,62.0,"{""brand_eng"": ""FOETO"", ""brand_kor"": ""포에토"", ""brand_no"": 53520, ""category1"": ""여성의류"", ""category2"": ""상의"", ""category3"": ""반소매 티셔츠"", ""category3_code"": 268103101, ""is_new"": false, ""item_no"": 4165076, ""period_sort"": ""ONE_DAY"", ""platform"": ""29cm"", ""ranking_category_code"": ""268103100"", ""ranking_category_name"": ""여성의류>상의"", ""review_avg"": 5.0, ""sale_percent"": 19, ""sale_price"": 33210, ""sold_out"": false, ""url"": ""https://product.29cm.co.kr/catalog/4165076""}",2026-10-04T01:07:21+00:00_e382e724
2026-10-04T10:07:21+09:00,2026-10-04T01:07:22+00:00,commerce_rank,[기모선택] Rodea 헤비테리 후드,29cm:4166713,heart_count,78.0,"{""brand_eng"": ""VIVA LA VIDA"", ""brand_kor"": ""비바라비다"", ""brand_no"": 100816, ""category1"": ""남성의류"", ""category2"": ""상의"", ""category3"": ""후디"", ""category3_code"": 272103108, ""is_new"": false, ""item_no"": 4166713, ""period_sort"": ""ONE_DAY"", ""platform"": ""29cm"", ""ranking_category_code"": ""272103100"", ""ranking_category_name"": ""남성의류>상의"", ""review_avg"": 0.0, ""sale_percent"": 34, ""sale_price"": 57510, ""sold_out"": false, ""url"": ""https://product.29cm.co.kr/catalog/4166713""}",2026-10-04T01:07:21+00:00_e382e724
2026-10-04T10:07:21+09:00,2026-10-04T01:07:22+00:00,commerce_rank,[기모선택] Rodea 헤비테리 후드,29cm:4166713,review_count,0.0,"{""brand_eng"": ""VIVA LA VIDA"", ""brand_kor"": ""비바라비다"", ""brand_no"": 100816, ""category1"": ""남성의류"", ""category2"": ""상의"", ""category3"": ""후디"", ""category3_code"": 272103108, ""is_new"": false, ""item_no"": 4166713, ""period_sort"": ""ONE_DAY"", ""platform"": ""29cm"", ""ranking_category_code"": ""272103100"", ""ranking_category_name"": ""남성의류>상의"", ""review_avg"": 0.0, ""sale_percent"": 34, ""sale_price"": 57510, ""sold_out"": false, ""url"": ""https://product.29cm.co.kr/catalog/4166713""}",2026-10-04T01:07:21+00:00_e382e724
2026-10-04T10:07:21+09:00,2026-10-04T01:07:22+00:00,commerce_rank,[기모선택] Rodea 헤비테리 후드,29cm:4166713@272103100,rank,88.0,"{""brand_eng"": ""VIVA LA VIDA"", ""brand_kor"": ""비바라비다"", ""brand_no"": 100816, ""category1"": ""남성의류"", ""category2"": ""상의"", ""category3"": ""후디"", ""category3_code"": 272103108, ""is_new"": false, ""item_no"": 4166713, ""period_sort"": ""ONE_DAY"", ""platform"": ""29cm"", ""ranking_category_code"": ""272103100"", ""ranking_category_name"": ""남성의류>상의"", ""review_avg"": 0.0, ""sale_percent"": 34, ""sale_price"": 57510, ""sold_out"": false, ""url"": ""https://product.29cm.co.kr/catalog/4166713""}",2026-10-04T01:07:21+00:00_e382e724
2026-10-04T10:07:21+09:00,2026-10-04T01:07:21+00:00,commerce_rank,[2차]Frill Pintuck Blouse _Cream,29cm:4170796,heart_count,1402.0,"{""brand_eng"": ""SLIE"", ""brand_kor"": ""슬리"", ""brand_no"": 112713, ""category1"": ""여성의류"", ""category2"": ""상의"", ""category3"": ""블라우스"", ""category3_code"": 268103107, ""is_new"": false, ""item_no"": 4170796, ""period_sort"": ""ONE_DAY"", ""platform"": ""29cm"", ""ranking_category_code"": ""268103100"", ""ranking_category_name"": ""여성의류>상의"", ""review_avg"": 0.0, ""sale_percent"": 19, ""sale_price"": 72090, ""sold_out"": false, ""url"": ""https://product.29cm.co.kr/catalog/4170796""}",2026-10-04T01:07:21+00:00_e382e724
2026-10-04T10:07:21+09:00,2026-10-04T01:07:21+00:00,commerce_rank,[2차]Frill Pintuck Blouse _Cream,29cm:4170796,review_count,0.0,"{""brand_eng"": ""SLIE"", ""brand_kor"": ""슬리"", ""brand_no"": 112713, ""category1"": ""여성의류"", ""category2"": ""상의"", ""category3"": ""블라우스"", ""category3_code"": 268103107, ""is_new"": false, ""item_no"": 4170796, ""period_sort"": ""ONE_DAY"", ""platform"": ""29cm"", ""ranking_category_code"": ""268103100"", ""ranking_category_name"": ""여성의류>상의"", ""review_avg"": 0.0, ""sale_percent"": 19, ""sale_price"": 72090, ""sold_out"": false, ""url"": ""https://product.29cm.co.kr/catalog/4170796""}",2026-10-04T01:07:21+00:00_e382e724
2026-10-04T10:07:21+09:00,2026-10-04T01:07:21+00:00,commerce_rank,[2차]Frill Pintuck Blouse _Cream,29cm:4170796@268103100,rank,43.0,"{""brand_eng"": ""SLIE"", ""brand_kor"": ""슬리"", ""brand_no"": 112713, ""category1"": ""여성의류"", ""category2"": ""상의"", ""category3"": ""블라우스"", ""category3_code"": 268103107, ""is_new"": false, ""item_no"": 4170796, ""period_sort"": ""ONE_DAY"", ""platform"": ""29cm"", ""ranking_category_code"": ""268103100"", ""ranking_category_name"": ""여성의류>상의"", ""review_avg"": 0.0, ""sale_percent"": 19, ""sale_price"": 72090, ""sold_out"": false, ""url"": ""https://product.29cm.co.kr/catalog/4170796""}",2026-10-04T01:07:21+00:00_e382e724
2026-10-04T10:07:21+09:00,2026-10-04T01:07:21+00:00,commerce_rank,[3차 10/30 예약배송] Loose Mock Neck Tee (Charcoal),29cm:4183648,heart_count,1170.0,"{""brand_eng"": ""NOD"", ""brand_kor"": ""엔오디"", ""brand_no"": 34806, ""category1"": ""여성의류"", ""category2"": ""상의"", ""category3"": ""반소매 티셔츠"", ""category3_code"": 268103101, ""is_new"": false, ""item_no"": 4183648, ""period_sort"": ""ONE_DAY"", ""platform"": ""29cm"", ""ranking_category_code"": ""268103100"", ""ranking_category_name"": ""여성의류>상의"", ""review_avg"": 5.0, ""sale_percent"": 15, ""sale_price"": 47880, ""sold_out"": false, ""url"": ""https://product.29cm.co.kr/catalog/4183648""}",2026-10-04T01:07:21+00:00_e382e724
2026-10-04T10:07:21+09:00,2026-10-04T01:07:21+00:00,commerce_rank,[3차 10/30 예약배송] Loose Mock Neck Tee (Charcoal),29cm:4183648,review_count,18.0,"{""brand_eng"": ""NOD"", ""brand_kor"": ""엔오디"", ""brand_no"": 34806, ""category1"": ""여성의류"", ""category2"": ""상의"", ""category3"": ""반소매 티셔츠"", ""category3_code"": 268103101, ""is_new"": false, ""item_no"": 4183648, ""period_sort"": ""ONE_DAY"", ""platform"": ""29cm"", ""ranking_category_code"": ""268103100"", ""ranking_category_name"": ""여성의류>상의"", ""review_avg"": 5.0, ""sale_percent"": 15, ""sale_price"": 47880, ""sold_out"": false, ""url"": ""https://product.29cm.co.kr/catalog/4183648""}",2026-10-04T01:07:21+00:00_e382e724
2026-10-04T10:07:21+09:00,2026-10-04T01:07:21+00:00,commerce_rank,[3차 10/30 예약배송] Loose Mock Neck Tee (Charcoal),29cm:4183648@268103100,rank,34.0,"{""brand_eng"": ""NOD"", ""brand_kor"": ""엔오디"", ""brand_no"": 34806, ""category1"": ""여성의류"", ""category2"": ""상의"", ""category3"": ""반소매 티셔츠"", ""category3_code"": 268103101, ""is_new"": false, ""item_no"": 4183648, ""period_sort"": ""ONE_DAY"", ""platform"": ""29cm"", ""ranking_category_code"": ""268103100"", ""ranking_category_name"": ""여성의류>상의"", ""review_avg"": 5.0, ""sale_percent"": 15, ""sale_price"": 47880, ""sold_out"": false, ""url"": ""https://product.29cm.co.kr/catalog/4183648""}",2026-10-04T01:07:21+00:00_e382e724
2026-10-04T10:07:21+09:00,2026-10-04T01:07:21+00:00,commerce_rank,[4th]Wrinkle Tie Pintuck Blouse Cream,29cm:4184227,heart_count,523.0,"{""brand_eng"": ""TORTE"", ""brand_kor"": ""토르테"", ""brand_no"": 104998, ""category1"": ""여성의류"", ""category2"": ""상의"", ""category3"": ""블라우스"", ""category3_code"": 268103107, ""is_new"": false, ""item_no"": 4184227, ""period_sort"": ""ONE_DAY"", ""platform"": ""29cm"", ""ranking_category_code"": ""268103100"", ""ranking_category_name"": ""여성의류>상의"", ""review_avg"": 5.0, ""sale_percent"": 30, ""sale_price"": 64400, ""sold_out"": true, ""url"": ""https://product.29cm.co.kr/catalog/4184227""}",2026-10-04T01:07:21+00:00_e382e724
2026-10-04T10:07:21+09:00,2026-10-04T01:07:21+00:00,commerce_rank,[4th]Wrinkle Tie Pintuck Blouse Cream,29cm:4184227,review_count,10.0,"{""brand_eng"": ""TORTE"", ""brand_kor"": ""토르테"", ""brand_no"": 104998, ""category1"": ""여성의류"", ""category2"": ""상의"", ""category3"": ""블라우스"", ""category3_code"": 268103107, ""is_new"": false, ""item_no"": 4184227, ""period_sort"": ""ONE_DAY"", ""platform"": ""29cm"", ""ranking_category_code"": ""268103100"", ""ranking_category_name"": ""여성의류>상의"", ""review_avg"": 5.0, ""sale_percent"": 30, ""sale_price"": 64400, ""sold_out"": true, ""url"": ""https://product.29cm.co.kr/catalog/4184227""}",2026-10-04T01:07:21+00:00_e382e724
2026-10-04T10:07:21+09:00,2026-10-04T01:07:21+00:00,commerce_rank,[4th]Wrinkle Tie Pintuck Blouse Cream,29cm:4184227@268103100,rank,92.0,"{""brand_eng"": ""TORTE"", ""brand_kor"": ""토르테"", ""brand_no"": 104998, ""category1"": ""여성의류"", ""category2"": ""상의"", ""category3"": ""블라우스"", ""category3_code"": 268103107, ""is_new"": false, ""item_no"": 4184227, ""period_sort"": ""ONE_DAY"", ""platform"": ""29cm"", ""ranking_category_code"": ""268103100"", ""ranking_category_name"": ""여성의류>상의"", ""review_avg"": 5.0, ""sale_percent"": 30, ""sale_price"": 64400, ""sold_out"": true, ""url"": ""https://product.29cm.co.kr/catalog/4184227""}",2026-10-04T01:07:21+00:00_e382e724
2026-10-04T10:07:21+09:00,2026-10-04T01:07:21+00:00,commerce_rank,[2차]PLEATED TIE BLOUSE_CHARCOAL,29cm:4187039,heart_count,166.0,"{""brand_eng"": ""SYS"", ""brand_kor"": ""시스"", ""brand_no"": 113379, ""category1"": ""여성의류"", ""category2"": ""상의"", ""category3"": ""블라우스"", ""category3_code"": 268103107, ""is_new"": true, ""item_no"": 4187039, ""period_sort"": ""ONE_DAY"", ""platform"": ""29cm"", ""ranking_category_code"": ""268103100"", ""ranking_category_name"": ""여성의류>상의"", ""review_avg"": 5.0, ""sale_percent"": 25, ""sale_price"": 59250, ""sold_out"": false, ""url"": ""https://product.29cm.co.kr/catalog/4187039""}",2026-10-04T01:07:21+00:00_e382e724
2026-10-04T10:07:21+09:00,2026-10-04T01:07:21+00:00,commerce_rank,[2차]PLEATED TIE BLOUSE_CHARCOAL,29cm:4187039,review_count,4.0,"{""brand_eng"": ""SYS"", ""brand_kor"": ""시스"", ""brand_no"": 113379, ""category1"": ""여성의류"", ""category2"": ""상의"", ""category3"": ""블라우스"", ""category3_code"": 268103107, ""is_new"": true, ""item_no"": 4187039, ""period_sort"": ""ONE_DAY"", ""platform"": ""29cm"", ""ranking_category_code"": ""268103100"", ""ranking_category_name"": ""여성의류>상의"", ""review_avg"": 5.0, ""sale_percent"": 25, ""sale_price"": 59250, ""sold_out"": false, ""url"": ""https://product.29cm.co.kr/catalog/4187039""}",2026-10-04T01:07:21+00:00_e382e724
2026-10-04T10:07:21+09:00,2026-10-04T01:07:21+00:00,commerce_rank,[2차]PLEATED TIE BLOUSE_CHARCOAL,29cm:4187039@268103100,rank,79.0,"{""brand_eng"": ""SYS"", ""brand_kor"": ""시스"", ""brand_no"": 113379, ""category1"": ""여성의류"", ""category2"": ""상의"", ""category3"": ""블라우스"", ""category3_code"": 268103107, ""is_new"": true, ""item_no"": 4187039, ""period_sort"": ""ONE_DAY"", ""platform"": ""29cm"", ""ranking_category_code"": ""268103100"", ""ranking_category_name"": ""여성의류>상의"", ""review_avg"": 5.0, ""sale_percent"": 25, ""sale_price"": 59250, ""sold_out"": false, ""url"": ""https://product.29cm.co.kr/catalog/4187039""}",2026-10-04T01:07:21+00:00_e382e724
2026-10-04T10:07:21+09:00,2026-10-04T01:07:21+00:00,commerce_rank,[2차 리오더] Muse Lace V-neck Long Sleeve - Misty Grey,29cm:4188339,heart_count,297.0,"{""brand_eng"": ""RHEME"", ""brand_kor"": ""리임"", ""brand_no"": 80266, ""category1"": ""여성의류"", ""category2"": ""상의"", ""category3"": ""긴소매 티셔츠"", ""category3_code"": 268103102, ""is_new"": false, ""item_no"": 4188339, ""period_sort"": ""ONE_DAY"", ""platform"": ""29cm"", ""ranking_category_code"": ""268103100"", ""ranking_category_name"": ""여성의류>상의"", ""review_avg"": 0.0, ""sale_percent"": 19, ""sale_price"": 95400, ""sold_out"": false, ""url"": ""https://product.29cm.co.kr/catalog/4188339""}",2026-10-04T01:07:21+00:00_e382e724
2026-10-04T10:07:21+09:00,2026-10-04T01:07:21+00:00,commerce_rank,[2차 리오더] Muse Lace V-neck Long Sleeve - Misty Grey,29cm:4188339,review_count,0.0,"{""brand_eng"": ""RHEME"", ""brand_kor"": ""리임"", ""brand_no"": 80266, ""category1"": ""여성의류"", ""category2"": ""상의"", ""category3"": ""긴소매 티셔츠"", ""category3_code"": 268103102, ""is_new"": false, ""item_no"": 4188339, ""period_sort"": ""ONE_DAY"", ""platform"": ""29cm"", ""ranking_category_code"": ""268103100"", ""ranking_category_name"": ""여성의류>상의"", ""review_avg"": 0.0, ""sale_percent"": 19, ""sale_price"": 95400, ""sold_out"": false, ""url"": ""https://product.29cm.co.kr/catalog/4188339""}",2026-10-04T01:07:21+00:00_e382e724
2026-10-04T10:07:21+09:00,2026-10-04T01:07:21+00:00,commerce_rank,[2차 리오더] Muse Lace V-neck Long Sleeve - Misty Grey,29cm:4188339@268103100,rank,98.0,"{""brand_eng"": ""RHEME"", ""brand_kor"": ""리임"", ""brand_no"": 80266, ""category1"": ""여성의류"", ""category2"": ""상의"", ""category3"": ""긴소매 티셔츠"", ""category3_code"": 268103102, ""is_new"": false, ""item_no"": 4188339, ""period_sort"": ""ONE_DAY"", ""platform"": ""29cm"", ""ranking_category_code"": ""268103100"", ""ranking_category_name"": ""여성의류>상의"", ""review_avg"": 0.0, ""sale_percent"": 19, ""sale_price"": 95400, ""sold_out"": false, ""url"": ""https://product.29cm.co.kr/catalog/4188339""}",2026-10-04T01:07:21+00:00_e382e724
2026-10-04T10:07:21+09:00,2026-10-04T01:07:21+00:00,commerce_rank,Two-way Button Neck Top Black,29cm:4190360,heart_count,3432.0,"{""brand_eng"": ""MICHIKO LONDON KOSHINO"", ""brand_kor"": ""미치코런던 코시노"", ""brand_no"": 26100, ""category1"": ""여성의류"", ""category2"": ""상의"", ""category3"": ""반소매 티셔츠"", ""category3_code"": 268103101, ""is_new"": false, ""item_no"": 4190360, ""period_sort"": ""ONE_DAY"", ""platform"": ""29cm"", ""ranking_category_code"": ""268103100"", ""ranking_category_name"": ""여성의류>상의"", ""review_avg"": 4.5, ""sale_percent"": 15, ""sale_price"": 49590, ""sold_out"": false, ""url"": ""https://product.29cm.co.kr/catalog/4190360""}",2026-10-04T01:07:21+00:00_e382e724
2026-10-04T10:07:21+09:00,2026-10-04T01:07:21+00:00,commerce_rank,Two-way Button Neck Top Black,29cm:4190360,review_count,3.0,"{""brand_eng"": ""MICHIKO LONDON KOSHINO"", ""brand_kor"": ""미치코런던 코시노"", ""brand_no"": 26100, ""category1"": ""여성의류"", ""category2"": ""상의"", ""category3"": ""반소매 티셔츠"", ""category3_code"": 268103101, ""is_new"": false, ""item_no"": 4190360, ""period_sort"": ""ONE_DAY"", ""platform"": ""29cm"", ""ranking_category_code"": ""268103100"", ""ranking_category_name"": ""여성의류>상의"", ""review_avg"": 4.5, ""sale_percent"": 15, ""sale_price"": 49590, ""sold_out"": false, ""url"": ""https://product.29cm.co.kr/catalog/4190360""}",2026-10-04T01:07:21+00:00_e382e724
2026-10-04T10:07:21+09:00,2026-10-04T01:07:21+00:00,commerce_rank,Two-way Button Neck Top Black,29cm:4190360@268103100,rank,39.0,"{""brand_eng"": ""MICHIKO LONDON KOSHINO"", ""brand_kor"": ""미치코런던 코시노"", ""brand_no"": 26100, ""category1"": ""여성의류"", ""category2"": ""상의"", ""category3"": ""반소매 티셔츠"", ""category3_code"": 268103101, ""is_new"": false, ""item_no"": 4190360, ""period_sort"": ""ONE_DAY"", ""platform"": ""29cm"", ""ranking_category_code"": ""268103100"", ""ranking_category_name"": ""여성의류>상의"", ""review_avg"": 4.5, ""sale_percent"": 15, ""sale_price"": 49590, ""sold_out"": false, ""url"": ""https://product.29cm.co.kr/catalog/4190360""}",2026-10-04T01:07:21+00:00_e382e724
2026-10-04T10:07:21+09:00,2026-10-04T01:07:21+00:00,commerce_rank,Two-way Button Neck Top Charcoal,29cm:4190361,heart_count,6248.0,"{""brand_eng"": ""MICHIKO LONDON KOSHINO"", ""brand_kor"": ""미치코런던 코시노"", ""brand_no"": 26100, ""category1"": ""여성의류"", ""category2"": ""상의"", ""category3"": ""반소매 티셔츠"", ""category3_code"": 268103101, ""is_new"": false, ""item_no"": 4190361, ""period_sort"": ""ONE_DAY"", ""platform"": ""29cm"", ""ranking_category_code"": ""268103100"", ""ranking_category_name"": ""여성의류>상의"", ""review_avg"": 4.5, ""sale_percent"": 15, ""sale_price"": 49590, ""sold_out"": false, ""url"": ""https://product.29cm.co.kr/catalog/4190361""}",2026-10-04T01:07:21+00:00_e382e724
2026-10-04T10:07:21+09:00,2026-10-04T01:07:21+00:00,commerce_rank,Two-way Button Neck Top Charcoal,29cm:4190361,review_count,7.0,"{""brand_eng"": ""MICHIKO LONDON KOSHINO"", ""brand_kor"": ""미치코런던 코시노"", ""brand_no"": 26100, ""category1"": ""여성의류"", ""category2"": ""상의"", ""category3"": ""반소매 티셔츠"", ""category3_code"": 268103101, ""is_new"": false, ""item_no"": 4190361, ""period_sort"": ""ONE_DAY"", ""platform"": ""29cm"", ""ranking_category_code"": ""268103100"", ""ranking_category_name"": ""여성의류>상의"", ""review_avg"": 4.5, ""sale_percent"": 15, ""sale_price"": 49590, ""sold_out"": false, ""url"": ""https://product.29cm.co.kr/catalog/4190361""}",2026-10-04T01:07:21+00:00_e382e724
2026-10-04T10:07:21+09:00,2026-10-04T01:07:21+00:00,commerce_rank,Two-way Button Neck Top Charcoal,29cm:4190361@268103100,rank,6.0,"{""brand_eng"": ""MICHIKO LONDON KOSHINO"", ""brand_kor"": ""미치코런던 코시노"", ""brand_no"": 26100, ""category1"": ""여성의류"", ""category2"": ""상의"", ""category3"": ""반소매 티셔츠"", ""category3_code"": 268103101, ""is_new"": false, ""item_no"": 4190361, ""period_sort"": ""ONE_DAY"", ""platform"": ""29cm"", ""ranking_category_code"": ""268103100"", ""ranking_category_name"": ""여성의류>상의"", ""review_avg"": 4.5, ""sale_percent"": 15, ""sale_price"": 49590, ""sold_out"": false, ""url"": ""https://product.29cm.co.kr/catalog/4190361""}",2026-10-04T01:07:21+00:00_e382e724
2026-10-04T10:07:21+09:00,2026-10-04T01:07:21+00:00,commerce_rank,[8th]Wool Halter Neck Sleeveless Top,29cm:4192333,heart_count,1444.0,"{""brand_eng"": ""TORTE"", ""brand_kor"": ""토르테"", ""brand_no"": 104998, ""category1"": ""여성의류"", ""category2"": ""상의"", ""category3"": ""슬리브리스"", ""category3_code"": 268103103, ""is_new"": false, ""item_no"": 4192333, ""period_sort"": ""ONE_DAY"", ""platform"": ""29cm"", ""ranking_category_code"": ""268103100"", ""ranking_category_name"": ""여성의류>상의"", ""review_avg"": 4.5, ""sale_percent"": 30, ""sale_price"": 27300, ""sold_out"": false, ""url"": ""https://product.29cm.co.kr/catalog/4192333""}",2026-10-04T01:07:21+00:00_e382e724
2026-10-04T10:07:21+09:00,2026-10-04T01:07:21+00:00,commerce_rank,[8th]Wool Halter Neck Sleeveless Top,29cm:4192333,review_count,17.0,"{""brand_eng"": ""TORTE"", ""brand_kor"": ""토르테"", ""brand_no"": 104998, ""category1"": ""여성의류"", ""category2"": ""상의"", ""category3"": ""슬리브리스"", ""category3_code"": 268103103, ""is_new"": false, ""item_no"": 4192333, ""period_sort"": ""ONE_DAY"", ""platform"": ""29cm"", ""ranking_category_code"": ""268103100"", ""ranking_category_name"": ""여성의류>상의"", ""review_avg"": 4.5, ""sale_percent"": 30, ""sale_price"": 27300, ""sold_out"": false, ""url"": ""https://product.29cm.co.kr/catalog/4192333""}",2026-10-04T01:07:21+00:00_e382e724
2026-10-04T10:07:21+09:00,2026-10-04T01:07:21+00:00,commerce_rank,[8th]Wool Halter Neck Sleeveless Top,29cm:4192333@268103100,rank,7.0,"{""brand_eng"": ""TORTE"", ""brand_kor"": ""토르테"", ""brand_no"": 104998, ""category1"": ""여성의류"", ""category2"": ""상의"", ""category3"": ""슬리브리스"", ""category3_code"": 268103103, ""is_new"": false, ""item_no"": 4192333, ""period_sort"": ""ONE_DAY"", ""platform"": ""29cm"", ""ranking_category_code"": ""268103100"", ""ranking_category_name"": ""여성의류>상의"", ""review_avg"": 4.5, ""sale_percent"": 30, ""sale_price"": 27300, ""sold_out"": false, ""url"": ""https://product.29cm.co.kr/catalog/4192333""}",2026-10-04T01:07:21+00:00_e382e724
2026-10-04T10:07:21+09:00,2026-10-04T01:07:22+00:00,commerce_rank,레이어드 헨리넥 롱 슬리브 (블랙),29cm:4197376,heart_count,70.0,"{""brand_eng"": ""INDUST"", ""brand_kor"": ""인더스트"", ""brand_no"": 15333, ""category1"": ""여성의류"", ""category2"": ""상의"", ""category3"": ""긴소매 티셔츠"", ""category3_code"": 268103102, ""is_new"": false, ""item_no"": 4197376, ""period_sort"": ""ONE_DAY"", ""platform"": ""29cm"", ""ranking_category_code"": ""272103100"", ""ranking_category_name"": ""남성의류>상의"", ""review_avg"": 0.0, ""sale_percent"": 20, ""sale_price"": 49990, ""sold_out"": false, ""url"": ""https://product.29cm.co.kr/catalog/4197376""}",2026-10-04T01:07:21+00:00_e382e724
2026-10-04T10:07:21+09:00,2026-10-04T01:07:22+00:00,commerce_rank,레이어드 헨리넥 롱 슬리브 (블랙),29cm:4197376,review_count,0.0,"{""brand_eng"": ""INDUST"", ""brand_kor"": ""인더스트"", ""brand_no"": 15333, ""category1"": ""여성의류"", ""category2"": ""상의"", ""category3"": ""긴소매 티셔츠"", ""category3_code"": 268103102, ""is_new"": false, ""item_no"": 4197376, ""period_sort"": ""ONE_DAY"", ""platform"": ""29cm"", ""ranking_category_code"": ""272103100"", ""ranking_category_name"": ""남성의류>상의"", ""review_avg"": 0.0, ""sale_percent"": 20, ""sale_price"": 49990, ""sold_out"": false, ""url"": ""https://product.29cm.co.kr/catalog/4197376""}",2026-10-04T01:07:21+00:00_e382e724
2026-10-04T10:07:21+09:00,2026-10-04T01:07:22+00:00,commerce_rank,레이어드 헨리넥 롱 슬리브 (블랙),29cm:4197376@272103100,rank,19.0,"{""brand_eng"": ""INDUST"", ""brand_kor"": ""인더스트"", ""brand_no"": 15333, ""category1"": ""여성의류"", ""category2"": ""상의"", ""category3"": ""긴소매 티셔츠"", ""category3_code"": 268103102, ""is_new"": false, ""item_no"": 4197376, ""period_sort"": ""ONE_DAY"", ""platform"": ""29cm"", ""ranking_category_code"": ""272103100"", ""ranking_category_name"": ""남성의류>상의"", ""review_avg"": 0.0, ""sale_percent"": 20, ""sale_price"": 49990, ""sold_out"": false, ""url"": ""https://product.29cm.co.kr/catalog/4197376""}",2026-10-04T01:07:21+00:00_e382e724
2026-10-04T10:07:21+09:00,2026-10-04T01:07:21+00:00,commerce_rank,WAFFLE SWEATSHIRT MOON,29cm:4201038,heart_count,2111.0,"{""brand_eng"": ""pesto"", ""brand_kor"": ""페스토"", ""brand_no"": 16507, ""category1"": ""여성의류"", ""category2"": ""상의"", ""category3"": ""긴소매 티셔츠"", ""category3_code"": 268103102, ""is_new"": false, ""item_no"": 4201038, ""period_sort"": ""ONE_DAY"", ""platform"": ""29cm"", ""ranking_category_code"": ""268103100"", ""ranking_category_name"": ""여성의류>상의"", ""review_avg"": 5.0, ""sale_percent"": 19, ""sale_price"": 98820, ""sold_out"": false, ""url"": ""https://product.29cm.co.kr/catalog/4201038""}",2026-10-04T01:07:21+00:00_e382e724
2026-10-04T10:07:21+09:00,2026-10-04T01:07:21+00:00,commerce_rank,WAFFLE SWEATSHIRT MOON,29cm:4201038,review_count,2.0,"{""brand_eng"": ""pesto"", ""brand_kor"": ""페스토"", ""brand_no"": 16507, ""category1"": ""여성의류"", ""category2"": ""상의"", ""category3"": ""긴소매 티셔츠"", ""category3_code"": 268103102, ""is_new"": false, ""item_no"": 4201038, ""period_sort"": ""ONE_DAY"", ""platform"": ""29cm"", ""ranking_category_code"": ""268103100"", ""ranking_category_name"": ""여성의류>상의"", ""review_avg"": 5.0, ""sale_percent"": 19, ""sale_price"": 98820, ""sold_out"": false, ""url"": ""https://product.29cm.co.kr/catalog/4201038""}",2026-10-04T01:07:21+00:00_e382e724
2026-10-04T10:07:21+09:00,2026-10-04T01:07:21+00:00,commerce_rank,WAFFLE SWEATSHIRT MOON,29cm:4201038@268103100,rank,72.0,"{""brand_eng"": ""pesto"", ""brand_kor"": ""페스토"", ""brand_no"": 16507, ""category1"": ""여성의류"", ""category2"": ""상의"", ""category3"": ""긴소매 티셔츠"", ""category3_code"": 268103102, ""is_new"": false, ""item_no"": 4201038, ""period_sort"": ""ONE_DAY"", ""platform"": ""29cm"", ""ranking_category_code"": ""268103100"", ""ranking_category_name"": ""여성의류>상의"", ""review_avg"": 5.0, ""sale_percent"": 19, ""sale_price"": 98820, ""sold_out"": false, ""url"": ""https://product.29cm.co.kr/catalog/4201038""}",2026-10-04T01:07:21+00:00_e382e724
2026-10-04T10:07:21+09:00,2026-10-04T01:07:22+00:00,commerce_rank,(기모) 오리지네이터스 빅 스크립트 후드 데저트 올리브,29cm:4204358,heart_count,3.0,"{""brand_eng"": ""NEWERA"", ""brand_kor"": ""뉴에라"", ""brand_no"": 8182, ""category1"": ""남성의류"", ""category2"": ""상의"", ""category3"": ""후디"", ""category3_code"": 272103108, ""is_new"": false, ""item_no"": 4204358, ""period_sort"": ""ONE_DAY"", ""platform"": ""29cm"", ""ranking_category_code"": ""272103100"", ""ranking_category_name"": ""남성의류>상의"", ""review_avg"": 0.0, ""sale_percent"": 10, ""sale_price"": 116100, ""sold_out"": false, ""url"": ""https://product.29cm.co.kr/catalog/4204358""}",2026-10-04T01:07:21+00:00_e382e724
2026-10-04T10:07:21+09:00,2026-10-04T01:07:22+00:00,commerce_rank,(기모) 오리지네이터스 빅 스크립트 후드 데저트 올리브,29cm:4204358,review_count,0.0,"{""brand_eng"": ""NEWERA"", ""brand_kor"": ""뉴에라"", ""brand_no"": 8182, ""category1"": ""남성의류"", ""category2"": ""상의"", ""category3"": ""후디"", ""category3_code"": 272103108, ""is_new"": false, ""item_no"": 4204358, ""period_sort"": ""ONE_DAY"", ""platform"": ""29cm"", ""ranking_category_code"": ""272103100"", ""ranking_category_name"": ""남성의류>상의"", ""review_avg"": 0.0, ""sale_percent"": 10, ""sale_price"": 116100, ""sold_out"": false, ""url"": ""https://product.29cm.co.kr/catalog/4204358""}",2026-10-04T01:07:21+00:00_e382e724
2026-10-04T10:07:21+09:00,2026-10-04T01:07:22+00:00,commerce_rank,(기모) 오리지네이터스 빅 스크립트 후드 데저트 올리브,29cm:4204358@272103100,rank,28.0,"{""brand_eng"": ""NEWERA"", ""brand_kor"": ""뉴에라"", ""brand_no"": 8182, ""category1"": ""남성의류"", ""category2"": ""상의"", ""category3"": ""후디"", ""category3_code"": 272103108, ""is_new"": false, ""item_no"": 4204358, ""period_sort"": ""ONE_DAY"", ""platform"": ""29cm"", ""ranking_category_code"": ""272103100"", ""ranking_category_name"": ""남성의류>상의"", ""review_avg"": 0.0, ""sale_percent"": 10, ""sale_price"": 116100, ""sold_out"": false, ""url"": ""https://product.29cm.co.kr/catalog/4204358""}",2026-10-04T01:07:21+00:00_e382e724
2026-10-04T10:07:21+09:00,2026-10-04T01:07:22+00:00,commerce_rank,JAPANESE URAKE JERSEY TUBULAR SWEAT_VINTAGE BLACK,29cm:4205648,heart_count,22.0,"{""brand_eng"": ""OUTSTANDING"", ""brand_kor"": ""아웃스탠딩"", ""brand_no"": 1657, ""category1"": ""남성의류"", ""category2"": ""상의"", ""category3"": ""스웨트셔츠"", ""category3_code"": 272103107, ""is_new"": false, ""item_no"": 4205648, ""period_sort"": ""ONE_DAY"", ""platform"": ""29cm"", ""ranking_category_code"": ""272103100"", ""ranking_category_name"": ""남성의류>상의"", ""review_avg"": 0.0, ""sale_percent"": 10, ""sale_price"": 88200, ""sold_out"": false, ""url"": ""https://product.29cm.co.kr/catalog/4205648""}",2026-10-04T01:07:21+00:00_e382e724
2026-10-04T10:07:21+09:00,2026-10-04T01:07:22+00:00,commerce_rank,JAPANESE URAKE JERSEY TUBULAR SWEAT_VINTAGE BLACK,29cm:4205648,review_count,0.0,"{""brand_eng"": ""OUTSTANDING"", ""brand_kor"": ""아웃스탠딩"", ""brand_no"": 1657, ""category1"": ""남성의류"", ""category2"": ""상의"", ""category3"": ""스웨트셔츠"", ""category3_code"": 272103107, ""is_new"": false, ""item_no"": 4205648, ""period_sort"": ""ONE_DAY"", ""platform"": ""29cm"", ""ranking_category_code"": ""272103100"", ""ranking_category_name"": ""남성의류>상의"", ""review_avg"": 0.0, ""sale_percent"": 10, ""sale_price"": 88200, ""sold_out"": false, ""url"": ""https://product.29cm.co.kr/catalog/4205648""}",2026-10-04T01:07:21+00:00_e382e724
2026-10-04T10:07:21+09:00,2026-10-04T01:07:22+00:00,commerce_rank,JAPANESE URAKE JERSEY TUBULAR SWEAT_VINTAGE BLACK,29cm:4205648@272103100,rank,66.0,"{""brand_eng"": ""OUTSTANDING"", ""brand_kor"": ""아웃스탠딩"", ""brand_no"": 1657, ""category1"": ""남성의류"", ""category2"": ""상의"", ""category3"": ""스웨트셔츠"", ""category3_code"": 272103107, ""is_new"": false, ""item_no"": 4205648, ""period_sort"": ""ONE_DAY"", ""platform"": ""29cm"", ""ranking_category_code"": ""272103100"", ""ranking_category_name"": ""남성의류>상의"", ""review_avg"": 0.0, ""sale_percent"": 10, ""sale_price"": 88200, ""sold_out"": false, ""url"": ""https://product.29cm.co.kr/catalog/4205648""}",2026-10-04T01:07:21+00:00_e382e724
2026-10-04T10:07:21+09:00,2026-10-04T01:07:21+00:00,commerce_rank,Milo Stripe Tee_Blue,29cm:4205822,heart_count,640.0,"{""brand_eng"": ""108POUND"", ""brand_kor"": ""108파운드"", ""brand_no"": 86198, ""category1"": ""여성의류"", ""category2"": ""상의"", ""category3"": ""긴소매 티셔츠"", ""category3_code"": 268103102, ""is_new"": false, ""item_no"": 4205822, ""period_sort"": ""ONE_DAY"", ""platform"": ""29cm"", ""ranking_category_code"": ""268103100"", ""ranking_category_name"": ""여성의류>상의"", ""review_avg"": 4.5, ""sale_percent"": 24, ""sale_price"": 55080, ""sold_out"": false, ""url"": ""https://product.29cm.co.kr/catalog/4205822""}",2026-10-04T01:07:21+00:00_e382e724
2026-10-04T10:07:21+09:00,2026-10-04T01:07:21+00:00,commerce_rank,Milo Stripe Tee_Blue,29cm:4205822,review_count,8.0,"{""brand_eng"": ""108POUND"", ""brand_kor"": ""108파운드"", ""brand_no"": 86198, ""category1"": ""여성의류"", ""category2"": ""상의"", ""category3"": ""긴소매 티셔츠"", ""category3_code"": 268103102, ""is_new"": false, ""item_no"": 4205822, ""period_sort"": ""ONE_DAY"", ""platform"": ""29cm"", ""ranking_category_code"": ""268103100"", ""ranking_category_name"": ""여성의류>상의"", ""review_avg"": 4.5, ""sale_percent"": 24, ""sale_price"": 55080, ""sold_out"": false, ""url"": ""https://product.29cm.co.kr/catalog/4205822""}",2026-10-04T01:07:21+00:00_e382e724
2026-10-04T10:07:21+09:00,2026-10-04T01:07:21+00:00,commerce_rank,Milo Stripe Tee_Blue,29cm:4205822@268103100,rank,81.0,"{""brand_eng"": ""108POUND"", ""brand_kor"": ""108파운드"", ""brand_no"": 86198, ""category1"": ""여성의류"", ""category2"": ""상의"", ""category3"": ""긴소매 티셔츠"", ""category3_code"": 268103102, ""is_new"": false, ""item_no"": 4205822, ""period_sort"": ""ONE_DAY"", ""platform"": ""29cm"", ""ranking_category_code"": ""268103100"", ""ranking_category_name"": ""여성의류>상의"", ""review_avg"": 4.5, ""sale_percent"": 24, ""sale_price"": 55080, ""sold_out"": false, ""url"": ""https://product.29cm.co.kr/catalog/4205822""}",2026-10-04T01:07:21+00:00_e382e724
2026-10-04T10:07:21+09:00,2026-10-04T01:07:21+00:00,commerce_rank,Milo Stripe Tee_Oatmeal,29cm:4205823,heart_count,850.0,"{""brand_eng"": ""108POUND"", ""brand_kor"": ""108파운드"", ""brand_no"": 86198, ""category1"": ""여성의류"", ""category2"": ""상의"", ""category3"": ""긴소매 티셔츠"", ""category3_code"": 268103102, ""is_new"": false, ""item_no"": 4205823, ""period_sort"": ""ONE_DAY"", ""platform"": ""29cm"", ""ranking_category_code"": ""268103100"", ""ranking_category_name"": ""여성의류>상의"", ""review_avg"": 5.0, ""sale_percent"": 24, ""sale_price"": 55080, ""sold_out"": false, ""url"": ""https://product.29cm.co.kr/catalog/4205823""}",2026-10-04T01:07:21+00:00_e382e724
2026-10-04T10:07:21+09:00,2026-10-04T01:07:21+00:00,commerce_rank,Milo Stripe Tee_Oatmeal,29cm:4205823,review_count,4.0,"{""brand_eng"": ""108POUND"", ""brand_kor"": ""108파운드"", ""brand_no"": 86198, ""category1"": ""여성의류"", ""category2"": ""상의"", ""category3"": ""긴소매 티셔츠"", ""category3_code"": 268103102, ""is_new"": false, ""item_no"": 4205823, ""period_sort"": ""ONE_DAY"", ""platform"": ""29cm"", ""ranking_category_code"": ""268103100"", ""ranking_category_name"": ""여성의류>상의"", ""review_avg"": 5.0, ""sale_percent"": 24, ""sale_price"": 55080, ""sold_out"": false, ""url"": ""https://product.29cm.co.kr/catalog/4205823""}",2026-10-04T01:07:21+00:00_e382e724
2026-10-04T10:07:21+09:00,2026-10-04T01:07:21+00:00,commerce_rank,Milo Stripe Tee_Oatmeal,29cm:4205823@268103100,rank,56.0,"{""brand_eng"": ""108POUND"", ""brand_kor"": ""108파운드"", ""brand_no"": 86198, ""category1"": ""여성의류"", ""category2"": ""상의"", ""category3"": ""긴소매 티셔츠"", ""category3_code"": 268103102, ""is_new"": false, ""item_no"": 4205823, ""period_sort"": ""ONE_DAY"", ""platform"": ""29cm"", ""ranking_category_code"": ""268103100"", ""ranking_category_name"": ""여성의류>상의"", ""review_avg"": 5.0, ""sale_percent"": 24, ""sale_price"": 55080, ""sold_out"": false, ""url"": ""https://product.29cm.co.kr/catalog/4205823""}",2026-10-04T01:07:21+00:00_e382e724
2026-10-04T10:07:21+09:00,2026-10-04T01:07:21+00:00,commerce_rank,Henley 3/4 Sleeve Tee_Stripe Blue,29cm:4205826,heart_count,1151.0,"{""brand_eng"": ""108POUND"", ""brand_kor"": ""108파운드"", ""brand_no"": 86198, ""category1"": ""여성의류"", ""category2"": ""상의"", ""category3"": ""반소매 티셔츠"", ""category3_code"": 268103101, ""is_new"": false, ""item_no"": 4205826, ""period_sort"": ""ONE_DAY"", ""platform"": ""29cm"", ""ranking_category_code"": ""268103100"", ""ranking_category_name"": ""여성의류>상의"", ""review_avg"": 5.0, ""sale_percent"": 24, ""sale_price"": 48960, ""sold_out"": false, ""url"": ""https://product.29cm.co.kr/catalog/4205826""}",2026-10-04T01:07:21+00:00_e382e724
2026-10-04T10:07:21+09:00,2026-10-04T01:07:21+00:00,commerce_rank,Henley 3/4 Sleeve Tee_Stripe Blue,29cm:4205826,review_count,1.0,"{""brand_eng"": ""108POUND"", ""brand_kor"": ""108파운드"", ""brand_no"": 86198, ""category1"": ""여성의류"", ""category2"": ""상의"", ""category3"": ""반소매 티셔츠"", ""category3_code"": 268103101, ""is_new"": false, ""item_no"": 4205826, ""period_sort"": ""ONE_DAY"", ""platform"": ""29cm"", ""ranking_category_code"": ""268103100"", ""ranking_category_name"": ""여성의류>상의"", ""review_avg"": 5.0, ""sale_percent"": 24, ""sale_price"": 48960, ""sold_out"": false, ""url"": ""https://product.29cm.co.kr/catalog/4205826""}",2026-10-04T01:07:21+00:00_e382e724
2026-10-04T10:07:21+09:00,2026-10-04T01:07:21+00:00,commerce_rank,Henley 3/4 Sleeve Tee_Stripe Blue,29cm:4205826@268103100,rank,67.0,"{""brand_eng"": ""108POUND"", ""brand_kor"": ""108파운드"", ""brand_no"": 86198, ""category1"": ""여성의류"", ""category2"": ""상의"", ""category3"": ""반소매 티셔츠"", ""category3_code"": 268103101, ""is_new"": false, ""item_no"": 4205826, ""period_sort"": ""ONE_DAY"", ""platform"": ""29cm"", ""ranking_category_code"": ""268103100"", ""ranking_category_name"": ""여성의류>상의"", ""review_avg"": 5.0, ""sale_percent"": 24, ""sale_price"": 48960, ""sold_out"": false, ""url"": ""https://product.29cm.co.kr/catalog/4205826""}",2026-10-04T01:07:21+00:00_e382e724
2026-10-04T10:07:21+09:00,2026-10-04T01:07:21+00:00,commerce_rank,Henley 3/4 Sleeve Tee_Stripe Gray,29cm:4205827,heart_count,1409.0,"{""brand_eng"": ""108POUND"", ""brand_kor"": ""108파운드"", ""brand_no"": 86198, ""category1"": ""여성의류"", ""category2"": ""상의"", ""category3"": ""반소매 티셔츠"", ""category3_code"": 268103101, ""is_new"": false, ""item_no"": 4205827, ""period_sort"": ""ONE_DAY"", ""platform"": ""29cm"", ""ranking_category_code"": ""268103100"", ""ranking_category_name"": ""여성의류>상의"", ""review_avg"": 5.0, ""sale_percent"": 24, ""sale_price"": 48960, ""sold_out"": false, ""url"": ""https://product.29cm.co.kr/catalog/4205827""}",2026-10-04T01:07:21+00:00_e382e724
2026-10-04T10:07:21+09:00,2026-10-04T01:07:21+00:00,commerce_rank,Henley 3/4 Sleeve Tee_Stripe Gray,29cm:4205827,review_count,2.0,"{""brand_eng"": ""108POUND"", ""brand_kor"": ""108파운드"", ""brand_no"": 86198, ""category1"": ""여성의류"", ""category2"": ""상의"", ""category3"": ""반소매 티셔츠"", ""category3_code"": 268103101, ""is_new"": false, ""item_no"": 4205827, ""period_sort"": ""ONE_DAY"", ""platform"": ""29cm"", ""ranking_category_code"": ""268103100"", ""ranking_category_name"": ""여성의류>상의"", ""review_avg"": 5.0, ""sale_percent"": 24, ""sale_price"": 48960, ""sold_out"": false, ""url"": ""https://product.29cm.co.kr/catalog/4205827""}",2026-10-04T01:07:21+00:00_e382e724
2026-10-04T10:07:21+09:00,2026-10-04T01:07:21+00:00,commerce_rank,Henley 3/4 Sleeve Tee_Stripe Gray,29cm:4205827@268103100,rank,40.0,"{""brand_eng"": ""108POUND"", ""brand_kor"": ""108파운드"", ""brand_no"": 86198, ""category1"": ""여성의류"", ""category2"": ""상의"", ""category3"": ""반소매 티셔츠"", ""category3_code"": 268103101, ""is_new"": false, ""item_no"": 4205827, ""period_sort"": ""ONE_DAY"", ""platform"": ""29cm"", ""ranking_category_code"": ""268103100"", ""ranking_category_name"": ""여성의류>상의"", ""review_avg"": 5.0, ""sale_percent"": 24, ""sale_price"": 48960, ""sold_out"": false, ""url"": ""https://product.29cm.co.kr/catalog/4205827""}",2026-10-04T01:07:21+00:00_e382e724
2026-10-04T10:07:21+09:00,2026-10-04T01:07:22+00:00,commerce_rank,Bumpy Slub Double Neck Long Sleeve Black,29cm:4209631,heart_count,64.0,"{""brand_eng"": ""partimento"", ""brand_kor"": ""파르티멘토"", ""brand_no"": 1588, ""category1"": ""여성의류"", ""category2"": ""상의"", ""category3"": ""긴소매 티셔츠"", ""category3_code"": 268103102, ""is_new"": false, ""item_no"": 4209631, ""period_sort"": ""ONE_DAY"", ""platform"": ""29cm"", ""ranking_category_code"": ""272103100"", ""ranking_category_name"": ""남성의류>상의"", ""review_avg"": 0.0, ""sale_percent"": 28, ""sale_price"": 31410, ""sold_out"": false, ""url"": ""https://product.29cm.co.kr/catalog/4209631""}",2026-10-04T01:07:21+00:00_e382e724
2026-10-04T10:07:21+09:00,2026-10-04T01:07:22+00:00,commerce_rank,Bumpy Slub Double Neck Long Sleeve Black,29cm:4209631,review_count,0.0,"{""brand_eng"": ""partimento"", ""brand_kor"": ""파르티멘토"", ""brand_no"": 1588, ""category1"": ""여성의류"", ""category2"": ""상의"", ""category3"": ""긴소매 티셔츠"", ""category3_code"": 268103102, ""is_new"": false, ""item_no"": 4209631, ""period_sort"": ""ONE_DAY"", ""platform"": ""29cm"", ""ranking_category_code"": ""272103100"", ""ranking_category_name"": ""남성의류>상의"", ""review_avg"": 0.0, ""sale_percent"": 28, ""sale_price"": 31410, ""sold_out"": false, ""url"": ""https://product.29cm.co.kr/catalog/4209631""}",2026-10-04T01:07:21+00:00_e382e724
2026-10-04T10:07:21+09:00,2026-10-04T01:07:22+00:00,commerce_rank,Bumpy Slub Double Neck Long Sleeve Black,29cm:4209631@272103100,rank,80.0,"{""brand_eng"": ""partimento"", ""brand_kor"": ""파르티멘토"", ""brand_no"": 1588, ""category1"": ""여성의류"", ""category2"": ""상의"", ""category3"": ""긴소매 티셔츠"", ""category3_code"": 268103102, ""is_new"": false, ""item_no"": 4209631, ""period_sort"": ""ONE_DAY"", ""platform"": ""29cm"", ""ranking_category_code"": ""272103100"", ""ranking_category_name"": ""남성의류>상의"", ""review_avg"": 0.0, ""sale_percent"": 28, ""sale_price"": 31410, ""sold_out"": false, ""url"": ""https://product.29cm.co.kr/catalog/4209631""}",2026-10-04T01:07:21+00:00_e382e724
2026-10-04T10:07:21+09:00,2026-10-04T01:07:22+00:00,commerce_rank,FADE 18 OIL SWEAT,29cm:4210753,heart_count,20.0,"{""brand_eng"": ""VDR"", ""brand_kor"": ""비디알"", ""brand_no"": 4606, ""category1"": ""남성의류"", ""category2"": ""상의"", ""category3"": ""긴소매 티셔츠"", ""category3_code"": 272103102, ""is_new"": false, ""item_no"": 4210753, ""period_sort"": ""ONE_DAY"", ""platform"": ""29cm"", ""ranking_category_code"": ""272103100"", ""ranking_category_name"": ""남성의류>상의"", ""review_avg"": 5.0, ""sale_percent"": 10, ""sale_price"": 168600, ""sold_out"": true, ""url"": ""https://product.29cm.co.kr/catalog/4210753""}",2026-10-04T01:07:21+00:00_e382e724
2026-10-04T10:07:21+09:00,2026-10-04T01:07:22+00:00,commerce_rank,FADE 18 OIL SWEAT,29cm:4210753,review_count,1.0,"{""brand_eng"": ""VDR"", ""brand_kor"": ""비디알"", ""brand_no"": 4606, ""category1"": ""남성의류"", ""category2"": ""상의"", ""category3"": ""긴소매 티셔츠"", ""category3_code"": 272103102, ""is_new"": false, ""item_no"": 4210753, ""period_sort"": ""ONE_DAY"", ""platform"": ""29cm"", ""ranking_category_code"": ""272103100"", ""ranking_category_name"": ""남성의류>상의"", ""review_avg"": 5.0, ""sale_percent"": 10, ""sale_price"": 168600, ""sold_out"": true, ""url"": ""https://product.29cm.co.kr/catalog/4210753""}",2026-10-04T01:07:21+00:00_e382e724
2026-10-04T10:07:21+09:00,2026-10-04T01:07:22+00:00,commerce_rank,FADE 18 OIL SWEAT,29cm:4210753@272103100,rank,71.0,"{""brand_eng"": ""VDR"", ""brand_kor"": ""비디알"", ""brand_no"": 4606, ""category1"": ""남성의류"", ""category2"": ""상의"", ""category3"": ""긴소매 티셔츠"", ""category3_code"": 272103102, ""is_new"": false, ""item_no"": 4210753, ""period_sort"": ""ONE_DAY"", ""platform"": ""29cm"", ""ranking_category_code"": ""272103100"", ""ranking_category_name"": ""남성의류>상의"", ""review_avg"": 5.0, ""sale_percent"": 10, ""sale_price"": 168600, ""sold_out"": true, ""url"": ""https://product.29cm.co.kr/catalog/4210753""}",2026-10-04T01:07:21+00:00_e382e724
2026-10-04T10:07:21+09:00,2026-10-04T01:07:22+00:00,commerce_rank,STRIPE POCKET L.S T-SHIRTS / D.NAVY & CHARCOAL,29cm:4218423,heart_count,24.0,"{""brand_eng"": ""EASTLOGUE PERMANENT"", ""brand_kor"": ""이스트로그 퍼머넌트"", ""brand_no"": 9323, ""category1"": ""여성의류"", ""category2"": ""상의"", ""category3"": ""긴소매 티셔츠"", ""category3_code"": 268103102, ""is_new"": false, ""item_no"": 4218423, ""period_sort"": ""ONE_DAY"", ""platform"": ""29cm"", ""ranking_category_code"": ""272103100"", ""ranking_category_name"": ""남성의류>상의"", ""review_avg"": 0.0, ""sale_percent"": 15, ""sale_price"": 66300, ""sold_out"": false, ""url"": ""https://product.29cm.co.kr/catalog/4218423""}",2026-10-04T01:07:21+00:00_e382e724
2026-10-04T10:07:21+09:00,2026-10-04T01:07:22+00:00,commerce_rank,STRIPE POCKET L.S T-SHIRTS / D.NAVY & CHARCOAL,29cm:4218423,review_count,0.0,"{""brand_eng"": ""EASTLOGUE PERMANENT"", ""brand_kor"": ""이스트로그 퍼머넌트"", ""brand_no"": 9323, ""category1"": ""여성의류"", ""category2"": ""상의"", ""category3"": ""긴소매 티셔츠"", ""category3_code"": 268103102, ""is_new"": false, ""item_no"": 4218423, ""period_sort"": ""ONE_DAY"", ""platform"": ""29cm"", ""ranking_category_code"": ""272103100"", ""ranking_category_name"": ""남성의류>상의"", ""review_avg"": 0.0, ""sale_percent"": 15, ""sale_price"": 66300, ""sold_out"": false, ""url"": ""https://product.29cm.co.kr/catalog/4218423""}",2026-10-04T01:07:21+00:00_e382e724
2026-10-04T10:07:21+09:00,2026-10-04T01:07:22+00:00,commerce_rank,STRIPE POCKET L.S T-SHIRTS / D.NAVY & CHARCOAL,29cm:4218423@272103100,rank,69.0,"{""brand_eng"": ""EASTLOGUE PERMANENT"", ""brand_kor"": ""이스트로그 퍼머넌트"", ""brand_no"": 9323, ""category1"": ""여성의류"", ""category2"": ""상의"", ""category3"": ""긴소매 티셔츠"", ""category3_code"": 268103102, ""is_new"": false, ""item_no"": 4218423, ""period_sort"": ""ONE_DAY"", ""platform"": ""29cm"", ""ranking_category_code"": ""272103100"", ""ranking_category_name"": ""남성의류>상의"", ""review_avg"": 0.0, ""sale_percent"": 15, ""sale_price"": 66300, ""sold_out"": false, ""url"": ""https://product.29cm.co.kr/catalog/4218423""}",2026-10-04T01:07:21+00:00_e382e724
2026-10-04T10:07:21+09:00,2026-10-04T01:07:21+00:00,commerce_rank,[3rd] Kid pocket henry tee - beige,29cm:4219801,heart_count,664.0,"{""brand_eng"": ""FOETO"", ""brand_kor"": ""포에토"", ""brand_no"": 53520, ""category1"": ""여성의류"", ""category2"": ""상의"", ""category3"": ""반소매 티셔츠"", ""category3_code"": 268103101, ""is_new"": true, ""item_no"": 4219801, ""period_sort"": ""ONE_DAY"", ""platform"": ""29cm"", ""ranking_category_code"": ""268103100"", ""ranking_category_name"": ""여성의류>상의"", ""review_avg"": 5.0, ""sale_percent"": 19, ""sale_price"": 65610, ""sold_out"": false, ""url"": ""https://product.29cm.co.kr/catalog/4219801""}",2026-10-04T01:07:21+00:00_e382e724
2026-10-04T10:07:21+09:00,2026-10-04T01:07:21+00:00,commerce_rank,[3rd] Kid pocket henry tee - beige,29cm:4219801,review_count,1.0,"{""brand_eng"": ""FOETO"", ""brand_kor"": ""포에토"", ""brand_no"": 53520, ""category1"": ""여성의류"", ""category2"": ""상의"", ""category3"": ""반소매 티셔츠"", ""category3_code"": 268103101, ""is_new"": true, ""item_no"": 4219801, ""period_sort"": ""ONE_DAY"", ""platform"": ""29cm"", ""ranking_category_code"": ""268103100"", ""ranking_category_name"": ""여성의류>상의"", ""review_avg"": 5.0, ""sale_percent"": 19, ""sale_price"": 65610, ""sold_out"": false, ""url"": ""https://product.29cm.co.kr/catalog/4219801""}",2026-10-04T01:07:21+00:00_e382e724
2026-10-04T10:07:21+09:00,2026-10-04T01:07:21+00:00,commerce_rank,[3rd] Kid pocket henry tee - beige,29cm:4219801@268103100,rank,86.0,"{""brand_eng"": ""FOETO"", ""brand_kor"": ""포에토"", ""brand_no"": 53520, ""category1"": ""여성의류"", ""category2"": ""상의"", ""category3"": ""반소매 티셔츠"", ""category3_code"": 268103101, ""is_new"": true, ""item_no"": 4219801, ""period_sort"": ""ONE_DAY"", ""platform"": ""29cm"", ""ranking_category_code"": ""268103100"", ""ranking_category_name"": ""여성의류>상의"", ""review_avg"": 5.0, ""sale_percent"": 19, ""sale_price"": 65610, ""sold_out"": false, ""url"": ""https://product.29cm.co.kr/catalog/4219801""}",2026-10-04T01:07:21+00:00_e382e724
2026-10-04T10:07:21+09:00,2026-10-04T01:07:21+00:00,commerce_rank,[5th] Kid pocket henry tee - charcoal,29cm:4219804,heart_count,930.0,"{""brand_eng"": ""FOETO"", ""brand_kor"": ""포에토"", ""brand_no"": 53520, ""category1"": ""여성의류"", ""category2"": ""상의"", ""category3"": ""반소매 티셔츠"", ""category3_code"": 268103101, ""is_new"": true, ""item_no"": 4219804, ""period_sort"": ""ONE_DAY"", ""platform"": ""29cm"", ""ranking_category_code"": ""268103100"", ""ranking_category_name"": ""여성의류>상의"", ""review_avg"": 0.0, ""sale_percent"": 19, ""sale_price"": 65610, ""sold_out"": false, ""url"": ""https://product.29cm.co.kr/catalog/4219804""}",2026-10-04T01:07:21+00:00_e382e724
2026-10-04T10:07:21+09:00,2026-10-04T01:07:21+00:00,commerce_rank,[5th] Kid pocket henry tee - charcoal,29cm:4219804,review_count,0.0,"{""brand_eng"": ""FOETO"", ""brand_kor"": ""포에토"", ""brand_no"": 53520, ""category1"": ""여성의류"", ""category2"": ""상의"", ""category3"": ""반소매 티셔츠"", ""category3_code"": 268103101, ""is_new"": true, ""item_no"": 4219804, ""period_sort"": ""ONE_DAY"", ""platform"": ""29cm"", ""ranking_category_code"": ""268103100"", ""ranking_category_name"": ""여성의류>상의"", ""review_avg"": 0.0, ""sale_percent"": 19, ""sale_price"": 65610, ""sold_out"": false, ""url"": ""https://product.29cm.co.kr/catalog/4219804""}",2026-10-04T01:07:21+00:00_e382e724
2026-10-04T10:07:21+09:00,2026-10-04T01:07:21+00:00,commerce_rank,[5th] Kid pocket henry tee - charcoal,29cm:4219804@268103100,rank,61.0,"{""brand_eng"": ""FOETO"", ""brand_kor"": ""포에토"", ""brand_no"": 53520, ""category1"": ""여성의류"", ""category2"": ""상의"", ""category3"": ""반소매 티셔츠"", ""category3_code"": 268103101, ""is_new"": true, ""item_no"": 4219804, ""period_sort"": ""ONE_DAY"", ""platform"": ""29cm"", ""ranking_category_code"": ""268103100"", ""ranking_category_name"": ""여성의류>상의"", ""review_avg"": 0.0, ""sale_percent"": 19, ""sale_price"": 65610, ""sold_out"": false, ""url"": ""https://product.29cm.co.kr/catalog/4219804""}",2026-10-04T01:07:21+00:00_e382e724
2026-10-04T10:07:21+09:00,2026-10-04T01:07:22+00:00,commerce_rank,2-Tone Raglan Crewneck Brown,29cm:4224936,heart_count,85.0,"{""brand_eng"": ""Khakis"", ""brand_kor"": ""카키스"", ""brand_no"": 16064, ""category1"": ""남성의류"", ""category2"": ""상의"", ""category3"": ""스웨트셔츠"", ""category3_code"": 272103107, ""is_new"": false, ""item_no"": 4224936, ""period_sort"": ""ONE_DAY"", ""platform"": ""29cm"", ""ranking_category_code"": ""272103100"", ""ranking_category_name"": ""남성의류>상의"", ""review_avg"": 0.0, ""sale_percent"": 0, ""sale_price"": 149000, ""sold_out"": true, ""url"": ""https://product.29cm.co.kr/catalog/4224936""}",2026-10-04T01:07:21+00:00_e382e724
2026-10-04T10:07:21+09:00,2026-10-04T01:07:22+00:00,commerce_rank,2-Tone Raglan Crewneck Brown,29cm:4224936,review_count,0.0,"{""brand_eng"": ""Khakis"", ""brand_kor"": ""카키스"", ""brand_no"": 16064, ""category1"": ""남성의류"", ""category2"": ""상의"", ""category3"": ""스웨트셔츠"", ""category3_code"": 272103107, ""is_new"": false, ""item_no"": 4224936, ""period_sort"": ""ONE_DAY"", ""platform"": ""29cm"", ""ranking_category_code"": ""272103100"", ""ranking_category_name"": ""남성의류>상의"", ""review_avg"": 0.0, ""sale_percent"": 0, ""sale_price"": 149000, ""sold_out"": true, ""url"": ""https://product.29cm.co.kr/catalog/4224936""}",2026-10-04T01:07:21+00:00_e382e724
2026-10-04T10:07:21+09:00,2026-10-04T01:07:22+00:00,commerce_rank,2-Tone Raglan Crewneck Brown,29cm:4224936@272103100,rank,100.0,"{""brand_eng"": ""Khakis"", ""brand_kor"": ""카키스"", ""brand_no"": 16064, ""category1"": ""남성의류"", ""category2"": ""상의"", ""category3"": ""스웨트셔츠"", ""category3_code"": 272103107, ""is_new"": false, ""item_no"": 4224936, ""period_sort"": ""ONE_DAY"", ""platform"": ""29cm"", ""ranking_category_code"": ""272103100"", ""ranking_category_name"": ""남성의류>상의"", ""review_avg"": 0.0, ""sale_percent"": 0, ""sale_price"": 149000, ""sold_out"": true, ""url"": ""https://product.29cm.co.kr/catalog/4224936""}",2026-10-04T01:07:21+00:00_e382e724
2026-10-04T10:07:21+09:00,2026-10-04T01:07:21+00:00,commerce_rank,오디세이 VTG 롱슬리브 (차콜),29cm:4225704,heart_count,2984.0,"{""brand_eng"": ""FINDOUBT"", ""brand_kor"": ""핀다웃"", ""brand_no"": 81719, ""category1"": ""여성의류"", ""category2"": ""상의"", ""category3"": ""긴소매 티셔츠"", ""category3_code"": 268103102, ""is_new"": false, ""item_no"": 4225704, ""period_sort"": ""ONE_DAY"", ""platform"": ""29cm"", ""ranking_category_code"": ""268103100"", ""ranking_category_name"": ""여성의류>상의"", ""review_avg"": 5.0, ""sale_percent"": 0, ""sale_price"": 92000, ""sold_out"": false, ""url"": ""https://product.29cm.co.kr/catalog/4225704""}",2026-10-04T01:07:21+00:00_e382e724
2026-10-04T10:07:21+09:00,2026-10-04T01:07:21+00:00,commerce_rank,오디세이 VTG 롱슬리브 (차콜),29cm:4225704,review_count,1.0,"{""brand_eng"": ""FINDOUBT"", ""brand_kor"": ""핀다웃"", ""brand_no"": 81719, ""category1"": ""여성의류"", ""category2"": ""상의"", ""category3"": ""긴소매 티셔츠"", ""category3_code"": 268103102, ""is_new"": false, ""item_no"": 4225704, ""period_sort"": ""ONE_DAY"", ""platform"": ""29cm"", ""ranking_category_code"": ""268103100"", ""ranking_category_name"": ""여성의류>상의"", ""review_avg"": 5.0, ""sale_percent"": 0, ""sale_price"": 92000, ""sold_out"": false, ""url"": ""https://product.29cm.co.kr/catalog/4225704""}",2026-10-04T01:07:21+00:00_e382e724
2026-10-04T10:07:21+09:00,2026-10-04T01:07:21+00:00,commerce_rank,오디세이 VTG 롱슬리브 (차콜),29cm:4225704@268103100,rank,73.0,"{""brand_eng"": ""FINDOUBT"", ""brand_kor"": ""핀다웃"", ""brand_no"": 81719, ""category1"": ""여성의류"", ""category2"": ""상의"", ""category3"": ""긴소매 티셔츠"", ""category3_code"": 268103102, ""is_new"": false, ""item_no"": 4225704, ""period_sort"": ""ONE_DAY"", ""platform"": ""29cm"", ""ranking_category_code"": ""268103100"", ""ranking_category_name"": ""여성의류>상의"", ""review_avg"": 5.0, ""sale_percent"": 0, ""sale_price"": 92000, ""sold_out"": false, ""url"": ""https://product.29cm.co.kr/catalog/4225704""}",2026-10-04T01:07:21+00:00_e382e724
2026-10-04T10:07:21+09:00,2026-10-04T01:07:22+00:00,commerce_rank,슬럽 컷 오프 롱슬리브_4Color,29cm:4232628,heart_count,51.0,"{""brand_eng"": ""MOODINSIDE"", ""brand_kor"": ""무드인사이드"", ""brand_no"": 98995, ""category1"": ""남성의류"", ""category2"": ""상의"", ""category3"": ""긴소매 티셔츠"", ""category3_code"": 272103102, ""is_new"": false, ""item_no"": 4232628, ""period_sort"": ""ONE_DAY"", ""platform"": ""29cm"", ""ranking_category_code"": ""272103100"", ""ranking_category_name"": ""남성의류>상의"", ""review_avg"": 0.0, ""sale_percent"": 50, ""sale_price"": 29900, ""sold_out"": false, ""url"": ""https://product.29cm.co.kr/catalog/4232628""}",2026-10-04T01:07:21+00:00_e382e724
2026-10-04T10:07:21+09:00,2026-10-04T01:07:22+00:00,commerce_rank,슬럽 컷 오프 롱슬리브_4Color,29cm:4232628,review_count,0.0,"{""brand_eng"": ""MOODINSIDE"", ""brand_kor"": ""무드인사이드"", ""brand_no"": 98995, ""category1"": ""남성의류"", ""category2"": ""상의"", ""category3"": ""긴소매 티셔츠"", ""category3_code"": 272103102, ""is_new"": false, ""item_no"": 4232628, ""period_sort"": ""ONE_DAY"", ""platform"": ""29cm"", ""ranking_category_code"": ""272103100"", ""ranking_category_name"": ""남성의류>상의"", ""review_avg"": 0.0, ""sale_percent"": 50, ""sale_price"": 29900, ""sold_out"": false, ""url"": ""https://product.29cm.co.kr/catalog/4232628""}",2026-10-04T01:07:21+00:00_e382e724
2026-10-04T10:07:21+09:00,2026-10-04T01:07:22+00:00,commerce_rank,슬럽 컷 오프 롱슬리브_4Color,29cm:4232628@272103100,rank,10.0,"{""brand_eng"": ""MOODINSIDE"", ""brand_kor"": ""무드인사이드"", ""brand_no"": 98995, ""category1"": ""남성의류"", ""category2"": ""상의"", ""category3"": ""긴소매 티셔츠"", ""category3_code"": 272103102, ""is_new"": false, ""item_no"": 4232628, ""period_sort"": ""ONE_DAY"", ""platform"": ""29cm"", ""ranking_category_code"": ""272103100"", ""ranking_category_name"": ""남성의류>상의"", ""review_avg"": 0.0, ""sale_percent"": 50, ""sale_price"": 29900, ""sold_out"": false, ""url"": ""https://product.29cm.co.kr/catalog/4232628""}",2026-10-04T01:07:21+00:00_e382e724
2026-10-04T10:07:21+09:00,2026-10-04T01:07:22+00:00,commerce_rank,시로 for HER 크루넥 롱 슬리브 티셔츠 화이트,29cm:4238103,heart_count,2.0,"{""brand_eng"": ""HANES"", ""brand_kor"": ""헤인즈"", ""brand_no"": 111528, ""category1"": ""여성의류"", ""category2"": ""상의"", ""category3"": ""반소매 티셔츠"", ""category3_code"": 268103101, ""is_new"": false, ""item_no"": 4238103, ""period_sort"": ""ONE_DAY"", ""platform"": ""29cm"", ""ranking_category_code"": ""272103100"", ""ranking_category_name"": ""남성의류>상의"", ""review_avg"": 0.0, ""sale_percent"": 15, ""sale_price"": 33920, ""sold_out"": false, ""url"": ""https://product.29cm.co.kr/catalog/4238103""}",2026-10-04T01:07:21+00:00_e382e724
2026-10-04T10:07:21+09:00,2026-10-04T01:07:22+00:00,commerce_rank,시로 for HER 크루넥 롱 슬리브 티셔츠 화이트,29cm:4238103,review_count,0.0,"{""brand_eng"": ""HANES"", ""brand_kor"": ""헤인즈"", ""brand_no"": 111528, ""category1"": ""여성의류"", ""category2"": ""상의"", ""category3"": ""반소매 티셔츠"", ""category3_code"": 268103101, ""is_new"": false, ""item_no"": 4238103, ""period_sort"": ""ONE_DAY"", ""platform"": ""29cm"", ""ranking_category_code"": ""272103100"", ""ranking_category_name"": ""남성의류>상의"", ""review_avg"": 0.0, ""sale_percent"": 15, ""sale_price"": 33920, ""sold_out"": false, ""url"": ""https://product.29cm.co.kr/catalog/4238103""}",2026-10-04T01:07:21+00:00_e382e724
2026-10-04T10:07:21+09:00,2026-10-04T01:07:22+00:00,commerce_rank,시로 for HER 크루넥 롱 슬리브 티셔츠 화이트,29cm:4238103@272103100,rank,97.0,"{""brand_eng"": ""HANES"", ""brand_kor"": ""헤인즈"", ""brand_no"": 111528, ""category1"": ""여성의류"", ""category2"": ""상의"", ""category3"": ""반소매 티셔츠"", ""category3_code"": 268103101, ""is_new"": false, ""item_no"": 4238103, ""period_sort"": ""ONE_DAY"", ""platform"": ""29cm"", ""ranking_category_code"": ""272103100"", ""ranking_category_name"": ""남성의류>상의"", ""review_avg"": 0.0, ""sale_percent"": 15, ""sale_price"": 33920, ""sold_out"": false, ""url"": ""https://product.29cm.co.kr/catalog/4238103""}",2026-10-04T01:07:21+00:00_e382e724
2026-10-04T10:07:21+09:00,2026-10-04T01:07:22+00:00,commerce_rank,써멀 크루넥 롱 슬리브 티셔츠 블랙,29cm:4238715,heart_count,9.0,"{""brand_eng"": ""HANES"", ""brand_kor"": ""헤인즈"", ""brand_no"": 111528, ""category1"": ""여성의류"", ""category2"": ""상의"", ""category3"": ""긴소매 티셔츠"", ""category3_code"": 268103102, ""is_new"": false, ""item_no"": 4238715, ""period_sort"": ""ONE_DAY"", ""platform"": ""29cm"", ""ranking_category_code"": ""272103100"", ""ranking_category_name"": ""남성의류>상의"", ""review_avg"": 0.0, ""sale_percent"": 15, ""sale_price"": 23720, ""sold_out"": false, ""url"": ""https://product.29cm.co.kr/catalog/4238715""}",2026-10-04T01:07:21+00:00_e382e724
2026-10-04T10:07:21+09:00,2026-10-04T01:07:22+00:00,commerce_rank,써멀 크루넥 롱 슬리브 티셔츠 블랙,29cm:4238715,review_count,0.0,"{""brand_eng"": ""HANES"", ""brand_kor"": ""헤인즈"", ""brand_no"": 111528, ""category1"": ""여성의류"", ""category2"": ""상의"", ""category3"": ""긴소매 티셔츠"", ""category3_code"": 268103102, ""is_new"": false, ""item_no"": 4238715, ""period_sort"": ""ONE_DAY"", ""platform"": ""29cm"", ""ranking_category_code"": ""272103100"", ""ranking_category_name"": ""남성의류>상의"", ""review_avg"": 0.0, ""sale_percent"": 15, ""sale_price"": 23720, ""sold_out"": false, ""url"": ""https://product.29cm.co.kr/catalog/4238715""}",2026-10-04T01:07:21+00:00_e382e724
2026-10-04T10:07:21+09:00,2026-10-04T01:07:22+00:00,commerce_rank,써멀 크루넥 롱 슬리브 티셔츠 블랙,29cm:4238715@272103100,rank,53.0,"{""brand_eng"": ""HANES"", ""brand_kor"": ""헤인즈"", ""brand_no"": 111528, ""category1"": ""여성의류"", ""category2"": ""상의"", ""category3"": ""긴소매 티셔츠"", ""category3_code"": 268103102, ""is_new"": false, ""item_no"": 4238715, ""period_sort"": ""ONE_DAY"", ""platform"": ""29cm"", ""ranking_category_code"": ""272103100"", ""ranking_category_name"": ""남성의류>상의"", ""review_avg"": 0.0, ""sale_percent"": 15, ""sale_price"": 23720, ""sold_out"": false, ""url"": ""https://product.29cm.co.kr/catalog/4238715""}",2026-10-04T01:07:21+00:00_e382e724
2026-10-04T10:07:21+09:00,2026-10-04T01:07:22+00:00,commerce_rank,써멀 크루넥 롱 슬리브 티셔츠 헤더 그레이,29cm:4238716,heart_count,7.0,"{""brand_eng"": ""HANES"", ""brand_kor"": ""헤인즈"", ""brand_no"": 111528, ""category1"": ""여성의류"", ""category2"": ""상의"", ""category3"": ""긴소매 티셔츠"", ""category3_code"": 268103102, ""is_new"": false, ""item_no"": 4238716, ""period_sort"": ""ONE_DAY"", ""platform"": ""29cm"", ""ranking_category_code"": ""272103100"", ""ranking_category_name"": ""남성의류>상의"", ""review_avg"": 0.0, ""sale_percent"": 15, ""sale_price"": 23720, ""sold_out"": false, ""url"": ""https://product.29cm.co.kr/catalog/4238716""}",2026-10-04T01:07:21+00:00_e382e724
2026-10-04T10:07:21+09:00,2026-10-04T01:07:22+00:00,commerce_rank,써멀 크루넥 롱 슬리브 티셔츠 헤더 그레이,29cm:4238716,review_count,0.0,"{""brand_eng"": ""HANES"", ""brand_kor"": ""헤인즈"", ""brand_no"": 111528, ""category1"": ""여성의류"", ""category2"": ""상의"", ""category3"": ""긴소매 티셔츠"", ""category3_code"": 268103102, ""is_new"": false, ""item_no"": 4238716, ""period_sort"": ""ONE_DAY"", ""platform"": ""29cm"", ""ranking_category_code"": ""272103100"", ""ranking_category_name"": ""남성의류>상의"", ""review_avg"": 0.0, ""sale_percent"": 15, ""sale_price"": 23720, ""sold_out"": false, ""url"": ""https://product.29cm.co.kr/catalog/4238716""}",2026-10-04T01:07:21+00:00_e382e724
2026-10-04T10:07:21+09:00,2026-10-04T01:07:22+00:00,commerce_rank,써멀 크루넥 롱 슬리브 티셔츠 헤더 그레이,29cm:4238716@272103100,rank,92.0,"{""brand_eng"": ""HANES"", ""brand_kor"": ""헤인즈"", ""brand_no"": 111528, ""category1"": ""여성의류"", ""category2"": ""상의"", ""category3"": ""긴소매 티셔츠"", ""category3_code"": 268103102, ""is_new"": false, ""item_no"": 4238716, ""period_sort"": ""ONE_DAY"", ""platform"": ""29cm"", ""ranking_category_code"": ""272103100"", ""ranking_category_name"": ""남성의류>상의"", ""review_avg"": 0.0, ""sale_percent"": 15, ""sale_price"": 23720, ""sold_out"": false, ""url"": ""https://product.29cm.co.kr/catalog/4238716""}",2026-10-04T01:07:21+00:00_e382e724
2026-10-04T10:07:21+09:00,2026-10-04T01:07:22+00:00,commerce_rank,써멀 탑 크루넥 롱 슬리브 티셔츠 블랙,29cm:4238728,heart_count,13.0,"{""brand_eng"": ""HANES"", ""brand_kor"": ""헤인즈"", ""brand_no"": 111528, ""category1"": ""여성의류"", ""category2"": ""상의"", ""category3"": ""긴소매 티셔츠"", ""category3_code"": 268103102, ""is_new"": false, ""item_no"": 4238728, ""period_sort"": ""ONE_DAY"", ""platform"": ""29cm"", ""ranking_category_code"": ""272103100"", ""ranking_category_name"": ""남성의류>상의"", ""review_avg"": 5.0, ""sale_percent"": 15, ""sale_price"": 39870, ""sold_out"": false, ""url"": ""https://product.29cm.co.kr/catalog/4238728""}",2026-10-04T01:07:21+00:00_e382e724
2026-10-04T10:07:21+09:00,2026-10-04T01:07:22+00:00,commerce_rank,써멀 탑 크루넥 롱 슬리브 티셔츠 블랙,29cm:4238728,review_count,2.0,"{""brand_eng"": ""HANES"", ""brand_kor"": ""헤인즈"", ""brand_no"": 111528, ""category1"": ""여성의류"", ""category2"": ""상의"", ""category3"": ""긴소매 티셔츠"", ""category3_code"": 268103102, ""is_new"": false, ""item_no"": 4238728, ""period_sort"": ""ONE_DAY"", ""platform"": ""29cm"", ""ranking_category_code"": ""272103100"", ""ranking_category_name"": ""남성의류>상의"", ""review_avg"": 5.0, ""sale_percent"": 15, ""sale_price"": 39870, ""sold_out"": false, ""url"": ""https://product.29cm.co.kr/catalog/4238728""}",2026-10-04T01:07:21+00:00_e382e724
2026-10-04T10:07:21+09:00,2026-10-04T01:07:22+00:00,commerce_rank,써멀 탑 크루넥 롱 슬리브 티셔츠 블랙,29cm:4238728@272103100,rank,33.0,"{""brand_eng"": ""HANES"", ""brand_kor"": ""헤인즈"", ""brand_no"": 111528, ""category1"": ""여성의류"", ""category2"": ""상의"", ""category3"": ""긴소매 티셔츠"", ""category3_code"": 268103102, ""is_new"": false, ""item_no"": 4238728, ""period_sort"": ""ONE_DAY"", ""platform"": ""29cm"", ""ranking_category_code"": ""272103100"", ""ranking_category_name"": ""남성의류>상의"", ""review_avg"": 5.0, ""sale_percent"": 15, ""sale_price"": 39870, ""sold_out"": false, ""url"": ""https://product.29cm.co.kr/catalog/4238728""}",2026-10-04T01:07:21+00:00_e382e724
2026-10-04T10:07:21+09:00,2026-10-04T01:07:22+00:00,commerce_rank,WOOL STRIPE HOODY (Black),29cm:4241550,heart_count,3.0,"{""brand_eng"": ""CAYL"", ""brand_kor"": ""케일"", ""brand_no"": 8928, ""category1"": ""남성의류"", ""category2"": ""상의"", ""category3"": ""후디"", ""category3_code"": 272103108, ""is_new"": true, ""item_no"": 4241550, ""period_sort"": ""ONE_DAY"", ""platform"": ""29cm"", ""ranking_category_code"": ""272103100"", ""ranking_category_name"": ""남성의류>상의"", ""review_avg"": 0.0, ""sale_percent"": 0, ""sale_price"": 158000, ""sold_out"": false, ""url"": ""https://product.29cm.co.kr/catalog/4241550""}",2026-10-04T01:07:21+00:00_e382e724
2026-10-04T10:07:21+09:00,2026-10-04T01:07:22+00:00,commerce_rank,WOOL STRIPE HOODY (Black),29cm:4241550,review_count,0.0,"{""brand_eng"": ""CAYL"", ""brand_kor"": ""케일"", ""brand_no"": 8928, ""category1"": ""남성의류"", ""category2"": ""상의"", ""category3"": ""후디"", ""category3_code"": 272103108, ""is_new"": true, ""item_no"": 4241550, ""period_sort"": ""ONE_DAY"", ""platform"": ""29cm"", ""ranking_category_code"": ""272103100"", ""ranking_category_name"": ""남성의류>상의"", ""review_avg"": 0.0, ""sale_percent"": 0, ""sale_price"": 158000, ""sold_out"": false, ""url"": ""https://product.29cm.co.kr/catalog/4241550""}",2026-10-04T01:07:21+00:00_e382e724
2026-10-04T10:07:21+09:00,2026-10-04T01:07:22+00:00,commerce_rank,WOOL STRIPE HOODY (Black),29cm:4241550@272103100,rank,79.0,"{""brand_eng"": ""CAYL"", ""brand_kor"": ""케일"", ""brand_no"": 8928, ""category1"": ""남성의류"", ""category2"": ""상의"", ""category3"": ""후디"", ""category3_code"": 272103108, ""is_new"": true, ""item_no"": 4241550, ""period_sort"": ""ONE_DAY"", ""platform"": ""29cm"", ""ranking_category_code"": ""272103100"", ""ranking_category_name"": ""남성의류>상의"", ""review_avg"": 0.0, ""sale_percent"": 0, ""sale_price"": 158000, ""sold_out"": false, ""url"": ""https://product.29cm.co.kr/catalog/4241550""}",2026-10-04T01:07:21+00:00_e382e724
2026-10-04T10:07:21+09:00,2026-10-04T01:07:22+00:00,commerce_rank,엔비엘 하프 로고 롱슬리브 (네이비),29cm:4257048,heart_count,0.0,"{""brand_eng"": ""Tailor Studio"", ""brand_kor"": ""테일러스튜디오"", ""brand_no"": 8361, ""category1"": ""여성의류"", ""category2"": ""상의"", ""category3"": ""긴소매 티셔츠"", ""category3_code"": 268103102, ""is_new"": false, ""item_no"": 4257048, ""period_sort"": ""ONE_DAY"", ""platform"": ""29cm"", ""ranking_category_code"": ""272103100"", ""ranking_category_name"": ""남성의류>상의"", ""review_avg"": 0.0, ""sale_percent"": 37, ""sale_price"": 26460, ""sold_out"": false, ""url"": ""https://product.29cm.co.kr/catalog/4257048""}",2026-10-04T01:07:21+00:00_e382e724
2026-10-04T10:07:21+09:00,2026-10-04T01:07:22+00:00,commerce_rank,엔비엘 하프 로고 롱슬리브 (네이비),29cm:4257048,review_count,0.0,"{""brand_eng"": ""Tailor Studio"", ""brand_kor"": ""테일러스튜디오"", ""brand_no"": 8361, ""category1"": ""여성의류"", ""category2"": ""상의"", ""category3"": ""긴소매 티셔츠"", ""category3_code"": 268103102, ""is_new"": false, ""item_no"": 4257048, ""period_sort"": ""ONE_DAY"", ""platform"": ""29cm"", ""ranking_category_code"": ""272103100"", ""ranking_category_name"": ""남성의류>상의"", ""review_avg"": 0.0, ""sale_percent"": 37, ""sale_price"": 26460, ""sold_out"": false, ""url"": ""https://product.29cm.co.kr/catalog/4257048""}",2026-10-04T01:07:21+00:00_e382e724
2026-10-04T10:07:21+09:00,2026-10-04T01:07:22+00:00,commerce_rank,엔비엘 하프 로고 롱슬리브 (네이비),29cm:4257048@272103100,rank,52.0,"{""brand_eng"": ""Tailor Studio"", ""brand_kor"": ""테일러스튜디오"", ""brand_no"": 8361, ""category1"": ""여성의류"", ""category2"": ""상의"", ""category3"": ""긴소매 티셔츠"", ""category3_code"": 268103102, ""is_new"": false, ""item_no"": 4257048, ""period_sort"": ""ONE_DAY"", ""platform"": ""29cm"", ""ranking_category_code"": ""272103100"", ""ranking_category_name"": ""남성의류>상의"", ""review_avg"": 0.0, ""sale_percent"": 37, ""sale_price"": 26460, ""sold_out"": false, ""url"": ""https://product.29cm.co.kr/catalog/4257048""}",2026-10-04T01:07:21+00:00_e382e724
2026-10-04T10:07:21+09:00,2026-10-04T01:07:21+00:00,commerce_rank,[29CM 단독][곰송이 착용] flo striped t-shirt (3color),29cm:4264503,heart_count,150.0,"{""brand_eng"": ""MONOCHROME"", ""brand_kor"": ""모노크롬"", ""brand_no"": 9567, ""category1"": ""여성의류"", ""category2"": ""상의"", ""category3"": ""긴소매 티셔츠"", ""category3_code"": 268103102, ""is_new"": true, ""item_no"": 4264503, ""period_sort"": ""ONE_DAY"", ""platform"": ""29cm"", ""ranking_category_code"": ""268103100"", ""ranking_category_name"": ""여성의류>상의"", ""review_avg"": 0.0, ""sale_percent"": 36, ""sale_price"": 82560, ""sold_out"": false, ""url"": ""https://product.29cm.co.kr/catalog/4264503""}",2026-10-04T01:07:21+00:00_e382e724
2026-10-04T10:07:21+09:00,2026-10-04T01:07:21+00:00,commerce_rank,[29CM 단독][곰송이 착용] flo striped t-shirt (3color),29cm:4264503,review_count,0.0,"{""brand_eng"": ""MONOCHROME"", ""brand_kor"": ""모노크롬"", ""brand_no"": 9567, ""category1"": ""여성의류"", ""category2"": ""상의"", ""category3"": ""긴소매 티셔츠"", ""category3_code"": 268103102, ""is_new"": true, ""item_no"": 4264503, ""period_sort"": ""ONE_DAY"", ""platform"": ""29cm"", ""ranking_category_code"": ""268103100"", ""ranking_category_name"": ""여성의류>상의"", ""review_avg"": 0.0, ""sale_percent"": 36, ""sale_price"": 82560, ""sold_out"": false, ""url"": ""https://product.29cm.co.kr/catalog/4264503""}",2026-10-04T01:07:21+00:00_e382e724
2026-10-04T10:07:21+09:00,2026-10-04T01:07:21+00:00,commerce_rank,[29CM 단독][곰송이 착용] flo striped t-shirt (3color),29cm:4264503@268103100,rank,60.0,"{""brand_eng"": ""MONOCHROME"", ""brand_kor"": ""모노크롬"", ""brand_no"": 9567, ""category1"": ""여성의류"", ""category2"": ""상의"", ""category3"": ""긴소매 티셔츠"", ""category3_code"": 268103102, ""is_new"": true, ""item_no"": 4264503, ""period_sort"": ""ONE_DAY"", ""platform"": ""29cm"", ""ranking_category_code"": ""268103100"", ""ranking_category_name"": ""여성의류>상의"", ""review_avg"": 0.0, ""sale_percent"": 36, ""sale_price"": 82560, ""sold_out"": false, ""url"": ""https://product.29cm.co.kr/catalog/4264503""}",2026-10-04T01:07:21+00:00_e382e724
2026-10-04T10:07:21+09:00,2026-10-04T01:07:22+00:00,commerce_rank,TAG OG CREWNECK,29cm:4266323,heart_count,6.0,"{""brand_eng"": ""BROWNBREATH"", ""brand_kor"": ""브라운브레스"", ""brand_no"": 126619, ""category1"": ""여성의류"", ""category2"": ""상의"", ""category3"": ""반소매 티셔츠"", ""category3_code"": 268103101, ""is_new"": true, ""item_no"": 4266323, ""period_sort"": ""ONE_DAY"", ""platform"": ""29cm"", ""ranking_category_code"": ""272103100"", ""ranking_category_name"": ""남성의류>상의"", ""review_avg"": 0.0, ""sale_percent"": 0, ""sale_price"": 69000, ""sold_out"": false, ""url"": ""https://product.29cm.co.kr/catalog/4266323""}",2026-10-04T01:07:21+00:00_e382e724
2026-10-04T10:07:21+09:00,2026-10-04T01:07:22+00:00,commerce_rank,TAG OG CREWNECK,29cm:4266323,review_count,0.0,"{""brand_eng"": ""BROWNBREATH"", ""brand_kor"": ""브라운브레스"", ""brand_no"": 126619, ""category1"": ""여성의류"", ""category2"": ""상의"", ""category3"": ""반소매 티셔츠"", ""category3_code"": 268103101, ""is_new"": true, ""item_no"": 4266323, ""period_sort"": ""ONE_DAY"", ""platform"": ""29cm"", ""ranking_category_code"": ""272103100"", ""ranking_category_name"": ""남성의류>상의"", ""review_avg"": 0.0, ""sale_percent"": 0, ""sale_price"": 69000, ""sold_out"": false, ""url"": ""https://product.29cm.co.kr/catalog/4266323""}",2026-10-04T01:07:21+00:00_e382e724
2026-10-04T10:07:21+09:00,2026-10-04T01:07:22+00:00,commerce_rank,TAG OG CREWNECK,29cm:4266323@272103100,rank,48.0,"{""brand_eng"": ""BROWNBREATH"", ""brand_kor"": ""브라운브레스"", ""brand_no"": 126619, ""category1"": ""여성의류"", ""category2"": ""상의"", ""category3"": ""반소매 티셔츠"", ""category3_code"": 268103101, ""is_new"": true, ""item_no"": 4266323, ""period_sort"": ""ONE_DAY"", ""platform"": ""29cm"", ""ranking_category_code"": ""272103100"", ""ranking_category_name"": ""남성의류>상의"", ""review_avg"": 0.0, ""sale_percent"": 0, ""sale_price"": 69000, ""sold_out"": false, ""url"": ""https://product.29cm.co.kr/catalog/4266323""}",2026-10-04T01:07:21+00:00_e382e724
2026-10-04T10:07:21+09:00,2026-10-04T01:07:22+00:00,commerce_rank,Oversized Sweat Shirt (8color),29cm:642847,heart_count,6931.0,"{""brand_eng"": ""rough side"", ""brand_kor"": ""러프사이드"", ""brand_no"": 3821, ""category1"": ""남성의류"", ""category2"": ""상의"", ""category3"": ""스웨트셔츠"", ""category3_code"": 272103107, ""is_new"": false, ""item_no"": 642847, ""period_sort"": ""ONE_DAY"", ""platform"": ""29cm"", ""ranking_category_code"": ""272103100"", ""ranking_category_name"": ""남성의류>상의"", ""review_avg"": 5.0, ""sale_percent"": 0, ""sale_price"": 98000, ""sold_out"": false, ""url"": ""https://product.29cm.co.kr/catalog/642847""}",2026-10-04T01:07:21+00:00_e382e724
2026-10-04T10:07:21+09:00,2026-10-04T01:07:22+00:00,commerce_rank,Oversized Sweat Shirt (8color),29cm:642847,review_count,839.0,"{""brand_eng"": ""rough side"", ""brand_kor"": ""러프사이드"", ""brand_no"": 3821, ""category1"": ""남성의류"", ""category2"": ""상의"", ""category3"": ""스웨트셔츠"", ""category3_code"": 272103107, ""is_new"": false, ""item_no"": 642847, ""period_sort"": ""ONE_DAY"", ""platform"": ""29cm"", ""ranking_category_code"": ""272103100"", ""ranking_category_name"": ""남성의류>상의"", ""review_avg"": 5.0, ""sale_percent"": 0, ""sale_price"": 98000, ""sold_out"": false, ""url"": ""https://product.29cm.co.kr/catalog/642847""}",2026-10-04T01:07:21+00:00_e382e724
2026-10-04T10:07:21+09:00,2026-10-04T01:07:22+00:00,commerce_rank,Oversized Sweat Shirt (8color),29cm:642847@272103100,rank,16.0,"{""brand_eng"": ""rough side"", ""brand_kor"": ""러프사이드"", ""brand_no"": 3821, ""category1"": ""남성의류"", ""category2"": ""상의"", ""category3"": ""스웨트셔츠"", ""category3_code"": 272103107, ""is_new"": false, ""item_no"": 642847, ""period_sort"": ""ONE_DAY"", ""platform"": ""29cm"", ""ranking_category_code"": ""272103100"", ""ranking_category_name"": ""남성의류>상의"", ""review_avg"": 5.0, ""sale_percent"": 0, ""sale_price"": 98000, ""sold_out"": false, ""url"": ""https://product.29cm.co.kr/catalog/642847""}",2026-10-04T01:07:21+00:00_e382e724
2026-10-04T10:07:21+09:00,2026-10-04T01:07:22+00:00,commerce_rank,[패키지]레이어드 롱나시 1+1패키지 HJST2072,29cm:955595,heart_count,215.0,"{""brand_eng"": ""JEMUT"", ""brand_kor"": ""제멋"", ""brand_no"": 8844, ""category1"": ""남성의류"", ""category2"": ""상의"", ""category3"": ""슬리브리스"", ""category3_code"": 272103103, ""is_new"": false, ""item_no"": 955595, ""period_sort"": ""ONE_DAY"", ""platform"": ""29cm"", ""ranking_category_code"": ""272103100"", ""ranking_category_name"": ""남성의류>상의"", ""review_avg"": 4.5, ""sale_percent"": 40, ""sale_price"": 28800, ""sold_out"": false, ""url"": ""https://product.29cm.co.kr/catalog/955595""}",2026-10-04T01:07:21+00:00_e382e724
2026-10-04T10:07:21+09:00,2026-10-04T01:07:22+00:00,commerce_rank,[패키지]레이어드 롱나시 1+1패키지 HJST2072,29cm:955595,review_count,81.0,"{""brand_eng"": ""JEMUT"", ""brand_kor"": ""제멋"", ""brand_no"": 8844, ""category1"": ""남성의류"", ""category2"": ""상의"", ""category3"": ""슬리브리스"", ""category3_code"": 272103103, ""is_new"": false, ""item_no"": 955595, ""period_sort"": ""ONE_DAY"", ""platform"": ""29cm"", ""ranking_category_code"": ""272103100"", ""ranking_category_name"": ""남성의류>상의"", ""review_avg"": 4.5, ""sale_percent"": 40, ""sale_price"": 28800, ""sold_out"": false, ""url"": ""https://product.29cm.co.kr/catalog/955595""}",2026-10-04T01:07:21+00:00_e382e724
2026-10-04T10:07:21+09:00,2026-10-04T01:07:22+00:00,commerce_rank,[패키지]레이어드 롱나시 1+1패키지 HJST2072,29cm:955595@272103100,rank,36.0,"{""brand_eng"": ""JEMUT"", ""brand_kor"": ""제멋"", ""brand_no"": 8844, ""category1"": ""남성의류"", ""category2"": ""상의"", ""category3"": ""슬리브리스"", ""category3_code"": 272103103, ""is_new"": false, ""item_no"": 955595, ""period_sort"": ""ONE_DAY"", ""platform"": ""29cm"", ""ranking_category_code"": ""272103100"", ""ranking_category_name"": ""남성의류>상의"", ""review_avg"": 4.5, ""sale_percent"": 40, ""sale_price"": 28800, ""sold_out"": false, ""url"": ""https://product.29cm.co.kr/catalog/955595""}",2026-10-04T01:07:21+00:00_e382e724
2026-10-04T22:00:06+09:00,2026-10-04T13:00:07+00:00,commerce_rank,COZY HENLYNECK LONG SLEEVE [Black],29cm:1230955,heart_count,814.0,"{""brand_eng"": ""VDR"", ""brand_kor"": ""비디알"", ""brand_no"": 4606, ""category1"": ""남성의류"", ""category2"": ""상의"", ""category3"": ""긴소매 티셔츠"", ""category3_code"": 272103102, ""is_new"": false, ""item_no"": 1230955, ""period_sort"": ""ONE_DAY"", ""platform"": ""29cm"", ""ranking_category_code"": ""272103100"", ""ranking_category_name"": ""남성의류>상의"", ""review_avg"": 5.0, ""sale_percent"": 19, ""sale_price"": 55890, ""sold_out"": false, ""url"": ""https://product.29cm.co.kr/catalog/1230955""}",2026-10-04T13:00:06+00:00_caa7d0f3
2026-10-04T22:00:06+09:00,2026-10-04T13:00:07+00:00,commerce_rank,COZY HENLYNECK LONG SLEEVE [Black],29cm:1230955,review_count,57.0,"{""brand_eng"": ""VDR"", ""brand_kor"": ""비디알"", ""brand_no"": 4606, ""category1"": ""남성의류"", ""category2"": ""상의"", ""category3"": ""긴소매 티셔츠"", ""category3_code"": 272103102, ""is_new"": false, ""item_no"": 1230955, ""period_sort"": ""ONE_DAY"", ""platform"": ""29cm"", ""ranking_category_code"": ""272103100"", ""ranking_category_name"": ""남성의류>상의"", ""review_avg"": 5.0, ""sale_percent"": 19, ""sale_price"": 55890, ""sold_out"": false, ""url"": ""https://product.29cm.co.kr/catalog/1230955""}",2026-10-04T13:00:06+00:00_caa7d0f3
2026-10-04T22:00:06+09:00,2026-10-04T13:00:07+00:00,commerce_rank,COZY HENLYNECK LONG SLEEVE [Black],29cm:1230955@272103100,rank,77.0,"{""brand_eng"": ""VDR"", ""brand_kor"": ""비디알"", ""brand_no"": 4606, ""category1"": ""남성의류"", ""category2"": ""상의"", ""category3"": ""긴소매 티셔츠"", ""category3_code"": 272103102, ""is_new"": false, ""item_no"": 1230955, ""period_sort"": ""ONE_DAY"", ""platform"": ""29cm"", ""ranking_category_code"": ""272103100"", ""ranking_category_name"": ""남성의류>상의"", ""review_avg"": 5.0, ""sale_percent"": 19, ""sale_price"": 55890, ""sold_out"": false, ""url"": ""https://product.29cm.co.kr/catalog/1230955""}",2026-10-04T13:00:06+00:00_caa7d0f3
2026-10-04T22:00:06+09:00,2026-10-04T13:00:07+00:00,commerce_rank,[2PACK] 수피마 코튼 티셔츠,29cm:1501688,heart_count,3779.0,"{""brand_eng"": ""COOR"", ""brand_kor"": ""쿠어"", ""brand_no"": 15326, ""category1"": ""남성의류"", ""category2"": ""상의"", ""category3"": ""반소매 티셔츠"", ""category3_code"": 272103101, ""is_new"": false, ""item_no"": 1501688, ""period_sort"": ""ONE_DAY"", ""platform"": ""29cm"", ""ranking_category_code"": ""272103100"", ""ranking_category_name"": ""남성의류>상의"", ""review_avg"": 5.0, ""sale_percent"": 45, ""sale_price"": 44900, ""sold_out"": false, ""url"": ""https://product.29cm.co.kr/catalog/1501688""}",2026-10-04T13:00:06+00:00_caa7d0f3
2026-10-04T22:00:06+09:00,2026-10-04T13:00:07+00:00,commerce_rank,[2PACK] 수피마 코튼 티셔츠,29cm:1501688,review_count,791.0,"{""brand_eng"": ""COOR"", ""brand_kor"": ""쿠어"", ""brand_no"": 15326, ""category1"": ""남성의류"", ""category2"": ""상의"", ""category3"": ""반소매 티셔츠"", ""category3_code"": 272103101, ""is_new"": false, ""item_no"": 1501688, ""period_sort"": ""ONE_DAY"", ""platform"": ""29cm"", ""ranking_category_code"": ""272103100"", ""ranking_category_name"": ""남성의류>상의"", ""review_avg"": 5.0, ""sale_percent"": 45, ""sale_price"": 44900, ""sold_out"": false, ""url"": ""https://product.29cm.co.kr/catalog/1501688""}",2026-10-04T13:00:06+00:00_caa7d0f3
2026-10-04T22:00:06+09:00,2026-10-04T13:00:07+00:00,commerce_rank,[2PACK] 수피마 코튼 티셔츠,29cm:1501688@272103100,rank,29.0,"{""brand_eng"": ""COOR"", ""brand_kor"": ""쿠어"", ""brand_no"": 15326, ""category1"": ""남성의류"", ""category2"": ""상의"", ""category3"": ""반소매 티셔츠"", ""category3_code"": 272103101, ""is_new"": false, ""item_no"": 1501688, ""period_sort"": ""ONE_DAY"", ""platform"": ""29cm"", ""ranking_category_code"": ""272103100"", ""ranking_category_name"": ""남성의류>상의"", ""review_avg"": 5.0, ""sale_percent"": 45, ""sale_price"": 44900, ""sold_out"": false, ""url"": ""https://product.29cm.co.kr/catalog/1501688""}",2026-10-04T13:00:06+00:00_caa7d0f3
2026-10-04T22:00:06+09:00,2026-10-04T13:00:07+00:00,commerce_rank,TG1-SH08 프렌치 스트라이프 셔츠 - [그레이 그린],29cm:1678501,heart_count,10427.0,"{""brand_eng"": ""THOMAS MORE"", ""brand_kor"": ""토마스모어"", ""brand_no"": 2111, ""category1"": ""남성의류"", ""category2"": ""상의"", ""category3"": ""긴소매 셔츠"", ""category3_code"": 272103106, ""is_new"": false, ""item_no"": 1678501, ""period_sort"": ""ONE_DAY"", ""platform"": ""29cm"", ""ranking_category_code"": ""272103100"", ""ranking_category_name"": ""남성의류>상의"", ""review_avg"": 5.0, ""sale_percent"": 0, ""sale_price"": 59700, ""sold_out"": false, ""url"": ""https://product.29cm.co.kr/catalog/1678501""}",2026-10-04T13:00:06+00:00_caa7d0f3
2026-10-04T22:00:06+09:00,2026-10-04T13:00:07+00:00,commerce_rank,TG1-SH08 프렌치 스트라이프 셔츠 - [그레이 그린],29cm:1678501,review_count,1597.0,"{""brand_eng"": ""THOMAS MORE"", ""brand_kor"": ""토마스모어"", ""brand_no"": 2111, ""category1"": ""남성의류"", ""category2"": ""상의"", ""category3"": ""긴소매 셔츠"", ""category3_code"": 272103106, ""is_new"": false, ""item_no"": 1678501, ""period_sort"": ""ONE_DAY"", ""platform"": ""29cm"", ""ranking_category_code"": ""272103100"", ""ranking_category_name"": ""남성의류>상의"", ""review_avg"": 5.0, ""sale_percent"": 0, ""sale_price"": 59700, ""sold_out"": false, ""url"": ""https://product.29cm.co.kr/catalog/1678501""}",2026-10-04T13:00:06+00:00_caa7d0f3
2026-10-04T22:00:06+09:00,2026-10-04T13:00:07+00:00,commerce_rank,TG1-SH08 프렌치 스트라이프 셔츠 - [그레이 그린],29cm:1678501@272103100,rank,33.0,"{""brand_eng"": ""THOMAS MORE"", ""brand_kor"": ""토마스모어"", ""brand_no"": 2111, ""category1"": ""남성의류"", ""category2"": ""상의"", ""category3"": ""긴소매 셔츠"", ""category3_code"": 272103106, ""is_new"": false, ""item_no"": 1678501, ""period_sort"": ""ONE_DAY"", ""platform"": ""29cm"", ""ranking_category_code"": ""272103100"", ""ranking_category_name"": ""남성의류>상의"", ""review_avg"": 5.0, ""sale_percent"": 0, ""sale_price"": 59700, ""sold_out"": false, ""url"": ""https://product.29cm.co.kr/catalog/1678501""}",2026-10-04T13:00:06+00:00_caa7d0f3
2026-10-04T22:00:06+09:00,2026-10-04T13:00:06+00:00,commerce_rank,a birthday sweatshirt (grey),29cm:1841835,heart_count,35500.0,"{""brand_eng"": ""HAAG"", ""brand_kor"": ""헤이그"", ""brand_no"": 19972, ""category1"": ""여성의류"", ""category2"": ""상의"", ""category3"": ""스웨트셔츠"", ""category3_code"": 268103104, ""is_new"": false, ""item_no"": 1841835, ""period_sort"": ""ONE_DAY"", ""platform"": ""29cm"", ""ranking_category_code"": ""268103100"", ""ranking_category_name"": ""여성의류>상의"", ""review_avg"": 5.0, ""sale_percent"": 5, ""sale_price"": 103550, ""sold_out"": false, ""url"": ""https://product.29cm.co.kr/catalog/1841835""}",2026-10-04T13:00:06+00:00_caa7d0f3
2026-10-04T22:00:06+09:00,2026-10-04T13:00:06+00:00,commerce_rank,a birthday sweatshirt (grey),29cm:1841835,review_count,2535.0,"{""brand_eng"": ""HAAG"", ""brand_kor"": ""헤이그"", ""brand_no"": 19972, ""category1"": ""여성의류"", ""category2"": ""상의"", ""category3"": ""스웨트셔츠"", ""category3_code"": 268103104, ""is_new"": false, ""item_no"": 1841835, ""period_sort"": ""ONE_DAY"", ""platform"": ""29cm"", ""ranking_category_code"": ""268103100"", ""ranking_category_name"": ""여성의류>상의"", ""review_avg"": 5.0, ""sale_percent"": 5, ""sale_price"": 103550, ""sold_out"": false, ""url"": ""https://product.29cm.co.kr/catalog/1841835""}",2026-10-04T13:00:06+00:00_caa7d0f3
2026-10-04T22:00:06+09:00,2026-10-04T13:00:06+00:00,commerce_rank,a birthday sweatshirt (grey),29cm:1841835@268103100,rank,67.0,"{""brand_eng"": ""HAAG"", ""brand_kor"": ""헤이그"", ""brand_no"": 19972, ""category1"": ""여성의류"", ""category2"": ""상의"", ""category3"": ""스웨트셔츠"", ""category3_code"": 268103104, ""is_new"": false, ""item_no"": 1841835, ""period_sort"": ""ONE_DAY"", ""platform"": ""29cm"", ""ranking_category_code"": ""268103100"", ""ranking_category_name"": ""여성의류>상의"", ""review_avg"": 5.0, ""sale_percent"": 5, ""sale_price"": 103550, ""sold_out"": false, ""url"": ""https://product.29cm.co.kr/catalog/1841835""}",2026-10-04T13:00:06+00:00_caa7d0f3
2026-10-04T22:00:06+09:00,2026-10-04T13:00:07+00:00,commerce_rank,왓이브 후드 틸블루 HHHD3472,29cm:1894955,heart_count,69.0,"{""brand_eng"": ""TWN"", ""brand_kor"": ""티떠블유엔"", ""brand_no"": 7459, ""category1"": ""남성의류"", ""category2"": ""상의"", ""category3"": ""후디"", ""category3_code"": 272103108, ""is_new"": false, ""item_no"": 1894955, ""period_sort"": ""ONE_DAY"", ""platform"": ""29cm"", ""ranking_category_code"": ""272103100"", ""ranking_category_name"": ""남성의류>상의"", ""review_avg"": 5.0, ""sale_percent"": 23, ""sale_price"": 43900, ""sold_out"": false, ""url"": ""https://product.29cm.co.kr/catalog/1894955""}",2026-10-04T13:00:06+00:00_caa7d0f3
2026-10-04T22:00:06+09:00,2026-10-04T13:00:07+00:00,commerce_rank,왓이브 후드 틸블루 HHHD3472,29cm:1894955,review_count,5.0,"{""brand_eng"": ""TWN"", ""brand_kor"": ""티떠블유엔"", ""brand_no"": 7459, ""category1"": ""남성의류"", ""category2"": ""상의"", ""category3"": ""후디"", ""category3_code"": 272103108, ""is_new"": false, ""item_no"": 1894955, ""period_sort"": ""ONE_DAY"", ""platform"": ""29cm"", ""ranking_category_code"": ""272103100"", ""ranking_category_name"": ""남성의류>상의"", ""review_avg"": 5.0, ""sale_percent"": 23, ""sale_price"": 43900, ""sold_out"": false, ""url"": ""https://product.29cm.co.kr/catalog/1894955""}",2026-10-04T13:00:06+00:00_caa7d0f3
2026-10-04T22:00:06+09:00,2026-10-04T13:00:07+00:00,commerce_rank,왓이브 후드 틸블루 HHHD3472,29cm:1894955@272103100,rank,90.0,"{""brand_eng"": ""TWN"", ""brand_kor"": ""티떠블유엔"", ""brand_no"": 7459, ""category1"": ""남성의류"", ""category2"": ""상의"", ""category3"": ""후디"", ""category3_code"": 272103108, ""is_new"": false, ""item_no"": 1894955, ""period_sort"": ""ONE_DAY"", ""platform"": ""29cm"", ""ranking_category_code"": ""272103100"", ""ranking_category_name"": ""남성의류>상의"", ""review_avg"": 5.0, ""sale_percent"": 23, ""sale_price"": 43900, ""sold_out"": false, ""url"": ""https://product.29cm.co.kr/catalog/1894955""}",2026-10-04T13:00:06+00:00_caa7d0f3
2026-10-04T22:00:06+09:00,2026-10-04T13:00:07+00:00,commerce_rank,TF5-SH07 페이퍼셔츠 (12 Color),29cm:1911054,heart_count,66316.0,"{""brand_eng"": ""THOMAS MORE"", ""brand_kor"": ""토마스모어"", ""brand_no"": 2111, ""category1"": ""남성의류"", ""category2"": ""상의"", ""category3"": ""긴소매 셔츠"", ""category3_code"": 272103106, ""is_new"": false, ""item_no"": 1911054, ""period_sort"": ""ONE_DAY"", ""platform"": ""29cm"", ""ranking_category_code"": ""272103100"", ""ranking_category_name"": ""남성의류>상의"", ""review_avg"": 5.0, ""sale_percent"": 20, ""sale_price"": 47760, ""sold_out"": false, ""url"": ""https://product.29cm.co.kr/catalog/1911054""}",2026-10-04T13:00:06+00:00_caa7d0f3
2026-10-04T22:00:06+09:00,2026-10-04T13:00:07+00:00,commerce_rank,TF5-SH07 페이퍼셔츠 (12 Color),29cm:1911054,review_count,21880.0,"{""brand_eng"": ""THOMAS MORE"", ""brand_kor"": ""토마스모어"", ""brand_no"": 2111, ""category1"": ""남성의류"", ""category2"": ""상의"", ""category3"": ""긴소매 셔츠"", ""category3_code"": 272103106, ""is_new"": false, ""item_no"": 1911054, ""period_sort"": ""ONE_DAY"", ""platform"": ""29cm"", ""ranking_category_code"": ""272103100"", ""ranking_category_name"": ""남성의류>상의"", ""review_avg"": 5.0, ""sale_percent"": 20, ""sale_price"": 47760, ""sold_out"": false, ""url"": ""https://product.29cm.co.kr/catalog/1911054""}",2026-10-04T13:00:06+00:00_caa7d0f3
2026-10-04T22:00:06+09:00,2026-10-04T13:00:07+00:00,commerce_rank,TF5-SH07 페이퍼셔츠 (12 Color),29cm:1911054@272103100,rank,61.0,"{""brand_eng"": ""THOMAS MORE"", ""brand_kor"": ""토마스모어"", ""brand_no"": 2111, ""category1"": ""남성의류"", ""category2"": ""상의"", ""category3"": ""긴소매 셔츠"", ""category3_code"": 272103106, ""is_new"": false, ""item_no"": 1911054, ""period_sort"": ""ONE_DAY"", ""platform"": ""29cm"", ""ranking_category_code"": ""272103100"", ""ranking_category_name"": ""남성의류>상의"", ""review_avg"": 5.0, ""sale_percent"": 20, ""sale_price"": 47760, ""sold_out"": false, ""url"": ""https://product.29cm.co.kr/catalog/1911054""}",2026-10-04T13:00:06+00:00_caa7d0f3
2026-10-04T22:00:06+09:00,2026-10-04T13:00:07+00:00,commerce_rank,TG2-SH10 피마 스냅다운 셔츠 - 화이트,29cm:2159838,heart_count,1394.0,"{""brand_eng"": ""THOMAS MORE"", ""brand_kor"": ""토마스모어"", ""brand_no"": 2111, ""category1"": ""남성의류"", ""category2"": ""상의"", ""category3"": ""긴소매 셔츠"", ""category3_code"": 272103106, ""is_new"": false, ""item_no"": 2159838, ""period_sort"": ""ONE_DAY"", ""platform"": ""29cm"", ""ranking_category_code"": ""272103100"", ""ranking_category_name"": ""남성의류>상의"", ""review_avg"": 5.0, ""sale_percent"": 0, ""sale_price"": 79500, ""sold_out"": false, ""url"": ""https://product.29cm.co.kr/catalog/2159838""}",2026-10-04T13:00:06+00:00_caa7d0f3
2026-10-04T22:00:06+09:00,2026-10-04T13:00:07+00:00,commerce_rank,TG2-SH10 피마 스냅다운 셔츠 - 화이트,29cm:2159838,review_count,98.0,"{""brand_eng"": ""THOMAS MORE"", ""brand_kor"": ""토마스모어"", ""brand_no"": 2111, ""category1"": ""남성의류"", ""category2"": ""상의"", ""category3"": ""긴소매 셔츠"", ""category3_code"": 272103106, ""is_new"": false, ""item_no"": 2159838, ""period_sort"": ""ONE_DAY"", ""platform"": ""29cm"", ""ranking_category_code"": ""272103100"", ""ranking_category_name"": ""남성의류>상의"", ""review_avg"": 5.0, ""sale_percent"": 0, ""sale_price"": 79500, ""sold_out"": false, ""url"": ""https://product.29cm.co.kr/catalog/2159838""}",2026-10-04T13:00:06+00:00_caa7d0f3
2026-10-04T22:00:06+09:00,2026-10-04T13:00:07+00:00,commerce_rank,TG2-SH10 피마 스냅다운 셔츠 - 화이트,29cm:2159838@272103100,rank,53.0,"{""brand_eng"": ""THOMAS MORE"", ""brand_kor"": ""토마스모어"", ""brand_no"": 2111, ""category1"": ""남성의류"", ""category2"": ""상의"", ""category3"": ""긴소매 셔츠"", ""category3_code"": 272103106, ""is_new"": false, ""item_no"": 2159838, ""period_sort"": ""ONE_DAY"", ""platform"": ""29cm"", ""ranking_category_code"": ""272103100"", ""ranking_category_name"": ""남성의류>상의"", ""review_avg"": 5.0, ""sale_percent"": 0, ""sale_price"": 79500, ""sold_out"": false, ""url"": ""https://product.29cm.co.kr/catalog/2159838""}",2026-10-04T13:00:06+00:00_caa7d0f3
2026-10-04T22:00:06+09:00,2026-10-04T13:00:07+00:00,commerce_rank,Comfort Shirt - 12 Color,29cm:2460665,heart_count,4497.0,"{""brand_eng"": ""POTTERY"", ""brand_kor"": ""포터리"", ""brand_no"": 3453, ""category1"": ""남성의류"", ""category2"": ""상의"", ""category3"": ""긴소매 셔츠"", ""category3_code"": 272103106, ""is_new"": false, ""item_no"": 2460665, ""period_sort"": ""ONE_DAY"", ""platform"": ""29cm"", ""ranking_category_code"": ""272103100"", ""ranking_category_name"": ""남성의류>상의"", ""review_avg"": 5.0, ""sale_percent"": 19, ""sale_price"": 153090, ""sold_out"": false, ""url"": ""https://product.29cm.co.kr/catalog/2460665""}",2026-10-04T13:00:06+00:00_caa7d0f3
2026-10-04T22:00:06+09:00,2026-10-04T13:00:07+00:00,commerce_rank,Comfort Shirt - 12 Color,29cm:2460665,review_count,815.0,"{""brand_eng"": ""POTTERY"", ""brand_kor"": ""포터리"", ""brand_no"": 3453, ""category1"": ""남성의류"", ""category2"": ""상의"", ""category3"": ""긴소매 셔츠"", ""category3_code"": 272103106, ""is_new"": false, ""item_no"": 2460665, ""period_sort"": ""ONE_DAY"", ""platform"": ""29cm"", ""ranking_category_code"": ""272103100"", ""ranking_category_name"": ""남성의류>상의"", ""review_avg"": 5.0, ""sale_percent"": 19, ""sale_price"": 153090, ""sold_out"": false, ""url"": ""https://product.29cm.co.kr/catalog/2460665""}",2026-10-04T13:00:06+00:00_caa7d0f3
2026-10-04T22:00:06+09:00,2026-10-04T13:00:07+00:00,commerce_rank,Comfort Shirt - 12 Color,29cm:2460665@272103100,rank,70.0,"{""brand_eng"": ""POTTERY"", ""brand_kor"": ""포터리"", ""brand_no"": 3453, ""category1"": ""남성의류"", ""category2"": ""상의"", ""category3"": ""긴소매 셔츠"", ""category3_code"": 272103106, ""is_new"": false, ""item_no"": 2460665, ""period_sort"": ""ONE_DAY"", ""platform"": ""29cm"", ""ranking_category_code"": ""272103100"", ""ranking_category_name"": ""남성의류>상의"", ""review_avg"": 5.0, ""sale_percent"": 19, ""sale_price"": 153090, ""sold_out"": false, ""url"": ""https://product.29cm.co.kr/catalog/2460665""}",2026-10-04T13:00:06+00:00_caa7d0f3
2026-10-04T22:00:06+09:00,2026-10-04T13:00:07+00:00,commerce_rank,STABLE SHIRT,29cm:2520133,heart_count,363.0,"{""brand_eng"": ""SHIRTER"", ""brand_kor"": ""셔터"", ""brand_no"": 3713, ""category1"": ""남성의류"", ""category2"": ""상의"", ""category3"": ""긴소매 셔츠"", ""category3_code"": 272103106, ""is_new"": false, ""item_no"": 2520133, ""period_sort"": ""ONE_DAY"", ""platform"": ""29cm"", ""ranking_category_code"": ""272103100"", ""ranking_category_name"": ""남성의류>상의"", ""review_avg"": 5.0, ""sale_percent"": 30, ""sale_price"": 68600, ""sold_out"": false, ""url"": ""https://product.29cm.co.kr/catalog/2520133""}",2026-10-04T13:00:06+00:00_caa7d0f3
2026-10-04T22:00:06+09:00,2026-10-04T13:00:07+00:00,commerce_rank,STABLE SHIRT,29cm:2520133,review_count,10.0,"{""brand_eng"": ""SHIRTER"", ""brand_kor"": ""셔터"", ""brand_no"": 3713, ""category1"": ""남성의류"", ""category2"": ""상의"", ""category3"": ""긴소매 셔츠"", ""category3_code"": 272103106, ""is_new"": false, ""item_no"": 2520133, ""period_sort"": ""ONE_DAY"", ""platform"": ""29cm"", ""ranking_category_code"": ""272103100"", ""ranking_category_name"": ""남성의류>상의"", ""review_avg"": 5.0, ""sale_percent"": 30, ""sale_price"": 68600, ""sold_out"": false, ""url"": ""https://product.29cm.co.kr/catalog/2520133""}",2026-10-04T13:00:06+00:00_caa7d0f3
2026-10-04T22:00:06+09:00,2026-10-04T13:00:07+00:00,commerce_rank,STABLE SHIRT,29cm:2520133@272103100,rank,81.0,"{""brand_eng"": ""SHIRTER"", ""brand_kor"": ""셔터"", ""brand_no"": 3713, ""category1"": ""남성의류"", ""category2"": ""상의"", ""category3"": ""긴소매 셔츠"", ""category3_code"": 272103106, ""is_new"": false, ""item_no"": 2520133, ""period_sort"": ""ONE_DAY"", ""platform"": ""29cm"", ""ranking_category_code"": ""272103100"", ""ranking_category_name"": ""남성의류>상의"", ""review_avg"": 5.0, ""sale_percent"": 30, ""sale_price"": 68600, ""sold_out"": false, ""url"": ""https://product.29cm.co.kr/catalog/2520133""}",2026-10-04T13:00:06+00:00_caa7d0f3
2026-10-04T22:00:06+09:00,2026-10-04T13:00:06+00:00,commerce_rank,빅 트위치 로고 후드 티셔츠 오트밀,29cm:2737573,heart_count,544.0,"{""brand_eng"": ""Lee"", ""brand_kor"": ""리"", ""brand_no"": 15263, ""category1"": ""남성의류"", ""category2"": ""상의"", ""category3"": ""후디"", ""category3_code"": 272103108, ""is_new"": false, ""item_no"": 2737573, ""period_sort"": ""ONE_DAY"", ""platform"": ""29cm"", ""ranking_category_code"": ""268103100"", ""ranking_category_name"": ""여성의류>상의"", ""review_avg"": 5.0, ""sale_percent"": 63, ""sale_price"": 28980, ""sold_out"": false, ""url"": ""https://product.29cm.co.kr/catalog/2737573""}",2026-10-04T13:00:06+00:00_caa7d0f3
2026-10-04T22:00:06+09:00,2026-10-04T13:00:06+00:00,commerce_rank,빅 트위치 로고 후드 티셔츠 오트밀,29cm:2737573,review_count,30.0,"{""brand_eng"": ""Lee"", ""brand_kor"": ""리"", ""brand_no"": 15263, ""category1"": ""남성의류"", ""category2"": ""상의"", ""category3"": ""후디"", ""category3_code"": 272103108, ""is_new"": false, ""item_no"": 2737573, ""period_sort"": ""ONE_DAY"", ""platform"": ""29cm"", ""ranking_category_code"": ""268103100"", ""ranking_category_name"": ""여성의류>상의"", ""review_avg"": 5.0, ""sale_percent"": 63, ""sale_price"": 28980, ""sold_out"": false, ""url"": ""https://product.29cm.co.kr/catalog/2737573""}",2026-10-04T13:00:06+00:00_caa7d0f3
2026-10-04T22:00:06+09:00,2026-10-04T13:00:06+00:00,commerce_rank,빅 트위치 로고 후드 티셔츠 오트밀,29cm:2737573@268103100,rank,39.0,"{""brand_eng"": ""Lee"", ""brand_kor"": ""리"", ""brand_no"": 15263, ""category1"": ""남성의류"", ""category2"": ""상의"", ""category3"": ""후디"", ""category3_code"": 272103108, ""is_new"": false, ""item_no"": 2737573, ""period_sort"": ""ONE_DAY"", ""platform"": ""29cm"", ""ranking_category_code"": ""268103100"", ""ranking_category_name"": ""여성의류>상의"", ""review_avg"": 5.0, ""sale_percent"": 63, ""sale_price"": 28980, ""sold_out"": false, ""url"": ""https://product.29cm.co.kr/catalog/2737573""}",2026-10-04T13:00:06+00:00_caa7d0f3
2026-10-04T22:00:06+09:00,2026-10-04T13:00:07+00:00,commerce_rank,빅 트위치 로고 후드 티셔츠 오트밀,29cm:2737573@272103100,rank,37.0,"{""brand_eng"": ""Lee"", ""brand_kor"": ""리"", ""brand_no"": 15263, ""category1"": ""남성의류"", ""category2"": ""상의"", ""category3"": ""후디"", ""category3_code"": 272103108, ""is_new"": false, ""item_no"": 2737573, ""period_sort"": ""ONE_DAY"", ""platform"": ""29cm"", ""ranking_category_code"": ""272103100"", ""ranking_category_name"": ""남성의류>상의"", ""review_avg"": 5.0, ""sale_percent"": 63, ""sale_price"": 28980, ""sold_out"": false, ""url"": ""https://product.29cm.co.kr/catalog/2737573""}",2026-10-04T13:00:06+00:00_caa7d0f3
2026-10-04T22:00:06+09:00,2026-10-04T13:00:06+00:00,commerce_rank,Essential Boat Neck Tee_4 Colors,29cm:2746755,heart_count,28821.0,"{""brand_eng"": ""ARTTO"", ""brand_kor"": ""아르토"", ""brand_no"": 57017, ""category1"": ""여성의류"", ""category2"": ""단독"", ""category3"": ""상의"", ""category3_code"": 268116101, ""is_new"": false, ""item_no"": 2746755, ""period_sort"": ""ONE_DAY"", ""platform"": ""29cm"", ""ranking_category_code"": ""268103100"", ""ranking_category_name"": ""여성의류>상의"", ""review_avg"": 5.0, ""sale_percent"": 0, ""sale_price"": 36000, ""sold_out"": false, ""url"": ""https://product.29cm.co.kr/catalog/2746755""}",2026-10-04T13:00:06+00:00_caa7d0f3
2026-10-04T22:00:06+09:00,2026-10-04T13:00:06+00:00,commerce_rank,Essential Boat Neck Tee_4 Colors,29cm:2746755,review_count,2004.0,"{""brand_eng"": ""ARTTO"", ""brand_kor"": ""아르토"", ""brand_no"": 57017, ""category1"": ""여성의류"", ""category2"": ""단독"", ""category3"": ""상의"", ""category3_code"": 268116101, ""is_new"": false, ""item_no"": 2746755, ""period_sort"": ""ONE_DAY"", ""platform"": ""29cm"", ""ranking_category_code"": ""268103100"", ""ranking_category_name"": ""여성의류>상의"", ""review_avg"": 5.0, ""sale_percent"": 0, ""sale_price"": 36000, ""sold_out"": false, ""url"": ""https://product.29cm.co.kr/catalog/2746755""}",2026-10-04T13:00:06+00:00_caa7d0f3
2026-10-04T22:00:06+09:00,2026-10-04T13:00:06+00:00,commerce_rank,Essential Boat Neck Tee_4 Colors,29cm:2746755@268103100,rank,59.0,"{""brand_eng"": ""ARTTO"", ""brand_kor"": ""아르토"", ""brand_no"": 57017, ""category1"": ""여성의류"", ""category2"": ""단독"", ""category3"": ""상의"", ""category3_code"": 268116101, ""is_new"": false, ""item_no"": 2746755, ""period_sort"": ""ONE_DAY"", ""platform"": ""29cm"", ""ranking_category_code"": ""268103100"", ""ranking_category_name"": ""여성의류>상의"", ""review_avg"": 5.0, ""sale_percent"": 0, ""sale_price"": 36000, ""sold_out"": false, ""url"": ""https://product.29cm.co.kr/catalog/2746755""}",2026-10-04T13:00:06+00:00_caa7d0f3
2026-10-04T22:00:06+09:00,2026-10-04T13:00:06+00:00,commerce_rank,[오제 PICK] 에센셜 롱 슬리브 티셔츠 MDTS063_6 Colors,29cm:2753432,heart_count,7821.0,"{""brand_eng"": ""MONGDOL"", ""brand_kor"": ""몽돌"", ""brand_no"": 10654, ""category1"": ""여성의류"", ""category2"": ""상의"", ""category3"": ""긴소매 티셔츠"", ""category3_code"": 268103102, ""is_new"": false, ""item_no"": 2753432, ""period_sort"": ""ONE_DAY"", ""platform"": ""29cm"", ""ranking_category_code"": ""268103100"", ""ranking_category_name"": ""여성의류>상의"", ""review_avg"": 4.5, ""sale_percent"": 37, ""sale_price"": 23310, ""sold_out"": false, ""url"": ""https://product.29cm.co.kr/catalog/2753432""}",2026-10-04T13:00:06+00:00_caa7d0f3
2026-10-04T22:00:06+09:00,2026-10-04T13:00:06+00:00,commerce_rank,[오제 PICK] 에센셜 롱 슬리브 티셔츠 MDTS063_6 Colors,29cm:2753432,review_count,764.0,"{""brand_eng"": ""MONGDOL"", ""brand_kor"": ""몽돌"", ""brand_no"": 10654, ""category1"": ""여성의류"", ""category2"": ""상의"", ""category3"": ""긴소매 티셔츠"", ""category3_code"": 268103102, ""is_new"": false, ""item_no"": 2753432, ""period_sort"": ""ONE_DAY"", ""platform"": ""29cm"", ""ranking_category_code"": ""268103100"", ""ranking_category_name"": ""여성의류>상의"", ""review_avg"": 4.5, ""sale_percent"": 37, ""sale_price"": 23310, ""sold_out"": false, ""url"": ""https://product.29cm.co.kr/catalog/2753432""}",2026-10-04T13:00:06+00:00_caa7d0f3
2026-10-04T22:00:06+09:00,2026-10-04T13:00:06+00:00,commerce_rank,[오제 PICK] 에센셜 롱 슬리브 티셔츠 MDTS063_6 Colors,29cm:2753432@268103100,rank,23.0,"{""brand_eng"": ""MONGDOL"", ""brand_kor"": ""몽돌"", ""brand_no"": 10654, ""category1"": ""여성의류"", ""category2"": ""상의"", ""category3"": ""긴소매 티셔츠"", ""category3_code"": 268103102, ""is_new"": false, ""item_no"": 2753432, ""period_sort"": ""ONE_DAY"", ""platform"": ""29cm"", ""ranking_category_code"": ""268103100"", ""ranking_category_name"": ""여성의류>상의"", ""review_avg"": 4.5, ""sale_percent"": 37, ""sale_price"": 23310, ""sold_out"": false, ""url"": ""https://product.29cm.co.kr/catalog/2753432""}",2026-10-04T13:00:06+00:00_caa7d0f3
2026-10-04T22:00:06+09:00,2026-10-04T13:00:07+00:00,commerce_rank,83플래그 하프 집업 스웨트셔츠(기모)(4colors) NSW6036,29cm:2779685,heart_count,2340.0,"{""brand_eng"": ""NAUTICA"", ""brand_kor"": ""노티카"", ""brand_no"": 17425, ""category1"": ""남성의류"", ""category2"": ""상의"", ""category3"": ""스웨트셔츠"", ""category3_code"": 272103107, ""is_new"": false, ""item_no"": 2779685, ""period_sort"": ""ONE_DAY"", ""platform"": ""29cm"", ""ranking_category_code"": ""272103100"", ""ranking_category_name"": ""남성의류>상의"", ""review_avg"": 5.0, ""sale_percent"": 20, ""sale_price"": 71100, ""sold_out"": false, ""url"": ""https://product.29cm.co.kr/catalog/2779685""}",2026-10-04T13:00:06+00:00_caa7d0f3
2026-10-04T22:00:06+09:00,2026-10-04T13:00:07+00:00,commerce_rank,83플래그 하프 집업 스웨트셔츠(기모)(4colors) NSW6036,29cm:2779685,review_count,193.0,"{""brand_eng"": ""NAUTICA"", ""brand_kor"": ""노티카"", ""brand_no"": 17425, ""category1"": ""남성의류"", ""category2"": ""상의"", ""category3"": ""스웨트셔츠"", ""category3_code"": 272103107, ""is_new"": false, ""item_no"": 2779685, ""period_sort"": ""ONE_DAY"", ""platform"": ""29cm"", ""ranking_category_code"": ""272103100"", ""ranking_category_name"": ""남성의류>상의"", ""review_avg"": 5.0, ""sale_percent"": 20, ""sale_price"": 71100, ""sold_out"": false, ""url"": ""https://product.29cm.co.kr/catalog/2779685""}",2026-10-04T13:00:06+00:00_caa7d0f3
2026-10-04T22:00:06+09:00,2026-10-04T13:00:07+00:00,commerce_rank,83플래그 하프 집업 스웨트셔츠(기모)(4colors) NSW6036,29cm:2779685@272103100,rank,22.0,"{""brand_eng"": ""NAUTICA"", ""brand_kor"": ""노티카"", ""brand_no"": 17425, ""category1"": ""남성의류"", ""category2"": ""상의"", ""category3"": ""스웨트셔츠"", ""category3_code"": 272103107, ""is_new"": false, ""item_no"": 2779685, ""period_sort"": ""ONE_DAY"", ""platform"": ""29cm"", ""ranking_category_code"": ""272103100"", ""ranking_category_name"": ""남성의류>상의"", ""review_avg"": 5.0, ""sale_percent"": 20, ""sale_price"": 71100, ""sold_out"": false, ""url"": ""https://product.29cm.co.kr/catalog/2779685""}",2026-10-04T13:00:06+00:00_caa7d0f3
2026-10-04T22:00:06+09:00,2026-10-04T13:00:06+00:00,commerce_rank,[28th][소진pick]Raglan sleeve t-shirt (melange gray),29cm:2792718,heart_count,5268.0,"{""brand_eng"": ""THE MITTEN"", ""brand_kor"": ""더미튼"", ""brand_no"": 25573, ""category1"": ""여성의류"", ""category2"": ""상의"", ""category3"": ""긴소매 티셔츠"", ""category3_code"": 268103102, ""is_new"": false, ""item_no"": 2792718, ""period_sort"": ""ONE_DAY"", ""platform"": ""29cm"", ""ranking_category_code"": ""268103100"", ""ranking_category_name"": ""여성의류>상의"", ""review_avg"": 5.0, ""sale_percent"": 23, ""sale_price"": 42080, ""sold_out"": false, ""url"": ""https://product.29cm.co.kr/catalog/2792718""}",2026-10-04T13:00:06+00:00_caa7d0f3
2026-10-04T22:00:06+09:00,2026-10-04T13:00:06+00:00,commerce_rank,[28th][소진pick]Raglan sleeve t-shirt (melange gray),29cm:2792718,review_count,257.0,"{""brand_eng"": ""THE MITTEN"", ""brand_kor"": ""더미튼"", ""brand_no"": 25573, ""category1"": ""여성의류"", ""category2"": ""상의"", ""category3"": ""긴소매 티셔츠"", ""category3_code"": 268103102, ""is_new"": false, ""item_no"": 2792718, ""period_sort"": ""ONE_DAY"", ""platform"": ""29cm"", ""ranking_category_code"": ""268103100"", ""ranking_category_name"": ""여성의류>상의"", ""review_avg"": 5.0, ""sale_percent"": 23, ""sale_price"": 42080, ""sold_out"": false, ""url"": ""https://product.29cm.co.kr/catalog/2792718""}",2026-10-04T13:00:06+00:00_caa7d0f3
2026-10-04T22:00:06+09:00,2026-10-04T13:00:06+00:00,commerce_rank,[28th][소진pick]Raglan sleeve t-shirt (melange gray),29cm:2792718@268103100,rank,13.0,"{""brand_eng"": ""THE MITTEN"", ""brand_kor"": ""더미튼"", ""brand_no"": 25573, ""category1"": ""여성의류"", ""category2"": ""상의"", ""category3"": ""긴소매 티셔츠"", ""category3_code"": 268103102, ""is_new"": false, ""item_no"": 2792718, ""period_sort"": ""ONE_DAY"", ""platform"": ""29cm"", ""ranking_category_code"": ""268103100"", ""ranking_category_name"": ""여성의류>상의"", ""review_avg"": 5.0, ""sale_percent"": 23, ""sale_price"": 42080, ""sold_out"": false, ""url"": ""https://product.29cm.co.kr/catalog/2792718""}",2026-10-04T13:00:06+00:00_caa7d0f3
2026-10-04T22:00:06+09:00,2026-10-04T13:00:06+00:00,commerce_rank,[13차]Wool tencel round Tee (Ivory),29cm:2794388,heart_count,4712.0,"{""brand_eng"": ""NOEUD"", ""brand_kor"": ""노우드"", ""brand_no"": 22234, ""category1"": ""여성의류"", ""category2"": ""상의"", ""category3"": ""긴소매 티셔츠"", ""category3_code"": 268103102, ""is_new"": false, ""item_no"": 2794388, ""period_sort"": ""ONE_DAY"", ""platform"": ""29cm"", ""ranking_category_code"": ""268103100"", ""ranking_category_name"": ""여성의류>상의"", ""review_avg"": 5.0, ""sale_percent"": 20, ""sale_price"": 33600, ""sold_out"": false, ""url"": ""https://product.29cm.co.kr/catalog/2794388""}",2026-10-04T13:00:06+00:00_caa7d0f3
2026-10-04T22:00:06+09:00,2026-10-04T13:00:06+00:00,commerce_rank,[13차]Wool tencel round Tee (Ivory),29cm:2794388,review_count,479.0,"{""brand_eng"": ""NOEUD"", ""brand_kor"": ""노우드"", ""brand_no"": 22234, ""category1"": ""여성의류"", ""category2"": ""상의"", ""category3"": ""긴소매 티셔츠"", ""category3_code"": 268103102, ""is_new"": false, ""item_no"": 2794388, ""period_sort"": ""ONE_DAY"", ""platform"": ""29cm"", ""ranking_category_code"": ""268103100"", ""ranking_category_name"": ""여성의류>상의"", ""review_avg"": 5.0, ""sale_percent"": 20, ""sale_price"": 33600, ""sold_out"": false, ""url"": ""https://product.29cm.co.kr/catalog/2794388""}",2026-10-04T13:00:06+00:00_caa7d0f3
2026-10-04T22:00:06+09:00,2026-10-04T13:00:06+00:00,commerce_rank,[13차]Wool tencel round Tee (Ivory),29cm:2794388@268103100,rank,52.0,"{""brand_eng"": ""NOEUD"", ""brand_kor"": ""노우드"", ""brand_no"": 22234, ""category1"": ""여성의류"", ""category2"": ""상의"", ""category3"": ""긴소매 티셔츠"", ""category3_code"": 268103102, ""is_new"": false, ""item_no"": 2794388, ""period_sort"": ""ONE_DAY"", ""platform"": ""29cm"", ""ranking_category_code"": ""268103100"", ""ranking_category_name"": ""여성의류>상의"", ""review_avg"": 5.0, ""sale_percent"": 20, ""sale_price"": 33600, ""sold_out"": false, ""url"": ""https://product.29cm.co.kr/catalog/2794388""}",2026-10-04T13:00:06+00:00_caa7d0f3
2026-10-04T22:00:06+09:00,2026-10-04T13:00:06+00:00,commerce_rank,LOND2 WAIST TUCK BLOUSE (Z-BL-4287),29cm:2809438,heart_count,41544.0,"{""brand_eng"": ""ATELIER NAIN"", ""brand_kor"": ""아틀리에 나인"", ""brand_no"": 27282, ""category1"": ""여성의류"", ""category2"": ""상의"", ""category3"": ""블라우스"", ""category3_code"": 268103107, ""is_new"": false, ""item_no"": 2809438, ""period_sort"": ""ONE_DAY"", ""platform"": ""29cm"", ""ranking_category_code"": ""268103100"", ""ranking_category_name"": ""여성의류>상의"", ""review_avg"": 4.5, ""sale_percent"": 32, ""sale_price"": 40120, ""sold_out"": false, ""url"": ""https://product.29cm.co.kr/catalog/2809438""}",2026-10-04T13:00:06+00:00_caa7d0f3
2026-10-04T22:00:06+09:00,2026-10-04T13:00:06+00:00,commerce_rank,LOND2 WAIST TUCK BLOUSE (Z-BL-4287),29cm:2809438,review_count,692.0,"{""brand_eng"": ""ATELIER NAIN"", ""brand_kor"": ""아틀리에 나인"", ""brand_no"": 27282, ""category1"": ""여성의류"", ""category2"": ""상의"", ""category3"": ""블라우스"", ""category3_code"": 268103107, ""is_new"": false, ""item_no"": 2809438, ""period_sort"": ""ONE_DAY"", ""platform"": ""29cm"", ""ranking_category_code"": ""268103100"", ""ranking_category_name"": ""여성의류>상의"", ""review_avg"": 4.5, ""sale_percent"": 32, ""sale_price"": 40120, ""sold_out"": false, ""url"": ""https://product.29cm.co.kr/catalog/2809438""}",2026-10-04T13:00:06+00:00_caa7d0f3
2026-10-04T22:00:06+09:00,2026-10-04T13:00:06+00:00,commerce_rank,LOND2 WAIST TUCK BLOUSE (Z-BL-4287),29cm:2809438@268103100,rank,31.0,"{""brand_eng"": ""ATELIER NAIN"", ""brand_kor"": ""아틀리에 나인"", ""brand_no"": 27282, ""category1"": ""여성의류"", ""category2"": ""상의"", ""category3"": ""블라우스"", ""category3_code"": 268103107, ""is_new"": false, ""item_no"": 2809438, ""period_sort"": ""ONE_DAY"", ""platform"": ""29cm"", ""ranking_category_code"": ""268103100"", ""ranking_category_name"": ""여성의류>상의"", ""review_avg"": 4.5, ""sale_percent"": 32, ""sale_price"": 40120, ""sold_out"": false, ""url"": ""https://product.29cm.co.kr/catalog/2809438""}",2026-10-04T13:00:06+00:00_caa7d0f3
2026-10-04T22:00:06+09:00,2026-10-04T13:00:06+00:00,commerce_rank,a haag half zip-up (grey),29cm:2883822,heart_count,14958.0,"{""brand_eng"": ""HAAG"", ""brand_kor"": ""헤이그"", ""brand_no"": 19972, ""category1"": ""여성의류"", ""category2"": ""상의"", ""category3"": ""스웨트셔츠"", ""category3_code"": 268103104, ""is_new"": false, ""item_no"": 2883822, ""period_sort"": ""ONE_DAY"", ""platform"": ""29cm"", ""ranking_category_code"": ""268103100"", ""ranking_category_name"": ""여성의류>상의"", ""review_avg"": 5.0, ""sale_percent"": 0, ""sale_price"": 118000, ""sold_out"": false, ""url"": ""https://product.29cm.co.kr/catalog/2883822""}",2026-10-04T13:00:06+00:00_caa7d0f3
2026-10-04T22:00:06+09:00,2026-10-04T13:00:06+00:00,commerce_rank,a haag half zip-up (grey),29cm:2883822,review_count,835.0,"{""brand_eng"": ""HAAG"", ""brand_kor"": ""헤이그"", ""brand_no"": 19972, ""category1"": ""여성의류"", ""category2"": ""상의"", ""category3"": ""스웨트셔츠"", ""category3_code"": 268103104, ""is_new"": false, ""item_no"": 2883822, ""period_sort"": ""ONE_DAY"", ""platform"": ""29cm"", ""ranking_category_code"": ""268103100"", ""ranking_category_name"": ""여성의류>상의"", ""review_avg"": 5.0, ""sale_percent"": 0, ""sale_price"": 118000, ""sold_out"": false, ""url"": ""https://product.29cm.co.kr/catalog/2883822""}",2026-10-04T13:00:06+00:00_caa7d0f3
2026-10-04T22:00:06+09:00,2026-10-04T13:00:06+00:00,commerce_rank,a haag half zip-up (grey),29cm:2883822@268103100,rank,75.0,"{""brand_eng"": ""HAAG"", ""brand_kor"": ""헤이그"", ""brand_no"": 19972, ""category1"": ""여성의류"", ""category2"": ""상의"", ""category3"": ""스웨트셔츠"", ""category3_code"": 268103104, ""is_new"": false, ""item_no"": 2883822, ""period_sort"": ""ONE_DAY"", ""platform"": ""29cm"", ""ranking_category_code"": ""268103100"", ""ranking_category_name"": ""여성의류>상의"", ""review_avg"": 5.0, ""sale_percent"": 0, ""sale_price"": 118000, ""sold_out"": false, ""url"": ""https://product.29cm.co.kr/catalog/2883822""}",2026-10-04T13:00:06+00:00_caa7d0f3
2026-10-04T22:00:06+09:00,2026-10-04T13:00:07+00:00,commerce_rank,원포인트 그래픽 후드 블루,29cm:2970257,heart_count,2.0,"{""brand_eng"": ""Wacky Willy"", ""brand_kor"": ""와키윌리"", ""brand_no"": 15237, ""category1"": ""남성의류"", ""category2"": ""상의"", ""category3"": ""후디"", ""category3_code"": 272103108, ""is_new"": false, ""item_no"": 2970257, ""period_sort"": ""ONE_DAY"", ""platform"": ""29cm"", ""ranking_category_code"": ""272103100"", ""ranking_category_name"": ""남성의류>상의"", ""review_avg"": 0.0, ""sale_percent"": 71, ""sale_price"": 29000, ""sold_out"": true, ""url"": ""https://product.29cm.co.kr/catalog/2970257""}",2026-10-04T13:00:06+00:00_caa7d0f3
2026-10-04T22:00:06+09:00,2026-10-04T13:00:07+00:00,commerce_rank,원포인트 그래픽 후드 블루,29cm:2970257,review_count,0.0,"{""brand_eng"": ""Wacky Willy"", ""brand_kor"": ""와키윌리"", ""brand_no"": 15237, ""category1"": ""남성의류"", ""category2"": ""상의"", ""category3"": ""후디"", ""category3_code"": 272103108, ""is_new"": false, ""item_no"": 2970257, ""period_sort"": ""ONE_DAY"", ""platform"": ""29cm"", ""ranking_category_code"": ""272103100"", ""ranking_category_name"": ""남성의류>상의"", ""review_avg"": 0.0, ""sale_percent"": 71, ""sale_price"": 29000, ""sold_out"": true, ""url"": ""https://product.29cm.co.kr/catalog/2970257""}",2026-10-04T13:00:06+00:00_caa7d0f3
2026-10-04T22:00:06+09:00,2026-10-04T13:00:07+00:00,commerce_rank,원포인트 그래픽 후드 블루,29cm:2970257@272103100,rank,1.0,"{""brand_eng"": ""Wacky Willy"", ""brand_kor"": ""와키윌리"", ""brand_no"": 15237, ""category1"": ""남성의류"", ""category2"": ""상의"", ""category3"": ""후디"", ""category3_code"": 272103108, ""is_new"": false, ""item_no"": 2970257, ""period_sort"": ""ONE_DAY"", ""platform"": ""29cm"", ""ranking_category_code"": ""272103100"", ""ranking_category_name"": ""남성의류>상의"", ""review_avg"": 0.0, ""sale_percent"": 71, ""sale_price"": 29000, ""sold_out"": true, ""url"": ""https://product.29cm.co.kr/catalog/2970257""}",2026-10-04T13:00:06+00:00_caa7d0f3
2026-10-04T22:00:06+09:00,2026-10-04T13:00:06+00:00,commerce_rank,[29CM 단독/컬러추가] SIKN2136 클래식 스트라이프 카라 니트_Navy,29cm:3033257,heart_count,22597.0,"{""brand_eng"": ""Siyazu"", ""brand_kor"": ""시야쥬"", ""brand_no"": 10005, ""category1"": ""여성의류"", ""category2"": ""상의"", ""category3"": ""피케/카라 티셔츠"", ""category3_code"": 268103109, ""is_new"": false, ""item_no"": 3033257, ""period_sort"": ""ONE_DAY"", ""platform"": ""29cm"", ""ranking_category_code"": ""268103100"", ""ranking_category_name"": ""여성의류>상의"", ""review_avg"": 5.0, ""sale_percent"": 30, ""sale_price"": 68290, ""sold_out"": false, ""url"": ""https://product.29cm.co.kr/catalog/3033257""}",2026-10-04T13:00:06+00:00_caa7d0f3
2026-10-04T22:00:06+09:00,2026-10-04T13:00:06+00:00,commerce_rank,[29CM 단독/컬러추가] SIKN2136 클래식 스트라이프 카라 니트_Navy,29cm:3033257,review_count,535.0,"{""brand_eng"": ""Siyazu"", ""brand_kor"": ""시야쥬"", ""brand_no"": 10005, ""category1"": ""여성의류"", ""category2"": ""상의"", ""category3"": ""피케/카라 티셔츠"", ""category3_code"": 268103109, ""is_new"": false, ""item_no"": 3033257, ""period_sort"": ""ONE_DAY"", ""platform"": ""29cm"", ""ranking_category_code"": ""268103100"", ""ranking_category_name"": ""여성의류>상의"", ""review_avg"": 5.0, ""sale_percent"": 30, ""sale_price"": 68290, ""sold_out"": false, ""url"": ""https://product.29cm.co.kr/catalog/3033257""}",2026-10-04T13:00:06+00:00_caa7d0f3
2026-10-04T22:00:06+09:00,2026-10-04T13:00:06+00:00,commerce_rank,[29CM 단독/컬러추가] SIKN2136 클래식 스트라이프 카라 니트_Navy,29cm:3033257@268103100,rank,3.0,"{""brand_eng"": ""Siyazu"", ""brand_kor"": ""시야쥬"", ""brand_no"": 10005, ""category1"": ""여성의류"", ""category2"": ""상의"", ""category3"": ""피케/카라 티셔츠"", ""category3_code"": 268103109, ""is_new"": false, ""item_no"": 3033257, ""period_sort"": ""ONE_DAY"", ""platform"": ""29cm"", ""ranking_category_code"": ""268103100"", ""ranking_category_name"": ""여성의류>상의"", ""review_avg"": 5.0, ""sale_percent"": 30, ""sale_price"": 68290, ""sold_out"": false, ""url"": ""https://product.29cm.co.kr/catalog/3033257""}",2026-10-04T13:00:06+00:00_caa7d0f3
2026-10-04T22:00:06+09:00,2026-10-04T13:00:07+00:00,commerce_rank,Flannel Check Shirt Blue,29cm:3064267,heart_count,842.0,"{""brand_eng"": ""thisisneverthat"", ""brand_kor"": ""디스이즈네버댓"", ""brand_no"": 70, ""category1"": ""남성의류"", ""category2"": ""상의"", ""category3"": ""긴소매 셔츠"", ""category3_code"": 272103106, ""is_new"": false, ""item_no"": 3064267, ""period_sort"": ""ONE_DAY"", ""platform"": ""29cm"", ""ranking_category_code"": ""272103100"", ""ranking_category_name"": ""남성의류>상의"", ""review_avg"": 5.0, ""sale_percent"": 50, ""sale_price"": 69500, ""sold_out"": false, ""url"": ""https://product.29cm.co.kr/catalog/3064267""}",2026-10-04T13:00:06+00:00_caa7d0f3
2026-10-04T22:00:06+09:00,2026-10-04T13:00:07+00:00,commerce_rank,Flannel Check Shirt Blue,29cm:3064267,review_count,35.0,"{""brand_eng"": ""thisisneverthat"", ""brand_kor"": ""디스이즈네버댓"", ""brand_no"": 70, ""category1"": ""남성의류"", ""category2"": ""상의"", ""category3"": ""긴소매 셔츠"", ""category3_code"": 272103106, ""is_new"": false, ""item_no"": 3064267, ""period_sort"": ""ONE_DAY"", ""platform"": ""29cm"", ""ranking_category_code"": ""272103100"", ""ranking_category_name"": ""남성의류>상의"", ""review_avg"": 5.0, ""sale_percent"": 50, ""sale_price"": 69500, ""sold_out"": false, ""url"": ""https://product.29cm.co.kr/catalog/3064267""}",2026-10-04T13:00:06+00:00_caa7d0f3
2026-10-04T22:00:06+09:00,2026-10-04T13:00:07+00:00,commerce_rank,Flannel Check Shirt Blue,29cm:3064267@272103100,rank,93.0,"{""brand_eng"": ""thisisneverthat"", ""brand_kor"": ""디스이즈네버댓"", ""brand_no"": 70, ""category1"": ""남성의류"", ""category2"": ""상의"", ""category3"": ""긴소매 셔츠"", ""category3_code"": 272103106, ""is_new"": false, ""item_no"": 3064267, ""period_sort"": ""ONE_DAY"", ""platform"": ""29cm"", ""ranking_category_code"": ""272103100"", ""ranking_category_name"": ""남성의류>상의"", ""review_avg"": 5.0, ""sale_percent"": 50, ""sale_price"": 69500, ""sold_out"": false, ""url"": ""https://product.29cm.co.kr/catalog/3064267""}",2026-10-04T13:00:06+00:00_caa7d0f3
2026-10-04T22:00:06+09:00,2026-10-04T13:00:06+00:00,commerce_rank,[11차] Draped tie blouse_brown,29cm:3079603,heart_count,45626.0,"{""brand_eng"": ""AARAN"", ""brand_kor"": ""어랜"", ""brand_no"": 25864, ""category1"": ""여성의류"", ""category2"": ""단독"", ""category3"": ""상의"", ""category3_code"": 268116101, ""is_new"": false, ""item_no"": 3079603, ""period_sort"": ""ONE_DAY"", ""platform"": ""29cm"", ""ranking_category_code"": ""268103100"", ""ranking_category_name"": ""여성의류>상의"", ""review_avg"": 4.5, ""sale_percent"": 10, ""sale_price"": 136800, ""sold_out"": false, ""url"": ""https://product.29cm.co.kr/catalog/3079603""}",2026-10-04T13:00:06+00:00_caa7d0f3
2026-10-04T22:00:06+09:00,2026-10-04T13:00:06+00:00,commerce_rank,[11차] Draped tie blouse_brown,29cm:3079603,review_count,653.0,"{""brand_eng"": ""AARAN"", ""brand_kor"": ""어랜"", ""brand_no"": 25864, ""category1"": ""여성의류"", ""category2"": ""단독"", ""category3"": ""상의"", ""category3_code"": 268116101, ""is_new"": false, ""item_no"": 3079603, ""period_sort"": ""ONE_DAY"", ""platform"": ""29cm"", ""ranking_category_code"": ""268103100"", ""ranking_category_name"": ""여성의류>상의"", ""review_avg"": 4.5, ""sale_percent"": 10, ""sale_price"": 136800, ""sold_out"": false, ""url"": ""https://product.29cm.co.kr/catalog/3079603""}",2026-10-04T13:00:06+00:00_caa7d0f3
2026-10-04T22:00:06+09:00,2026-10-04T13:00:06+00:00,commerce_rank,[11차] Draped tie blouse_brown,29cm:3079603@268103100,rank,14.0,"{""brand_eng"": ""AARAN"", ""brand_kor"": ""어랜"", ""brand_no"": 25864, ""category1"": ""여성의류"", ""category2"": ""단독"", ""category3"": ""상의"", ""category3_code"": 268116101, ""is_new"": false, ""item_no"": 3079603, ""period_sort"": ""ONE_DAY"", ""platform"": ""29cm"", ""ranking_category_code"": ""268103100"", ""ranking_category_name"": ""여성의류>상의"", ""review_avg"": 4.5, ""sale_percent"": 10, ""sale_price"": 136800, ""sold_out"": false, ""url"": ""https://product.29cm.co.kr/catalog/3079603""}",2026-10-04T13:00:06+00:00_caa7d0f3
2026-10-04T22:00:06+09:00,2026-10-04T13:00:07+00:00,commerce_rank,"Washed Long Sleeve, Washed Beige",29cm:3161870,heart_count,49.0,"{""brand_eng"": ""BROWNYARD"", ""brand_kor"": ""브라운야드"", ""brand_no"": 2211, ""category1"": ""남성의류"", ""category2"": ""상의"", ""category3"": ""긴소매 티셔츠"", ""category3_code"": 272103102, ""is_new"": false, ""item_no"": 3161870, ""period_sort"": ""ONE_DAY"", ""platform"": ""29cm"", ""ranking_category_code"": ""272103100"", ""ranking_category_name"": ""남성의류>상의"", ""review_avg"": 5.0, ""sale_percent"": 50, ""sale_price"": 34500, ""sold_out"": false, ""url"": ""https://product.29cm.co.kr/catalog/3161870""}",2026-10-04T13:00:06+00:00_caa7d0f3
2026-10-04T22:00:06+09:00,2026-10-04T13:00:07+00:00,commerce_rank,"Washed Long Sleeve, Washed Beige",29cm:3161870,review_count,1.0,"{""brand_eng"": ""BROWNYARD"", ""brand_kor"": ""브라운야드"", ""brand_no"": 2211, ""category1"": ""남성의류"", ""category2"": ""상의"", ""category3"": ""긴소매 티셔츠"", ""category3_code"": 272103102, ""is_new"": false, ""item_no"": 3161870, ""period_sort"": ""ONE_DAY"", ""platform"": ""29cm"", ""ranking_category_code"": ""272103100"", ""ranking_category_name"": ""남성의류>상의"", ""review_avg"": 5.0, ""sale_percent"": 50, ""sale_price"": 34500, ""sold_out"": false, ""url"": ""https://product.29cm.co.kr/catalog/3161870""}",2026-10-04T13:00:06+00:00_caa7d0f3
2026-10-04T22:00:06+09:00,2026-10-04T13:00:07+00:00,commerce_rank,"Washed Long Sleeve, Washed Beige",29cm:3161870@272103100,rank,86.0,"{""brand_eng"": ""BROWNYARD"", ""brand_kor"": ""브라운야드"", ""brand_no"": 2211, ""category1"": ""남성의류"", ""category2"": ""상의"", ""category3"": ""긴소매 티셔츠"", ""category3_code"": 272103102, ""is_new"": false, ""item_no"": 3161870, ""period_sort"": ""ONE_DAY"", ""platform"": ""29cm"", ""ranking_category_code"": ""272103100"", ""ranking_category_name"": ""남성의류>상의"", ""review_avg"": 5.0, ""sale_percent"": 50, ""sale_price"": 34500, ""sold_out"": false, ""url"": ""https://product.29cm.co.kr/catalog/3161870""}",2026-10-04T13:00:06+00:00_caa7d0f3
2026-10-04T22:00:06+09:00,2026-10-04T13:00:07+00:00,commerce_rank,Homeboy Crewneck T (Dark Gray),29cm:3177220,heart_count,239.0,"{""brand_eng"": ""ANOTHER OFFICE"", ""brand_kor"": ""어나더오피스"", ""brand_no"": 1708, ""category1"": ""남성의류"", ""category2"": ""상의"", ""category3"": ""긴소매 티셔츠"", ""category3_code"": 272103102, ""is_new"": false, ""item_no"": 3177220, ""period_sort"": ""ONE_DAY"", ""platform"": ""29cm"", ""ranking_category_code"": ""272103100"", ""ranking_category_name"": ""남성의류>상의"", ""review_avg"": 5.0, ""sale_percent"": 0, ""sale_price"": 89000, ""sold_out"": false, ""url"": ""https://product.29cm.co.kr/catalog/3177220""}",2026-10-04T13:00:06+00:00_caa7d0f3
2026-10-04T22:00:06+09:00,2026-10-04T13:00:07+00:00,commerce_rank,Homeboy Crewneck T (Dark Gray),29cm:3177220,review_count,13.0,"{""brand_eng"": ""ANOTHER OFFICE"", ""brand_kor"": ""어나더오피스"", ""brand_no"": 1708, ""category1"": ""남성의류"", ""category2"": ""상의"", ""category3"": ""긴소매 티셔츠"", ""category3_code"": 272103102, ""is_new"": false, ""item_no"": 3177220, ""period_sort"": ""ONE_DAY"", ""platform"": ""29cm"", ""ranking_category_code"": ""272103100"", ""ranking_category_name"": ""남성의류>상의"", ""review_avg"": 5.0, ""sale_percent"": 0, ""sale_price"": 89000, ""sold_out"": false, ""url"": ""https://product.29cm.co.kr/catalog/3177220""}",2026-10-04T13:00:06+00:00_caa7d0f3
2026-10-04T22:00:06+09:00,2026-10-04T13:00:07+00:00,commerce_rank,Homeboy Crewneck T (Dark Gray),29cm:3177220@272103100,rank,83.0,"{""brand_eng"": ""ANOTHER OFFICE"", ""brand_kor"": ""어나더오피스"", ""brand_no"": 1708, ""category1"": ""남성의류"", ""category2"": ""상의"", ""category3"": ""긴소매 티셔츠"", ""category3_code"": 272103102, ""is_new"": false, ""item_no"": 3177220, ""period_sort"": ""ONE_DAY"", ""platform"": ""29cm"", ""ranking_category_code"": ""272103100"", ""ranking_category_name"": ""남성의류>상의"", ""review_avg"": 5.0, ""sale_percent"": 0, ""sale_price"": 89000, ""sold_out"": false, ""url"": ""https://product.29cm.co.kr/catalog/3177220""}",2026-10-04T13:00:06+00:00_caa7d0f3
2026-10-04T22:00:06+09:00,2026-10-04T13:00:07+00:00,commerce_rank,코어 체크 셔츠 브라운,29cm:3221600,heart_count,1574.0,"{""brand_eng"": ""asp"", ""brand_kor"": ""애습"", ""brand_no"": 10042, ""category1"": ""남성의류"", ""category2"": ""상의"", ""category3"": ""긴소매 셔츠"", ""category3_code"": 272103106, ""is_new"": false, ""item_no"": 3221600, ""period_sort"": ""ONE_DAY"", ""platform"": ""29cm"", ""ranking_category_code"": ""272103100"", ""ranking_category_name"": ""남성의류>상의"", ""review_avg"": 5.0, ""sale_percent"": 15, ""sale_price"": 56430, ""sold_out"": false, ""url"": ""https://product.29cm.co.kr/catalog/3221600""}",2026-10-04T13:00:06+00:00_caa7d0f3
2026-10-04T22:00:06+09:00,2026-10-04T13:00:07+00:00,commerce_rank,코어 체크 셔츠 브라운,29cm:3221600,review_count,54.0,"{""brand_eng"": ""asp"", ""brand_kor"": ""애습"", ""brand_no"": 10042, ""category1"": ""남성의류"", ""category2"": ""상의"", ""category3"": ""긴소매 셔츠"", ""category3_code"": 272103106, ""is_new"": false, ""item_no"": 3221600, ""period_sort"": ""ONE_DAY"", ""platform"": ""29cm"", ""ranking_category_code"": ""272103100"", ""ranking_category_name"": ""남성의류>상의"", ""review_avg"": 5.0, ""sale_percent"": 15, ""sale_price"": 56430, ""sold_out"": false, ""url"": ""https://product.29cm.co.kr/catalog/3221600""}",2026-10-04T13:00:06+00:00_caa7d0f3
2026-10-04T22:00:06+09:00,2026-10-04T13:00:07+00:00,commerce_rank,코어 체크 셔츠 브라운,29cm:3221600@272103100,rank,41.0,"{""brand_eng"": ""asp"", ""brand_kor"": ""애습"", ""brand_no"": 10042, ""category1"": ""남성의류"", ""category2"": ""상의"", ""category3"": ""긴소매 셔츠"", ""category3_code"": 272103106, ""is_new"": false, ""item_no"": 3221600, ""period_sort"": ""ONE_DAY"", ""platform"": ""29cm"", ""ranking_category_code"": ""272103100"", ""ranking_category_name"": ""남성의류>상의"", ""review_avg"": 5.0, ""sale_percent"": 15, ""sale_price"": 56430, ""sold_out"": false, ""url"": ""https://product.29cm.co.kr/catalog/3221600""}",2026-10-04T13:00:06+00:00_caa7d0f3
2026-10-04T22:00:06+09:00,2026-10-04T13:00:07+00:00,commerce_rank,UNISEX HEART MESSAGE T-SHIRT atb1251u(ECRU),29cm:3226602,heart_count,16751.0,"{""brand_eng"": ""ADSB ANDERSSON BELL"", ""brand_kor"": ""앤더슨벨"", ""brand_no"": 1556, ""category1"": ""남성의류"", ""category2"": ""상의"", ""category3"": ""반소매 티셔츠"", ""category3_code"": 272103101, ""is_new"": false, ""item_no"": 3226602, ""period_sort"": ""ONE_DAY"", ""platform"": ""29cm"", ""ranking_category_code"": ""272103100"", ""ranking_category_name"": ""남성의류>상의"", ""review_avg"": 5.0, ""sale_percent"": 5, ""sale_price"": 69350, ""sold_out"": false, ""url"": ""https://product.29cm.co.kr/catalog/3226602""}",2026-10-04T13:00:06+00:00_caa7d0f3
2026-10-04T22:00:06+09:00,2026-10-04T13:00:07+00:00,commerce_rank,UNISEX HEART MESSAGE T-SHIRT atb1251u(ECRU),29cm:3226602,review_count,313.0,"{""brand_eng"": ""ADSB ANDERSSON BELL"", ""brand_kor"": ""앤더슨벨"", ""brand_no"": 1556, ""category1"": ""남성의류"", ""category2"": ""상의"", ""category3"": ""반소매 티셔츠"", ""category3_code"": 272103101, ""is_new"": false, ""item_no"": 3226602, ""period_sort"": ""ONE_DAY"", ""platform"": ""29cm"", ""ranking_category_code"": ""272103100"", ""ranking_category_name"": ""남성의류>상의"", ""review_avg"": 5.0, ""sale_percent"": 5, ""sale_price"": 69350, ""sold_out"": false, ""url"": ""https://product.29cm.co.kr/catalog/3226602""}",2026-10-04T13:00:06+00:00_caa7d0f3
2026-10-04T22:00:06+09:00,2026-10-04T13:00:07+00:00,commerce_rank,UNISEX HEART MESSAGE T-SHIRT atb1251u(ECRU),29cm:3226602@272103100,rank,99.0,"{""brand_eng"": ""ADSB ANDERSSON BELL"", ""brand_kor"": ""앤더슨벨"", ""brand_no"": 1556, ""category1"": ""남성의류"", ""category2"": ""상의"", ""category3"": ""반소매 티셔츠"", ""category3_code"": 272103101, ""is_new"": false, ""item_no"": 3226602, ""period_sort"": ""ONE_DAY"", ""platform"": ""29cm"", ""ranking_category_code"": ""272103100"", ""ranking_category_name"": ""남성의류>상의"", ""review_avg"": 5.0, ""sale_percent"": 5, ""sale_price"": 69350, ""sold_out"": false, ""url"": ""https://product.29cm.co.kr/catalog/3226602""}",2026-10-04T13:00:06+00:00_caa7d0f3
2026-10-04T22:00:06+09:00,2026-10-04T13:00:06+00:00,commerce_rank,[2PACK] 에센셜 라운드넥 반팔 티셔츠,29cm:3259431,heart_count,13747.0,"{""brand_eng"": ""MONGDOL"", ""brand_kor"": ""몽돌"", ""brand_no"": 10654, ""category1"": ""여성의류"", ""category2"": ""상의"", ""category3"": ""반소매 티셔츠"", ""category3_code"": 268103101, ""is_new"": false, ""item_no"": 3259431, ""period_sort"": ""ONE_DAY"", ""platform"": ""29cm"", ""ranking_category_code"": ""268103100"", ""ranking_category_name"": ""여성의류>상의"", ""review_avg"": 5.0, ""sale_percent"": 65, ""sale_price"": 25900, ""sold_out"": false, ""url"": ""https://product.29cm.co.kr/catalog/3259431""}",2026-10-04T13:00:06+00:00_caa7d0f3
2026-10-04T22:00:06+09:00,2026-10-04T13:00:06+00:00,commerce_rank,[2PACK] 에센셜 라운드넥 반팔 티셔츠,29cm:3259431,review_count,1395.0,"{""brand_eng"": ""MONGDOL"", ""brand_kor"": ""몽돌"", ""brand_no"": 10654, ""category1"": ""여성의류"", ""category2"": ""상의"", ""category3"": ""반소매 티셔츠"", ""category3_code"": 268103101, ""is_new"": false, ""item_no"": 3259431, ""period_sort"": ""ONE_DAY"", ""platform"": ""29cm"", ""ranking_category_code"": ""268103100"", ""ranking_category_name"": ""여성의류>상의"", ""review_avg"": 5.0, ""sale_percent"": 65, ""sale_price"": 25900, ""sold_out"": false, ""url"": ""https://product.29cm.co.kr/catalog/3259431""}",2026-10-04T13:00:06+00:00_caa7d0f3
2026-10-04T22:00:06+09:00,2026-10-04T13:00:06+00:00,commerce_rank,[2PACK] 에센셜 라운드넥 반팔 티셔츠,29cm:3259431@268103100,rank,90.0,"{""brand_eng"": ""MONGDOL"", ""brand_kor"": ""몽돌"", ""brand_no"": 10654, ""category1"": ""여성의류"", ""category2"": ""상의"", ""category3"": ""반소매 티셔츠"", ""category3_code"": 268103101, ""is_new"": false, ""item_no"": 3259431, ""period_sort"": ""ONE_DAY"", ""platform"": ""29cm"", ""ranking_category_code"": ""268103100"", ""ranking_category_name"": ""여성의류>상의"", ""review_avg"": 5.0, ""sale_percent"": 65, ""sale_price"": 25900, ""sold_out"": false, ""url"": ""https://product.29cm.co.kr/catalog/3259431""}",2026-10-04T13:00:06+00:00_caa7d0f3
2026-10-04T22:00:06+09:00,2026-10-04T13:00:07+00:00,commerce_rank,(NEW컬러) 핀터 크롭 하프 티셔츠 - 9 COLOR,29cm:3328320,heart_count,1061.0,"{""brand_eng"": ""SUARE"", ""brand_kor"": ""수아레"", ""brand_no"": 5548, ""category1"": ""남성의류"", ""category2"": ""상의"", ""category3"": ""반소매 티셔츠"", ""category3_code"": 272103101, ""is_new"": false, ""item_no"": 3328320, ""period_sort"": ""ONE_DAY"", ""platform"": ""29cm"", ""ranking_category_code"": ""272103100"", ""ranking_category_name"": ""남성의류>상의"", ""review_avg"": 5.0, ""sale_percent"": 34, ""sale_price"": 25900, ""sold_out"": false, ""url"": ""https://product.29cm.co.kr/catalog/3328320""}",2026-10-04T13:00:06+00:00_caa7d0f3
2026-10-04T22:00:06+09:00,2026-10-04T13:00:07+00:00,commerce_rank,(NEW컬러) 핀터 크롭 하프 티셔츠 - 9 COLOR,29cm:3328320,review_count,146.0,"{""brand_eng"": ""SUARE"", ""brand_kor"": ""수아레"", ""brand_no"": 5548, ""category1"": ""남성의류"", ""category2"": ""상의"", ""category3"": ""반소매 티셔츠"", ""category3_code"": 272103101, ""is_new"": false, ""item_no"": 3328320, ""period_sort"": ""ONE_DAY"", ""platform"": ""29cm"", ""ranking_category_code"": ""272103100"", ""ranking_category_name"": ""남성의류>상의"", ""review_avg"": 5.0, ""sale_percent"": 34, ""sale_price"": 25900, ""sold_out"": false, ""url"": ""https://product.29cm.co.kr/catalog/3328320""}",2026-10-04T13:00:06+00:00_caa7d0f3
2026-10-04T22:00:06+09:00,2026-10-04T13:00:07+00:00,commerce_rank,(NEW컬러) 핀터 크롭 하프 티셔츠 - 9 COLOR,29cm:3328320@272103100,rank,23.0,"{""brand_eng"": ""SUARE"", ""brand_kor"": ""수아레"", ""brand_no"": 5548, ""category1"": ""남성의류"", ""category2"": ""상의"", ""category3"": ""반소매 티셔츠"", ""category3_code"": 272103101, ""is_new"": false, ""item_no"": 3328320, ""period_sort"": ""ONE_DAY"", ""platform"": ""29cm"", ""ranking_category_code"": ""272103100"", ""ranking_category_name"": ""남성의류>상의"", ""review_avg"": 5.0, ""sale_percent"": 34, ""sale_price"": 25900, ""sold_out"": false, ""url"": ""https://product.29cm.co.kr/catalog/3328320""}",2026-10-04T13:00:06+00:00_caa7d0f3
2026-10-04T22:00:06+09:00,2026-10-04T13:00:07+00:00,commerce_rank,Tompkins Loopwheeled Tubular Tee 4 Color,29cm:3354267,heart_count,5296.0,"{""brand_eng"": ""BRONSON"", ""brand_kor"": ""브론슨"", ""brand_no"": 89408, ""category1"": ""여성의류"", ""category2"": ""상의"", ""category3"": ""반소매 티셔츠"", ""category3_code"": 268103101, ""is_new"": false, ""item_no"": 3354267, ""period_sort"": ""ONE_DAY"", ""platform"": ""29cm"", ""ranking_category_code"": ""272103100"", ""ranking_category_name"": ""남성의류>상의"", ""review_avg"": 5.0, ""sale_percent"": 10, ""sale_price"": 40500, ""sold_out"": false, ""url"": ""https://product.29cm.co.kr/catalog/3354267""}",2026-10-04T13:00:06+00:00_caa7d0f3
2026-10-04T22:00:06+09:00,2026-10-04T13:00:07+00:00,commerce_rank,Tompkins Loopwheeled Tubular Tee 4 Color,29cm:3354267,review_count,854.0,"{""brand_eng"": ""BRONSON"", ""brand_kor"": ""브론슨"", ""brand_no"": 89408, ""category1"": ""여성의류"", ""category2"": ""상의"", ""category3"": ""반소매 티셔츠"", ""category3_code"": 268103101, ""is_new"": false, ""item_no"": 3354267, ""period_sort"": ""ONE_DAY"", ""platform"": ""29cm"", ""ranking_category_code"": ""272103100"", ""ranking_category_name"": ""남성의류>상의"", ""review_avg"": 5.0, ""sale_percent"": 10, ""sale_price"": 40500, ""sold_out"": false, ""url"": ""https://product.29cm.co.kr/catalog/3354267""}",2026-10-04T13:00:06+00:00_caa7d0f3
2026-10-04T22:00:06+09:00,2026-10-04T13:00:07+00:00,commerce_rank,Tompkins Loopwheeled Tubular Tee 4 Color,29cm:3354267@272103100,rank,3.0,"{""brand_eng"": ""BRONSON"", ""brand_kor"": ""브론슨"", ""brand_no"": 89408, ""category1"": ""여성의류"", ""category2"": ""상의"", ""category3"": ""반소매 티셔츠"", ""category3_code"": 268103101, ""is_new"": false, ""item_no"": 3354267, ""period_sort"": ""ONE_DAY"", ""platform"": ""29cm"", ""ranking_category_code"": ""272103100"", ""ranking_category_name"": ""남성의류>상의"", ""review_avg"": 5.0, ""sale_percent"": 10, ""sale_price"": 40500, ""sold_out"": false, ""url"": ""https://product.29cm.co.kr/catalog/3354267""}",2026-10-04T13:00:06+00:00_caa7d0f3
2026-10-04T22:00:06+09:00,2026-10-04T13:00:07+00:00,commerce_rank,Vintage Long Sleeve Henley Shirt Black,29cm:3354340,heart_count,2316.0,"{""brand_eng"": ""BRONSON"", ""brand_kor"": ""브론슨"", ""brand_no"": 89408, ""category1"": ""여성의류"", ""category2"": ""상의"", ""category3"": ""긴소매 티셔츠"", ""category3_code"": 268103102, ""is_new"": false, ""item_no"": 3354340, ""period_sort"": ""ONE_DAY"", ""platform"": ""29cm"", ""ranking_category_code"": ""272103100"", ""ranking_category_name"": ""남성의류>상의"", ""review_avg"": 5.0, ""sale_percent"": 10, ""sale_price"": 55800, ""sold_out"": false, ""url"": ""https://product.29cm.co.kr/catalog/3354340""}",2026-10-04T13:00:06+00:00_caa7d0f3
2026-10-04T22:00:06+09:00,2026-10-04T13:00:07+00:00,commerce_rank,Vintage Long Sleeve Henley Shirt Black,29cm:3354340,review_count,249.0,"{""brand_eng"": ""BRONSON"", ""brand_kor"": ""브론슨"", ""brand_no"": 89408, ""category1"": ""여성의류"", ""category2"": ""상의"", ""category3"": ""긴소매 티셔츠"", ""category3_code"": 268103102, ""is_new"": false, ""item_no"": 3354340, ""period_sort"": ""ONE_DAY"", ""platform"": ""29cm"", ""ranking_category_code"": ""272103100"", ""ranking_category_name"": ""남성의류>상의"", ""review_avg"": 5.0, ""sale_percent"": 10, ""sale_price"": 55800, ""sold_out"": false, ""url"": ""https://product.29cm.co.kr/catalog/3354340""}",2026-10-04T13:00:06+00:00_caa7d0f3
2026-10-04T22:00:06+09:00,2026-10-04T13:00:07+00:00,commerce_rank,Vintage Long Sleeve Henley Shirt Black,29cm:3354340@272103100,rank,5.0,"{""brand_eng"": ""BRONSON"", ""brand_kor"": ""브론슨"", ""brand_no"": 89408, ""category1"": ""여성의류"", ""category2"": ""상의"", ""category3"": ""긴소매 티셔츠"", ""category3_code"": 268103102, ""is_new"": false, ""item_no"": 3354340, ""period_sort"": ""ONE_DAY"", ""platform"": ""29cm"", ""ranking_category_code"": ""272103100"", ""ranking_category_name"": ""남성의류>상의"", ""review_avg"": 5.0, ""sale_percent"": 10, ""sale_price"": 55800, ""sold_out"": false, ""url"": ""https://product.29cm.co.kr/catalog/3354340""}",2026-10-04T13:00:06+00:00_caa7d0f3
2026-10-04T22:00:06+09:00,2026-10-04T13:00:07+00:00,commerce_rank,Vintage Long Sleeve Henley Shirt White,29cm:3354346,heart_count,500.0,"{""brand_eng"": ""BRONSON"", ""brand_kor"": ""브론슨"", ""brand_no"": 89408, ""category1"": ""여성의류"", ""category2"": ""상의"", ""category3"": ""긴소매 티셔츠"", ""category3_code"": 268103102, ""is_new"": false, ""item_no"": 3354346, ""period_sort"": ""ONE_DAY"", ""platform"": ""29cm"", ""ranking_category_code"": ""272103100"", ""ranking_category_name"": ""남성의류>상의"", ""review_avg"": 5.0, ""sale_percent"": 10, ""sale_price"": 55800, ""sold_out"": false, ""url"": ""https://product.29cm.co.kr/catalog/3354346""}",2026-10-04T13:00:06+00:00_caa7d0f3
2026-10-04T22:00:06+09:00,2026-10-04T13:00:07+00:00,commerce_rank,Vintage Long Sleeve Henley Shirt White,29cm:3354346,review_count,150.0,"{""brand_eng"": ""BRONSON"", ""brand_kor"": ""브론슨"", ""brand_no"": 89408, ""category1"": ""여성의류"", ""category2"": ""상의"", ""category3"": ""긴소매 티셔츠"", ""category3_code"": 268103102, ""is_new"": false, ""item_no"": 3354346, ""period_sort"": ""ONE_DAY"", ""platform"": ""29cm"", ""ranking_category_code"": ""272103100"", ""ranking_category_name"": ""남성의류>상의"", ""review_avg"": 5.0, ""sale_percent"": 10, ""sale_price"": 55800, ""sold_out"": false, ""url"": ""https://product.29cm.co.kr/catalog/3354346""}",2026-10-04T13:00:06+00:00_caa7d0f3
2026-10-04T22:00:06+09:00,2026-10-04T13:00:07+00:00,commerce_rank,Vintage Long Sleeve Henley Shirt White,29cm:3354346@272103100,rank,26.0,"{""brand_eng"": ""BRONSON"", ""brand_kor"": ""브론슨"", ""brand_no"": 89408, ""category1"": ""여성의류"", ""category2"": ""상의"", ""category3"": ""긴소매 티셔츠"", ""category3_code"": 268103102, ""is_new"": false, ""item_no"": 3354346, ""period_sort"": ""ONE_DAY"", ""platform"": ""29cm"", ""ranking_category_code"": ""272103100"", ""ranking_category_name"": ""남성의류>상의"", ""review_avg"": 5.0, ""sale_percent"": 10, ""sale_price"": 55800, ""sold_out"": false, ""url"": ""https://product.29cm.co.kr/catalog/3354346""}",2026-10-04T13:00:06+00:00_caa7d0f3
2026-10-04T22:00:06+09:00,2026-10-04T13:00:07+00:00,commerce_rank,10.5 oz Cotton Tank Top 3 Color,29cm:3354351,heart_count,1439.0,"{""brand_eng"": ""BRONSON"", ""brand_kor"": ""브론슨"", ""brand_no"": 89408, ""category1"": ""여성의류"", ""category2"": ""상의"", ""category3"": ""슬리브리스"", ""category3_code"": 268103103, ""is_new"": false, ""item_no"": 3354351, ""period_sort"": ""ONE_DAY"", ""platform"": ""29cm"", ""ranking_category_code"": ""272103100"", ""ranking_category_name"": ""남성의류>상의"", ""review_avg"": 5.0, ""sale_percent"": 10, ""sale_price"": 22500, ""sold_out"": false, ""url"": ""https://product.29cm.co.kr/catalog/3354351""}",2026-10-04T13:00:06+00:00_caa7d0f3
2026-10-04T22:00:06+09:00,2026-10-04T13:00:07+00:00,commerce_rank,10.5 oz Cotton Tank Top 3 Color,29cm:3354351,review_count,190.0,"{""brand_eng"": ""BRONSON"", ""brand_kor"": ""브론슨"", ""brand_no"": 89408, ""category1"": ""여성의류"", ""category2"": ""상의"", ""category3"": ""슬리브리스"", ""category3_code"": 268103103, ""is_new"": false, ""item_no"": 3354351, ""period_sort"": ""ONE_DAY"", ""platform"": ""29cm"", ""ranking_category_code"": ""272103100"", ""ranking_category_name"": ""남성의류>상의"", ""review_avg"": 5.0, ""sale_percent"": 10, ""sale_price"": 22500, ""sold_out"": false, ""url"": ""https://product.29cm.co.kr/catalog/3354351""}",2026-10-04T13:00:06+00:00_caa7d0f3
2026-10-04T22:00:06+09:00,2026-10-04T13:00:07+00:00,commerce_rank,10.5 oz Cotton Tank Top 3 Color,29cm:3354351@272103100,rank,58.0,"{""brand_eng"": ""BRONSON"", ""brand_kor"": ""브론슨"", ""brand_no"": 89408, ""category1"": ""여성의류"", ""category2"": ""상의"", ""category3"": ""슬리브리스"", ""category3_code"": 268103103, ""is_new"": false, ""item_no"": 3354351, ""period_sort"": ""ONE_DAY"", ""platform"": ""29cm"", ""ranking_category_code"": ""272103100"", ""ranking_category_name"": ""남성의류>상의"", ""review_avg"": 5.0, ""sale_percent"": 10, ""sale_price"": 22500, ""sold_out"": false, ""url"": ""https://product.29cm.co.kr/catalog/3354351""}",2026-10-04T13:00:06+00:00_caa7d0f3
2026-10-04T22:00:06+09:00,2026-10-04T13:00:07+00:00,commerce_rank,Breton Stripe Long Sleeve Tee KR ver. A/N,29cm:3354355,heart_count,928.0,"{""brand_eng"": ""BRONSON"", ""brand_kor"": ""브론슨"", ""brand_no"": 89408, ""category1"": ""여성의류"", ""category2"": ""상의"", ""category3"": ""긴소매 티셔츠"", ""category3_code"": 268103102, ""is_new"": false, ""item_no"": 3354355, ""period_sort"": ""ONE_DAY"", ""platform"": ""29cm"", ""ranking_category_code"": ""272103100"", ""ranking_category_name"": ""남성의류>상의"", ""review_avg"": 5.0, ""sale_percent"": 10, ""sale_price"": 46800, ""sold_out"": false, ""url"": ""https://product.29cm.co.kr/catalog/3354355""}",2026-10-04T13:00:06+00:00_caa7d0f3
2026-10-04T22:00:06+09:00,2026-10-04T13:00:07+00:00,commerce_rank,Breton Stripe Long Sleeve Tee KR ver. A/N,29cm:3354355,review_count,107.0,"{""brand_eng"": ""BRONSON"", ""brand_kor"": ""브론슨"", ""brand_no"": 89408, ""category1"": ""여성의류"", ""category2"": ""상의"", ""category3"": ""긴소매 티셔츠"", ""category3_code"": 268103102, ""is_new"": false, ""item_no"": 3354355, ""period_sort"": ""ONE_DAY"", ""platform"": ""29cm"", ""ranking_category_code"": ""272103100"", ""ranking_category_name"": ""남성의류>상의"", ""review_avg"": 5.0, ""sale_percent"": 10, ""sale_price"": 46800, ""sold_out"": false, ""url"": ""https://product.29cm.co.kr/catalog/3354355""}",2026-10-04T13:00:06+00:00_caa7d0f3
2026-10-04T22:00:06+09:00,2026-10-04T13:00:07+00:00,commerce_rank,Breton Stripe Long Sleeve Tee KR ver. A/N,29cm:3354355@272103100,rank,17.0,"{""brand_eng"": ""BRONSON"", ""brand_kor"": ""브론슨"", ""brand_no"": 89408, ""category1"": ""여성의류"", ""category2"": ""상의"", ""category3"": ""긴소매 티셔츠"", ""category3_code"": 268103102, ""is_new"": false, ""item_no"": 3354355, ""period_sort"": ""ONE_DAY"", ""platform"": ""29cm"", ""ranking_category_code"": ""272103100"", ""ranking_category_name"": ""남성의류>상의"", ""review_avg"": 5.0, ""sale_percent"": 10, ""sale_price"": 46800, ""sold_out"": false, ""url"": ""https://product.29cm.co.kr/catalog/3354355""}",2026-10-04T13:00:06+00:00_caa7d0f3
2026-10-04T22:00:06+09:00,2026-10-04T13:00:07+00:00,commerce_rank,Blue Chambray Work Shirt KR Ver. Light Indigo,29cm:3354494,heart_count,1291.0,"{""brand_eng"": ""BRONSON"", ""brand_kor"": ""브론슨"", ""brand_no"": 89408, ""category1"": ""남성의류"", ""category2"": ""상의"", ""category3"": ""긴소매 셔츠"", ""category3_code"": 272103106, ""is_new"": false, ""item_no"": 3354494, ""period_sort"": ""ONE_DAY"", ""platform"": ""29cm"", ""ranking_category_code"": ""272103100"", ""ranking_category_name"": ""남성의류>상의"", ""review_avg"": 5.0, ""sale_percent"": 10, ""sale_price"": 66600, ""sold_out"": false, ""url"": ""https://product.29cm.co.kr/catalog/3354494""}",2026-10-04T13:00:06+00:00_caa7d0f3
2026-10-04T22:00:06+09:00,2026-10-04T13:00:07+00:00,commerce_rank,Blue Chambray Work Shirt KR Ver. Light Indigo,29cm:3354494,review_count,132.0,"{""brand_eng"": ""BRONSON"", ""brand_kor"": ""브론슨"", ""brand_no"": 89408, ""category1"": ""남성의류"", ""category2"": ""상의"", ""category3"": ""긴소매 셔츠"", ""category3_code"": 272103106, ""is_new"": false, ""item_no"": 3354494, ""period_sort"": ""ONE_DAY"", ""platform"": ""29cm"", ""ranking_category_code"": ""272103100"", ""ranking_category_name"": ""남성의류>상의"", ""review_avg"": 5.0, ""sale_percent"": 10, ""sale_price"": 66600, ""sold_out"": false, ""url"": ""https://product.29cm.co.kr/catalog/3354494""}",2026-10-04T13:00:06+00:00_caa7d0f3
2026-10-04T22:00:06+09:00,2026-10-04T13:00:07+00:00,commerce_rank,Blue Chambray Work Shirt KR Ver. Light Indigo,29cm:3354494@272103100,rank,21.0,"{""brand_eng"": ""BRONSON"", ""brand_kor"": ""브론슨"", ""brand_no"": 89408, ""category1"": ""남성의류"", ""category2"": ""상의"", ""category3"": ""긴소매 셔츠"", ""category3_code"": 272103106, ""is_new"": false, ""item_no"": 3354494, ""period_sort"": ""ONE_DAY"", ""platform"": ""29cm"", ""ranking_category_code"": ""272103100"", ""ranking_category_name"": ""남성의류>상의"", ""review_avg"": 5.0, ""sale_percent"": 10, ""sale_price"": 66600, ""sold_out"": false, ""url"": ""https://product.29cm.co.kr/catalog/3354494""}",2026-10-04T13:00:06+00:00_caa7d0f3
2026-10-04T22:00:06+09:00,2026-10-04T13:00:07+00:00,commerce_rank,9oz USA Cotton Tubular Tee Grey,29cm:3355094,heart_count,701.0,"{""brand_eng"": ""BRONSON"", ""brand_kor"": ""브론슨"", ""brand_no"": 89408, ""category1"": ""여성의류"", ""category2"": ""상의"", ""category3"": ""반소매 티셔츠"", ""category3_code"": 268103101, ""is_new"": false, ""item_no"": 3355094, ""period_sort"": ""ONE_DAY"", ""platform"": ""29cm"", ""ranking_category_code"": ""272103100"", ""ranking_category_name"": ""남성의류>상의"", ""review_avg"": 5.0, ""sale_percent"": 28, ""sale_price"": 25200, ""sold_out"": false, ""url"": ""https://product.29cm.co.kr/catalog/3355094""}",2026-10-04T13:00:06+00:00_caa7d0f3
2026-10-04T22:00:06+09:00,2026-10-04T13:00:07+00:00,commerce_rank,9oz USA Cotton Tubular Tee Grey,29cm:3355094,review_count,109.0,"{""brand_eng"": ""BRONSON"", ""brand_kor"": ""브론슨"", ""brand_no"": 89408, ""category1"": ""여성의류"", ""category2"": ""상의"", ""category3"": ""반소매 티셔츠"", ""category3_code"": 268103101, ""is_new"": false, ""item_no"": 3355094, ""period_sort"": ""ONE_DAY"", ""platform"": ""29cm"", ""ranking_category_code"": ""272103100"", ""ranking_category_name"": ""남성의류>상의"", ""review_avg"": 5.0, ""sale_percent"": 28, ""sale_price"": 25200, ""sold_out"": false, ""url"": ""https://product.29cm.co.kr/catalog/3355094""}",2026-10-04T13:00:06+00:00_caa7d0f3
2026-10-04T22:00:06+09:00,2026-10-04T13:00:07+00:00,commerce_rank,9oz USA Cotton Tubular Tee Grey,29cm:3355094@272103100,rank,87.0,"{""brand_eng"": ""BRONSON"", ""brand_kor"": ""브론슨"", ""brand_no"": 89408, ""category1"": ""여성의류"", ""category2"": ""상의"", ""category3"": ""반소매 티셔츠"", ""category3_code"": 268103101, ""is_new"": false, ""item_no"": 3355094, ""period_sort"": ""ONE_DAY"", ""platform"": ""29cm"", ""ranking_category_code"": ""272103100"", ""ranking_category_name"": ""남성의류>상의"", ""review_avg"": 5.0, ""sale_percent"": 28, ""sale_price"": 25200, ""sold_out"": false, ""url"": ""https://product.29cm.co.kr/catalog/3355094""}",2026-10-04T13:00:06+00:00_caa7d0f3
2026-10-04T22:00:06+09:00,2026-10-04T13:00:07+00:00,commerce_rank,9oz USA Cotton Tubular Tee Black,29cm:3355100,heart_count,533.0,"{""brand_eng"": ""BRONSON"", ""brand_kor"": ""브론슨"", ""brand_no"": 89408, ""category1"": ""여성의류"", ""category2"": ""상의"", ""category3"": ""반소매 티셔츠"", ""category3_code"": 268103101, ""is_new"": false, ""item_no"": 3355100, ""period_sort"": ""ONE_DAY"", ""platform"": ""29cm"", ""ranking_category_code"": ""272103100"", ""ranking_category_name"": ""남성의류>상의"", ""review_avg"": 5.0, ""sale_percent"": 28, ""sale_price"": 25200, ""sold_out"": false, ""url"": ""https://product.29cm.co.kr/catalog/3355100""}",2026-10-04T13:00:06+00:00_caa7d0f3
2026-10-04T22:00:06+09:00,2026-10-04T13:00:07+00:00,commerce_rank,9oz USA Cotton Tubular Tee Black,29cm:3355100,review_count,106.0,"{""brand_eng"": ""BRONSON"", ""brand_kor"": ""브론슨"", ""brand_no"": 89408, ""category1"": ""여성의류"", ""category2"": ""상의"", ""category3"": ""반소매 티셔츠"", ""category3_code"": 268103101, ""is_new"": false, ""item_no"": 3355100, ""period_sort"": ""ONE_DAY"", ""platform"": ""29cm"", ""ranking_category_code"": ""272103100"", ""ranking_category_name"": ""남성의류>상의"", ""review_avg"": 5.0, ""sale_percent"": 28, ""sale_price"": 25200, ""sold_out"": false, ""url"": ""https://product.29cm.co.kr/catalog/3355100""}",2026-10-04T13:00:06+00:00_caa7d0f3
2026-10-04T22:00:06+09:00,2026-10-04T13:00:07+00:00,commerce_rank,9oz USA Cotton Tubular Tee Black,29cm:3355100@272103100,rank,7.0,"{""brand_eng"": ""BRONSON"", ""brand_kor"": ""브론슨"", ""brand_no"": 89408, ""category1"": ""여성의류"", ""category2"": ""상의"", ""category3"": ""반소매 티셔츠"", ""category3_code"": 268103101, ""is_new"": false, ""item_no"": 3355100, ""period_sort"": ""ONE_DAY"", ""platform"": ""29cm"", ""ranking_category_code"": ""272103100"", ""ranking_category_name"": ""남성의류>상의"", ""review_avg"": 5.0, ""sale_percent"": 28, ""sale_price"": 25200, ""sold_out"": false, ""url"": ""https://product.29cm.co.kr/catalog/3355100""}",2026-10-04T13:00:06+00:00_caa7d0f3
2026-10-04T22:00:06+09:00,2026-10-04T13:00:07+00:00,commerce_rank,9oz USA Cotton Tubular Tee Vintage Black,29cm:3355129,heart_count,196.0,"{""brand_eng"": ""BRONSON"", ""brand_kor"": ""브론슨"", ""brand_no"": 89408, ""category1"": ""여성의류"", ""category2"": ""상의"", ""category3"": ""반소매 티셔츠"", ""category3_code"": 268103101, ""is_new"": false, ""item_no"": 3355129, ""period_sort"": ""ONE_DAY"", ""platform"": ""29cm"", ""ranking_category_code"": ""272103100"", ""ranking_category_name"": ""남성의류>상의"", ""review_avg"": 4.5, ""sale_percent"": 14, ""sale_price"": 29930, ""sold_out"": false, ""url"": ""https://product.29cm.co.kr/catalog/3355129""}",2026-10-04T13:00:06+00:00_caa7d0f3
2026-10-04T22:00:06+09:00,2026-10-04T13:00:07+00:00,commerce_rank,9oz USA Cotton Tubular Tee Vintage Black,29cm:3355129,review_count,49.0,"{""brand_eng"": ""BRONSON"", ""brand_kor"": ""브론슨"", ""brand_no"": 89408, ""category1"": ""여성의류"", ""category2"": ""상의"", ""category3"": ""반소매 티셔츠"", ""category3_code"": 268103101, ""is_new"": false, ""item_no"": 3355129, ""period_sort"": ""ONE_DAY"", ""platform"": ""29cm"", ""ranking_category_code"": ""272103100"", ""ranking_category_name"": ""남성의류>상의"", ""review_avg"": 4.5, ""sale_percent"": 14, ""sale_price"": 29930, ""sold_out"": false, ""url"": ""https://product.29cm.co.kr/catalog/3355129""}",2026-10-04T13:00:06+00:00_caa7d0f3
2026-10-04T22:00:06+09:00,2026-10-04T13:00:07+00:00,commerce_rank,9oz USA Cotton Tubular Tee Vintage Black,29cm:3355129@272103100,rank,18.0,"{""brand_eng"": ""BRONSON"", ""brand_kor"": ""브론슨"", ""brand_no"": 89408, ""category1"": ""여성의류"", ""category2"": ""상의"", ""category3"": ""반소매 티셔츠"", ""category3_code"": 268103101, ""is_new"": false, ""item_no"": 3355129, ""period_sort"": ""ONE_DAY"", ""platform"": ""29cm"", ""ranking_category_code"": ""272103100"", ""ranking_category_name"": ""남성의류>상의"", ""review_avg"": 4.5, ""sale_percent"": 14, ""sale_price"": 29930, ""sold_out"": false, ""url"": ""https://product.29cm.co.kr/catalog/3355129""}",2026-10-04T13:00:06+00:00_caa7d0f3
2026-10-04T22:00:06+09:00,2026-10-04T13:00:07+00:00,commerce_rank,9oz USA Cotton Tubular Tee White,29cm:3355216,heart_count,1310.0,"{""brand_eng"": ""BRONSON"", ""brand_kor"": ""브론슨"", ""brand_no"": 89408, ""category1"": ""여성의류"", ""category2"": ""상의"", ""category3"": ""반소매 티셔츠"", ""category3_code"": 268103101, ""is_new"": false, ""item_no"": 3355216, ""period_sort"": ""ONE_DAY"", ""platform"": ""29cm"", ""ranking_category_code"": ""272103100"", ""ranking_category_name"": ""남성의류>상의"", ""review_avg"": 5.0, ""sale_percent"": 28, ""sale_price"": 25200, ""sold_out"": false, ""url"": ""https://product.29cm.co.kr/catalog/3355216""}",2026-10-04T13:00:06+00:00_caa7d0f3
2026-10-04T22:00:06+09:00,2026-10-04T13:00:07+00:00,commerce_rank,9oz USA Cotton Tubular Tee White,29cm:3355216,review_count,222.0,"{""brand_eng"": ""BRONSON"", ""brand_kor"": ""브론슨"", ""brand_no"": 89408, ""category1"": ""여성의류"", ""category2"": ""상의"", ""category3"": ""반소매 티셔츠"", ""category3_code"": 268103101, ""is_new"": false, ""item_no"": 3355216, ""period_sort"": ""ONE_DAY"", ""platform"": ""29cm"", ""ranking_category_code"": ""272103100"", ""ranking_category_name"": ""남성의류>상의"", ""review_avg"": 5.0, ""sale_percent"": 28, ""sale_price"": 25200, ""sold_out"": false, ""url"": ""https://product.29cm.co.kr/catalog/3355216""}",2026-10-04T13:00:06+00:00_caa7d0f3
2026-10-04T22:00:06+09:00,2026-10-04T13:00:07+00:00,commerce_rank,9oz USA Cotton Tubular Tee White,29cm:3355216@272103100,rank,2.0,"{""brand_eng"": ""BRONSON"", ""brand_kor"": ""브론슨"", ""brand_no"": 89408, ""category1"": ""여성의류"", ""category2"": ""상의"", ""category3"": ""반소매 티셔츠"", ""category3_code"": 268103101, ""is_new"": false, ""item_no"": 3355216, ""period_sort"": ""ONE_DAY"", ""platform"": ""29cm"", ""ranking_category_code"": ""272103100"", ""ranking_category_name"": ""남성의류>상의"", ""review_avg"": 5.0, ""sale_percent"": 28, ""sale_price"": 25200, ""sold_out"": false, ""url"": ""https://product.29cm.co.kr/catalog/3355216""}",2026-10-04T13:00:06+00:00_caa7d0f3
2026-10-04T22:00:06+09:00,2026-10-04T13:00:06+00:00,commerce_rank,G COMFORT HOODIE_3 Colors,29cm:3364815,heart_count,9783.0,"{""brand_eng"": ""GLOWNY"", ""brand_kor"": ""글로니"", ""brand_no"": 16723, ""category1"": ""여성의류"", ""category2"": ""단독"", ""category3"": ""상의"", ""category3_code"": 268116101, ""is_new"": false, ""item_no"": 3364815, ""period_sort"": ""ONE_DAY"", ""platform"": ""29cm"", ""ranking_category_code"": ""268103100"", ""ranking_category_name"": ""여성의류>상의"", ""review_avg"": 5.0, ""sale_percent"": 0, ""sale_price"": 62000, ""sold_out"": false, ""url"": ""https://product.29cm.co.kr/catalog/3364815""}",2026-10-04T13:00:06+00:00_caa7d0f3
2026-10-04T22:00:06+09:00,2026-10-04T13:00:06+00:00,commerce_rank,G COMFORT HOODIE_3 Colors,29cm:3364815,review_count,378.0,"{""brand_eng"": ""GLOWNY"", ""brand_kor"": ""글로니"", ""brand_no"": 16723, ""category1"": ""여성의류"", ""category2"": ""단독"", ""category3"": ""상의"", ""category3_code"": 268116101, ""is_new"": false, ""item_no"": 3364815, ""period_sort"": ""ONE_DAY"", ""platform"": ""29cm"", ""ranking_category_code"": ""268103100"", ""ranking_category_name"": ""여성의류>상의"", ""review_avg"": 5.0, ""sale_percent"": 0, ""sale_price"": 62000, ""sold_out"": false, ""url"": ""https://product.29cm.co.kr/catalog/3364815""}",2026-10-04T13:00:06+00:00_caa7d0f3
2026-10-04T22:00:06+09:00,2026-10-04T13:00:06+00:00,commerce_rank,G COMFORT HOODIE_3 Colors,29cm:3364815@268103100,rank,61.0,"{""brand_eng"": ""GLOWNY"", ""brand_kor"": ""글로니"", ""brand_no"": 16723, ""category1"": ""여성의류"", ""category2"": ""단독"", ""category3"": ""상의"", ""category3_code"": 268116101, ""is_new"": false, ""item_no"": 3364815, ""period_sort"": ""ONE_DAY"", ""platform"": ""29cm"", ""ranking_category_code"": ""268103100"", ""ranking_category_name"": ""여성의류>상의"", ""review_avg"": 5.0, ""sale_percent"": 0, ""sale_price"": 62000, ""sold_out"": false, ""url"": ""https://product.29cm.co.kr/catalog/3364815""}",2026-10-04T13:00:06+00:00_caa7d0f3
2026-10-04T22:00:06+09:00,2026-10-04T13:00:06+00:00,commerce_rank,[닝닝 착용] 3/4 BUTTON FLY TEE_3 Colors,29cm:3364834,heart_count,23023.0,"{""brand_eng"": ""GLOWNY"", ""brand_kor"": ""글로니"", ""brand_no"": 16723, ""category1"": ""여성의류"", ""category2"": ""단독"", ""category3"": ""상의"", ""category3_code"": 268116101, ""is_new"": false, ""item_no"": 3364834, ""period_sort"": ""ONE_DAY"", ""platform"": ""29cm"", ""ranking_category_code"": ""268103100"", ""ranking_category_name"": ""여성의류>상의"", ""review_avg"": 5.0, ""sale_percent"": 0, ""sale_price"": 50000, ""sold_out"": false, ""url"": ""https://product.29cm.co.kr/catalog/3364834""}",2026-10-04T13:00:06+00:00_caa7d0f3
2026-10-04T22:00:06+09:00,2026-10-04T13:00:06+00:00,commerce_rank,[닝닝 착용] 3/4 BUTTON FLY TEE_3 Colors,29cm:3364834,review_count,1009.0,"{""brand_eng"": ""GLOWNY"", ""brand_kor"": ""글로니"", ""brand_no"": 16723, ""category1"": ""여성의류"", ""category2"": ""단독"", ""category3"": ""상의"", ""category3_code"": 268116101, ""is_new"": false, ""item_no"": 3364834, ""period_sort"": ""ONE_DAY"", ""platform"": ""29cm"", ""ranking_category_code"": ""268103100"", ""ranking_category_name"": ""여성의류>상의"", ""review_avg"": 5.0, ""sale_percent"": 0, ""sale_price"": 50000, ""sold_out"": false, ""url"": ""https://product.29cm.co.kr/catalog/3364834""}",2026-10-04T13:00:06+00:00_caa7d0f3
2026-10-04T22:00:06+09:00,2026-10-04T13:00:06+00:00,commerce_rank,[닝닝 착용] 3/4 BUTTON FLY TEE_3 Colors,29cm:3364834@268103100,rank,8.0,"{""brand_eng"": ""GLOWNY"", ""brand_kor"": ""글로니"", ""brand_no"": 16723, ""category1"": ""여성의류"", ""category2"": ""단독"", ""category3"": ""상의"", ""category3_code"": 268116101, ""is_new"": false, ""item_no"": 3364834, ""period_sort"": ""ONE_DAY"", ""platform"": ""29cm"", ""ranking_category_code"": ""268103100"", ""ranking_category_name"": ""여성의류>상의"", ""review_avg"": 5.0, ""sale_percent"": 0, ""sale_price"": 50000, ""sold_out"": false, ""url"": ""https://product.29cm.co.kr/catalog/3364834""}",2026-10-04T13:00:06+00:00_caa7d0f3
2026-10-04T22:00:06+09:00,2026-10-04T13:00:07+00:00,commerce_rank,Heavyweight Waffle Cotton Underwear Grey,29cm:3388472,heart_count,491.0,"{""brand_eng"": ""BRONSON"", ""brand_kor"": ""브론슨"", ""brand_no"": 89408, ""category1"": ""여성의류"", ""category2"": ""상의"", ""category3"": ""긴소매 티셔츠"", ""category3_code"": 268103102, ""is_new"": false, ""item_no"": 3388472, ""period_sort"": ""ONE_DAY"", ""platform"": ""29cm"", ""ranking_category_code"": ""272103100"", ""ranking_category_name"": ""남성의류>상의"", ""review_avg"": 5.0, ""sale_percent"": 10, ""sale_price"": 48600, ""sold_out"": false, ""url"": ""https://product.29cm.co.kr/catalog/3388472""}",2026-10-04T13:00:06+00:00_caa7d0f3
2026-10-04T22:00:06+09:00,2026-10-04T13:00:07+00:00,commerce_rank,Heavyweight Waffle Cotton Underwear Grey,29cm:3388472,review_count,32.0,"{""brand_eng"": ""BRONSON"", ""brand_kor"": ""브론슨"", ""brand_no"": 89408, ""category1"": ""여성의류"", ""category2"": ""상의"", ""category3"": ""긴소매 티셔츠"", ""category3_code"": 268103102, ""is_new"": false, ""item_no"": 3388472, ""period_sort"": ""ONE_DAY"", ""platform"": ""29cm"", ""ranking_category_code"": ""272103100"", ""ranking_category_name"": ""남성의류>상의"", ""review_avg"": 5.0, ""sale_percent"": 10, ""sale_price"": 48600, ""sold_out"": false, ""url"": ""https://product.29cm.co.kr/catalog/3388472""}",2026-10-04T13:00:06+00:00_caa7d0f3
2026-10-04T22:00:06+09:00,2026-10-04T13:00:07+00:00,commerce_rank,Heavyweight Waffle Cotton Underwear Grey,29cm:3388472@272103100,rank,27.0,"{""brand_eng"": ""BRONSON"", ""brand_kor"": ""브론슨"", ""brand_no"": 89408, ""category1"": ""여성의류"", ""category2"": ""상의"", ""category3"": ""긴소매 티셔츠"", ""category3_code"": 268103102, ""is_new"": false, ""item_no"": 3388472, ""period_sort"": ""ONE_DAY"", ""platform"": ""29cm"", ""ranking_category_code"": ""272103100"", ""ranking_category_name"": ""남성의류>상의"", ""review_avg"": 5.0, ""sale_percent"": 10, ""sale_price"": 48600, ""sold_out"": false, ""url"": ""https://product.29cm.co.kr/catalog/3388472""}",2026-10-04T13:00:06+00:00_caa7d0f3
2026-10-04T22:00:06+09:00,2026-10-04T13:00:06+00:00,commerce_rank,Reversible 3/4 Sleeve Tee_Ivory,29cm:3410565,heart_count,21241.0,"{""brand_eng"": ""108POUND"", ""brand_kor"": ""108파운드"", ""brand_no"": 86198, ""category1"": ""여성의류"", ""category2"": ""상의"", ""category3"": ""긴소매 티셔츠"", ""category3_code"": 268103102, ""is_new"": false, ""item_no"": 3410565, ""period_sort"": ""ONE_DAY"", ""platform"": ""29cm"", ""ranking_category_code"": ""268103100"", ""ranking_category_name"": ""여성의류>상의"", ""review_avg"": 4.5, ""sale_percent"": 23, ""sale_price"": 29840, ""sold_out"": false, ""url"": ""https://product.29cm.co.kr/catalog/3410565""}",2026-10-04T13:00:06+00:00_caa7d0f3
2026-10-04T22:00:06+09:00,2026-10-04T13:00:06+00:00,commerce_rank,Reversible 3/4 Sleeve Tee_Ivory,29cm:3410565,review_count,960.0,"{""brand_eng"": ""108POUND"", ""brand_kor"": ""108파운드"", ""brand_no"": 86198, ""category1"": ""여성의류"", ""category2"": ""상의"", ""category3"": ""긴소매 티셔츠"", ""category3_code"": 268103102, ""is_new"": false, ""item_no"": 3410565, ""period_sort"": ""ONE_DAY"", ""platform"": ""29cm"", ""ranking_category_code"": ""268103100"", ""ranking_category_name"": ""여성의류>상의"", ""review_avg"": 4.5, ""sale_percent"": 23, ""sale_price"": 29840, ""sold_out"": false, ""url"": ""https://product.29cm.co.kr/catalog/3410565""}",2026-10-04T13:00:06+00:00_caa7d0f3
2026-10-04T22:00:06+09:00,2026-10-04T13:00:06+00:00,commerce_rank,Reversible 3/4 Sleeve Tee_Ivory,29cm:3410565@268103100,rank,21.0,"{""brand_eng"": ""108POUND"", ""brand_kor"": ""108파운드"", ""brand_no"": 86198, ""category1"": ""여성의류"", ""category2"": ""상의"", ""category3"": ""긴소매 티셔츠"", ""category3_code"": 268103102, ""is_new"": false, ""item_no"": 3410565, ""period_sort"": ""ONE_DAY"", ""platform"": ""29cm"", ""ranking_category_code"": ""268103100"", ""ranking_category_name"": ""여성의류>상의"", ""review_avg"": 4.5, ""sale_percent"": 23, ""sale_price"": 29840, ""sold_out"": false, ""url"": ""https://product.29cm.co.kr/catalog/3410565""}",2026-10-04T13:00:06+00:00_caa7d0f3
2026-10-04T22:00:06+09:00,2026-10-04T13:00:06+00:00,commerce_rank,Essential Layered Long Sleeve [Ivory],29cm:3411199,heart_count,2645.0,"{""brand_eng"": ""RoséFrantz"", ""brand_kor"": ""로제프란츠"", ""brand_no"": 14310, ""category1"": ""여성의류"", ""category2"": ""상의"", ""category3"": ""긴소매 티셔츠"", ""category3_code"": 268103102, ""is_new"": false, ""item_no"": 3411199, ""period_sort"": ""ONE_DAY"", ""platform"": ""29cm"", ""ranking_category_code"": ""268103100"", ""ranking_category_name"": ""여성의류>상의"", ""review_avg"": 5.0, ""sale_percent"": 28, ""sale_price"": 33120, ""sold_out"": false, ""url"": ""https://product.29cm.co.kr/catalog/3411199""}",2026-10-04T13:00:06+00:00_caa7d0f3
2026-10-04T22:00:06+09:00,2026-10-04T13:00:06+00:00,commerce_rank,Essential Layered Long Sleeve [Ivory],29cm:3411199,review_count,138.0,"{""brand_eng"": ""RoséFrantz"", ""brand_kor"": ""로제프란츠"", ""brand_no"": 14310, ""category1"": ""여성의류"", ""category2"": ""상의"", ""category3"": ""긴소매 티셔츠"", ""category3_code"": 268103102, ""is_new"": false, ""item_no"": 3411199, ""period_sort"": ""ONE_DAY"", ""platform"": ""29cm"", ""ranking_category_code"": ""268103100"", ""ranking_category_name"": ""여성의류>상의"", ""review_avg"": 5.0, ""sale_percent"": 28, ""sale_price"": 33120, ""sold_out"": false, ""url"": ""https://product.29cm.co.kr/catalog/3411199""}",2026-10-04T13:00:06+00:00_caa7d0f3
2026-10-04T22:00:06+09:00,2026-10-04T13:00:06+00:00,commerce_rank,Essential Layered Long Sleeve [Ivory],29cm:3411199@268103100,rank,89.0,"{""brand_eng"": ""RoséFrantz"", ""brand_kor"": ""로제프란츠"", ""brand_no"": 14310, ""category1"": ""여성의류"", ""category2"": ""상의"", ""category3"": ""긴소매 티셔츠"", ""category3_code"": 268103102, ""is_new"": false, ""item_no"": 3411199, ""period_sort"": ""ONE_DAY"", ""platform"": ""29cm"", ""ranking_category_code"": ""268103100"", ""ranking_category_name"": ""여성의류>상의"", ""review_avg"": 5.0, ""sale_percent"": 28, ""sale_price"": 33120, ""sold_out"": false, ""url"": ""https://product.29cm.co.kr/catalog/3411199""}",2026-10-04T13:00:06+00:00_caa7d0f3
2026-10-04T22:00:06+09:00,2026-10-04T13:00:06+00:00,commerce_rank,Henley Neck Stripe Long Sleeve Black,29cm:3429540,heart_count,8807.0,"{""brand_eng"": ""partimento"", ""brand_kor"": ""파르티멘토"", ""brand_no"": 1588, ""category1"": ""여성의류"", ""category2"": ""상의"", ""category3"": ""긴소매 티셔츠"", ""category3_code"": 268103102, ""is_new"": false, ""item_no"": 3429540, ""period_sort"": ""ONE_DAY"", ""platform"": ""29cm"", ""ranking_category_code"": ""268103100"", ""ranking_category_name"": ""여성의류>상의"", ""review_avg"": 5.0, ""sale_percent"": 33, ""sale_price"": 32850, ""sold_out"": false, ""url"": ""https://product.29cm.co.kr/catalog/3429540""}",2026-10-04T13:00:06+00:00_caa7d0f3
2026-10-04T22:00:06+09:00,2026-10-04T13:00:06+00:00,commerce_rank,Henley Neck Stripe Long Sleeve Black,29cm:3429540,review_count,434.0,"{""brand_eng"": ""partimento"", ""brand_kor"": ""파르티멘토"", ""brand_no"": 1588, ""category1"": ""여성의류"", ""category2"": ""상의"", ""category3"": ""긴소매 티셔츠"", ""category3_code"": 268103102, ""is_new"": false, ""item_no"": 3429540, ""period_sort"": ""ONE_DAY"", ""platform"": ""29cm"", ""ranking_category_code"": ""268103100"", ""ranking_category_name"": ""여성의류>상의"", ""review_avg"": 5.0, ""sale_percent"": 33, ""sale_price"": 32850, ""sold_out"": false, ""url"": ""https://product.29cm.co.kr/catalog/3429540""}",2026-10-04T13:00:06+00:00_caa7d0f3
2026-10-04T22:00:06+09:00,2026-10-04T13:00:06+00:00,commerce_rank,Henley Neck Stripe Long Sleeve Black,29cm:3429540@268103100,rank,5.0,"{""brand_eng"": ""partimento"", ""brand_kor"": ""파르티멘토"", ""brand_no"": 1588, ""category1"": ""여성의류"", ""category2"": ""상의"", ""category3"": ""긴소매 티셔츠"", ""category3_code"": 268103102, ""is_new"": false, ""item_no"": 3429540, ""period_sort"": ""ONE_DAY"", ""platform"": ""29cm"", ""ranking_category_code"": ""268103100"", ""ranking_category_name"": ""여성의류>상의"", ""review_avg"": 5.0, ""sale_percent"": 33, ""sale_price"": 32850, ""sold_out"": false, ""url"": ""https://product.29cm.co.kr/catalog/3429540""}",2026-10-04T13:00:06+00:00_caa7d0f3
2026-10-04T22:00:06+09:00,2026-10-04T13:00:06+00:00,commerce_rank,Circle Star Layered Long Sleeve Black,29cm:3429552,heart_count,7235.0,"{""brand_eng"": ""partimento"", ""brand_kor"": ""파르티멘토"", ""brand_no"": 1588, ""category1"": ""여성의류"", ""category2"": ""상의"", ""category3"": ""긴소매 티셔츠"", ""category3_code"": 268103102, ""is_new"": false, ""item_no"": 3429552, ""period_sort"": ""ONE_DAY"", ""platform"": ""29cm"", ""ranking_category_code"": ""268103100"", ""ranking_category_name"": ""여성의류>상의"", ""review_avg"": 5.0, ""sale_percent"": 33, ""sale_price"": 32850, ""sold_out"": false, ""url"": ""https://product.29cm.co.kr/catalog/3429552""}",2026-10-04T13:00:06+00:00_caa7d0f3
2026-10-04T22:00:06+09:00,2026-10-04T13:00:06+00:00,commerce_rank,Circle Star Layered Long Sleeve Black,29cm:3429552,review_count,491.0,"{""brand_eng"": ""partimento"", ""brand_kor"": ""파르티멘토"", ""brand_no"": 1588, ""category1"": ""여성의류"", ""category2"": ""상의"", ""category3"": ""긴소매 티셔츠"", ""category3_code"": 268103102, ""is_new"": false, ""item_no"": 3429552, ""period_sort"": ""ONE_DAY"", ""platform"": ""29cm"", ""ranking_category_code"": ""268103100"", ""ranking_category_name"": ""여성의류>상의"", ""review_avg"": 5.0, ""sale_percent"": 33, ""sale_price"": 32850, ""sold_out"": false, ""url"": ""https://product.29cm.co.kr/catalog/3429552""}",2026-10-04T13:00:06+00:00_caa7d0f3
2026-10-04T22:00:06+09:00,2026-10-04T13:00:06+00:00,commerce_rank,Circle Star Layered Long Sleeve Black,29cm:3429552@268103100,rank,41.0,"{""brand_eng"": ""partimento"", ""brand_kor"": ""파르티멘토"", ""brand_no"": 1588, ""category1"": ""여성의류"", ""category2"": ""상의"", ""category3"": ""긴소매 티셔츠"", ""category3_code"": 268103102, ""is_new"": false, ""item_no"": 3429552, ""period_sort"": ""ONE_DAY"", ""platform"": ""29cm"", ""ranking_category_code"": ""268103100"", ""ranking_category_name"": ""여성의류>상의"", ""review_avg"": 5.0, ""sale_percent"": 33, ""sale_price"": 32850, ""sold_out"": false, ""url"": ""https://product.29cm.co.kr/catalog/3429552""}",2026-10-04T13:00:06+00:00_caa7d0f3
2026-10-04T22:00:06+09:00,2026-10-04T13:00:07+00:00,commerce_rank,TG3-SH13 블랙 워시드 데님 셔츠,29cm:3434711,heart_count,768.0,"{""brand_eng"": ""THOMAS MORE"", ""brand_kor"": ""토마스모어"", ""brand_no"": 2111, ""category1"": ""남성의류"", ""category2"": ""상의"", ""category3"": ""긴소매 셔츠"", ""category3_code"": 272103106, ""is_new"": false, ""item_no"": 3434711, ""period_sort"": ""ONE_DAY"", ""platform"": ""29cm"", ""ranking_category_code"": ""272103100"", ""ranking_category_name"": ""남성의류>상의"", ""review_avg"": 4.5, ""sale_percent"": 0, ""sale_price"": 67500, ""sold_out"": false, ""url"": ""https://product.29cm.co.kr/catalog/3434711""}",2026-10-04T13:00:06+00:00_caa7d0f3
2026-10-04T22:00:06+09:00,2026-10-04T13:00:07+00:00,commerce_rank,TG3-SH13 블랙 워시드 데님 셔츠,29cm:3434711,review_count,51.0,"{""brand_eng"": ""THOMAS MORE"", ""brand_kor"": ""토마스모어"", ""brand_no"": 2111, ""category1"": ""남성의류"", ""category2"": ""상의"", ""category3"": ""긴소매 셔츠"", ""category3_code"": 272103106, ""is_new"": false, ""item_no"": 3434711, ""period_sort"": ""ONE_DAY"", ""platform"": ""29cm"", ""ranking_category_code"": ""272103100"", ""ranking_category_name"": ""남성의류>상의"", ""review_avg"": 4.5, ""sale_percent"": 0, ""sale_price"": 67500, ""sold_out"": false, ""url"": ""https://product.29cm.co.kr/catalog/3434711""}",2026-10-04T13:00:06+00:00_caa7d0f3
2026-10-04T22:00:06+09:00,2026-10-04T13:00:07+00:00,commerce_rank,TG3-SH13 블랙 워시드 데님 셔츠,29cm:3434711@272103100,rank,55.0,"{""brand_eng"": ""THOMAS MORE"", ""brand_kor"": ""토마스모어"", ""brand_no"": 2111, ""category1"": ""남성의류"", ""category2"": ""상의"", ""category3"": ""긴소매 셔츠"", ""category3_code"": 272103106, ""is_new"": false, ""item_no"": 3434711, ""period_sort"": ""ONE_DAY"", ""platform"": ""29cm"", ""ranking_category_code"": ""272103100"", ""ranking_category_name"": ""남성의류>상의"", ""review_avg"": 4.5, ""sale_percent"": 0, ""sale_price"": 67500, ""sold_out"": false, ""url"": ""https://product.29cm.co.kr/catalog/3434711""}",2026-10-04T13:00:06+00:00_caa7d0f3
2026-10-04T22:00:06+09:00,2026-10-04T13:00:06+00:00,commerce_rank,VINTAGE PIQUE T-SHIRT_CHARCOAL NAVY,29cm:3438952,heart_count,2076.0,"{""brand_eng"": ""OVERDUE FLAIR"", ""brand_kor"": ""오버듀플레어"", ""brand_no"": 4348, ""category1"": ""여성의류"", ""category2"": ""상의"", ""category3"": ""피케/카라 티셔츠"", ""category3_code"": 268103109, ""is_new"": false, ""item_no"": 3438952, ""period_sort"": ""ONE_DAY"", ""platform"": ""29cm"", ""ranking_category_code"": ""268103100"", ""ranking_category_name"": ""여성의류>상의"", ""review_avg"": 5.0, ""sale_percent"": 30, ""sale_price"": 104300, ""sold_out"": false, ""url"": ""https://product.29cm.co.kr/catalog/3438952""}",2026-10-04T13:00:06+00:00_caa7d0f3
2026-10-04T22:00:06+09:00,2026-10-04T13:00:06+00:00,commerce_rank,VINTAGE PIQUE T-SHIRT_CHARCOAL NAVY,29cm:3438952,review_count,108.0,"{""brand_eng"": ""OVERDUE FLAIR"", ""brand_kor"": ""오버듀플레어"", ""brand_no"": 4348, ""category1"": ""여성의류"", ""category2"": ""상의"", ""category3"": ""피케/카라 티셔츠"", ""category3_code"": 268103109, ""is_new"": false, ""item_no"": 3438952, ""period_sort"": ""ONE_DAY"", ""platform"": ""29cm"", ""ranking_category_code"": ""268103100"", ""ranking_category_name"": ""여성의류>상의"", ""review_avg"": 5.0, ""sale_percent"": 30, ""sale_price"": 104300, ""sold_out"": false, ""url"": ""https://product.29cm.co.kr/catalog/3438952""}",2026-10-04T13:00:06+00:00_caa7d0f3
2026-10-04T22:00:06+09:00,2026-10-04T13:00:06+00:00,commerce_rank,VINTAGE PIQUE T-SHIRT_CHARCOAL NAVY,29cm:3438952@268103100,rank,33.0,"{""brand_eng"": ""OVERDUE FLAIR"", ""brand_kor"": ""오버듀플레어"", ""brand_no"": 4348, ""category1"": ""여성의류"", ""category2"": ""상의"", ""category3"": ""피케/카라 티셔츠"", ""category3_code"": 268103109, ""is_new"": false, ""item_no"": 3438952, ""period_sort"": ""ONE_DAY"", ""platform"": ""29cm"", ""ranking_category_code"": ""268103100"", ""ranking_category_name"": ""여성의류>상의"", ""review_avg"": 5.0, ""sale_percent"": 30, ""sale_price"": 104300, ""sold_out"": false, ""url"": ""https://product.29cm.co.kr/catalog/3438952""}",2026-10-04T13:00:06+00:00_caa7d0f3
2026-10-04T22:00:06+09:00,2026-10-04T13:00:06+00:00,commerce_rank,[2 PACK-컬러추가]Essential Golgi Tee-11 colors,29cm:3442256,heart_count,51095.0,"{""brand_eng"": ""BITTERCELLS"", ""brand_kor"": ""비터셀즈"", ""brand_no"": 15063, ""category1"": ""여성의류"", ""category2"": ""상의"", ""category3"": ""긴소매 티셔츠"", ""category3_code"": 268103102, ""is_new"": false, ""item_no"": 3442256, ""period_sort"": ""ONE_DAY"", ""platform"": ""29cm"", ""ranking_category_code"": ""268103100"", ""ranking_category_name"": ""여성의류>상의"", ""review_avg"": 5.0, ""sale_percent"": 19, ""sale_price"": 63180, ""sold_out"": false, ""url"": ""https://product.29cm.co.kr/catalog/3442256""}",2026-10-04T13:00:06+00:00_caa7d0f3
2026-10-04T22:00:06+09:00,2026-10-04T13:00:06+00:00,commerce_rank,[2 PACK-컬러추가]Essential Golgi Tee-11 colors,29cm:3442256,review_count,2797.0,"{""brand_eng"": ""BITTERCELLS"", ""brand_kor"": ""비터셀즈"", ""brand_no"": 15063, ""category1"": ""여성의류"", ""category2"": ""상의"", ""category3"": ""긴소매 티셔츠"", ""category3_code"": 268103102, ""is_new"": false, ""item_no"": 3442256, ""period_sort"": ""ONE_DAY"", ""platform"": ""29cm"", ""ranking_category_code"": ""268103100"", ""ranking_category_name"": ""여성의류>상의"", ""review_avg"": 5.0, ""sale_percent"": 19, ""sale_price"": 63180, ""sold_out"": false, ""url"": ""https://product.29cm.co.kr/catalog/3442256""}",2026-10-04T13:00:06+00:00_caa7d0f3
2026-10-04T22:00:06+09:00,2026-10-04T13:00:06+00:00,commerce_rank,[2 PACK-컬러추가]Essential Golgi Tee-11 colors,29cm:3442256@268103100,rank,19.0,"{""brand_eng"": ""BITTERCELLS"", ""brand_kor"": ""비터셀즈"", ""brand_no"": 15063, ""category1"": ""여성의류"", ""category2"": ""상의"", ""category3"": ""긴소매 티셔츠"", ""category3_code"": 268103102, ""is_new"": false, ""item_no"": 3442256, ""period_sort"": ""ONE_DAY"", ""platform"": ""29cm"", ""ranking_category_code"": ""268103100"", ""ranking_category_name"": ""여성의류>상의"", ""review_avg"": 5.0, ""sale_percent"": 19, ""sale_price"": 63180, ""sold_out"": false, ""url"": ""https://product.29cm.co.kr/catalog/3442256""}",2026-10-04T13:00:06+00:00_caa7d0f3
2026-10-04T22:00:06+09:00,2026-10-04T13:00:06+00:00,commerce_rank,Oversized Essential Shirt-Ivory,29cm:3442316,heart_count,24150.0,"{""brand_eng"": ""BITTERCELLS"", ""brand_kor"": ""비터셀즈"", ""brand_no"": 15063, ""category1"": ""여성의류"", ""category2"": ""상의"", ""category3"": ""셔츠"", ""category3_code"": 268103106, ""is_new"": false, ""item_no"": 3442316, ""period_sort"": ""ONE_DAY"", ""platform"": ""29cm"", ""ranking_category_code"": ""268103100"", ""ranking_category_name"": ""여성의류>상의"", ""review_avg"": 5.0, ""sale_percent"": 10, ""sale_price"": 53100, ""sold_out"": false, ""url"": ""https://product.29cm.co.kr/catalog/3442316""}",2026-10-04T13:00:06+00:00_caa7d0f3
2026-10-04T22:00:06+09:00,2026-10-04T13:00:06+00:00,commerce_rank,Oversized Essential Shirt-Ivory,29cm:3442316,review_count,682.0,"{""brand_eng"": ""BITTERCELLS"", ""brand_kor"": ""비터셀즈"", ""brand_no"": 15063, ""category1"": ""여성의류"", ""category2"": ""상의"", ""category3"": ""셔츠"", ""category3_code"": 268103106, ""is_new"": false, ""item_no"": 3442316, ""period_sort"": ""ONE_DAY"", ""platform"": ""29cm"", ""ranking_category_code"": ""268103100"", ""ranking_category_name"": ""여성의류>상의"", ""review_avg"": 5.0, ""sale_percent"": 10, ""sale_price"": 53100, ""sold_out"": false, ""url"": ""https://product.29cm.co.kr/catalog/3442316""}",2026-10-04T13:00:06+00:00_caa7d0f3
2026-10-04T22:00:06+09:00,2026-10-04T13:00:06+00:00,commerce_rank,Oversized Essential Shirt-Ivory,29cm:3442316@268103100,rank,86.0,"{""brand_eng"": ""BITTERCELLS"", ""brand_kor"": ""비터셀즈"", ""brand_no"": 15063, ""category1"": ""여성의류"", ""category2"": ""상의"", ""category3"": ""셔츠"", ""category3_code"": 268103106, ""is_new"": false, ""item_no"": 3442316, ""period_sort"": ""ONE_DAY"", ""platform"": ""29cm"", ""ranking_category_code"": ""268103100"", ""ranking_category_name"": ""여성의류>상의"", ""review_avg"": 5.0, ""sale_percent"": 10, ""sale_price"": 53100, ""sold_out"": false, ""url"": ""https://product.29cm.co.kr/catalog/3442316""}",2026-10-04T13:00:06+00:00_caa7d0f3
2026-10-04T22:00:06+09:00,2026-10-04T13:00:06+00:00,commerce_rank,[김가을 Pick] [27th] Wave Logo Raglan Long Top - White Melange(Navy),29cm:3444277,heart_count,26788.0,"{""brand_eng"": ""SOMEWHEREBUTTER"", ""brand_kor"": ""썸웨어버터"", ""brand_no"": 18640, ""category1"": ""여성의류"", ""category2"": ""상의"", ""category3"": ""긴소매 티셔츠"", ""category3_code"": 268103102, ""is_new"": false, ""item_no"": 3444277, ""period_sort"": ""ONE_DAY"", ""platform"": ""29cm"", ""ranking_category_code"": ""268103100"", ""ranking_category_name"": ""여성의류>상의"", ""review_avg"": 5.0, ""sale_percent"": 10, ""sale_price"": 62100, ""sold_out"": false, ""url"": ""https://product.29cm.co.kr/catalog/3444277""}",2026-10-04T13:00:06+00:00_caa7d0f3
2026-10-04T22:00:06+09:00,2026-10-04T13:00:06+00:00,commerce_rank,[김가을 Pick] [27th] Wave Logo Raglan Long Top - White Melange(Navy),29cm:3444277,review_count,605.0,"{""brand_eng"": ""SOMEWHEREBUTTER"", ""brand_kor"": ""썸웨어버터"", ""brand_no"": 18640, ""category1"": ""여성의류"", ""category2"": ""상의"", ""category3"": ""긴소매 티셔츠"", ""category3_code"": 268103102, ""is_new"": false, ""item_no"": 3444277, ""period_sort"": ""ONE_DAY"", ""platform"": ""29cm"", ""ranking_category_code"": ""268103100"", ""ranking_category_name"": ""여성의류>상의"", ""review_avg"": 5.0, ""sale_percent"": 10, ""sale_price"": 62100, ""sold_out"": false, ""url"": ""https://product.29cm.co.kr/catalog/3444277""}",2026-10-04T13:00:06+00:00_caa7d0f3
2026-10-04T22:00:06+09:00,2026-10-04T13:00:06+00:00,commerce_rank,[김가을 Pick] [27th] Wave Logo Raglan Long Top - White Melange(Navy),29cm:3444277@268103100,rank,73.0,"{""brand_eng"": ""SOMEWHEREBUTTER"", ""brand_kor"": ""썸웨어버터"", ""brand_no"": 18640, ""category1"": ""여성의류"", ""category2"": ""상의"", ""category3"": ""긴소매 티셔츠"", ""category3_code"": 268103102, ""is_new"": false, ""item_no"": 3444277, ""period_sort"": ""ONE_DAY"", ""platform"": ""29cm"", ""ranking_category_code"": ""268103100"", ""ranking_category_name"": ""여성의류>상의"", ""review_avg"": 5.0, ""sale_percent"": 10, ""sale_price"": 62100, ""sold_out"": false, ""url"": ""https://product.29cm.co.kr/catalog/3444277""}",2026-10-04T13:00:06+00:00_caa7d0f3
2026-10-04T22:00:06+09:00,2026-10-04T13:00:07+00:00,commerce_rank,HENLEY NECK L.S T-SHIRTS (3 COLOR),29cm:3446615,heart_count,47.0,"{""brand_eng"": ""EASTLOGUE PERMANENT"", ""brand_kor"": ""이스트로그 퍼머넌트"", ""brand_no"": 9323, ""category1"": ""남성의류"", ""category2"": ""상의"", ""category3"": ""긴소매 티셔츠"", ""category3_code"": 272103102, ""is_new"": false, ""item_no"": 3446615, ""period_sort"": ""ONE_DAY"", ""platform"": ""29cm"", ""ranking_category_code"": ""272103100"", ""ranking_category_name"": ""남성의류>상의"", ""review_avg"": 5.0, ""sale_percent"": 24, ""sale_price"": 59670, ""sold_out"": false, ""url"": ""https://product.29cm.co.kr/catalog/3446615""}",2026-10-04T13:00:06+00:00_caa7d0f3
2026-10-04T22:00:06+09:00,2026-10-04T13:00:07+00:00,commerce_rank,HENLEY NECK L.S T-SHIRTS (3 COLOR),29cm:3446615,review_count,1.0,"{""brand_eng"": ""EASTLOGUE PERMANENT"", ""brand_kor"": ""이스트로그 퍼머넌트"", ""brand_no"": 9323, ""category1"": ""남성의류"", ""category2"": ""상의"", ""category3"": ""긴소매 티셔츠"", ""category3_code"": 272103102, ""is_new"": false, ""item_no"": 3446615, ""period_sort"": ""ONE_DAY"", ""platform"": ""29cm"", ""ranking_category_code"": ""272103100"", ""ranking_category_name"": ""남성의류>상의"", ""review_avg"": 5.0, ""sale_percent"": 24, ""sale_price"": 59670, ""sold_out"": false, ""url"": ""https://product.29cm.co.kr/catalog/3446615""}",2026-10-04T13:00:06+00:00_caa7d0f3
2026-10-04T22:00:06+09:00,2026-10-04T13:00:07+00:00,commerce_rank,HENLEY NECK L.S T-SHIRTS (3 COLOR),29cm:3446615@272103100,rank,48.0,"{""brand_eng"": ""EASTLOGUE PERMANENT"", ""brand_kor"": ""이스트로그 퍼머넌트"", ""brand_no"": 9323, ""category1"": ""남성의류"", ""category2"": ""상의"", ""category3"": ""긴소매 티셔츠"", ""category3_code"": 272103102, ""is_new"": false, ""item_no"": 3446615, ""period_sort"": ""ONE_DAY"", ""platform"": ""29cm"", ""ranking_category_code"": ""272103100"", ""ranking_category_name"": ""남성의류>상의"", ""review_avg"": 5.0, ""sale_percent"": 24, ""sale_price"": 59670, ""sold_out"": false, ""url"": ""https://product.29cm.co.kr/catalog/3446615""}",2026-10-04T13:00:06+00:00_caa7d0f3
2026-10-04T22:00:06+09:00,2026-10-04T13:00:07+00:00,commerce_rank,[2팩/세미크롭핏] 스웨트 셔츠,29cm:3450561,heart_count,819.0,"{""brand_eng"": ""DISCUS ATHLETIC"", ""brand_kor"": ""디스커스 애슬레틱"", ""brand_no"": 24583, ""category1"": ""남성의류"", ""category2"": ""상의"", ""category3"": ""스웨트셔츠"", ""category3_code"": 272103107, ""is_new"": false, ""item_no"": 3450561, ""period_sort"": ""ONE_DAY"", ""platform"": ""29cm"", ""ranking_category_code"": ""272103100"", ""ranking_category_name"": ""남성의류>상의"", ""review_avg"": 5.0, ""sale_percent"": 36, ""sale_price"": 69650, ""sold_out"": false, ""url"": ""https://product.29cm.co.kr/catalog/3450561""}",2026-10-04T13:00:06+00:00_caa7d0f3
2026-10-04T22:00:06+09:00,2026-10-04T13:00:07+00:00,commerce_rank,[2팩/세미크롭핏] 스웨트 셔츠,29cm:3450561,review_count,106.0,"{""brand_eng"": ""DISCUS ATHLETIC"", ""brand_kor"": ""디스커스 애슬레틱"", ""brand_no"": 24583, ""category1"": ""남성의류"", ""category2"": ""상의"", ""category3"": ""스웨트셔츠"", ""category3_code"": 272103107, ""is_new"": false, ""item_no"": 3450561, ""period_sort"": ""ONE_DAY"", ""platform"": ""29cm"", ""ranking_category_code"": ""272103100"", ""ranking_category_name"": ""남성의류>상의"", ""review_avg"": 5.0, ""sale_percent"": 36, ""sale_price"": 69650, ""sold_out"": false, ""url"": ""https://product.29cm.co.kr/catalog/3450561""}",2026-10-04T13:00:06+00:00_caa7d0f3
2026-10-04T22:00:06+09:00,2026-10-04T13:00:07+00:00,commerce_rank,[2팩/세미크롭핏] 스웨트 셔츠,29cm:3450561@272103100,rank,11.0,"{""brand_eng"": ""DISCUS ATHLETIC"", ""brand_kor"": ""디스커스 애슬레틱"", ""brand_no"": 24583, ""category1"": ""남성의류"", ""category2"": ""상의"", ""category3"": ""스웨트셔츠"", ""category3_code"": 272103107, ""is_new"": false, ""item_no"": 3450561, ""period_sort"": ""ONE_DAY"", ""platform"": ""29cm"", ""ranking_category_code"": ""272103100"", ""ranking_category_name"": ""남성의류>상의"", ""review_avg"": 5.0, ""sale_percent"": 36, ""sale_price"": 69650, ""sold_out"": false, ""url"": ""https://product.29cm.co.kr/catalog/3450561""}",2026-10-04T13:00:06+00:00_caa7d0f3
2026-10-04T22:00:06+09:00,2026-10-04T13:00:06+00:00,commerce_rank,[8COLORS] 라인드 와플 롱 슬리브,29cm:3450583,heart_count,4491.0,"{""brand_eng"": ""MADDEN"", ""brand_kor"": ""매든"", ""brand_no"": 28008, ""category1"": ""여성의류"", ""category2"": ""상의"", ""category3"": ""긴소매 티셔츠"", ""category3_code"": 268103102, ""is_new"": false, ""item_no"": 3450583, ""period_sort"": ""ONE_DAY"", ""platform"": ""29cm"", ""ranking_category_code"": ""268103100"", ""ranking_category_name"": ""여성의류>상의"", ""review_avg"": 5.0, ""sale_percent"": 20, ""sale_price"": 47980, ""sold_out"": false, ""url"": ""https://product.29cm.co.kr/catalog/3450583""}",2026-10-04T13:00:06+00:00_caa7d0f3
2026-10-04T22:00:06+09:00,2026-10-04T13:00:06+00:00,commerce_rank,[8COLORS] 라인드 와플 롱 슬리브,29cm:3450583,review_count,223.0,"{""brand_eng"": ""MADDEN"", ""brand_kor"": ""매든"", ""brand_no"": 28008, ""category1"": ""여성의류"", ""category2"": ""상의"", ""category3"": ""긴소매 티셔츠"", ""category3_code"": 268103102, ""is_new"": false, ""item_no"": 3450583, ""period_sort"": ""ONE_DAY"", ""platform"": ""29cm"", ""ranking_category_code"": ""268103100"", ""ranking_category_name"": ""여성의류>상의"", ""review_avg"": 5.0, ""sale_percent"": 20, ""sale_price"": 47980, ""sold_out"": false, ""url"": ""https://product.29cm.co.kr/catalog/3450583""}",2026-10-04T13:00:06+00:00_caa7d0f3
2026-10-04T22:00:06+09:00,2026-10-04T13:00:06+00:00,commerce_rank,[8COLORS] 라인드 와플 롱 슬리브,29cm:3450583@268103100,rank,11.0,"{""brand_eng"": ""MADDEN"", ""brand_kor"": ""매든"", ""brand_no"": 28008, ""category1"": ""여성의류"", ""category2"": ""상의"", ""category3"": ""긴소매 티셔츠"", ""category3_code"": 268103102, ""is_new"": false, ""item_no"": 3450583, ""period_sort"": ""ONE_DAY"", ""platform"": ""29cm"", ""ranking_category_code"": ""268103100"", ""ranking_category_name"": ""여성의류>상의"", ""review_avg"": 5.0, ""sale_percent"": 20, ""sale_price"": 47980, ""sold_out"": false, ""url"": ""https://product.29cm.co.kr/catalog/3450583""}",2026-10-04T13:00:06+00:00_caa7d0f3
2026-10-04T22:00:06+09:00,2026-10-04T13:00:06+00:00,commerce_rank,[6th] Nov raglan t-shirt (melange gray),29cm:3460541,heart_count,3104.0,"{""brand_eng"": ""THE MITTEN"", ""brand_kor"": ""더미튼"", ""brand_no"": 25573, ""category1"": ""여성의류"", ""category2"": ""상의"", ""category3"": ""긴소매 티셔츠"", ""category3_code"": 268103102, ""is_new"": false, ""item_no"": 3460541, ""period_sort"": ""ONE_DAY"", ""platform"": ""29cm"", ""ranking_category_code"": ""268103100"", ""ranking_category_name"": ""여성의류>상의"", ""review_avg"": 5.0, ""sale_percent"": 24, ""sale_price"": 64310, ""sold_out"": false, ""url"": ""https://product.29cm.co.kr/catalog/3460541""}",2026-10-04T13:00:06+00:00_caa7d0f3
2026-10-04T22:00:06+09:00,2026-10-04T13:00:06+00:00,commerce_rank,[6th] Nov raglan t-shirt (melange gray),29cm:3460541,review_count,80.0,"{""brand_eng"": ""THE MITTEN"", ""brand_kor"": ""더미튼"", ""brand_no"": 25573, ""category1"": ""여성의류"", ""category2"": ""상의"", ""category3"": ""긴소매 티셔츠"", ""category3_code"": 268103102, ""is_new"": false, ""item_no"": 3460541, ""period_sort"": ""ONE_DAY"", ""platform"": ""29cm"", ""ranking_category_code"": ""268103100"", ""ranking_category_name"": ""여성의류>상의"", ""review_avg"": 5.0, ""sale_percent"": 24, ""sale_price"": 64310, ""sold_out"": false, ""url"": ""https://product.29cm.co.kr/catalog/3460541""}",2026-10-04T13:00:06+00:00_caa7d0f3
2026-10-04T22:00:06+09:00,2026-10-04T13:00:06+00:00,commerce_rank,[6th] Nov raglan t-shirt (melange gray),29cm:3460541@268103100,rank,96.0,"{""brand_eng"": ""THE MITTEN"", ""brand_kor"": ""더미튼"", ""brand_no"": 25573, ""category1"": ""여성의류"", ""category2"": ""상의"", ""category3"": ""긴소매 티셔츠"", ""category3_code"": 268103102, ""is_new"": false, ""item_no"": 3460541, ""period_sort"": ""ONE_DAY"", ""platform"": ""29cm"", ""ranking_category_code"": ""268103100"", ""ranking_category_name"": ""여성의류>상의"", ""review_avg"": 5.0, ""sale_percent"": 24, ""sale_price"": 64310, ""sold_out"": false, ""url"": ""https://product.29cm.co.kr/catalog/3460541""}",2026-10-04T13:00:06+00:00_caa7d0f3
2026-10-04T22:00:06+09:00,2026-10-04T13:00:06+00:00,commerce_rank,"[26th][오제,소진pick]Molly hoodie t-shirt (melange gray)",29cm:3460559,heart_count,10692.0,"{""brand_eng"": ""THE MITTEN"", ""brand_kor"": ""더미튼"", ""brand_no"": 25573, ""category1"": ""여성의류"", ""category2"": ""상의"", ""category3"": ""후디"", ""category3_code"": 268103105, ""is_new"": false, ""item_no"": 3460559, ""period_sort"": ""ONE_DAY"", ""platform"": ""29cm"", ""ranking_category_code"": ""268103100"", ""ranking_category_name"": ""여성의류>상의"", ""review_avg"": 5.0, ""sale_percent"": 24, ""sale_price"": 67330, ""sold_out"": false, ""url"": ""https://product.29cm.co.kr/catalog/3460559""}",2026-10-04T13:00:06+00:00_caa7d0f3
2026-10-04T22:00:06+09:00,2026-10-04T13:00:06+00:00,commerce_rank,"[26th][오제,소진pick]Molly hoodie t-shirt (melange gray)",29cm:3460559,review_count,384.0,"{""brand_eng"": ""THE MITTEN"", ""brand_kor"": ""더미튼"", ""brand_no"": 25573, ""category1"": ""여성의류"", ""category2"": ""상의"", ""category3"": ""후디"", ""category3_code"": 268103105, ""is_new"": false, ""item_no"": 3460559, ""period_sort"": ""ONE_DAY"", ""platform"": ""29cm"", ""ranking_category_code"": ""268103100"", ""ranking_category_name"": ""여성의류>상의"", ""review_avg"": 5.0, ""sale_percent"": 24, ""sale_price"": 67330, ""sold_out"": false, ""url"": ""https://product.29cm.co.kr/catalog/3460559""}",2026-10-04T13:00:06+00:00_caa7d0f3
2026-10-04T22:00:06+09:00,2026-10-04T13:00:06+00:00,commerce_rank,"[26th][오제,소진pick]Molly hoodie t-shirt (melange gray)",29cm:3460559@268103100,rank,40.0,"{""brand_eng"": ""THE MITTEN"", ""brand_kor"": ""더미튼"", ""brand_no"": 25573, ""category1"": ""여성의류"", ""category2"": ""상의"", ""category3"": ""후디"", ""category3_code"": 268103105, ""is_new"": false, ""item_no"": 3460559, ""period_sort"": ""ONE_DAY"", ""platform"": ""29cm"", ""ranking_category_code"": ""268103100"", ""ranking_category_name"": ""여성의류>상의"", ""review_avg"": 5.0, ""sale_percent"": 24, ""sale_price"": 67330, ""sold_out"": false, ""url"": ""https://product.29cm.co.kr/catalog/3460559""}",2026-10-04T13:00:06+00:00_caa7d0f3
2026-10-04T22:00:06+09:00,2026-10-04T13:00:07+00:00,commerce_rank,페이디드 셔츠 - 차콜 브라운,29cm:3472831,heart_count,653.0,"{""brand_eng"": ""asp"", ""brand_kor"": ""애습"", ""brand_no"": 10042, ""category1"": ""남성의류"", ""category2"": ""상의"", ""category3"": ""긴소매 셔츠"", ""category3_code"": 272103106, ""is_new"": false, ""item_no"": 3472831, ""period_sort"": ""ONE_DAY"", ""platform"": ""29cm"", ""ranking_category_code"": ""272103100"", ""ranking_category_name"": ""남성의류>상의"", ""review_avg"": 5.0, ""sale_percent"": 15, ""sale_price"": 64980, ""sold_out"": false, ""url"": ""https://product.29cm.co.kr/catalog/3472831""}",2026-10-04T13:00:06+00:00_caa7d0f3
2026-10-04T22:00:06+09:00,2026-10-04T13:00:07+00:00,commerce_rank,페이디드 셔츠 - 차콜 브라운,29cm:3472831,review_count,31.0,"{""brand_eng"": ""asp"", ""brand_kor"": ""애습"", ""brand_no"": 10042, ""category1"": ""남성의류"", ""category2"": ""상의"", ""category3"": ""긴소매 셔츠"", ""category3_code"": 272103106, ""is_new"": false, ""item_no"": 3472831, ""period_sort"": ""ONE_DAY"", ""platform"": ""29cm"", ""ranking_category_code"": ""272103100"", ""ranking_category_name"": ""남성의류>상의"", ""review_avg"": 5.0, ""sale_percent"": 15, ""sale_price"": 64980, ""sold_out"": false, ""url"": ""https://product.29cm.co.kr/catalog/3472831""}",2026-10-04T13:00:06+00:00_caa7d0f3
2026-10-04T22:00:06+09:00,2026-10-04T13:00:07+00:00,commerce_rank,페이디드 셔츠 - 차콜 브라운,29cm:3472831@272103100,rank,52.0,"{""brand_eng"": ""asp"", ""brand_kor"": ""애습"", ""brand_no"": 10042, ""category1"": ""남성의류"", ""category2"": ""상의"", ""category3"": ""긴소매 셔츠"", ""category3_code"": 272103106, ""is_new"": false, ""item_no"": 3472831, ""period_sort"": ""ONE_DAY"", ""platform"": ""29cm"", ""ranking_category_code"": ""272103100"", ""ranking_category_name"": ""남성의류>상의"", ""review_avg"": 5.0, ""sale_percent"": 15, ""sale_price"": 64980, ""sold_out"": false, ""url"": ""https://product.29cm.co.kr/catalog/3472831""}",2026-10-04T13:00:06+00:00_caa7d0f3
2026-10-04T22:00:06+09:00,2026-10-04T13:00:07+00:00,commerce_rank,(uni)아이러브홈 패치워크 스탠다드핏 티셔츠,29cm:3508461,heart_count,13928.0,"{""brand_eng"": ""OGGITT"", ""brand_kor"": ""오끼뜨"", ""brand_no"": 16082, ""category1"": ""남성의류"", ""category2"": ""상의"", ""category3"": ""반소매 티셔츠"", ""category3_code"": 272103101, ""is_new"": false, ""item_no"": 3508461, ""period_sort"": ""ONE_DAY"", ""platform"": ""29cm"", ""ranking_category_code"": ""272103100"", ""ranking_category_name"": ""남성의류>상의"", ""review_avg"": 5.0, ""sale_percent"": 15, ""sale_price"": 30780, ""sold_out"": false, ""url"": ""https://product.29cm.co.kr/catalog/3508461""}",2026-10-04T13:00:06+00:00_caa7d0f3
2026-10-04T22:00:06+09:00,2026-10-04T13:00:07+00:00,commerce_rank,(uni)아이러브홈 패치워크 스탠다드핏 티셔츠,29cm:3508461,review_count,959.0,"{""brand_eng"": ""OGGITT"", ""brand_kor"": ""오끼뜨"", ""brand_no"": 16082, ""category1"": ""남성의류"", ""category2"": ""상의"", ""category3"": ""반소매 티셔츠"", ""category3_code"": 272103101, ""is_new"": false, ""item_no"": 3508461, ""period_sort"": ""ONE_DAY"", ""platform"": ""29cm"", ""ranking_category_code"": ""272103100"", ""ranking_category_name"": ""남성의류>상의"", ""review_avg"": 5.0, ""sale_percent"": 15, ""sale_price"": 30780, ""sold_out"": false, ""url"": ""https://product.29cm.co.kr/catalog/3508461""}",2026-10-04T13:00:06+00:00_caa7d0f3
2026-10-04T22:00:06+09:00,2026-10-04T13:00:07+00:00,commerce_rank,(uni)아이러브홈 패치워크 스탠다드핏 티셔츠,29cm:3508461@272103100,rank,38.0,"{""brand_eng"": ""OGGITT"", ""brand_kor"": ""오끼뜨"", ""brand_no"": 16082, ""category1"": ""남성의류"", ""category2"": ""상의"", ""category3"": ""반소매 티셔츠"", ""category3_code"": 272103101, ""is_new"": false, ""item_no"": 3508461, ""period_sort"": ""ONE_DAY"", ""platform"": ""29cm"", ""ranking_category_code"": ""272103100"", ""ranking_category_name"": ""남성의류>상의"", ""review_avg"": 5.0, ""sale_percent"": 15, ""sale_price"": 30780, ""sold_out"": false, ""url"": ""https://product.29cm.co.kr/catalog/3508461""}",2026-10-04T13:00:06+00:00_caa7d0f3
2026-10-04T22:00:06+09:00,2026-10-04T13:00:06+00:00,commerce_rank,Folder L/S Tee (4 Colors),29cm:3522545,heart_count,8086.0,"{""brand_eng"": ""TEKET"", ""brand_kor"": ""테켓"", ""brand_no"": 34509, ""category1"": ""여성의류"", ""category2"": ""상의"", ""category3"": ""긴소매 티셔츠"", ""category3_code"": 268103102, ""is_new"": false, ""item_no"": 3522545, ""period_sort"": ""ONE_DAY"", ""platform"": ""29cm"", ""ranking_category_code"": ""268103100"", ""ranking_category_name"": ""여성의류>상의"", ""review_avg"": 5.0, ""sale_percent"": 0, ""sale_price"": 65000, ""sold_out"": false, ""url"": ""https://product.29cm.co.kr/catalog/3522545""}",2026-10-04T13:00:06+00:00_caa7d0f3
2026-10-04T22:00:06+09:00,2026-10-04T13:00:06+00:00,commerce_rank,Folder L/S Tee (4 Colors),29cm:3522545,review_count,603.0,"{""brand_eng"": ""TEKET"", ""brand_kor"": ""테켓"", ""brand_no"": 34509, ""category1"": ""여성의류"", ""category2"": ""상의"", ""category3"": ""긴소매 티셔츠"", ""category3_code"": 268103102, ""is_new"": false, ""item_no"": 3522545, ""period_sort"": ""ONE_DAY"", ""platform"": ""29cm"", ""ranking_category_code"": ""268103100"", ""ranking_category_name"": ""여성의류>상의"", ""review_avg"": 5.0, ""sale_percent"": 0, ""sale_price"": 65000, ""sold_out"": false, ""url"": ""https://product.29cm.co.kr/catalog/3522545""}",2026-10-04T13:00:06+00:00_caa7d0f3
2026-10-04T22:00:06+09:00,2026-10-04T13:00:06+00:00,commerce_rank,Folder L/S Tee (4 Colors),29cm:3522545@268103100,rank,32.0,"{""brand_eng"": ""TEKET"", ""brand_kor"": ""테켓"", ""brand_no"": 34509, ""category1"": ""여성의류"", ""category2"": ""상의"", ""category3"": ""긴소매 티셔츠"", ""category3_code"": 268103102, ""is_new"": false, ""item_no"": 3522545, ""period_sort"": ""ONE_DAY"", ""platform"": ""29cm"", ""ranking_category_code"": ""268103100"", ""ranking_category_name"": ""여성의류>상의"", ""review_avg"": 5.0, ""sale_percent"": 0, ""sale_price"": 65000, ""sold_out"": false, ""url"": ""https://product.29cm.co.kr/catalog/3522545""}",2026-10-04T13:00:06+00:00_caa7d0f3
2026-10-04T22:00:06+09:00,2026-10-04T13:00:06+00:00,commerce_rank,Raye Pocket Shirt_Navy,29cm:3523834,heart_count,10603.0,"{""brand_eng"": ""THE BARNNET"", ""brand_kor"": ""더바넷"", ""brand_no"": 76630, ""category1"": ""여성의류"", ""category2"": ""상의"", ""category3"": ""셔츠"", ""category3_code"": 268103106, ""is_new"": false, ""item_no"": 3523834, ""period_sort"": ""ONE_DAY"", ""platform"": ""29cm"", ""ranking_category_code"": ""268103100"", ""ranking_category_name"": ""여성의류>상의"", ""review_avg"": 5.0, ""sale_percent"": 33, ""sale_price"": 92480, ""sold_out"": false, ""url"": ""https://product.29cm.co.kr/catalog/3523834""}",2026-10-04T13:00:06+00:00_caa7d0f3
2026-10-04T22:00:06+09:00,2026-10-04T13:00:06+00:00,commerce_rank,Raye Pocket Shirt_Navy,29cm:3523834,review_count,189.0,"{""brand_eng"": ""THE BARNNET"", ""brand_kor"": ""더바넷"", ""brand_no"": 76630, ""category1"": ""여성의류"", ""category2"": ""상의"", ""category3"": ""셔츠"", ""category3_code"": 268103106, ""is_new"": false, ""item_no"": 3523834, ""period_sort"": ""ONE_DAY"", ""platform"": ""29cm"", ""ranking_category_code"": ""268103100"", ""ranking_category_name"": ""여성의류>상의"", ""review_avg"": 5.0, ""sale_percent"": 33, ""sale_price"": 92480, ""sold_out"": false, ""url"": ""https://product.29cm.co.kr/catalog/3523834""}",2026-10-04T13:00:06+00:00_caa7d0f3
2026-10-04T22:00:06+09:00,2026-10-04T13:00:06+00:00,commerce_rank,Raye Pocket Shirt_Navy,29cm:3523834@268103100,rank,53.0,"{""brand_eng"": ""THE BARNNET"", ""brand_kor"": ""더바넷"", ""brand_no"": 76630, ""category1"": ""여성의류"", ""category2"": ""상의"", ""category3"": ""셔츠"", ""category3_code"": 268103106, ""is_new"": false, ""item_no"": 3523834, ""period_sort"": ""ONE_DAY"", ""platform"": ""29cm"", ""ranking_category_code"": ""268103100"", ""ranking_category_name"": ""여성의류>상의"", ""review_avg"": 5.0, ""sale_percent"": 33, ""sale_price"": 92480, ""sold_out"": false, ""url"": ""https://product.29cm.co.kr/catalog/3523834""}",2026-10-04T13:00:06+00:00_caa7d0f3
2026-10-04T22:00:06+09:00,2026-10-04T13:00:06+00:00,commerce_rank,[57th] Curve scarf blouse (stone gray),29cm:3535240,heart_count,33468.0,"{""brand_eng"": ""PREP FOR THE"", ""brand_kor"": ""프렙포더"", ""brand_no"": 86845, ""category1"": ""여성의류"", ""category2"": ""상의"", ""category3"": ""블라우스"", ""category3_code"": 268103107, ""is_new"": false, ""item_no"": 3535240, ""period_sort"": ""ONE_DAY"", ""platform"": ""29cm"", ""ranking_category_code"": ""268103100"", ""ranking_category_name"": ""여성의류>상의"", ""review_avg"": 5.0, ""sale_percent"": 14, ""sale_price"": 125690, ""sold_out"": false, ""url"": ""https://product.29cm.co.kr/catalog/3535240""}",2026-10-04T13:00:06+00:00_caa7d0f3
2026-10-04T22:00:06+09:00,2026-10-04T13:00:06+00:00,commerce_rank,[57th] Curve scarf blouse (stone gray),29cm:3535240,review_count,413.0,"{""brand_eng"": ""PREP FOR THE"", ""brand_kor"": ""프렙포더"", ""brand_no"": 86845, ""category1"": ""여성의류"", ""category2"": ""상의"", ""category3"": ""블라우스"", ""category3_code"": 268103107, ""is_new"": false, ""item_no"": 3535240, ""period_sort"": ""ONE_DAY"", ""platform"": ""29cm"", ""ranking_category_code"": ""268103100"", ""ranking_category_name"": ""여성의류>상의"", ""review_avg"": 5.0, ""sale_percent"": 14, ""sale_price"": 125690, ""sold_out"": false, ""url"": ""https://product.29cm.co.kr/catalog/3535240""}",2026-10-04T13:00:06+00:00_caa7d0f3
2026-10-04T22:00:06+09:00,2026-10-04T13:00:06+00:00,commerce_rank,[57th] Curve scarf blouse (stone gray),29cm:3535240@268103100,rank,20.0,"{""brand_eng"": ""PREP FOR THE"", ""brand_kor"": ""프렙포더"", ""brand_no"": 86845, ""category1"": ""여성의류"", ""category2"": ""상의"", ""category3"": ""블라우스"", ""category3_code"": 268103107, ""is_new"": false, ""item_no"": 3535240, ""period_sort"": ""ONE_DAY"", ""platform"": ""29cm"", ""ranking_category_code"": ""268103100"", ""ranking_category_name"": ""여성의류>상의"", ""review_avg"": 5.0, ""sale_percent"": 14, ""sale_price"": 125690, ""sold_out"": false, ""url"": ""https://product.29cm.co.kr/catalog/3535240""}",2026-10-04T13:00:06+00:00_caa7d0f3
2026-10-04T22:00:06+09:00,2026-10-04T13:00:06+00:00,commerce_rank,Easy long sleeve_5 Colors,29cm:3540872,heart_count,636.0,"{""brand_eng"": ""BUDHI MUDRA"", ""brand_kor"": ""부디무드라"", ""brand_no"": 20781, ""category1"": ""여성의류"", ""category2"": ""상의"", ""category3"": ""긴소매 티셔츠"", ""category3_code"": 268103102, ""is_new"": false, ""item_no"": 3540872, ""period_sort"": ""ONE_DAY"", ""platform"": ""29cm"", ""ranking_category_code"": ""268103100"", ""ranking_category_name"": ""여성의류>상의"", ""review_avg"": 4.5, ""sale_percent"": 12, ""sale_price"": 48400, ""sold_out"": false, ""url"": ""https://product.29cm.co.kr/catalog/3540872""}",2026-10-04T13:00:06+00:00_caa7d0f3
2026-10-04T22:00:06+09:00,2026-10-04T13:00:06+00:00,commerce_rank,Easy long sleeve_5 Colors,29cm:3540872,review_count,84.0,"{""brand_eng"": ""BUDHI MUDRA"", ""brand_kor"": ""부디무드라"", ""brand_no"": 20781, ""category1"": ""여성의류"", ""category2"": ""상의"", ""category3"": ""긴소매 티셔츠"", ""category3_code"": 268103102, ""is_new"": false, ""item_no"": 3540872, ""period_sort"": ""ONE_DAY"", ""platform"": ""29cm"", ""ranking_category_code"": ""268103100"", ""ranking_category_name"": ""여성의류>상의"", ""review_avg"": 4.5, ""sale_percent"": 12, ""sale_price"": 48400, ""sold_out"": false, ""url"": ""https://product.29cm.co.kr/catalog/3540872""}",2026-10-04T13:00:06+00:00_caa7d0f3
2026-10-04T22:00:06+09:00,2026-10-04T13:00:06+00:00,commerce_rank,Easy long sleeve_5 Colors,29cm:3540872@268103100,rank,64.0,"{""brand_eng"": ""BUDHI MUDRA"", ""brand_kor"": ""부디무드라"", ""brand_no"": 20781, ""category1"": ""여성의류"", ""category2"": ""상의"", ""category3"": ""긴소매 티셔츠"", ""category3_code"": 268103102, ""is_new"": false, ""item_no"": 3540872, ""period_sort"": ""ONE_DAY"", ""platform"": ""29cm"", ""ranking_category_code"": ""268103100"", ""ranking_category_name"": ""여성의류>상의"", ""review_avg"": 4.5, ""sale_percent"": 12, ""sale_price"": 48400, ""sold_out"": false, ""url"": ""https://product.29cm.co.kr/catalog/3540872""}",2026-10-04T13:00:06+00:00_caa7d0f3
2026-10-04T22:00:06+09:00,2026-10-04T13:00:07+00:00,commerce_rank,플루이드 U넥 크롭 롱 슬리브 티셔츠 [3COLOR],29cm:3543767,heart_count,380.0,"{""brand_eng"": ""ALYSS"", ""brand_kor"": ""알리스"", ""brand_no"": 19758, ""category1"": ""남성의류"", ""category2"": ""상의"", ""category3"": ""긴소매 티셔츠"", ""category3_code"": 272103102, ""is_new"": false, ""item_no"": 3543767, ""period_sort"": ""ONE_DAY"", ""platform"": ""29cm"", ""ranking_category_code"": ""272103100"", ""ranking_category_name"": ""남성의류>상의"", ""review_avg"": 5.0, ""sale_percent"": 10, ""sale_price"": 33300, ""sold_out"": false, ""url"": ""https://product.29cm.co.kr/catalog/3543767""}",2026-10-04T13:00:06+00:00_caa7d0f3
2026-10-04T22:00:06+09:00,2026-10-04T13:00:07+00:00,commerce_rank,플루이드 U넥 크롭 롱 슬리브 티셔츠 [3COLOR],29cm:3543767,review_count,23.0,"{""brand_eng"": ""ALYSS"", ""brand_kor"": ""알리스"", ""brand_no"": 19758, ""category1"": ""남성의류"", ""category2"": ""상의"", ""category3"": ""긴소매 티셔츠"", ""category3_code"": 272103102, ""is_new"": false, ""item_no"": 3543767, ""period_sort"": ""ONE_DAY"", ""platform"": ""29cm"", ""ranking_category_code"": ""272103100"", ""ranking_category_name"": ""남성의류>상의"", ""review_avg"": 5.0, ""sale_percent"": 10, ""sale_price"": 33300, ""sold_out"": false, ""url"": ""https://product.29cm.co.kr/catalog/3543767""}",2026-10-04T13:00:06+00:00_caa7d0f3
2026-10-04T22:00:06+09:00,2026-10-04T13:00:07+00:00,commerce_rank,플루이드 U넥 크롭 롱 슬리브 티셔츠 [3COLOR],29cm:3543767@272103100,rank,67.0,"{""brand_eng"": ""ALYSS"", ""brand_kor"": ""알리스"", ""brand_no"": 19758, ""category1"": ""남성의류"", ""category2"": ""상의"", ""category3"": ""긴소매 티셔츠"", ""category3_code"": 272103102, ""is_new"": false, ""item_no"": 3543767, ""period_sort"": ""ONE_DAY"", ""platform"": ""29cm"", ""ranking_category_code"": ""272103100"", ""ranking_category_name"": ""남성의류>상의"", ""review_avg"": 5.0, ""sale_percent"": 10, ""sale_price"": 33300, ""sold_out"": false, ""url"": ""https://product.29cm.co.kr/catalog/3543767""}",2026-10-04T13:00:06+00:00_caa7d0f3
2026-10-04T22:00:06+09:00,2026-10-04T13:00:06+00:00,commerce_rank,044 레글런 롱 슬리브 티셔츠,29cm:3545920,heart_count,10505.0,"{""brand_eng"": ""VIVA LA VIDA"", ""brand_kor"": ""비바라비다"", ""brand_no"": 100816, ""category1"": ""여성의류"", ""category2"": ""상의"", ""category3"": ""긴소매 티셔츠"", ""category3_code"": 268103102, ""is_new"": false, ""item_no"": 3545920, ""period_sort"": ""ONE_DAY"", ""platform"": ""29cm"", ""ranking_category_code"": ""268103100"", ""ranking_category_name"": ""여성의류>상의"", ""review_avg"": 5.0, ""sale_percent"": 31, ""sale_price"": 32310, ""sold_out"": false, ""url"": ""https://product.29cm.co.kr/catalog/3545920""}",2026-10-04T13:00:06+00:00_caa7d0f3
2026-10-04T22:00:06+09:00,2026-10-04T13:00:06+00:00,commerce_rank,044 레글런 롱 슬리브 티셔츠,29cm:3545920,review_count,230.0,"{""brand_eng"": ""VIVA LA VIDA"", ""brand_kor"": ""비바라비다"", ""brand_no"": 100816, ""category1"": ""여성의류"", ""category2"": ""상의"", ""category3"": ""긴소매 티셔츠"", ""category3_code"": 268103102, ""is_new"": false, ""item_no"": 3545920, ""period_sort"": ""ONE_DAY"", ""platform"": ""29cm"", ""ranking_category_code"": ""268103100"", ""ranking_category_name"": ""여성의류>상의"", ""review_avg"": 5.0, ""sale_percent"": 31, ""sale_price"": 32310, ""sold_out"": false, ""url"": ""https://product.29cm.co.kr/catalog/3545920""}",2026-10-04T13:00:06+00:00_caa7d0f3
2026-10-04T22:00:06+09:00,2026-10-04T13:00:06+00:00,commerce_rank,044 레글런 롱 슬리브 티셔츠,29cm:3545920@268103100,rank,17.0,"{""brand_eng"": ""VIVA LA VIDA"", ""brand_kor"": ""비바라비다"", ""brand_no"": 100816, ""category1"": ""여성의류"", ""category2"": ""상의"", ""category3"": ""긴소매 티셔츠"", ""category3_code"": 268103102, ""is_new"": false, ""item_no"": 3545920, ""period_sort"": ""ONE_DAY"", ""platform"": ""29cm"", ""ranking_category_code"": ""268103100"", ""ranking_category_name"": ""여성의류>상의"", ""review_avg"": 5.0, ""sale_percent"": 31, ""sale_price"": 32310, ""sold_out"": false, ""url"": ""https://product.29cm.co.kr/catalog/3545920""}",2026-10-04T13:00:06+00:00_caa7d0f3
2026-10-04T22:00:06+09:00,2026-10-04T13:00:07+00:00,commerce_rank,ASKIN LOGO LONG SLEEVE (BROWN GREY),29cm:3549850,heart_count,502.0,"{""brand_eng"": ""GOYOWEAR"", ""brand_kor"": ""고요웨어"", ""brand_no"": 16187, ""category1"": ""남성의류"", ""category2"": ""상의"", ""category3"": ""긴소매 티셔츠"", ""category3_code"": 272103102, ""is_new"": false, ""item_no"": 3549850, ""period_sort"": ""ONE_DAY"", ""platform"": ""29cm"", ""ranking_category_code"": ""272103100"", ""ranking_category_name"": ""남성의류>상의"", ""review_avg"": 5.0, ""sale_percent"": 10, ""sale_price"": 44100, ""sold_out"": false, ""url"": ""https://product.29cm.co.kr/catalog/3549850""}",2026-10-04T13:00:06+00:00_caa7d0f3
2026-10-04T22:00:06+09:00,2026-10-04T13:00:07+00:00,commerce_rank,ASKIN LOGO LONG SLEEVE (BROWN GREY),29cm:3549850,review_count,35.0,"{""brand_eng"": ""GOYOWEAR"", ""brand_kor"": ""고요웨어"", ""brand_no"": 16187, ""category1"": ""남성의류"", ""category2"": ""상의"", ""category3"": ""긴소매 티셔츠"", ""category3_code"": 272103102, ""is_new"": false, ""item_no"": 3549850, ""period_sort"": ""ONE_DAY"", ""platform"": ""29cm"", ""ranking_category_code"": ""272103100"", ""ranking_category_name"": ""남성의류>상의"", ""review_avg"": 5.0, ""sale_percent"": 10, ""sale_price"": 44100, ""sold_out"": false, ""url"": ""https://product.29cm.co.kr/catalog/3549850""}",2026-10-04T13:00:06+00:00_caa7d0f3
2026-10-04T22:00:06+09:00,2026-10-04T13:00:07+00:00,commerce_rank,ASKIN LOGO LONG SLEEVE (BROWN GREY),29cm:3549850@272103100,rank,76.0,"{""brand_eng"": ""GOYOWEAR"", ""brand_kor"": ""고요웨어"", ""brand_no"": 16187, ""category1"": ""남성의류"", ""category2"": ""상의"", ""category3"": ""긴소매 티셔츠"", ""category3_code"": 272103102, ""is_new"": false, ""item_no"": 3549850, ""period_sort"": ""ONE_DAY"", ""platform"": ""29cm"", ""ranking_category_code"": ""272103100"", ""ranking_category_name"": ""남성의류>상의"", ""review_avg"": 5.0, ""sale_percent"": 10, ""sale_price"": 44100, ""sold_out"": false, ""url"": ""https://product.29cm.co.kr/catalog/3549850""}",2026-10-04T13:00:06+00:00_caa7d0f3
2026-10-04T22:00:06+09:00,2026-10-04T13:00:07+00:00,commerce_rank,JN328 Classic Reverse Weave Sweatshirt - SAND MELANGE,29cm:3623634,heart_count,3.0,"{""brand_eng"": ""JojiLong"", ""brand_kor"": ""조질롱"", ""brand_no"": 60986, ""category1"": ""남성의류"", ""category2"": ""상의"", ""category3"": ""스웨트셔츠"", ""category3_code"": 272103107, ""is_new"": false, ""item_no"": 3623634, ""period_sort"": ""ONE_DAY"", ""platform"": ""29cm"", ""ranking_category_code"": ""272103100"", ""ranking_category_name"": ""남성의류>상의"", ""review_avg"": 0.0, ""sale_percent"": 67, ""sale_price"": 27970, ""sold_out"": false, ""url"": ""https://product.29cm.co.kr/catalog/3623634""}",2026-10-04T13:00:06+00:00_caa7d0f3
2026-10-04T22:00:06+09:00,2026-10-04T13:00:07+00:00,commerce_rank,JN328 Classic Reverse Weave Sweatshirt - SAND MELANGE,29cm:3623634,review_count,0.0,"{""brand_eng"": ""JojiLong"", ""brand_kor"": ""조질롱"", ""brand_no"": 60986, ""category1"": ""남성의류"", ""category2"": ""상의"", ""category3"": ""스웨트셔츠"", ""category3_code"": 272103107, ""is_new"": false, ""item_no"": 3623634, ""period_sort"": ""ONE_DAY"", ""platform"": ""29cm"", ""ranking_category_code"": ""272103100"", ""ranking_category_name"": ""남성의류>상의"", ""review_avg"": 0.0, ""sale_percent"": 67, ""sale_price"": 27970, ""sold_out"": false, ""url"": ""https://product.29cm.co.kr/catalog/3623634""}",2026-10-04T13:00:06+00:00_caa7d0f3
2026-10-04T22:00:06+09:00,2026-10-04T13:00:07+00:00,commerce_rank,JN328 Classic Reverse Weave Sweatshirt - SAND MELANGE,29cm:3623634@272103100,rank,91.0,"{""brand_eng"": ""JojiLong"", ""brand_kor"": ""조질롱"", ""brand_no"": 60986, ""category1"": ""남성의류"", ""category2"": ""상의"", ""category3"": ""스웨트셔츠"", ""category3_code"": 272103107, ""is_new"": false, ""item_no"": 3623634, ""period_sort"": ""ONE_DAY"", ""platform"": ""29cm"", ""ranking_category_code"": ""272103100"", ""ranking_category_name"": ""남성의류>상의"", ""review_avg"": 0.0, ""sale_percent"": 67, ""sale_price"": 27970, ""sold_out"": false, ""url"": ""https://product.29cm.co.kr/catalog/3623634""}",2026-10-04T13:00:06+00:00_caa7d0f3
2026-10-04T22:00:06+09:00,2026-10-04T13:00:06+00:00,commerce_rank,[41th] Raglan Campus Logo Long Top - Grey(Navy),29cm:3628013,heart_count,22515.0,"{""brand_eng"": ""SOMEWHEREBUTTER"", ""brand_kor"": ""썸웨어버터"", ""brand_no"": 18640, ""category1"": ""여성의류"", ""category2"": ""상의"", ""category3"": ""긴소매 티셔츠"", ""category3_code"": 268103102, ""is_new"": false, ""item_no"": 3628013, ""period_sort"": ""ONE_DAY"", ""platform"": ""29cm"", ""ranking_category_code"": ""268103100"", ""ranking_category_name"": ""여성의류>상의"", ""review_avg"": 5.0, ""sale_percent"": 10, ""sale_price"": 44100, ""sold_out"": false, ""url"": ""https://product.29cm.co.kr/catalog/3628013""}",2026-10-04T13:00:06+00:00_caa7d0f3
2026-10-04T22:00:06+09:00,2026-10-04T13:00:06+00:00,commerce_rank,[41th] Raglan Campus Logo Long Top - Grey(Navy),29cm:3628013,review_count,633.0,"{""brand_eng"": ""SOMEWHEREBUTTER"", ""brand_kor"": ""썸웨어버터"", ""brand_no"": 18640, ""category1"": ""여성의류"", ""category2"": ""상의"", ""category3"": ""긴소매 티셔츠"", ""category3_code"": 268103102, ""is_new"": false, ""item_no"": 3628013, ""period_sort"": ""ONE_DAY"", ""platform"": ""29cm"", ""ranking_category_code"": ""268103100"", ""ranking_category_name"": ""여성의류>상의"", ""review_avg"": 5.0, ""sale_percent"": 10, ""sale_price"": 44100, ""sold_out"": false, ""url"": ""https://product.29cm.co.kr/catalog/3628013""}",2026-10-04T13:00:06+00:00_caa7d0f3
2026-10-04T22:00:06+09:00,2026-10-04T13:00:06+00:00,commerce_rank,[41th] Raglan Campus Logo Long Top - Grey(Navy),29cm:3628013@268103100,rank,6.0,"{""brand_eng"": ""SOMEWHEREBUTTER"", ""brand_kor"": ""썸웨어버터"", ""brand_no"": 18640, ""category1"": ""여성의류"", ""category2"": ""상의"", ""category3"": ""긴소매 티셔츠"", ""category3_code"": 268103102, ""is_new"": false, ""item_no"": 3628013, ""period_sort"": ""ONE_DAY"", ""platform"": ""29cm"", ""ranking_category_code"": ""268103100"", ""ranking_category_name"": ""여성의류>상의"", ""review_avg"": 5.0, ""sale_percent"": 10, ""sale_price"": 44100, ""sold_out"": false, ""url"": ""https://product.29cm.co.kr/catalog/3628013""}",2026-10-04T13:00:06+00:00_caa7d0f3
2026-10-04T22:00:06+09:00,2026-10-04T13:00:06+00:00,commerce_rank,원 클래식 드라이 핏 긴소매 탑 W - [블랙:화이트 / FN2802-013],29cm:3679452,heart_count,4099.0,"{""brand_eng"": ""NIKE"", ""brand_kor"": ""나이키"", ""brand_no"": 95369, ""category1"": ""레저"", ""category2"": ""피트니스"", ""category3"": ""상의"", ""category3_code"": 286106101, ""is_new"": false, ""item_no"": 3679452, ""period_sort"": ""ONE_DAY"", ""platform"": ""29cm"", ""ranking_category_code"": ""268103100"", ""ranking_category_name"": ""여성의류>상의"", ""review_avg"": 5.0, ""sale_percent"": 10, ""sale_price"": 49500, ""sold_out"": false, ""url"": ""https://product.29cm.co.kr/catalog/3679452""}",2026-10-04T13:00:06+00:00_caa7d0f3
2026-10-04T22:00:06+09:00,2026-10-04T13:00:06+00:00,commerce_rank,원 클래식 드라이 핏 긴소매 탑 W - [블랙:화이트 / FN2802-013],29cm:3679452,review_count,118.0,"{""brand_eng"": ""NIKE"", ""brand_kor"": ""나이키"", ""brand_no"": 95369, ""category1"": ""레저"", ""category2"": ""피트니스"", ""category3"": ""상의"", ""category3_code"": 286106101, ""is_new"": false, ""item_no"": 3679452, ""period_sort"": ""ONE_DAY"", ""platform"": ""29cm"", ""ranking_category_code"": ""268103100"", ""ranking_category_name"": ""여성의류>상의"", ""review_avg"": 5.0, ""sale_percent"": 10, ""sale_price"": 49500, ""sold_out"": false, ""url"": ""https://product.29cm.co.kr/catalog/3679452""}",2026-10-04T13:00:06+00:00_caa7d0f3
2026-10-04T22:00:06+09:00,2026-10-04T13:00:06+00:00,commerce_rank,원 클래식 드라이 핏 긴소매 탑 W - [블랙:화이트 / FN2802-013],29cm:3679452@268103100,rank,18.0,"{""brand_eng"": ""NIKE"", ""brand_kor"": ""나이키"", ""brand_no"": 95369, ""category1"": ""레저"", ""category2"": ""피트니스"", ""category3"": ""상의"", ""category3_code"": 286106101, ""is_new"": false, ""item_no"": 3679452, ""period_sort"": ""ONE_DAY"", ""platform"": ""29cm"", ""ranking_category_code"": ""268103100"", ""ranking_category_name"": ""여성의류>상의"", ""review_avg"": 5.0, ""sale_percent"": 10, ""sale_price"": 49500, ""sold_out"": false, ""url"": ""https://product.29cm.co.kr/catalog/3679452""}",2026-10-04T13:00:06+00:00_caa7d0f3
2026-10-04T22:00:06+09:00,2026-10-04T13:00:07+00:00,commerce_rank,Vintage Long Sleeve Henley Shirt Dark Grey (Korea Edition),29cm:3692715,heart_count,402.0,"{""brand_eng"": ""BRONSON"", ""brand_kor"": ""브론슨"", ""brand_no"": 89408, ""category1"": ""남성의류"", ""category2"": ""상의"", ""category3"": ""긴소매 티셔츠"", ""category3_code"": 272103102, ""is_new"": false, ""item_no"": 3692715, ""period_sort"": ""ONE_DAY"", ""platform"": ""29cm"", ""ranking_category_code"": ""272103100"", ""ranking_category_name"": ""남성의류>상의"", ""review_avg"": 4.5, ""sale_percent"": 10, ""sale_price"": 55800, ""sold_out"": false, ""url"": ""https://product.29cm.co.kr/catalog/3692715""}",2026-10-04T13:00:06+00:00_caa7d0f3
2026-10-04T22:00:06+09:00,2026-10-04T13:00:07+00:00,commerce_rank,Vintage Long Sleeve Henley Shirt Dark Grey (Korea Edition),29cm:3692715,review_count,39.0,"{""brand_eng"": ""BRONSON"", ""brand_kor"": ""브론슨"", ""brand_no"": 89408, ""category1"": ""남성의류"", ""category2"": ""상의"", ""category3"": ""긴소매 티셔츠"", ""category3_code"": 272103102, ""is_new"": false, ""item_no"": 3692715, ""period_sort"": ""ONE_DAY"", ""platform"": ""29cm"", ""ranking_category_code"": ""272103100"", ""ranking_category_name"": ""남성의류>상의"", ""review_avg"": 4.5, ""sale_percent"": 10, ""sale_price"": 55800, ""sold_out"": false, ""url"": ""https://product.29cm.co.kr/catalog/3692715""}",2026-10-04T13:00:06+00:00_caa7d0f3
2026-10-04T22:00:06+09:00,2026-10-04T13:00:07+00:00,commerce_rank,Vintage Long Sleeve Henley Shirt Dark Grey (Korea Edition),29cm:3692715@272103100,rank,82.0,"{""brand_eng"": ""BRONSON"", ""brand_kor"": ""브론슨"", ""brand_no"": 89408, ""category1"": ""남성의류"", ""category2"": ""상의"", ""category3"": ""긴소매 티셔츠"", ""category3_code"": 272103102, ""is_new"": false, ""item_no"": 3692715, ""period_sort"": ""ONE_DAY"", ""platform"": ""29cm"", ""ranking_category_code"": ""272103100"", ""ranking_category_name"": ""남성의류>상의"", ""review_avg"": 4.5, ""sale_percent"": 10, ""sale_price"": 55800, ""sold_out"": false, ""url"": ""https://product.29cm.co.kr/catalog/3692715""}",2026-10-04T13:00:06+00:00_caa7d0f3
2026-10-04T22:00:06+09:00,2026-10-04T13:00:07+00:00,commerce_rank,[2팩/세미크롭핏] 롱 슬리브 티셔츠,29cm:3696420,heart_count,276.0,"{""brand_eng"": ""DISCUS ATHLETIC"", ""brand_kor"": ""디스커스 애슬레틱"", ""brand_no"": 24583, ""category1"": ""남성의류"", ""category2"": ""상의"", ""category3"": ""긴소매 티셔츠"", ""category3_code"": 272103102, ""is_new"": false, ""item_no"": 3696420, ""period_sort"": ""ONE_DAY"", ""platform"": ""29cm"", ""ranking_category_code"": ""272103100"", ""ranking_category_name"": ""남성의류>상의"", ""review_avg"": 4.5, ""sale_percent"": 34, ""sale_price"": 46390, ""sold_out"": false, ""url"": ""https://product.29cm.co.kr/catalog/3696420""}",2026-10-04T13:00:06+00:00_caa7d0f3
2026-10-04T22:00:06+09:00,2026-10-04T13:00:07+00:00,commerce_rank,[2팩/세미크롭핏] 롱 슬리브 티셔츠,29cm:3696420,review_count,48.0,"{""brand_eng"": ""DISCUS ATHLETIC"", ""brand_kor"": ""디스커스 애슬레틱"", ""brand_no"": 24583, ""category1"": ""남성의류"", ""category2"": ""상의"", ""category3"": ""긴소매 티셔츠"", ""category3_code"": 272103102, ""is_new"": false, ""item_no"": 3696420, ""period_sort"": ""ONE_DAY"", ""platform"": ""29cm"", ""ranking_category_code"": ""272103100"", ""ranking_category_name"": ""남성의류>상의"", ""review_avg"": 4.5, ""sale_percent"": 34, ""sale_price"": 46390, ""sold_out"": false, ""url"": ""https://product.29cm.co.kr/catalog/3696420""}",2026-10-04T13:00:06+00:00_caa7d0f3
2026-10-04T22:00:06+09:00,2026-10-04T13:00:07+00:00,commerce_rank,[2팩/세미크롭핏] 롱 슬리브 티셔츠,29cm:3696420@272103100,rank,71.0,"{""brand_eng"": ""DISCUS ATHLETIC"", ""brand_kor"": ""디스커스 애슬레틱"", ""brand_no"": 24583, ""category1"": ""남성의류"", ""category2"": ""상의"", ""category3"": ""긴소매 티셔츠"", ""category3_code"": 272103102, ""is_new"": false, ""item_no"": 3696420, ""period_sort"": ""ONE_DAY"", ""platform"": ""29cm"", ""ranking_category_code"": ""272103100"", ""ranking_category_name"": ""남성의류>상의"", ""review_avg"": 4.5, ""sale_percent"": 34, ""sale_price"": 46390, ""sold_out"": false, ""url"": ""https://product.29cm.co.kr/catalog/3696420""}",2026-10-04T13:00:06+00:00_caa7d0f3
2026-10-04T22:00:06+09:00,2026-10-04T13:00:06+00:00,commerce_rank,마티니 프릴 블라우스,29cm:3719533,heart_count,5499.0,"{""brand_eng"": ""MERRYON"", ""brand_kor"": ""메리온"", ""brand_no"": 108383, ""category1"": ""여성의류"", ""category2"": ""상의"", ""category3"": ""블라우스"", ""category3_code"": 268103107, ""is_new"": false, ""item_no"": 3719533, ""period_sort"": ""ONE_DAY"", ""platform"": ""29cm"", ""ranking_category_code"": ""268103100"", ""ranking_category_name"": ""여성의류>상의"", ""review_avg"": 5.0, ""sale_percent"": 28, ""sale_price"": 84960, ""sold_out"": false, ""url"": ""https://product.29cm.co.kr/catalog/3719533""}",2026-10-04T13:00:06+00:00_caa7d0f3
2026-10-04T22:00:06+09:00,2026-10-04T13:00:06+00:00,commerce_rank,마티니 프릴 블라우스,29cm:3719533,review_count,38.0,"{""brand_eng"": ""MERRYON"", ""brand_kor"": ""메리온"", ""brand_no"": 108383, ""category1"": ""여성의류"", ""category2"": ""상의"", ""category3"": ""블라우스"", ""category3_code"": 268103107, ""is_new"": false, ""item_no"": 3719533, ""period_sort"": ""ONE_DAY"", ""platform"": ""29cm"", ""ranking_category_code"": ""268103100"", ""ranking_category_name"": ""여성의류>상의"", ""review_avg"": 5.0, ""sale_percent"": 28, ""sale_price"": 84960, ""sold_out"": false, ""url"": ""https://product.29cm.co.kr/catalog/3719533""}",2026-10-04T13:00:06+00:00_caa7d0f3
2026-10-04T22:00:06+09:00,2026-10-04T13:00:06+00:00,commerce_rank,마티니 프릴 블라우스,29cm:3719533@268103100,rank,26.0,"{""brand_eng"": ""MERRYON"", ""brand_kor"": ""메리온"", ""brand_no"": 108383, ""category1"": ""여성의류"", ""category2"": ""상의"", ""category3"": ""블라우스"", ""category3_code"": 268103107, ""is_new"": false, ""item_no"": 3719533, ""period_sort"": ""ONE_DAY"", ""platform"": ""29cm"", ""ranking_category_code"": ""268103100"", ""ranking_category_name"": ""여성의류>상의"", ""review_avg"": 5.0, ""sale_percent"": 28, ""sale_price"": 84960, ""sold_out"": false, ""url"": ""https://product.29cm.co.kr/catalog/3719533""}",2026-10-04T13:00:06+00:00_caa7d0f3
2026-10-04T22:00:06+09:00,2026-10-04T13:00:07+00:00,commerce_rank,TG1-TS04 마일드 크루 스웻셔츠 - [네이비],29cm:3724264,heart_count,1757.0,"{""brand_eng"": ""THOMAS MORE"", ""brand_kor"": ""토마스모어"", ""brand_no"": 2111, ""category1"": ""남성의류"", ""category2"": ""상의"", ""category3"": ""스웨트셔츠"", ""category3_code"": 272103107, ""is_new"": false, ""item_no"": 3724264, ""period_sort"": ""ONE_DAY"", ""platform"": ""29cm"", ""ranking_category_code"": ""272103100"", ""ranking_category_name"": ""남성의류>상의"", ""review_avg"": 4.5, ""sale_percent"": 0, ""sale_price"": 59700, ""sold_out"": false, ""url"": ""https://product.29cm.co.kr/catalog/3724264""}",2026-10-04T13:00:06+00:00_caa7d0f3
2026-10-04T22:00:06+09:00,2026-10-04T13:00:07+00:00,commerce_rank,TG1-TS04 마일드 크루 스웻셔츠 - [네이비],29cm:3724264,review_count,79.0,"{""brand_eng"": ""THOMAS MORE"", ""brand_kor"": ""토마스모어"", ""brand_no"": 2111, ""category1"": ""남성의류"", ""category2"": ""상의"", ""category3"": ""스웨트셔츠"", ""category3_code"": 272103107, ""is_new"": false, ""item_no"": 3724264, ""period_sort"": ""ONE_DAY"", ""platform"": ""29cm"", ""ranking_category_code"": ""272103100"", ""ranking_category_name"": ""남성의류>상의"", ""review_avg"": 4.5, ""sale_percent"": 0, ""sale_price"": 59700, ""sold_out"": false, ""url"": ""https://product.29cm.co.kr/catalog/3724264""}",2026-10-04T13:00:06+00:00_caa7d0f3
2026-10-04T22:00:06+09:00,2026-10-04T13:00:07+00:00,commerce_rank,TG1-TS04 마일드 크루 스웻셔츠 - [네이비],29cm:3724264@272103100,rank,51.0,"{""brand_eng"": ""THOMAS MORE"", ""brand_kor"": ""토마스모어"", ""brand_no"": 2111, ""category1"": ""남성의류"", ""category2"": ""상의"", ""category3"": ""스웨트셔츠"", ""category3_code"": 272103107, ""is_new"": false, ""item_no"": 3724264, ""period_sort"": ""ONE_DAY"", ""platform"": ""29cm"", ""ranking_category_code"": ""272103100"", ""ranking_category_name"": ""남성의류>상의"", ""review_avg"": 4.5, ""sale_percent"": 0, ""sale_price"": 59700, ""sold_out"": false, ""url"": ""https://product.29cm.co.kr/catalog/3724264""}",2026-10-04T13:00:06+00:00_caa7d0f3
2026-10-04T22:00:06+09:00,2026-10-04T13:00:07+00:00,commerce_rank,라이트 웨이트 핑거홀 롱 슬리브 (블랙),29cm:3745173,heart_count,58.0,"{""brand_eng"": ""COOR"", ""brand_kor"": ""쿠어"", ""brand_no"": 15326, ""category1"": ""남성의류"", ""category2"": ""상의"", ""category3"": ""긴소매 티셔츠"", ""category3_code"": 272103102, ""is_new"": false, ""item_no"": 3745173, ""period_sort"": ""ONE_DAY"", ""platform"": ""29cm"", ""ranking_category_code"": ""272103100"", ""ranking_category_name"": ""남성의류>상의"", ""review_avg"": 4.0, ""sale_percent"": 10, ""sale_price"": 67500, ""sold_out"": false, ""url"": ""https://product.29cm.co.kr/catalog/3745173""}",2026-10-04T13:00:06+00:00_caa7d0f3
2026-10-04T22:00:06+09:00,2026-10-04T13:00:07+00:00,commerce_rank,라이트 웨이트 핑거홀 롱 슬리브 (블랙),29cm:3745173,review_count,4.0,"{""brand_eng"": ""COOR"", ""brand_kor"": ""쿠어"", ""brand_no"": 15326, ""category1"": ""남성의류"", ""category2"": ""상의"", ""category3"": ""긴소매 티셔츠"", ""category3_code"": 272103102, ""is_new"": false, ""item_no"": 3745173, ""period_sort"": ""ONE_DAY"", ""platform"": ""29cm"", ""ranking_category_code"": ""272103100"", ""ranking_category_name"": ""남성의류>상의"", ""review_avg"": 4.0, ""sale_percent"": 10, ""sale_price"": 67500, ""sold_out"": false, ""url"": ""https://product.29cm.co.kr/catalog/3745173""}",2026-10-04T13:00:06+00:00_caa7d0f3
2026-10-04T22:00:06+09:00,2026-10-04T13:00:07+00:00,commerce_rank,라이트 웨이트 핑거홀 롱 슬리브 (블랙),29cm:3745173@272103100,rank,60.0,"{""brand_eng"": ""COOR"", ""brand_kor"": ""쿠어"", ""brand_no"": 15326, ""category1"": ""남성의류"", ""category2"": ""상의"", ""category3"": ""긴소매 티셔츠"", ""category3_code"": 272103102, ""is_new"": false, ""item_no"": 3745173, ""period_sort"": ""ONE_DAY"", ""platform"": ""29cm"", ""ranking_category_code"": ""272103100"", ""ranking_category_name"": ""남성의류>상의"", ""review_avg"": 4.0, ""sale_percent"": 10, ""sale_price"": 67500, ""sold_out"": false, ""url"": ""https://product.29cm.co.kr/catalog/3745173""}",2026-10-04T13:00:06+00:00_caa7d0f3
2026-10-04T22:00:06+09:00,2026-10-04T13:00:07+00:00,commerce_rank,라이트 웨이트 핑거홀 롱 슬리브 (화이트),29cm:3745176,heart_count,43.0,"{""brand_eng"": ""COOR"", ""brand_kor"": ""쿠어"", ""brand_no"": 15326, ""category1"": ""남성의류"", ""category2"": ""상의"", ""category3"": ""긴소매 티셔츠"", ""category3_code"": 272103102, ""is_new"": false, ""item_no"": 3745176, ""period_sort"": ""ONE_DAY"", ""platform"": ""29cm"", ""ranking_category_code"": ""272103100"", ""ranking_category_name"": ""남성의류>상의"", ""review_avg"": 5.0, ""sale_percent"": 10, ""sale_price"": 67500, ""sold_out"": false, ""url"": ""https://product.29cm.co.kr/catalog/3745176""}",2026-10-04T13:00:06+00:00_caa7d0f3
2026-10-04T22:00:06+09:00,2026-10-04T13:00:07+00:00,commerce_rank,라이트 웨이트 핑거홀 롱 슬리브 (화이트),29cm:3745176,review_count,3.0,"{""brand_eng"": ""COOR"", ""brand_kor"": ""쿠어"", ""brand_no"": 15326, ""category1"": ""남성의류"", ""category2"": ""상의"", ""category3"": ""긴소매 티셔츠"", ""category3_code"": 272103102, ""is_new"": false, ""item_no"": 3745176, ""period_sort"": ""ONE_DAY"", ""platform"": ""29cm"", ""ranking_category_code"": ""272103100"", ""ranking_category_name"": ""남성의류>상의"", ""review_avg"": 5.0, ""sale_percent"": 10, ""sale_price"": 67500, ""sold_out"": false, ""url"": ""https://product.29cm.co.kr/catalog/3745176""}",2026-10-04T13:00:06+00:00_caa7d0f3
2026-10-04T22:00:06+09:00,2026-10-04T13:00:07+00:00,commerce_rank,라이트 웨이트 핑거홀 롱 슬리브 (화이트),29cm:3745176@272103100,rank,63.0,"{""brand_eng"": ""COOR"", ""brand_kor"": ""쿠어"", ""brand_no"": 15326, ""category1"": ""남성의류"", ""category2"": ""상의"", ""category3"": ""긴소매 티셔츠"", ""category3_code"": 272103102, ""is_new"": false, ""item_no"": 3745176, ""period_sort"": ""ONE_DAY"", ""platform"": ""29cm"", ""ranking_category_code"": ""272103100"", ""ranking_category_name"": ""남성의류>상의"", ""review_avg"": 5.0, ""sale_percent"": 10, ""sale_price"": 67500, ""sold_out"": false, ""url"": ""https://product.29cm.co.kr/catalog/3745176""}",2026-10-04T13:00:06+00:00_caa7d0f3
2026-10-04T22:00:06+09:00,2026-10-04T13:00:06+00:00,commerce_rank,[13차] 오버 스트라이프 티셔츠_네이비,29cm:3748318,heart_count,4710.0,"{""brand_eng"": ""YUPPE"", ""brand_kor"": ""엽페"", ""brand_no"": 2856, ""category1"": ""여성의류"", ""category2"": ""상의"", ""category3"": ""긴소매 티셔츠"", ""category3_code"": 268103102, ""is_new"": false, ""item_no"": 3748318, ""period_sort"": ""ONE_DAY"", ""platform"": ""29cm"", ""ranking_category_code"": ""268103100"", ""ranking_category_name"": ""여성의류>상의"", ""review_avg"": 5.0, ""sale_percent"": 36, ""sale_price"": 50560, ""sold_out"": false, ""url"": ""https://product.29cm.co.kr/catalog/3748318""}",2026-10-04T13:00:06+00:00_caa7d0f3
2026-10-04T22:00:06+09:00,2026-10-04T13:00:06+00:00,commerce_rank,[13차] 오버 스트라이프 티셔츠_네이비,29cm:3748318,review_count,128.0,"{""brand_eng"": ""YUPPE"", ""brand_kor"": ""엽페"", ""brand_no"": 2856, ""category1"": ""여성의류"", ""category2"": ""상의"", ""category3"": ""긴소매 티셔츠"", ""category3_code"": 268103102, ""is_new"": false, ""item_no"": 3748318, ""period_sort"": ""ONE_DAY"", ""platform"": ""29cm"", ""ranking_category_code"": ""268103100"", ""ranking_category_name"": ""여성의류>상의"", ""review_avg"": 5.0, ""sale_percent"": 36, ""sale_price"": 50560, ""sold_out"": false, ""url"": ""https://product.29cm.co.kr/catalog/3748318""}",2026-10-04T13:00:06+00:00_caa7d0f3
2026-10-04T22:00:06+09:00,2026-10-04T13:00:06+00:00,commerce_rank,[13차] 오버 스트라이프 티셔츠_네이비,29cm:3748318@268103100,rank,25.0,"{""brand_eng"": ""YUPPE"", ""brand_kor"": ""엽페"", ""brand_no"": 2856, ""category1"": ""여성의류"", ""category2"": ""상의"", ""category3"": ""긴소매 티셔츠"", ""category3_code"": 268103102, ""is_new"": false, ""item_no"": 3748318, ""period_sort"": ""ONE_DAY"", ""platform"": ""29cm"", ""ranking_category_code"": ""268103100"", ""ranking_category_name"": ""여성의류>상의"", ""review_avg"": 5.0, ""sale_percent"": 36, ""sale_price"": 50560, ""sold_out"": false, ""url"": ""https://product.29cm.co.kr/catalog/3748318""}",2026-10-04T13:00:06+00:00_caa7d0f3
2026-10-04T22:00:06+09:00,2026-10-04T13:00:06+00:00,commerce_rank,Light Oversized Check Shirts Blue / Black,29cm:3748753,heart_count,21317.0,"{""brand_eng"": ""MICHIKO LONDON KOSHINO"", ""brand_kor"": ""미치코런던 코시노"", ""brand_no"": 26100, ""category1"": ""여성의류"", ""category2"": ""상의"", ""category3"": ""셔츠"", ""category3_code"": 268103106, ""is_new"": false, ""item_no"": 3748753, ""period_sort"": ""ONE_DAY"", ""platform"": ""29cm"", ""ranking_category_code"": ""268103100"", ""ranking_category_name"": ""여성의류>상의"", ""review_avg"": 5.0, ""sale_percent"": 19, ""sale_price"": 58320, ""sold_out"": false, ""url"": ""https://product.29cm.co.kr/catalog/3748753""}",2026-10-04T13:00:06+00:00_caa7d0f3
2026-10-04T22:00:06+09:00,2026-10-04T13:00:06+00:00,commerce_rank,Light Oversized Check Shirts Blue / Black,29cm:3748753,review_count,643.0,"{""brand_eng"": ""MICHIKO LONDON KOSHINO"", ""brand_kor"": ""미치코런던 코시노"", ""brand_no"": 26100, ""category1"": ""여성의류"", ""category2"": ""상의"", ""category3"": ""셔츠"", ""category3_code"": 268103106, ""is_new"": false, ""item_no"": 3748753, ""period_sort"": ""ONE_DAY"", ""platform"": ""29cm"", ""ranking_category_code"": ""268103100"", ""ranking_category_name"": ""여성의류>상의"", ""review_avg"": 5.0, ""sale_percent"": 19, ""sale_price"": 58320, ""sold_out"": false, ""url"": ""https://product.29cm.co.kr/catalog/3748753""}",2026-10-04T13:00:06+00:00_caa7d0f3
2026-10-04T22:00:06+09:00,2026-10-04T13:00:06+00:00,commerce_rank,Light Oversized Check Shirts Blue / Black,29cm:3748753@268103100,rank,50.0,"{""brand_eng"": ""MICHIKO LONDON KOSHINO"", ""brand_kor"": ""미치코런던 코시노"", ""brand_no"": 26100, ""category1"": ""여성의류"", ""category2"": ""상의"", ""category3"": ""셔츠"", ""category3_code"": 268103106, ""is_new"": false, ""item_no"": 3748753, ""period_sort"": ""ONE_DAY"", ""platform"": ""29cm"", ""ranking_category_code"": ""268103100"", ""ranking_category_name"": ""여성의류>상의"", ""review_avg"": 5.0, ""sale_percent"": 19, ""sale_price"": 58320, ""sold_out"": false, ""url"": ""https://product.29cm.co.kr/catalog/3748753""}",2026-10-04T13:00:06+00:00_caa7d0f3
2026-10-04T22:00:06+09:00,2026-10-04T13:00:06+00:00,commerce_rank,3/4 Sleeve Slim Fit Shirts White,29cm:3748861,heart_count,6480.0,"{""brand_eng"": ""MICHIKO LONDON KOSHINO"", ""brand_kor"": ""미치코런던 코시노"", ""brand_no"": 26100, ""category1"": ""여성의류"", ""category2"": ""상의"", ""category3"": ""셔츠"", ""category3_code"": 268103106, ""is_new"": false, ""item_no"": 3748861, ""period_sort"": ""ONE_DAY"", ""platform"": ""29cm"", ""ranking_category_code"": ""268103100"", ""ranking_category_name"": ""여성의류>상의"", ""review_avg"": 4.5, ""sale_percent"": 19, ""sale_price"": 51030, ""sold_out"": false, ""url"": ""https://product.29cm.co.kr/catalog/3748861""}",2026-10-04T13:00:06+00:00_caa7d0f3
2026-10-04T22:00:06+09:00,2026-10-04T13:00:06+00:00,commerce_rank,3/4 Sleeve Slim Fit Shirts White,29cm:3748861,review_count,109.0,"{""brand_eng"": ""MICHIKO LONDON KOSHINO"", ""brand_kor"": ""미치코런던 코시노"", ""brand_no"": 26100, ""category1"": ""여성의류"", ""category2"": ""상의"", ""category3"": ""셔츠"", ""category3_code"": 268103106, ""is_new"": false, ""item_no"": 3748861, ""period_sort"": ""ONE_DAY"", ""platform"": ""29cm"", ""ranking_category_code"": ""268103100"", ""ranking_category_name"": ""여성의류>상의"", ""review_avg"": 4.5, ""sale_percent"": 19, ""sale_price"": 51030, ""sold_out"": false, ""url"": ""https://product.29cm.co.kr/catalog/3748861""}",2026-10-04T13:00:06+00:00_caa7d0f3
2026-10-04T22:00:06+09:00,2026-10-04T13:00:06+00:00,commerce_rank,3/4 Sleeve Slim Fit Shirts White,29cm:3748861@268103100,rank,15.0,"{""brand_eng"": ""MICHIKO LONDON KOSHINO"", ""brand_kor"": ""미치코런던 코시노"", ""brand_no"": 26100, ""category1"": ""여성의류"", ""category2"": ""상의"", ""category3"": ""셔츠"", ""category3_code"": 268103106, ""is_new"": false, ""item_no"": 3748861, ""period_sort"": ""ONE_DAY"", ""platform"": ""29cm"", ""ranking_category_code"": ""268103100"", ""ranking_category_name"": ""여성의류>상의"", ""review_avg"": 4.5, ""sale_percent"": 19, ""sale_price"": 51030, ""sold_out"": false, ""url"": ""https://product.29cm.co.kr/catalog/3748861""}",2026-10-04T13:00:06+00:00_caa7d0f3
2026-10-04T22:00:06+09:00,2026-10-04T13:00:07+00:00,commerce_rank,T-Logo L/S Tee Heather Grey,29cm:3772046,heart_count,163.0,"{""brand_eng"": ""thisisneverthat"", ""brand_kor"": ""디스이즈네버댓"", ""brand_no"": 70, ""category1"": ""남성의류"", ""category2"": ""상의"", ""category3"": ""긴소매 티셔츠"", ""category3_code"": 272103102, ""is_new"": false, ""item_no"": 3772046, ""period_sort"": ""ONE_DAY"", ""platform"": ""29cm"", ""ranking_category_code"": ""272103100"", ""ranking_category_name"": ""남성의류>상의"", ""review_avg"": 5.0, ""sale_percent"": 0, ""sale_price"": 65000, ""sold_out"": false, ""url"": ""https://product.29cm.co.kr/catalog/3772046""}",2026-10-04T13:00:06+00:00_caa7d0f3
2026-10-04T22:00:06+09:00,2026-10-04T13:00:07+00:00,commerce_rank,T-Logo L/S Tee Heather Grey,29cm:3772046,review_count,7.0,"{""brand_eng"": ""thisisneverthat"", ""brand_kor"": ""디스이즈네버댓"", ""brand_no"": 70, ""category1"": ""남성의류"", ""category2"": ""상의"", ""category3"": ""긴소매 티셔츠"", ""category3_code"": 272103102, ""is_new"": false, ""item_no"": 3772046, ""period_sort"": ""ONE_DAY"", ""platform"": ""29cm"", ""ranking_category_code"": ""272103100"", ""ranking_category_name"": ""남성의류>상의"", ""review_avg"": 5.0, ""sale_percent"": 0, ""sale_price"": 65000, ""sold_out"": false, ""url"": ""https://product.29cm.co.kr/catalog/3772046""}",2026-10-04T13:00:06+00:00_caa7d0f3
2026-10-04T22:00:06+09:00,2026-10-04T13:00:07+00:00,commerce_rank,T-Logo L/S Tee Heather Grey,29cm:3772046@272103100,rank,65.0,"{""brand_eng"": ""thisisneverthat"", ""brand_kor"": ""디스이즈네버댓"", ""brand_no"": 70, ""category1"": ""남성의류"", ""category2"": ""상의"", ""category3"": ""긴소매 티셔츠"", ""category3_code"": 272103102, ""is_new"": false, ""item_no"": 3772046, ""period_sort"": ""ONE_DAY"", ""platform"": ""29cm"", ""ranking_category_code"": ""272103100"", ""ranking_category_name"": ""남성의류>상의"", ""review_avg"": 5.0, ""sale_percent"": 0, ""sale_price"": 65000, ""sold_out"": false, ""url"": ""https://product.29cm.co.kr/catalog/3772046""}",2026-10-04T13:00:06+00:00_caa7d0f3
2026-10-04T22:00:06+09:00,2026-10-04T13:00:06+00:00,commerce_rank,Born Slit Top [BLACK],29cm:3772745,heart_count,1590.0,"{""brand_eng"": ""PROJECTWAVE"", ""brand_kor"": ""프로젝트 웨이브"", ""brand_no"": 52782, ""category1"": ""여성의류"", ""category2"": ""상의"", ""category3"": ""슬리브리스"", ""category3_code"": 268103103, ""is_new"": false, ""item_no"": 3772745, ""period_sort"": ""ONE_DAY"", ""platform"": ""29cm"", ""ranking_category_code"": ""268103100"", ""ranking_category_name"": ""여성의류>상의"", ""review_avg"": 4.5, ""sale_percent"": 10, ""sale_price"": 67320, ""sold_out"": false, ""url"": ""https://product.29cm.co.kr/catalog/3772745""}",2026-10-04T13:00:06+00:00_caa7d0f3
2026-10-04T22:00:06+09:00,2026-10-04T13:00:06+00:00,commerce_rank,Born Slit Top [BLACK],29cm:3772745,review_count,4.0,"{""brand_eng"": ""PROJECTWAVE"", ""brand_kor"": ""프로젝트 웨이브"", ""brand_no"": 52782, ""category1"": ""여성의류"", ""category2"": ""상의"", ""category3"": ""슬리브리스"", ""category3_code"": 268103103, ""is_new"": false, ""item_no"": 3772745, ""period_sort"": ""ONE_DAY"", ""platform"": ""29cm"", ""ranking_category_code"": ""268103100"", ""ranking_category_name"": ""여성의류>상의"", ""review_avg"": 4.5, ""sale_percent"": 10, ""sale_price"": 67320, ""sold_out"": false, ""url"": ""https://product.29cm.co.kr/catalog/3772745""}",2026-10-04T13:00:06+00:00_caa7d0f3
2026-10-04T22:00:06+09:00,2026-10-04T13:00:06+00:00,commerce_rank,Born Slit Top [BLACK],29cm:3772745@268103100,rank,44.0,"{""brand_eng"": ""PROJECTWAVE"", ""brand_kor"": ""프로젝트 웨이브"", ""brand_no"": 52782, ""category1"": ""여성의류"", ""category2"": ""상의"", ""category3"": ""슬리브리스"", ""category3_code"": 268103103, ""is_new"": false, ""item_no"": 3772745, ""period_sort"": ""ONE_DAY"", ""platform"": ""29cm"", ""ranking_category_code"": ""268103100"", ""ranking_category_name"": ""여성의류>상의"", ""review_avg"": 4.5, ""sale_percent"": 10, ""sale_price"": 67320, ""sold_out"": false, ""url"": ""https://product.29cm.co.kr/catalog/3772745""}",2026-10-04T13:00:06+00:00_caa7d0f3
2026-10-04T22:00:06+09:00,2026-10-04T13:00:06+00:00,commerce_rank,[29CM 단독컬러][재이 pick]Number 23 Raglan Off-Shoulder T-Shirt_CTT3002(5color),29cm:3781911,heart_count,10710.0,"{""brand_eng"": ""CITTA"", ""brand_kor"": ""씨타"", ""brand_no"": 71833, ""category1"": ""여성의류"", ""category2"": ""상의"", ""category3"": ""긴소매 티셔츠"", ""category3_code"": 268103102, ""is_new"": false, ""item_no"": 3781911, ""period_sort"": ""ONE_DAY"", ""platform"": ""29cm"", ""ranking_category_code"": ""268103100"", ""ranking_category_name"": ""여성의류>상의"", ""review_avg"": 5.0, ""sale_percent"": 29, ""sale_price"": 39820, ""sold_out"": false, ""url"": ""https://product.29cm.co.kr/catalog/3781911""}",2026-10-04T13:00:06+00:00_caa7d0f3
2026-10-04T22:00:06+09:00,2026-10-04T13:00:06+00:00,commerce_rank,[29CM 단독컬러][재이 pick]Number 23 Raglan Off-Shoulder T-Shirt_CTT3002(5color),29cm:3781911,review_count,384.0,"{""brand_eng"": ""CITTA"", ""brand_kor"": ""씨타"", ""brand_no"": 71833, ""category1"": ""여성의류"", ""category2"": ""상의"", ""category3"": ""긴소매 티셔츠"", ""category3_code"": 268103102, ""is_new"": false, ""item_no"": 3781911, ""period_sort"": ""ONE_DAY"", ""platform"": ""29cm"", ""ranking_category_code"": ""268103100"", ""ranking_category_name"": ""여성의류>상의"", ""review_avg"": 5.0, ""sale_percent"": 29, ""sale_price"": 39820, ""sold_out"": false, ""url"": ""https://product.29cm.co.kr/catalog/3781911""}",2026-10-04T13:00:06+00:00_caa7d0f3
2026-10-04T22:00:06+09:00,2026-10-04T13:00:06+00:00,commerce_rank,[29CM 단독컬러][재이 pick]Number 23 Raglan Off-Shoulder T-Shirt_CTT3002(5color),29cm:3781911@268103100,rank,74.0,"{""brand_eng"": ""CITTA"", ""brand_kor"": ""씨타"", ""brand_no"": 71833, ""category1"": ""여성의류"", ""category2"": ""상의"", ""category3"": ""긴소매 티셔츠"", ""category3_code"": 268103102, ""is_new"": false, ""item_no"": 3781911, ""period_sort"": ""ONE_DAY"", ""platform"": ""29cm"", ""ranking_category_code"": ""268103100"", ""ranking_category_name"": ""여성의류>상의"", ""review_avg"": 5.0, ""sale_percent"": 29, ""sale_price"": 39820, ""sold_out"": false, ""url"": ""https://product.29cm.co.kr/catalog/3781911""}",2026-10-04T13:00:06+00:00_caa7d0f3
2026-10-04T22:00:06+09:00,2026-10-04T13:00:07+00:00,commerce_rank,리브드 크롭 헨리넥 롱슬리브 ( 4Color ),29cm:3787186,heart_count,148.0,"{""brand_eng"": ""BRENSON"", ""brand_kor"": ""브렌슨"", ""brand_no"": 8969, ""category1"": ""남성의류"", ""category2"": ""상의"", ""category3"": ""긴소매 티셔츠"", ""category3_code"": 272103102, ""is_new"": false, ""item_no"": 3787186, ""period_sort"": ""ONE_DAY"", ""platform"": ""29cm"", ""ranking_category_code"": ""272103100"", ""ranking_category_name"": ""남성의류>상의"", ""review_avg"": 5.0, ""sale_percent"": 11, ""sale_price"": 31100, ""sold_out"": false, ""url"": ""https://product.29cm.co.kr/catalog/3787186""}",2026-10-04T13:00:06+00:00_caa7d0f3
2026-10-04T22:00:06+09:00,2026-10-04T13:00:07+00:00,commerce_rank,리브드 크롭 헨리넥 롱슬리브 ( 4Color ),29cm:3787186,review_count,1.0,"{""brand_eng"": ""BRENSON"", ""brand_kor"": ""브렌슨"", ""brand_no"": 8969, ""category1"": ""남성의류"", ""category2"": ""상의"", ""category3"": ""긴소매 티셔츠"", ""category3_code"": 272103102, ""is_new"": false, ""item_no"": 3787186, ""period_sort"": ""ONE_DAY"", ""platform"": ""29cm"", ""ranking_category_code"": ""272103100"", ""ranking_category_name"": ""남성의류>상의"", ""review_avg"": 5.0, ""sale_percent"": 11, ""sale_price"": 31100, ""sold_out"": false, ""url"": ""https://product.29cm.co.kr/catalog/3787186""}",2026-10-04T13:00:06+00:00_caa7d0f3
2026-10-04T22:00:06+09:00,2026-10-04T13:00:07+00:00,commerce_rank,리브드 크롭 헨리넥 롱슬리브 ( 4Color ),29cm:3787186@272103100,rank,49.0,"{""brand_eng"": ""BRENSON"", ""brand_kor"": ""브렌슨"", ""brand_no"": 8969, ""category1"": ""남성의류"", ""category2"": ""상의"", ""category3"": ""긴소매 티셔츠"", ""category3_code"": 272103102, ""is_new"": false, ""item_no"": 3787186, ""period_sort"": ""ONE_DAY"", ""platform"": ""29cm"", ""ranking_category_code"": ""272103100"", ""ranking_category_name"": ""남성의류>상의"", ""review_avg"": 5.0, ""sale_percent"": 11, ""sale_price"": 31100, ""sold_out"": false, ""url"": ""https://product.29cm.co.kr/catalog/3787186""}",2026-10-04T13:00:06+00:00_caa7d0f3
2026-10-04T22:00:06+09:00,2026-10-04T13:00:06+00:00,commerce_rank,[14차/경리님 착용]Cut-off one shoulder sweatshirt_melange pink,29cm:3798217,heart_count,12982.0,"{""brand_eng"": ""AARAN"", ""brand_kor"": ""어랜"", ""brand_no"": 25864, ""category1"": ""여성의류"", ""category2"": ""상의"", ""category3"": ""스웨트셔츠"", ""category3_code"": 268103104, ""is_new"": false, ""item_no"": 3798217, ""period_sort"": ""ONE_DAY"", ""platform"": ""29cm"", ""ranking_category_code"": ""268103100"", ""ranking_category_name"": ""여성의류>상의"", ""review_avg"": 4.5, ""sale_percent"": 10, ""sale_price"": 76500, ""sold_out"": false, ""url"": ""https://product.29cm.co.kr/catalog/3798217""}",2026-10-04T13:00:06+00:00_caa7d0f3
2026-10-04T22:00:06+09:00,2026-10-04T13:00:06+00:00,commerce_rank,[14차/경리님 착용]Cut-off one shoulder sweatshirt_melange pink,29cm:3798217,review_count,255.0,"{""brand_eng"": ""AARAN"", ""brand_kor"": ""어랜"", ""brand_no"": 25864, ""category1"": ""여성의류"", ""category2"": ""상의"", ""category3"": ""스웨트셔츠"", ""category3_code"": 268103104, ""is_new"": false, ""item_no"": 3798217, ""period_sort"": ""ONE_DAY"", ""platform"": ""29cm"", ""ranking_category_code"": ""268103100"", ""ranking_category_name"": ""여성의류>상의"", ""review_avg"": 4.5, ""sale_percent"": 10, ""sale_price"": 76500, ""sold_out"": false, ""url"": ""https://product.29cm.co.kr/catalog/3798217""}",2026-10-04T13:00:06+00:00_caa7d0f3
2026-10-04T22:00:06+09:00,2026-10-04T13:00:06+00:00,commerce_rank,[14차/경리님 착용]Cut-off one shoulder sweatshirt_melange pink,29cm:3798217@268103100,rank,35.0,"{""brand_eng"": ""AARAN"", ""brand_kor"": ""어랜"", ""brand_no"": 25864, ""category1"": ""여성의류"", ""category2"": ""상의"", ""category3"": ""스웨트셔츠"", ""category3_code"": 268103104, ""is_new"": false, ""item_no"": 3798217, ""period_sort"": ""ONE_DAY"", ""platform"": ""29cm"", ""ranking_category_code"": ""268103100"", ""ranking_category_name"": ""여성의류>상의"", ""review_avg"": 4.5, ""sale_percent"": 10, ""sale_price"": 76500, ""sold_out"": false, ""url"": ""https://product.29cm.co.kr/catalog/3798217""}",2026-10-04T13:00:06+00:00_caa7d0f3
2026-10-04T22:00:06+09:00,2026-10-04T13:00:06+00:00,commerce_rank,[16차/예약배송] Multi raglan sweatshirt (oatmeal+navy),29cm:3804547,heart_count,5100.0,"{""brand_eng"": ""CORE DE"", ""brand_kor"": ""코어드"", ""brand_no"": 49308, ""category1"": ""여성의류"", ""category2"": ""상의"", ""category3"": ""스웨트셔츠"", ""category3_code"": 268103104, ""is_new"": false, ""item_no"": 3804547, ""period_sort"": ""ONE_DAY"", ""platform"": ""29cm"", ""ranking_category_code"": ""268103100"", ""ranking_category_name"": ""여성의류>상의"", ""review_avg"": 5.0, ""sale_percent"": 5, ""sale_price"": 84550, ""sold_out"": true, ""url"": ""https://product.29cm.co.kr/catalog/3804547""}",2026-10-04T13:00:06+00:00_caa7d0f3
2026-10-04T22:00:06+09:00,2026-10-04T13:00:06+00:00,commerce_rank,[16차/예약배송] Multi raglan sweatshirt (oatmeal+navy),29cm:3804547,review_count,115.0,"{""brand_eng"": ""CORE DE"", ""brand_kor"": ""코어드"", ""brand_no"": 49308, ""category1"": ""여성의류"", ""category2"": ""상의"", ""category3"": ""스웨트셔츠"", ""category3_code"": 268103104, ""is_new"": false, ""item_no"": 3804547, ""period_sort"": ""ONE_DAY"", ""platform"": ""29cm"", ""ranking_category_code"": ""268103100"", ""ranking_category_name"": ""여성의류>상의"", ""review_avg"": 5.0, ""sale_percent"": 5, ""sale_price"": 84550, ""sold_out"": true, ""url"": ""https://product.29cm.co.kr/catalog/3804547""}",2026-10-04T13:00:06+00:00_caa7d0f3
2026-10-04T22:00:06+09:00,2026-10-04T13:00:06+00:00,commerce_rank,[16차/예약배송] Multi raglan sweatshirt (oatmeal+navy),29cm:3804547@268103100,rank,51.0,"{""brand_eng"": ""CORE DE"", ""brand_kor"": ""코어드"", ""brand_no"": 49308, ""category1"": ""여성의류"", ""category2"": ""상의"", ""category3"": ""스웨트셔츠"", ""category3_code"": 268103104, ""is_new"": false, ""item_no"": 3804547, ""period_sort"": ""ONE_DAY"", ""platform"": ""29cm"", ""ranking_category_code"": ""268103100"", ""ranking_category_name"": ""여성의류>상의"", ""review_avg"": 5.0, ""sale_percent"": 5, ""sale_price"": 84550, ""sold_out"": true, ""url"": ""https://product.29cm.co.kr/catalog/3804547""}",2026-10-04T13:00:06+00:00_caa7d0f3
2026-10-04T22:00:06+09:00,2026-10-04T13:00:07+00:00,commerce_rank,HANES 헤인즈 시로/쿠로/모쿠 크루넥 티셔츠 (숏 슬리브/롱 슬리브),29cm:3818268,heart_count,795.0,"{""brand_eng"": ""HANES"", ""brand_kor"": ""헤인즈"", ""brand_no"": 111528, ""category1"": ""남성의류"", ""category2"": ""상의"", ""category3"": ""긴소매 티셔츠"", ""category3_code"": 272103102, ""is_new"": false, ""item_no"": 3818268, ""period_sort"": ""ONE_DAY"", ""platform"": ""29cm"", ""ranking_category_code"": ""272103100"", ""ranking_category_name"": ""남성의류>상의"", ""review_avg"": 5.0, ""sale_percent"": 15, ""sale_price"": 27970, ""sold_out"": false, ""url"": ""https://product.29cm.co.kr/catalog/3818268""}",2026-10-04T13:00:06+00:00_caa7d0f3
2026-10-04T22:00:06+09:00,2026-10-04T13:00:07+00:00,commerce_rank,HANES 헤인즈 시로/쿠로/모쿠 크루넥 티셔츠 (숏 슬리브/롱 슬리브),29cm:3818268,review_count,80.0,"{""brand_eng"": ""HANES"", ""brand_kor"": ""헤인즈"", ""brand_no"": 111528, ""category1"": ""남성의류"", ""category2"": ""상의"", ""category3"": ""긴소매 티셔츠"", ""category3_code"": 272103102, ""is_new"": false, ""item_no"": 3818268, ""period_sort"": ""ONE_DAY"", ""platform"": ""29cm"", ""ranking_category_code"": ""272103100"", ""ranking_category_name"": ""남성의류>상의"", ""review_avg"": 5.0, ""sale_percent"": 15, ""sale_price"": 27970, ""sold_out"": false, ""url"": ""https://product.29cm.co.kr/catalog/3818268""}",2026-10-04T13:00:06+00:00_caa7d0f3
2026-10-04T22:00:06+09:00,2026-10-04T13:00:07+00:00,commerce_rank,HANES 헤인즈 시로/쿠로/모쿠 크루넥 티셔츠 (숏 슬리브/롱 슬리브),29cm:3818268@272103100,rank,54.0,"{""brand_eng"": ""HANES"", ""brand_kor"": ""헤인즈"", ""brand_no"": 111528, ""category1"": ""남성의류"", ""category2"": ""상의"", ""category3"": ""긴소매 티셔츠"", ""category3_code"": 272103102, ""is_new"": false, ""item_no"": 3818268, ""period_sort"": ""ONE_DAY"", ""platform"": ""29cm"", ""ranking_category_code"": ""272103100"", ""ranking_category_name"": ""남성의류>상의"", ""review_avg"": 5.0, ""sale_percent"": 15, ""sale_price"": 27970, ""sold_out"": false, ""url"": ""https://product.29cm.co.kr/catalog/3818268""}",2026-10-04T13:00:06+00:00_caa7d0f3
2026-10-04T22:00:06+09:00,2026-10-04T13:00:06+00:00,commerce_rank,[오제PICK] Label basic half t-shirt [FRSP06TS05]_Purple,29cm:3854951,heart_count,427.0,"{""brand_eng"": ""FRIVER07"", ""brand_kor"": ""프리버07"", ""brand_no"": 76174, ""category1"": ""여성의류"", ""category2"": ""상의"", ""category3"": ""반소매 티셔츠"", ""category3_code"": 268103101, ""is_new"": false, ""item_no"": 3854951, ""period_sort"": ""ONE_DAY"", ""platform"": ""29cm"", ""ranking_category_code"": ""268103100"", ""ranking_category_name"": ""여성의류>상의"", ""review_avg"": 5.0, ""sale_percent"": 23, ""sale_price"": 31370, ""sold_out"": false, ""url"": ""https://product.29cm.co.kr/catalog/3854951""}",2026-10-04T13:00:06+00:00_caa7d0f3
2026-10-04T22:00:06+09:00,2026-10-04T13:00:06+00:00,commerce_rank,[오제PICK] Label basic half t-shirt [FRSP06TS05]_Purple,29cm:3854951,review_count,10.0,"{""brand_eng"": ""FRIVER07"", ""brand_kor"": ""프리버07"", ""brand_no"": 76174, ""category1"": ""여성의류"", ""category2"": ""상의"", ""category3"": ""반소매 티셔츠"", ""category3_code"": 268103101, ""is_new"": false, ""item_no"": 3854951, ""period_sort"": ""ONE_DAY"", ""platform"": ""29cm"", ""ranking_category_code"": ""268103100"", ""ranking_category_name"": ""여성의류>상의"", ""review_avg"": 5.0, ""sale_percent"": 23, ""sale_price"": 31370, ""sold_out"": false, ""url"": ""https://product.29cm.co.kr/catalog/3854951""}",2026-10-04T13:00:06+00:00_caa7d0f3
2026-10-04T22:00:06+09:00,2026-10-04T13:00:06+00:00,commerce_rank,[오제PICK] Label basic half t-shirt [FRSP06TS05]_Purple,29cm:3854951@268103100,rank,93.0,"{""brand_eng"": ""FRIVER07"", ""brand_kor"": ""프리버07"", ""brand_no"": 76174, ""category1"": ""여성의류"", ""category2"": ""상의"", ""category3"": ""반소매 티셔츠"", ""category3_code"": 268103101, ""is_new"": false, ""item_no"": 3854951, ""period_sort"": ""ONE_DAY"", ""platform"": ""29cm"", ""ranking_category_code"": ""268103100"", ""ranking_category_name"": ""여성의류>상의"", ""review_avg"": 5.0, ""sale_percent"": 23, ""sale_price"": 31370, ""sold_out"": false, ""url"": ""https://product.29cm.co.kr/catalog/3854951""}",2026-10-04T13:00:06+00:00_caa7d0f3
2026-10-04T22:00:06+09:00,2026-10-04T13:00:07+00:00,commerce_rank,워싱 데님 LS 셔츠_LIGHT BLUE,29cm:3867159,heart_count,11.0,"{""brand_eng"": ""Non Blank"", ""brand_kor"": ""넌블랭크"", ""brand_no"": 15620, ""category1"": ""남성의류"", ""category2"": ""상의"", ""category3"": ""긴소매 셔츠"", ""category3_code"": 272103106, ""is_new"": false, ""item_no"": 3867159, ""period_sort"": ""ONE_DAY"", ""platform"": ""29cm"", ""ranking_category_code"": ""272103100"", ""ranking_category_name"": ""남성의류>상의"", ""review_avg"": 0.0, ""sale_percent"": 10, ""sale_price"": 143910, ""sold_out"": false, ""url"": ""https://product.29cm.co.kr/catalog/3867159""}",2026-10-04T13:00:06+00:00_caa7d0f3
2026-10-04T22:00:06+09:00,2026-10-04T13:00:07+00:00,commerce_rank,워싱 데님 LS 셔츠_LIGHT BLUE,29cm:3867159,review_count,0.0,"{""brand_eng"": ""Non Blank"", ""brand_kor"": ""넌블랭크"", ""brand_no"": 15620, ""category1"": ""남성의류"", ""category2"": ""상의"", ""category3"": ""긴소매 셔츠"", ""category3_code"": 272103106, ""is_new"": false, ""item_no"": 3867159, ""period_sort"": ""ONE_DAY"", ""platform"": ""29cm"", ""ranking_category_code"": ""272103100"", ""ranking_category_name"": ""남성의류>상의"", ""review_avg"": 0.0, ""sale_percent"": 10, ""sale_price"": 143910, ""sold_out"": false, ""url"": ""https://product.29cm.co.kr/catalog/3867159""}",2026-10-04T13:00:06+00:00_caa7d0f3
2026-10-04T22:00:06+09:00,2026-10-04T13:00:07+00:00,commerce_rank,워싱 데님 LS 셔츠_LIGHT BLUE,29cm:3867159@272103100,rank,85.0,"{""brand_eng"": ""Non Blank"", ""brand_kor"": ""넌블랭크"", ""brand_no"": 15620, ""category1"": ""남성의류"", ""category2"": ""상의"", ""category3"": ""긴소매 셔츠"", ""category3_code"": 272103106, ""is_new"": false, ""item_no"": 3867159, ""period_sort"": ""ONE_DAY"", ""platform"": ""29cm"", ""ranking_category_code"": ""272103100"", ""ranking_category_name"": ""남성의류>상의"", ""review_avg"": 0.0, ""sale_percent"": 10, ""sale_price"": 143910, ""sold_out"": false, ""url"": ""https://product.29cm.co.kr/catalog/3867159""}",2026-10-04T13:00:06+00:00_caa7d0f3
2026-10-04T22:00:06+09:00,2026-10-04T13:00:07+00:00,commerce_rank,TG2-TS05 튜블러 티 (11 Color),29cm:3873884,heart_count,4652.0,"{""brand_eng"": ""THOMAS MORE"", ""brand_kor"": ""토마스모어"", ""brand_no"": 2111, ""category1"": ""남성의류"", ""category2"": ""상의"", ""category3"": ""반소매 티셔츠"", ""category3_code"": 272103101, ""is_new"": false, ""item_no"": 3873884, ""period_sort"": ""ONE_DAY"", ""platform"": ""29cm"", ""ranking_category_code"": ""272103100"", ""ranking_category_name"": ""남성의류>상의"", ""review_avg"": 4.5, ""sale_percent"": 0, ""sale_price"": 23700, ""sold_out"": false, ""url"": ""https://product.29cm.co.kr/catalog/3873884""}",2026-10-04T13:00:06+00:00_caa7d0f3
2026-10-04T22:00:06+09:00,2026-10-04T13:00:07+00:00,commerce_rank,TG2-TS05 튜블러 티 (11 Color),29cm:3873884,review_count,797.0,"{""brand_eng"": ""THOMAS MORE"", ""brand_kor"": ""토마스모어"", ""brand_no"": 2111, ""category1"": ""남성의류"", ""category2"": ""상의"", ""category3"": ""반소매 티셔츠"", ""category3_code"": 272103101, ""is_new"": false, ""item_no"": 3873884, ""period_sort"": ""ONE_DAY"", ""platform"": ""29cm"", ""ranking_category_code"": ""272103100"", ""ranking_category_name"": ""남성의류>상의"", ""review_avg"": 4.5, ""sale_percent"": 0, ""sale_price"": 23700, ""sold_out"": false, ""url"": ""https://product.29cm.co.kr/catalog/3873884""}",2026-10-04T13:00:06+00:00_caa7d0f3
2026-10-04T22:00:06+09:00,2026-10-04T13:00:07+00:00,commerce_rank,TG2-TS05 튜블러 티 (11 Color),29cm:3873884@272103100,rank,9.0,"{""brand_eng"": ""THOMAS MORE"", ""brand_kor"": ""토마스모어"", ""brand_no"": 2111, ""category1"": ""남성의류"", ""category2"": ""상의"", ""category3"": ""반소매 티셔츠"", ""category3_code"": 272103101, ""is_new"": false, ""item_no"": 3873884, ""period_sort"": ""ONE_DAY"", ""platform"": ""29cm"", ""ranking_category_code"": ""272103100"", ""ranking_category_name"": ""남성의류>상의"", ""review_avg"": 4.5, ""sale_percent"": 0, ""sale_price"": 23700, ""sold_out"": false, ""url"": ""https://product.29cm.co.kr/catalog/3873884""}",2026-10-04T13:00:06+00:00_caa7d0f3
2026-10-04T22:00:06+09:00,2026-10-04T13:00:07+00:00,commerce_rank,와플 크루넥 롱슬리브 MELANGE GREY,29cm:3875623,heart_count,55.0,"{""brand_eng"": ""INSILENCE"", ""brand_kor"": ""인사일런스"", ""brand_no"": 1642, ""category1"": ""남성의류"", ""category2"": ""상의"", ""category3"": ""긴소매 티셔츠"", ""category3_code"": 272103102, ""is_new"": false, ""item_no"": 3875623, ""period_sort"": ""ONE_DAY"", ""platform"": ""29cm"", ""ranking_category_code"": ""272103100"", ""ranking_category_name"": ""남성의류>상의"", ""review_avg"": 5.0, ""sale_percent"": 20, ""sale_price"": 44100, ""sold_out"": false, ""url"": ""https://product.29cm.co.kr/catalog/3875623""}",2026-10-04T13:00:06+00:00_caa7d0f3
2026-10-04T22:00:06+09:00,2026-10-04T13:00:07+00:00,commerce_rank,와플 크루넥 롱슬리브 MELANGE GREY,29cm:3875623,review_count,2.0,"{""brand_eng"": ""INSILENCE"", ""brand_kor"": ""인사일런스"", ""brand_no"": 1642, ""category1"": ""남성의류"", ""category2"": ""상의"", ""category3"": ""긴소매 티셔츠"", ""category3_code"": 272103102, ""is_new"": false, ""item_no"": 3875623, ""period_sort"": ""ONE_DAY"", ""platform"": ""29cm"", ""ranking_category_code"": ""272103100"", ""ranking_category_name"": ""남성의류>상의"", ""review_avg"": 5.0, ""sale_percent"": 20, ""sale_price"": 44100, ""sold_out"": false, ""url"": ""https://product.29cm.co.kr/catalog/3875623""}",2026-10-04T13:00:06+00:00_caa7d0f3
2026-10-04T22:00:06+09:00,2026-10-04T13:00:07+00:00,commerce_rank,와플 크루넥 롱슬리브 MELANGE GREY,29cm:3875623@272103100,rank,89.0,"{""brand_eng"": ""INSILENCE"", ""brand_kor"": ""인사일런스"", ""brand_no"": 1642, ""category1"": ""남성의류"", ""category2"": ""상의"", ""category3"": ""긴소매 티셔츠"", ""category3_code"": 272103102, ""is_new"": false, ""item_no"": 3875623, ""period_sort"": ""ONE_DAY"", ""platform"": ""29cm"", ""ranking_category_code"": ""272103100"", ""ranking_category_name"": ""남성의류>상의"", ""review_avg"": 5.0, ""sale_percent"": 20, ""sale_price"": 44100, ""sold_out"": false, ""url"": ""https://product.29cm.co.kr/catalog/3875623""}",2026-10-04T13:00:06+00:00_caa7d0f3
2026-10-04T22:00:06+09:00,2026-10-04T13:00:07+00:00,commerce_rank,"Sweat Half Zip Up, Black",29cm:3930302,heart_count,155.0,"{""brand_eng"": ""BROWNYARD"", ""brand_kor"": ""브라운야드"", ""brand_no"": 2211, ""category1"": ""남성의류"", ""category2"": ""상의"", ""category3"": ""집업"", ""category3_code"": 272103109, ""is_new"": false, ""item_no"": 3930302, ""period_sort"": ""ONE_DAY"", ""platform"": ""29cm"", ""ranking_category_code"": ""272103100"", ""ranking_category_name"": ""남성의류>상의"", ""review_avg"": 4.5, ""sale_percent"": 30, ""sale_price"": 117600, ""sold_out"": false, ""url"": ""https://product.29cm.co.kr/catalog/3930302""}",2026-10-04T13:00:06+00:00_caa7d0f3
2026-10-04T22:00:06+09:00,2026-10-04T13:00:07+00:00,commerce_rank,"Sweat Half Zip Up, Black",29cm:3930302,review_count,3.0,"{""brand_eng"": ""BROWNYARD"", ""brand_kor"": ""브라운야드"", ""brand_no"": 2211, ""category1"": ""남성의류"", ""category2"": ""상의"", ""category3"": ""집업"", ""category3_code"": 272103109, ""is_new"": false, ""item_no"": 3930302, ""period_sort"": ""ONE_DAY"", ""platform"": ""29cm"", ""ranking_category_code"": ""272103100"", ""ranking_category_name"": ""남성의류>상의"", ""review_avg"": 4.5, ""sale_percent"": 30, ""sale_price"": 117600, ""sold_out"": false, ""url"": ""https://product.29cm.co.kr/catalog/3930302""}",2026-10-04T13:00:06+00:00_caa7d0f3
2026-10-04T22:00:06+09:00,2026-10-04T13:00:07+00:00,commerce_rank,"Sweat Half Zip Up, Black",29cm:3930302@272103100,rank,96.0,"{""brand_eng"": ""BROWNYARD"", ""brand_kor"": ""브라운야드"", ""brand_no"": 2211, ""category1"": ""남성의류"", ""category2"": ""상의"", ""category3"": ""집업"", ""category3_code"": 272103109, ""is_new"": false, ""item_no"": 3930302, ""period_sort"": ""ONE_DAY"", ""platform"": ""29cm"", ""ranking_category_code"": ""272103100"", ""ranking_category_name"": ""남성의류>상의"", ""review_avg"": 4.5, ""sale_percent"": 30, ""sale_price"": 117600, ""sold_out"": false, ""url"": ""https://product.29cm.co.kr/catalog/3930302""}",2026-10-04T13:00:06+00:00_caa7d0f3
2026-10-04T22:00:06+09:00,2026-10-04T13:00:07+00:00,commerce_rank,LAUNDRY SMALL CHECK SHIRT [CHARCOAL BLACK],29cm:3945677,heart_count,671.0,"{""brand_eng"": ""UNION BLUE"", ""brand_kor"": ""유니온 블루"", ""brand_no"": 13510, ""category1"": ""남성의류"", ""category2"": ""상의"", ""category3"": ""긴소매 셔츠"", ""category3_code"": 272103106, ""is_new"": false, ""item_no"": 3945677, ""period_sort"": ""ONE_DAY"", ""platform"": ""29cm"", ""ranking_category_code"": ""272103100"", ""ranking_category_name"": ""남성의류>상의"", ""review_avg"": 5.0, ""sale_percent"": 5, ""sale_price"": 82650, ""sold_out"": false, ""url"": ""https://product.29cm.co.kr/catalog/3945677""}",2026-10-04T13:00:06+00:00_caa7d0f3
2026-10-04T22:00:06+09:00,2026-10-04T13:00:07+00:00,commerce_rank,LAUNDRY SMALL CHECK SHIRT [CHARCOAL BLACK],29cm:3945677,review_count,46.0,"{""brand_eng"": ""UNION BLUE"", ""brand_kor"": ""유니온 블루"", ""brand_no"": 13510, ""category1"": ""남성의류"", ""category2"": ""상의"", ""category3"": ""긴소매 셔츠"", ""category3_code"": 272103106, ""is_new"": false, ""item_no"": 3945677, ""period_sort"": ""ONE_DAY"", ""platform"": ""29cm"", ""ranking_category_code"": ""272103100"", ""ranking_category_name"": ""남성의류>상의"", ""review_avg"": 5.0, ""sale_percent"": 5, ""sale_price"": 82650, ""sold_out"": false, ""url"": ""https://product.29cm.co.kr/catalog/3945677""}",2026-10-04T13:00:06+00:00_caa7d0f3
2026-10-04T22:00:06+09:00,2026-10-04T13:00:07+00:00,commerce_rank,LAUNDRY SMALL CHECK SHIRT [CHARCOAL BLACK],29cm:3945677@272103100,rank,66.0,"{""brand_eng"": ""UNION BLUE"", ""brand_kor"": ""유니온 블루"", ""brand_no"": 13510, ""category1"": ""남성의류"", ""category2"": ""상의"", ""category3"": ""긴소매 셔츠"", ""category3_code"": 272103106, ""is_new"": false, ""item_no"": 3945677, ""period_sort"": ""ONE_DAY"", ""platform"": ""29cm"", ""ranking_category_code"": ""272103100"", ""ranking_category_name"": ""남성의류>상의"", ""review_avg"": 5.0, ""sale_percent"": 5, ""sale_price"": 82650, ""sold_out"": false, ""url"": ""https://product.29cm.co.kr/catalog/3945677""}",2026-10-04T13:00:06+00:00_caa7d0f3
2026-10-04T22:00:06+09:00,2026-10-04T13:00:06+00:00,commerce_rank,[화사PICK] 에르고핏 베이직 홀터탑,29cm:3949081,heart_count,4677.0,"{""brand_eng"": ""COMFORTLAB"", ""brand_kor"": ""컴포트랩"", ""brand_no"": 4760, ""category1"": ""여성의류"", ""category2"": ""상의"", ""category3"": ""슬리브리스"", ""category3_code"": 268103103, ""is_new"": false, ""item_no"": 3949081, ""period_sort"": ""ONE_DAY"", ""platform"": ""29cm"", ""ranking_category_code"": ""268103100"", ""ranking_category_name"": ""여성의류>상의"", ""review_avg"": 4.5, ""sale_percent"": 34, ""sale_price"": 45900, ""sold_out"": false, ""url"": ""https://product.29cm.co.kr/catalog/3949081""}",2026-10-04T13:00:06+00:00_caa7d0f3
2026-10-04T22:00:06+09:00,2026-10-04T13:00:06+00:00,commerce_rank,[화사PICK] 에르고핏 베이직 홀터탑,29cm:3949081,review_count,159.0,"{""brand_eng"": ""COMFORTLAB"", ""brand_kor"": ""컴포트랩"", ""brand_no"": 4760, ""category1"": ""여성의류"", ""category2"": ""상의"", ""category3"": ""슬리브리스"", ""category3_code"": 268103103, ""is_new"": false, ""item_no"": 3949081, ""period_sort"": ""ONE_DAY"", ""platform"": ""29cm"", ""ranking_category_code"": ""268103100"", ""ranking_category_name"": ""여성의류>상의"", ""review_avg"": 4.5, ""sale_percent"": 34, ""sale_price"": 45900, ""sold_out"": false, ""url"": ""https://product.29cm.co.kr/catalog/3949081""}",2026-10-04T13:00:06+00:00_caa7d0f3
2026-10-04T22:00:06+09:00,2026-10-04T13:00:06+00:00,commerce_rank,[화사PICK] 에르고핏 베이직 홀터탑,29cm:3949081@268103100,rank,81.0,"{""brand_eng"": ""COMFORTLAB"", ""brand_kor"": ""컴포트랩"", ""brand_no"": 4760, ""category1"": ""여성의류"", ""category2"": ""상의"", ""category3"": ""슬리브리스"", ""category3_code"": 268103103, ""is_new"": false, ""item_no"": 3949081, ""period_sort"": ""ONE_DAY"", ""platform"": ""29cm"", ""ranking_category_code"": ""268103100"", ""ranking_category_name"": ""여성의류>상의"", ""review_avg"": 4.5, ""sale_percent"": 34, ""sale_price"": 45900, ""sold_out"": false, ""url"": ""https://product.29cm.co.kr/catalog/3949081""}",2026-10-04T13:00:06+00:00_caa7d0f3
2026-10-04T22:00:06+09:00,2026-10-04T13:00:07+00:00,commerce_rank,SEMI CROP CHECK SHIRT [SLATE],29cm:4040012,heart_count,305.0,"{""brand_eng"": ""UNION BLUE"", ""brand_kor"": ""유니온 블루"", ""brand_no"": 13510, ""category1"": ""남성의류"", ""category2"": ""상의"", ""category3"": ""긴소매 셔츠"", ""category3_code"": 272103106, ""is_new"": false, ""item_no"": 4040012, ""period_sort"": ""ONE_DAY"", ""platform"": ""29cm"", ""ranking_category_code"": ""272103100"", ""ranking_category_name"": ""남성의류>상의"", ""review_avg"": 5.0, ""sale_percent"": 5, ""sale_price"": 77900, ""sold_out"": false, ""url"": ""https://product.29cm.co.kr/catalog/4040012""}",2026-10-04T13:00:06+00:00_caa7d0f3
2026-10-04T22:00:06+09:00,2026-10-04T13:00:07+00:00,commerce_rank,SEMI CROP CHECK SHIRT [SLATE],29cm:4040012,review_count,24.0,"{""brand_eng"": ""UNION BLUE"", ""brand_kor"": ""유니온 블루"", ""brand_no"": 13510, ""category1"": ""남성의류"", ""category2"": ""상의"", ""category3"": ""긴소매 셔츠"", ""category3_code"": 272103106, ""is_new"": false, ""item_no"": 4040012, ""period_sort"": ""ONE_DAY"", ""platform"": ""29cm"", ""ranking_category_code"": ""272103100"", ""ranking_category_name"": ""남성의류>상의"", ""review_avg"": 5.0, ""sale_percent"": 5, ""sale_price"": 77900, ""sold_out"": false, ""url"": ""https://product.29cm.co.kr/catalog/4040012""}",2026-10-04T13:00:06+00:00_caa7d0f3
2026-10-04T22:00:06+09:00,2026-10-04T13:00:07+00:00,commerce_rank,SEMI CROP CHECK SHIRT [SLATE],29cm:4040012@272103100,rank,92.0,"{""brand_eng"": ""UNION BLUE"", ""brand_kor"": ""유니온 블루"", ""brand_no"": 13510, ""category1"": ""남성의류"", ""category2"": ""상의"", ""category3"": ""긴소매 셔츠"", ""category3_code"": 272103106, ""is_new"": false, ""item_no"": 4040012, ""period_sort"": ""ONE_DAY"", ""platform"": ""29cm"", ""ranking_category_code"": ""272103100"", ""ranking_category_name"": ""남성의류>상의"", ""review_avg"": 5.0, ""sale_percent"": 5, ""sale_price"": 77900, ""sold_out"": false, ""url"": ""https://product.29cm.co.kr/catalog/4040012""}",2026-10-04T13:00:06+00:00_caa7d0f3
2026-10-04T22:00:06+09:00,2026-10-04T13:00:07+00:00,commerce_rank,[간절기 추천] NM5MS01J 화이트라벨 WL 스웨트셔츠 BLACK,29cm:4071745,heart_count,85.0,"{""brand_eng"": ""THE NORTH FACE"", ""brand_kor"": ""노스페이스"", ""brand_no"": 7789, ""category1"": ""여성의류"", ""category2"": ""상의"", ""category3"": ""스웨트셔츠"", ""category3_code"": 268103104, ""is_new"": false, ""item_no"": 4071745, ""period_sort"": ""ONE_DAY"", ""platform"": ""29cm"", ""ranking_category_code"": ""272103100"", ""ranking_category_name"": ""남성의류>상의"", ""review_avg"": 5.0, ""sale_percent"": 30, ""sale_price"": 61960, ""sold_out"": false, ""url"": ""https://product.29cm.co.kr/catalog/4071745""}",2026-10-04T13:00:06+00:00_caa7d0f3
2026-10-04T22:00:06+09:00,2026-10-04T13:00:07+00:00,commerce_rank,[간절기 추천] NM5MS01J 화이트라벨 WL 스웨트셔츠 BLACK,29cm:4071745,review_count,1.0,"{""brand_eng"": ""THE NORTH FACE"", ""brand_kor"": ""노스페이스"", ""brand_no"": 7789, ""category1"": ""여성의류"", ""category2"": ""상의"", ""category3"": ""스웨트셔츠"", ""category3_code"": 268103104, ""is_new"": false, ""item_no"": 4071745, ""period_sort"": ""ONE_DAY"", ""platform"": ""29cm"", ""ranking_category_code"": ""272103100"", ""ranking_category_name"": ""남성의류>상의"", ""review_avg"": 5.0, ""sale_percent"": 30, ""sale_price"": 61960, ""sold_out"": false, ""url"": ""https://product.29cm.co.kr/catalog/4071745""}",2026-10-04T13:00:06+00:00_caa7d0f3
2026-10-04T22:00:06+09:00,2026-10-04T13:00:07+00:00,commerce_rank,[간절기 추천] NM5MS01J 화이트라벨 WL 스웨트셔츠 BLACK,29cm:4071745@272103100,rank,62.0,"{""brand_eng"": ""THE NORTH FACE"", ""brand_kor"": ""노스페이스"", ""brand_no"": 7789, ""category1"": ""여성의류"", ""category2"": ""상의"", ""category3"": ""스웨트셔츠"", ""category3_code"": 268103104, ""is_new"": false, ""item_no"": 4071745, ""period_sort"": ""ONE_DAY"", ""platform"": ""29cm"", ""ranking_category_code"": ""272103100"", ""ranking_category_name"": ""남성의류>상의"", ""review_avg"": 5.0, ""sale_percent"": 30, ""sale_price"": 61960, ""sold_out"": false, ""url"": ""https://product.29cm.co.kr/catalog/4071745""}",2026-10-04T13:00:06+00:00_caa7d0f3
2026-10-04T22:00:06+09:00,2026-10-04T13:00:06+00:00,commerce_rank,Flower Mid Sleeve Shirt_Blue,29cm:4081080,heart_count,5887.0,"{""brand_eng"": ""108POUND"", ""brand_kor"": ""108파운드"", ""brand_no"": 86198, ""category1"": ""여성의류"", ""category2"": ""상의"", ""category3"": ""셔츠"", ""category3_code"": 268103106, ""is_new"": false, ""item_no"": 4081080, ""period_sort"": ""ONE_DAY"", ""platform"": ""29cm"", ""ranking_category_code"": ""268103100"", ""ranking_category_name"": ""여성의류>상의"", ""review_avg"": 4.5, ""sale_percent"": 21, ""sale_price"": 69570, ""sold_out"": false, ""url"": ""https://product.29cm.co.kr/catalog/4081080""}",2026-10-04T13:00:06+00:00_caa7d0f3
2026-10-04T22:00:06+09:00,2026-10-04T13:00:06+00:00,commerce_rank,Flower Mid Sleeve Shirt_Blue,29cm:4081080,review_count,21.0,"{""brand_eng"": ""108POUND"", ""brand_kor"": ""108파운드"", ""brand_no"": 86198, ""category1"": ""여성의류"", ""category2"": ""상의"", ""category3"": ""셔츠"", ""category3_code"": 268103106, ""is_new"": false, ""item_no"": 4081080, ""period_sort"": ""ONE_DAY"", ""platform"": ""29cm"", ""ranking_category_code"": ""268103100"", ""ranking_category_name"": ""여성의류>상의"", ""review_avg"": 4.5, ""sale_percent"": 21, ""sale_price"": 69570, ""sold_out"": false, ""url"": ""https://product.29cm.co.kr/catalog/4081080""}",2026-10-04T13:00:06+00:00_caa7d0f3
2026-10-04T22:00:06+09:00,2026-10-04T13:00:06+00:00,commerce_rank,Flower Mid Sleeve Shirt_Blue,29cm:4081080@268103100,rank,77.0,"{""brand_eng"": ""108POUND"", ""brand_kor"": ""108파운드"", ""brand_no"": 86198, ""category1"": ""여성의류"", ""category2"": ""상의"", ""category3"": ""셔츠"", ""category3_code"": 268103106, ""is_new"": false, ""item_no"": 4081080, ""period_sort"": ""ONE_DAY"", ""platform"": ""29cm"", ""ranking_category_code"": ""268103100"", ""ranking_category_name"": ""여성의류>상의"", ""review_avg"": 4.5, ""sale_percent"": 21, ""sale_price"": 69570, ""sold_out"": false, ""url"": ""https://product.29cm.co.kr/catalog/4081080""}",2026-10-04T13:00:06+00:00_caa7d0f3
2026-10-04T22:00:06+09:00,2026-10-04T13:00:06+00:00,commerce_rank,Henley 3/4 Sleeve Tee_Melange Gray,29cm:4081120,heart_count,10202.0,"{""brand_eng"": ""108POUND"", ""brand_kor"": ""108파운드"", ""brand_no"": 86198, ""category1"": ""여성의류"", ""category2"": ""상의"", ""category3"": ""긴소매 티셔츠"", ""category3_code"": 268103102, ""is_new"": false, ""item_no"": 4081120, ""period_sort"": ""ONE_DAY"", ""platform"": ""29cm"", ""ranking_category_code"": ""268103100"", ""ranking_category_name"": ""여성의류>상의"", ""review_avg"": 4.5, ""sale_percent"": 21, ""sale_price"": 45850, ""sold_out"": false, ""url"": ""https://product.29cm.co.kr/catalog/4081120""}",2026-10-04T13:00:06+00:00_caa7d0f3
2026-10-04T22:00:06+09:00,2026-10-04T13:00:06+00:00,commerce_rank,Henley 3/4 Sleeve Tee_Melange Gray,29cm:4081120,review_count,96.0,"{""brand_eng"": ""108POUND"", ""brand_kor"": ""108파운드"", ""brand_no"": 86198, ""category1"": ""여성의류"", ""category2"": ""상의"", ""category3"": ""긴소매 티셔츠"", ""category3_code"": 268103102, ""is_new"": false, ""item_no"": 4081120, ""period_sort"": ""ONE_DAY"", ""platform"": ""29cm"", ""ranking_category_code"": ""268103100"", ""ranking_category_name"": ""여성의류>상의"", ""review_avg"": 4.5, ""sale_percent"": 21, ""sale_price"": 45850, ""sold_out"": false, ""url"": ""https://product.29cm.co.kr/catalog/4081120""}",2026-10-04T13:00:06+00:00_caa7d0f3
2026-10-04T22:00:06+09:00,2026-10-04T13:00:06+00:00,commerce_rank,Henley 3/4 Sleeve Tee_Melange Gray,29cm:4081120@268103100,rank,46.0,"{""brand_eng"": ""108POUND"", ""brand_kor"": ""108파운드"", ""brand_no"": 86198, ""category1"": ""여성의류"", ""category2"": ""상의"", ""category3"": ""긴소매 티셔츠"", ""category3_code"": 268103102, ""is_new"": false, ""item_no"": 4081120, ""period_sort"": ""ONE_DAY"", ""platform"": ""29cm"", ""ranking_category_code"": ""268103100"", ""ranking_category_name"": ""여성의류>상의"", ""review_avg"": 4.5, ""sale_percent"": 21, ""sale_price"": 45850, ""sold_out"": false, ""url"": ""https://product.29cm.co.kr/catalog/4081120""}",2026-10-04T13:00:06+00:00_caa7d0f3
2026-10-04T22:00:06+09:00,2026-10-04T13:00:06+00:00,commerce_rank,Days Comfort Fit Shirt_White,29cm:4081128,heart_count,7885.0,"{""brand_eng"": ""108POUND"", ""brand_kor"": ""108파운드"", ""brand_no"": 86198, ""category1"": ""여성의류"", ""category2"": ""상의"", ""category3"": ""셔츠"", ""category3_code"": 268103106, ""is_new"": false, ""item_no"": 4081128, ""period_sort"": ""ONE_DAY"", ""platform"": ""29cm"", ""ranking_category_code"": ""268103100"", ""ranking_category_name"": ""여성의류>상의"", ""review_avg"": 4.5, ""sale_percent"": 21, ""sale_price"": 70360, ""sold_out"": false, ""url"": ""https://product.29cm.co.kr/catalog/4081128""}",2026-10-04T13:00:06+00:00_caa7d0f3
2026-10-04T22:00:06+09:00,2026-10-04T13:00:06+00:00,commerce_rank,Days Comfort Fit Shirt_White,29cm:4081128,review_count,66.0,"{""brand_eng"": ""108POUND"", ""brand_kor"": ""108파운드"", ""brand_no"": 86198, ""category1"": ""여성의류"", ""category2"": ""상의"", ""category3"": ""셔츠"", ""category3_code"": 268103106, ""is_new"": false, ""item_no"": 4081128, ""period_sort"": ""ONE_DAY"", ""platform"": ""29cm"", ""ranking_category_code"": ""268103100"", ""ranking_category_name"": ""여성의류>상의"", ""review_avg"": 4.5, ""sale_percent"": 21, ""sale_price"": 70360, ""sold_out"": false, ""url"": ""https://product.29cm.co.kr/catalog/4081128""}",2026-10-04T13:00:06+00:00_caa7d0f3
2026-10-04T22:00:06+09:00,2026-10-04T13:00:06+00:00,commerce_rank,Days Comfort Fit Shirt_White,29cm:4081128@268103100,rank,97.0,"{""brand_eng"": ""108POUND"", ""brand_kor"": ""108파운드"", ""brand_no"": 86198, ""category1"": ""여성의류"", ""category2"": ""상의"", ""category3"": ""셔츠"", ""category3_code"": 268103106, ""is_new"": false, ""item_no"": 4081128, ""period_sort"": ""ONE_DAY"", ""platform"": ""29cm"", ""ranking_category_code"": ""268103100"", ""ranking_category_name"": ""여성의류>상의"", ""review_avg"": 4.5, ""sale_percent"": 21, ""sale_price"": 70360, ""sold_out"": false, ""url"": ""https://product.29cm.co.kr/catalog/4081128""}",2026-10-04T13:00:06+00:00_caa7d0f3
2026-10-04T22:00:06+09:00,2026-10-04T13:00:06+00:00,commerce_rank,와플 래글런 LST (Dark Navy),29cm:4088282,heart_count,2429.0,"{""brand_eng"": ""ENZO BLUES"", ""brand_kor"": ""엔조블루스"", ""brand_no"": 1549, ""category1"": ""여성의류"", ""category2"": ""상의"", ""category3"": ""긴소매 티셔츠"", ""category3_code"": 268103102, ""is_new"": false, ""item_no"": 4088282, ""period_sort"": ""ONE_DAY"", ""platform"": ""29cm"", ""ranking_category_code"": ""268103100"", ""ranking_category_name"": ""여성의류>상의"", ""review_avg"": 5.0, ""sale_percent"": 19, ""sale_price"": 63990, ""sold_out"": false, ""url"": ""https://product.29cm.co.kr/catalog/4088282""}",2026-10-04T13:00:06+00:00_caa7d0f3
2026-10-04T22:00:06+09:00,2026-10-04T13:00:06+00:00,commerce_rank,와플 래글런 LST (Dark Navy),29cm:4088282,review_count,17.0,"{""brand_eng"": ""ENZO BLUES"", ""brand_kor"": ""엔조블루스"", ""brand_no"": 1549, ""category1"": ""여성의류"", ""category2"": ""상의"", ""category3"": ""긴소매 티셔츠"", ""category3_code"": 268103102, ""is_new"": false, ""item_no"": 4088282, ""period_sort"": ""ONE_DAY"", ""platform"": ""29cm"", ""ranking_category_code"": ""268103100"", ""ranking_category_name"": ""여성의류>상의"", ""review_avg"": 5.0, ""sale_percent"": 19, ""sale_price"": 63990, ""sold_out"": false, ""url"": ""https://product.29cm.co.kr/catalog/4088282""}",2026-10-04T13:00:06+00:00_caa7d0f3
2026-10-04T22:00:06+09:00,2026-10-04T13:00:06+00:00,commerce_rank,와플 래글런 LST (Dark Navy),29cm:4088282@268103100,rank,54.0,"{""brand_eng"": ""ENZO BLUES"", ""brand_kor"": ""엔조블루스"", ""brand_no"": 1549, ""category1"": ""여성의류"", ""category2"": ""상의"", ""category3"": ""긴소매 티셔츠"", ""category3_code"": 268103102, ""is_new"": false, ""item_no"": 4088282, ""period_sort"": ""ONE_DAY"", ""platform"": ""29cm"", ""ranking_category_code"": ""268103100"", ""ranking_category_name"": ""여성의류>상의"", ""review_avg"": 5.0, ""sale_percent"": 19, ""sale_price"": 63990, ""sold_out"": false, ""url"": ""https://product.29cm.co.kr/catalog/4088282""}",2026-10-04T13:00:06+00:00_caa7d0f3
2026-10-04T22:00:06+09:00,2026-10-04T13:00:06+00:00,commerce_rank,50s RAGLAN GRAPHIC T-SHIRT_NAVY,29cm:4096889,heart_count,9101.0,"{""brand_eng"": ""TTUDEMENT"", ""brand_kor"": ""튜드먼트"", ""brand_no"": 36259, ""category1"": ""여성의류"", ""category2"": ""상의"", ""category3"": ""긴소매 티셔츠"", ""category3_code"": 268103102, ""is_new"": false, ""item_no"": 4096889, ""period_sort"": ""ONE_DAY"", ""platform"": ""29cm"", ""ranking_category_code"": ""268103100"", ""ranking_category_name"": ""여성의류>상의"", ""review_avg"": 5.0, ""sale_percent"": 28, ""sale_price"": 50510, ""sold_out"": false, ""url"": ""https://product.29cm.co.kr/catalog/4096889""}",2026-10-04T13:00:06+00:00_caa7d0f3
2026-10-04T22:00:06+09:00,2026-10-04T13:00:06+00:00,commerce_rank,50s RAGLAN GRAPHIC T-SHIRT_NAVY,29cm:4096889,review_count,71.0,"{""brand_eng"": ""TTUDEMENT"", ""brand_kor"": ""튜드먼트"", ""brand_no"": 36259, ""category1"": ""여성의류"", ""category2"": ""상의"", ""category3"": ""긴소매 티셔츠"", ""category3_code"": 268103102, ""is_new"": false, ""item_no"": 4096889, ""period_sort"": ""ONE_DAY"", ""platform"": ""29cm"", ""ranking_category_code"": ""268103100"", ""ranking_category_name"": ""여성의류>상의"", ""review_avg"": 5.0, ""sale_percent"": 28, ""sale_price"": 50510, ""sold_out"": false, ""url"": ""https://product.29cm.co.kr/catalog/4096889""}",2026-10-04T13:00:06+00:00_caa7d0f3
2026-10-04T22:00:06+09:00,2026-10-04T13:00:06+00:00,commerce_rank,50s RAGLAN GRAPHIC T-SHIRT_NAVY,29cm:4096889@268103100,rank,24.0,"{""brand_eng"": ""TTUDEMENT"", ""brand_kor"": ""튜드먼트"", ""brand_no"": 36259, ""category1"": ""여성의류"", ""category2"": ""상의"", ""category3"": ""긴소매 티셔츠"", ""category3_code"": 268103102, ""is_new"": false, ""item_no"": 4096889, ""period_sort"": ""ONE_DAY"", ""platform"": ""29cm"", ""ranking_category_code"": ""268103100"", ""ranking_category_name"": ""여성의류>상의"", ""review_avg"": 5.0, ""sale_percent"": 28, ""sale_price"": 50510, ""sold_out"": false, ""url"": ""https://product.29cm.co.kr/catalog/4096889""}",2026-10-04T13:00:06+00:00_caa7d0f3
2026-10-04T22:00:06+09:00,2026-10-04T13:00:06+00:00,commerce_rank,"[디렉터픽] REGULAR WAFFLE HENLEY LONG SLEEVE, GRAY",29cm:4099039,heart_count,3059.0,"{""brand_eng"": ""PLZPROJECT"", ""brand_kor"": ""플리즈프로젝트"", ""brand_no"": 18645, ""category1"": ""여성의류"", ""category2"": ""상의"", ""category3"": ""긴소매 티셔츠"", ""category3_code"": 268103102, ""is_new"": false, ""item_no"": 4099039, ""period_sort"": ""ONE_DAY"", ""platform"": ""29cm"", ""ranking_category_code"": ""268103100"", ""ranking_category_name"": ""여성의류>상의"", ""review_avg"": 4.5, ""sale_percent"": 10, ""sale_price"": 52200, ""sold_out"": false, ""url"": ""https://product.29cm.co.kr/catalog/4099039""}",2026-10-04T13:00:06+00:00_caa7d0f3
2026-10-04T22:00:06+09:00,2026-10-04T13:00:06+00:00,commerce_rank,"[디렉터픽] REGULAR WAFFLE HENLEY LONG SLEEVE, GRAY",29cm:4099039,review_count,19.0,"{""brand_eng"": ""PLZPROJECT"", ""brand_kor"": ""플리즈프로젝트"", ""brand_no"": 18645, ""category1"": ""여성의류"", ""category2"": ""상의"", ""category3"": ""긴소매 티셔츠"", ""category3_code"": 268103102, ""is_new"": false, ""item_no"": 4099039, ""period_sort"": ""ONE_DAY"", ""platform"": ""29cm"", ""ranking_category_code"": ""268103100"", ""ranking_category_name"": ""여성의류>상의"", ""review_avg"": 4.5, ""sale_percent"": 10, ""sale_price"": 52200, ""sold_out"": false, ""url"": ""https://product.29cm.co.kr/catalog/4099039""}",2026-10-04T13:00:06+00:00_caa7d0f3
2026-10-04T22:00:06+09:00,2026-10-04T13:00:06+00:00,commerce_rank,"[디렉터픽] REGULAR WAFFLE HENLEY LONG SLEEVE, GRAY",29cm:4099039@268103100,rank,37.0,"{""brand_eng"": ""PLZPROJECT"", ""brand_kor"": ""플리즈프로젝트"", ""brand_no"": 18645, ""category1"": ""여성의류"", ""category2"": ""상의"", ""category3"": ""긴소매 티셔츠"", ""category3_code"": 268103102, ""is_new"": false, ""item_no"": 4099039, ""period_sort"": ""ONE_DAY"", ""platform"": ""29cm"", ""ranking_category_code"": ""268103100"", ""ranking_category_name"": ""여성의류>상의"", ""review_avg"": 4.5, ""sale_percent"": 10, ""sale_price"": 52200, ""sold_out"": false, ""url"": ""https://product.29cm.co.kr/catalog/4099039""}",2026-10-04T13:00:06+00:00_caa7d0f3
2026-10-04T22:00:06+09:00,2026-10-04T13:00:06+00:00,commerce_rank,"[디렉터픽][2차] DAMAGE WAFFLE LONG SLEEVE, CHARCOAL",29cm:4099045,heart_count,2004.0,"{""brand_eng"": ""PLZPROJECT"", ""brand_kor"": ""플리즈프로젝트"", ""brand_no"": 18645, ""category1"": ""여성의류"", ""category2"": ""상의"", ""category3"": ""긴소매 티셔츠"", ""category3_code"": 268103102, ""is_new"": false, ""item_no"": 4099045, ""period_sort"": ""ONE_DAY"", ""platform"": ""29cm"", ""ranking_category_code"": ""268103100"", ""ranking_category_name"": ""여성의류>상의"", ""review_avg"": 5.0, ""sale_percent"": 10, ""sale_price"": 53100, ""sold_out"": false, ""url"": ""https://product.29cm.co.kr/catalog/4099045""}",2026-10-04T13:00:06+00:00_caa7d0f3
2026-10-04T22:00:06+09:00,2026-10-04T13:00:06+00:00,commerce_rank,"[디렉터픽][2차] DAMAGE WAFFLE LONG SLEEVE, CHARCOAL",29cm:4099045,review_count,24.0,"{""brand_eng"": ""PLZPROJECT"", ""brand_kor"": ""플리즈프로젝트"", ""brand_no"": 18645, ""category1"": ""여성의류"", ""category2"": ""상의"", ""category3"": ""긴소매 티셔츠"", ""category3_code"": 268103102, ""is_new"": false, ""item_no"": 4099045, ""period_sort"": ""ONE_DAY"", ""platform"": ""29cm"", ""ranking_category_code"": ""268103100"", ""ranking_category_name"": ""여성의류>상의"", ""review_avg"": 5.0, ""sale_percent"": 10, ""sale_price"": 53100, ""sold_out"": false, ""url"": ""https://product.29cm.co.kr/catalog/4099045""}",2026-10-04T13:00:06+00:00_caa7d0f3
2026-10-04T22:00:06+09:00,2026-10-04T13:00:06+00:00,commerce_rank,"[디렉터픽][2차] DAMAGE WAFFLE LONG SLEEVE, CHARCOAL",29cm:4099045@268103100,rank,29.0,"{""brand_eng"": ""PLZPROJECT"", ""brand_kor"": ""플리즈프로젝트"", ""brand_no"": 18645, ""category1"": ""여성의류"", ""category2"": ""상의"", ""category3"": ""긴소매 티셔츠"", ""category3_code"": 268103102, ""is_new"": false, ""item_no"": 4099045, ""period_sort"": ""ONE_DAY"", ""platform"": ""29cm"", ""ranking_category_code"": ""268103100"", ""ranking_category_name"": ""여성의류>상의"", ""review_avg"": 5.0, ""sale_percent"": 10, ""sale_price"": 53100, ""sold_out"": false, ""url"": ""https://product.29cm.co.kr/catalog/4099045""}",2026-10-04T13:00:06+00:00_caa7d0f3
2026-10-04T22:00:06+09:00,2026-10-04T13:00:07+00:00,commerce_rank,[10주년기획] 모두의 데일리 런드리 셔츠_7 COLOR,29cm:4108168,heart_count,9.0,"{""brand_eng"": ""DIMITRI BLACK"", ""brand_kor"": ""디미트리블랙"", ""brand_no"": 1883, ""category1"": ""남성의류"", ""category2"": ""상의"", ""category3"": ""긴소매 셔츠"", ""category3_code"": 272103106, ""is_new"": false, ""item_no"": 4108168, ""period_sort"": ""ONE_DAY"", ""platform"": ""29cm"", ""ranking_category_code"": ""272103100"", ""ranking_category_name"": ""남성의류>상의"", ""review_avg"": 5.0, ""sale_percent"": 33, ""sale_price"": 29900, ""sold_out"": false, ""url"": ""https://product.29cm.co.kr/catalog/4108168""}",2026-10-04T13:00:06+00:00_caa7d0f3
2026-10-04T22:00:06+09:00,2026-10-04T13:00:07+00:00,commerce_rank,[10주년기획] 모두의 데일리 런드리 셔츠_7 COLOR,29cm:4108168,review_count,1.0,"{""brand_eng"": ""DIMITRI BLACK"", ""brand_kor"": ""디미트리블랙"", ""brand_no"": 1883, ""category1"": ""남성의류"", ""category2"": ""상의"", ""category3"": ""긴소매 셔츠"", ""category3_code"": 272103106, ""is_new"": false, ""item_no"": 4108168, ""period_sort"": ""ONE_DAY"", ""platform"": ""29cm"", ""ranking_category_code"": ""272103100"", ""ranking_category_name"": ""남성의류>상의"", ""review_avg"": 5.0, ""sale_percent"": 33, ""sale_price"": 29900, ""sold_out"": false, ""url"": ""https://product.29cm.co.kr/catalog/4108168""}",2026-10-04T13:00:06+00:00_caa7d0f3
2026-10-04T22:00:06+09:00,2026-10-04T13:00:07+00:00,commerce_rank,[10주년기획] 모두의 데일리 런드리 셔츠_7 COLOR,29cm:4108168@272103100,rank,95.0,"{""brand_eng"": ""DIMITRI BLACK"", ""brand_kor"": ""디미트리블랙"", ""brand_no"": 1883, ""category1"": ""남성의류"", ""category2"": ""상의"", ""category3"": ""긴소매 셔츠"", ""category3_code"": 272103106, ""is_new"": false, ""item_no"": 4108168, ""period_sort"": ""ONE_DAY"", ""platform"": ""29cm"", ""ranking_category_code"": ""272103100"", ""ranking_category_name"": ""남성의류>상의"", ""review_avg"": 5.0, ""sale_percent"": 33, ""sale_price"": 29900, ""sold_out"": false, ""url"": ""https://product.29cm.co.kr/catalog/4108168""}",2026-10-04T13:00:06+00:00_caa7d0f3
2026-10-04T22:00:06+09:00,2026-10-04T13:00:07+00:00,commerce_rank,로고 와플 롱슬리브 티셔츠 Grey Melange,29cm:4109966,heart_count,177.0,"{""brand_eng"": ""CHAMPION"", ""brand_kor"": ""챔피온"", ""brand_no"": 71185, ""category1"": ""여성의류"", ""category2"": ""상의"", ""category3"": ""긴소매 티셔츠"", ""category3_code"": 268103102, ""is_new"": false, ""item_no"": 4109966, ""period_sort"": ""ONE_DAY"", ""platform"": ""29cm"", ""ranking_category_code"": ""272103100"", ""ranking_category_name"": ""남성의류>상의"", ""review_avg"": 4.5, ""sale_percent"": 10, ""sale_price"": 80100, ""sold_out"": false, ""url"": ""https://product.29cm.co.kr/catalog/4109966""}",2026-10-04T13:00:06+00:00_caa7d0f3
2026-10-04T22:00:06+09:00,2026-10-04T13:00:07+00:00,commerce_rank,로고 와플 롱슬리브 티셔츠 Grey Melange,29cm:4109966,review_count,3.0,"{""brand_eng"": ""CHAMPION"", ""brand_kor"": ""챔피온"", ""brand_no"": 71185, ""category1"": ""여성의류"", ""category2"": ""상의"", ""category3"": ""긴소매 티셔츠"", ""category3_code"": 268103102, ""is_new"": false, ""item_no"": 4109966, ""period_sort"": ""ONE_DAY"", ""platform"": ""29cm"", ""ranking_category_code"": ""272103100"", ""ranking_category_name"": ""남성의류>상의"", ""review_avg"": 4.5, ""sale_percent"": 10, ""sale_price"": 80100, ""sold_out"": false, ""url"": ""https://product.29cm.co.kr/catalog/4109966""}",2026-10-04T13:00:06+00:00_caa7d0f3
2026-10-04T22:00:06+09:00,2026-10-04T13:00:07+00:00,commerce_rank,로고 와플 롱슬리브 티셔츠 Grey Melange,29cm:4109966@272103100,rank,94.0,"{""brand_eng"": ""CHAMPION"", ""brand_kor"": ""챔피온"", ""brand_no"": 71185, ""category1"": ""여성의류"", ""category2"": ""상의"", ""category3"": ""긴소매 티셔츠"", ""category3_code"": 268103102, ""is_new"": false, ""item_no"": 4109966, ""period_sort"": ""ONE_DAY"", ""platform"": ""29cm"", ""ranking_category_code"": ""272103100"", ""ranking_category_name"": ""남성의류>상의"", ""review_avg"": 4.5, ""sale_percent"": 10, ""sale_price"": 80100, ""sold_out"": false, ""url"": ""https://product.29cm.co.kr/catalog/4109966""}",2026-10-04T13:00:06+00:00_caa7d0f3
2026-10-04T22:00:06+09:00,2026-10-04T13:00:06+00:00,commerce_rank,[오제 PICK]BRUSHED ZIP UP MTM [TIFA04LT03]_Melange,29cm:4110885,heart_count,1161.0,"{""brand_eng"": ""TILLIDIE"", ""brand_kor"": ""틸아이다이"", ""brand_no"": 3421, ""category1"": ""여성의류"", ""category2"": ""상의"", ""category3"": ""스웨트셔츠"", ""category3_code"": 268103104, ""is_new"": false, ""item_no"": 4110885, ""period_sort"": ""ONE_DAY"", ""platform"": ""29cm"", ""ranking_category_code"": ""268103100"", ""ranking_category_name"": ""여성의류>상의"", ""review_avg"": 5.0, ""sale_percent"": 17, ""sale_price"": 90800, ""sold_out"": false, ""url"": ""https://product.29cm.co.kr/catalog/4110885""}",2026-10-04T13:00:06+00:00_caa7d0f3
2026-10-04T22:00:06+09:00,2026-10-04T13:00:06+00:00,commerce_rank,[오제 PICK]BRUSHED ZIP UP MTM [TIFA04LT03]_Melange,29cm:4110885,review_count,3.0,"{""brand_eng"": ""TILLIDIE"", ""brand_kor"": ""틸아이다이"", ""brand_no"": 3421, ""category1"": ""여성의류"", ""category2"": ""상의"", ""category3"": ""스웨트셔츠"", ""category3_code"": 268103104, ""is_new"": false, ""item_no"": 4110885, ""period_sort"": ""ONE_DAY"", ""platform"": ""29cm"", ""ranking_category_code"": ""268103100"", ""ranking_category_name"": ""여성의류>상의"", ""review_avg"": 5.0, ""sale_percent"": 17, ""sale_price"": 90800, ""sold_out"": false, ""url"": ""https://product.29cm.co.kr/catalog/4110885""}",2026-10-04T13:00:06+00:00_caa7d0f3
2026-10-04T22:00:06+09:00,2026-10-04T13:00:06+00:00,commerce_rank,[오제 PICK]BRUSHED ZIP UP MTM [TIFA04LT03]_Melange,29cm:4110885@268103100,rank,76.0,"{""brand_eng"": ""TILLIDIE"", ""brand_kor"": ""틸아이다이"", ""brand_no"": 3421, ""category1"": ""여성의류"", ""category2"": ""상의"", ""category3"": ""스웨트셔츠"", ""category3_code"": 268103104, ""is_new"": false, ""item_no"": 4110885, ""period_sort"": ""ONE_DAY"", ""platform"": ""29cm"", ""ranking_category_code"": ""268103100"", ""ranking_category_name"": ""여성의류>상의"", ""review_avg"": 5.0, ""sale_percent"": 17, ""sale_price"": 90800, ""sold_out"": false, ""url"": ""https://product.29cm.co.kr/catalog/4110885""}",2026-10-04T13:00:06+00:00_caa7d0f3
2026-10-04T22:00:06+09:00,2026-10-04T13:00:06+00:00,commerce_rank,Raglan Pleated Top  Black (TA6742A125),29cm:4113098,heart_count,643.0,"{""brand_eng"": ""The Aperture"", ""brand_kor"": ""디애퍼처"", ""brand_no"": 56277, ""category1"": ""여성의류"", ""category2"": ""상의"", ""category3"": ""반소매 티셔츠"", ""category3_code"": 268103101, ""is_new"": false, ""item_no"": 4113098, ""period_sort"": ""ONE_DAY"", ""platform"": ""29cm"", ""ranking_category_code"": ""268103100"", ""ranking_category_name"": ""여성의류>상의"", ""review_avg"": 5.0, ""sale_percent"": 20, ""sale_price"": 54400, ""sold_out"": false, ""url"": ""https://product.29cm.co.kr/catalog/4113098""}",2026-10-04T13:00:06+00:00_caa7d0f3
2026-10-04T22:00:06+09:00,2026-10-04T13:00:06+00:00,commerce_rank,Raglan Pleated Top  Black (TA6742A125),29cm:4113098,review_count,14.0,"{""brand_eng"": ""The Aperture"", ""brand_kor"": ""디애퍼처"", ""brand_no"": 56277, ""category1"": ""여성의류"", ""category2"": ""상의"", ""category3"": ""반소매 티셔츠"", ""category3_code"": 268103101, ""is_new"": false, ""item_no"": 4113098, ""period_sort"": ""ONE_DAY"", ""platform"": ""29cm"", ""ranking_category_code"": ""268103100"", ""ranking_category_name"": ""여성의류>상의"", ""review_avg"": 5.0, ""sale_percent"": 20, ""sale_price"": 54400, ""sold_out"": false, ""url"": ""https://product.29cm.co.kr/catalog/4113098""}",2026-10-04T13:00:06+00:00_caa7d0f3
2026-10-04T22:00:06+09:00,2026-10-04T13:00:06+00:00,commerce_rank,Raglan Pleated Top  Black (TA6742A125),29cm:4113098@268103100,rank,99.0,"{""brand_eng"": ""The Aperture"", ""brand_kor"": ""디애퍼처"", ""brand_no"": 56277, ""category1"": ""여성의류"", ""category2"": ""상의"", ""category3"": ""반소매 티셔츠"", ""category3_code"": 268103101, ""is_new"": false, ""item_no"": 4113098, ""period_sort"": ""ONE_DAY"", ""platform"": ""29cm"", ""ranking_category_code"": ""268103100"", ""ranking_category_name"": ""여성의류>상의"", ""review_avg"": 5.0, ""sale_percent"": 20, ""sale_price"": 54400, ""sold_out"": false, ""url"": ""https://product.29cm.co.kr/catalog/4113098""}",2026-10-04T13:00:06+00:00_caa7d0f3
2026-10-04T22:00:06+09:00,2026-10-04T13:00:06+00:00,commerce_rank,MAISON DE ROLA EMBROIDERY STRIPE LONG SLEEVE L/GR+NV,29cm:4115527,heart_count,1000.0,"{""brand_eng"": ""rolarola"", ""brand_kor"": ""로라로라"", ""brand_no"": 2250, ""category1"": ""여성의류"", ""category2"": ""상의"", ""category3"": ""긴소매 티셔츠"", ""category3_code"": 268103102, ""is_new"": false, ""item_no"": 4115527, ""period_sort"": ""ONE_DAY"", ""platform"": ""29cm"", ""ranking_category_code"": ""268103100"", ""ranking_category_name"": ""여성의류>상의"", ""review_avg"": 5.0, ""sale_percent"": 28, ""sale_price"": 49680, ""sold_out"": false, ""url"": ""https://product.29cm.co.kr/catalog/4115527""}",2026-10-04T13:00:06+00:00_caa7d0f3
2026-10-04T22:00:06+09:00,2026-10-04T13:00:06+00:00,commerce_rank,MAISON DE ROLA EMBROIDERY STRIPE LONG SLEEVE L/GR+NV,29cm:4115527,review_count,9.0,"{""brand_eng"": ""rolarola"", ""brand_kor"": ""로라로라"", ""brand_no"": 2250, ""category1"": ""여성의류"", ""category2"": ""상의"", ""category3"": ""긴소매 티셔츠"", ""category3_code"": 268103102, ""is_new"": false, ""item_no"": 4115527, ""period_sort"": ""ONE_DAY"", ""platform"": ""29cm"", ""ranking_category_code"": ""268103100"", ""ranking_category_name"": ""여성의류>상의"", ""review_avg"": 5.0, ""sale_percent"": 28, ""sale_price"": 49680, ""sold_out"": false, ""url"": ""https://product.29cm.co.kr/catalog/4115527""}",2026-10-04T13:00:06+00:00_caa7d0f3
2026-10-04T22:00:06+09:00,2026-10-04T13:00:06+00:00,commerce_rank,MAISON DE ROLA EMBROIDERY STRIPE LONG SLEEVE L/GR+NV,29cm:4115527@268103100,rank,49.0,"{""brand_eng"": ""rolarola"", ""brand_kor"": ""로라로라"", ""brand_no"": 2250, ""category1"": ""여성의류"", ""category2"": ""상의"", ""category3"": ""긴소매 티셔츠"", ""category3_code"": 268103102, ""is_new"": false, ""item_no"": 4115527, ""period_sort"": ""ONE_DAY"", ""platform"": ""29cm"", ""ranking_category_code"": ""268103100"", ""ranking_category_name"": ""여성의류>상의"", ""review_avg"": 5.0, ""sale_percent"": 28, ""sale_price"": 49680, ""sold_out"": false, ""url"": ""https://product.29cm.co.kr/catalog/4115527""}",2026-10-04T13:00:06+00:00_caa7d0f3
2026-10-04T22:00:06+09:00,2026-10-04T13:00:06+00:00,commerce_rank,"[소담,유미 pick]Daily Soft Slim Raglan Tee_CTT3039(6color)",29cm:4117309,heart_count,11183.0,"{""brand_eng"": ""CITTA"", ""brand_kor"": ""씨타"", ""brand_no"": 71833, ""category1"": ""여성의류"", ""category2"": ""상의"", ""category3"": ""긴소매 티셔츠"", ""category3_code"": 268103102, ""is_new"": false, ""item_no"": 4117309, ""period_sort"": ""ONE_DAY"", ""platform"": ""29cm"", ""ranking_category_code"": ""268103100"", ""ranking_category_name"": ""여성의류>상의"", ""review_avg"": 4.5, ""sale_percent"": 17, ""sale_price"": 37260, ""sold_out"": false, ""url"": ""https://product.29cm.co.kr/catalog/4117309""}",2026-10-04T13:00:06+00:00_caa7d0f3
2026-10-04T22:00:06+09:00,2026-10-04T13:00:06+00:00,commerce_rank,"[소담,유미 pick]Daily Soft Slim Raglan Tee_CTT3039(6color)",29cm:4117309,review_count,61.0,"{""brand_eng"": ""CITTA"", ""brand_kor"": ""씨타"", ""brand_no"": 71833, ""category1"": ""여성의류"", ""category2"": ""상의"", ""category3"": ""긴소매 티셔츠"", ""category3_code"": 268103102, ""is_new"": false, ""item_no"": 4117309, ""period_sort"": ""ONE_DAY"", ""platform"": ""29cm"", ""ranking_category_code"": ""268103100"", ""ranking_category_name"": ""여성의류>상의"", ""review_avg"": 4.5, ""sale_percent"": 17, ""sale_price"": 37260, ""sold_out"": false, ""url"": ""https://product.29cm.co.kr/catalog/4117309""}",2026-10-04T13:00:06+00:00_caa7d0f3
2026-10-04T22:00:06+09:00,2026-10-04T13:00:06+00:00,commerce_rank,"[소담,유미 pick]Daily Soft Slim Raglan Tee_CTT3039(6color)",29cm:4117309@268103100,rank,16.0,"{""brand_eng"": ""CITTA"", ""brand_kor"": ""씨타"", ""brand_no"": 71833, ""category1"": ""여성의류"", ""category2"": ""상의"", ""category3"": ""긴소매 티셔츠"", ""category3_code"": 268103102, ""is_new"": false, ""item_no"": 4117309, ""period_sort"": ""ONE_DAY"", ""platform"": ""29cm"", ""ranking_category_code"": ""268103100"", ""ranking_category_name"": ""여성의류>상의"", ""review_avg"": 4.5, ""sale_percent"": 17, ""sale_price"": 37260, ""sold_out"": false, ""url"": ""https://product.29cm.co.kr/catalog/4117309""}",2026-10-04T13:00:06+00:00_caa7d0f3
2026-10-04T22:00:06+09:00,2026-10-04T13:00:07+00:00,commerce_rank,스웻 크롭 반집업_6Color,29cm:4118913,heart_count,792.0,"{""brand_eng"": ""MOODINSIDE"", ""brand_kor"": ""무드인사이드"", ""brand_no"": 98995, ""category1"": ""남성의류"", ""category2"": ""상의"", ""category3"": ""스웨트셔츠"", ""category3_code"": 272103107, ""is_new"": false, ""item_no"": 4118913, ""period_sort"": ""ONE_DAY"", ""platform"": ""29cm"", ""ranking_category_code"": ""272103100"", ""ranking_category_name"": ""남성의류>상의"", ""review_avg"": 5.0, ""sale_percent"": 54, ""sale_price"": 54900, ""sold_out"": false, ""url"": ""https://product.29cm.co.kr/catalog/4118913""}",2026-10-04T13:00:06+00:00_caa7d0f3
2026-10-04T22:00:06+09:00,2026-10-04T13:00:07+00:00,commerce_rank,스웻 크롭 반집업_6Color,29cm:4118913,review_count,21.0,"{""brand_eng"": ""MOODINSIDE"", ""brand_kor"": ""무드인사이드"", ""brand_no"": 98995, ""category1"": ""남성의류"", ""category2"": ""상의"", ""category3"": ""스웨트셔츠"", ""category3_code"": 272103107, ""is_new"": false, ""item_no"": 4118913, ""period_sort"": ""ONE_DAY"", ""platform"": ""29cm"", ""ranking_category_code"": ""272103100"", ""ranking_category_name"": ""남성의류>상의"", ""review_avg"": 5.0, ""sale_percent"": 54, ""sale_price"": 54900, ""sold_out"": false, ""url"": ""https://product.29cm.co.kr/catalog/4118913""}",2026-10-04T13:00:06+00:00_caa7d0f3
2026-10-04T22:00:06+09:00,2026-10-04T13:00:07+00:00,commerce_rank,스웻 크롭 반집업_6Color,29cm:4118913@272103100,rank,14.0,"{""brand_eng"": ""MOODINSIDE"", ""brand_kor"": ""무드인사이드"", ""brand_no"": 98995, ""category1"": ""남성의류"", ""category2"": ""상의"", ""category3"": ""스웨트셔츠"", ""category3_code"": 272103107, ""is_new"": false, ""item_no"": 4118913, ""period_sort"": ""ONE_DAY"", ""platform"": ""29cm"", ""ranking_category_code"": ""272103100"", ""ranking_category_name"": ""남성의류>상의"", ""review_avg"": 5.0, ""sale_percent"": 54, ""sale_price"": 54900, ""sold_out"": false, ""url"": ""https://product.29cm.co.kr/catalog/4118913""}",2026-10-04T13:00:06+00:00_caa7d0f3
2026-10-04T22:00:06+09:00,2026-10-04T13:00:06+00:00,commerce_rank,[7th_10/15 예약배송] Marc waffle t-shirt_Navy&grey,29cm:4120280,heart_count,4857.0,"{""brand_eng"": ""Tekto"", ""brand_kor"": ""텍토"", ""brand_no"": 75938, ""category1"": ""여성의류"", ""category2"": ""상의"", ""category3"": ""긴소매 티셔츠"", ""category3_code"": 268103102, ""is_new"": false, ""item_no"": 4120280, ""period_sort"": ""ONE_DAY"", ""platform"": ""29cm"", ""ranking_category_code"": ""268103100"", ""ranking_category_name"": ""여성의류>상의"", ""review_avg"": 4.5, ""sale_percent"": 14, ""sale_price"": 64130, ""sold_out"": false, ""url"": ""https://product.29cm.co.kr/catalog/4120280""}",2026-10-04T13:00:06+00:00_caa7d0f3
2026-10-04T22:00:06+09:00,2026-10-04T13:00:06+00:00,commerce_rank,[7th_10/15 예약배송] Marc waffle t-shirt_Navy&grey,29cm:4120280,review_count,52.0,"{""brand_eng"": ""Tekto"", ""brand_kor"": ""텍토"", ""brand_no"": 75938, ""category1"": ""여성의류"", ""category2"": ""상의"", ""category3"": ""긴소매 티셔츠"", ""category3_code"": 268103102, ""is_new"": false, ""item_no"": 4120280, ""period_sort"": ""ONE_DAY"", ""platform"": ""29cm"", ""ranking_category_code"": ""268103100"", ""ranking_category_name"": ""여성의류>상의"", ""review_avg"": 4.5, ""sale_percent"": 14, ""sale_price"": 64130, ""sold_out"": false, ""url"": ""https://product.29cm.co.kr/catalog/4120280""}",2026-10-04T13:00:06+00:00_caa7d0f3
2026-10-04T22:00:06+09:00,2026-10-04T13:00:06+00:00,commerce_rank,[7th_10/15 예약배송] Marc waffle t-shirt_Navy&grey,29cm:4120280@268103100,rank,79.0,"{""brand_eng"": ""Tekto"", ""brand_kor"": ""텍토"", ""brand_no"": 75938, ""category1"": ""여성의류"", ""category2"": ""상의"", ""category3"": ""긴소매 티셔츠"", ""category3_code"": 268103102, ""is_new"": false, ""item_no"": 4120280, ""period_sort"": ""ONE_DAY"", ""platform"": ""29cm"", ""ranking_category_code"": ""268103100"", ""ranking_category_name"": ""여성의류>상의"", ""review_avg"": 4.5, ""sale_percent"": 14, ""sale_price"": 64130, ""sold_out"": false, ""url"": ""https://product.29cm.co.kr/catalog/4120280""}",2026-10-04T13:00:06+00:00_caa7d0f3
2026-10-04T22:00:06+09:00,2026-10-04T13:00:06+00:00,commerce_rank,[26th] Hines deep v-neck sweatshirt - Purple,29cm:4120936,heart_count,6003.0,"{""brand_eng"": ""APPAREL ARCHIVE"", ""brand_kor"": ""어패럴아카이브"", ""brand_no"": 98593, ""category1"": ""남성의류"", ""category2"": ""상의"", ""category3"": ""스웨트셔츠"", ""category3_code"": 272103107, ""is_new"": false, ""item_no"": 4120936, ""period_sort"": ""ONE_DAY"", ""platform"": ""29cm"", ""ranking_category_code"": ""268103100"", ""ranking_category_name"": ""여성의류>상의"", ""review_avg"": 5.0, ""sale_percent"": 10, ""sale_price"": 71100, ""sold_out"": false, ""url"": ""https://product.29cm.co.kr/catalog/4120936""}",2026-10-04T13:00:06+00:00_caa7d0f3
2026-10-04T22:00:06+09:00,2026-10-04T13:00:06+00:00,commerce_rank,[26th] Hines deep v-neck sweatshirt - Purple,29cm:4120936,review_count,30.0,"{""brand_eng"": ""APPAREL ARCHIVE"", ""brand_kor"": ""어패럴아카이브"", ""brand_no"": 98593, ""category1"": ""남성의류"", ""category2"": ""상의"", ""category3"": ""스웨트셔츠"", ""category3_code"": 272103107, ""is_new"": false, ""item_no"": 4120936, ""period_sort"": ""ONE_DAY"", ""platform"": ""29cm"", ""ranking_category_code"": ""268103100"", ""ranking_category_name"": ""여성의류>상의"", ""review_avg"": 5.0, ""sale_percent"": 10, ""sale_price"": 71100, ""sold_out"": false, ""url"": ""https://product.29cm.co.kr/catalog/4120936""}",2026-10-04T13:00:06+00:00_caa7d0f3
2026-10-04T22:00:06+09:00,2026-10-04T13:00:06+00:00,commerce_rank,[26th] Hines deep v-neck sweatshirt - Purple,29cm:4120936@268103100,rank,63.0,"{""brand_eng"": ""APPAREL ARCHIVE"", ""brand_kor"": ""어패럴아카이브"", ""brand_no"": 98593, ""category1"": ""남성의류"", ""category2"": ""상의"", ""category3"": ""스웨트셔츠"", ""category3_code"": 272103107, ""is_new"": false, ""item_no"": 4120936, ""period_sort"": ""ONE_DAY"", ""platform"": ""29cm"", ""ranking_category_code"": ""268103100"", ""ranking_category_name"": ""여성의류>상의"", ""review_avg"": 5.0, ""sale_percent"": 10, ""sale_price"": 71100, ""sold_out"": false, ""url"": ""https://product.29cm.co.kr/catalog/4120936""}",2026-10-04T13:00:06+00:00_caa7d0f3
2026-10-04T22:00:06+09:00,2026-10-04T13:00:06+00:00,commerce_rank,[3rd]Sakariba Half-zip Sweatshirt Beige,29cm:4122644,heart_count,279.0,"{""brand_eng"": ""TORTE"", ""brand_kor"": ""토르테"", ""brand_no"": 104998, ""category1"": ""여성의류"", ""category2"": ""상의"", ""category3"": ""스웨트셔츠"", ""category3_code"": 268103104, ""is_new"": false, ""item_no"": 4122644, ""period_sort"": ""ONE_DAY"", ""platform"": ""29cm"", ""ranking_category_code"": ""268103100"", ""ranking_category_name"": ""여성의류>상의"", ""review_avg"": 5.0, ""sale_percent"": 33, ""sale_price"": 85790, ""sold_out"": false, ""url"": ""https://product.29cm.co.kr/catalog/4122644""}",2026-10-04T13:00:06+00:00_caa7d0f3
2026-10-04T22:00:06+09:00,2026-10-04T13:00:06+00:00,commerce_rank,[3rd]Sakariba Half-zip Sweatshirt Beige,29cm:4122644,review_count,6.0,"{""brand_eng"": ""TORTE"", ""brand_kor"": ""토르테"", ""brand_no"": 104998, ""category1"": ""여성의류"", ""category2"": ""상의"", ""category3"": ""스웨트셔츠"", ""category3_code"": 268103104, ""is_new"": false, ""item_no"": 4122644, ""period_sort"": ""ONE_DAY"", ""platform"": ""29cm"", ""ranking_category_code"": ""268103100"", ""ranking_category_name"": ""여성의류>상의"", ""review_avg"": 5.0, ""sale_percent"": 33, ""sale_price"": 85790, ""sold_out"": false, ""url"": ""https://product.29cm.co.kr/catalog/4122644""}",2026-10-04T13:00:06+00:00_caa7d0f3
2026-10-04T22:00:06+09:00,2026-10-04T13:00:06+00:00,commerce_rank,[3rd]Sakariba Half-zip Sweatshirt Beige,29cm:4122644@268103100,rank,91.0,"{""brand_eng"": ""TORTE"", ""brand_kor"": ""토르테"", ""brand_no"": 104998, ""category1"": ""여성의류"", ""category2"": ""상의"", ""category3"": ""스웨트셔츠"", ""category3_code"": 268103104, ""is_new"": false, ""item_no"": 4122644, ""period_sort"": ""ONE_DAY"", ""platform"": ""29cm"", ""ranking_category_code"": ""268103100"", ""ranking_category_name"": ""여성의류>상의"", ""review_avg"": 5.0, ""sale_percent"": 33, ""sale_price"": 85790, ""sold_out"": false, ""url"": ""https://product.29cm.co.kr/catalog/4122644""}",2026-10-04T13:00:06+00:00_caa7d0f3
2026-10-04T22:00:06+09:00,2026-10-04T13:00:06+00:00,commerce_rank,[7th]Standard-fit Basic Sleeveless,29cm:4122652,heart_count,454.0,"{""brand_eng"": ""TORTE"", ""brand_kor"": ""토르테"", ""brand_no"": 104998, ""category1"": ""여성의류"", ""category2"": ""상의"", ""category3"": ""슬리브리스"", ""category3_code"": 268103103, ""is_new"": false, ""item_no"": 4122652, ""period_sort"": ""ONE_DAY"", ""platform"": ""29cm"", ""ranking_category_code"": ""268103100"", ""ranking_category_name"": ""여성의류>상의"", ""review_avg"": 5.0, ""sale_percent"": 30, ""sale_price"": 27300, ""sold_out"": false, ""url"": ""https://product.29cm.co.kr/catalog/4122652""}",2026-10-04T13:00:06+00:00_caa7d0f3
2026-10-04T22:00:06+09:00,2026-10-04T13:00:06+00:00,commerce_rank,[7th]Standard-fit Basic Sleeveless,29cm:4122652,review_count,11.0,"{""brand_eng"": ""TORTE"", ""brand_kor"": ""토르테"", ""brand_no"": 104998, ""category1"": ""여성의류"", ""category2"": ""상의"", ""category3"": ""슬리브리스"", ""category3_code"": 268103103, ""is_new"": false, ""item_no"": 4122652, ""period_sort"": ""ONE_DAY"", ""platform"": ""29cm"", ""ranking_category_code"": ""268103100"", ""ranking_category_name"": ""여성의류>상의"", ""review_avg"": 5.0, ""sale_percent"": 30, ""sale_price"": 27300, ""sold_out"": false, ""url"": ""https://product.29cm.co.kr/catalog/4122652""}",2026-10-04T13:00:06+00:00_caa7d0f3
2026-10-04T22:00:06+09:00,2026-10-04T13:00:06+00:00,commerce_rank,[7th]Standard-fit Basic Sleeveless,29cm:4122652@268103100,rank,45.0,"{""brand_eng"": ""TORTE"", ""brand_kor"": ""토르테"", ""brand_no"": 104998, ""category1"": ""여성의류"", ""category2"": ""상의"", ""category3"": ""슬리브리스"", ""category3_code"": 268103103, ""is_new"": false, ""item_no"": 4122652, ""period_sort"": ""ONE_DAY"", ""platform"": ""29cm"", ""ranking_category_code"": ""268103100"", ""ranking_category_name"": ""여성의류>상의"", ""review_avg"": 5.0, ""sale_percent"": 30, ""sale_price"": 27300, ""sold_out"": false, ""url"": ""https://product.29cm.co.kr/catalog/4122652""}",2026-10-04T13:00:06+00:00_caa7d0f3
2026-10-04T22:00:06+09:00,2026-10-04T13:00:06+00:00,commerce_rank,[4th]Boat Neck 3/4 Sleeve T-Shirt,29cm:4122668,heart_count,383.0,"{""brand_eng"": ""TORTE"", ""brand_kor"": ""토르테"", ""brand_no"": 104998, ""category1"": ""여성의류"", ""category2"": ""상의"", ""category3"": ""긴소매 티셔츠"", ""category3_code"": 268103102, ""is_new"": false, ""item_no"": 4122668, ""period_sort"": ""ONE_DAY"", ""platform"": ""29cm"", ""ranking_category_code"": ""268103100"", ""ranking_category_name"": ""여성의류>상의"", ""review_avg"": 5.0, ""sale_percent"": 30, ""sale_price"": 29400, ""sold_out"": false, ""url"": ""https://product.29cm.co.kr/catalog/4122668""}",2026-10-04T13:00:06+00:00_caa7d0f3
2026-10-04T22:00:06+09:00,2026-10-04T13:00:06+00:00,commerce_rank,[4th]Boat Neck 3/4 Sleeve T-Shirt,29cm:4122668,review_count,10.0,"{""brand_eng"": ""TORTE"", ""brand_kor"": ""토르테"", ""brand_no"": 104998, ""category1"": ""여성의류"", ""category2"": ""상의"", ""category3"": ""긴소매 티셔츠"", ""category3_code"": 268103102, ""is_new"": false, ""item_no"": 4122668, ""period_sort"": ""ONE_DAY"", ""platform"": ""29cm"", ""ranking_category_code"": ""268103100"", ""ranking_category_name"": ""여성의류>상의"", ""review_avg"": 5.0, ""sale_percent"": 30, ""sale_price"": 29400, ""sold_out"": false, ""url"": ""https://product.29cm.co.kr/catalog/4122668""}",2026-10-04T13:00:06+00:00_caa7d0f3
2026-10-04T22:00:06+09:00,2026-10-04T13:00:06+00:00,commerce_rank,[4th]Boat Neck 3/4 Sleeve T-Shirt,29cm:4122668@268103100,rank,62.0,"{""brand_eng"": ""TORTE"", ""brand_kor"": ""토르테"", ""brand_no"": 104998, ""category1"": ""여성의류"", ""category2"": ""상의"", ""category3"": ""긴소매 티셔츠"", ""category3_code"": 268103102, ""is_new"": false, ""item_no"": 4122668, ""period_sort"": ""ONE_DAY"", ""platform"": ""29cm"", ""ranking_category_code"": ""268103100"", ""ranking_category_name"": ""여성의류>상의"", ""review_avg"": 5.0, ""sale_percent"": 30, ""sale_price"": 29400, ""sold_out"": false, ""url"": ""https://product.29cm.co.kr/catalog/4122668""}",2026-10-04T13:00:06+00:00_caa7d0f3
2026-10-04T22:00:06+09:00,2026-10-04T13:00:07+00:00,commerce_rank,커스텀 핏 옥스포드 셔츠 (WHITE),29cm:4124084,heart_count,99.0,"{""brand_eng"": ""POLO RALPH LAUREN"", ""brand_kor"": ""폴로 랄프 로렌"", ""brand_no"": 6890, ""category1"": ""남성의류"", ""category2"": ""상의"", ""category3"": ""긴소매 셔츠"", ""category3_code"": 272103106, ""is_new"": false, ""item_no"": 4124084, ""period_sort"": ""ONE_DAY"", ""platform"": ""29cm"", ""ranking_category_code"": ""272103100"", ""ranking_category_name"": ""남성의류>상의"", ""review_avg"": 0.0, ""sale_percent"": 0, ""sale_price"": 259000, ""sold_out"": false, ""url"": ""https://product.29cm.co.kr/catalog/4124084""}",2026-10-04T13:00:06+00:00_caa7d0f3
2026-10-04T22:00:06+09:00,2026-10-04T13:00:07+00:00,commerce_rank,커스텀 핏 옥스포드 셔츠 (WHITE),29cm:4124084,review_count,0.0,"{""brand_eng"": ""POLO RALPH LAUREN"", ""brand_kor"": ""폴로 랄프 로렌"", ""brand_no"": 6890, ""category1"": ""남성의류"", ""category2"": ""상의"", ""category3"": ""긴소매 셔츠"", ""category3_code"": 272103106, ""is_new"": false, ""item_no"": 4124084, ""period_sort"": ""ONE_DAY"", ""platform"": ""29cm"", ""ranking_category_code"": ""272103100"", ""ranking_category_name"": ""남성의류>상의"", ""review_avg"": 0.0, ""sale_percent"": 0, ""sale_price"": 259000, ""sold_out"": false, ""url"": ""https://product.29cm.co.kr/catalog/4124084""}",2026-10-04T13:00:06+00:00_caa7d0f3
2026-10-04T22:00:06+09:00,2026-10-04T13:00:07+00:00,commerce_rank,커스텀 핏 옥스포드 셔츠 (WHITE),29cm:4124084@272103100,rank,88.0,"{""brand_eng"": ""POLO RALPH LAUREN"", ""brand_kor"": ""폴로 랄프 로렌"", ""brand_no"": 6890, ""category1"": ""남성의류"", ""category2"": ""상의"", ""category3"": ""긴소매 셔츠"", ""category3_code"": 272103106, ""is_new"": false, ""item_no"": 4124084, ""period_sort"": ""ONE_DAY"", ""platform"": ""29cm"", ""ranking_category_code"": ""272103100"", ""ranking_category_name"": ""남성의류>상의"", ""review_avg"": 0.0, ""sale_percent"": 0, ""sale_price"": 259000, ""sold_out"": false, ""url"": ""https://product.29cm.co.kr/catalog/4124084""}",2026-10-04T13:00:06+00:00_caa7d0f3
2026-10-04T22:00:06+09:00,2026-10-04T13:00:06+00:00,commerce_rank,MORIN LACE SLEEVELESS (2COLOR),29cm:4125859,heart_count,5485.0,"{""brand_eng"": ""FOLNUA"", ""brand_kor"": ""폴뉴아"", ""brand_no"": 15359, ""category1"": ""여성의류"", ""category2"": ""상의"", ""category3"": ""슬리브리스"", ""category3_code"": 268103103, ""is_new"": false, ""item_no"": 4125859, ""period_sort"": ""ONE_DAY"", ""platform"": ""29cm"", ""ranking_category_code"": ""268103100"", ""ranking_category_name"": ""여성의류>상의"", ""review_avg"": 5.0, ""sale_percent"": 19, ""sale_price"": 36330, ""sold_out"": true, ""url"": ""https://product.29cm.co.kr/catalog/4125859""}",2026-10-04T13:00:06+00:00_caa7d0f3
2026-10-04T22:00:06+09:00,2026-10-04T13:00:06+00:00,commerce_rank,MORIN LACE SLEEVELESS (2COLOR),29cm:4125859,review_count,23.0,"{""brand_eng"": ""FOLNUA"", ""brand_kor"": ""폴뉴아"", ""brand_no"": 15359, ""category1"": ""여성의류"", ""category2"": ""상의"", ""category3"": ""슬리브리스"", ""category3_code"": 268103103, ""is_new"": false, ""item_no"": 4125859, ""period_sort"": ""ONE_DAY"", ""platform"": ""29cm"", ""ranking_category_code"": ""268103100"", ""ranking_category_name"": ""여성의류>상의"", ""review_avg"": 5.0, ""sale_percent"": 19, ""sale_price"": 36330, ""sold_out"": true, ""url"": ""https://product.29cm.co.kr/catalog/4125859""}",2026-10-04T13:00:06+00:00_caa7d0f3
2026-10-04T22:00:06+09:00,2026-10-04T13:00:06+00:00,commerce_rank,MORIN LACE SLEEVELESS (2COLOR),29cm:4125859@268103100,rank,2.0,"{""brand_eng"": ""FOLNUA"", ""brand_kor"": ""폴뉴아"", ""brand_no"": 15359, ""category1"": ""여성의류"", ""category2"": ""상의"", ""category3"": ""슬리브리스"", ""category3_code"": 268103103, ""is_new"": false, ""item_no"": 4125859, ""period_sort"": ""ONE_DAY"", ""platform"": ""29cm"", ""ranking_category_code"": ""268103100"", ""ranking_category_name"": ""여성의류>상의"", ""review_avg"": 5.0, ""sale_percent"": 19, ""sale_price"": 36330, ""sold_out"": true, ""url"": ""https://product.29cm.co.kr/catalog/4125859""}",2026-10-04T13:00:06+00:00_caa7d0f3
2026-10-04T22:00:06+09:00,2026-10-04T13:00:07+00:00,commerce_rank,[1st Reorder] Raw Edge L/S Tee - 3 Color,29cm:4127841,heart_count,427.0,"{""brand_eng"": ""NWT"", ""brand_kor"": ""엔더블유티"", ""brand_no"": 1813, ""category1"": ""남성의류"", ""category2"": ""상의"", ""category3"": ""긴소매 티셔츠"", ""category3_code"": 272103102, ""is_new"": false, ""item_no"": 4127841, ""period_sort"": ""ONE_DAY"", ""platform"": ""29cm"", ""ranking_category_code"": ""272103100"", ""ranking_category_name"": ""남성의류>상의"", ""review_avg"": 0.0, ""sale_percent"": 0, ""sale_price"": 68000, ""sold_out"": false, ""url"": ""https://product.29cm.co.kr/catalog/4127841""}",2026-10-04T13:00:06+00:00_caa7d0f3
2026-10-04T22:00:06+09:00,2026-10-04T13:00:07+00:00,commerce_rank,[1st Reorder] Raw Edge L/S Tee - 3 Color,29cm:4127841,review_count,0.0,"{""brand_eng"": ""NWT"", ""brand_kor"": ""엔더블유티"", ""brand_no"": 1813, ""category1"": ""남성의류"", ""category2"": ""상의"", ""category3"": ""긴소매 티셔츠"", ""category3_code"": 272103102, ""is_new"": false, ""item_no"": 4127841, ""period_sort"": ""ONE_DAY"", ""platform"": ""29cm"", ""ranking_category_code"": ""272103100"", ""ranking_category_name"": ""남성의류>상의"", ""review_avg"": 0.0, ""sale_percent"": 0, ""sale_price"": 68000, ""sold_out"": false, ""url"": ""https://product.29cm.co.kr/catalog/4127841""}",2026-10-04T13:00:06+00:00_caa7d0f3
2026-10-04T22:00:06+09:00,2026-10-04T13:00:07+00:00,commerce_rank,[1st Reorder] Raw Edge L/S Tee - 3 Color,29cm:4127841@272103100,rank,8.0,"{""brand_eng"": ""NWT"", ""brand_kor"": ""엔더블유티"", ""brand_no"": 1813, ""category1"": ""남성의류"", ""category2"": ""상의"", ""category3"": ""긴소매 티셔츠"", ""category3_code"": 272103102, ""is_new"": false, ""item_no"": 4127841, ""period_sort"": ""ONE_DAY"", ""platform"": ""29cm"", ""ranking_category_code"": ""272103100"", ""ranking_category_name"": ""남성의류>상의"", ""review_avg"": 0.0, ""sale_percent"": 0, ""sale_price"": 68000, ""sold_out"": false, ""url"": ""https://product.29cm.co.kr/catalog/4127841""}",2026-10-04T13:00:06+00:00_caa7d0f3
2026-10-04T22:00:06+09:00,2026-10-04T13:00:07+00:00,commerce_rank,레스티드 세미 오버핏 브이넥 니트 [차콜],29cm:4128064,heart_count,2.0,"{""brand_eng"": ""WORK ON BODY OFF"", ""brand_kor"": ""워크온바디오프"", ""brand_no"": 96347, ""category1"": ""남성의류"", ""category2"": ""상의"", ""category3"": ""긴소매 티셔츠"", ""category3_code"": 272103102, ""is_new"": false, ""item_no"": 4128064, ""period_sort"": ""ONE_DAY"", ""platform"": ""29cm"", ""ranking_category_code"": ""272103100"", ""ranking_category_name"": ""남성의류>상의"", ""review_avg"": 0.0, ""sale_percent"": 41, ""sale_price"": 21170, ""sold_out"": true, ""url"": ""https://product.29cm.co.kr/catalog/4128064""}",2026-10-04T13:00:06+00:00_caa7d0f3
2026-10-04T22:00:06+09:00,2026-10-04T13:00:07+00:00,commerce_rank,레스티드 세미 오버핏 브이넥 니트 [차콜],29cm:4128064,review_count,0.0,"{""brand_eng"": ""WORK ON BODY OFF"", ""brand_kor"": ""워크온바디오프"", ""brand_no"": 96347, ""category1"": ""남성의류"", ""category2"": ""상의"", ""category3"": ""긴소매 티셔츠"", ""category3_code"": 272103102, ""is_new"": false, ""item_no"": 4128064, ""period_sort"": ""ONE_DAY"", ""platform"": ""29cm"", ""ranking_category_code"": ""272103100"", ""ranking_category_name"": ""남성의류>상의"", ""review_avg"": 0.0, ""sale_percent"": 41, ""sale_price"": 21170, ""sold_out"": true, ""url"": ""https://product.29cm.co.kr/catalog/4128064""}",2026-10-04T13:00:06+00:00_caa7d0f3
2026-10-04T22:00:06+09:00,2026-10-04T13:00:07+00:00,commerce_rank,레스티드 세미 오버핏 브이넥 니트 [차콜],29cm:4128064@272103100,rank,97.0,"{""brand_eng"": ""WORK ON BODY OFF"", ""brand_kor"": ""워크온바디오프"", ""brand_no"": 96347, ""category1"": ""남성의류"", ""category2"": ""상의"", ""category3"": ""긴소매 티셔츠"", ""category3_code"": 272103102, ""is_new"": false, ""item_no"": 4128064, ""period_sort"": ""ONE_DAY"", ""platform"": ""29cm"", ""ranking_category_code"": ""272103100"", ""ranking_category_name"": ""남성의류>상의"", ""review_avg"": 0.0, ""sale_percent"": 41, ""sale_price"": 21170, ""sold_out"": true, ""url"": ""https://product.29cm.co.kr/catalog/4128064""}",2026-10-04T13:00:06+00:00_caa7d0f3
2026-10-04T22:00:06+09:00,2026-10-04T13:00:07+00:00,commerce_rank,TG3-SH02 그린 셔링 체크 셔츠,29cm:4128386,heart_count,244.0,"{""brand_eng"": ""THOMAS MORE"", ""brand_kor"": ""토마스모어"", ""brand_no"": 2111, ""category1"": ""여성의류"", ""category2"": ""상의"", ""category3"": ""셔츠"", ""category3_code"": 268103106, ""is_new"": false, ""item_no"": 4128386, ""period_sort"": ""ONE_DAY"", ""platform"": ""29cm"", ""ranking_category_code"": ""272103100"", ""ranking_category_name"": ""남성의류>상의"", ""review_avg"": 4.5, ""sale_percent"": 0, ""sale_price"": 63700, ""sold_out"": false, ""url"": ""https://product.29cm.co.kr/catalog/4128386""}",2026-10-04T13:00:06+00:00_caa7d0f3
2026-10-04T22:00:06+09:00,2026-10-04T13:00:07+00:00,commerce_rank,TG3-SH02 그린 셔링 체크 셔츠,29cm:4128386,review_count,15.0,"{""brand_eng"": ""THOMAS MORE"", ""brand_kor"": ""토마스모어"", ""brand_no"": 2111, ""category1"": ""여성의류"", ""category2"": ""상의"", ""category3"": ""셔츠"", ""category3_code"": 268103106, ""is_new"": false, ""item_no"": 4128386, ""period_sort"": ""ONE_DAY"", ""platform"": ""29cm"", ""ranking_category_code"": ""272103100"", ""ranking_category_name"": ""남성의류>상의"", ""review_avg"": 4.5, ""sale_percent"": 0, ""sale_price"": 63700, ""sold_out"": false, ""url"": ""https://product.29cm.co.kr/catalog/4128386""}",2026-10-04T13:00:06+00:00_caa7d0f3
2026-10-04T22:00:06+09:00,2026-10-04T13:00:07+00:00,commerce_rank,TG3-SH02 그린 셔링 체크 셔츠,29cm:4128386@272103100,rank,64.0,"{""brand_eng"": ""THOMAS MORE"", ""brand_kor"": ""토마스모어"", ""brand_no"": 2111, ""category1"": ""여성의류"", ""category2"": ""상의"", ""category3"": ""셔츠"", ""category3_code"": 268103106, ""is_new"": false, ""item_no"": 4128386, ""period_sort"": ""ONE_DAY"", ""platform"": ""29cm"", ""ranking_category_code"": ""272103100"", ""ranking_category_name"": ""남성의류>상의"", ""review_avg"": 4.5, ""sale_percent"": 0, ""sale_price"": 63700, ""sold_out"": false, ""url"": ""https://product.29cm.co.kr/catalog/4128386""}",2026-10-04T13:00:06+00:00_caa7d0f3
2026-10-04T22:00:06+09:00,2026-10-04T13:00:07+00:00,commerce_rank,TG3-TS14 하이넥 하프집업 스웻셔츠 - [딥네이비],29cm:4128388,heart_count,400.0,"{""brand_eng"": ""THOMAS MORE"", ""brand_kor"": ""토마스모어"", ""brand_no"": 2111, ""category1"": ""남성의류"", ""category2"": ""상의"", ""category3"": ""스웨트셔츠"", ""category3_code"": 272103107, ""is_new"": false, ""item_no"": 4128388, ""period_sort"": ""ONE_DAY"", ""platform"": ""29cm"", ""ranking_category_code"": ""272103100"", ""ranking_category_name"": ""남성의류>상의"", ""review_avg"": 5.0, ""sale_percent"": 0, ""sale_price"": 73500, ""sold_out"": false, ""url"": ""https://product.29cm.co.kr/catalog/4128388""}",2026-10-04T13:00:06+00:00_caa7d0f3
2026-10-04T22:00:06+09:00,2026-10-04T13:00:07+00:00,commerce_rank,TG3-TS14 하이넥 하프집업 스웻셔츠 - [딥네이비],29cm:4128388,review_count,33.0,"{""brand_eng"": ""THOMAS MORE"", ""brand_kor"": ""토마스모어"", ""brand_no"": 2111, ""category1"": ""남성의류"", ""category2"": ""상의"", ""category3"": ""스웨트셔츠"", ""category3_code"": 272103107, ""is_new"": false, ""item_no"": 4128388, ""period_sort"": ""ONE_DAY"", ""platform"": ""29cm"", ""ranking_category_code"": ""272103100"", ""ranking_category_name"": ""남성의류>상의"", ""review_avg"": 5.0, ""sale_percent"": 0, ""sale_price"": 73500, ""sold_out"": false, ""url"": ""https://product.29cm.co.kr/catalog/4128388""}",2026-10-04T13:00:06+00:00_caa7d0f3
2026-10-04T22:00:06+09:00,2026-10-04T13:00:07+00:00,commerce_rank,TG3-TS14 하이넥 하프집업 스웻셔츠 - [딥네이비],29cm:4128388@272103100,rank,73.0,"{""brand_eng"": ""THOMAS MORE"", ""brand_kor"": ""토마스모어"", ""brand_no"": 2111, ""category1"": ""남성의류"", ""category2"": ""상의"", ""category3"": ""스웨트셔츠"", ""category3_code"": 272103107, ""is_new"": false, ""item_no"": 4128388, ""period_sort"": ""ONE_DAY"", ""platform"": ""29cm"", ""ranking_category_code"": ""272103100"", ""ranking_category_name"": ""남성의류>상의"", ""review_avg"": 5.0, ""sale_percent"": 0, ""sale_price"": 73500, ""sold_out"": false, ""url"": ""https://product.29cm.co.kr/catalog/4128388""}",2026-10-04T13:00:06+00:00_caa7d0f3
2026-10-04T22:00:06+09:00,2026-10-04T13:00:07+00:00,commerce_rank,TG3-TS07 선 페이디드 스웻셔츠 - [하버블루],29cm:4128394,heart_count,626.0,"{""brand_eng"": ""THOMAS MORE"", ""brand_kor"": ""토마스모어"", ""brand_no"": 2111, ""category1"": ""남성의류"", ""category2"": ""상의"", ""category3"": ""스웨트셔츠"", ""category3_code"": 272103107, ""is_new"": false, ""item_no"": 4128394, ""period_sort"": ""ONE_DAY"", ""platform"": ""29cm"", ""ranking_category_code"": ""272103100"", ""ranking_category_name"": ""남성의류>상의"", ""review_avg"": 5.0, ""sale_percent"": 0, ""sale_price"": 67000, ""sold_out"": false, ""url"": ""https://product.29cm.co.kr/catalog/4128394""}",2026-10-04T13:00:06+00:00_caa7d0f3
2026-10-04T22:00:06+09:00,2026-10-04T13:00:07+00:00,commerce_rank,TG3-TS07 선 페이디드 스웻셔츠 - [하버블루],29cm:4128394,review_count,35.0,"{""brand_eng"": ""THOMAS MORE"", ""brand_kor"": ""토마스모어"", ""brand_no"": 2111, ""category1"": ""남성의류"", ""category2"": ""상의"", ""category3"": ""스웨트셔츠"", ""category3_code"": 272103107, ""is_new"": false, ""item_no"": 4128394, ""period_sort"": ""ONE_DAY"", ""platform"": ""29cm"", ""ranking_category_code"": ""272103100"", ""ranking_category_name"": ""남성의류>상의"", ""review_avg"": 5.0, ""sale_percent"": 0, ""sale_price"": 67000, ""sold_out"": false, ""url"": ""https://product.29cm.co.kr/catalog/4128394""}",2026-10-04T13:00:06+00:00_caa7d0f3
2026-10-04T22:00:06+09:00,2026-10-04T13:00:07+00:00,commerce_rank,TG3-TS07 선 페이디드 스웻셔츠 - [하버블루],29cm:4128394@272103100,rank,69.0,"{""brand_eng"": ""THOMAS MORE"", ""brand_kor"": ""토마스모어"", ""brand_no"": 2111, ""category1"": ""남성의류"", ""category2"": ""상의"", ""category3"": ""스웨트셔츠"", ""category3_code"": 272103107, ""is_new"": false, ""item_no"": 4128394, ""period_sort"": ""ONE_DAY"", ""platform"": ""29cm"", ""ranking_category_code"": ""272103100"", ""ranking_category_name"": ""남성의류>상의"", ""review_avg"": 5.0, ""sale_percent"": 0, ""sale_price"": 67000, ""sold_out"": false, ""url"": ""https://product.29cm.co.kr/catalog/4128394""}",2026-10-04T13:00:06+00:00_caa7d0f3
2026-10-04T22:00:06+09:00,2026-10-04T13:00:07+00:00,commerce_rank,TG3-TS07 선 페이디드 스웻셔츠 - [프룬그레이],29cm:4128395,heart_count,389.0,"{""brand_eng"": ""THOMAS MORE"", ""brand_kor"": ""토마스모어"", ""brand_no"": 2111, ""category1"": ""남성의류"", ""category2"": ""상의"", ""category3"": ""스웨트셔츠"", ""category3_code"": 272103107, ""is_new"": false, ""item_no"": 4128395, ""period_sort"": ""ONE_DAY"", ""platform"": ""29cm"", ""ranking_category_code"": ""272103100"", ""ranking_category_name"": ""남성의류>상의"", ""review_avg"": 4.5, ""sale_percent"": 0, ""sale_price"": 67000, ""sold_out"": false, ""url"": ""https://product.29cm.co.kr/catalog/4128395""}",2026-10-04T13:00:06+00:00_caa7d0f3
2026-10-04T22:00:06+09:00,2026-10-04T13:00:07+00:00,commerce_rank,TG3-TS07 선 페이디드 스웻셔츠 - [프룬그레이],29cm:4128395,review_count,18.0,"{""brand_eng"": ""THOMAS MORE"", ""brand_kor"": ""토마스모어"", ""brand_no"": 2111, ""category1"": ""남성의류"", ""category2"": ""상의"", ""category3"": ""스웨트셔츠"", ""category3_code"": 272103107, ""is_new"": false, ""item_no"": 4128395, ""period_sort"": ""ONE_DAY"", ""platform"": ""29cm"", ""ranking_category_code"": ""272103100"", ""ranking_category_name"": ""남성의류>상의"", ""review_avg"": 4.5, ""sale_percent"": 0, ""sale_price"": 67000, ""sold_out"": false, ""url"": ""https://product.29cm.co.kr/catalog/4128395""}",2026-10-04T13:00:06+00:00_caa7d0f3
2026-10-04T22:00:06+09:00,2026-10-04T13:00:07+00:00,commerce_rank,TG3-TS07 선 페이디드 스웻셔츠 - [프룬그레이],29cm:4128395@272103100,rank,43.0,"{""brand_eng"": ""THOMAS MORE"", ""brand_kor"": ""토마스모어"", ""brand_no"": 2111, ""category1"": ""남성의류"", ""category2"": ""상의"", ""category3"": ""스웨트셔츠"", ""category3_code"": 272103107, ""is_new"": false, ""item_no"": 4128395, ""period_sort"": ""ONE_DAY"", ""platform"": ""29cm"", ""ranking_category_code"": ""272103100"", ""ranking_category_name"": ""남성의류>상의"", ""review_avg"": 4.5, ""sale_percent"": 0, ""sale_price"": 67000, ""sold_out"": false, ""url"": ""https://product.29cm.co.kr/catalog/4128395""}",2026-10-04T13:00:06+00:00_caa7d0f3
2026-10-04T22:00:06+09:00,2026-10-04T13:00:07+00:00,commerce_rank,TG3-TS07 선 페이디드 스웻셔츠 - [시그마레드],29cm:4128396,heart_count,362.0,"{""brand_eng"": ""THOMAS MORE"", ""brand_kor"": ""토마스모어"", ""brand_no"": 2111, ""category1"": ""남성의류"", ""category2"": ""상의"", ""category3"": ""스웨트셔츠"", ""category3_code"": 272103107, ""is_new"": false, ""item_no"": 4128396, ""period_sort"": ""ONE_DAY"", ""platform"": ""29cm"", ""ranking_category_code"": ""272103100"", ""ranking_category_name"": ""남성의류>상의"", ""review_avg"": 5.0, ""sale_percent"": 0, ""sale_price"": 67000, ""sold_out"": false, ""url"": ""https://product.29cm.co.kr/catalog/4128396""}",2026-10-04T13:00:06+00:00_caa7d0f3
2026-10-04T22:00:06+09:00,2026-10-04T13:00:07+00:00,commerce_rank,TG3-TS07 선 페이디드 스웻셔츠 - [시그마레드],29cm:4128396,review_count,25.0,"{""brand_eng"": ""THOMAS MORE"", ""brand_kor"": ""토마스모어"", ""brand_no"": 2111, ""category1"": ""남성의류"", ""category2"": ""상의"", ""category3"": ""스웨트셔츠"", ""category3_code"": 272103107, ""is_new"": false, ""item_no"": 4128396, ""period_sort"": ""ONE_DAY"", ""platform"": ""29cm"", ""ranking_category_code"": ""272103100"", ""ranking_category_name"": ""남성의류>상의"", ""review_avg"": 5.0, ""sale_percent"": 0, ""sale_price"": 67000, ""sold_out"": false, ""url"": ""https://product.29cm.co.kr/catalog/4128396""}",2026-10-04T13:00:06+00:00_caa7d0f3
2026-10-04T22:00:06+09:00,2026-10-04T13:00:07+00:00,commerce_rank,TG3-TS07 선 페이디드 스웻셔츠 - [시그마레드],29cm:4128396@272103100,rank,24.0,"{""brand_eng"": ""THOMAS MORE"", ""brand_kor"": ""토마스모어"", ""brand_no"": 2111, ""category1"": ""남성의류"", ""category2"": ""상의"", ""category3"": ""스웨트셔츠"", ""category3_code"": 272103107, ""is_new"": false, ""item_no"": 4128396, ""period_sort"": ""ONE_DAY"", ""platform"": ""29cm"", ""ranking_category_code"": ""272103100"", ""ranking_category_name"": ""남성의류>상의"", ""review_avg"": 5.0, ""sale_percent"": 0, ""sale_price"": 67000, ""sold_out"": false, ""url"": ""https://product.29cm.co.kr/catalog/4128396""}",2026-10-04T13:00:06+00:00_caa7d0f3
2026-10-04T22:00:06+09:00,2026-10-04T13:00:07+00:00,commerce_rank,TG3-TS13 멀티 스트라이프 롱슬리브 티셔츠,29cm:4128404,heart_count,2788.0,"{""brand_eng"": ""THOMAS MORE"", ""brand_kor"": ""토마스모어"", ""brand_no"": 2111, ""category1"": ""남성의류"", ""category2"": ""상의"", ""category3"": ""긴소매 티셔츠"", ""category3_code"": 272103102, ""is_new"": false, ""item_no"": 4128404, ""period_sort"": ""ONE_DAY"", ""platform"": ""29cm"", ""ranking_category_code"": ""272103100"", ""ranking_category_name"": ""남성의류>상의"", ""review_avg"": 4.5, ""sale_percent"": 0, ""sale_price"": 39700, ""sold_out"": false, ""url"": ""https://product.29cm.co.kr/catalog/4128404""}",2026-10-04T13:00:06+00:00_caa7d0f3
2026-10-04T22:00:06+09:00,2026-10-04T13:00:07+00:00,commerce_rank,TG3-TS13 멀티 스트라이프 롱슬리브 티셔츠,29cm:4128404,review_count,166.0,"{""brand_eng"": ""THOMAS MORE"", ""brand_kor"": ""토마스모어"", ""brand_no"": 2111, ""category1"": ""남성의류"", ""category2"": ""상의"", ""category3"": ""긴소매 티셔츠"", ""category3_code"": 272103102, ""is_new"": false, ""item_no"": 4128404, ""period_sort"": ""ONE_DAY"", ""platform"": ""29cm"", ""ranking_category_code"": ""272103100"", ""ranking_category_name"": ""남성의류>상의"", ""review_avg"": 4.5, ""sale_percent"": 0, ""sale_price"": 39700, ""sold_out"": false, ""url"": ""https://product.29cm.co.kr/catalog/4128404""}",2026-10-04T13:00:06+00:00_caa7d0f3
2026-10-04T22:00:06+09:00,2026-10-04T13:00:07+00:00,commerce_rank,TG3-TS13 멀티 스트라이프 롱슬리브 티셔츠,29cm:4128404@272103100,rank,16.0,"{""brand_eng"": ""THOMAS MORE"", ""brand_kor"": ""토마스모어"", ""brand_no"": 2111, ""category1"": ""남성의류"", ""category2"": ""상의"", ""category3"": ""긴소매 티셔츠"", ""category3_code"": 272103102, ""is_new"": false, ""item_no"": 4128404, ""period_sort"": ""ONE_DAY"", ""platform"": ""29cm"", ""ranking_category_code"": ""272103100"", ""ranking_category_name"": ""남성의류>상의"", ""review_avg"": 4.5, ""sale_percent"": 0, ""sale_price"": 39700, ""sold_out"": false, ""url"": ""https://product.29cm.co.kr/catalog/4128404""}",2026-10-04T13:00:06+00:00_caa7d0f3
2026-10-04T22:00:06+09:00,2026-10-04T13:00:07+00:00,commerce_rank,TG3-TS12 씬 스트라이프 롱슬리브 티셔츠,29cm:4128405,heart_count,893.0,"{""brand_eng"": ""THOMAS MORE"", ""brand_kor"": ""토마스모어"", ""brand_no"": 2111, ""category1"": ""남성의류"", ""category2"": ""상의"", ""category3"": ""긴소매 티셔츠"", ""category3_code"": 272103102, ""is_new"": false, ""item_no"": 4128405, ""period_sort"": ""ONE_DAY"", ""platform"": ""29cm"", ""ranking_category_code"": ""272103100"", ""ranking_category_name"": ""남성의류>상의"", ""review_avg"": 4.5, ""sale_percent"": 0, ""sale_price"": 35700, ""sold_out"": false, ""url"": ""https://product.29cm.co.kr/catalog/4128405""}",2026-10-04T13:00:06+00:00_caa7d0f3
2026-10-04T22:00:06+09:00,2026-10-04T13:00:07+00:00,commerce_rank,TG3-TS12 씬 스트라이프 롱슬리브 티셔츠,29cm:4128405,review_count,40.0,"{""brand_eng"": ""THOMAS MORE"", ""brand_kor"": ""토마스모어"", ""brand_no"": 2111, ""category1"": ""남성의류"", ""category2"": ""상의"", ""category3"": ""긴소매 티셔츠"", ""category3_code"": 272103102, ""is_new"": false, ""item_no"": 4128405, ""period_sort"": ""ONE_DAY"", ""platform"": ""29cm"", ""ranking_category_code"": ""272103100"", ""ranking_category_name"": ""남성의류>상의"", ""review_avg"": 4.5, ""sale_percent"": 0, ""sale_price"": 35700, ""sold_out"": false, ""url"": ""https://product.29cm.co.kr/catalog/4128405""}",2026-10-04T13:00:06+00:00_caa7d0f3
2026-10-04T22:00:06+09:00,2026-10-04T13:00:07+00:00,commerce_rank,TG3-TS12 씬 스트라이프 롱슬리브 티셔츠,29cm:4128405@272103100,rank,15.0,"{""brand_eng"": ""THOMAS MORE"", ""brand_kor"": ""토마스모어"", ""brand_no"": 2111, ""category1"": ""남성의류"", ""category2"": ""상의"", ""category3"": ""긴소매 티셔츠"", ""category3_code"": 272103102, ""is_new"": false, ""item_no"": 4128405, ""period_sort"": ""ONE_DAY"", ""platform"": ""29cm"", ""ranking_category_code"": ""272103100"", ""ranking_category_name"": ""남성의류>상의"", ""review_avg"": 4.5, ""sale_percent"": 0, ""sale_price"": 35700, ""sold_out"": false, ""url"": ""https://product.29cm.co.kr/catalog/4128405""}",2026-10-04T13:00:06+00:00_caa7d0f3
2026-10-04T22:00:06+09:00,2026-10-04T13:00:07+00:00,commerce_rank,Fine Stripe Long Sleeve Graphite,29cm:4128782,heart_count,86.0,"{""brand_eng"": ""rough side"", ""brand_kor"": ""러프사이드"", ""brand_no"": 3821, ""category1"": ""남성의류"", ""category2"": ""상의"", ""category3"": ""긴소매 티셔츠"", ""category3_code"": 272103102, ""is_new"": false, ""item_no"": 4128782, ""period_sort"": ""ONE_DAY"", ""platform"": ""29cm"", ""ranking_category_code"": ""272103100"", ""ranking_category_name"": ""남성의류>상의"", ""review_avg"": 5.0, ""sale_percent"": 5, ""sale_price"": 75100, ""sold_out"": false, ""url"": ""https://product.29cm.co.kr/catalog/4128782""}",2026-10-04T13:00:06+00:00_caa7d0f3
2026-10-04T22:00:06+09:00,2026-10-04T13:00:07+00:00,commerce_rank,Fine Stripe Long Sleeve Graphite,29cm:4128782,review_count,1.0,"{""brand_eng"": ""rough side"", ""brand_kor"": ""러프사이드"", ""brand_no"": 3821, ""category1"": ""남성의류"", ""category2"": ""상의"", ""category3"": ""긴소매 티셔츠"", ""category3_code"": 272103102, ""is_new"": false, ""item_no"": 4128782, ""period_sort"": ""ONE_DAY"", ""platform"": ""29cm"", ""ranking_category_code"": ""272103100"", ""ranking_category_name"": ""남성의류>상의"", ""review_avg"": 5.0, ""sale_percent"": 5, ""sale_price"": 75100, ""sold_out"": false, ""url"": ""https://product.29cm.co.kr/catalog/4128782""}",2026-10-04T13:00:06+00:00_caa7d0f3
2026-10-04T22:00:06+09:00,2026-10-04T13:00:07+00:00,commerce_rank,Fine Stripe Long Sleeve Graphite,29cm:4128782@272103100,rank,10.0,"{""brand_eng"": ""rough side"", ""brand_kor"": ""러프사이드"", ""brand_no"": 3821, ""category1"": ""남성의류"", ""category2"": ""상의"", ""category3"": ""긴소매 티셔츠"", ""category3_code"": 272103102, ""is_new"": false, ""item_no"": 4128782, ""period_sort"": ""ONE_DAY"", ""platform"": ""29cm"", ""ranking_category_code"": ""272103100"", ""ranking_category_name"": ""남성의류>상의"", ""review_avg"": 5.0, ""sale_percent"": 5, ""sale_price"": 75100, ""sold_out"": false, ""url"": ""https://product.29cm.co.kr/catalog/4128782""}",2026-10-04T13:00:06+00:00_caa7d0f3
2026-10-04T22:00:06+09:00,2026-10-04T13:00:06+00:00,commerce_rank,[쁨이 PICK] Essential Button Hoodie-Butter,29cm:4129128,heart_count,2600.0,"{""brand_eng"": ""BITTERCELLS"", ""brand_kor"": ""비터셀즈"", ""brand_no"": 15063, ""category1"": ""여성의류"", ""category2"": ""상의"", ""category3"": ""후디"", ""category3_code"": 268103105, ""is_new"": false, ""item_no"": 4129128, ""period_sort"": ""ONE_DAY"", ""platform"": ""29cm"", ""ranking_category_code"": ""268103100"", ""ranking_category_name"": ""여성의류>상의"", ""review_avg"": 5.0, ""sale_percent"": 10, ""sale_price"": 71100, ""sold_out"": false, ""url"": ""https://product.29cm.co.kr/catalog/4129128""}",2026-10-04T13:00:06+00:00_caa7d0f3
2026-10-04T22:00:06+09:00,2026-10-04T13:00:06+00:00,commerce_rank,[쁨이 PICK] Essential Button Hoodie-Butter,29cm:4129128,review_count,7.0,"{""brand_eng"": ""BITTERCELLS"", ""brand_kor"": ""비터셀즈"", ""brand_no"": 15063, ""category1"": ""여성의류"", ""category2"": ""상의"", ""category3"": ""후디"", ""category3_code"": 268103105, ""is_new"": false, ""item_no"": 4129128, ""period_sort"": ""ONE_DAY"", ""platform"": ""29cm"", ""ranking_category_code"": ""268103100"", ""ranking_category_name"": ""여성의류>상의"", ""review_avg"": 5.0, ""sale_percent"": 10, ""sale_price"": 71100, ""sold_out"": false, ""url"": ""https://product.29cm.co.kr/catalog/4129128""}",2026-10-04T13:00:06+00:00_caa7d0f3
2026-10-04T22:00:06+09:00,2026-10-04T13:00:06+00:00,commerce_rank,[쁨이 PICK] Essential Button Hoodie-Butter,29cm:4129128@268103100,rank,65.0,"{""brand_eng"": ""BITTERCELLS"", ""brand_kor"": ""비터셀즈"", ""brand_no"": 15063, ""category1"": ""여성의류"", ""category2"": ""상의"", ""category3"": ""후디"", ""category3_code"": 268103105, ""is_new"": false, ""item_no"": 4129128, ""period_sort"": ""ONE_DAY"", ""platform"": ""29cm"", ""ranking_category_code"": ""268103100"", ""ranking_category_name"": ""여성의류>상의"", ""review_avg"": 5.0, ""sale_percent"": 10, ""sale_price"": 71100, ""sold_out"": false, ""url"": ""https://product.29cm.co.kr/catalog/4129128""}",2026-10-04T13:00:06+00:00_caa7d0f3
2026-10-04T22:00:06+09:00,2026-10-04T13:00:06+00:00,commerce_rank,[쁨이 PICK] Gradation Knit Hood Zip Up-Olive,29cm:4129140,heart_count,2761.0,"{""brand_eng"": ""BITTERCELLS"", ""brand_kor"": ""비터셀즈"", ""brand_no"": 15063, ""category1"": ""여성의류"", ""category2"": ""상의"", ""category3"": ""후디"", ""category3_code"": 268103105, ""is_new"": false, ""item_no"": 4129140, ""period_sort"": ""ONE_DAY"", ""platform"": ""29cm"", ""ranking_category_code"": ""268103100"", ""ranking_category_name"": ""여성의류>상의"", ""review_avg"": 5.0, ""sale_percent"": 10, ""sale_price"": 88200, ""sold_out"": false, ""url"": ""https://product.29cm.co.kr/catalog/4129140""}",2026-10-04T13:00:06+00:00_caa7d0f3
2026-10-04T22:00:06+09:00,2026-10-04T13:00:06+00:00,commerce_rank,[쁨이 PICK] Gradation Knit Hood Zip Up-Olive,29cm:4129140,review_count,6.0,"{""brand_eng"": ""BITTERCELLS"", ""brand_kor"": ""비터셀즈"", ""brand_no"": 15063, ""category1"": ""여성의류"", ""category2"": ""상의"", ""category3"": ""후디"", ""category3_code"": 268103105, ""is_new"": false, ""item_no"": 4129140, ""period_sort"": ""ONE_DAY"", ""platform"": ""29cm"", ""ranking_category_code"": ""268103100"", ""ranking_category_name"": ""여성의류>상의"", ""review_avg"": 5.0, ""sale_percent"": 10, ""sale_price"": 88200, ""sold_out"": false, ""url"": ""https://product.29cm.co.kr/catalog/4129140""}",2026-10-04T13:00:06+00:00_caa7d0f3
2026-10-04T22:00:06+09:00,2026-10-04T13:00:06+00:00,commerce_rank,[쁨이 PICK] Gradation Knit Hood Zip Up-Olive,29cm:4129140@268103100,rank,48.0,"{""brand_eng"": ""BITTERCELLS"", ""brand_kor"": ""비터셀즈"", ""brand_no"": 15063, ""category1"": ""여성의류"", ""category2"": ""상의"", ""category3"": ""후디"", ""category3_code"": 268103105, ""is_new"": false, ""item_no"": 4129140, ""period_sort"": ""ONE_DAY"", ""platform"": ""29cm"", ""ranking_category_code"": ""268103100"", ""ranking_category_name"": ""여성의류>상의"", ""review_avg"": 5.0, ""sale_percent"": 10, ""sale_price"": 88200, ""sold_out"": false, ""url"": ""https://product.29cm.co.kr/catalog/4129140""}",2026-10-04T13:00:06+00:00_caa7d0f3
2026-10-04T22:00:06+09:00,2026-10-04T13:00:07+00:00,commerce_rank,소프트 브러쉬드 멀티핀 스트라이프 티셔츠 (차콜),29cm:4129305,heart_count,161.0,"{""brand_eng"": ""COOR"", ""brand_kor"": ""쿠어"", ""brand_no"": 15326, ""category1"": ""남성의류"", ""category2"": ""상의"", ""category3"": ""긴소매 티셔츠"", ""category3_code"": 272103102, ""is_new"": false, ""item_no"": 4129305, ""period_sort"": ""ONE_DAY"", ""platform"": ""29cm"", ""ranking_category_code"": ""272103100"", ""ranking_category_name"": ""남성의류>상의"", ""review_avg"": 5.0, ""sale_percent"": 10, ""sale_price"": 76500, ""sold_out"": false, ""url"": ""https://product.29cm.co.kr/catalog/4129305""}",2026-10-04T13:00:06+00:00_caa7d0f3
2026-10-04T22:00:06+09:00,2026-10-04T13:00:07+00:00,commerce_rank,소프트 브러쉬드 멀티핀 스트라이프 티셔츠 (차콜),29cm:4129305,review_count,2.0,"{""brand_eng"": ""COOR"", ""brand_kor"": ""쿠어"", ""brand_no"": 15326, ""category1"": ""남성의류"", ""category2"": ""상의"", ""category3"": ""긴소매 티셔츠"", ""category3_code"": 272103102, ""is_new"": false, ""item_no"": 4129305, ""period_sort"": ""ONE_DAY"", ""platform"": ""29cm"", ""ranking_category_code"": ""272103100"", ""ranking_category_name"": ""남성의류>상의"", ""review_avg"": 5.0, ""sale_percent"": 10, ""sale_price"": 76500, ""sold_out"": false, ""url"": ""https://product.29cm.co.kr/catalog/4129305""}",2026-10-04T13:00:06+00:00_caa7d0f3
2026-10-04T22:00:06+09:00,2026-10-04T13:00:07+00:00,commerce_rank,소프트 브러쉬드 멀티핀 스트라이프 티셔츠 (차콜),29cm:4129305@272103100,rank,28.0,"{""brand_eng"": ""COOR"", ""brand_kor"": ""쿠어"", ""brand_no"": 15326, ""category1"": ""남성의류"", ""category2"": ""상의"", ""category3"": ""긴소매 티셔츠"", ""category3_code"": 272103102, ""is_new"": false, ""item_no"": 4129305, ""period_sort"": ""ONE_DAY"", ""platform"": ""29cm"", ""ranking_category_code"": ""272103100"", ""ranking_category_name"": ""남성의류>상의"", ""review_avg"": 5.0, ""sale_percent"": 10, ""sale_price"": 76500, ""sold_out"": false, ""url"": ""https://product.29cm.co.kr/catalog/4129305""}",2026-10-04T13:00:06+00:00_caa7d0f3
2026-10-04T22:00:06+09:00,2026-10-04T13:00:07+00:00,commerce_rank,멀티핀 스트라이프 포켓 티셔츠 (블루),29cm:4129310,heart_count,40.0,"{""brand_eng"": ""COOR"", ""brand_kor"": ""쿠어"", ""brand_no"": 15326, ""category1"": ""남성의류"", ""category2"": ""상의"", ""category3"": ""긴소매 티셔츠"", ""category3_code"": 272103102, ""is_new"": false, ""item_no"": 4129310, ""period_sort"": ""ONE_DAY"", ""platform"": ""29cm"", ""ranking_category_code"": ""272103100"", ""ranking_category_name"": ""남성의류>상의"", ""review_avg"": 5.0, ""sale_percent"": 10, ""sale_price"": 76500, ""sold_out"": false, ""url"": ""https://product.29cm.co.kr/catalog/4129310""}",2026-10-04T13:00:06+00:00_caa7d0f3
2026-10-04T22:00:06+09:00,2026-10-04T13:00:07+00:00,commerce_rank,멀티핀 스트라이프 포켓 티셔츠 (블루),29cm:4129310,review_count,2.0,"{""brand_eng"": ""COOR"", ""brand_kor"": ""쿠어"", ""brand_no"": 15326, ""category1"": ""남성의류"", ""category2"": ""상의"", ""category3"": ""긴소매 티셔츠"", ""category3_code"": 272103102, ""is_new"": false, ""item_no"": 4129310, ""period_sort"": ""ONE_DAY"", ""platform"": ""29cm"", ""ranking_category_code"": ""272103100"", ""ranking_category_name"": ""남성의류>상의"", ""review_avg"": 5.0, ""sale_percent"": 10, ""sale_price"": 76500, ""sold_out"": false, ""url"": ""https://product.29cm.co.kr/catalog/4129310""}",2026-10-04T13:00:06+00:00_caa7d0f3
2026-10-04T22:00:06+09:00,2026-10-04T13:00:07+00:00,commerce_rank,멀티핀 스트라이프 포켓 티셔츠 (블루),29cm:4129310@272103100,rank,57.0,"{""brand_eng"": ""COOR"", ""brand_kor"": ""쿠어"", ""brand_no"": 15326, ""category1"": ""남성의류"", ""category2"": ""상의"", ""category3"": ""긴소매 티셔츠"", ""category3_code"": 272103102, ""is_new"": false, ""item_no"": 4129310, ""period_sort"": ""ONE_DAY"", ""platform"": ""29cm"", ""ranking_category_code"": ""272103100"", ""ranking_category_name"": ""남성의류>상의"", ""review_avg"": 5.0, ""sale_percent"": 10, ""sale_price"": 76500, ""sold_out"": false, ""url"": ""https://product.29cm.co.kr/catalog/4129310""}",2026-10-04T13:00:06+00:00_caa7d0f3
2026-10-04T22:00:06+09:00,2026-10-04T13:00:07+00:00,commerce_rank,레귤러핏 와플 롱 슬리브 (차콜),29cm:4129325,heart_count,86.0,"{""brand_eng"": ""COOR"", ""brand_kor"": ""쿠어"", ""brand_no"": 15326, ""category1"": ""남성의류"", ""category2"": ""상의"", ""category3"": ""긴소매 티셔츠"", ""category3_code"": 272103102, ""is_new"": false, ""item_no"": 4129325, ""period_sort"": ""ONE_DAY"", ""platform"": ""29cm"", ""ranking_category_code"": ""272103100"", ""ranking_category_name"": ""남성의류>상의"", ""review_avg"": 0.0, ""sale_percent"": 10, ""sale_price"": 68400, ""sold_out"": false, ""url"": ""https://product.29cm.co.kr/catalog/4129325""}",2026-10-04T13:00:06+00:00_caa7d0f3
2026-10-04T22:00:06+09:00,2026-10-04T13:00:07+00:00,commerce_rank,레귤러핏 와플 롱 슬리브 (차콜),29cm:4129325,review_count,0.0,"{""brand_eng"": ""COOR"", ""brand_kor"": ""쿠어"", ""brand_no"": 15326, ""category1"": ""남성의류"", ""category2"": ""상의"", ""category3"": ""긴소매 티셔츠"", ""category3_code"": 272103102, ""is_new"": false, ""item_no"": 4129325, ""period_sort"": ""ONE_DAY"", ""platform"": ""29cm"", ""ranking_category_code"": ""272103100"", ""ranking_category_name"": ""남성의류>상의"", ""review_avg"": 0.0, ""sale_percent"": 10, ""sale_price"": 68400, ""sold_out"": false, ""url"": ""https://product.29cm.co.kr/catalog/4129325""}",2026-10-04T13:00:06+00:00_caa7d0f3
2026-10-04T22:00:06+09:00,2026-10-04T13:00:07+00:00,commerce_rank,레귤러핏 와플 롱 슬리브 (차콜),29cm:4129325@272103100,rank,72.0,"{""brand_eng"": ""COOR"", ""brand_kor"": ""쿠어"", ""brand_no"": 15326, ""category1"": ""남성의류"", ""category2"": ""상의"", ""category3"": ""긴소매 티셔츠"", ""category3_code"": 272103102, ""is_new"": false, ""item_no"": 4129325, ""period_sort"": ""ONE_DAY"", ""platform"": ""29cm"", ""ranking_category_code"": ""272103100"", ""ranking_category_name"": ""남성의류>상의"", ""review_avg"": 0.0, ""sale_percent"": 10, ""sale_price"": 68400, ""sold_out"": false, ""url"": ""https://product.29cm.co.kr/catalog/4129325""}",2026-10-04T13:00:06+00:00_caa7d0f3
2026-10-04T22:00:06+09:00,2026-10-04T13:00:07+00:00,commerce_rank,레귤러핏 와플 롱 슬리브 (멜란지그레이),29cm:4129326,heart_count,119.0,"{""brand_eng"": ""COOR"", ""brand_kor"": ""쿠어"", ""brand_no"": 15326, ""category1"": ""남성의류"", ""category2"": ""상의"", ""category3"": ""긴소매 티셔츠"", ""category3_code"": 272103102, ""is_new"": false, ""item_no"": 4129326, ""period_sort"": ""ONE_DAY"", ""platform"": ""29cm"", ""ranking_category_code"": ""272103100"", ""ranking_category_name"": ""남성의류>상의"", ""review_avg"": 5.0, ""sale_percent"": 10, ""sale_price"": 68400, ""sold_out"": false, ""url"": ""https://product.29cm.co.kr/catalog/4129326""}",2026-10-04T13:00:06+00:00_caa7d0f3
2026-10-04T22:00:06+09:00,2026-10-04T13:00:07+00:00,commerce_rank,레귤러핏 와플 롱 슬리브 (멜란지그레이),29cm:4129326,review_count,2.0,"{""brand_eng"": ""COOR"", ""brand_kor"": ""쿠어"", ""brand_no"": 15326, ""category1"": ""남성의류"", ""category2"": ""상의"", ""category3"": ""긴소매 티셔츠"", ""category3_code"": 272103102, ""is_new"": false, ""item_no"": 4129326, ""period_sort"": ""ONE_DAY"", ""platform"": ""29cm"", ""ranking_category_code"": ""272103100"", ""ranking_category_name"": ""남성의류>상의"", ""review_avg"": 5.0, ""sale_percent"": 10, ""sale_price"": 68400, ""sold_out"": false, ""url"": ""https://product.29cm.co.kr/catalog/4129326""}",2026-10-04T13:00:06+00:00_caa7d0f3
2026-10-04T22:00:06+09:00,2026-10-04T13:00:07+00:00,commerce_rank,레귤러핏 와플 롱 슬리브 (멜란지그레이),29cm:4129326@272103100,rank,36.0,"{""brand_eng"": ""COOR"", ""brand_kor"": ""쿠어"", ""brand_no"": 15326, ""category1"": ""남성의류"", ""category2"": ""상의"", ""category3"": ""긴소매 티셔츠"", ""category3_code"": 272103102, ""is_new"": false, ""item_no"": 4129326, ""period_sort"": ""ONE_DAY"", ""platform"": ""29cm"", ""ranking_category_code"": ""272103100"", ""ranking_category_name"": ""남성의류>상의"", ""review_avg"": 5.0, ""sale_percent"": 10, ""sale_price"": 68400, ""sold_out"": false, ""url"": ""https://product.29cm.co.kr/catalog/4129326""}",2026-10-04T13:00:06+00:00_caa7d0f3
2026-10-04T22:00:06+09:00,2026-10-04T13:00:06+00:00,commerce_rank,[29EDITION X 알로하]Oasis Blooming Sweatshirt_CLOUD,29cm:4130049,heart_count,5893.0,"{""brand_eng"": ""WEDNESDAYOASIS"", ""brand_kor"": ""웬즈데이오아시스"", ""brand_no"": 69104, ""category1"": ""여성의류"", ""category2"": ""상의"", ""category3"": ""스웨트셔츠"", ""category3_code"": 268103104, ""is_new"": false, ""item_no"": 4130049, ""period_sort"": ""ONE_DAY"", ""platform"": ""29cm"", ""ranking_category_code"": ""268103100"", ""ranking_category_name"": ""여성의류>상의"", ""review_avg"": 5.0, ""sale_percent"": 19, ""sale_price"": 51030, ""sold_out"": false, ""url"": ""https://product.29cm.co.kr/catalog/4130049""}",2026-10-04T13:00:06+00:00_caa7d0f3
2026-10-04T22:00:06+09:00,2026-10-04T13:00:06+00:00,commerce_rank,[29EDITION X 알로하]Oasis Blooming Sweatshirt_CLOUD,29cm:4130049,review_count,88.0,"{""brand_eng"": ""WEDNESDAYOASIS"", ""brand_kor"": ""웬즈데이오아시스"", ""brand_no"": 69104, ""category1"": ""여성의류"", ""category2"": ""상의"", ""category3"": ""스웨트셔츠"", ""category3_code"": 268103104, ""is_new"": false, ""item_no"": 4130049, ""period_sort"": ""ONE_DAY"", ""platform"": ""29cm"", ""ranking_category_code"": ""268103100"", ""ranking_category_name"": ""여성의류>상의"", ""review_avg"": 5.0, ""sale_percent"": 19, ""sale_price"": 51030, ""sold_out"": false, ""url"": ""https://product.29cm.co.kr/catalog/4130049""}",2026-10-04T13:00:06+00:00_caa7d0f3
2026-10-04T22:00:06+09:00,2026-10-04T13:00:06+00:00,commerce_rank,[29EDITION X 알로하]Oasis Blooming Sweatshirt_CLOUD,29cm:4130049@268103100,rank,72.0,"{""brand_eng"": ""WEDNESDAYOASIS"", ""brand_kor"": ""웬즈데이오아시스"", ""brand_no"": 69104, ""category1"": ""여성의류"", ""category2"": ""상의"", ""category3"": ""스웨트셔츠"", ""category3_code"": 268103104, ""is_new"": false, ""item_no"": 4130049, ""period_sort"": ""ONE_DAY"", ""platform"": ""29cm"", ""ranking_category_code"": ""268103100"", ""ranking_category_name"": ""여성의류>상의"", ""review_avg"": 5.0, ""sale_percent"": 19, ""sale_price"": 51030, ""sold_out"": false, ""url"": ""https://product.29cm.co.kr/catalog/4130049""}",2026-10-04T13:00:06+00:00_caa7d0f3
2026-10-04T22:00:06+09:00,2026-10-04T13:00:06+00:00,commerce_rank,[29EDITION X 알로하]Mellow Check Shirt_BLUSH CHARCOAL,29cm:4130051,heart_count,3045.0,"{""brand_eng"": ""WEDNESDAYOASIS"", ""brand_kor"": ""웬즈데이오아시스"", ""brand_no"": 69104, ""category1"": ""여성의류"", ""category2"": ""상의"", ""category3"": ""셔츠"", ""category3_code"": 268103106, ""is_new"": false, ""item_no"": 4130051, ""period_sort"": ""ONE_DAY"", ""platform"": ""29cm"", ""ranking_category_code"": ""268103100"", ""ranking_category_name"": ""여성의류>상의"", ""review_avg"": 4.5, ""sale_percent"": 19, ""sale_price"": 55890, ""sold_out"": false, ""url"": ""https://product.29cm.co.kr/catalog/4130051""}",2026-10-04T13:00:06+00:00_caa7d0f3
2026-10-04T22:00:06+09:00,2026-10-04T13:00:06+00:00,commerce_rank,[29EDITION X 알로하]Mellow Check Shirt_BLUSH CHARCOAL,29cm:4130051,review_count,55.0,"{""brand_eng"": ""WEDNESDAYOASIS"", ""brand_kor"": ""웬즈데이오아시스"", ""brand_no"": 69104, ""category1"": ""여성의류"", ""category2"": ""상의"", ""category3"": ""셔츠"", ""category3_code"": 268103106, ""is_new"": false, ""item_no"": 4130051, ""period_sort"": ""ONE_DAY"", ""platform"": ""29cm"", ""ranking_category_code"": ""268103100"", ""ranking_category_name"": ""여성의류>상의"", ""review_avg"": 4.5, ""sale_percent"": 19, ""sale_price"": 55890, ""sold_out"": false, ""url"": ""https://product.29cm.co.kr/catalog/4130051""}",2026-10-04T13:00:06+00:00_caa7d0f3
2026-10-04T22:00:06+09:00,2026-10-04T13:00:06+00:00,commerce_rank,[29EDITION X 알로하]Mellow Check Shirt_BLUSH CHARCOAL,29cm:4130051@268103100,rank,98.0,"{""brand_eng"": ""WEDNESDAYOASIS"", ""brand_kor"": ""웬즈데이오아시스"", ""brand_no"": 69104, ""category1"": ""여성의류"", ""category2"": ""상의"", ""category3"": ""셔츠"", ""category3_code"": 268103106, ""is_new"": false, ""item_no"": 4130051, ""period_sort"": ""ONE_DAY"", ""platform"": ""29cm"", ""ranking_category_code"": ""268103100"", ""ranking_category_name"": ""여성의류>상의"", ""review_avg"": 4.5, ""sale_percent"": 19, ""sale_price"": 55890, ""sold_out"": false, ""url"": ""https://product.29cm.co.kr/catalog/4130051""}",2026-10-04T13:00:06+00:00_caa7d0f3
2026-10-04T22:00:06+09:00,2026-10-04T13:00:06+00:00,commerce_rank,[9th] Pecan Waffle Raglan Long Top - Grey(Navy),29cm:4132890,heart_count,1909.0,"{""brand_eng"": ""SOMEWHEREBUTTER"", ""brand_kor"": ""썸웨어버터"", ""brand_no"": 18640, ""category1"": ""여성의류"", ""category2"": ""상의"", ""category3"": ""긴소매 티셔츠"", ""category3_code"": 268103102, ""is_new"": false, ""item_no"": 4132890, ""period_sort"": ""ONE_DAY"", ""platform"": ""29cm"", ""ranking_category_code"": ""268103100"", ""ranking_category_name"": ""여성의류>상의"", ""review_avg"": 5.0, ""sale_percent"": 10, ""sale_price"": 71100, ""sold_out"": false, ""url"": ""https://product.29cm.co.kr/catalog/4132890""}",2026-10-04T13:00:06+00:00_caa7d0f3
2026-10-04T22:00:06+09:00,2026-10-04T13:00:06+00:00,commerce_rank,[9th] Pecan Waffle Raglan Long Top - Grey(Navy),29cm:4132890,review_count,38.0,"{""brand_eng"": ""SOMEWHEREBUTTER"", ""brand_kor"": ""썸웨어버터"", ""brand_no"": 18640, ""category1"": ""여성의류"", ""category2"": ""상의"", ""category3"": ""긴소매 티셔츠"", ""category3_code"": 268103102, ""is_new"": false, ""item_no"": 4132890, ""period_sort"": ""ONE_DAY"", ""platform"": ""29cm"", ""ranking_category_code"": ""268103100"", ""ranking_category_name"": ""여성의류>상의"", ""review_avg"": 5.0, ""sale_percent"": 10, ""sale_price"": 71100, ""sold_out"": false, ""url"": ""https://product.29cm.co.kr/catalog/4132890""}",2026-10-04T13:00:06+00:00_caa7d0f3
2026-10-04T22:00:06+09:00,2026-10-04T13:00:06+00:00,commerce_rank,[9th] Pecan Waffle Raglan Long Top - Grey(Navy),29cm:4132890@268103100,rank,92.0,"{""brand_eng"": ""SOMEWHEREBUTTER"", ""brand_kor"": ""썸웨어버터"", ""brand_no"": 18640, ""category1"": ""여성의류"", ""category2"": ""상의"", ""category3"": ""긴소매 티셔츠"", ""category3_code"": 268103102, ""is_new"": false, ""item_no"": 4132890, ""period_sort"": ""ONE_DAY"", ""platform"": ""29cm"", ""ranking_category_code"": ""268103100"", ""ranking_category_name"": ""여성의류>상의"", ""review_avg"": 5.0, ""sale_percent"": 10, ""sale_price"": 71100, ""sold_out"": false, ""url"": ""https://product.29cm.co.kr/catalog/4132890""}",2026-10-04T13:00:06+00:00_caa7d0f3
2026-10-04T22:00:06+09:00,2026-10-04T13:00:06+00:00,commerce_rank,[6th] Pecan Waffle Raglan Long Top - Light Blue(Black),29cm:4132891,heart_count,797.0,"{""brand_eng"": ""SOMEWHEREBUTTER"", ""brand_kor"": ""썸웨어버터"", ""brand_no"": 18640, ""category1"": ""여성의류"", ""category2"": ""상의"", ""category3"": ""긴소매 티셔츠"", ""category3_code"": 268103102, ""is_new"": false, ""item_no"": 4132891, ""period_sort"": ""ONE_DAY"", ""platform"": ""29cm"", ""ranking_category_code"": ""268103100"", ""ranking_category_name"": ""여성의류>상의"", ""review_avg"": 5.0, ""sale_percent"": 10, ""sale_price"": 71100, ""sold_out"": false, ""url"": ""https://product.29cm.co.kr/catalog/4132891""}",2026-10-04T13:00:06+00:00_caa7d0f3
2026-10-04T22:00:06+09:00,2026-10-04T13:00:06+00:00,commerce_rank,[6th] Pecan Waffle Raglan Long Top - Light Blue(Black),29cm:4132891,review_count,6.0,"{""brand_eng"": ""SOMEWHEREBUTTER"", ""brand_kor"": ""썸웨어버터"", ""brand_no"": 18640, ""category1"": ""여성의류"", ""category2"": ""상의"", ""category3"": ""긴소매 티셔츠"", ""category3_code"": 268103102, ""is_new"": false, ""item_no"": 4132891, ""period_sort"": ""ONE_DAY"", ""platform"": ""29cm"", ""ranking_category_code"": ""268103100"", ""ranking_category_name"": ""여성의류>상의"", ""review_avg"": 5.0, ""sale_percent"": 10, ""sale_price"": 71100, ""sold_out"": false, ""url"": ""https://product.29cm.co.kr/catalog/4132891""}",2026-10-04T13:00:06+00:00_caa7d0f3
2026-10-04T22:00:06+09:00,2026-10-04T13:00:06+00:00,commerce_rank,[6th] Pecan Waffle Raglan Long Top - Light Blue(Black),29cm:4132891@268103100,rank,27.0,"{""brand_eng"": ""SOMEWHEREBUTTER"", ""brand_kor"": ""썸웨어버터"", ""brand_no"": 18640, ""category1"": ""여성의류"", ""category2"": ""상의"", ""category3"": ""긴소매 티셔츠"", ""category3_code"": 268103102, ""is_new"": false, ""item_no"": 4132891, ""period_sort"": ""ONE_DAY"", ""platform"": ""29cm"", ""ranking_category_code"": ""268103100"", ""ranking_category_name"": ""여성의류>상의"", ""review_avg"": 5.0, ""sale_percent"": 10, ""sale_price"": 71100, ""sold_out"": false, ""url"": ""https://product.29cm.co.kr/catalog/4132891""}",2026-10-04T13:00:06+00:00_caa7d0f3
2026-10-04T22:00:06+09:00,2026-10-04T13:00:07+00:00,commerce_rank,DISTRESSED BASEBALL L/S SHIRTS d.purple/heather,29cm:4132943,heart_count,119.0,"{""brand_eng"": ""beheavyer"", ""brand_kor"": ""비헤비어"", ""brand_no"": 1897, ""category1"": ""남성의류"", ""category2"": ""상의"", ""category3"": ""긴소매 티셔츠"", ""category3_code"": 272103102, ""is_new"": false, ""item_no"": 4132943, ""period_sort"": ""ONE_DAY"", ""platform"": ""29cm"", ""ranking_category_code"": ""272103100"", ""ranking_category_name"": ""남성의류>상의"", ""review_avg"": 0.0, ""sale_percent"": 0, ""sale_price"": 119000, ""sold_out"": false, ""url"": ""https://product.29cm.co.kr/catalog/4132943""}",2026-10-04T13:00:06+00:00_caa7d0f3
2026-10-04T22:00:06+09:00,2026-10-04T13:00:07+00:00,commerce_rank,DISTRESSED BASEBALL L/S SHIRTS d.purple/heather,29cm:4132943,review_count,0.0,"{""brand_eng"": ""beheavyer"", ""brand_kor"": ""비헤비어"", ""brand_no"": 1897, ""category1"": ""남성의류"", ""category2"": ""상의"", ""category3"": ""긴소매 티셔츠"", ""category3_code"": 272103102, ""is_new"": false, ""item_no"": 4132943, ""period_sort"": ""ONE_DAY"", ""platform"": ""29cm"", ""ranking_category_code"": ""272103100"", ""ranking_category_name"": ""남성의류>상의"", ""review_avg"": 0.0, ""sale_percent"": 0, ""sale_price"": 119000, ""sold_out"": false, ""url"": ""https://product.29cm.co.kr/catalog/4132943""}",2026-10-04T13:00:06+00:00_caa7d0f3
2026-10-04T22:00:06+09:00,2026-10-04T13:00:07+00:00,commerce_rank,DISTRESSED BASEBALL L/S SHIRTS d.purple/heather,29cm:4132943@272103100,rank,25.0,"{""brand_eng"": ""beheavyer"", ""brand_kor"": ""비헤비어"", ""brand_no"": 1897, ""category1"": ""남성의류"", ""category2"": ""상의"", ""category3"": ""긴소매 티셔츠"", ""category3_code"": 272103102, ""is_new"": false, ""item_no"": 4132943, ""period_sort"": ""ONE_DAY"", ""platform"": ""29cm"", ""ranking_category_code"": ""272103100"", ""ranking_category_name"": ""남성의류>상의"", ""review_avg"": 0.0, ""sale_percent"": 0, ""sale_price"": 119000, ""sold_out"": false, ""url"": ""https://product.29cm.co.kr/catalog/4132943""}",2026-10-04T13:00:06+00:00_caa7d0f3
2026-10-04T22:00:06+09:00,2026-10-04T13:00:07+00:00,commerce_rank,GUSSET RAGLAN L/S T-SHIRT [BLUE],29cm:4134340,heart_count,666.0,"{""brand_eng"": ""UNION BLUE"", ""brand_kor"": ""유니온 블루"", ""brand_no"": 13510, ""category1"": ""남성의류"", ""category2"": ""상의"", ""category3"": ""긴소매 티셔츠"", ""category3_code"": 272103102, ""is_new"": false, ""item_no"": 4134340, ""period_sort"": ""ONE_DAY"", ""platform"": ""29cm"", ""ranking_category_code"": ""272103100"", ""ranking_category_name"": ""남성의류>상의"", ""review_avg"": 5.0, ""sale_percent"": 10, ""sale_price"": 70200, ""sold_out"": false, ""url"": ""https://product.29cm.co.kr/catalog/4134340""}",2026-10-04T13:00:06+00:00_caa7d0f3
2026-10-04T22:00:06+09:00,2026-10-04T13:00:07+00:00,commerce_rank,GUSSET RAGLAN L/S T-SHIRT [BLUE],29cm:4134340,review_count,5.0,"{""brand_eng"": ""UNION BLUE"", ""brand_kor"": ""유니온 블루"", ""brand_no"": 13510, ""category1"": ""남성의류"", ""category2"": ""상의"", ""category3"": ""긴소매 티셔츠"", ""category3_code"": 272103102, ""is_new"": false, ""item_no"": 4134340, ""period_sort"": ""ONE_DAY"", ""platform"": ""29cm"", ""ranking_category_code"": ""272103100"", ""ranking_category_name"": ""남성의류>상의"", ""review_avg"": 5.0, ""sale_percent"": 10, ""sale_price"": 70200, ""sold_out"": false, ""url"": ""https://product.29cm.co.kr/catalog/4134340""}",2026-10-04T13:00:06+00:00_caa7d0f3
2026-10-04T22:00:06+09:00,2026-10-04T13:00:07+00:00,commerce_rank,GUSSET RAGLAN L/S T-SHIRT [BLUE],29cm:4134340@272103100,rank,44.0,"{""brand_eng"": ""UNION BLUE"", ""brand_kor"": ""유니온 블루"", ""brand_no"": 13510, ""category1"": ""남성의류"", ""category2"": ""상의"", ""category3"": ""긴소매 티셔츠"", ""category3_code"": 272103102, ""is_new"": false, ""item_no"": 4134340, ""period_sort"": ""ONE_DAY"", ""platform"": ""29cm"", ""ranking_category_code"": ""272103100"", ""ranking_category_name"": ""남성의류>상의"", ""review_avg"": 5.0, ""sale_percent"": 10, ""sale_price"": 70200, ""sold_out"": false, ""url"": ""https://product.29cm.co.kr/catalog/4134340""}",2026-10-04T13:00:06+00:00_caa7d0f3
2026-10-04T22:00:06+09:00,2026-10-04T13:00:06+00:00,commerce_rank,셀즈 셔츠 블라우스_2COLORS,29cm:4134563,heart_count,5176.0,"{""brand_eng"": ""MERRYON"", ""brand_kor"": ""메리온"", ""brand_no"": 108383, ""category1"": ""여성의류"", ""category2"": ""상의"", ""category3"": ""셔츠"", ""category3_code"": 268103106, ""is_new"": false, ""item_no"": 4134563, ""period_sort"": ""ONE_DAY"", ""platform"": ""29cm"", ""ranking_category_code"": ""268103100"", ""ranking_category_name"": ""여성의류>상의"", ""review_avg"": 4.5, ""sale_percent"": 28, ""sale_price"": 85680, ""sold_out"": false, ""url"": ""https://product.29cm.co.kr/catalog/4134563""}",2026-10-04T13:00:06+00:00_caa7d0f3
2026-10-04T22:00:06+09:00,2026-10-04T13:00:06+00:00,commerce_rank,셀즈 셔츠 블라우스_2COLORS,29cm:4134563,review_count,20.0,"{""brand_eng"": ""MERRYON"", ""brand_kor"": ""메리온"", ""brand_no"": 108383, ""category1"": ""여성의류"", ""category2"": ""상의"", ""category3"": ""셔츠"", ""category3_code"": 268103106, ""is_new"": false, ""item_no"": 4134563, ""period_sort"": ""ONE_DAY"", ""platform"": ""29cm"", ""ranking_category_code"": ""268103100"", ""ranking_category_name"": ""여성의류>상의"", ""review_avg"": 4.5, ""sale_percent"": 28, ""sale_price"": 85680, ""sold_out"": false, ""url"": ""https://product.29cm.co.kr/catalog/4134563""}",2026-10-04T13:00:06+00:00_caa7d0f3
2026-10-04T22:00:06+09:00,2026-10-04T13:00:06+00:00,commerce_rank,셀즈 셔츠 블라우스_2COLORS,29cm:4134563@268103100,rank,95.0,"{""brand_eng"": ""MERRYON"", ""brand_kor"": ""메리온"", ""brand_no"": 108383, ""category1"": ""여성의류"", ""category2"": ""상의"", ""category3"": ""셔츠"", ""category3_code"": 268103106, ""is_new"": false, ""item_no"": 4134563, ""period_sort"": ""ONE_DAY"", ""platform"": ""29cm"", ""ranking_category_code"": ""268103100"", ""ranking_category_name"": ""여성의류>상의"", ""review_avg"": 4.5, ""sale_percent"": 28, ""sale_price"": 85680, ""sold_out"": false, ""url"": ""https://product.29cm.co.kr/catalog/4134563""}",2026-10-04T13:00:06+00:00_caa7d0f3
2026-10-04T22:00:06+09:00,2026-10-04T13:00:06+00:00,commerce_rank,"[4th REORDER, 10/15 예약배송] LACE-DETAILED SLEEVELESS TOP (GREY)",29cm:4135019,heart_count,3526.0,"{""brand_eng"": ""LCDC TM"", ""brand_kor"": ""엘씨디씨 티엠"", ""brand_no"": 20882, ""category1"": ""여성의류"", ""category2"": ""상의"", ""category3"": ""긴소매 티셔츠"", ""category3_code"": 268103102, ""is_new"": false, ""item_no"": 4135019, ""period_sort"": ""ONE_DAY"", ""platform"": ""29cm"", ""ranking_category_code"": ""268103100"", ""ranking_category_name"": ""여성의류>상의"", ""review_avg"": 4.5, ""sale_percent"": 10, ""sale_price"": 116100, ""sold_out"": false, ""url"": ""https://product.29cm.co.kr/catalog/4135019""}",2026-10-04T13:00:06+00:00_caa7d0f3
2026-10-04T22:00:06+09:00,2026-10-04T13:00:06+00:00,commerce_rank,"[4th REORDER, 10/15 예약배송] LACE-DETAILED SLEEVELESS TOP (GREY)",29cm:4135019,review_count,17.0,"{""brand_eng"": ""LCDC TM"", ""brand_kor"": ""엘씨디씨 티엠"", ""brand_no"": 20882, ""category1"": ""여성의류"", ""category2"": ""상의"", ""category3"": ""긴소매 티셔츠"", ""category3_code"": 268103102, ""is_new"": false, ""item_no"": 4135019, ""period_sort"": ""ONE_DAY"", ""platform"": ""29cm"", ""ranking_category_code"": ""268103100"", ""ranking_category_name"": ""여성의류>상의"", ""review_avg"": 4.5, ""sale_percent"": 10, ""sale_price"": 116100, ""sold_out"": false, ""url"": ""https://product.29cm.co.kr/catalog/4135019""}",2026-10-04T13:00:06+00:00_caa7d0f3
2026-10-04T22:00:06+09:00,2026-10-04T13:00:06+00:00,commerce_rank,"[4th REORDER, 10/15 예약배송] LACE-DETAILED SLEEVELESS TOP (GREY)",29cm:4135019@268103100,rank,69.0,"{""brand_eng"": ""LCDC TM"", ""brand_kor"": ""엘씨디씨 티엠"", ""brand_no"": 20882, ""category1"": ""여성의류"", ""category2"": ""상의"", ""category3"": ""긴소매 티셔츠"", ""category3_code"": 268103102, ""is_new"": false, ""item_no"": 4135019, ""period_sort"": ""ONE_DAY"", ""platform"": ""29cm"", ""ranking_category_code"": ""268103100"", ""ranking_category_name"": ""여성의류>상의"", ""review_avg"": 4.5, ""sale_percent"": 10, ""sale_price"": 116100, ""sold_out"": false, ""url"": ""https://product.29cm.co.kr/catalog/4135019""}",2026-10-04T13:00:06+00:00_caa7d0f3
2026-10-04T22:00:06+09:00,2026-10-04T13:00:07+00:00,commerce_rank,[오정규X드로우핏] 애프터 세미 크롭 데님 셔츠 [3color],29cm:4135101,heart_count,14.0,"{""brand_eng"": ""DRAWFIT"", ""brand_kor"": ""드로우핏"", ""brand_no"": 16175, ""category1"": ""남성의류"", ""category2"": ""상의"", ""category3"": ""긴소매 셔츠"", ""category3_code"": 272103106, ""is_new"": false, ""item_no"": 4135101, ""period_sort"": ""ONE_DAY"", ""platform"": ""29cm"", ""ranking_category_code"": ""272103100"", ""ranking_category_name"": ""남성의류>상의"", ""review_avg"": 0.0, ""sale_percent"": 10, ""sale_price"": 55800, ""sold_out"": false, ""url"": ""https://product.29cm.co.kr/catalog/4135101""}",2026-10-04T13:00:06+00:00_caa7d0f3
2026-10-04T22:00:06+09:00,2026-10-04T13:00:07+00:00,commerce_rank,[오정규X드로우핏] 애프터 세미 크롭 데님 셔츠 [3color],29cm:4135101,review_count,0.0,"{""brand_eng"": ""DRAWFIT"", ""brand_kor"": ""드로우핏"", ""brand_no"": 16175, ""category1"": ""남성의류"", ""category2"": ""상의"", ""category3"": ""긴소매 셔츠"", ""category3_code"": 272103106, ""is_new"": false, ""item_no"": 4135101, ""period_sort"": ""ONE_DAY"", ""platform"": ""29cm"", ""ranking_category_code"": ""272103100"", ""ranking_category_name"": ""남성의류>상의"", ""review_avg"": 0.0, ""sale_percent"": 10, ""sale_price"": 55800, ""sold_out"": false, ""url"": ""https://product.29cm.co.kr/catalog/4135101""}",2026-10-04T13:00:06+00:00_caa7d0f3
2026-10-04T22:00:06+09:00,2026-10-04T13:00:07+00:00,commerce_rank,[오정규X드로우핏] 애프터 세미 크롭 데님 셔츠 [3color],29cm:4135101@272103100,rank,75.0,"{""brand_eng"": ""DRAWFIT"", ""brand_kor"": ""드로우핏"", ""brand_no"": 16175, ""category1"": ""남성의류"", ""category2"": ""상의"", ""category3"": ""긴소매 셔츠"", ""category3_code"": 272103106, ""is_new"": false, ""item_no"": 4135101, ""period_sort"": ""ONE_DAY"", ""platform"": ""29cm"", ""ranking_category_code"": ""272103100"", ""ranking_category_name"": ""남성의류>상의"", ""review_avg"": 0.0, ""sale_percent"": 10, ""sale_price"": 55800, ""sold_out"": false, ""url"": ""https://product.29cm.co.kr/catalog/4135101""}",2026-10-04T13:00:06+00:00_caa7d0f3
2026-10-04T22:00:06+09:00,2026-10-04T13:00:07+00:00,commerce_rank,Raw Edge Pocket Long Sleeve Melange Gray,29cm:4135206,heart_count,740.0,"{""brand_eng"": ""partimento"", ""brand_kor"": ""파르티멘토"", ""brand_no"": 1588, ""category1"": ""여성의류"", ""category2"": ""상의"", ""category3"": ""긴소매 티셔츠"", ""category3_code"": 268103102, ""is_new"": false, ""item_no"": 4135206, ""period_sort"": ""ONE_DAY"", ""platform"": ""29cm"", ""ranking_category_code"": ""272103100"", ""ranking_category_name"": ""남성의류>상의"", ""review_avg"": 5.0, ""sale_percent"": 28, ""sale_price"": 29610, ""sold_out"": false, ""url"": ""https://product.29cm.co.kr/catalog/4135206""}",2026-10-04T13:00:06+00:00_caa7d0f3
2026-10-04T22:00:06+09:00,2026-10-04T13:00:07+00:00,commerce_rank,Raw Edge Pocket Long Sleeve Melange Gray,29cm:4135206,review_count,22.0,"{""brand_eng"": ""partimento"", ""brand_kor"": ""파르티멘토"", ""brand_no"": 1588, ""category1"": ""여성의류"", ""category2"": ""상의"", ""category3"": ""긴소매 티셔츠"", ""category3_code"": 268103102, ""is_new"": false, ""item_no"": 4135206, ""period_sort"": ""ONE_DAY"", ""platform"": ""29cm"", ""ranking_category_code"": ""272103100"", ""ranking_category_name"": ""남성의류>상의"", ""review_avg"": 5.0, ""sale_percent"": 28, ""sale_price"": 29610, ""sold_out"": false, ""url"": ""https://product.29cm.co.kr/catalog/4135206""}",2026-10-04T13:00:06+00:00_caa7d0f3
2026-10-04T22:00:06+09:00,2026-10-04T13:00:07+00:00,commerce_rank,Raw Edge Pocket Long Sleeve Melange Gray,29cm:4135206@272103100,rank,31.0,"{""brand_eng"": ""partimento"", ""brand_kor"": ""파르티멘토"", ""brand_no"": 1588, ""category1"": ""여성의류"", ""category2"": ""상의"", ""category3"": ""긴소매 티셔츠"", ""category3_code"": 268103102, ""is_new"": false, ""item_no"": 4135206, ""period_sort"": ""ONE_DAY"", ""platform"": ""29cm"", ""ranking_category_code"": ""272103100"", ""ranking_category_name"": ""남성의류>상의"", ""review_avg"": 5.0, ""sale_percent"": 28, ""sale_price"": 29610, ""sold_out"": false, ""url"": ""https://product.29cm.co.kr/catalog/4135206""}",2026-10-04T13:00:06+00:00_caa7d0f3
2026-10-04T22:00:06+09:00,2026-10-04T13:00:07+00:00,commerce_rank,Raw Edge Pocket Long Sleeve Ivory,29cm:4135209,heart_count,187.0,"{""brand_eng"": ""partimento"", ""brand_kor"": ""파르티멘토"", ""brand_no"": 1588, ""category1"": ""여성의류"", ""category2"": ""상의"", ""category3"": ""긴소매 티셔츠"", ""category3_code"": 268103102, ""is_new"": false, ""item_no"": 4135209, ""period_sort"": ""ONE_DAY"", ""platform"": ""29cm"", ""ranking_category_code"": ""272103100"", ""ranking_category_name"": ""남성의류>상의"", ""review_avg"": 4.5, ""sale_percent"": 28, ""sale_price"": 29610, ""sold_out"": false, ""url"": ""https://product.29cm.co.kr/catalog/4135209""}",2026-10-04T13:00:06+00:00_caa7d0f3
2026-10-04T22:00:06+09:00,2026-10-04T13:00:07+00:00,commerce_rank,Raw Edge Pocket Long Sleeve Ivory,29cm:4135209,review_count,7.0,"{""brand_eng"": ""partimento"", ""brand_kor"": ""파르티멘토"", ""brand_no"": 1588, ""category1"": ""여성의류"", ""category2"": ""상의"", ""category3"": ""긴소매 티셔츠"", ""category3_code"": 268103102, ""is_new"": false, ""item_no"": 4135209, ""period_sort"": ""ONE_DAY"", ""platform"": ""29cm"", ""ranking_category_code"": ""272103100"", ""ranking_category_name"": ""남성의류>상의"", ""review_avg"": 4.5, ""sale_percent"": 28, ""sale_price"": 29610, ""sold_out"": false, ""url"": ""https://product.29cm.co.kr/catalog/4135209""}",2026-10-04T13:00:06+00:00_caa7d0f3
2026-10-04T22:00:06+09:00,2026-10-04T13:00:07+00:00,commerce_rank,Raw Edge Pocket Long Sleeve Ivory,29cm:4135209@272103100,rank,84.0,"{""brand_eng"": ""partimento"", ""brand_kor"": ""파르티멘토"", ""brand_no"": 1588, ""category1"": ""여성의류"", ""category2"": ""상의"", ""category3"": ""긴소매 티셔츠"", ""category3_code"": 268103102, ""is_new"": false, ""item_no"": 4135209, ""period_sort"": ""ONE_DAY"", ""platform"": ""29cm"", ""ranking_category_code"": ""272103100"", ""ranking_category_name"": ""남성의류>상의"", ""review_avg"": 4.5, ""sale_percent"": 28, ""sale_price"": 29610, ""sold_out"": false, ""url"": ""https://product.29cm.co.kr/catalog/4135209""}",2026-10-04T13:00:06+00:00_caa7d0f3
2026-10-04T22:00:06+09:00,2026-10-04T13:00:07+00:00,commerce_rank,Raw Edge Pocket Long Sleeve Black,29cm:4135210,heart_count,216.0,"{""brand_eng"": ""partimento"", ""brand_kor"": ""파르티멘토"", ""brand_no"": 1588, ""category1"": ""여성의류"", ""category2"": ""상의"", ""category3"": ""긴소매 티셔츠"", ""category3_code"": 268103102, ""is_new"": false, ""item_no"": 4135210, ""period_sort"": ""ONE_DAY"", ""platform"": ""29cm"", ""ranking_category_code"": ""272103100"", ""ranking_category_name"": ""남성의류>상의"", ""review_avg"": 5.0, ""sale_percent"": 28, ""sale_price"": 29610, ""sold_out"": false, ""url"": ""https://product.29cm.co.kr/catalog/4135210""}",2026-10-04T13:00:06+00:00_caa7d0f3
2026-10-04T22:00:06+09:00,2026-10-04T13:00:07+00:00,commerce_rank,Raw Edge Pocket Long Sleeve Black,29cm:4135210,review_count,12.0,"{""brand_eng"": ""partimento"", ""brand_kor"": ""파르티멘토"", ""brand_no"": 1588, ""category1"": ""여성의류"", ""category2"": ""상의"", ""category3"": ""긴소매 티셔츠"", ""category3_code"": 268103102, ""is_new"": false, ""item_no"": 4135210, ""period_sort"": ""ONE_DAY"", ""platform"": ""29cm"", ""ranking_category_code"": ""272103100"", ""ranking_category_name"": ""남성의류>상의"", ""review_avg"": 5.0, ""sale_percent"": 28, ""sale_price"": 29610, ""sold_out"": false, ""url"": ""https://product.29cm.co.kr/catalog/4135210""}",2026-10-04T13:00:06+00:00_caa7d0f3
2026-10-04T22:00:06+09:00,2026-10-04T13:00:07+00:00,commerce_rank,Raw Edge Pocket Long Sleeve Black,29cm:4135210@272103100,rank,42.0,"{""brand_eng"": ""partimento"", ""brand_kor"": ""파르티멘토"", ""brand_no"": 1588, ""category1"": ""여성의류"", ""category2"": ""상의"", ""category3"": ""긴소매 티셔츠"", ""category3_code"": 268103102, ""is_new"": false, ""item_no"": 4135210, ""period_sort"": ""ONE_DAY"", ""platform"": ""29cm"", ""ranking_category_code"": ""272103100"", ""ranking_category_name"": ""남성의류>상의"", ""review_avg"": 5.0, ""sale_percent"": 28, ""sale_price"": 29610, ""sold_out"": false, ""url"": ""https://product.29cm.co.kr/catalog/4135210""}",2026-10-04T13:00:06+00:00_caa7d0f3
2026-10-04T22:00:06+09:00,2026-10-04T13:00:07+00:00,commerce_rank,Raw Edge Layered Long Sleeve Black,29cm:4135214,heart_count,467.0,"{""brand_eng"": ""partimento"", ""brand_kor"": ""파르티멘토"", ""brand_no"": 1588, ""category1"": ""여성의류"", ""category2"": ""상의"", ""category3"": ""긴소매 티셔츠"", ""category3_code"": 268103102, ""is_new"": false, ""item_no"": 4135214, ""period_sort"": ""ONE_DAY"", ""platform"": ""29cm"", ""ranking_category_code"": ""272103100"", ""ranking_category_name"": ""남성의류>상의"", ""review_avg"": 5.0, ""sale_percent"": 28, ""sale_price"": 34110, ""sold_out"": false, ""url"": ""https://product.29cm.co.kr/catalog/4135214""}",2026-10-04T13:00:06+00:00_caa7d0f3
2026-10-04T22:00:06+09:00,2026-10-04T13:00:07+00:00,commerce_rank,Raw Edge Layered Long Sleeve Black,29cm:4135214,review_count,16.0,"{""brand_eng"": ""partimento"", ""brand_kor"": ""파르티멘토"", ""brand_no"": 1588, ""category1"": ""여성의류"", ""category2"": ""상의"", ""category3"": ""긴소매 티셔츠"", ""category3_code"": 268103102, ""is_new"": false, ""item_no"": 4135214, ""period_sort"": ""ONE_DAY"", ""platform"": ""29cm"", ""ranking_category_code"": ""272103100"", ""ranking_category_name"": ""남성의류>상의"", ""review_avg"": 5.0, ""sale_percent"": 28, ""sale_price"": 34110, ""sold_out"": false, ""url"": ""https://product.29cm.co.kr/catalog/4135214""}",2026-10-04T13:00:06+00:00_caa7d0f3
2026-10-04T22:00:06+09:00,2026-10-04T13:00:07+00:00,commerce_rank,Raw Edge Layered Long Sleeve Black,29cm:4135214@272103100,rank,78.0,"{""brand_eng"": ""partimento"", ""brand_kor"": ""파르티멘토"", ""brand_no"": 1588, ""category1"": ""여성의류"", ""category2"": ""상의"", ""category3"": ""긴소매 티셔츠"", ""category3_code"": 268103102, ""is_new"": false, ""item_no"": 4135214, ""period_sort"": ""ONE_DAY"", ""platform"": ""29cm"", ""ranking_category_code"": ""272103100"", ""ranking_category_name"": ""남성의류>상의"", ""review_avg"": 5.0, ""sale_percent"": 28, ""sale_price"": 34110, ""sold_out"": false, ""url"": ""https://product.29cm.co.kr/catalog/4135214""}",2026-10-04T13:00:06+00:00_caa7d0f3
2026-10-04T22:00:06+09:00,2026-10-04T13:00:07+00:00,commerce_rank,멘즈 라이트웨이트 신칠라 스냅-티 풀오버 25551R7,29cm:4136312,heart_count,989.0,"{""brand_eng"": ""PATAGONIA"", ""brand_kor"": ""파타고니아"", ""brand_no"": 34278, ""category1"": ""남성의류"", ""category2"": ""상의"", ""category3"": ""스웨트셔츠"", ""category3_code"": 272103107, ""is_new"": false, ""item_no"": 4136312, ""period_sort"": ""ONE_DAY"", ""platform"": ""29cm"", ""ranking_category_code"": ""272103100"", ""ranking_category_name"": ""남성의류>상의"", ""review_avg"": 5.0, ""sale_percent"": 5, ""sale_price"": 227050, ""sold_out"": false, ""url"": ""https://product.29cm.co.kr/catalog/4136312""}",2026-10-04T13:00:06+00:00_caa7d0f3
2026-10-04T22:00:06+09:00,2026-10-04T13:00:07+00:00,commerce_rank,멘즈 라이트웨이트 신칠라 스냅-티 풀오버 25551R7,29cm:4136312,review_count,7.0,"{""brand_eng"": ""PATAGONIA"", ""brand_kor"": ""파타고니아"", ""brand_no"": 34278, ""category1"": ""남성의류"", ""category2"": ""상의"", ""category3"": ""스웨트셔츠"", ""category3_code"": 272103107, ""is_new"": false, ""item_no"": 4136312, ""period_sort"": ""ONE_DAY"", ""platform"": ""29cm"", ""ranking_category_code"": ""272103100"", ""ranking_category_name"": ""남성의류>상의"", ""review_avg"": 5.0, ""sale_percent"": 5, ""sale_price"": 227050, ""sold_out"": false, ""url"": ""https://product.29cm.co.kr/catalog/4136312""}",2026-10-04T13:00:06+00:00_caa7d0f3
2026-10-04T22:00:06+09:00,2026-10-04T13:00:07+00:00,commerce_rank,멘즈 라이트웨이트 신칠라 스냅-티 풀오버 25551R7,29cm:4136312@272103100,rank,12.0,"{""brand_eng"": ""PATAGONIA"", ""brand_kor"": ""파타고니아"", ""brand_no"": 34278, ""category1"": ""남성의류"", ""category2"": ""상의"", ""category3"": ""스웨트셔츠"", ""category3_code"": 272103107, ""is_new"": false, ""item_no"": 4136312, ""period_sort"": ""ONE_DAY"", ""platform"": ""29cm"", ""ranking_category_code"": ""272103100"", ""ranking_category_name"": ""남성의류>상의"", ""review_avg"": 5.0, ""sale_percent"": 5, ""sale_price"": 227050, ""sold_out"": false, ""url"": ""https://product.29cm.co.kr/catalog/4136312""}",2026-10-04T13:00:06+00:00_caa7d0f3
2026-10-04T22:00:06+09:00,2026-10-04T13:00:06+00:00,commerce_rank,[1차 리오더] Sheer boatneck raglan t-shirt_4colors,29cm:4137017,heart_count,2826.0,"{""brand_eng"": ""URAGO"", ""brand_kor"": ""유라고"", ""brand_no"": 2221, ""category1"": ""여성의류"", ""category2"": ""상의"", ""category3"": ""긴소매 티셔츠"", ""category3_code"": 268103102, ""is_new"": false, ""item_no"": 4137017, ""period_sort"": ""ONE_DAY"", ""platform"": ""29cm"", ""ranking_category_code"": ""268103100"", ""ranking_category_name"": ""여성의류>상의"", ""review_avg"": 5.0, ""sale_percent"": 10, ""sale_price"": 52200, ""sold_out"": false, ""url"": ""https://product.29cm.co.kr/catalog/4137017""}",2026-10-04T13:00:06+00:00_caa7d0f3
2026-10-04T22:00:06+09:00,2026-10-04T13:00:06+00:00,commerce_rank,[1차 리오더] Sheer boatneck raglan t-shirt_4colors,29cm:4137017,review_count,18.0,"{""brand_eng"": ""URAGO"", ""brand_kor"": ""유라고"", ""brand_no"": 2221, ""category1"": ""여성의류"", ""category2"": ""상의"", ""category3"": ""긴소매 티셔츠"", ""category3_code"": 268103102, ""is_new"": false, ""item_no"": 4137017, ""period_sort"": ""ONE_DAY"", ""platform"": ""29cm"", ""ranking_category_code"": ""268103100"", ""ranking_category_name"": ""여성의류>상의"", ""review_avg"": 5.0, ""sale_percent"": 10, ""sale_price"": 52200, ""sold_out"": false, ""url"": ""https://product.29cm.co.kr/catalog/4137017""}",2026-10-04T13:00:06+00:00_caa7d0f3
2026-10-04T22:00:06+09:00,2026-10-04T13:00:06+00:00,commerce_rank,[1차 리오더] Sheer boatneck raglan t-shirt_4colors,29cm:4137017@268103100,rank,36.0,"{""brand_eng"": ""URAGO"", ""brand_kor"": ""유라고"", ""brand_no"": 2221, ""category1"": ""여성의류"", ""category2"": ""상의"", ""category3"": ""긴소매 티셔츠"", ""category3_code"": 268103102, ""is_new"": false, ""item_no"": 4137017, ""period_sort"": ""ONE_DAY"", ""platform"": ""29cm"", ""ranking_category_code"": ""268103100"", ""ranking_category_name"": ""여성의류>상의"", ""review_avg"": 5.0, ""sale_percent"": 10, ""sale_price"": 52200, ""sold_out"": false, ""url"": ""https://product.29cm.co.kr/catalog/4137017""}",2026-10-04T13:00:06+00:00_caa7d0f3
2026-10-04T22:00:06+09:00,2026-10-04T13:00:06+00:00,commerce_rank,COTTON HENLEY MID SLEEVE T (WINE),29cm:4137140,heart_count,753.0,"{""brand_eng"": ""ASURA"", ""brand_kor"": ""아수라"", ""brand_no"": 8493, ""category1"": ""여성의류"", ""category2"": ""상의"", ""category3"": ""긴소매 티셔츠"", ""category3_code"": 268103102, ""is_new"": false, ""item_no"": 4137140, ""period_sort"": ""ONE_DAY"", ""platform"": ""29cm"", ""ranking_category_code"": ""268103100"", ""ranking_category_name"": ""여성의류>상의"", ""review_avg"": 5.0, ""sale_percent"": 10, ""sale_price"": 53100, ""sold_out"": false, ""url"": ""https://product.29cm.co.kr/catalog/4137140""}",2026-10-04T13:00:06+00:00_caa7d0f3
2026-10-04T22:00:06+09:00,2026-10-04T13:00:06+00:00,commerce_rank,COTTON HENLEY MID SLEEVE T (WINE),29cm:4137140,review_count,1.0,"{""brand_eng"": ""ASURA"", ""brand_kor"": ""아수라"", ""brand_no"": 8493, ""category1"": ""여성의류"", ""category2"": ""상의"", ""category3"": ""긴소매 티셔츠"", ""category3_code"": 268103102, ""is_new"": false, ""item_no"": 4137140, ""period_sort"": ""ONE_DAY"", ""platform"": ""29cm"", ""ranking_category_code"": ""268103100"", ""ranking_category_name"": ""여성의류>상의"", ""review_avg"": 5.0, ""sale_percent"": 10, ""sale_price"": 53100, ""sold_out"": false, ""url"": ""https://product.29cm.co.kr/catalog/4137140""}",2026-10-04T13:00:06+00:00_caa7d0f3
2026-10-04T22:00:06+09:00,2026-10-04T13:00:06+00:00,commerce_rank,COTTON HENLEY MID SLEEVE T (WINE),29cm:4137140@268103100,rank,9.0,"{""brand_eng"": ""ASURA"", ""brand_kor"": ""아수라"", ""brand_no"": 8493, ""category1"": ""여성의류"", ""category2"": ""상의"", ""category3"": ""긴소매 티셔츠"", ""category3_code"": 268103102, ""is_new"": false, ""item_no"": 4137140, ""period_sort"": ""ONE_DAY"", ""platform"": ""29cm"", ""ranking_category_code"": ""268103100"", ""ranking_category_name"": ""여성의류>상의"", ""review_avg"": 5.0, ""sale_percent"": 10, ""sale_price"": 53100, ""sold_out"": false, ""url"": ""https://product.29cm.co.kr/catalog/4137140""}",2026-10-04T13:00:06+00:00_caa7d0f3
2026-10-04T22:00:06+09:00,2026-10-04T13:00:07+00:00,commerce_rank,남녀공용 오리진 헨리넥 무지 롱 슬리브 세미 크롭 긴팔 티셔츠_6colors,29cm:4142830,heart_count,49.0,"{""brand_eng"": ""NUARTSTUDIO"", ""brand_kor"": ""누아트스튜디오"", ""brand_no"": 21874, ""category1"": ""남성의류"", ""category2"": ""상의"", ""category3"": ""긴소매 티셔츠"", ""category3_code"": 272103102, ""is_new"": false, ""item_no"": 4142830, ""period_sort"": ""ONE_DAY"", ""platform"": ""29cm"", ""ranking_category_code"": ""272103100"", ""ranking_category_name"": ""남성의류>상의"", ""review_avg"": 5.0, ""sale_percent"": 66, ""sale_price"": 13410, ""sold_out"": false, ""url"": ""https://product.29cm.co.kr/catalog/4142830""}",2026-10-04T13:00:06+00:00_caa7d0f3
2026-10-04T22:00:06+09:00,2026-10-04T13:00:07+00:00,commerce_rank,남녀공용 오리진 헨리넥 무지 롱 슬리브 세미 크롭 긴팔 티셔츠_6colors,29cm:4142830,review_count,1.0,"{""brand_eng"": ""NUARTSTUDIO"", ""brand_kor"": ""누아트스튜디오"", ""brand_no"": 21874, ""category1"": ""남성의류"", ""category2"": ""상의"", ""category3"": ""긴소매 티셔츠"", ""category3_code"": 272103102, ""is_new"": false, ""item_no"": 4142830, ""period_sort"": ""ONE_DAY"", ""platform"": ""29cm"", ""ranking_category_code"": ""272103100"", ""ranking_category_name"": ""남성의류>상의"", ""review_avg"": 5.0, ""sale_percent"": 66, ""sale_price"": 13410, ""sold_out"": false, ""url"": ""https://product.29cm.co.kr/catalog/4142830""}",2026-10-04T13:00:06+00:00_caa7d0f3
2026-10-04T22:00:06+09:00,2026-10-04T13:00:07+00:00,commerce_rank,남녀공용 오리진 헨리넥 무지 롱 슬리브 세미 크롭 긴팔 티셔츠_6colors,29cm:4142830@272103100,rank,6.0,"{""brand_eng"": ""NUARTSTUDIO"", ""brand_kor"": ""누아트스튜디오"", ""brand_no"": 21874, ""category1"": ""남성의류"", ""category2"": ""상의"", ""category3"": ""긴소매 티셔츠"", ""category3_code"": 272103102, ""is_new"": false, ""item_no"": 4142830, ""period_sort"": ""ONE_DAY"", ""platform"": ""29cm"", ""ranking_category_code"": ""272103100"", ""ranking_category_name"": ""남성의류>상의"", ""review_avg"": 5.0, ""sale_percent"": 66, ""sale_price"": 13410, ""sold_out"": false, ""url"": ""https://product.29cm.co.kr/catalog/4142830""}",2026-10-04T13:00:06+00:00_caa7d0f3
2026-10-04T22:00:06+09:00,2026-10-04T13:00:07+00:00,commerce_rank,남녀공용 플로우 크롭 무지 롱 슬리브 긴팔 티셔츠_6colors,29cm:4142833,heart_count,18.0,"{""brand_eng"": ""NUARTSTUDIO"", ""brand_kor"": ""누아트스튜디오"", ""brand_no"": 21874, ""category1"": ""남성의류"", ""category2"": ""상의"", ""category3"": ""긴소매 티셔츠"", ""category3_code"": 272103102, ""is_new"": false, ""item_no"": 4142833, ""period_sort"": ""ONE_DAY"", ""platform"": ""29cm"", ""ranking_category_code"": ""272103100"", ""ranking_category_name"": ""남성의류>상의"", ""review_avg"": 4.0, ""sale_percent"": 65, ""sale_price"": 13950, ""sold_out"": false, ""url"": ""https://product.29cm.co.kr/catalog/4142833""}",2026-10-04T13:00:06+00:00_caa7d0f3
2026-10-04T22:00:06+09:00,2026-10-04T13:00:07+00:00,commerce_rank,남녀공용 플로우 크롭 무지 롱 슬리브 긴팔 티셔츠_6colors,29cm:4142833,review_count,1.0,"{""brand_eng"": ""NUARTSTUDIO"", ""brand_kor"": ""누아트스튜디오"", ""brand_no"": 21874, ""category1"": ""남성의류"", ""category2"": ""상의"", ""category3"": ""긴소매 티셔츠"", ""category3_code"": 272103102, ""is_new"": false, ""item_no"": 4142833, ""period_sort"": ""ONE_DAY"", ""platform"": ""29cm"", ""ranking_category_code"": ""272103100"", ""ranking_category_name"": ""남성의류>상의"", ""review_avg"": 4.0, ""sale_percent"": 65, ""sale_price"": 13950, ""sold_out"": false, ""url"": ""https://product.29cm.co.kr/catalog/4142833""}",2026-10-04T13:00:06+00:00_caa7d0f3
2026-10-04T22:00:06+09:00,2026-10-04T13:00:07+00:00,commerce_rank,남녀공용 플로우 크롭 무지 롱 슬리브 긴팔 티셔츠_6colors,29cm:4142833@272103100,rank,100.0,"{""brand_eng"": ""NUARTSTUDIO"", ""brand_kor"": ""누아트스튜디오"", ""brand_no"": 21874, ""category1"": ""남성의류"", ""category2"": ""상의"", ""category3"": ""긴소매 티셔츠"", ""category3_code"": 272103102, ""is_new"": false, ""item_no"": 4142833, ""period_sort"": ""ONE_DAY"", ""platform"": ""29cm"", ""ranking_category_code"": ""272103100"", ""ranking_category_name"": ""남성의류>상의"", ""review_avg"": 4.0, ""sale_percent"": 65, ""sale_price"": 13950, ""sold_out"": false, ""url"": ""https://product.29cm.co.kr/catalog/4142833""}",2026-10-04T13:00:06+00:00_caa7d0f3
2026-10-04T22:00:06+09:00,2026-10-04T13:00:06+00:00,commerce_rank,Bertie overfit sweatshirt (mgy/ch),29cm:4142878,heart_count,747.0,"{""brand_eng"": ""THE MITTEN"", ""brand_kor"": ""더미튼"", ""brand_no"": 25573, ""category1"": ""여성의류"", ""category2"": ""상의"", ""category3"": ""스웨트셔츠"", ""category3_code"": 268103104, ""is_new"": false, ""item_no"": 4142878, ""period_sort"": ""ONE_DAY"", ""platform"": ""29cm"", ""ranking_category_code"": ""268103100"", ""ranking_category_name"": ""여성의류>상의"", ""review_avg"": 5.0, ""sale_percent"": 23, ""sale_price"": 72680, ""sold_out"": false, ""url"": ""https://product.29cm.co.kr/catalog/4142878""}",2026-10-04T13:00:06+00:00_caa7d0f3
2026-10-04T22:00:06+09:00,2026-10-04T13:00:06+00:00,commerce_rank,Bertie overfit sweatshirt (mgy/ch),29cm:4142878,review_count,5.0,"{""brand_eng"": ""THE MITTEN"", ""brand_kor"": ""더미튼"", ""brand_no"": 25573, ""category1"": ""여성의류"", ""category2"": ""상의"", ""category3"": ""스웨트셔츠"", ""category3_code"": 268103104, ""is_new"": false, ""item_no"": 4142878, ""period_sort"": ""ONE_DAY"", ""platform"": ""29cm"", ""ranking_category_code"": ""268103100"", ""ranking_category_name"": ""여성의류>상의"", ""review_avg"": 5.0, ""sale_percent"": 23, ""sale_price"": 72680, ""sold_out"": false, ""url"": ""https://product.29cm.co.kr/catalog/4142878""}",2026-10-04T13:00:06+00:00_caa7d0f3
2026-10-04T22:00:06+09:00,2026-10-04T13:00:06+00:00,commerce_rank,Bertie overfit sweatshirt (mgy/ch),29cm:4142878@268103100,rank,58.0,"{""brand_eng"": ""THE MITTEN"", ""brand_kor"": ""더미튼"", ""brand_no"": 25573, ""category1"": ""여성의류"", ""category2"": ""상의"", ""category3"": ""스웨트셔츠"", ""category3_code"": 268103104, ""is_new"": false, ""item_no"": 4142878, ""period_sort"": ""ONE_DAY"", ""platform"": ""29cm"", ""ranking_category_code"": ""268103100"", ""ranking_category_name"": ""여성의류>상의"", ""review_avg"": 5.0, ""sale_percent"": 23, ""sale_price"": 72680, ""sold_out"": false, ""url"": ""https://product.29cm.co.kr/catalog/4142878""}",2026-10-04T13:00:06+00:00_caa7d0f3
2026-10-04T22:00:06+09:00,2026-10-04T13:00:07+00:00,commerce_rank,Oxford Work Shirts (Stripe Blue),29cm:4143204,heart_count,274.0,"{""brand_eng"": ""HAVE HAD"", ""brand_kor"": ""해브해드"", ""brand_no"": 2910, ""category1"": ""남성의류"", ""category2"": ""상의"", ""category3"": ""긴소매 셔츠"", ""category3_code"": 272103106, ""is_new"": false, ""item_no"": 4143204, ""period_sort"": ""ONE_DAY"", ""platform"": ""29cm"", ""ranking_category_code"": ""272103100"", ""ranking_category_name"": ""남성의류>상의"", ""review_avg"": 5.0, ""sale_percent"": 28, ""sale_price"": 64310, ""sold_out"": false, ""url"": ""https://product.29cm.co.kr/catalog/4143204""}",2026-10-04T13:00:06+00:00_caa7d0f3
2026-10-04T22:00:06+09:00,2026-10-04T13:00:07+00:00,commerce_rank,Oxford Work Shirts (Stripe Blue),29cm:4143204,review_count,5.0,"{""brand_eng"": ""HAVE HAD"", ""brand_kor"": ""해브해드"", ""brand_no"": 2910, ""category1"": ""남성의류"", ""category2"": ""상의"", ""category3"": ""긴소매 셔츠"", ""category3_code"": 272103106, ""is_new"": false, ""item_no"": 4143204, ""period_sort"": ""ONE_DAY"", ""platform"": ""29cm"", ""ranking_category_code"": ""272103100"", ""ranking_category_name"": ""남성의류>상의"", ""review_avg"": 5.0, ""sale_percent"": 28, ""sale_price"": 64310, ""sold_out"": false, ""url"": ""https://product.29cm.co.kr/catalog/4143204""}",2026-10-04T13:00:06+00:00_caa7d0f3
2026-10-04T22:00:06+09:00,2026-10-04T13:00:07+00:00,commerce_rank,Oxford Work Shirts (Stripe Blue),29cm:4143204@272103100,rank,13.0,"{""brand_eng"": ""HAVE HAD"", ""brand_kor"": ""해브해드"", ""brand_no"": 2910, ""category1"": ""남성의류"", ""category2"": ""상의"", ""category3"": ""긴소매 셔츠"", ""category3_code"": 272103106, ""is_new"": false, ""item_no"": 4143204, ""period_sort"": ""ONE_DAY"", ""platform"": ""29cm"", ""ranking_category_code"": ""272103100"", ""ranking_category_name"": ""남성의류>상의"", ""review_avg"": 5.0, ""sale_percent"": 28, ""sale_price"": 64310, ""sold_out"": false, ""url"": ""https://product.29cm.co.kr/catalog/4143204""}",2026-10-04T13:00:06+00:00_caa7d0f3
2026-10-04T22:00:06+09:00,2026-10-04T13:00:07+00:00,commerce_rank,Oxford Work Shirts (Light Blue),29cm:4143210,heart_count,175.0,"{""brand_eng"": ""HAVE HAD"", ""brand_kor"": ""해브해드"", ""brand_no"": 2910, ""category1"": ""남성의류"", ""category2"": ""상의"", ""category3"": ""긴소매 셔츠"", ""category3_code"": 272103106, ""is_new"": false, ""item_no"": 4143210, ""period_sort"": ""ONE_DAY"", ""platform"": ""29cm"", ""ranking_category_code"": ""272103100"", ""ranking_category_name"": ""남성의류>상의"", ""review_avg"": 5.0, ""sale_percent"": 28, ""sale_price"": 64310, ""sold_out"": false, ""url"": ""https://product.29cm.co.kr/catalog/4143210""}",2026-10-04T13:00:06+00:00_caa7d0f3
2026-10-04T22:00:06+09:00,2026-10-04T13:00:07+00:00,commerce_rank,Oxford Work Shirts (Light Blue),29cm:4143210,review_count,2.0,"{""brand_eng"": ""HAVE HAD"", ""brand_kor"": ""해브해드"", ""brand_no"": 2910, ""category1"": ""남성의류"", ""category2"": ""상의"", ""category3"": ""긴소매 셔츠"", ""category3_code"": 272103106, ""is_new"": false, ""item_no"": 4143210, ""period_sort"": ""ONE_DAY"", ""platform"": ""29cm"", ""ranking_category_code"": ""272103100"", ""ranking_category_name"": ""남성의류>상의"", ""review_avg"": 5.0, ""sale_percent"": 28, ""sale_price"": 64310, ""sold_out"": false, ""url"": ""https://product.29cm.co.kr/catalog/4143210""}",2026-10-04T13:00:06+00:00_caa7d0f3
2026-10-04T22:00:06+09:00,2026-10-04T13:00:07+00:00,commerce_rank,Oxford Work Shirts (Light Blue),29cm:4143210@272103100,rank,34.0,"{""brand_eng"": ""HAVE HAD"", ""brand_kor"": ""해브해드"", ""brand_no"": 2910, ""category1"": ""남성의류"", ""category2"": ""상의"", ""category3"": ""긴소매 셔츠"", ""category3_code"": 272103106, ""is_new"": false, ""item_no"": 4143210, ""period_sort"": ""ONE_DAY"", ""platform"": ""29cm"", ""ranking_category_code"": ""272103100"", ""ranking_category_name"": ""남성의류>상의"", ""review_avg"": 5.0, ""sale_percent"": 28, ""sale_price"": 64310, ""sold_out"": false, ""url"": ""https://product.29cm.co.kr/catalog/4143210""}",2026-10-04T13:00:06+00:00_caa7d0f3
2026-10-04T22:00:06+09:00,2026-10-04T13:00:06+00:00,commerce_rank,[2nd] [단독] DUST WASHED OVER FIT TEE_PURPLE CHARCOAL,29cm:4144094,heart_count,889.0,"{""brand_eng"": ""MANGOMANYPLEASE"", ""brand_kor"": ""망고매니플리즈"", ""brand_no"": 21145, ""category1"": ""여성의류"", ""category2"": ""상의"", ""category3"": ""긴소매 티셔츠"", ""category3_code"": 268103102, ""is_new"": false, ""item_no"": 4144094, ""period_sort"": ""ONE_DAY"", ""platform"": ""29cm"", ""ranking_category_code"": ""268103100"", ""ranking_category_name"": ""여성의류>상의"", ""review_avg"": 5.0, ""sale_percent"": 25, ""sale_price"": 74450, ""sold_out"": false, ""url"": ""https://product.29cm.co.kr/catalog/4144094""}",2026-10-04T13:00:06+00:00_caa7d0f3
2026-10-04T22:00:06+09:00,2026-10-04T13:00:06+00:00,commerce_rank,[2nd] [단독] DUST WASHED OVER FIT TEE_PURPLE CHARCOAL,29cm:4144094,review_count,20.0,"{""brand_eng"": ""MANGOMANYPLEASE"", ""brand_kor"": ""망고매니플리즈"", ""brand_no"": 21145, ""category1"": ""여성의류"", ""category2"": ""상의"", ""category3"": ""긴소매 티셔츠"", ""category3_code"": 268103102, ""is_new"": false, ""item_no"": 4144094, ""period_sort"": ""ONE_DAY"", ""platform"": ""29cm"", ""ranking_category_code"": ""268103100"", ""ranking_category_name"": ""여성의류>상의"", ""review_avg"": 5.0, ""sale_percent"": 25, ""sale_price"": 74450, ""sold_out"": false, ""url"": ""https://product.29cm.co.kr/catalog/4144094""}",2026-10-04T13:00:06+00:00_caa7d0f3
2026-10-04T22:00:06+09:00,2026-10-04T13:00:06+00:00,commerce_rank,[2nd] [단독] DUST WASHED OVER FIT TEE_PURPLE CHARCOAL,29cm:4144094@268103100,rank,82.0,"{""brand_eng"": ""MANGOMANYPLEASE"", ""brand_kor"": ""망고매니플리즈"", ""brand_no"": 21145, ""category1"": ""여성의류"", ""category2"": ""상의"", ""category3"": ""긴소매 티셔츠"", ""category3_code"": 268103102, ""is_new"": false, ""item_no"": 4144094, ""period_sort"": ""ONE_DAY"", ""platform"": ""29cm"", ""ranking_category_code"": ""268103100"", ""ranking_category_name"": ""여성의류>상의"", ""review_avg"": 5.0, ""sale_percent"": 25, ""sale_price"": 74450, ""sold_out"": false, ""url"": ""https://product.29cm.co.kr/catalog/4144094""}",2026-10-04T13:00:06+00:00_caa7d0f3
2026-10-04T22:00:06+09:00,2026-10-04T13:00:06+00:00,commerce_rank,[5차]BOATNECK HALF SLEEVE T-SHIRT_CHARCOAL,29cm:4145908,heart_count,1471.0,"{""brand_eng"": ""SYS"", ""brand_kor"": ""시스"", ""brand_no"": 113379, ""category1"": ""여성의류"", ""category2"": ""상의"", ""category3"": ""반소매 티셔츠"", ""category3_code"": 268103101, ""is_new"": false, ""item_no"": 4145908, ""period_sort"": ""ONE_DAY"", ""platform"": ""29cm"", ""ranking_category_code"": ""268103100"", ""ranking_category_name"": ""여성의류>상의"", ""review_avg"": 4.5, ""sale_percent"": 25, ""sale_price"": 33750, ""sold_out"": false, ""url"": ""https://product.29cm.co.kr/catalog/4145908""}",2026-10-04T13:00:06+00:00_caa7d0f3
2026-10-04T22:00:06+09:00,2026-10-04T13:00:06+00:00,commerce_rank,[5차]BOATNECK HALF SLEEVE T-SHIRT_CHARCOAL,29cm:4145908,review_count,17.0,"{""brand_eng"": ""SYS"", ""brand_kor"": ""시스"", ""brand_no"": 113379, ""category1"": ""여성의류"", ""category2"": ""상의"", ""category3"": ""반소매 티셔츠"", ""category3_code"": 268103101, ""is_new"": false, ""item_no"": 4145908, ""period_sort"": ""ONE_DAY"", ""platform"": ""29cm"", ""ranking_category_code"": ""268103100"", ""ranking_category_name"": ""여성의류>상의"", ""review_avg"": 4.5, ""sale_percent"": 25, ""sale_price"": 33750, ""sold_out"": false, ""url"": ""https://product.29cm.co.kr/catalog/4145908""}",2026-10-04T13:00:06+00:00_caa7d0f3
2026-10-04T22:00:06+09:00,2026-10-04T13:00:06+00:00,commerce_rank,[5차]BOATNECK HALF SLEEVE T-SHIRT_CHARCOAL,29cm:4145908@268103100,rank,88.0,"{""brand_eng"": ""SYS"", ""brand_kor"": ""시스"", ""brand_no"": 113379, ""category1"": ""여성의류"", ""category2"": ""상의"", ""category3"": ""반소매 티셔츠"", ""category3_code"": 268103101, ""is_new"": false, ""item_no"": 4145908, ""period_sort"": ""ONE_DAY"", ""platform"": ""29cm"", ""ranking_category_code"": ""268103100"", ""ranking_category_name"": ""여성의류>상의"", ""review_avg"": 4.5, ""sale_percent"": 25, ""sale_price"": 33750, ""sold_out"": false, ""url"": ""https://product.29cm.co.kr/catalog/4145908""}",2026-10-04T13:00:06+00:00_caa7d0f3
2026-10-04T22:00:06+09:00,2026-10-04T13:00:06+00:00,commerce_rank,deep v-neck slub t-shirt  (NA),29cm:4146567,heart_count,1754.0,"{""brand_eng"": ""haveawhale"", ""brand_kor"": ""해브어웨일"", ""brand_no"": 66481, ""category1"": ""여성의류"", ""category2"": ""상의"", ""category3"": ""긴소매 티셔츠"", ""category3_code"": 268103102, ""is_new"": false, ""item_no"": 4146567, ""period_sort"": ""ONE_DAY"", ""platform"": ""29cm"", ""ranking_category_code"": ""268103100"", ""ranking_category_name"": ""여성의류>상의"", ""review_avg"": 5.0, ""sale_percent"": 37, ""sale_price"": 62370, ""sold_out"": false, ""url"": ""https://product.29cm.co.kr/catalog/4146567""}",2026-10-04T13:00:06+00:00_caa7d0f3
2026-10-04T22:00:06+09:00,2026-10-04T13:00:06+00:00,commerce_rank,deep v-neck slub t-shirt  (NA),29cm:4146567,review_count,1.0,"{""brand_eng"": ""haveawhale"", ""brand_kor"": ""해브어웨일"", ""brand_no"": 66481, ""category1"": ""여성의류"", ""category2"": ""상의"", ""category3"": ""긴소매 티셔츠"", ""category3_code"": 268103102, ""is_new"": false, ""item_no"": 4146567, ""period_sort"": ""ONE_DAY"", ""platform"": ""29cm"", ""ranking_category_code"": ""268103100"", ""ranking_category_name"": ""여성의류>상의"", ""review_avg"": 5.0, ""sale_percent"": 37, ""sale_price"": 62370, ""sold_out"": false, ""url"": ""https://product.29cm.co.kr/catalog/4146567""}",2026-10-04T13:00:06+00:00_caa7d0f3
2026-10-04T22:00:06+09:00,2026-10-04T13:00:06+00:00,commerce_rank,deep v-neck slub t-shirt  (NA),29cm:4146567@268103100,rank,78.0,"{""brand_eng"": ""haveawhale"", ""brand_kor"": ""해브어웨일"", ""brand_no"": 66481, ""category1"": ""여성의류"", ""category2"": ""상의"", ""category3"": ""긴소매 티셔츠"", ""category3_code"": 268103102, ""is_new"": false, ""item_no"": 4146567, ""period_sort"": ""ONE_DAY"", ""platform"": ""29cm"", ""ranking_category_code"": ""268103100"", ""ranking_category_name"": ""여성의류>상의"", ""review_avg"": 5.0, ""sale_percent"": 37, ""sale_price"": 62370, ""sold_out"": false, ""url"": ""https://product.29cm.co.kr/catalog/4146567""}",2026-10-04T13:00:06+00:00_caa7d0f3
2026-10-04T22:00:06+09:00,2026-10-04T13:00:06+00:00,commerce_rank,[오제 PICK] 울 텐셀 헨리넥 긴팔 티셔츠 MDTS112_6 Colors,29cm:4147743,heart_count,861.0,"{""brand_eng"": ""MONGDOL"", ""brand_kor"": ""몽돌"", ""brand_no"": 10654, ""category1"": ""여성의류"", ""category2"": ""상의"", ""category3"": ""긴소매 티셔츠"", ""category3_code"": 268103102, ""is_new"": false, ""item_no"": 4147743, ""period_sort"": ""ONE_DAY"", ""platform"": ""29cm"", ""ranking_category_code"": ""268103100"", ""ranking_category_name"": ""여성의류>상의"", ""review_avg"": 5.0, ""sale_percent"": 37, ""sale_price"": 30240, ""sold_out"": false, ""url"": ""https://product.29cm.co.kr/catalog/4147743""}",2026-10-04T13:00:06+00:00_caa7d0f3
2026-10-04T22:00:06+09:00,2026-10-04T13:00:06+00:00,commerce_rank,[오제 PICK] 울 텐셀 헨리넥 긴팔 티셔츠 MDTS112_6 Colors,29cm:4147743,review_count,11.0,"{""brand_eng"": ""MONGDOL"", ""brand_kor"": ""몽돌"", ""brand_no"": 10654, ""category1"": ""여성의류"", ""category2"": ""상의"", ""category3"": ""긴소매 티셔츠"", ""category3_code"": 268103102, ""is_new"": false, ""item_no"": 4147743, ""period_sort"": ""ONE_DAY"", ""platform"": ""29cm"", ""ranking_category_code"": ""268103100"", ""ranking_category_name"": ""여성의류>상의"", ""review_avg"": 5.0, ""sale_percent"": 37, ""sale_price"": 30240, ""sold_out"": false, ""url"": ""https://product.29cm.co.kr/catalog/4147743""}",2026-10-04T13:00:06+00:00_caa7d0f3
2026-10-04T22:00:06+09:00,2026-10-04T13:00:06+00:00,commerce_rank,[오제 PICK] 울 텐셀 헨리넥 긴팔 티셔츠 MDTS112_6 Colors,29cm:4147743@268103100,rank,87.0,"{""brand_eng"": ""MONGDOL"", ""brand_kor"": ""몽돌"", ""brand_no"": 10654, ""category1"": ""여성의류"", ""category2"": ""상의"", ""category3"": ""긴소매 티셔츠"", ""category3_code"": 268103102, ""is_new"": false, ""item_no"": 4147743, ""period_sort"": ""ONE_DAY"", ""platform"": ""29cm"", ""ranking_category_code"": ""268103100"", ""ranking_category_name"": ""여성의류>상의"", ""review_avg"": 5.0, ""sale_percent"": 37, ""sale_price"": 30240, ""sold_out"": false, ""url"": ""https://product.29cm.co.kr/catalog/4147743""}",2026-10-04T13:00:06+00:00_caa7d0f3
2026-10-04T22:00:06+09:00,2026-10-04T13:00:06+00:00,commerce_rank,Ebb button overfit t-shirt (melange gray),29cm:4147832,heart_count,2755.0,"{""brand_eng"": ""RE_L"", ""brand_kor"": ""리엘"", ""brand_no"": 19781, ""category1"": ""여성의류"", ""category2"": ""상의"", ""category3"": ""긴소매 티셔츠"", ""category3_code"": 268103102, ""is_new"": false, ""item_no"": 4147832, ""period_sort"": ""ONE_DAY"", ""platform"": ""29cm"", ""ranking_category_code"": ""268103100"", ""ranking_category_name"": ""여성의류>상의"", ""review_avg"": 5.0, ""sale_percent"": 23, ""sale_price"": 60440, ""sold_out"": false, ""url"": ""https://product.29cm.co.kr/catalog/4147832""}",2026-10-04T13:00:06+00:00_caa7d0f3
2026-10-04T22:00:06+09:00,2026-10-04T13:00:06+00:00,commerce_rank,Ebb button overfit t-shirt (melange gray),29cm:4147832,review_count,4.0,"{""brand_eng"": ""RE_L"", ""brand_kor"": ""리엘"", ""brand_no"": 19781, ""category1"": ""여성의류"", ""category2"": ""상의"", ""category3"": ""긴소매 티셔츠"", ""category3_code"": 268103102, ""is_new"": false, ""item_no"": 4147832, ""period_sort"": ""ONE_DAY"", ""platform"": ""29cm"", ""ranking_category_code"": ""268103100"", ""ranking_category_name"": ""여성의류>상의"", ""review_avg"": 5.0, ""sale_percent"": 23, ""sale_price"": 60440, ""sold_out"": false, ""url"": ""https://product.29cm.co.kr/catalog/4147832""}",2026-10-04T13:00:06+00:00_caa7d0f3
2026-10-04T22:00:06+09:00,2026-10-04T13:00:06+00:00,commerce_rank,Ebb button overfit t-shirt (melange gray),29cm:4147832@268103100,rank,85.0,"{""brand_eng"": ""RE_L"", ""brand_kor"": ""리엘"", ""brand_no"": 19781, ""category1"": ""여성의류"", ""category2"": ""상의"", ""category3"": ""긴소매 티셔츠"", ""category3_code"": 268103102, ""is_new"": false, ""item_no"": 4147832, ""period_sort"": ""ONE_DAY"", ""platform"": ""29cm"", ""ranking_category_code"": ""268103100"", ""ranking_category_name"": ""여성의류>상의"", ""review_avg"": 5.0, ""sale_percent"": 23, ""sale_price"": 60440, ""sold_out"": false, ""url"": ""https://product.29cm.co.kr/catalog/4147832""}",2026-10-04T13:00:06+00:00_caa7d0f3
2026-10-04T22:00:06+09:00,2026-10-04T13:00:07+00:00,commerce_rank,Everyday Classic Check Shirts (Navy),29cm:4149637,heart_count,421.0,"{""brand_eng"": ""HAVE HAD"", ""brand_kor"": ""해브해드"", ""brand_no"": 2910, ""category1"": ""남성의류"", ""category2"": ""상의"", ""category3"": ""긴소매 셔츠"", ""category3_code"": 272103106, ""is_new"": false, ""item_no"": 4149637, ""period_sort"": ""ONE_DAY"", ""platform"": ""29cm"", ""ranking_category_code"": ""272103100"", ""ranking_category_name"": ""남성의류>상의"", ""review_avg"": 5.0, ""sale_percent"": 28, ""sale_price"": 64310, ""sold_out"": false, ""url"": ""https://product.29cm.co.kr/catalog/4149637""}",2026-10-04T13:00:06+00:00_caa7d0f3
2026-10-04T22:00:06+09:00,2026-10-04T13:00:07+00:00,commerce_rank,Everyday Classic Check Shirts (Navy),29cm:4149637,review_count,6.0,"{""brand_eng"": ""HAVE HAD"", ""brand_kor"": ""해브해드"", ""brand_no"": 2910, ""category1"": ""남성의류"", ""category2"": ""상의"", ""category3"": ""긴소매 셔츠"", ""category3_code"": 272103106, ""is_new"": false, ""item_no"": 4149637, ""period_sort"": ""ONE_DAY"", ""platform"": ""29cm"", ""ranking_category_code"": ""272103100"", ""ranking_category_name"": ""남성의류>상의"", ""review_avg"": 5.0, ""sale_percent"": 28, ""sale_price"": 64310, ""sold_out"": false, ""url"": ""https://product.29cm.co.kr/catalog/4149637""}",2026-10-04T13:00:06+00:00_caa7d0f3
2026-10-04T22:00:06+09:00,2026-10-04T13:00:07+00:00,commerce_rank,Everyday Classic Check Shirts (Navy),29cm:4149637@272103100,rank,4.0,"{""brand_eng"": ""HAVE HAD"", ""brand_kor"": ""해브해드"", ""brand_no"": 2910, ""category1"": ""남성의류"", ""category2"": ""상의"", ""category3"": ""긴소매 셔츠"", ""category3_code"": 272103106, ""is_new"": false, ""item_no"": 4149637, ""period_sort"": ""ONE_DAY"", ""platform"": ""29cm"", ""ranking_category_code"": ""272103100"", ""ranking_category_name"": ""남성의류>상의"", ""review_avg"": 5.0, ""sale_percent"": 28, ""sale_price"": 64310, ""sold_out"": false, ""url"": ""https://product.29cm.co.kr/catalog/4149637""}",2026-10-04T13:00:06+00:00_caa7d0f3
2026-10-04T22:00:06+09:00,2026-10-04T13:00:07+00:00,commerce_rank,Everyday Classic Check Shirts (Olive),29cm:4149645,heart_count,190.0,"{""brand_eng"": ""HAVE HAD"", ""brand_kor"": ""해브해드"", ""brand_no"": 2910, ""category1"": ""남성의류"", ""category2"": ""상의"", ""category3"": ""긴소매 셔츠"", ""category3_code"": 272103106, ""is_new"": false, ""item_no"": 4149645, ""period_sort"": ""ONE_DAY"", ""platform"": ""29cm"", ""ranking_category_code"": ""272103100"", ""ranking_category_name"": ""남성의류>상의"", ""review_avg"": 5.0, ""sale_percent"": 28, ""sale_price"": 64310, ""sold_out"": false, ""url"": ""https://product.29cm.co.kr/catalog/4149645""}",2026-10-04T13:00:06+00:00_caa7d0f3
2026-10-04T22:00:06+09:00,2026-10-04T13:00:07+00:00,commerce_rank,Everyday Classic Check Shirts (Olive),29cm:4149645,review_count,4.0,"{""brand_eng"": ""HAVE HAD"", ""brand_kor"": ""해브해드"", ""brand_no"": 2910, ""category1"": ""남성의류"", ""category2"": ""상의"", ""category3"": ""긴소매 셔츠"", ""category3_code"": 272103106, ""is_new"": false, ""item_no"": 4149645, ""period_sort"": ""ONE_DAY"", ""platform"": ""29cm"", ""ranking_category_code"": ""272103100"", ""ranking_category_name"": ""남성의류>상의"", ""review_avg"": 5.0, ""sale_percent"": 28, ""sale_price"": 64310, ""sold_out"": false, ""url"": ""https://product.29cm.co.kr/catalog/4149645""}",2026-10-04T13:00:06+00:00_caa7d0f3
2026-10-04T22:00:06+09:00,2026-10-04T13:00:07+00:00,commerce_rank,Everyday Classic Check Shirts (Olive),29cm:4149645@272103100,rank,32.0,"{""brand_eng"": ""HAVE HAD"", ""brand_kor"": ""해브해드"", ""brand_no"": 2910, ""category1"": ""남성의류"", ""category2"": ""상의"", ""category3"": ""긴소매 셔츠"", ""category3_code"": 272103106, ""is_new"": false, ""item_no"": 4149645, ""period_sort"": ""ONE_DAY"", ""platform"": ""29cm"", ""ranking_category_code"": ""272103100"", ""ranking_category_name"": ""남성의류>상의"", ""review_avg"": 5.0, ""sale_percent"": 28, ""sale_price"": 64310, ""sold_out"": false, ""url"": ""https://product.29cm.co.kr/catalog/4149645""}",2026-10-04T13:00:06+00:00_caa7d0f3
2026-10-04T22:00:06+09:00,2026-10-04T13:00:06+00:00,commerce_rank,[주미니 Pick]Raglan oversized modal tee [TIFA06LT06]_Navy,29cm:4149711,heart_count,4109.0,"{""brand_eng"": ""TILLIDIE"", ""brand_kor"": ""틸아이다이"", ""brand_no"": 3421, ""category1"": ""여성의류"", ""category2"": ""상의"", ""category3"": ""긴소매 티셔츠"", ""category3_code"": 268103102, ""is_new"": false, ""item_no"": 4149711, ""period_sort"": ""ONE_DAY"", ""platform"": ""29cm"", ""ranking_category_code"": ""268103100"", ""ranking_category_name"": ""여성의류>상의"", ""review_avg"": 5.0, ""sale_percent"": 17, ""sale_price"": 63310, ""sold_out"": false, ""url"": ""https://product.29cm.co.kr/catalog/4149711""}",2026-10-04T13:00:06+00:00_caa7d0f3
2026-10-04T22:00:06+09:00,2026-10-04T13:00:06+00:00,commerce_rank,[주미니 Pick]Raglan oversized modal tee [TIFA06LT06]_Navy,29cm:4149711,review_count,107.0,"{""brand_eng"": ""TILLIDIE"", ""brand_kor"": ""틸아이다이"", ""brand_no"": 3421, ""category1"": ""여성의류"", ""category2"": ""상의"", ""category3"": ""긴소매 티셔츠"", ""category3_code"": 268103102, ""is_new"": false, ""item_no"": 4149711, ""period_sort"": ""ONE_DAY"", ""platform"": ""29cm"", ""ranking_category_code"": ""268103100"", ""ranking_category_name"": ""여성의류>상의"", ""review_avg"": 5.0, ""sale_percent"": 17, ""sale_price"": 63310, ""sold_out"": false, ""url"": ""https://product.29cm.co.kr/catalog/4149711""}",2026-10-04T13:00:06+00:00_caa7d0f3
2026-10-04T22:00:06+09:00,2026-10-04T13:00:06+00:00,commerce_rank,[주미니 Pick]Raglan oversized modal tee [TIFA06LT06]_Navy,29cm:4149711@268103100,rank,22.0,"{""brand_eng"": ""TILLIDIE"", ""brand_kor"": ""틸아이다이"", ""brand_no"": 3421, ""category1"": ""여성의류"", ""category2"": ""상의"", ""category3"": ""긴소매 티셔츠"", ""category3_code"": 268103102, ""is_new"": false, ""item_no"": 4149711, ""period_sort"": ""ONE_DAY"", ""platform"": ""29cm"", ""ranking_category_code"": ""268103100"", ""ranking_category_name"": ""여성의류>상의"", ""review_avg"": 5.0, ""sale_percent"": 17, ""sale_price"": 63310, ""sold_out"": false, ""url"": ""https://product.29cm.co.kr/catalog/4149711""}",2026-10-04T13:00:06+00:00_caa7d0f3
2026-10-04T22:00:06+09:00,2026-10-04T13:00:06+00:00,commerce_rank,[4차 재입고] 로우엣지 래글런 롱슬리브 티셔츠_퍼플,29cm:4150333,heart_count,2636.0,"{""brand_eng"": ""URBANDTYPE"", ""brand_kor"": ""어반디타입"", ""brand_no"": 2295, ""category1"": ""여성의류"", ""category2"": ""상의"", ""category3"": ""긴소매 티셔츠"", ""category3_code"": 268103102, ""is_new"": false, ""item_no"": 4150333, ""period_sort"": ""ONE_DAY"", ""platform"": ""29cm"", ""ranking_category_code"": ""268103100"", ""ranking_category_name"": ""여성의류>상의"", ""review_avg"": 4.5, ""sale_percent"": 19, ""sale_price"": 31500, ""sold_out"": false, ""url"": ""https://product.29cm.co.kr/catalog/4150333""}",2026-10-04T13:00:06+00:00_caa7d0f3
2026-10-04T22:00:06+09:00,2026-10-04T13:00:06+00:00,commerce_rank,[4차 재입고] 로우엣지 래글런 롱슬리브 티셔츠_퍼플,29cm:4150333,review_count,8.0,"{""brand_eng"": ""URBANDTYPE"", ""brand_kor"": ""어반디타입"", ""brand_no"": 2295, ""category1"": ""여성의류"", ""category2"": ""상의"", ""category3"": ""긴소매 티셔츠"", ""category3_code"": 268103102, ""is_new"": false, ""item_no"": 4150333, ""period_sort"": ""ONE_DAY"", ""platform"": ""29cm"", ""ranking_category_code"": ""268103100"", ""ranking_category_name"": ""여성의류>상의"", ""review_avg"": 4.5, ""sale_percent"": 19, ""sale_price"": 31500, ""sold_out"": false, ""url"": ""https://product.29cm.co.kr/catalog/4150333""}",2026-10-04T13:00:06+00:00_caa7d0f3
2026-10-04T22:00:06+09:00,2026-10-04T13:00:06+00:00,commerce_rank,[4차 재입고] 로우엣지 래글런 롱슬리브 티셔츠_퍼플,29cm:4150333@268103100,rank,28.0,"{""brand_eng"": ""URBANDTYPE"", ""brand_kor"": ""어반디타입"", ""brand_no"": 2295, ""category1"": ""여성의류"", ""category2"": ""상의"", ""category3"": ""긴소매 티셔츠"", ""category3_code"": 268103102, ""is_new"": false, ""item_no"": 4150333, ""period_sort"": ""ONE_DAY"", ""platform"": ""29cm"", ""ranking_category_code"": ""268103100"", ""ranking_category_name"": ""여성의류>상의"", ""review_avg"": 4.5, ""sale_percent"": 19, ""sale_price"": 31500, ""sold_out"": false, ""url"": ""https://product.29cm.co.kr/catalog/4150333""}",2026-10-04T13:00:06+00:00_caa7d0f3
2026-10-04T22:00:06+09:00,2026-10-04T13:00:06+00:00,commerce_rank,[4차 재입고] 로우엣지 래글런 롱슬리브 티셔츠_라이트 그레이,29cm:4150335,heart_count,1042.0,"{""brand_eng"": ""URBANDTYPE"", ""brand_kor"": ""어반디타입"", ""brand_no"": 2295, ""category1"": ""여성의류"", ""category2"": ""상의"", ""category3"": ""긴소매 티셔츠"", ""category3_code"": 268103102, ""is_new"": false, ""item_no"": 4150335, ""period_sort"": ""ONE_DAY"", ""platform"": ""29cm"", ""ranking_category_code"": ""268103100"", ""ranking_category_name"": ""여성의류>상의"", ""review_avg"": 5.0, ""sale_percent"": 19, ""sale_price"": 31500, ""sold_out"": false, ""url"": ""https://product.29cm.co.kr/catalog/4150335""}",2026-10-04T13:00:06+00:00_caa7d0f3
2026-10-04T22:00:06+09:00,2026-10-04T13:00:06+00:00,commerce_rank,[4차 재입고] 로우엣지 래글런 롱슬리브 티셔츠_라이트 그레이,29cm:4150335,review_count,17.0,"{""brand_eng"": ""URBANDTYPE"", ""brand_kor"": ""어반디타입"", ""brand_no"": 2295, ""category1"": ""여성의류"", ""category2"": ""상의"", ""category3"": ""긴소매 티셔츠"", ""category3_code"": 268103102, ""is_new"": false, ""item_no"": 4150335, ""period_sort"": ""ONE_DAY"", ""platform"": ""29cm"", ""ranking_category_code"": ""268103100"", ""ranking_category_name"": ""여성의류>상의"", ""review_avg"": 5.0, ""sale_percent"": 19, ""sale_price"": 31500, ""sold_out"": false, ""url"": ""https://product.29cm.co.kr/catalog/4150335""}",2026-10-04T13:00:06+00:00_caa7d0f3
2026-10-04T22:00:06+09:00,2026-10-04T13:00:06+00:00,commerce_rank,[4차 재입고] 로우엣지 래글런 롱슬리브 티셔츠_라이트 그레이,29cm:4150335@268103100,rank,55.0,"{""brand_eng"": ""URBANDTYPE"", ""brand_kor"": ""어반디타입"", ""brand_no"": 2295, ""category1"": ""여성의류"", ""category2"": ""상의"", ""category3"": ""긴소매 티셔츠"", ""category3_code"": 268103102, ""is_new"": false, ""item_no"": 4150335, ""period_sort"": ""ONE_DAY"", ""platform"": ""29cm"", ""ranking_category_code"": ""268103100"", ""ranking_category_name"": ""여성의류>상의"", ""review_avg"": 5.0, ""sale_percent"": 19, ""sale_price"": 31500, ""sold_out"": false, ""url"": ""https://product.29cm.co.kr/catalog/4150335""}",2026-10-04T13:00:06+00:00_caa7d0f3
2026-10-04T22:00:06+09:00,2026-10-04T13:00:06+00:00,commerce_rank,[7부/오버핏] Vintage Essential Raglan Tee,29cm:4152302,heart_count,16481.0,"{""brand_eng"": ""BITTERCELLS"", ""brand_kor"": ""비터셀즈"", ""brand_no"": 15063, ""category1"": ""여성의류"", ""category2"": ""상의"", ""category3"": ""긴소매 티셔츠"", ""category3_code"": 268103102, ""is_new"": false, ""item_no"": 4152302, ""period_sort"": ""ONE_DAY"", ""platform"": ""29cm"", ""ranking_category_code"": ""268103100"", ""ranking_category_name"": ""여성의류>상의"", ""review_avg"": 5.0, ""sale_percent"": 21, ""sale_price"": 34850, ""sold_out"": false, ""url"": ""https://product.29cm.co.kr/catalog/4152302""}",2026-10-04T13:00:06+00:00_caa7d0f3
2026-10-04T22:00:06+09:00,2026-10-04T13:00:06+00:00,commerce_rank,[7부/오버핏] Vintage Essential Raglan Tee,29cm:4152302,review_count,376.0,"{""brand_eng"": ""BITTERCELLS"", ""brand_kor"": ""비터셀즈"", ""brand_no"": 15063, ""category1"": ""여성의류"", ""category2"": ""상의"", ""category3"": ""긴소매 티셔츠"", ""category3_code"": 268103102, ""is_new"": false, ""item_no"": 4152302, ""period_sort"": ""ONE_DAY"", ""platform"": ""29cm"", ""ranking_category_code"": ""268103100"", ""ranking_category_name"": ""여성의류>상의"", ""review_avg"": 5.0, ""sale_percent"": 21, ""sale_price"": 34850, ""sold_out"": false, ""url"": ""https://product.29cm.co.kr/catalog/4152302""}",2026-10-04T13:00:06+00:00_caa7d0f3
2026-10-04T22:00:06+09:00,2026-10-04T13:00:06+00:00,commerce_rank,[7부/오버핏] Vintage Essential Raglan Tee,29cm:4152302@268103100,rank,1.0,"{""brand_eng"": ""BITTERCELLS"", ""brand_kor"": ""비터셀즈"", ""brand_no"": 15063, ""category1"": ""여성의류"", ""category2"": ""상의"", ""category3"": ""긴소매 티셔츠"", ""category3_code"": 268103102, ""is_new"": false, ""item_no"": 4152302, ""period_sort"": ""ONE_DAY"", ""platform"": ""29cm"", ""ranking_category_code"": ""268103100"", ""ranking_category_name"": ""여성의류>상의"", ""review_avg"": 5.0, ""sale_percent"": 21, ""sale_price"": 34850, ""sold_out"": false, ""url"": ""https://product.29cm.co.kr/catalog/4152302""}",2026-10-04T13:00:06+00:00_caa7d0f3
2026-10-04T22:00:06+09:00,2026-10-04T13:00:06+00:00,commerce_rank,OVERSIZED VINTAGE CHECK SHIRT_MONO,29cm:4156414,heart_count,841.0,"{""brand_eng"": ""OVERDUE FLAIR"", ""brand_kor"": ""오버듀플레어"", ""brand_no"": 4348, ""category1"": ""여성의류"", ""category2"": ""상의"", ""category3"": ""셔츠"", ""category3_code"": 268103106, ""is_new"": false, ""item_no"": 4156414, ""period_sort"": ""ONE_DAY"", ""platform"": ""29cm"", ""ranking_category_code"": ""268103100"", ""ranking_category_name"": ""여성의류>상의"", ""review_avg"": 5.0, ""sale_percent"": 30, ""sale_price"": 125300, ""sold_out"": false, ""url"": ""https://product.29cm.co.kr/catalog/4156414""}",2026-10-04T13:00:06+00:00_caa7d0f3
2026-10-04T22:00:06+09:00,2026-10-04T13:00:06+00:00,commerce_rank,OVERSIZED VINTAGE CHECK SHIRT_MONO,29cm:4156414,review_count,9.0,"{""brand_eng"": ""OVERDUE FLAIR"", ""brand_kor"": ""오버듀플레어"", ""brand_no"": 4348, ""category1"": ""여성의류"", ""category2"": ""상의"", ""category3"": ""셔츠"", ""category3_code"": 268103106, ""is_new"": false, ""item_no"": 4156414, ""period_sort"": ""ONE_DAY"", ""platform"": ""29cm"", ""ranking_category_code"": ""268103100"", ""ranking_category_name"": ""여성의류>상의"", ""review_avg"": 5.0, ""sale_percent"": 30, ""sale_price"": 125300, ""sold_out"": false, ""url"": ""https://product.29cm.co.kr/catalog/4156414""}",2026-10-04T13:00:06+00:00_caa7d0f3
2026-10-04T22:00:06+09:00,2026-10-04T13:00:06+00:00,commerce_rank,OVERSIZED VINTAGE CHECK SHIRT_MONO,29cm:4156414@268103100,rank,83.0,"{""brand_eng"": ""OVERDUE FLAIR"", ""brand_kor"": ""오버듀플레어"", ""brand_no"": 4348, ""category1"": ""여성의류"", ""category2"": ""상의"", ""category3"": ""셔츠"", ""category3_code"": 268103106, ""is_new"": false, ""item_no"": 4156414, ""period_sort"": ""ONE_DAY"", ""platform"": ""29cm"", ""ranking_category_code"": ""268103100"", ""ranking_category_name"": ""여성의류>상의"", ""review_avg"": 5.0, ""sale_percent"": 30, ""sale_price"": 125300, ""sold_out"": false, ""url"": ""https://product.29cm.co.kr/catalog/4156414""}",2026-10-04T13:00:06+00:00_caa7d0f3
2026-10-04T22:00:06+09:00,2026-10-04T13:00:06+00:00,commerce_rank,SOFT RAGLAN T-SHIRT - RED,29cm:4156837,heart_count,3301.0,"{""brand_eng"": ""SO IR"", ""brand_kor"": ""쏘이르"", ""brand_no"": 15532, ""category1"": ""여성의류"", ""category2"": ""상의"", ""category3"": ""긴소매 티셔츠"", ""category3_code"": 268103102, ""is_new"": false, ""item_no"": 4156837, ""period_sort"": ""ONE_DAY"", ""platform"": ""29cm"", ""ranking_category_code"": ""268103100"", ""ranking_category_name"": ""여성의류>상의"", ""review_avg"": 5.0, ""sale_percent"": 23, ""sale_price"": 34430, ""sold_out"": false, ""url"": ""https://product.29cm.co.kr/catalog/4156837""}",2026-10-04T13:00:06+00:00_caa7d0f3
2026-10-04T22:00:06+09:00,2026-10-04T13:00:06+00:00,commerce_rank,SOFT RAGLAN T-SHIRT - RED,29cm:4156837,review_count,26.0,"{""brand_eng"": ""SO IR"", ""brand_kor"": ""쏘이르"", ""brand_no"": 15532, ""category1"": ""여성의류"", ""category2"": ""상의"", ""category3"": ""긴소매 티셔츠"", ""category3_code"": 268103102, ""is_new"": false, ""item_no"": 4156837, ""period_sort"": ""ONE_DAY"", ""platform"": ""29cm"", ""ranking_category_code"": ""268103100"", ""ranking_category_name"": ""여성의류>상의"", ""review_avg"": 5.0, ""sale_percent"": 23, ""sale_price"": 34430, ""sold_out"": false, ""url"": ""https://product.29cm.co.kr/catalog/4156837""}",2026-10-04T13:00:06+00:00_caa7d0f3
2026-10-04T22:00:06+09:00,2026-10-04T13:00:06+00:00,commerce_rank,SOFT RAGLAN T-SHIRT - RED,29cm:4156837@268103100,rank,56.0,"{""brand_eng"": ""SO IR"", ""brand_kor"": ""쏘이르"", ""brand_no"": 15532, ""category1"": ""여성의류"", ""category2"": ""상의"", ""category3"": ""긴소매 티셔츠"", ""category3_code"": 268103102, ""is_new"": false, ""item_no"": 4156837, ""period_sort"": ""ONE_DAY"", ""platform"": ""29cm"", ""ranking_category_code"": ""268103100"", ""ranking_category_name"": ""여성의류>상의"", ""review_avg"": 5.0, ""sale_percent"": 23, ""sale_price"": 34430, ""sold_out"": false, ""url"": ""https://product.29cm.co.kr/catalog/4156837""}",2026-10-04T13:00:06+00:00_caa7d0f3
2026-10-04T22:00:06+09:00,2026-10-04T13:00:06+00:00,commerce_rank,[2nd] 200 Base 3/4 tee (v-neck ver.)(5 color),29cm:4165065,heart_count,2446.0,"{""brand_eng"": ""FOETO"", ""brand_kor"": ""포에토"", ""brand_no"": 53520, ""category1"": ""여성의류"", ""category2"": ""상의"", ""category3"": ""반소매 티셔츠"", ""category3_code"": 268103101, ""is_new"": false, ""item_no"": 4165065, ""period_sort"": ""ONE_DAY"", ""platform"": ""29cm"", ""ranking_category_code"": ""268103100"", ""ranking_category_name"": ""여성의류>상의"", ""review_avg"": 5.0, ""sale_percent"": 19, ""sale_price"": 33210, ""sold_out"": false, ""url"": ""https://product.29cm.co.kr/catalog/4165065""}",2026-10-04T13:00:06+00:00_caa7d0f3
2026-10-04T22:00:06+09:00,2026-10-04T13:00:06+00:00,commerce_rank,[2nd] 200 Base 3/4 tee (v-neck ver.)(5 color),29cm:4165065,review_count,29.0,"{""brand_eng"": ""FOETO"", ""brand_kor"": ""포에토"", ""brand_no"": 53520, ""category1"": ""여성의류"", ""category2"": ""상의"", ""category3"": ""반소매 티셔츠"", ""category3_code"": 268103101, ""is_new"": false, ""item_no"": 4165065, ""period_sort"": ""ONE_DAY"", ""platform"": ""29cm"", ""ranking_category_code"": ""268103100"", ""ranking_category_name"": ""여성의류>상의"", ""review_avg"": 5.0, ""sale_percent"": 19, ""sale_price"": 33210, ""sold_out"": false, ""url"": ""https://product.29cm.co.kr/catalog/4165065""}",2026-10-04T13:00:06+00:00_caa7d0f3
2026-10-04T22:00:06+09:00,2026-10-04T13:00:06+00:00,commerce_rank,[2nd] 200 Base 3/4 tee (v-neck ver.)(5 color),29cm:4165065@268103100,rank,30.0,"{""brand_eng"": ""FOETO"", ""brand_kor"": ""포에토"", ""brand_no"": 53520, ""category1"": ""여성의류"", ""category2"": ""상의"", ""category3"": ""반소매 티셔츠"", ""category3_code"": 268103101, ""is_new"": false, ""item_no"": 4165065, ""period_sort"": ""ONE_DAY"", ""platform"": ""29cm"", ""ranking_category_code"": ""268103100"", ""ranking_category_name"": ""여성의류>상의"", ""review_avg"": 5.0, ""sale_percent"": 19, ""sale_price"": 33210, ""sold_out"": false, ""url"": ""https://product.29cm.co.kr/catalog/4165065""}",2026-10-04T13:00:06+00:00_caa7d0f3
2026-10-04T22:00:06+09:00,2026-10-04T13:00:07+00:00,commerce_rank,Stained Crewneck Purple,29cm:4167402,heart_count,116.0,"{""brand_eng"": ""Khakis"", ""brand_kor"": ""카키스"", ""brand_no"": 16064, ""category1"": ""남성의류"", ""category2"": ""상의"", ""category3"": ""스웨트셔츠"", ""category3_code"": 272103107, ""is_new"": false, ""item_no"": 4167402, ""period_sort"": ""ONE_DAY"", ""platform"": ""29cm"", ""ranking_category_code"": ""272103100"", ""ranking_category_name"": ""남성의류>상의"", ""review_avg"": 0.0, ""sale_percent"": 0, ""sale_price"": 169000, ""sold_out"": false, ""url"": ""https://product.29cm.co.kr/catalog/4167402""}",2026-10-04T13:00:06+00:00_caa7d0f3
2026-10-04T22:00:06+09:00,2026-10-04T13:00:07+00:00,commerce_rank,Stained Crewneck Purple,29cm:4167402,review_count,0.0,"{""brand_eng"": ""Khakis"", ""brand_kor"": ""카키스"", ""brand_no"": 16064, ""category1"": ""남성의류"", ""category2"": ""상의"", ""category3"": ""스웨트셔츠"", ""category3_code"": 272103107, ""is_new"": false, ""item_no"": 4167402, ""period_sort"": ""ONE_DAY"", ""platform"": ""29cm"", ""ranking_category_code"": ""272103100"", ""ranking_category_name"": ""남성의류>상의"", ""review_avg"": 0.0, ""sale_percent"": 0, ""sale_price"": 169000, ""sold_out"": false, ""url"": ""https://product.29cm.co.kr/catalog/4167402""}",2026-10-04T13:00:06+00:00_caa7d0f3
2026-10-04T22:00:06+09:00,2026-10-04T13:00:07+00:00,commerce_rank,Stained Crewneck Purple,29cm:4167402@272103100,rank,79.0,"{""brand_eng"": ""Khakis"", ""brand_kor"": ""카키스"", ""brand_no"": 16064, ""category1"": ""남성의류"", ""category2"": ""상의"", ""category3"": ""스웨트셔츠"", ""category3_code"": 272103107, ""is_new"": false, ""item_no"": 4167402, ""period_sort"": ""ONE_DAY"", ""platform"": ""29cm"", ""ranking_category_code"": ""272103100"", ""ranking_category_name"": ""남성의류>상의"", ""review_avg"": 0.0, ""sale_percent"": 0, ""sale_price"": 169000, ""sold_out"": false, ""url"": ""https://product.29cm.co.kr/catalog/4167402""}",2026-10-04T13:00:06+00:00_caa7d0f3
2026-10-04T22:00:06+09:00,2026-10-04T13:00:06+00:00,commerce_rank,[2차]Frill Pintuck Blouse _Cream,29cm:4170796,heart_count,1456.0,"{""brand_eng"": ""SLIE"", ""brand_kor"": ""슬리"", ""brand_no"": 112713, ""category1"": ""여성의류"", ""category2"": ""상의"", ""category3"": ""블라우스"", ""category3_code"": 268103107, ""is_new"": false, ""item_no"": 4170796, ""period_sort"": ""ONE_DAY"", ""platform"": ""29cm"", ""ranking_category_code"": ""268103100"", ""ranking_category_name"": ""여성의류>상의"", ""review_avg"": 0.0, ""sale_percent"": 19, ""sale_price"": 72090, ""sold_out"": false, ""url"": ""https://product.29cm.co.kr/catalog/4170796""}",2026-10-04T13:00:06+00:00_caa7d0f3
2026-10-04T22:00:06+09:00,2026-10-04T13:00:06+00:00,commerce_rank,[2차]Frill Pintuck Blouse _Cream,29cm:4170796,review_count,0.0,"{""brand_eng"": ""SLIE"", ""brand_kor"": ""슬리"", ""brand_no"": 112713, ""category1"": ""여성의류"", ""category2"": ""상의"", ""category3"": ""블라우스"", ""category3_code"": 268103107, ""is_new"": false, ""item_no"": 4170796, ""period_sort"": ""ONE_DAY"", ""platform"": ""29cm"", ""ranking_category_code"": ""268103100"", ""ranking_category_name"": ""여성의류>상의"", ""review_avg"": 0.0, ""sale_percent"": 19, ""sale_price"": 72090, ""sold_out"": false, ""url"": ""https://product.29cm.co.kr/catalog/4170796""}",2026-10-04T13:00:06+00:00_caa7d0f3
2026-10-04T22:00:06+09:00,2026-10-04T13:00:06+00:00,commerce_rank,[2차]Frill Pintuck Blouse _Cream,29cm:4170796@268103100,rank,47.0,"{""brand_eng"": ""SLIE"", ""brand_kor"": ""슬리"", ""brand_no"": 112713, ""category1"": ""여성의류"", ""category2"": ""상의"", ""category3"": ""블라우스"", ""category3_code"": 268103107, ""is_new"": false, ""item_no"": 4170796, ""period_sort"": ""ONE_DAY"", ""platform"": ""29cm"", ""ranking_category_code"": ""268103100"", ""ranking_category_name"": ""여성의류>상의"", ""review_avg"": 0.0, ""sale_percent"": 19, ""sale_price"": 72090, ""sold_out"": false, ""url"": ""https://product.29cm.co.kr/catalog/4170796""}",2026-10-04T13:00:06+00:00_caa7d0f3
2026-10-04T22:00:06+09:00,2026-10-04T13:00:07+00:00,commerce_rank,리플 스트라이프 니트 롱 슬리브-3Color,29cm:4171936,heart_count,11.0,"{""brand_eng"": ""F.ILLUMINATE"", ""brand_kor"": ""필루미네이트"", ""brand_no"": 15012, ""category1"": ""여성의류"", ""category2"": ""상의"", ""category3"": ""긴소매 티셔츠"", ""category3_code"": 268103102, ""is_new"": false, ""item_no"": 4171936, ""period_sort"": ""ONE_DAY"", ""platform"": ""29cm"", ""ranking_category_code"": ""272103100"", ""ranking_category_name"": ""남성의류>상의"", ""review_avg"": 5.0, ""sale_percent"": 20, ""sale_price"": 39000, ""sold_out"": false, ""url"": ""https://product.29cm.co.kr/catalog/4171936""}",2026-10-04T13:00:06+00:00_caa7d0f3
2026-10-04T22:00:06+09:00,2026-10-04T13:00:07+00:00,commerce_rank,리플 스트라이프 니트 롱 슬리브-3Color,29cm:4171936,review_count,1.0,"{""brand_eng"": ""F.ILLUMINATE"", ""brand_kor"": ""필루미네이트"", ""brand_no"": 15012, ""category1"": ""여성의류"", ""category2"": ""상의"", ""category3"": ""긴소매 티셔츠"", ""category3_code"": 268103102, ""is_new"": false, ""item_no"": 4171936, ""period_sort"": ""ONE_DAY"", ""platform"": ""29cm"", ""ranking_category_code"": ""272103100"", ""ranking_category_name"": ""남성의류>상의"", ""review_avg"": 5.0, ""sale_percent"": 20, ""sale_price"": 39000, ""sold_out"": false, ""url"": ""https://product.29cm.co.kr/catalog/4171936""}",2026-10-04T13:00:06+00:00_caa7d0f3
2026-10-04T22:00:06+09:00,2026-10-04T13:00:07+00:00,commerce_rank,리플 스트라이프 니트 롱 슬리브-3Color,29cm:4171936@272103100,rank,74.0,"{""brand_eng"": ""F.ILLUMINATE"", ""brand_kor"": ""필루미네이트"", ""brand_no"": 15012, ""category1"": ""여성의류"", ""category2"": ""상의"", ""category3"": ""긴소매 티셔츠"", ""category3_code"": 268103102, ""is_new"": false, ""item_no"": 4171936, ""period_sort"": ""ONE_DAY"", ""platform"": ""29cm"", ""ranking_category_code"": ""272103100"", ""ranking_category_name"": ""남성의류>상의"", ""review_avg"": 5.0, ""sale_percent"": 20, ""sale_price"": 39000, ""sold_out"": false, ""url"": ""https://product.29cm.co.kr/catalog/4171936""}",2026-10-04T13:00:06+00:00_caa7d0f3
2026-10-04T22:00:06+09:00,2026-10-04T13:00:07+00:00,commerce_rank,Mixed Stripe Long Sleeve Navy,29cm:4177732,heart_count,103.0,"{""brand_eng"": ""partimento"", ""brand_kor"": ""파르티멘토"", ""brand_no"": 1588, ""category1"": ""여성의류"", ""category2"": ""상의"", ""category3"": ""긴소매 티셔츠"", ""category3_code"": 268103102, ""is_new"": false, ""item_no"": 4177732, ""period_sort"": ""ONE_DAY"", ""platform"": ""29cm"", ""ranking_category_code"": ""272103100"", ""ranking_category_name"": ""남성의류>상의"", ""review_avg"": 5.0, ""sale_percent"": 28, ""sale_price"": 35910, ""sold_out"": false, ""url"": ""https://product.29cm.co.kr/catalog/4177732""}",2026-10-04T13:00:06+00:00_caa7d0f3
2026-10-04T22:00:06+09:00,2026-10-04T13:00:07+00:00,commerce_rank,Mixed Stripe Long Sleeve Navy,29cm:4177732,review_count,1.0,"{""brand_eng"": ""partimento"", ""brand_kor"": ""파르티멘토"", ""brand_no"": 1588, ""category1"": ""여성의류"", ""category2"": ""상의"", ""category3"": ""긴소매 티셔츠"", ""category3_code"": 268103102, ""is_new"": false, ""item_no"": 4177732, ""period_sort"": ""ONE_DAY"", ""platform"": ""29cm"", ""ranking_category_code"": ""272103100"", ""ranking_category_name"": ""남성의류>상의"", ""review_avg"": 5.0, ""sale_percent"": 28, ""sale_price"": 35910, ""sold_out"": false, ""url"": ""https://product.29cm.co.kr/catalog/4177732""}",2026-10-04T13:00:06+00:00_caa7d0f3
2026-10-04T22:00:06+09:00,2026-10-04T13:00:07+00:00,commerce_rank,Mixed Stripe Long Sleeve Navy,29cm:4177732@272103100,rank,50.0,"{""brand_eng"": ""partimento"", ""brand_kor"": ""파르티멘토"", ""brand_no"": 1588, ""category1"": ""여성의류"", ""category2"": ""상의"", ""category3"": ""긴소매 티셔츠"", ""category3_code"": 268103102, ""is_new"": false, ""item_no"": 4177732, ""period_sort"": ""ONE_DAY"", ""platform"": ""29cm"", ""ranking_category_code"": ""272103100"", ""ranking_category_name"": ""남성의류>상의"", ""review_avg"": 5.0, ""sale_percent"": 28, ""sale_price"": 35910, ""sold_out"": false, ""url"": ""https://product.29cm.co.kr/catalog/4177732""}",2026-10-04T13:00:06+00:00_caa7d0f3
2026-10-04T22:00:06+09:00,2026-10-04T13:00:07+00:00,commerce_rank,THERMAL HENLEY L/S SHIRTS ivory melange,29cm:4181128,heart_count,54.0,"{""brand_eng"": ""beheavyer"", ""brand_kor"": ""비헤비어"", ""brand_no"": 1897, ""category1"": ""남성의류"", ""category2"": ""상의"", ""category3"": ""긴소매 티셔츠"", ""category3_code"": 272103102, ""is_new"": false, ""item_no"": 4181128, ""period_sort"": ""ONE_DAY"", ""platform"": ""29cm"", ""ranking_category_code"": ""272103100"", ""ranking_category_name"": ""남성의류>상의"", ""review_avg"": 0.0, ""sale_percent"": 0, ""sale_price"": 119000, ""sold_out"": false, ""url"": ""https://product.29cm.co.kr/catalog/4181128""}",2026-10-04T13:00:06+00:00_caa7d0f3
2026-10-04T22:00:06+09:00,2026-10-04T13:00:07+00:00,commerce_rank,THERMAL HENLEY L/S SHIRTS ivory melange,29cm:4181128,review_count,0.0,"{""brand_eng"": ""beheavyer"", ""brand_kor"": ""비헤비어"", ""brand_no"": 1897, ""category1"": ""남성의류"", ""category2"": ""상의"", ""category3"": ""긴소매 티셔츠"", ""category3_code"": 272103102, ""is_new"": false, ""item_no"": 4181128, ""period_sort"": ""ONE_DAY"", ""platform"": ""29cm"", ""ranking_category_code"": ""272103100"", ""ranking_category_name"": ""남성의류>상의"", ""review_avg"": 0.0, ""sale_percent"": 0, ""sale_price"": 119000, ""sold_out"": false, ""url"": ""https://product.29cm.co.kr/catalog/4181128""}",2026-10-04T13:00:06+00:00_caa7d0f3
2026-10-04T22:00:06+09:00,2026-10-04T13:00:07+00:00,commerce_rank,THERMAL HENLEY L/S SHIRTS ivory melange,29cm:4181128@272103100,rank,98.0,"{""brand_eng"": ""beheavyer"", ""brand_kor"": ""비헤비어"", ""brand_no"": 1897, ""category1"": ""남성의류"", ""category2"": ""상의"", ""category3"": ""긴소매 티셔츠"", ""category3_code"": 272103102, ""is_new"": false, ""item_no"": 4181128, ""period_sort"": ""ONE_DAY"", ""platform"": ""29cm"", ""ranking_category_code"": ""272103100"", ""ranking_category_name"": ""남성의류>상의"", ""review_avg"": 0.0, ""sale_percent"": 0, ""sale_price"": 119000, ""sold_out"": false, ""url"": ""https://product.29cm.co.kr/catalog/4181128""}",2026-10-04T13:00:06+00:00_caa7d0f3
2026-10-04T22:00:06+09:00,2026-10-04T13:00:06+00:00,commerce_rank,[3차 10/30 예약배송] Loose Mock Neck Tee (Charcoal),29cm:4183648,heart_count,1197.0,"{""brand_eng"": ""NOD"", ""brand_kor"": ""엔오디"", ""brand_no"": 34806, ""category1"": ""여성의류"", ""category2"": ""상의"", ""category3"": ""반소매 티셔츠"", ""category3_code"": 268103101, ""is_new"": false, ""item_no"": 4183648, ""period_sort"": ""ONE_DAY"", ""platform"": ""29cm"", ""ranking_category_code"": ""268103100"", ""ranking_category_name"": ""여성의류>상의"", ""review_avg"": 5.0, ""sale_percent"": 15, ""sale_price"": 47880, ""sold_out"": false, ""url"": ""https://product.29cm.co.kr/catalog/4183648""}",2026-10-04T13:00:06+00:00_caa7d0f3
2026-10-04T22:00:06+09:00,2026-10-04T13:00:06+00:00,commerce_rank,[3차 10/30 예약배송] Loose Mock Neck Tee (Charcoal),29cm:4183648,review_count,18.0,"{""brand_eng"": ""NOD"", ""brand_kor"": ""엔오디"", ""brand_no"": 34806, ""category1"": ""여성의류"", ""category2"": ""상의"", ""category3"": ""반소매 티셔츠"", ""category3_code"": 268103101, ""is_new"": false, ""item_no"": 4183648, ""period_sort"": ""ONE_DAY"", ""platform"": ""29cm"", ""ranking_category_code"": ""268103100"", ""ranking_category_name"": ""여성의류>상의"", ""review_avg"": 5.0, ""sale_percent"": 15, ""sale_price"": 47880, ""sold_out"": false, ""url"": ""https://product.29cm.co.kr/catalog/4183648""}",2026-10-04T13:00:06+00:00_caa7d0f3
2026-10-04T22:00:06+09:00,2026-10-04T13:00:06+00:00,commerce_rank,[3차 10/30 예약배송] Loose Mock Neck Tee (Charcoal),29cm:4183648@268103100,rank,38.0,"{""brand_eng"": ""NOD"", ""brand_kor"": ""엔오디"", ""brand_no"": 34806, ""category1"": ""여성의류"", ""category2"": ""상의"", ""category3"": ""반소매 티셔츠"", ""category3_code"": 268103101, ""is_new"": false, ""item_no"": 4183648, ""period_sort"": ""ONE_DAY"", ""platform"": ""29cm"", ""ranking_category_code"": ""268103100"", ""ranking_category_name"": ""여성의류>상의"", ""review_avg"": 5.0, ""sale_percent"": 15, ""sale_price"": 47880, ""sold_out"": false, ""url"": ""https://product.29cm.co.kr/catalog/4183648""}",2026-10-04T13:00:06+00:00_caa7d0f3
2026-10-04T22:00:06+09:00,2026-10-04T13:00:06+00:00,commerce_rank,[4th]Wrinkle Tie Pintuck Blouse Cream,29cm:4184227,heart_count,592.0,"{""brand_eng"": ""TORTE"", ""brand_kor"": ""토르테"", ""brand_no"": 104998, ""category1"": ""여성의류"", ""category2"": ""상의"", ""category3"": ""블라우스"", ""category3_code"": 268103107, ""is_new"": false, ""item_no"": 4184227, ""period_sort"": ""ONE_DAY"", ""platform"": ""29cm"", ""ranking_category_code"": ""268103100"", ""ranking_category_name"": ""여성의류>상의"", ""review_avg"": 5.0, ""sale_percent"": 30, ""sale_price"": 64400, ""sold_out"": false, ""url"": ""https://product.29cm.co.kr/catalog/4184227""}",2026-10-04T13:00:06+00:00_caa7d0f3
2026-10-04T22:00:06+09:00,2026-10-04T13:00:06+00:00,commerce_rank,[4th]Wrinkle Tie Pintuck Blouse Cream,29cm:4184227,review_count,10.0,"{""brand_eng"": ""TORTE"", ""brand_kor"": ""토르테"", ""brand_no"": 104998, ""category1"": ""여성의류"", ""category2"": ""상의"", ""category3"": ""블라우스"", ""category3_code"": 268103107, ""is_new"": false, ""item_no"": 4184227, ""period_sort"": ""ONE_DAY"", ""platform"": ""29cm"", ""ranking_category_code"": ""268103100"", ""ranking_category_name"": ""여성의류>상의"", ""review_avg"": 5.0, ""sale_percent"": 30, ""sale_price"": 64400, ""sold_out"": false, ""url"": ""https://product.29cm.co.kr/catalog/4184227""}",2026-10-04T13:00:06+00:00_caa7d0f3
2026-10-04T22:00:06+09:00,2026-10-04T13:00:06+00:00,commerce_rank,[4th]Wrinkle Tie Pintuck Blouse Cream,29cm:4184227@268103100,rank,34.0,"{""brand_eng"": ""TORTE"", ""brand_kor"": ""토르테"", ""brand_no"": 104998, ""category1"": ""여성의류"", ""category2"": ""상의"", ""category3"": ""블라우스"", ""category3_code"": 268103107, ""is_new"": false, ""item_no"": 4184227, ""period_sort"": ""ONE_DAY"", ""platform"": ""29cm"", ""ranking_category_code"": ""268103100"", ""ranking_category_name"": ""여성의류>상의"", ""review_avg"": 5.0, ""sale_percent"": 30, ""sale_price"": 64400, ""sold_out"": false, ""url"": ""https://product.29cm.co.kr/catalog/4184227""}",2026-10-04T13:00:06+00:00_caa7d0f3
2026-10-04T22:00:06+09:00,2026-10-04T13:00:06+00:00,commerce_rank,Wrinkle Tie Pintuck Blouse Deep brown,29cm:4184228,heart_count,234.0,"{""brand_eng"": ""TORTE"", ""brand_kor"": ""토르테"", ""brand_no"": 104998, ""category1"": ""여성의류"", ""category2"": ""상의"", ""category3"": ""블라우스"", ""category3_code"": 268103107, ""is_new"": false, ""item_no"": 4184228, ""period_sort"": ""ONE_DAY"", ""platform"": ""29cm"", ""ranking_category_code"": ""268103100"", ""ranking_category_name"": ""여성의류>상의"", ""review_avg"": 5.0, ""sale_percent"": 34, ""sale_price"": 61180, ""sold_out"": false, ""url"": ""https://product.29cm.co.kr/catalog/4184228""}",2026-10-04T13:00:06+00:00_caa7d0f3
2026-10-04T22:00:06+09:00,2026-10-04T13:00:06+00:00,commerce_rank,Wrinkle Tie Pintuck Blouse Deep brown,29cm:4184228,review_count,2.0,"{""brand_eng"": ""TORTE"", ""brand_kor"": ""토르테"", ""brand_no"": 104998, ""category1"": ""여성의류"", ""category2"": ""상의"", ""category3"": ""블라우스"", ""category3_code"": 268103107, ""is_new"": false, ""item_no"": 4184228, ""period_sort"": ""ONE_DAY"", ""platform"": ""29cm"", ""ranking_category_code"": ""268103100"", ""ranking_category_name"": ""여성의류>상의"", ""review_avg"": 5.0, ""sale_percent"": 34, ""sale_price"": 61180, ""sold_out"": false, ""url"": ""https://product.29cm.co.kr/catalog/4184228""}",2026-10-04T13:00:06+00:00_caa7d0f3
2026-10-04T22:00:06+09:00,2026-10-04T13:00:06+00:00,commerce_rank,Wrinkle Tie Pintuck Blouse Deep brown,29cm:4184228@268103100,rank,94.0,"{""brand_eng"": ""TORTE"", ""brand_kor"": ""토르테"", ""brand_no"": 104998, ""category1"": ""여성의류"", ""category2"": ""상의"", ""category3"": ""블라우스"", ""category3_code"": 268103107, ""is_new"": false, ""item_no"": 4184228, ""period_sort"": ""ONE_DAY"", ""platform"": ""29cm"", ""ranking_category_code"": ""268103100"", ""ranking_category_name"": ""여성의류>상의"", ""review_avg"": 5.0, ""sale_percent"": 34, ""sale_price"": 61180, ""sold_out"": false, ""url"": ""https://product.29cm.co.kr/catalog/4184228""}",2026-10-04T13:00:06+00:00_caa7d0f3
2026-10-04T22:00:06+09:00,2026-10-04T13:00:06+00:00,commerce_rank,[4차] [단독] Classic Two-Pocket Shirt(Salmon Pink),29cm:4185980,heart_count,1396.0,"{""brand_eng"": ""THE RYE"", ""brand_kor"": ""더 라이"", ""brand_no"": 20103, ""category1"": ""여성의류"", ""category2"": ""상의"", ""category3"": ""셔츠"", ""category3_code"": 268103106, ""is_new"": false, ""item_no"": 4185980, ""period_sort"": ""ONE_DAY"", ""platform"": ""29cm"", ""ranking_category_code"": ""268103100"", ""ranking_category_name"": ""여성의류>상의"", ""review_avg"": 5.0, ""sale_percent"": 19, ""sale_price"": 131630, ""sold_out"": false, ""url"": ""https://product.29cm.co.kr/catalog/4185980""}",2026-10-04T13:00:06+00:00_caa7d0f3
2026-10-04T22:00:06+09:00,2026-10-04T13:00:06+00:00,commerce_rank,[4차] [단독] Classic Two-Pocket Shirt(Salmon Pink),29cm:4185980,review_count,3.0,"{""brand_eng"": ""THE RYE"", ""brand_kor"": ""더 라이"", ""brand_no"": 20103, ""category1"": ""여성의류"", ""category2"": ""상의"", ""category3"": ""셔츠"", ""category3_code"": 268103106, ""is_new"": false, ""item_no"": 4185980, ""period_sort"": ""ONE_DAY"", ""platform"": ""29cm"", ""ranking_category_code"": ""268103100"", ""ranking_category_name"": ""여성의류>상의"", ""review_avg"": 5.0, ""sale_percent"": 19, ""sale_price"": 131630, ""sold_out"": false, ""url"": ""https://product.29cm.co.kr/catalog/4185980""}",2026-10-04T13:00:06+00:00_caa7d0f3
2026-10-04T22:00:06+09:00,2026-10-04T13:00:06+00:00,commerce_rank,[4차] [단독] Classic Two-Pocket Shirt(Salmon Pink),29cm:4185980@268103100,rank,84.0,"{""brand_eng"": ""THE RYE"", ""brand_kor"": ""더 라이"", ""brand_no"": 20103, ""category1"": ""여성의류"", ""category2"": ""상의"", ""category3"": ""셔츠"", ""category3_code"": 268103106, ""is_new"": false, ""item_no"": 4185980, ""period_sort"": ""ONE_DAY"", ""platform"": ""29cm"", ""ranking_category_code"": ""268103100"", ""ranking_category_name"": ""여성의류>상의"", ""review_avg"": 5.0, ""sale_percent"": 19, ""sale_price"": 131630, ""sold_out"": false, ""url"": ""https://product.29cm.co.kr/catalog/4185980""}",2026-10-04T13:00:06+00:00_caa7d0f3
2026-10-04T22:00:06+09:00,2026-10-04T13:00:06+00:00,commerce_rank,[2차]PLEATED TIE BLOUSE_CHARCOAL,29cm:4187039,heart_count,211.0,"{""brand_eng"": ""SYS"", ""brand_kor"": ""시스"", ""brand_no"": 113379, ""category1"": ""여성의류"", ""category2"": ""상의"", ""category3"": ""블라우스"", ""category3_code"": 268103107, ""is_new"": true, ""item_no"": 4187039, ""period_sort"": ""ONE_DAY"", ""platform"": ""29cm"", ""ranking_category_code"": ""268103100"", ""ranking_category_name"": ""여성의류>상의"", ""review_avg"": 5.0, ""sale_percent"": 25, ""sale_price"": 59250, ""sold_out"": false, ""url"": ""https://product.29cm.co.kr/catalog/4187039""}",2026-10-04T13:00:06+00:00_caa7d0f3
2026-10-04T22:00:06+09:00,2026-10-04T13:00:06+00:00,commerce_rank,[2차]PLEATED TIE BLOUSE_CHARCOAL,29cm:4187039,review_count,4.0,"{""brand_eng"": ""SYS"", ""brand_kor"": ""시스"", ""brand_no"": 113379, ""category1"": ""여성의류"", ""category2"": ""상의"", ""category3"": ""블라우스"", ""category3_code"": 268103107, ""is_new"": true, ""item_no"": 4187039, ""period_sort"": ""ONE_DAY"", ""platform"": ""29cm"", ""ranking_category_code"": ""268103100"", ""ranking_category_name"": ""여성의류>상의"", ""review_avg"": 5.0, ""sale_percent"": 25, ""sale_price"": 59250, ""sold_out"": false, ""url"": ""https://product.29cm.co.kr/catalog/4187039""}",2026-10-04T13:00:06+00:00_caa7d0f3
2026-10-04T22:00:06+09:00,2026-10-04T13:00:06+00:00,commerce_rank,[2차]PLEATED TIE BLOUSE_CHARCOAL,29cm:4187039@268103100,rank,71.0,"{""brand_eng"": ""SYS"", ""brand_kor"": ""시스"", ""brand_no"": 113379, ""category1"": ""여성의류"", ""category2"": ""상의"", ""category3"": ""블라우스"", ""category3_code"": 268103107, ""is_new"": true, ""item_no"": 4187039, ""period_sort"": ""ONE_DAY"", ""platform"": ""29cm"", ""ranking_category_code"": ""268103100"", ""ranking_category_name"": ""여성의류>상의"", ""review_avg"": 5.0, ""sale_percent"": 25, ""sale_price"": 59250, ""sold_out"": false, ""url"": ""https://product.29cm.co.kr/catalog/4187039""}",2026-10-04T13:00:06+00:00_caa7d0f3
2026-10-04T22:00:06+09:00,2026-10-04T13:00:06+00:00,commerce_rank,Two-way Button Neck Top Black,29cm:4190360,heart_count,3460.0,"{""brand_eng"": ""MICHIKO LONDON KOSHINO"", ""brand_kor"": ""미치코런던 코시노"", ""brand_no"": 26100, ""category1"": ""여성의류"", ""category2"": ""상의"", ""category3"": ""반소매 티셔츠"", ""category3_code"": 268103101, ""is_new"": false, ""item_no"": 4190360, ""period_sort"": ""ONE_DAY"", ""platform"": ""29cm"", ""ranking_category_code"": ""268103100"", ""ranking_category_name"": ""여성의류>상의"", ""review_avg"": 4.5, ""sale_percent"": 15, ""sale_price"": 49590, ""sold_out"": false, ""url"": ""https://product.29cm.co.kr/catalog/4190360""}",2026-10-04T13:00:06+00:00_caa7d0f3
2026-10-04T22:00:06+09:00,2026-10-04T13:00:06+00:00,commerce_rank,Two-way Button Neck Top Black,29cm:4190360,review_count,3.0,"{""brand_eng"": ""MICHIKO LONDON KOSHINO"", ""brand_kor"": ""미치코런던 코시노"", ""brand_no"": 26100, ""category1"": ""여성의류"", ""category2"": ""상의"", ""category3"": ""반소매 티셔츠"", ""category3_code"": 268103101, ""is_new"": false, ""item_no"": 4190360, ""period_sort"": ""ONE_DAY"", ""platform"": ""29cm"", ""ranking_category_code"": ""268103100"", ""ranking_category_name"": ""여성의류>상의"", ""review_avg"": 4.5, ""sale_percent"": 15, ""sale_price"": 49590, ""sold_out"": false, ""url"": ""https://product.29cm.co.kr/catalog/4190360""}",2026-10-04T13:00:06+00:00_caa7d0f3
2026-10-04T22:00:06+09:00,2026-10-04T13:00:06+00:00,commerce_rank,Two-way Button Neck Top Black,29cm:4190360@268103100,rank,57.0,"{""brand_eng"": ""MICHIKO LONDON KOSHINO"", ""brand_kor"": ""미치코런던 코시노"", ""brand_no"": 26100, ""category1"": ""여성의류"", ""category2"": ""상의"", ""category3"": ""반소매 티셔츠"", ""category3_code"": 268103101, ""is_new"": false, ""item_no"": 4190360, ""period_sort"": ""ONE_DAY"", ""platform"": ""29cm"", ""ranking_category_code"": ""268103100"", ""ranking_category_name"": ""여성의류>상의"", ""review_avg"": 4.5, ""sale_percent"": 15, ""sale_price"": 49590, ""sold_out"": false, ""url"": ""https://product.29cm.co.kr/catalog/4190360""}",2026-10-04T13:00:06+00:00_caa7d0f3
2026-10-04T22:00:06+09:00,2026-10-04T13:00:06+00:00,commerce_rank,Two-way Button Neck Top Charcoal,29cm:4190361,heart_count,6324.0,"{""brand_eng"": ""MICHIKO LONDON KOSHINO"", ""brand_kor"": ""미치코런던 코시노"", ""brand_no"": 26100, ""category1"": ""여성의류"", ""category2"": ""상의"", ""category3"": ""반소매 티셔츠"", ""category3_code"": 268103101, ""is_new"": false, ""item_no"": 4190361, ""period_sort"": ""ONE_DAY"", ""platform"": ""29cm"", ""ranking_category_code"": ""268103100"", ""ranking_category_name"": ""여성의류>상의"", ""review_avg"": 4.5, ""sale_percent"": 15, ""sale_price"": 49590, ""sold_out"": false, ""url"": ""https://product.29cm.co.kr/catalog/4190361""}",2026-10-04T13:00:06+00:00_caa7d0f3
2026-10-04T22:00:06+09:00,2026-10-04T13:00:06+00:00,commerce_rank,Two-way Button Neck Top Charcoal,29cm:4190361,review_count,7.0,"{""brand_eng"": ""MICHIKO LONDON KOSHINO"", ""brand_kor"": ""미치코런던 코시노"", ""brand_no"": 26100, ""category1"": ""여성의류"", ""category2"": ""상의"", ""category3"": ""반소매 티셔츠"", ""category3_code"": 268103101, ""is_new"": false, ""item_no"": 4190361, ""period_sort"": ""ONE_DAY"", ""platform"": ""29cm"", ""ranking_category_code"": ""268103100"", ""ranking_category_name"": ""여성의류>상의"", ""review_avg"": 4.5, ""sale_percent"": 15, ""sale_price"": 49590, ""sold_out"": false, ""url"": ""https://product.29cm.co.kr/catalog/4190361""}",2026-10-04T13:00:06+00:00_caa7d0f3
2026-10-04T22:00:06+09:00,2026-10-04T13:00:06+00:00,commerce_rank,Two-way Button Neck Top Charcoal,29cm:4190361@268103100,rank,7.0,"{""brand_eng"": ""MICHIKO LONDON KOSHINO"", ""brand_kor"": ""미치코런던 코시노"", ""brand_no"": 26100, ""category1"": ""여성의류"", ""category2"": ""상의"", ""category3"": ""반소매 티셔츠"", ""category3_code"": 268103101, ""is_new"": false, ""item_no"": 4190361, ""period_sort"": ""ONE_DAY"", ""platform"": ""29cm"", ""ranking_category_code"": ""268103100"", ""ranking_category_name"": ""여성의류>상의"", ""review_avg"": 4.5, ""sale_percent"": 15, ""sale_price"": 49590, ""sold_out"": false, ""url"": ""https://product.29cm.co.kr/catalog/4190361""}",2026-10-04T13:00:06+00:00_caa7d0f3
2026-10-04T22:00:06+09:00,2026-10-04T13:00:06+00:00,commerce_rank,[8th]Wool Halter Neck Sleeveless Top,29cm:4192333,heart_count,1628.0,"{""brand_eng"": ""TORTE"", ""brand_kor"": ""토르테"", ""brand_no"": 104998, ""category1"": ""여성의류"", ""category2"": ""상의"", ""category3"": ""슬리브리스"", ""category3_code"": 268103103, ""is_new"": false, ""item_no"": 4192333, ""period_sort"": ""ONE_DAY"", ""platform"": ""29cm"", ""ranking_category_code"": ""268103100"", ""ranking_category_name"": ""여성의류>상의"", ""review_avg"": 4.5, ""sale_percent"": 30, ""sale_price"": 27300, ""sold_out"": false, ""url"": ""https://product.29cm.co.kr/catalog/4192333""}",2026-10-04T13:00:06+00:00_caa7d0f3
2026-10-04T22:00:06+09:00,2026-10-04T13:00:06+00:00,commerce_rank,[8th]Wool Halter Neck Sleeveless Top,29cm:4192333,review_count,17.0,"{""brand_eng"": ""TORTE"", ""brand_kor"": ""토르테"", ""brand_no"": 104998, ""category1"": ""여성의류"", ""category2"": ""상의"", ""category3"": ""슬리브리스"", ""category3_code"": 268103103, ""is_new"": false, ""item_no"": 4192333, ""period_sort"": ""ONE_DAY"", ""platform"": ""29cm"", ""ranking_category_code"": ""268103100"", ""ranking_category_name"": ""여성의류>상의"", ""review_avg"": 4.5, ""sale_percent"": 30, ""sale_price"": 27300, ""sold_out"": false, ""url"": ""https://product.29cm.co.kr/catalog/4192333""}",2026-10-04T13:00:06+00:00_caa7d0f3
2026-10-04T22:00:06+09:00,2026-10-04T13:00:06+00:00,commerce_rank,[8th]Wool Halter Neck Sleeveless Top,29cm:4192333@268103100,rank,4.0,"{""brand_eng"": ""TORTE"", ""brand_kor"": ""토르테"", ""brand_no"": 104998, ""category1"": ""여성의류"", ""category2"": ""상의"", ""category3"": ""슬리브리스"", ""category3_code"": 268103103, ""is_new"": false, ""item_no"": 4192333, ""period_sort"": ""ONE_DAY"", ""platform"": ""29cm"", ""ranking_category_code"": ""268103100"", ""ranking_category_name"": ""여성의류>상의"", ""review_avg"": 4.5, ""sale_percent"": 30, ""sale_price"": 27300, ""sold_out"": false, ""url"": ""https://product.29cm.co.kr/catalog/4192333""}",2026-10-04T13:00:06+00:00_caa7d0f3
2026-10-04T22:00:06+09:00,2026-10-04T13:00:07+00:00,commerce_rank,레이어드 헨리넥 롱 슬리브 (블랙),29cm:4197376,heart_count,72.0,"{""brand_eng"": ""INDUST"", ""brand_kor"": ""인더스트"", ""brand_no"": 15333, ""category1"": ""여성의류"", ""category2"": ""상의"", ""category3"": ""긴소매 티셔츠"", ""category3_code"": 268103102, ""is_new"": false, ""item_no"": 4197376, ""period_sort"": ""ONE_DAY"", ""platform"": ""29cm"", ""ranking_category_code"": ""272103100"", ""ranking_category_name"": ""남성의류>상의"", ""review_avg"": 0.0, ""sale_percent"": 20, ""sale_price"": 49990, ""sold_out"": false, ""url"": ""https://product.29cm.co.kr/catalog/4197376""}",2026-10-04T13:00:06+00:00_caa7d0f3
2026-10-04T22:00:06+09:00,2026-10-04T13:00:07+00:00,commerce_rank,레이어드 헨리넥 롱 슬리브 (블랙),29cm:4197376,review_count,0.0,"{""brand_eng"": ""INDUST"", ""brand_kor"": ""인더스트"", ""brand_no"": 15333, ""category1"": ""여성의류"", ""category2"": ""상의"", ""category3"": ""긴소매 티셔츠"", ""category3_code"": 268103102, ""is_new"": false, ""item_no"": 4197376, ""period_sort"": ""ONE_DAY"", ""platform"": ""29cm"", ""ranking_category_code"": ""272103100"", ""ranking_category_name"": ""남성의류>상의"", ""review_avg"": 0.0, ""sale_percent"": 20, ""sale_price"": 49990, ""sold_out"": false, ""url"": ""https://product.29cm.co.kr/catalog/4197376""}",2026-10-04T13:00:06+00:00_caa7d0f3
2026-10-04T22:00:06+09:00,2026-10-04T13:00:07+00:00,commerce_rank,레이어드 헨리넥 롱 슬리브 (블랙),29cm:4197376@272103100,rank,80.0,"{""brand_eng"": ""INDUST"", ""brand_kor"": ""인더스트"", ""brand_no"": 15333, ""category1"": ""여성의류"", ""category2"": ""상의"", ""category3"": ""긴소매 티셔츠"", ""category3_code"": 268103102, ""is_new"": false, ""item_no"": 4197376, ""period_sort"": ""ONE_DAY"", ""platform"": ""29cm"", ""ranking_category_code"": ""272103100"", ""ranking_category_name"": ""남성의류>상의"", ""review_avg"": 0.0, ""sale_percent"": 20, ""sale_price"": 49990, ""sold_out"": false, ""url"": ""https://product.29cm.co.kr/catalog/4197376""}",2026-10-04T13:00:06+00:00_caa7d0f3
2026-10-04T22:00:06+09:00,2026-10-04T13:00:06+00:00,commerce_rank,WAFFLE SWEATSHIRT MOON,29cm:4201038,heart_count,2150.0,"{""brand_eng"": ""pesto"", ""brand_kor"": ""페스토"", ""brand_no"": 16507, ""category1"": ""여성의류"", ""category2"": ""상의"", ""category3"": ""긴소매 티셔츠"", ""category3_code"": 268103102, ""is_new"": false, ""item_no"": 4201038, ""period_sort"": ""ONE_DAY"", ""platform"": ""29cm"", ""ranking_category_code"": ""268103100"", ""ranking_category_name"": ""여성의류>상의"", ""review_avg"": 5.0, ""sale_percent"": 19, ""sale_price"": 98820, ""sold_out"": false, ""url"": ""https://product.29cm.co.kr/catalog/4201038""}",2026-10-04T13:00:06+00:00_caa7d0f3
2026-10-04T22:00:06+09:00,2026-10-04T13:00:06+00:00,commerce_rank,WAFFLE SWEATSHIRT MOON,29cm:4201038,review_count,2.0,"{""brand_eng"": ""pesto"", ""brand_kor"": ""페스토"", ""brand_no"": 16507, ""category1"": ""여성의류"", ""category2"": ""상의"", ""category3"": ""긴소매 티셔츠"", ""category3_code"": 268103102, ""is_new"": false, ""item_no"": 4201038, ""period_sort"": ""ONE_DAY"", ""platform"": ""29cm"", ""ranking_category_code"": ""268103100"", ""ranking_category_name"": ""여성의류>상의"", ""review_avg"": 5.0, ""sale_percent"": 19, ""sale_price"": 98820, ""sold_out"": false, ""url"": ""https://product.29cm.co.kr/catalog/4201038""}",2026-10-04T13:00:06+00:00_caa7d0f3
2026-10-04T22:00:06+09:00,2026-10-04T13:00:06+00:00,commerce_rank,WAFFLE SWEATSHIRT MOON,29cm:4201038@268103100,rank,80.0,"{""brand_eng"": ""pesto"", ""brand_kor"": ""페스토"", ""brand_no"": 16507, ""category1"": ""여성의류"", ""category2"": ""상의"", ""category3"": ""긴소매 티셔츠"", ""category3_code"": 268103102, ""is_new"": false, ""item_no"": 4201038, ""period_sort"": ""ONE_DAY"", ""platform"": ""29cm"", ""ranking_category_code"": ""268103100"", ""ranking_category_name"": ""여성의류>상의"", ""review_avg"": 5.0, ""sale_percent"": 19, ""sale_price"": 98820, ""sold_out"": false, ""url"": ""https://product.29cm.co.kr/catalog/4201038""}",2026-10-04T13:00:06+00:00_caa7d0f3
2026-10-04T22:00:06+09:00,2026-10-04T13:00:06+00:00,commerce_rank,FLORAL-PRINTED TEE BLOUSE_BLACK,29cm:4201450,heart_count,2182.0,"{""brand_eng"": ""OVERDUE FLAIR"", ""brand_kor"": ""오버듀플레어"", ""brand_no"": 4348, ""category1"": ""여성의류"", ""category2"": ""상의"", ""category3"": ""블라우스"", ""category3_code"": 268103107, ""is_new"": false, ""item_no"": 4201450, ""period_sort"": ""ONE_DAY"", ""platform"": ""29cm"", ""ranking_category_code"": ""268103100"", ""ranking_category_name"": ""여성의류>상의"", ""review_avg"": 5.0, ""sale_percent"": 30, ""sale_price"": 97300, ""sold_out"": true, ""url"": ""https://product.29cm.co.kr/catalog/4201450""}",2026-10-04T13:00:06+00:00_caa7d0f3
2026-10-04T22:00:06+09:00,2026-10-04T13:00:06+00:00,commerce_rank,FLORAL-PRINTED TEE BLOUSE_BLACK,29cm:4201450,review_count,4.0,"{""brand_eng"": ""OVERDUE FLAIR"", ""brand_kor"": ""오버듀플레어"", ""brand_no"": 4348, ""category1"": ""여성의류"", ""category2"": ""상의"", ""category3"": ""블라우스"", ""category3_code"": 268103107, ""is_new"": false, ""item_no"": 4201450, ""period_sort"": ""ONE_DAY"", ""platform"": ""29cm"", ""ranking_category_code"": ""268103100"", ""ranking_category_name"": ""여성의류>상의"", ""review_avg"": 5.0, ""sale_percent"": 30, ""sale_price"": 97300, ""sold_out"": true, ""url"": ""https://product.29cm.co.kr/catalog/4201450""}",2026-10-04T13:00:06+00:00_caa7d0f3
2026-10-04T22:00:06+09:00,2026-10-04T13:00:06+00:00,commerce_rank,FLORAL-PRINTED TEE BLOUSE_BLACK,29cm:4201450@268103100,rank,10.0,"{""brand_eng"": ""OVERDUE FLAIR"", ""brand_kor"": ""오버듀플레어"", ""brand_no"": 4348, ""category1"": ""여성의류"", ""category2"": ""상의"", ""category3"": ""블라우스"", ""category3_code"": 268103107, ""is_new"": false, ""item_no"": 4201450, ""period_sort"": ""ONE_DAY"", ""platform"": ""29cm"", ""ranking_category_code"": ""268103100"", ""ranking_category_name"": ""여성의류>상의"", ""review_avg"": 5.0, ""sale_percent"": 30, ""sale_price"": 97300, ""sold_out"": true, ""url"": ""https://product.29cm.co.kr/catalog/4201450""}",2026-10-04T13:00:06+00:00_caa7d0f3
2026-10-04T22:00:06+09:00,2026-10-04T13:00:06+00:00,commerce_rank,IMPACT CORSET TOP_ROSE,29cm:4201486,heart_count,412.0,"{""brand_eng"": ""OVERDUE FLAIR"", ""brand_kor"": ""오버듀플레어"", ""brand_no"": 4348, ""category1"": ""여성의류"", ""category2"": ""상의"", ""category3"": ""블라우스"", ""category3_code"": 268103107, ""is_new"": false, ""item_no"": 4201486, ""period_sort"": ""ONE_DAY"", ""platform"": ""29cm"", ""ranking_category_code"": ""268103100"", ""ranking_category_name"": ""여성의류>상의"", ""review_avg"": 5.0, ""sale_percent"": 30, ""sale_price"": 97300, ""sold_out"": false, ""url"": ""https://product.29cm.co.kr/catalog/4201486""}",2026-10-04T13:00:06+00:00_caa7d0f3
2026-10-04T22:00:06+09:00,2026-10-04T13:00:06+00:00,commerce_rank,IMPACT CORSET TOP_ROSE,29cm:4201486,review_count,2.0,"{""brand_eng"": ""OVERDUE FLAIR"", ""brand_kor"": ""오버듀플레어"", ""brand_no"": 4348, ""category1"": ""여성의류"", ""category2"": ""상의"", ""category3"": ""블라우스"", ""category3_code"": 268103107, ""is_new"": false, ""item_no"": 4201486, ""period_sort"": ""ONE_DAY"", ""platform"": ""29cm"", ""ranking_category_code"": ""268103100"", ""ranking_category_name"": ""여성의류>상의"", ""review_avg"": 5.0, ""sale_percent"": 30, ""sale_price"": 97300, ""sold_out"": false, ""url"": ""https://product.29cm.co.kr/catalog/4201486""}",2026-10-04T13:00:06+00:00_caa7d0f3
2026-10-04T22:00:06+09:00,2026-10-04T13:00:06+00:00,commerce_rank,IMPACT CORSET TOP_ROSE,29cm:4201486@268103100,rank,42.0,"{""brand_eng"": ""OVERDUE FLAIR"", ""brand_kor"": ""오버듀플레어"", ""brand_no"": 4348, ""category1"": ""여성의류"", ""category2"": ""상의"", ""category3"": ""블라우스"", ""category3_code"": 268103107, ""is_new"": false, ""item_no"": 4201486, ""period_sort"": ""ONE_DAY"", ""platform"": ""29cm"", ""ranking_category_code"": ""268103100"", ""ranking_category_name"": ""여성의류>상의"", ""review_avg"": 5.0, ""sale_percent"": 30, ""sale_price"": 97300, ""sold_out"": false, ""url"": ""https://product.29cm.co.kr/catalog/4201486""}",2026-10-04T13:00:06+00:00_caa7d0f3
2026-10-04T22:00:06+09:00,2026-10-04T13:00:06+00:00,commerce_rank,OVERSIZED VINTAGE CHECK SHIRT_CHECK,29cm:4201487,heart_count,941.0,"{""brand_eng"": ""OVERDUE FLAIR"", ""brand_kor"": ""오버듀플레어"", ""brand_no"": 4348, ""category1"": ""여성의류"", ""category2"": ""상의"", ""category3"": ""셔츠"", ""category3_code"": 268103106, ""is_new"": false, ""item_no"": 4201487, ""period_sort"": ""ONE_DAY"", ""platform"": ""29cm"", ""ranking_category_code"": ""268103100"", ""ranking_category_name"": ""여성의류>상의"", ""review_avg"": 4.5, ""sale_percent"": 30, ""sale_price"": 125300, ""sold_out"": false, ""url"": ""https://product.29cm.co.kr/catalog/4201487""}",2026-10-04T13:00:06+00:00_caa7d0f3
2026-10-04T22:00:06+09:00,2026-10-04T13:00:06+00:00,commerce_rank,OVERSIZED VINTAGE CHECK SHIRT_CHECK,29cm:4201487,review_count,11.0,"{""brand_eng"": ""OVERDUE FLAIR"", ""brand_kor"": ""오버듀플레어"", ""brand_no"": 4348, ""category1"": ""여성의류"", ""category2"": ""상의"", ""category3"": ""셔츠"", ""category3_code"": 268103106, ""is_new"": false, ""item_no"": 4201487, ""period_sort"": ""ONE_DAY"", ""platform"": ""29cm"", ""ranking_category_code"": ""268103100"", ""ranking_category_name"": ""여성의류>상의"", ""review_avg"": 4.5, ""sale_percent"": 30, ""sale_price"": 125300, ""sold_out"": false, ""url"": ""https://product.29cm.co.kr/catalog/4201487""}",2026-10-04T13:00:06+00:00_caa7d0f3
2026-10-04T22:00:06+09:00,2026-10-04T13:00:06+00:00,commerce_rank,OVERSIZED VINTAGE CHECK SHIRT_CHECK,29cm:4201487@268103100,rank,68.0,"{""brand_eng"": ""OVERDUE FLAIR"", ""brand_kor"": ""오버듀플레어"", ""brand_no"": 4348, ""category1"": ""여성의류"", ""category2"": ""상의"", ""category3"": ""셔츠"", ""category3_code"": 268103106, ""is_new"": false, ""item_no"": 4201487, ""period_sort"": ""ONE_DAY"", ""platform"": ""29cm"", ""ranking_category_code"": ""268103100"", ""ranking_category_name"": ""여성의류>상의"", ""review_avg"": 4.5, ""sale_percent"": 30, ""sale_price"": 125300, ""sold_out"": false, ""url"": ""https://product.29cm.co.kr/catalog/4201487""}",2026-10-04T13:00:06+00:00_caa7d0f3
2026-10-04T22:00:06+09:00,2026-10-04T13:00:07+00:00,commerce_rank,(기모) 오리지네이터스 빅 스크립트 후드 데저트 올리브,29cm:4204358,heart_count,3.0,"{""brand_eng"": ""NEWERA"", ""brand_kor"": ""뉴에라"", ""brand_no"": 8182, ""category1"": ""남성의류"", ""category2"": ""상의"", ""category3"": ""후디"", ""category3_code"": 272103108, ""is_new"": false, ""item_no"": 4204358, ""period_sort"": ""ONE_DAY"", ""platform"": ""29cm"", ""ranking_category_code"": ""272103100"", ""ranking_category_name"": ""남성의류>상의"", ""review_avg"": 0.0, ""sale_percent"": 10, ""sale_price"": 116100, ""sold_out"": false, ""url"": ""https://product.29cm.co.kr/catalog/4204358""}",2026-10-04T13:00:06+00:00_caa7d0f3
2026-10-04T22:00:06+09:00,2026-10-04T13:00:07+00:00,commerce_rank,(기모) 오리지네이터스 빅 스크립트 후드 데저트 올리브,29cm:4204358,review_count,0.0,"{""brand_eng"": ""NEWERA"", ""brand_kor"": ""뉴에라"", ""brand_no"": 8182, ""category1"": ""남성의류"", ""category2"": ""상의"", ""category3"": ""후디"", ""category3_code"": 272103108, ""is_new"": false, ""item_no"": 4204358, ""period_sort"": ""ONE_DAY"", ""platform"": ""29cm"", ""ranking_category_code"": ""272103100"", ""ranking_category_name"": ""남성의류>상의"", ""review_avg"": 0.0, ""sale_percent"": 10, ""sale_price"": 116100, ""sold_out"": false, ""url"": ""https://product.29cm.co.kr/catalog/4204358""}",2026-10-04T13:00:06+00:00_caa7d0f3
2026-10-04T22:00:06+09:00,2026-10-04T13:00:07+00:00,commerce_rank,(기모) 오리지네이터스 빅 스크립트 후드 데저트 올리브,29cm:4204358@272103100,rank,46.0,"{""brand_eng"": ""NEWERA"", ""brand_kor"": ""뉴에라"", ""brand_no"": 8182, ""category1"": ""남성의류"", ""category2"": ""상의"", ""category3"": ""후디"", ""category3_code"": 272103108, ""is_new"": false, ""item_no"": 4204358, ""period_sort"": ""ONE_DAY"", ""platform"": ""29cm"", ""ranking_category_code"": ""272103100"", ""ranking_category_name"": ""남성의류>상의"", ""review_avg"": 0.0, ""sale_percent"": 10, ""sale_price"": 116100, ""sold_out"": false, ""url"": ""https://product.29cm.co.kr/catalog/4204358""}",2026-10-04T13:00:06+00:00_caa7d0f3
2026-10-04T22:00:06+09:00,2026-10-04T13:00:07+00:00,commerce_rank,JAPANESE URAKE JERSEY TUBULAR SWEAT_VINTAGE BLACK,29cm:4205648,heart_count,22.0,"{""brand_eng"": ""OUTSTANDING"", ""brand_kor"": ""아웃스탠딩"", ""brand_no"": 1657, ""category1"": ""남성의류"", ""category2"": ""상의"", ""category3"": ""스웨트셔츠"", ""category3_code"": 272103107, ""is_new"": false, ""item_no"": 4205648, ""period_sort"": ""ONE_DAY"", ""platform"": ""29cm"", ""ranking_category_code"": ""272103100"", ""ranking_category_name"": ""남성의류>상의"", ""review_avg"": 0.0, ""sale_percent"": 10, ""sale_price"": 88200, ""sold_out"": false, ""url"": ""https://product.29cm.co.kr/catalog/4205648""}",2026-10-04T13:00:06+00:00_caa7d0f3
2026-10-04T22:00:06+09:00,2026-10-04T13:00:07+00:00,commerce_rank,JAPANESE URAKE JERSEY TUBULAR SWEAT_VINTAGE BLACK,29cm:4205648,review_count,0.0,"{""brand_eng"": ""OUTSTANDING"", ""brand_kor"": ""아웃스탠딩"", ""brand_no"": 1657, ""category1"": ""남성의류"", ""category2"": ""상의"", ""category3"": ""스웨트셔츠"", ""category3_code"": 272103107, ""is_new"": false, ""item_no"": 4205648, ""period_sort"": ""ONE_DAY"", ""platform"": ""29cm"", ""ranking_category_code"": ""272103100"", ""ranking_category_name"": ""남성의류>상의"", ""review_avg"": 0.0, ""sale_percent"": 10, ""sale_price"": 88200, ""sold_out"": false, ""url"": ""https://product.29cm.co.kr/catalog/4205648""}",2026-10-04T13:00:06+00:00_caa7d0f3
2026-10-04T22:00:06+09:00,2026-10-04T13:00:07+00:00,commerce_rank,JAPANESE URAKE JERSEY TUBULAR SWEAT_VINTAGE BLACK,29cm:4205648@272103100,rank,35.0,"{""brand_eng"": ""OUTSTANDING"", ""brand_kor"": ""아웃스탠딩"", ""brand_no"": 1657, ""category1"": ""남성의류"", ""category2"": ""상의"", ""category3"": ""스웨트셔츠"", ""category3_code"": 272103107, ""is_new"": false, ""item_no"": 4205648, ""period_sort"": ""ONE_DAY"", ""platform"": ""29cm"", ""ranking_category_code"": ""272103100"", ""ranking_category_name"": ""남성의류>상의"", ""review_avg"": 0.0, ""sale_percent"": 10, ""sale_price"": 88200, ""sold_out"": false, ""url"": ""https://product.29cm.co.kr/catalog/4205648""}",2026-10-04T13:00:06+00:00_caa7d0f3
2026-10-04T22:00:06+09:00,2026-10-04T13:00:07+00:00,commerce_rank,JAPANESE URAKE JERSEY TUBULAR SWEAT_VINTAGE NAVY,29cm:4205649,heart_count,52.0,"{""brand_eng"": ""OUTSTANDING"", ""brand_kor"": ""아웃스탠딩"", ""brand_no"": 1657, ""category1"": ""남성의류"", ""category2"": ""상의"", ""category3"": ""스웨트셔츠"", ""category3_code"": 272103107, ""is_new"": false, ""item_no"": 4205649, ""period_sort"": ""ONE_DAY"", ""platform"": ""29cm"", ""ranking_category_code"": ""272103100"", ""ranking_category_name"": ""남성의류>상의"", ""review_avg"": 0.0, ""sale_percent"": 10, ""sale_price"": 88200, ""sold_out"": false, ""url"": ""https://product.29cm.co.kr/catalog/4205649""}",2026-10-04T13:00:06+00:00_caa7d0f3
2026-10-04T22:00:06+09:00,2026-10-04T13:00:07+00:00,commerce_rank,JAPANESE URAKE JERSEY TUBULAR SWEAT_VINTAGE NAVY,29cm:4205649,review_count,0.0,"{""brand_eng"": ""OUTSTANDING"", ""brand_kor"": ""아웃스탠딩"", ""brand_no"": 1657, ""category1"": ""남성의류"", ""category2"": ""상의"", ""category3"": ""스웨트셔츠"", ""category3_code"": 272103107, ""is_new"": false, ""item_no"": 4205649, ""period_sort"": ""ONE_DAY"", ""platform"": ""29cm"", ""ranking_category_code"": ""272103100"", ""ranking_category_name"": ""남성의류>상의"", ""review_avg"": 0.0, ""sale_percent"": 10, ""sale_price"": 88200, ""sold_out"": false, ""url"": ""https://product.29cm.co.kr/catalog/4205649""}",2026-10-04T13:00:06+00:00_caa7d0f3
2026-10-04T22:00:06+09:00,2026-10-04T13:00:07+00:00,commerce_rank,JAPANESE URAKE JERSEY TUBULAR SWEAT_VINTAGE NAVY,29cm:4205649@272103100,rank,40.0,"{""brand_eng"": ""OUTSTANDING"", ""brand_kor"": ""아웃스탠딩"", ""brand_no"": 1657, ""category1"": ""남성의류"", ""category2"": ""상의"", ""category3"": ""스웨트셔츠"", ""category3_code"": 272103107, ""is_new"": false, ""item_no"": 4205649, ""period_sort"": ""ONE_DAY"", ""platform"": ""29cm"", ""ranking_category_code"": ""272103100"", ""ranking_category_name"": ""남성의류>상의"", ""review_avg"": 0.0, ""sale_percent"": 10, ""sale_price"": 88200, ""sold_out"": false, ""url"": ""https://product.29cm.co.kr/catalog/4205649""}",2026-10-04T13:00:06+00:00_caa7d0f3
2026-10-04T22:00:06+09:00,2026-10-04T13:00:06+00:00,commerce_rank,Milo Stripe Tee_Oatmeal,29cm:4205823,heart_count,888.0,"{""brand_eng"": ""108POUND"", ""brand_kor"": ""108파운드"", ""brand_no"": 86198, ""category1"": ""여성의류"", ""category2"": ""상의"", ""category3"": ""긴소매 티셔츠"", ""category3_code"": 268103102, ""is_new"": false, ""item_no"": 4205823, ""period_sort"": ""ONE_DAY"", ""platform"": ""29cm"", ""ranking_category_code"": ""268103100"", ""ranking_category_name"": ""여성의류>상의"", ""review_avg"": 5.0, ""sale_percent"": 24, ""sale_price"": 55080, ""sold_out"": false, ""url"": ""https://product.29cm.co.kr/catalog/4205823""}",2026-10-04T13:00:06+00:00_caa7d0f3
2026-10-04T22:00:06+09:00,2026-10-04T13:00:06+00:00,commerce_rank,Milo Stripe Tee_Oatmeal,29cm:4205823,review_count,4.0,"{""brand_eng"": ""108POUND"", ""brand_kor"": ""108파운드"", ""brand_no"": 86198, ""category1"": ""여성의류"", ""category2"": ""상의"", ""category3"": ""긴소매 티셔츠"", ""category3_code"": 268103102, ""is_new"": false, ""item_no"": 4205823, ""period_sort"": ""ONE_DAY"", ""platform"": ""29cm"", ""ranking_category_code"": ""268103100"", ""ranking_category_name"": ""여성의류>상의"", ""review_avg"": 5.0, ""sale_percent"": 24, ""sale_price"": 55080, ""sold_out"": false, ""url"": ""https://product.29cm.co.kr/catalog/4205823""}",2026-10-04T13:00:06+00:00_caa7d0f3
2026-10-04T22:00:06+09:00,2026-10-04T13:00:06+00:00,commerce_rank,Milo Stripe Tee_Oatmeal,29cm:4205823@268103100,rank,60.0,"{""brand_eng"": ""108POUND"", ""brand_kor"": ""108파운드"", ""brand_no"": 86198, ""category1"": ""여성의류"", ""category2"": ""상의"", ""category3"": ""긴소매 티셔츠"", ""category3_code"": 268103102, ""is_new"": false, ""item_no"": 4205823, ""period_sort"": ""ONE_DAY"", ""platform"": ""29cm"", ""ranking_category_code"": ""268103100"", ""ranking_category_name"": ""여성의류>상의"", ""review_avg"": 5.0, ""sale_percent"": 24, ""sale_price"": 55080, ""sold_out"": false, ""url"": ""https://product.29cm.co.kr/catalog/4205823""}",2026-10-04T13:00:06+00:00_caa7d0f3
2026-10-04T22:00:06+09:00,2026-10-04T13:00:06+00:00,commerce_rank,Henley 3/4 Sleeve Tee_Stripe Blue,29cm:4205826,heart_count,1187.0,"{""brand_eng"": ""108POUND"", ""brand_kor"": ""108파운드"", ""brand_no"": 86198, ""category1"": ""여성의류"", ""category2"": ""상의"", ""category3"": ""반소매 티셔츠"", ""category3_code"": 268103101, ""is_new"": false, ""item_no"": 4205826, ""period_sort"": ""ONE_DAY"", ""platform"": ""29cm"", ""ranking_category_code"": ""268103100"", ""ranking_category_name"": ""여성의류>상의"", ""review_avg"": 5.0, ""sale_percent"": 24, ""sale_price"": 48960, ""sold_out"": false, ""url"": ""https://product.29cm.co.kr/catalog/4205826""}",2026-10-04T13:00:06+00:00_caa7d0f3
2026-10-04T22:00:06+09:00,2026-10-04T13:00:06+00:00,commerce_rank,Henley 3/4 Sleeve Tee_Stripe Blue,29cm:4205826,review_count,1.0,"{""brand_eng"": ""108POUND"", ""brand_kor"": ""108파운드"", ""brand_no"": 86198, ""category1"": ""여성의류"", ""category2"": ""상의"", ""category3"": ""반소매 티셔츠"", ""category3_code"": 268103101, ""is_new"": false, ""item_no"": 4205826, ""period_sort"": ""ONE_DAY"", ""platform"": ""29cm"", ""ranking_category_code"": ""268103100"", ""ranking_category_name"": ""여성의류>상의"", ""review_avg"": 5.0, ""sale_percent"": 24, ""sale_price"": 48960, ""sold_out"": false, ""url"": ""https://product.29cm.co.kr/catalog/4205826""}",2026-10-04T13:00:06+00:00_caa7d0f3
2026-10-04T22:00:06+09:00,2026-10-04T13:00:06+00:00,commerce_rank,Henley 3/4 Sleeve Tee_Stripe Blue,29cm:4205826@268103100,rank,66.0,"{""brand_eng"": ""108POUND"", ""brand_kor"": ""108파운드"", ""brand_no"": 86198, ""category1"": ""여성의류"", ""category2"": ""상의"", ""category3"": ""반소매 티셔츠"", ""category3_code"": 268103101, ""is_new"": false, ""item_no"": 4205826, ""period_sort"": ""ONE_DAY"", ""platform"": ""29cm"", ""ranking_category_code"": ""268103100"", ""ranking_category_name"": ""여성의류>상의"", ""review_avg"": 5.0, ""sale_percent"": 24, ""sale_price"": 48960, ""sold_out"": false, ""url"": ""https://product.29cm.co.kr/catalog/4205826""}",2026-10-04T13:00:06+00:00_caa7d0f3
2026-10-04T22:00:06+09:00,2026-10-04T13:00:06+00:00,commerce_rank,Henley 3/4 Sleeve Tee_Stripe Gray,29cm:4205827,heart_count,1473.0,"{""brand_eng"": ""108POUND"", ""brand_kor"": ""108파운드"", ""brand_no"": 86198, ""category1"": ""여성의류"", ""category2"": ""상의"", ""category3"": ""반소매 티셔츠"", ""category3_code"": 268103101, ""is_new"": false, ""item_no"": 4205827, ""period_sort"": ""ONE_DAY"", ""platform"": ""29cm"", ""ranking_category_code"": ""268103100"", ""ranking_category_name"": ""여성의류>상의"", ""review_avg"": 5.0, ""sale_percent"": 24, ""sale_price"": 48960, ""sold_out"": false, ""url"": ""https://product.29cm.co.kr/catalog/4205827""}",2026-10-04T13:00:06+00:00_caa7d0f3
2026-10-04T22:00:06+09:00,2026-10-04T13:00:06+00:00,commerce_rank,Henley 3/4 Sleeve Tee_Stripe Gray,29cm:4205827,review_count,2.0,"{""brand_eng"": ""108POUND"", ""brand_kor"": ""108파운드"", ""brand_no"": 86198, ""category1"": ""여성의류"", ""category2"": ""상의"", ""category3"": ""반소매 티셔츠"", ""category3_code"": 268103101, ""is_new"": false, ""item_no"": 4205827, ""period_sort"": ""ONE_DAY"", ""platform"": ""29cm"", ""ranking_category_code"": ""268103100"", ""ranking_category_name"": ""여성의류>상의"", ""review_avg"": 5.0, ""sale_percent"": 24, ""sale_price"": 48960, ""sold_out"": false, ""url"": ""https://product.29cm.co.kr/catalog/4205827""}",2026-10-04T13:00:06+00:00_caa7d0f3
2026-10-04T22:00:06+09:00,2026-10-04T13:00:06+00:00,commerce_rank,Henley 3/4 Sleeve Tee_Stripe Gray,29cm:4205827@268103100,rank,43.0,"{""brand_eng"": ""108POUND"", ""brand_kor"": ""108파운드"", ""brand_no"": 86198, ""category1"": ""여성의류"", ""category2"": ""상의"", ""category3"": ""반소매 티셔츠"", ""category3_code"": 268103101, ""is_new"": false, ""item_no"": 4205827, ""period_sort"": ""ONE_DAY"", ""platform"": ""29cm"", ""ranking_category_code"": ""268103100"", ""ranking_category_name"": ""여성의류>상의"", ""review_avg"": 5.0, ""sale_percent"": 24, ""sale_price"": 48960, ""sold_out"": false, ""url"": ""https://product.29cm.co.kr/catalog/4205827""}",2026-10-04T13:00:06+00:00_caa7d0f3
2026-10-04T22:00:06+09:00,2026-10-04T13:00:07+00:00,commerce_rank,Bumpy Slub Double Neck Long Sleeve Charcoal,29cm:4209630,heart_count,64.0,"{""brand_eng"": ""partimento"", ""brand_kor"": ""파르티멘토"", ""brand_no"": 1588, ""category1"": ""여성의류"", ""category2"": ""상의"", ""category3"": ""긴소매 티셔츠"", ""category3_code"": 268103102, ""is_new"": false, ""item_no"": 4209630, ""period_sort"": ""ONE_DAY"", ""platform"": ""29cm"", ""ranking_category_code"": ""272103100"", ""ranking_category_name"": ""남성의류>상의"", ""review_avg"": 0.0, ""sale_percent"": 28, ""sale_price"": 31410, ""sold_out"": false, ""url"": ""https://product.29cm.co.kr/catalog/4209630""}",2026-10-04T13:00:06+00:00_caa7d0f3
2026-10-04T22:00:06+09:00,2026-10-04T13:00:07+00:00,commerce_rank,Bumpy Slub Double Neck Long Sleeve Charcoal,29cm:4209630,review_count,0.0,"{""brand_eng"": ""partimento"", ""brand_kor"": ""파르티멘토"", ""brand_no"": 1588, ""category1"": ""여성의류"", ""category2"": ""상의"", ""category3"": ""긴소매 티셔츠"", ""category3_code"": 268103102, ""is_new"": false, ""item_no"": 4209630, ""period_sort"": ""ONE_DAY"", ""platform"": ""29cm"", ""ranking_category_code"": ""272103100"", ""ranking_category_name"": ""남성의류>상의"", ""review_avg"": 0.0, ""sale_percent"": 28, ""sale_price"": 31410, ""sold_out"": false, ""url"": ""https://product.29cm.co.kr/catalog/4209630""}",2026-10-04T13:00:06+00:00_caa7d0f3
2026-10-04T22:00:06+09:00,2026-10-04T13:00:07+00:00,commerce_rank,Bumpy Slub Double Neck Long Sleeve Charcoal,29cm:4209630@272103100,rank,45.0,"{""brand_eng"": ""partimento"", ""brand_kor"": ""파르티멘토"", ""brand_no"": 1588, ""category1"": ""여성의류"", ""category2"": ""상의"", ""category3"": ""긴소매 티셔츠"", ""category3_code"": 268103102, ""is_new"": false, ""item_no"": 4209630, ""period_sort"": ""ONE_DAY"", ""platform"": ""29cm"", ""ranking_category_code"": ""272103100"", ""ranking_category_name"": ""남성의류>상의"", ""review_avg"": 0.0, ""sale_percent"": 28, ""sale_price"": 31410, ""sold_out"": false, ""url"": ""https://product.29cm.co.kr/catalog/4209630""}",2026-10-04T13:00:06+00:00_caa7d0f3
2026-10-04T22:00:06+09:00,2026-10-04T13:00:07+00:00,commerce_rank,Bumpy Slub Double Neck Long Sleeve Black,29cm:4209631,heart_count,68.0,"{""brand_eng"": ""partimento"", ""brand_kor"": ""파르티멘토"", ""brand_no"": 1588, ""category1"": ""여성의류"", ""category2"": ""상의"", ""category3"": ""긴소매 티셔츠"", ""category3_code"": 268103102, ""is_new"": false, ""item_no"": 4209631, ""period_sort"": ""ONE_DAY"", ""platform"": ""29cm"", ""ranking_category_code"": ""272103100"", ""ranking_category_name"": ""남성의류>상의"", ""review_avg"": 0.0, ""sale_percent"": 28, ""sale_price"": 31410, ""sold_out"": false, ""url"": ""https://product.29cm.co.kr/catalog/4209631""}",2026-10-04T13:00:06+00:00_caa7d0f3
2026-10-04T22:00:06+09:00,2026-10-04T13:00:07+00:00,commerce_rank,Bumpy Slub Double Neck Long Sleeve Black,29cm:4209631,review_count,0.0,"{""brand_eng"": ""partimento"", ""brand_kor"": ""파르티멘토"", ""brand_no"": 1588, ""category1"": ""여성의류"", ""category2"": ""상의"", ""category3"": ""긴소매 티셔츠"", ""category3_code"": 268103102, ""is_new"": false, ""item_no"": 4209631, ""period_sort"": ""ONE_DAY"", ""platform"": ""29cm"", ""ranking_category_code"": ""272103100"", ""ranking_category_name"": ""남성의류>상의"", ""review_avg"": 0.0, ""sale_percent"": 28, ""sale_price"": 31410, ""sold_out"": false, ""url"": ""https://product.29cm.co.kr/catalog/4209631""}",2026-10-04T13:00:06+00:00_caa7d0f3
2026-10-04T22:00:06+09:00,2026-10-04T13:00:07+00:00,commerce_rank,Bumpy Slub Double Neck Long Sleeve Black,29cm:4209631@272103100,rank,68.0,"{""brand_eng"": ""partimento"", ""brand_kor"": ""파르티멘토"", ""brand_no"": 1588, ""category1"": ""여성의류"", ""category2"": ""상의"", ""category3"": ""긴소매 티셔츠"", ""category3_code"": 268103102, ""is_new"": false, ""item_no"": 4209631, ""period_sort"": ""ONE_DAY"", ""platform"": ""29cm"", ""ranking_category_code"": ""272103100"", ""ranking_category_name"": ""남성의류>상의"", ""review_avg"": 0.0, ""sale_percent"": 28, ""sale_price"": 31410, ""sold_out"": false, ""url"": ""https://product.29cm.co.kr/catalog/4209631""}",2026-10-04T13:00:06+00:00_caa7d0f3
2026-10-04T22:00:06+09:00,2026-10-04T13:00:07+00:00,commerce_rank,STRIPE POCKET L.S T-SHIRTS / D.NAVY & CHARCOAL,29cm:4218423,heart_count,25.0,"{""brand_eng"": ""EASTLOGUE PERMANENT"", ""brand_kor"": ""이스트로그 퍼머넌트"", ""brand_no"": 9323, ""category1"": ""여성의류"", ""category2"": ""상의"", ""category3"": ""긴소매 티셔츠"", ""category3_code"": 268103102, ""is_new"": false, ""item_no"": 4218423, ""period_sort"": ""ONE_DAY"", ""platform"": ""29cm"", ""ranking_category_code"": ""272103100"", ""ranking_category_name"": ""남성의류>상의"", ""review_avg"": 0.0, ""sale_percent"": 15, ""sale_price"": 66300, ""sold_out"": false, ""url"": ""https://product.29cm.co.kr/catalog/4218423""}",2026-10-04T13:00:06+00:00_caa7d0f3
2026-10-04T22:00:06+09:00,2026-10-04T13:00:07+00:00,commerce_rank,STRIPE POCKET L.S T-SHIRTS / D.NAVY & CHARCOAL,29cm:4218423,review_count,0.0,"{""brand_eng"": ""EASTLOGUE PERMANENT"", ""brand_kor"": ""이스트로그 퍼머넌트"", ""brand_no"": 9323, ""category1"": ""여성의류"", ""category2"": ""상의"", ""category3"": ""긴소매 티셔츠"", ""category3_code"": 268103102, ""is_new"": false, ""item_no"": 4218423, ""period_sort"": ""ONE_DAY"", ""platform"": ""29cm"", ""ranking_category_code"": ""272103100"", ""ranking_category_name"": ""남성의류>상의"", ""review_avg"": 0.0, ""sale_percent"": 15, ""sale_price"": 66300, ""sold_out"": false, ""url"": ""https://product.29cm.co.kr/catalog/4218423""}",2026-10-04T13:00:06+00:00_caa7d0f3
2026-10-04T22:00:06+09:00,2026-10-04T13:00:07+00:00,commerce_rank,STRIPE POCKET L.S T-SHIRTS / D.NAVY & CHARCOAL,29cm:4218423@272103100,rank,59.0,"{""brand_eng"": ""EASTLOGUE PERMANENT"", ""brand_kor"": ""이스트로그 퍼머넌트"", ""brand_no"": 9323, ""category1"": ""여성의류"", ""category2"": ""상의"", ""category3"": ""긴소매 티셔츠"", ""category3_code"": 268103102, ""is_new"": false, ""item_no"": 4218423, ""period_sort"": ""ONE_DAY"", ""platform"": ""29cm"", ""ranking_category_code"": ""272103100"", ""ranking_category_name"": ""남성의류>상의"", ""review_avg"": 0.0, ""sale_percent"": 15, ""sale_price"": 66300, ""sold_out"": false, ""url"": ""https://product.29cm.co.kr/catalog/4218423""}",2026-10-04T13:00:06+00:00_caa7d0f3
2026-10-04T22:00:06+09:00,2026-10-04T13:00:06+00:00,commerce_rank,"Essential Oversized Shirt, MUTED PURPLE",29cm:4225031,heart_count,509.0,"{""brand_eng"": ""LONDONDADA"", ""brand_kor"": ""런던다다"", ""brand_no"": 102751, ""category1"": ""여성의류"", ""category2"": ""상의"", ""category3"": ""셔츠"", ""category3_code"": 268103106, ""is_new"": false, ""item_no"": 4225031, ""period_sort"": ""ONE_DAY"", ""platform"": ""29cm"", ""ranking_category_code"": ""268103100"", ""ranking_category_name"": ""여성의류>상의"", ""review_avg"": 0.0, ""sale_percent"": 14, ""sale_price"": 76100, ""sold_out"": false, ""url"": ""https://product.29cm.co.kr/catalog/4225031""}",2026-10-04T13:00:06+00:00_caa7d0f3
2026-10-04T22:00:06+09:00,2026-10-04T13:00:06+00:00,commerce_rank,"Essential Oversized Shirt, MUTED PURPLE",29cm:4225031,review_count,0.0,"{""brand_eng"": ""LONDONDADA"", ""brand_kor"": ""런던다다"", ""brand_no"": 102751, ""category1"": ""여성의류"", ""category2"": ""상의"", ""category3"": ""셔츠"", ""category3_code"": 268103106, ""is_new"": false, ""item_no"": 4225031, ""period_sort"": ""ONE_DAY"", ""platform"": ""29cm"", ""ranking_category_code"": ""268103100"", ""ranking_category_name"": ""여성의류>상의"", ""review_avg"": 0.0, ""sale_percent"": 14, ""sale_price"": 76100, ""sold_out"": false, ""url"": ""https://product.29cm.co.kr/catalog/4225031""}",2026-10-04T13:00:06+00:00_caa7d0f3
2026-10-04T22:00:06+09:00,2026-10-04T13:00:06+00:00,commerce_rank,"Essential Oversized Shirt, MUTED PURPLE",29cm:4225031@268103100,rank,100.0,"{""brand_eng"": ""LONDONDADA"", ""brand_kor"": ""런던다다"", ""brand_no"": 102751, ""category1"": ""여성의류"", ""category2"": ""상의"", ""category3"": ""셔츠"", ""category3_code"": 268103106, ""is_new"": false, ""item_no"": 4225031, ""period_sort"": ""ONE_DAY"", ""platform"": ""29cm"", ""ranking_category_code"": ""268103100"", ""ranking_category_name"": ""여성의류>상의"", ""review_avg"": 0.0, ""sale_percent"": 14, ""sale_price"": 76100, ""sold_out"": false, ""url"": ""https://product.29cm.co.kr/catalog/4225031""}",2026-10-04T13:00:06+00:00_caa7d0f3
2026-10-04T22:00:06+09:00,2026-10-04T13:00:06+00:00,commerce_rank,오디세이 VTG 롱슬리브 (차콜),29cm:4225704,heart_count,3264.0,"{""brand_eng"": ""FINDOUBT"", ""brand_kor"": ""핀다웃"", ""brand_no"": 81719, ""category1"": ""여성의류"", ""category2"": ""상의"", ""category3"": ""긴소매 티셔츠"", ""category3_code"": 268103102, ""is_new"": false, ""item_no"": 4225704, ""period_sort"": ""ONE_DAY"", ""platform"": ""29cm"", ""ranking_category_code"": ""268103100"", ""ranking_category_name"": ""여성의류>상의"", ""review_avg"": 5.0, ""sale_percent"": 0, ""sale_price"": 92000, ""sold_out"": false, ""url"": ""https://product.29cm.co.kr/catalog/4225704""}",2026-10-04T13:00:06+00:00_caa7d0f3
2026-10-04T22:00:06+09:00,2026-10-04T13:00:06+00:00,commerce_rank,오디세이 VTG 롱슬리브 (차콜),29cm:4225704,review_count,1.0,"{""brand_eng"": ""FINDOUBT"", ""brand_kor"": ""핀다웃"", ""brand_no"": 81719, ""category1"": ""여성의류"", ""category2"": ""상의"", ""category3"": ""긴소매 티셔츠"", ""category3_code"": 268103102, ""is_new"": false, ""item_no"": 4225704, ""period_sort"": ""ONE_DAY"", ""platform"": ""29cm"", ""ranking_category_code"": ""268103100"", ""ranking_category_name"": ""여성의류>상의"", ""review_avg"": 5.0, ""sale_percent"": 0, ""sale_price"": 92000, ""sold_out"": false, ""url"": ""https://product.29cm.co.kr/catalog/4225704""}",2026-10-04T13:00:06+00:00_caa7d0f3
2026-10-04T22:00:06+09:00,2026-10-04T13:00:06+00:00,commerce_rank,오디세이 VTG 롱슬리브 (차콜),29cm:4225704@268103100,rank,12.0,"{""brand_eng"": ""FINDOUBT"", ""brand_kor"": ""핀다웃"", ""brand_no"": 81719, ""category1"": ""여성의류"", ""category2"": ""상의"", ""category3"": ""긴소매 티셔츠"", ""category3_code"": 268103102, ""is_new"": false, ""item_no"": 4225704, ""period_sort"": ""ONE_DAY"", ""platform"": ""29cm"", ""ranking_category_code"": ""268103100"", ""ranking_category_name"": ""여성의류>상의"", ""review_avg"": 5.0, ""sale_percent"": 0, ""sale_price"": 92000, ""sold_out"": false, ""url"": ""https://product.29cm.co.kr/catalog/4225704""}",2026-10-04T13:00:06+00:00_caa7d0f3
2026-10-04T22:00:06+09:00,2026-10-04T13:00:07+00:00,commerce_rank,슬럽 컷 오프 롱슬리브_4Color,29cm:4232628,heart_count,51.0,"{""brand_eng"": ""MOODINSIDE"", ""brand_kor"": ""무드인사이드"", ""brand_no"": 98995, ""category1"": ""남성의류"", ""category2"": ""상의"", ""category3"": ""긴소매 티셔츠"", ""category3_code"": 272103102, ""is_new"": false, ""item_no"": 4232628, ""period_sort"": ""ONE_DAY"", ""platform"": ""29cm"", ""ranking_category_code"": ""272103100"", ""ranking_category_name"": ""남성의류>상의"", ""review_avg"": 0.0, ""sale_percent"": 50, ""sale_price"": 29900, ""sold_out"": false, ""url"": ""https://product.29cm.co.kr/catalog/4232628""}",2026-10-04T13:00:06+00:00_caa7d0f3
2026-10-04T22:00:06+09:00,2026-10-04T13:00:07+00:00,commerce_rank,슬럽 컷 오프 롱슬리브_4Color,29cm:4232628,review_count,0.0,"{""brand_eng"": ""MOODINSIDE"", ""brand_kor"": ""무드인사이드"", ""brand_no"": 98995, ""category1"": ""남성의류"", ""category2"": ""상의"", ""category3"": ""긴소매 티셔츠"", ""category3_code"": 272103102, ""is_new"": false, ""item_no"": 4232628, ""period_sort"": ""ONE_DAY"", ""platform"": ""29cm"", ""ranking_category_code"": ""272103100"", ""ranking_category_name"": ""남성의류>상의"", ""review_avg"": 0.0, ""sale_percent"": 50, ""sale_price"": 29900, ""sold_out"": false, ""url"": ""https://product.29cm.co.kr/catalog/4232628""}",2026-10-04T13:00:06+00:00_caa7d0f3
2026-10-04T22:00:06+09:00,2026-10-04T13:00:07+00:00,commerce_rank,슬럽 컷 오프 롱슬리브_4Color,29cm:4232628@272103100,rank,20.0,"{""brand_eng"": ""MOODINSIDE"", ""brand_kor"": ""무드인사이드"", ""brand_no"": 98995, ""category1"": ""남성의류"", ""category2"": ""상의"", ""category3"": ""긴소매 티셔츠"", ""category3_code"": 272103102, ""is_new"": false, ""item_no"": 4232628, ""period_sort"": ""ONE_DAY"", ""platform"": ""29cm"", ""ranking_category_code"": ""272103100"", ""ranking_category_name"": ""남성의류>상의"", ""review_avg"": 0.0, ""sale_percent"": 50, ""sale_price"": 29900, ""sold_out"": false, ""url"": ""https://product.29cm.co.kr/catalog/4232628""}",2026-10-04T13:00:06+00:00_caa7d0f3
2026-10-04T22:00:06+09:00,2026-10-04T13:00:07+00:00,commerce_rank,써멀 탑 크루넥 롱 슬리브 티셔츠 블랙,29cm:4238728,heart_count,14.0,"{""brand_eng"": ""HANES"", ""brand_kor"": ""헤인즈"", ""brand_no"": 111528, ""category1"": ""여성의류"", ""category2"": ""상의"", ""category3"": ""긴소매 티셔츠"", ""category3_code"": 268103102, ""is_new"": false, ""item_no"": 4238728, ""period_sort"": ""ONE_DAY"", ""platform"": ""29cm"", ""ranking_category_code"": ""272103100"", ""ranking_category_name"": ""남성의류>상의"", ""review_avg"": 5.0, ""sale_percent"": 15, ""sale_price"": 39870, ""sold_out"": false, ""url"": ""https://product.29cm.co.kr/catalog/4238728""}",2026-10-04T13:00:06+00:00_caa7d0f3
2026-10-04T22:00:06+09:00,2026-10-04T13:00:07+00:00,commerce_rank,써멀 탑 크루넥 롱 슬리브 티셔츠 블랙,29cm:4238728,review_count,2.0,"{""brand_eng"": ""HANES"", ""brand_kor"": ""헤인즈"", ""brand_no"": 111528, ""category1"": ""여성의류"", ""category2"": ""상의"", ""category3"": ""긴소매 티셔츠"", ""category3_code"": 268103102, ""is_new"": false, ""item_no"": 4238728, ""period_sort"": ""ONE_DAY"", ""platform"": ""29cm"", ""ranking_category_code"": ""272103100"", ""ranking_category_name"": ""남성의류>상의"", ""review_avg"": 5.0, ""sale_percent"": 15, ""sale_price"": 39870, ""sold_out"": false, ""url"": ""https://product.29cm.co.kr/catalog/4238728""}",2026-10-04T13:00:06+00:00_caa7d0f3
2026-10-04T22:00:06+09:00,2026-10-04T13:00:07+00:00,commerce_rank,써멀 탑 크루넥 롱 슬리브 티셔츠 블랙,29cm:4238728@272103100,rank,30.0,"{""brand_eng"": ""HANES"", ""brand_kor"": ""헤인즈"", ""brand_no"": 111528, ""category1"": ""여성의류"", ""category2"": ""상의"", ""category3"": ""긴소매 티셔츠"", ""category3_code"": 268103102, ""is_new"": false, ""item_no"": 4238728, ""period_sort"": ""ONE_DAY"", ""platform"": ""29cm"", ""ranking_category_code"": ""272103100"", ""ranking_category_name"": ""남성의류>상의"", ""review_avg"": 5.0, ""sale_percent"": 15, ""sale_price"": 39870, ""sold_out"": false, ""url"": ""https://product.29cm.co.kr/catalog/4238728""}",2026-10-04T13:00:06+00:00_caa7d0f3
2026-10-04T22:00:06+09:00,2026-10-04T13:00:07+00:00,commerce_rank,써멀 탑 크루넥 롱 슬리브 티셔츠 화이트,29cm:4238731,heart_count,25.0,"{""brand_eng"": ""HANES"", ""brand_kor"": ""헤인즈"", ""brand_no"": 111528, ""category1"": ""여성의류"", ""category2"": ""상의"", ""category3"": ""긴소매 티셔츠"", ""category3_code"": 268103102, ""is_new"": false, ""item_no"": 4238731, ""period_sort"": ""ONE_DAY"", ""platform"": ""29cm"", ""ranking_category_code"": ""272103100"", ""ranking_category_name"": ""남성의류>상의"", ""review_avg"": 5.0, ""sale_percent"": 15, ""sale_price"": 39870, ""sold_out"": false, ""url"": ""https://product.29cm.co.kr/catalog/4238731""}",2026-10-04T13:00:06+00:00_caa7d0f3
2026-10-04T22:00:06+09:00,2026-10-04T13:00:07+00:00,commerce_rank,써멀 탑 크루넥 롱 슬리브 티셔츠 화이트,29cm:4238731,review_count,2.0,"{""brand_eng"": ""HANES"", ""brand_kor"": ""헤인즈"", ""brand_no"": 111528, ""category1"": ""여성의류"", ""category2"": ""상의"", ""category3"": ""긴소매 티셔츠"", ""category3_code"": 268103102, ""is_new"": false, ""item_no"": 4238731, ""period_sort"": ""ONE_DAY"", ""platform"": ""29cm"", ""ranking_category_code"": ""272103100"", ""ranking_category_name"": ""남성의류>상의"", ""review_avg"": 5.0, ""sale_percent"": 15, ""sale_price"": 39870, ""sold_out"": false, ""url"": ""https://product.29cm.co.kr/catalog/4238731""}",2026-10-04T13:00:06+00:00_caa7d0f3
2026-10-04T22:00:06+09:00,2026-10-04T13:00:07+00:00,commerce_rank,써멀 탑 크루넥 롱 슬리브 티셔츠 화이트,29cm:4238731@272103100,rank,39.0,"{""brand_eng"": ""HANES"", ""brand_kor"": ""헤인즈"", ""brand_no"": 111528, ""category1"": ""여성의류"", ""category2"": ""상의"", ""category3"": ""긴소매 티셔츠"", ""category3_code"": 268103102, ""is_new"": false, ""item_no"": 4238731, ""period_sort"": ""ONE_DAY"", ""platform"": ""29cm"", ""ranking_category_code"": ""272103100"", ""ranking_category_name"": ""남성의류>상의"", ""review_avg"": 5.0, ""sale_percent"": 15, ""sale_price"": 39870, ""sold_out"": false, ""url"": ""https://product.29cm.co.kr/catalog/4238731""}",2026-10-04T13:00:06+00:00_caa7d0f3
2026-10-04T22:00:06+09:00,2026-10-04T13:00:06+00:00,commerce_rank,[29CM 단독][곰송이 착용] flo striped t-shirt (3color),29cm:4264503,heart_count,173.0,"{""brand_eng"": ""MONOCHROME"", ""brand_kor"": ""모노크롬"", ""brand_no"": 9567, ""category1"": ""여성의류"", ""category2"": ""상의"", ""category3"": ""긴소매 티셔츠"", ""category3_code"": 268103102, ""is_new"": true, ""item_no"": 4264503, ""period_sort"": ""ONE_DAY"", ""platform"": ""29cm"", ""ranking_category_code"": ""268103100"", ""ranking_category_name"": ""여성의류>상의"", ""review_avg"": 0.0, ""sale_percent"": 36, ""sale_price"": 82560, ""sold_out"": false, ""url"": ""https://product.29cm.co.kr/catalog/4264503""}",2026-10-04T13:00:06+00:00_caa7d0f3
2026-10-04T22:00:06+09:00,2026-10-04T13:00:06+00:00,commerce_rank,[29CM 단독][곰송이 착용] flo striped t-shirt (3color),29cm:4264503,review_count,0.0,"{""brand_eng"": ""MONOCHROME"", ""brand_kor"": ""모노크롬"", ""brand_no"": 9567, ""category1"": ""여성의류"", ""category2"": ""상의"", ""category3"": ""긴소매 티셔츠"", ""category3_code"": 268103102, ""is_new"": true, ""item_no"": 4264503, ""period_sort"": ""ONE_DAY"", ""platform"": ""29cm"", ""ranking_category_code"": ""268103100"", ""ranking_category_name"": ""여성의류>상의"", ""review_avg"": 0.0, ""sale_percent"": 36, ""sale_price"": 82560, ""sold_out"": false, ""url"": ""https://product.29cm.co.kr/catalog/4264503""}",2026-10-04T13:00:06+00:00_caa7d0f3
2026-10-04T22:00:06+09:00,2026-10-04T13:00:06+00:00,commerce_rank,[29CM 단독][곰송이 착용] flo striped t-shirt (3color),29cm:4264503@268103100,rank,70.0,"{""brand_eng"": ""MONOCHROME"", ""brand_kor"": ""모노크롬"", ""brand_no"": 9567, ""category1"": ""여성의류"", ""category2"": ""상의"", ""category3"": ""긴소매 티셔츠"", ""category3_code"": 268103102, ""is_new"": true, ""item_no"": 4264503, ""period_sort"": ""ONE_DAY"", ""platform"": ""29cm"", ""ranking_category_code"": ""268103100"", ""ranking_category_name"": ""여성의류>상의"", ""review_avg"": 0.0, ""sale_percent"": 36, ""sale_price"": 82560, ""sold_out"": false, ""url"": ""https://product.29cm.co.kr/catalog/4264503""}",2026-10-04T13:00:06+00:00_caa7d0f3
2026-10-04T22:00:06+09:00,2026-10-04T13:00:07+00:00,commerce_rank,TAG OG HOODIE - BURGUNDY,29cm:4265715,heart_count,3.0,"{""brand_eng"": ""BROWNBREATH"", ""brand_kor"": ""브라운브레스"", ""brand_no"": 126619, ""category1"": ""여성의류"", ""category2"": ""상의"", ""category3"": ""긴소매 티셔츠"", ""category3_code"": 268103102, ""is_new"": true, ""item_no"": 4265715, ""period_sort"": ""ONE_DAY"", ""platform"": ""29cm"", ""ranking_category_code"": ""272103100"", ""ranking_category_name"": ""남성의류>상의"", ""review_avg"": 0.0, ""sale_percent"": 0, ""sale_price"": 89000, ""sold_out"": false, ""url"": ""https://product.29cm.co.kr/catalog/4265715""}",2026-10-04T13:00:06+00:00_caa7d0f3
2026-10-04T22:00:06+09:00,2026-10-04T13:00:07+00:00,commerce_rank,TAG OG HOODIE - BURGUNDY,29cm:4265715,review_count,0.0,"{""brand_eng"": ""BROWNBREATH"", ""brand_kor"": ""브라운브레스"", ""brand_no"": 126619, ""category1"": ""여성의류"", ""category2"": ""상의"", ""category3"": ""긴소매 티셔츠"", ""category3_code"": 268103102, ""is_new"": true, ""item_no"": 4265715, ""period_sort"": ""ONE_DAY"", ""platform"": ""29cm"", ""ranking_category_code"": ""272103100"", ""ranking_category_name"": ""남성의류>상의"", ""review_avg"": 0.0, ""sale_percent"": 0, ""sale_price"": 89000, ""sold_out"": false, ""url"": ""https://product.29cm.co.kr/catalog/4265715""}",2026-10-04T13:00:06+00:00_caa7d0f3
2026-10-04T22:00:06+09:00,2026-10-04T13:00:07+00:00,commerce_rank,TAG OG HOODIE - BURGUNDY,29cm:4265715@272103100,rank,47.0,"{""brand_eng"": ""BROWNBREATH"", ""brand_kor"": ""브라운브레스"", ""brand_no"": 126619, ""category1"": ""여성의류"", ""category2"": ""상의"", ""category3"": ""긴소매 티셔츠"", ""category3_code"": 268103102, ""is_new"": true, ""item_no"": 4265715, ""period_sort"": ""ONE_DAY"", ""platform"": ""29cm"", ""ranking_category_code"": ""272103100"", ""ranking_category_name"": ""남성의류>상의"", ""review_avg"": 0.0, ""sale_percent"": 0, ""sale_price"": 89000, ""sold_out"": false, ""url"": ""https://product.29cm.co.kr/catalog/4265715""}",2026-10-04T13:00:06+00:00_caa7d0f3
2026-10-04T22:00:06+09:00,2026-10-04T13:00:07+00:00,commerce_rank,Oversized Sweat Shirt (8color),29cm:642847,heart_count,6930.0,"{""brand_eng"": ""rough side"", ""brand_kor"": ""러프사이드"", ""brand_no"": 3821, ""category1"": ""남성의류"", ""category2"": ""상의"", ""category3"": ""스웨트셔츠"", ""category3_code"": 272103107, ""is_new"": false, ""item_no"": 642847, ""period_sort"": ""ONE_DAY"", ""platform"": ""29cm"", ""ranking_category_code"": ""272103100"", ""ranking_category_name"": ""남성의류>상의"", ""review_avg"": 5.0, ""sale_percent"": 0, ""sale_price"": 98000, ""sold_out"": false, ""url"": ""https://product.29cm.co.kr/catalog/642847""}",2026-10-04T13:00:06+00:00_caa7d0f3
2026-10-04T22:00:06+09:00,2026-10-04T13:00:07+00:00,commerce_rank,Oversized Sweat Shirt (8color),29cm:642847,review_count,839.0,"{""brand_eng"": ""rough side"", ""brand_kor"": ""러프사이드"", ""brand_no"": 3821, ""category1"": ""남성의류"", ""category2"": ""상의"", ""category3"": ""스웨트셔츠"", ""category3_code"": 272103107, ""is_new"": false, ""item_no"": 642847, ""period_sort"": ""ONE_DAY"", ""platform"": ""29cm"", ""ranking_category_code"": ""272103100"", ""ranking_category_name"": ""남성의류>상의"", ""review_avg"": 5.0, ""sale_percent"": 0, ""sale_price"": 98000, ""sold_out"": false, ""url"": ""https://product.29cm.co.kr/catalog/642847""}",2026-10-04T13:00:06+00:00_caa7d0f3
2026-10-04T22:00:06+09:00,2026-10-04T13:00:07+00:00,commerce_rank,Oversized Sweat Shirt (8color),29cm:642847@272103100,rank,19.0,"{""brand_eng"": ""rough side"", ""brand_kor"": ""러프사이드"", ""brand_no"": 3821, ""category1"": ""남성의류"", ""category2"": ""상의"", ""category3"": ""스웨트셔츠"", ""category3_code"": 272103107, ""is_new"": false, ""item_no"": 642847, ""period_sort"": ""ONE_DAY"", ""platform"": ""29cm"", ""ranking_category_code"": ""272103100"", ""ranking_category_name"": ""남성의류>상의"", ""review_avg"": 5.0, ""sale_percent"": 0, ""sale_price"": 98000, ""sold_out"": false, ""url"": ""https://product.29cm.co.kr/catalog/642847""}",2026-10-04T13:00:06+00:00_caa7d0f3
2026-10-04T22:00:06+09:00,2026-10-04T13:00:07+00:00,commerce_rank,[패키지]레이어드 롱나시 1+1패키지 HJST2072,29cm:955595,heart_count,215.0,"{""brand_eng"": ""JEMUT"", ""brand_kor"": ""제멋"", ""brand_no"": 8844, ""category1"": ""남성의류"", ""category2"": ""상의"", ""category3"": ""슬리브리스"", ""category3_code"": 272103103, ""is_new"": false, ""item_no"": 955595, ""period_sort"": ""ONE_DAY"", ""platform"": ""29cm"", ""ranking_category_code"": ""272103100"", ""ranking_category_name"": ""남성의류>상의"", ""review_avg"": 4.5, ""sale_percent"": 40, ""sale_price"": 28800, ""sold_out"": false, ""url"": ""https://product.29cm.co.kr/catalog/955595""}",2026-10-04T13:00:06+00:00_caa7d0f3
2026-10-04T22:00:06+09:00,2026-10-04T13:00:07+00:00,commerce_rank,[패키지]레이어드 롱나시 1+1패키지 HJST2072,29cm:955595,review_count,81.0,"{""brand_eng"": ""JEMUT"", ""brand_kor"": ""제멋"", ""brand_no"": 8844, ""category1"": ""남성의류"", ""category2"": ""상의"", ""category3"": ""슬리브리스"", ""category3_code"": 272103103, ""is_new"": false, ""item_no"": 955595, ""period_sort"": ""ONE_DAY"", ""platform"": ""29cm"", ""ranking_category_code"": ""272103100"", ""ranking_category_name"": ""남성의류>상의"", ""review_avg"": 4.5, ""sale_percent"": 40, ""sale_price"": 28800, ""sold_out"": false, ""url"": ""https://product.29cm.co.kr/catalog/955595""}",2026-10-04T13:00:06+00:00_caa7d0f3
2026-10-04T22:00:06+09:00,2026-10-04T13:00:07+00:00,commerce_rank,[패키지]레이어드 롱나시 1+1패키지 HJST2072,29cm:955595@272103100,rank,56.0,"{""brand_eng"": ""JEMUT"", ""brand_kor"": ""제멋"", ""brand_no"": 8844, ""category1"": ""남성의류"", ""category2"": ""상의"", ""category3"": ""슬리브리스"", ""category3_code"": 272103103, ""is_new"": false, ""item_no"": 955595, ""period_sort"": ""ONE_DAY"", ""platform"": ""29cm"", ""ranking_category_code"": ""272103100"", ""ranking_category_name"": ""남성의류>상의"", ""review_avg"": 4.5, ""sale_percent"": 40, ""sale_price"": 28800, ""sold_out"": false, ""url"": ""https://product.29cm.co.kr/catalog/955595""}",2026-10-04T13:00:06+00:00_caa7d0f3
