observed_at,collected_at,channel,keyword_raw,entity,metric_type,metric_value,metadata,run_id
2026-10-10T10:00:29+09:00,2026-10-10T01:00:31+00:00,commerce_rank,COZY HENLYNECK LONG SLEEVE [Cream],29cm:1230941,heart_count,248.0,"{""brand_eng"": ""VDR"", ""brand_kor"": ""비디알"", ""brand_no"": 4606, ""category1"": ""남성의류"", ""category2"": ""상의"", ""category3"": ""긴소매 티셔츠"", ""category3_code"": 272103102, ""is_new"": false, ""item_no"": 1230941, ""period_sort"": ""ONE_DAY"", ""platform"": ""29cm"", ""ranking_category_code"": ""272103100"", ""ranking_category_name"": ""남성의류>상의"", ""review_avg"": 5.0, ""sale_percent"": 10, ""sale_price"": 62100, ""sold_out"": false, ""url"": ""https://product.29cm.co.kr/catalog/1230941""}",2026-10-10T01:00:29+00:00_fea744f1
2026-10-10T10:00:29+09:00,2026-10-10T01:00:31+00:00,commerce_rank,COZY HENLYNECK LONG SLEEVE [Cream],29cm:1230941,review_count,27.0,"{""brand_eng"": ""VDR"", ""brand_kor"": ""비디알"", ""brand_no"": 4606, ""category1"": ""남성의류"", ""category2"": ""상의"", ""category3"": ""긴소매 티셔츠"", ""category3_code"": 272103102, ""is_new"": false, ""item_no"": 1230941, ""period_sort"": ""ONE_DAY"", ""platform"": ""29cm"", ""ranking_category_code"": ""272103100"", ""ranking_category_name"": ""남성의류>상의"", ""review_avg"": 5.0, ""sale_percent"": 10, ""sale_price"": 62100, ""sold_out"": false, ""url"": ""https://product.29cm.co.kr/catalog/1230941""}",2026-10-10T01:00:29+00:00_fea744f1
2026-10-10T10:00:29+09:00,2026-10-10T01:00:31+00:00,commerce_rank,COZY HENLYNECK LONG SLEEVE [Cream],29cm:1230941@272103100,rank,59.0,"{""brand_eng"": ""VDR"", ""brand_kor"": ""비디알"", ""brand_no"": 4606, ""category1"": ""남성의류"", ""category2"": ""상의"", ""category3"": ""긴소매 티셔츠"", ""category3_code"": 272103102, ""is_new"": false, ""item_no"": 1230941, ""period_sort"": ""ONE_DAY"", ""platform"": ""29cm"", ""ranking_category_code"": ""272103100"", ""ranking_category_name"": ""남성의류>상의"", ""review_avg"": 5.0, ""sale_percent"": 10, ""sale_price"": 62100, ""sold_out"": false, ""url"": ""https://product.29cm.co.kr/catalog/1230941""}",2026-10-10T01:00:29+00:00_fea744f1
2026-10-10T10:00:29+09:00,2026-10-10T01:00:31+00:00,commerce_rank,플루크 서프 클럽 피그먼트 슬리브리스 FSL104 / 4color,29cm:1581808,heart_count,846.0,"{""brand_eng"": ""FLUKE"", ""brand_kor"": ""플루크"", ""brand_no"": 7704, ""category1"": ""남성의류"", ""category2"": ""상의"", ""category3"": ""슬리브리스"", ""category3_code"": 272103103, ""is_new"": false, ""item_no"": 1581808, ""period_sort"": ""ONE_DAY"", ""platform"": ""29cm"", ""ranking_category_code"": ""272103100"", ""ranking_category_name"": ""남성의류>상의"", ""review_avg"": 5.0, ""sale_percent"": 30, ""sale_price"": 22800, ""sold_out"": false, ""url"": ""https://product.29cm.co.kr/catalog/1581808""}",2026-10-10T01:00:29+00:00_fea744f1
2026-10-10T10:00:29+09:00,2026-10-10T01:00:31+00:00,commerce_rank,플루크 서프 클럽 피그먼트 슬리브리스 FSL104 / 4color,29cm:1581808,review_count,195.0,"{""brand_eng"": ""FLUKE"", ""brand_kor"": ""플루크"", ""brand_no"": 7704, ""category1"": ""남성의류"", ""category2"": ""상의"", ""category3"": ""슬리브리스"", ""category3_code"": 272103103, ""is_new"": false, ""item_no"": 1581808, ""period_sort"": ""ONE_DAY"", ""platform"": ""29cm"", ""ranking_category_code"": ""272103100"", ""ranking_category_name"": ""남성의류>상의"", ""review_avg"": 5.0, ""sale_percent"": 30, ""sale_price"": 22800, ""sold_out"": false, ""url"": ""https://product.29cm.co.kr/catalog/1581808""}",2026-10-10T01:00:29+00:00_fea744f1
2026-10-10T10:00:29+09:00,2026-10-10T01:00:31+00:00,commerce_rank,플루크 서프 클럽 피그먼트 슬리브리스 FSL104 / 4color,29cm:1581808@272103100,rank,93.0,"{""brand_eng"": ""FLUKE"", ""brand_kor"": ""플루크"", ""brand_no"": 7704, ""category1"": ""남성의류"", ""category2"": ""상의"", ""category3"": ""슬리브리스"", ""category3_code"": 272103103, ""is_new"": false, ""item_no"": 1581808, ""period_sort"": ""ONE_DAY"", ""platform"": ""29cm"", ""ranking_category_code"": ""272103100"", ""ranking_category_name"": ""남성의류>상의"", ""review_avg"": 5.0, ""sale_percent"": 30, ""sale_price"": 22800, ""sold_out"": false, ""url"": ""https://product.29cm.co.kr/catalog/1581808""}",2026-10-10T01:00:29+00:00_fea744f1
2026-10-10T10:00:29+09:00,2026-10-10T01:00:31+00:00,commerce_rank,TG1-SH08 프렌치 스트라이프 셔츠 - [네이비],29cm:1678466,heart_count,6281.0,"{""brand_eng"": ""THOMAS MORE"", ""brand_kor"": ""토마스모어"", ""brand_no"": 2111, ""category1"": ""남성의류"", ""category2"": ""상의"", ""category3"": ""긴소매 셔츠"", ""category3_code"": 272103106, ""is_new"": false, ""item_no"": 1678466, ""period_sort"": ""ONE_DAY"", ""platform"": ""29cm"", ""ranking_category_code"": ""272103100"", ""ranking_category_name"": ""남성의류>상의"", ""review_avg"": 5.0, ""sale_percent"": 0, ""sale_price"": 59700, ""sold_out"": false, ""url"": ""https://product.29cm.co.kr/catalog/1678466""}",2026-10-10T01:00:29+00:00_fea744f1
2026-10-10T10:00:29+09:00,2026-10-10T01:00:31+00:00,commerce_rank,TG1-SH08 프렌치 스트라이프 셔츠 - [네이비],29cm:1678466,review_count,1714.0,"{""brand_eng"": ""THOMAS MORE"", ""brand_kor"": ""토마스모어"", ""brand_no"": 2111, ""category1"": ""남성의류"", ""category2"": ""상의"", ""category3"": ""긴소매 셔츠"", ""category3_code"": 272103106, ""is_new"": false, ""item_no"": 1678466, ""period_sort"": ""ONE_DAY"", ""platform"": ""29cm"", ""ranking_category_code"": ""272103100"", ""ranking_category_name"": ""남성의류>상의"", ""review_avg"": 5.0, ""sale_percent"": 0, ""sale_price"": 59700, ""sold_out"": false, ""url"": ""https://product.29cm.co.kr/catalog/1678466""}",2026-10-10T01:00:29+00:00_fea744f1
2026-10-10T10:00:29+09:00,2026-10-10T01:00:31+00:00,commerce_rank,TG1-SH08 프렌치 스트라이프 셔츠 - [네이비],29cm:1678466@272103100,rank,84.0,"{""brand_eng"": ""THOMAS MORE"", ""brand_kor"": ""토마스모어"", ""brand_no"": 2111, ""category1"": ""남성의류"", ""category2"": ""상의"", ""category3"": ""긴소매 셔츠"", ""category3_code"": 272103106, ""is_new"": false, ""item_no"": 1678466, ""period_sort"": ""ONE_DAY"", ""platform"": ""29cm"", ""ranking_category_code"": ""272103100"", ""ranking_category_name"": ""남성의류>상의"", ""review_avg"": 5.0, ""sale_percent"": 0, ""sale_price"": 59700, ""sold_out"": false, ""url"": ""https://product.29cm.co.kr/catalog/1678466""}",2026-10-10T01:00:29+00:00_fea744f1
2026-10-10T10:00:29+09:00,2026-10-10T01:00:31+00:00,commerce_rank,TG1-SH08 프렌치 스트라이프 셔츠 - [그레이 그린],29cm:1678501,heart_count,10446.0,"{""brand_eng"": ""THOMAS MORE"", ""brand_kor"": ""토마스모어"", ""brand_no"": 2111, ""category1"": ""남성의류"", ""category2"": ""상의"", ""category3"": ""긴소매 셔츠"", ""category3_code"": 272103106, ""is_new"": false, ""item_no"": 1678501, ""period_sort"": ""ONE_DAY"", ""platform"": ""29cm"", ""ranking_category_code"": ""272103100"", ""ranking_category_name"": ""남성의류>상의"", ""review_avg"": 5.0, ""sale_percent"": 0, ""sale_price"": 59700, ""sold_out"": false, ""url"": ""https://product.29cm.co.kr/catalog/1678501""}",2026-10-10T01:00:29+00:00_fea744f1
2026-10-10T10:00:29+09:00,2026-10-10T01:00:31+00:00,commerce_rank,TG1-SH08 프렌치 스트라이프 셔츠 - [그레이 그린],29cm:1678501,review_count,1601.0,"{""brand_eng"": ""THOMAS MORE"", ""brand_kor"": ""토마스모어"", ""brand_no"": 2111, ""category1"": ""남성의류"", ""category2"": ""상의"", ""category3"": ""긴소매 셔츠"", ""category3_code"": 272103106, ""is_new"": false, ""item_no"": 1678501, ""period_sort"": ""ONE_DAY"", ""platform"": ""29cm"", ""ranking_category_code"": ""272103100"", ""ranking_category_name"": ""남성의류>상의"", ""review_avg"": 5.0, ""sale_percent"": 0, ""sale_price"": 59700, ""sold_out"": false, ""url"": ""https://product.29cm.co.kr/catalog/1678501""}",2026-10-10T01:00:29+00:00_fea744f1
2026-10-10T10:00:29+09:00,2026-10-10T01:00:31+00:00,commerce_rank,TG1-SH08 프렌치 스트라이프 셔츠 - [그레이 그린],29cm:1678501@272103100,rank,27.0,"{""brand_eng"": ""THOMAS MORE"", ""brand_kor"": ""토마스모어"", ""brand_no"": 2111, ""category1"": ""남성의류"", ""category2"": ""상의"", ""category3"": ""긴소매 셔츠"", ""category3_code"": 272103106, ""is_new"": false, ""item_no"": 1678501, ""period_sort"": ""ONE_DAY"", ""platform"": ""29cm"", ""ranking_category_code"": ""272103100"", ""ranking_category_name"": ""남성의류>상의"", ""review_avg"": 5.0, ""sale_percent"": 0, ""sale_price"": 59700, ""sold_out"": false, ""url"": ""https://product.29cm.co.kr/catalog/1678501""}",2026-10-10T01:00:29+00:00_fea744f1
2026-10-10T10:00:29+09:00,2026-10-10T01:00:31+00:00,commerce_rank,TF5-SH07 페이퍼셔츠 (12 Color),29cm:1911054,heart_count,66320.0,"{""brand_eng"": ""THOMAS MORE"", ""brand_kor"": ""토마스모어"", ""brand_no"": 2111, ""category1"": ""남성의류"", ""category2"": ""상의"", ""category3"": ""긴소매 셔츠"", ""category3_code"": 272103106, ""is_new"": false, ""item_no"": 1911054, ""period_sort"": ""ONE_DAY"", ""platform"": ""29cm"", ""ranking_category_code"": ""272103100"", ""ranking_category_name"": ""남성의류>상의"", ""review_avg"": 5.0, ""sale_percent"": 20, ""sale_price"": 47760, ""sold_out"": false, ""url"": ""https://product.29cm.co.kr/catalog/1911054""}",2026-10-10T01:00:29+00:00_fea744f1
2026-10-10T10:00:29+09:00,2026-10-10T01:00:31+00:00,commerce_rank,TF5-SH07 페이퍼셔츠 (12 Color),29cm:1911054,review_count,21895.0,"{""brand_eng"": ""THOMAS MORE"", ""brand_kor"": ""토마스모어"", ""brand_no"": 2111, ""category1"": ""남성의류"", ""category2"": ""상의"", ""category3"": ""긴소매 셔츠"", ""category3_code"": 272103106, ""is_new"": false, ""item_no"": 1911054, ""period_sort"": ""ONE_DAY"", ""platform"": ""29cm"", ""ranking_category_code"": ""272103100"", ""ranking_category_name"": ""남성의류>상의"", ""review_avg"": 5.0, ""sale_percent"": 20, ""sale_price"": 47760, ""sold_out"": false, ""url"": ""https://product.29cm.co.kr/catalog/1911054""}",2026-10-10T01:00:29+00:00_fea744f1
2026-10-10T10:00:29+09:00,2026-10-10T01:00:31+00:00,commerce_rank,TF5-SH07 페이퍼셔츠 (12 Color),29cm:1911054@272103100,rank,57.0,"{""brand_eng"": ""THOMAS MORE"", ""brand_kor"": ""토마스모어"", ""brand_no"": 2111, ""category1"": ""남성의류"", ""category2"": ""상의"", ""category3"": ""긴소매 셔츠"", ""category3_code"": 272103106, ""is_new"": false, ""item_no"": 1911054, ""period_sort"": ""ONE_DAY"", ""platform"": ""29cm"", ""ranking_category_code"": ""272103100"", ""ranking_category_name"": ""남성의류>상의"", ""review_avg"": 5.0, ""sale_percent"": 20, ""sale_price"": 47760, ""sold_out"": false, ""url"": ""https://product.29cm.co.kr/catalog/1911054""}",2026-10-10T01:00:29+00:00_fea744f1
2026-10-10T10:00:29+09:00,2026-10-10T01:00:31+00:00,commerce_rank,[논 아이롱] 뱀부 레귤러 카라 셔츠,29cm:1939165,heart_count,80.0,"{""brand_eng"": ""PRODE SHIRT"", ""brand_kor"": ""프로드셔츠"", ""brand_no"": 10939, ""category1"": ""남성의류"", ""category2"": ""상의"", ""category3"": ""긴소매 셔츠"", ""category3_code"": 272103106, ""is_new"": false, ""item_no"": 1939165, ""period_sort"": ""ONE_DAY"", ""platform"": ""29cm"", ""ranking_category_code"": ""272103100"", ""ranking_category_name"": ""남성의류>상의"", ""review_avg"": 5.0, ""sale_percent"": 0, ""sale_price"": 128000, ""sold_out"": false, ""url"": ""https://product.29cm.co.kr/catalog/1939165""}",2026-10-10T01:00:29+00:00_fea744f1
2026-10-10T10:00:29+09:00,2026-10-10T01:00:31+00:00,commerce_rank,[논 아이롱] 뱀부 레귤러 카라 셔츠,29cm:1939165,review_count,7.0,"{""brand_eng"": ""PRODE SHIRT"", ""brand_kor"": ""프로드셔츠"", ""brand_no"": 10939, ""category1"": ""남성의류"", ""category2"": ""상의"", ""category3"": ""긴소매 셔츠"", ""category3_code"": 272103106, ""is_new"": false, ""item_no"": 1939165, ""period_sort"": ""ONE_DAY"", ""platform"": ""29cm"", ""ranking_category_code"": ""272103100"", ""ranking_category_name"": ""남성의류>상의"", ""review_avg"": 5.0, ""sale_percent"": 0, ""sale_price"": 128000, ""sold_out"": false, ""url"": ""https://product.29cm.co.kr/catalog/1939165""}",2026-10-10T01:00:29+00:00_fea744f1
2026-10-10T10:00:29+09:00,2026-10-10T01:00:31+00:00,commerce_rank,[논 아이롱] 뱀부 레귤러 카라 셔츠,29cm:1939165@272103100,rank,76.0,"{""brand_eng"": ""PRODE SHIRT"", ""brand_kor"": ""프로드셔츠"", ""brand_no"": 10939, ""category1"": ""남성의류"", ""category2"": ""상의"", ""category3"": ""긴소매 셔츠"", ""category3_code"": 272103106, ""is_new"": false, ""item_no"": 1939165, ""period_sort"": ""ONE_DAY"", ""platform"": ""29cm"", ""ranking_category_code"": ""272103100"", ""ranking_category_name"": ""남성의류>상의"", ""review_avg"": 5.0, ""sale_percent"": 0, ""sale_price"": 128000, ""sold_out"": false, ""url"": ""https://product.29cm.co.kr/catalog/1939165""}",2026-10-10T01:00:29+00:00_fea744f1
2026-10-10T10:00:29+09:00,2026-10-10T01:00:29+00:00,commerce_rank,Warmer T-Shirts - 9Colors,29cm:2248441,heart_count,17104.0,"{""brand_eng"": ""movewarm"", ""brand_kor"": ""무브웜"", ""brand_no"": 18801, ""category1"": ""여성의류"", ""category2"": ""상의"", ""category3"": ""긴소매 티셔츠"", ""category3_code"": 268103102, ""is_new"": false, ""item_no"": 2248441, ""period_sort"": ""ONE_DAY"", ""platform"": ""29cm"", ""ranking_category_code"": ""268103100"", ""ranking_category_name"": ""여성의류>상의"", ""review_avg"": 5.0, ""sale_percent"": 0, ""sale_price"": 39000, ""sold_out"": false, ""url"": ""https://product.29cm.co.kr/catalog/2248441""}",2026-10-10T01:00:29+00:00_fea744f1
2026-10-10T10:00:29+09:00,2026-10-10T01:00:29+00:00,commerce_rank,Warmer T-Shirts - 9Colors,29cm:2248441,review_count,1736.0,"{""brand_eng"": ""movewarm"", ""brand_kor"": ""무브웜"", ""brand_no"": 18801, ""category1"": ""여성의류"", ""category2"": ""상의"", ""category3"": ""긴소매 티셔츠"", ""category3_code"": 268103102, ""is_new"": false, ""item_no"": 2248441, ""period_sort"": ""ONE_DAY"", ""platform"": ""29cm"", ""ranking_category_code"": ""268103100"", ""ranking_category_name"": ""여성의류>상의"", ""review_avg"": 5.0, ""sale_percent"": 0, ""sale_price"": 39000, ""sold_out"": false, ""url"": ""https://product.29cm.co.kr/catalog/2248441""}",2026-10-10T01:00:29+00:00_fea744f1
2026-10-10T10:00:29+09:00,2026-10-10T01:00:29+00:00,commerce_rank,Warmer T-Shirts - 9Colors,29cm:2248441@268103100,rank,83.0,"{""brand_eng"": ""movewarm"", ""brand_kor"": ""무브웜"", ""brand_no"": 18801, ""category1"": ""여성의류"", ""category2"": ""상의"", ""category3"": ""긴소매 티셔츠"", ""category3_code"": 268103102, ""is_new"": false, ""item_no"": 2248441, ""period_sort"": ""ONE_DAY"", ""platform"": ""29cm"", ""ranking_category_code"": ""268103100"", ""ranking_category_name"": ""여성의류>상의"", ""review_avg"": 5.0, ""sale_percent"": 0, ""sale_price"": 39000, ""sold_out"": false, ""url"": ""https://product.29cm.co.kr/catalog/2248441""}",2026-10-10T01:00:29+00:00_fea744f1
2026-10-10T10:00:29+09:00,2026-10-10T01:00:29+00:00,commerce_rank,stripe shirring volume blouse (3color),29cm:2460779,heart_count,18704.0,"{""brand_eng"": ""LINGSEOUL"", ""brand_kor"": ""링서울"", ""brand_no"": 11849, ""category1"": ""여성의류"", ""category2"": ""상의"", ""category3"": ""블라우스"", ""category3_code"": 268103107, ""is_new"": false, ""item_no"": 2460779, ""period_sort"": ""ONE_DAY"", ""platform"": ""29cm"", ""ranking_category_code"": ""268103100"", ""ranking_category_name"": ""여성의류>상의"", ""review_avg"": 5.0, ""sale_percent"": 23, ""sale_price"": 65950, ""sold_out"": false, ""url"": ""https://product.29cm.co.kr/catalog/2460779""}",2026-10-10T01:00:29+00:00_fea744f1
2026-10-10T10:00:29+09:00,2026-10-10T01:00:29+00:00,commerce_rank,stripe shirring volume blouse (3color),29cm:2460779,review_count,1271.0,"{""brand_eng"": ""LINGSEOUL"", ""brand_kor"": ""링서울"", ""brand_no"": 11849, ""category1"": ""여성의류"", ""category2"": ""상의"", ""category3"": ""블라우스"", ""category3_code"": 268103107, ""is_new"": false, ""item_no"": 2460779, ""period_sort"": ""ONE_DAY"", ""platform"": ""29cm"", ""ranking_category_code"": ""268103100"", ""ranking_category_name"": ""여성의류>상의"", ""review_avg"": 5.0, ""sale_percent"": 23, ""sale_price"": 65950, ""sold_out"": false, ""url"": ""https://product.29cm.co.kr/catalog/2460779""}",2026-10-10T01:00:29+00:00_fea744f1
2026-10-10T10:00:29+09:00,2026-10-10T01:00:29+00:00,commerce_rank,stripe shirring volume blouse (3color),29cm:2460779@268103100,rank,23.0,"{""brand_eng"": ""LINGSEOUL"", ""brand_kor"": ""링서울"", ""brand_no"": 11849, ""category1"": ""여성의류"", ""category2"": ""상의"", ""category3"": ""블라우스"", ""category3_code"": 268103107, ""is_new"": false, ""item_no"": 2460779, ""period_sort"": ""ONE_DAY"", ""platform"": ""29cm"", ""ranking_category_code"": ""268103100"", ""ranking_category_name"": ""여성의류>상의"", ""review_avg"": 5.0, ""sale_percent"": 23, ""sale_price"": 65950, ""sold_out"": false, ""url"": ""https://product.29cm.co.kr/catalog/2460779""}",2026-10-10T01:00:29+00:00_fea744f1
2026-10-10T10:00:29+09:00,2026-10-10T01:00:29+00:00,commerce_rank,[1+1] cotton round top (7color),29cm:2460804,heart_count,8235.0,"{""brand_eng"": ""LINGSEOUL"", ""brand_kor"": ""링서울"", ""brand_no"": 11849, ""category1"": ""여성의류"", ""category2"": ""상의"", ""category3"": ""반소매 티셔츠"", ""category3_code"": 268103101, ""is_new"": false, ""item_no"": 2460804, ""period_sort"": ""ONE_DAY"", ""platform"": ""29cm"", ""ranking_category_code"": ""268103100"", ""ranking_category_name"": ""여성의류>상의"", ""review_avg"": 5.0, ""sale_percent"": 19, ""sale_price"": 47650, ""sold_out"": false, ""url"": ""https://product.29cm.co.kr/catalog/2460804""}",2026-10-10T01:00:29+00:00_fea744f1
2026-10-10T10:00:29+09:00,2026-10-10T01:00:29+00:00,commerce_rank,[1+1] cotton round top (7color),29cm:2460804,review_count,957.0,"{""brand_eng"": ""LINGSEOUL"", ""brand_kor"": ""링서울"", ""brand_no"": 11849, ""category1"": ""여성의류"", ""category2"": ""상의"", ""category3"": ""반소매 티셔츠"", ""category3_code"": 268103101, ""is_new"": false, ""item_no"": 2460804, ""period_sort"": ""ONE_DAY"", ""platform"": ""29cm"", ""ranking_category_code"": ""268103100"", ""ranking_category_name"": ""여성의류>상의"", ""review_avg"": 5.0, ""sale_percent"": 19, ""sale_price"": 47650, ""sold_out"": false, ""url"": ""https://product.29cm.co.kr/catalog/2460804""}",2026-10-10T01:00:29+00:00_fea744f1
2026-10-10T10:00:29+09:00,2026-10-10T01:00:29+00:00,commerce_rank,[1+1] cotton round top (7color),29cm:2460804@268103100,rank,57.0,"{""brand_eng"": ""LINGSEOUL"", ""brand_kor"": ""링서울"", ""brand_no"": 11849, ""category1"": ""여성의류"", ""category2"": ""상의"", ""category3"": ""반소매 티셔츠"", ""category3_code"": 268103101, ""is_new"": false, ""item_no"": 2460804, ""period_sort"": ""ONE_DAY"", ""platform"": ""29cm"", ""ranking_category_code"": ""268103100"", ""ranking_category_name"": ""여성의류>상의"", ""review_avg"": 5.0, ""sale_percent"": 19, ""sale_price"": 47650, ""sold_out"": false, ""url"": ""https://product.29cm.co.kr/catalog/2460804""}",2026-10-10T01:00:29+00:00_fea744f1
2026-10-10T10:00:29+09:00,2026-10-10T01:00:29+00:00,commerce_rank,Boat-neck Color Patch Tee (Cream/Blue),29cm:2469578,heart_count,7700.0,"{""brand_eng"": ""GREENBUTTER"", ""brand_kor"": ""그린버터"", ""brand_no"": 19819, ""category1"": ""여성의류"", ""category2"": ""상의"", ""category3"": ""긴소매 티셔츠"", ""category3_code"": 268103102, ""is_new"": false, ""item_no"": 2469578, ""period_sort"": ""ONE_DAY"", ""platform"": ""29cm"", ""ranking_category_code"": ""268103100"", ""ranking_category_name"": ""여성의류>상의"", ""review_avg"": 5.0, ""sale_percent"": 19, ""sale_price"": 42120, ""sold_out"": false, ""url"": ""https://product.29cm.co.kr/catalog/2469578""}",2026-10-10T01:00:29+00:00_fea744f1
2026-10-10T10:00:29+09:00,2026-10-10T01:00:29+00:00,commerce_rank,Boat-neck Color Patch Tee (Cream/Blue),29cm:2469578,review_count,772.0,"{""brand_eng"": ""GREENBUTTER"", ""brand_kor"": ""그린버터"", ""brand_no"": 19819, ""category1"": ""여성의류"", ""category2"": ""상의"", ""category3"": ""긴소매 티셔츠"", ""category3_code"": 268103102, ""is_new"": false, ""item_no"": 2469578, ""period_sort"": ""ONE_DAY"", ""platform"": ""29cm"", ""ranking_category_code"": ""268103100"", ""ranking_category_name"": ""여성의류>상의"", ""review_avg"": 5.0, ""sale_percent"": 19, ""sale_price"": 42120, ""sold_out"": false, ""url"": ""https://product.29cm.co.kr/catalog/2469578""}",2026-10-10T01:00:29+00:00_fea744f1
2026-10-10T10:00:29+09:00,2026-10-10T01:00:29+00:00,commerce_rank,Boat-neck Color Patch Tee (Cream/Blue),29cm:2469578@268103100,rank,25.0,"{""brand_eng"": ""GREENBUTTER"", ""brand_kor"": ""그린버터"", ""brand_no"": 19819, ""category1"": ""여성의류"", ""category2"": ""상의"", ""category3"": ""긴소매 티셔츠"", ""category3_code"": 268103102, ""is_new"": false, ""item_no"": 2469578, ""period_sort"": ""ONE_DAY"", ""platform"": ""29cm"", ""ranking_category_code"": ""268103100"", ""ranking_category_name"": ""여성의류>상의"", ""review_avg"": 5.0, ""sale_percent"": 19, ""sale_price"": 42120, ""sold_out"": false, ""url"": ""https://product.29cm.co.kr/catalog/2469578""}",2026-10-10T01:00:29+00:00_fea744f1
2026-10-10T10:00:29+09:00,2026-10-10T01:00:31+00:00,commerce_rank,히트기어 아머 컴프레션 긴팔 1361524-001,29cm:2480471,heart_count,65.0,"{""brand_eng"": ""UNDERARMOUR"", ""brand_kor"": ""언더아머"", ""brand_no"": 37578, ""category1"": ""남성의류"", ""category2"": ""상의"", ""category3"": ""긴소매 티셔츠"", ""category3_code"": 272103102, ""is_new"": false, ""item_no"": 2480471, ""period_sort"": ""ONE_DAY"", ""platform"": ""29cm"", ""ranking_category_code"": ""272103100"", ""ranking_category_name"": ""남성의류>상의"", ""review_avg"": 5.0, ""sale_percent"": 26, ""sale_price"": 36460, ""sold_out"": false, ""url"": ""https://product.29cm.co.kr/catalog/2480471""}",2026-10-10T01:00:29+00:00_fea744f1
2026-10-10T10:00:29+09:00,2026-10-10T01:00:31+00:00,commerce_rank,히트기어 아머 컴프레션 긴팔 1361524-001,29cm:2480471,review_count,12.0,"{""brand_eng"": ""UNDERARMOUR"", ""brand_kor"": ""언더아머"", ""brand_no"": 37578, ""category1"": ""남성의류"", ""category2"": ""상의"", ""category3"": ""긴소매 티셔츠"", ""category3_code"": 272103102, ""is_new"": false, ""item_no"": 2480471, ""period_sort"": ""ONE_DAY"", ""platform"": ""29cm"", ""ranking_category_code"": ""272103100"", ""ranking_category_name"": ""남성의류>상의"", ""review_avg"": 5.0, ""sale_percent"": 26, ""sale_price"": 36460, ""sold_out"": false, ""url"": ""https://product.29cm.co.kr/catalog/2480471""}",2026-10-10T01:00:29+00:00_fea744f1
2026-10-10T10:00:29+09:00,2026-10-10T01:00:31+00:00,commerce_rank,히트기어 아머 컴프레션 긴팔 1361524-001,29cm:2480471@272103100,rank,89.0,"{""brand_eng"": ""UNDERARMOUR"", ""brand_kor"": ""언더아머"", ""brand_no"": 37578, ""category1"": ""남성의류"", ""category2"": ""상의"", ""category3"": ""긴소매 티셔츠"", ""category3_code"": 272103102, ""is_new"": false, ""item_no"": 2480471, ""period_sort"": ""ONE_DAY"", ""platform"": ""29cm"", ""ranking_category_code"": ""272103100"", ""ranking_category_name"": ""남성의류>상의"", ""review_avg"": 5.0, ""sale_percent"": 26, ""sale_price"": 36460, ""sold_out"": false, ""url"": ""https://product.29cm.co.kr/catalog/2480471""}",2026-10-10T01:00:29+00:00_fea744f1
2026-10-10T10:00:29+09:00,2026-10-10T01:00:31+00:00,commerce_rank,THOMAS MASON 스탠다드 셔츠 블루,29cm:2622468,heart_count,3.0,"{""brand_eng"": ""MANNERGRAM"", ""brand_kor"": ""매너그램"", ""brand_no"": 1575, ""category1"": ""남성의류"", ""category2"": ""상의"", ""category3"": ""긴소매 셔츠"", ""category3_code"": 272103106, ""is_new"": false, ""item_no"": 2622468, ""period_sort"": ""ONE_DAY"", ""platform"": ""29cm"", ""ranking_category_code"": ""272103100"", ""ranking_category_name"": ""남성의류>상의"", ""review_avg"": 0.0, ""sale_percent"": 0, ""sale_price"": 210000, ""sold_out"": false, ""url"": ""https://product.29cm.co.kr/catalog/2622468""}",2026-10-10T01:00:29+00:00_fea744f1
2026-10-10T10:00:29+09:00,2026-10-10T01:00:31+00:00,commerce_rank,THOMAS MASON 스탠다드 셔츠 블루,29cm:2622468,review_count,0.0,"{""brand_eng"": ""MANNERGRAM"", ""brand_kor"": ""매너그램"", ""brand_no"": 1575, ""category1"": ""남성의류"", ""category2"": ""상의"", ""category3"": ""긴소매 셔츠"", ""category3_code"": 272103106, ""is_new"": false, ""item_no"": 2622468, ""period_sort"": ""ONE_DAY"", ""platform"": ""29cm"", ""ranking_category_code"": ""272103100"", ""ranking_category_name"": ""남성의류>상의"", ""review_avg"": 0.0, ""sale_percent"": 0, ""sale_price"": 210000, ""sold_out"": false, ""url"": ""https://product.29cm.co.kr/catalog/2622468""}",2026-10-10T01:00:29+00:00_fea744f1
2026-10-10T10:00:29+09:00,2026-10-10T01:00:31+00:00,commerce_rank,THOMAS MASON 스탠다드 셔츠 블루,29cm:2622468@272103100,rank,79.0,"{""brand_eng"": ""MANNERGRAM"", ""brand_kor"": ""매너그램"", ""brand_no"": 1575, ""category1"": ""남성의류"", ""category2"": ""상의"", ""category3"": ""긴소매 셔츠"", ""category3_code"": 272103106, ""is_new"": false, ""item_no"": 2622468, ""period_sort"": ""ONE_DAY"", ""platform"": ""29cm"", ""ranking_category_code"": ""272103100"", ""ranking_category_name"": ""남성의류>상의"", ""review_avg"": 0.0, ""sale_percent"": 0, ""sale_price"": 210000, ""sold_out"": false, ""url"": ""https://product.29cm.co.kr/catalog/2622468""}",2026-10-10T01:00:29+00:00_fea744f1
2026-10-10T10:00:29+09:00,2026-10-10T01:00:31+00:00,commerce_rank,스트라이프 긴팔 티셔츠 Cocoa (S24FMFTL12),29cm:2737443,heart_count,25.0,"{""brand_eng"": ""SNOWPEAK APPAREL"", ""brand_kor"": ""스노우피크 어패럴"", ""brand_no"": 13868, ""category1"": ""남성의류"", ""category2"": ""상의"", ""category3"": ""긴소매 티셔츠"", ""category3_code"": 272103102, ""is_new"": false, ""item_no"": 2737443, ""period_sort"": ""ONE_DAY"", ""platform"": ""29cm"", ""ranking_category_code"": ""272103100"", ""ranking_category_name"": ""남성의류>상의"", ""review_avg"": 5.0, ""sale_percent"": 38, ""sale_price"": 49000, ""sold_out"": false, ""url"": ""https://product.29cm.co.kr/catalog/2737443""}",2026-10-10T01:00:29+00:00_fea744f1
2026-10-10T10:00:29+09:00,2026-10-10T01:00:31+00:00,commerce_rank,스트라이프 긴팔 티셔츠 Cocoa (S24FMFTL12),29cm:2737443,review_count,9.0,"{""brand_eng"": ""SNOWPEAK APPAREL"", ""brand_kor"": ""스노우피크 어패럴"", ""brand_no"": 13868, ""category1"": ""남성의류"", ""category2"": ""상의"", ""category3"": ""긴소매 티셔츠"", ""category3_code"": 272103102, ""is_new"": false, ""item_no"": 2737443, ""period_sort"": ""ONE_DAY"", ""platform"": ""29cm"", ""ranking_category_code"": ""272103100"", ""ranking_category_name"": ""남성의류>상의"", ""review_avg"": 5.0, ""sale_percent"": 38, ""sale_price"": 49000, ""sold_out"": false, ""url"": ""https://product.29cm.co.kr/catalog/2737443""}",2026-10-10T01:00:29+00:00_fea744f1
2026-10-10T10:00:29+09:00,2026-10-10T01:00:31+00:00,commerce_rank,스트라이프 긴팔 티셔츠 Cocoa (S24FMFTL12),29cm:2737443@272103100,rank,82.0,"{""brand_eng"": ""SNOWPEAK APPAREL"", ""brand_kor"": ""스노우피크 어패럴"", ""brand_no"": 13868, ""category1"": ""남성의류"", ""category2"": ""상의"", ""category3"": ""긴소매 티셔츠"", ""category3_code"": 272103102, ""is_new"": false, ""item_no"": 2737443, ""period_sort"": ""ONE_DAY"", ""platform"": ""29cm"", ""ranking_category_code"": ""272103100"", ""ranking_category_name"": ""남성의류>상의"", ""review_avg"": 5.0, ""sale_percent"": 38, ""sale_price"": 49000, ""sold_out"": false, ""url"": ""https://product.29cm.co.kr/catalog/2737443""}",2026-10-10T01:00:29+00:00_fea744f1
2026-10-10T10:00:29+09:00,2026-10-10T01:00:29+00:00,commerce_rank,빅 트위치 로고 후드 티셔츠 오트밀,29cm:2737573,heart_count,650.0,"{""brand_eng"": ""Lee"", ""brand_kor"": ""리"", ""brand_no"": 15263, ""category1"": ""남성의류"", ""category2"": ""상의"", ""category3"": ""후디"", ""category3_code"": 272103108, ""is_new"": false, ""item_no"": 2737573, ""period_sort"": ""ONE_DAY"", ""platform"": ""29cm"", ""ranking_category_code"": ""268103100"", ""ranking_category_name"": ""여성의류>상의"", ""review_avg"": 5.0, ""sale_percent"": 63, ""sale_price"": 28980, ""sold_out"": false, ""url"": ""https://product.29cm.co.kr/catalog/2737573""}",2026-10-10T01:00:29+00:00_fea744f1
2026-10-10T10:00:29+09:00,2026-10-10T01:00:29+00:00,commerce_rank,빅 트위치 로고 후드 티셔츠 오트밀,29cm:2737573,review_count,35.0,"{""brand_eng"": ""Lee"", ""brand_kor"": ""리"", ""brand_no"": 15263, ""category1"": ""남성의류"", ""category2"": ""상의"", ""category3"": ""후디"", ""category3_code"": 272103108, ""is_new"": false, ""item_no"": 2737573, ""period_sort"": ""ONE_DAY"", ""platform"": ""29cm"", ""ranking_category_code"": ""268103100"", ""ranking_category_name"": ""여성의류>상의"", ""review_avg"": 5.0, ""sale_percent"": 63, ""sale_price"": 28980, ""sold_out"": false, ""url"": ""https://product.29cm.co.kr/catalog/2737573""}",2026-10-10T01:00:29+00:00_fea744f1
2026-10-10T10:00:29+09:00,2026-10-10T01:00:29+00:00,commerce_rank,빅 트위치 로고 후드 티셔츠 오트밀,29cm:2737573@268103100,rank,51.0,"{""brand_eng"": ""Lee"", ""brand_kor"": ""리"", ""brand_no"": 15263, ""category1"": ""남성의류"", ""category2"": ""상의"", ""category3"": ""후디"", ""category3_code"": 272103108, ""is_new"": false, ""item_no"": 2737573, ""period_sort"": ""ONE_DAY"", ""platform"": ""29cm"", ""ranking_category_code"": ""268103100"", ""ranking_category_name"": ""여성의류>상의"", ""review_avg"": 5.0, ""sale_percent"": 63, ""sale_price"": 28980, ""sold_out"": false, ""url"": ""https://product.29cm.co.kr/catalog/2737573""}",2026-10-10T01:00:29+00:00_fea744f1
2026-10-10T10:00:29+09:00,2026-10-10T01:00:29+00:00,commerce_rank,Essential Boat Neck Tee_4 Colors,29cm:2746755,heart_count,28949.0,"{""brand_eng"": ""ARTTO"", ""brand_kor"": ""아르토"", ""brand_no"": 57017, ""category1"": ""여성의류"", ""category2"": ""단독"", ""category3"": ""상의"", ""category3_code"": 268116101, ""is_new"": false, ""item_no"": 2746755, ""period_sort"": ""ONE_DAY"", ""platform"": ""29cm"", ""ranking_category_code"": ""268103100"", ""ranking_category_name"": ""여성의류>상의"", ""review_avg"": 5.0, ""sale_percent"": 0, ""sale_price"": 36000, ""sold_out"": false, ""url"": ""https://product.29cm.co.kr/catalog/2746755""}",2026-10-10T01:00:29+00:00_fea744f1
2026-10-10T10:00:29+09:00,2026-10-10T01:00:29+00:00,commerce_rank,Essential Boat Neck Tee_4 Colors,29cm:2746755,review_count,2039.0,"{""brand_eng"": ""ARTTO"", ""brand_kor"": ""아르토"", ""brand_no"": 57017, ""category1"": ""여성의류"", ""category2"": ""단독"", ""category3"": ""상의"", ""category3_code"": 268116101, ""is_new"": false, ""item_no"": 2746755, ""period_sort"": ""ONE_DAY"", ""platform"": ""29cm"", ""ranking_category_code"": ""268103100"", ""ranking_category_name"": ""여성의류>상의"", ""review_avg"": 5.0, ""sale_percent"": 0, ""sale_price"": 36000, ""sold_out"": false, ""url"": ""https://product.29cm.co.kr/catalog/2746755""}",2026-10-10T01:00:29+00:00_fea744f1
2026-10-10T10:00:29+09:00,2026-10-10T01:00:29+00:00,commerce_rank,Essential Boat Neck Tee_4 Colors,29cm:2746755@268103100,rank,46.0,"{""brand_eng"": ""ARTTO"", ""brand_kor"": ""아르토"", ""brand_no"": 57017, ""category1"": ""여성의류"", ""category2"": ""단독"", ""category3"": ""상의"", ""category3_code"": 268116101, ""is_new"": false, ""item_no"": 2746755, ""period_sort"": ""ONE_DAY"", ""platform"": ""29cm"", ""ranking_category_code"": ""268103100"", ""ranking_category_name"": ""여성의류>상의"", ""review_avg"": 5.0, ""sale_percent"": 0, ""sale_price"": 36000, ""sold_out"": false, ""url"": ""https://product.29cm.co.kr/catalog/2746755""}",2026-10-10T01:00:29+00:00_fea744f1
2026-10-10T10:00:29+09:00,2026-10-10T01:00:29+00:00,commerce_rank,"[토모토모, 오제 PICK] 에센셜 롱 슬리브 티셔츠 MDTS063_6 Colors",29cm:2753432,heart_count,8562.0,"{""brand_eng"": ""MONGDOL"", ""brand_kor"": ""몽돌"", ""brand_no"": 10654, ""category1"": ""여성의류"", ""category2"": ""상의"", ""category3"": ""긴소매 티셔츠"", ""category3_code"": 268103102, ""is_new"": false, ""item_no"": 2753432, ""period_sort"": ""ONE_DAY"", ""platform"": ""29cm"", ""ranking_category_code"": ""268103100"", ""ranking_category_name"": ""여성의류>상의"", ""review_avg"": 4.5, ""sale_percent"": 36, ""sale_price"": 23830, ""sold_out"": false, ""url"": ""https://product.29cm.co.kr/catalog/2753432""}",2026-10-10T01:00:29+00:00_fea744f1
2026-10-10T10:00:29+09:00,2026-10-10T01:00:29+00:00,commerce_rank,"[토모토모, 오제 PICK] 에센셜 롱 슬리브 티셔츠 MDTS063_6 Colors",29cm:2753432,review_count,777.0,"{""brand_eng"": ""MONGDOL"", ""brand_kor"": ""몽돌"", ""brand_no"": 10654, ""category1"": ""여성의류"", ""category2"": ""상의"", ""category3"": ""긴소매 티셔츠"", ""category3_code"": 268103102, ""is_new"": false, ""item_no"": 2753432, ""period_sort"": ""ONE_DAY"", ""platform"": ""29cm"", ""ranking_category_code"": ""268103100"", ""ranking_category_name"": ""여성의류>상의"", ""review_avg"": 4.5, ""sale_percent"": 36, ""sale_price"": 23830, ""sold_out"": false, ""url"": ""https://product.29cm.co.kr/catalog/2753432""}",2026-10-10T01:00:29+00:00_fea744f1
2026-10-10T10:00:29+09:00,2026-10-10T01:00:29+00:00,commerce_rank,"[토모토모, 오제 PICK] 에센셜 롱 슬리브 티셔츠 MDTS063_6 Colors",29cm:2753432@268103100,rank,1.0,"{""brand_eng"": ""MONGDOL"", ""brand_kor"": ""몽돌"", ""brand_no"": 10654, ""category1"": ""여성의류"", ""category2"": ""상의"", ""category3"": ""긴소매 티셔츠"", ""category3_code"": 268103102, ""is_new"": false, ""item_no"": 2753432, ""period_sort"": ""ONE_DAY"", ""platform"": ""29cm"", ""ranking_category_code"": ""268103100"", ""ranking_category_name"": ""여성의류>상의"", ""review_avg"": 4.5, ""sale_percent"": 36, ""sale_price"": 23830, ""sold_out"": false, ""url"": ""https://product.29cm.co.kr/catalog/2753432""}",2026-10-10T01:00:29+00:00_fea744f1
2026-10-10T10:00:29+09:00,2026-10-10T01:00:29+00:00,commerce_rank,[28th][소진pick]Raglan sleeve t-shirt (melange gray),29cm:2792718,heart_count,5755.0,"{""brand_eng"": ""THE MITTEN"", ""brand_kor"": ""더미튼"", ""brand_no"": 25573, ""category1"": ""여성의류"", ""category2"": ""상의"", ""category3"": ""긴소매 티셔츠"", ""category3_code"": 268103102, ""is_new"": false, ""item_no"": 2792718, ""period_sort"": ""ONE_DAY"", ""platform"": ""29cm"", ""ranking_category_code"": ""268103100"", ""ranking_category_name"": ""여성의류>상의"", ""review_avg"": 5.0, ""sale_percent"": 23, ""sale_price"": 42080, ""sold_out"": false, ""url"": ""https://product.29cm.co.kr/catalog/2792718""}",2026-10-10T01:00:29+00:00_fea744f1
2026-10-10T10:00:29+09:00,2026-10-10T01:00:29+00:00,commerce_rank,[28th][소진pick]Raglan sleeve t-shirt (melange gray),29cm:2792718,review_count,258.0,"{""brand_eng"": ""THE MITTEN"", ""brand_kor"": ""더미튼"", ""brand_no"": 25573, ""category1"": ""여성의류"", ""category2"": ""상의"", ""category3"": ""긴소매 티셔츠"", ""category3_code"": 268103102, ""is_new"": false, ""item_no"": 2792718, ""period_sort"": ""ONE_DAY"", ""platform"": ""29cm"", ""ranking_category_code"": ""268103100"", ""ranking_category_name"": ""여성의류>상의"", ""review_avg"": 5.0, ""sale_percent"": 23, ""sale_price"": 42080, ""sold_out"": false, ""url"": ""https://product.29cm.co.kr/catalog/2792718""}",2026-10-10T01:00:29+00:00_fea744f1
2026-10-10T10:00:29+09:00,2026-10-10T01:00:29+00:00,commerce_rank,[28th][소진pick]Raglan sleeve t-shirt (melange gray),29cm:2792718@268103100,rank,36.0,"{""brand_eng"": ""THE MITTEN"", ""brand_kor"": ""더미튼"", ""brand_no"": 25573, ""category1"": ""여성의류"", ""category2"": ""상의"", ""category3"": ""긴소매 티셔츠"", ""category3_code"": 268103102, ""is_new"": false, ""item_no"": 2792718, ""period_sort"": ""ONE_DAY"", ""platform"": ""29cm"", ""ranking_category_code"": ""268103100"", ""ranking_category_name"": ""여성의류>상의"", ""review_avg"": 5.0, ""sale_percent"": 23, ""sale_price"": 42080, ""sold_out"": false, ""url"": ""https://product.29cm.co.kr/catalog/2792718""}",2026-10-10T01:00:29+00:00_fea744f1
2026-10-10T10:00:29+09:00,2026-10-10T01:00:29+00:00,commerce_rank,[13차]Wool tencel round Tee (Ivory),29cm:2794388,heart_count,5028.0,"{""brand_eng"": ""NOEUD"", ""brand_kor"": ""노우드"", ""brand_no"": 22234, ""category1"": ""여성의류"", ""category2"": ""상의"", ""category3"": ""긴소매 티셔츠"", ""category3_code"": 268103102, ""is_new"": false, ""item_no"": 2794388, ""period_sort"": ""ONE_DAY"", ""platform"": ""29cm"", ""ranking_category_code"": ""268103100"", ""ranking_category_name"": ""여성의류>상의"", ""review_avg"": 5.0, ""sale_percent"": 20, ""sale_price"": 33600, ""sold_out"": false, ""url"": ""https://product.29cm.co.kr/catalog/2794388""}",2026-10-10T01:00:29+00:00_fea744f1
2026-10-10T10:00:29+09:00,2026-10-10T01:00:29+00:00,commerce_rank,[13차]Wool tencel round Tee (Ivory),29cm:2794388,review_count,487.0,"{""brand_eng"": ""NOEUD"", ""brand_kor"": ""노우드"", ""brand_no"": 22234, ""category1"": ""여성의류"", ""category2"": ""상의"", ""category3"": ""긴소매 티셔츠"", ""category3_code"": 268103102, ""is_new"": false, ""item_no"": 2794388, ""period_sort"": ""ONE_DAY"", ""platform"": ""29cm"", ""ranking_category_code"": ""268103100"", ""ranking_category_name"": ""여성의류>상의"", ""review_avg"": 5.0, ""sale_percent"": 20, ""sale_price"": 33600, ""sold_out"": false, ""url"": ""https://product.29cm.co.kr/catalog/2794388""}",2026-10-10T01:00:29+00:00_fea744f1
2026-10-10T10:00:29+09:00,2026-10-10T01:00:29+00:00,commerce_rank,[13차]Wool tencel round Tee (Ivory),29cm:2794388@268103100,rank,35.0,"{""brand_eng"": ""NOEUD"", ""brand_kor"": ""노우드"", ""brand_no"": 22234, ""category1"": ""여성의류"", ""category2"": ""상의"", ""category3"": ""긴소매 티셔츠"", ""category3_code"": 268103102, ""is_new"": false, ""item_no"": 2794388, ""period_sort"": ""ONE_DAY"", ""platform"": ""29cm"", ""ranking_category_code"": ""268103100"", ""ranking_category_name"": ""여성의류>상의"", ""review_avg"": 5.0, ""sale_percent"": 20, ""sale_price"": 33600, ""sold_out"": false, ""url"": ""https://product.29cm.co.kr/catalog/2794388""}",2026-10-10T01:00:29+00:00_fea744f1
2026-10-10T10:00:29+09:00,2026-10-10T01:00:29+00:00,commerce_rank,Sheer Tencel T-Shirts - 11Colors,29cm:2850695,heart_count,12409.0,"{""brand_eng"": ""movewarm"", ""brand_kor"": ""무브웜"", ""brand_no"": 18801, ""category1"": ""레저"", ""category2"": ""요가/필라테스"", ""category3"": ""상의"", ""category3_code"": 286116101, ""is_new"": false, ""item_no"": 2850695, ""period_sort"": ""ONE_DAY"", ""platform"": ""29cm"", ""ranking_category_code"": ""268103100"", ""ranking_category_name"": ""여성의류>상의"", ""review_avg"": 5.0, ""sale_percent"": 0, ""sale_price"": 49000, ""sold_out"": false, ""url"": ""https://product.29cm.co.kr/catalog/2850695""}",2026-10-10T01:00:29+00:00_fea744f1
2026-10-10T10:00:29+09:00,2026-10-10T01:00:29+00:00,commerce_rank,Sheer Tencel T-Shirts - 11Colors,29cm:2850695,review_count,1305.0,"{""brand_eng"": ""movewarm"", ""brand_kor"": ""무브웜"", ""brand_no"": 18801, ""category1"": ""레저"", ""category2"": ""요가/필라테스"", ""category3"": ""상의"", ""category3_code"": 286116101, ""is_new"": false, ""item_no"": 2850695, ""period_sort"": ""ONE_DAY"", ""platform"": ""29cm"", ""ranking_category_code"": ""268103100"", ""ranking_category_name"": ""여성의류>상의"", ""review_avg"": 5.0, ""sale_percent"": 0, ""sale_price"": 49000, ""sold_out"": false, ""url"": ""https://product.29cm.co.kr/catalog/2850695""}",2026-10-10T01:00:29+00:00_fea744f1
2026-10-10T10:00:29+09:00,2026-10-10T01:00:29+00:00,commerce_rank,Sheer Tencel T-Shirts - 11Colors,29cm:2850695@268103100,rank,76.0,"{""brand_eng"": ""movewarm"", ""brand_kor"": ""무브웜"", ""brand_no"": 18801, ""category1"": ""레저"", ""category2"": ""요가/필라테스"", ""category3"": ""상의"", ""category3_code"": 286116101, ""is_new"": false, ""item_no"": 2850695, ""period_sort"": ""ONE_DAY"", ""platform"": ""29cm"", ""ranking_category_code"": ""268103100"", ""ranking_category_name"": ""여성의류>상의"", ""review_avg"": 5.0, ""sale_percent"": 0, ""sale_price"": 49000, ""sold_out"": false, ""url"": ""https://product.29cm.co.kr/catalog/2850695""}",2026-10-10T01:00:29+00:00_fea744f1
2026-10-10T10:00:29+09:00,2026-10-10T01:00:31+00:00,commerce_rank,Anthony Stripe Shirt (Ivory),29cm:3014364,heart_count,1177.0,"{""brand_eng"": ""Fabregat"", ""brand_kor"": ""파브레가"", ""brand_no"": 16255, ""category1"": ""남성의류"", ""category2"": ""상의"", ""category3"": ""긴소매 셔츠"", ""category3_code"": 272103106, ""is_new"": false, ""item_no"": 3014364, ""period_sort"": ""ONE_DAY"", ""platform"": ""29cm"", ""ranking_category_code"": ""272103100"", ""ranking_category_name"": ""남성의류>상의"", ""review_avg"": 5.0, ""sale_percent"": 10, ""sale_price"": 69300, ""sold_out"": false, ""url"": ""https://product.29cm.co.kr/catalog/3014364""}",2026-10-10T01:00:29+00:00_fea744f1
2026-10-10T10:00:29+09:00,2026-10-10T01:00:31+00:00,commerce_rank,Anthony Stripe Shirt (Ivory),29cm:3014364,review_count,52.0,"{""brand_eng"": ""Fabregat"", ""brand_kor"": ""파브레가"", ""brand_no"": 16255, ""category1"": ""남성의류"", ""category2"": ""상의"", ""category3"": ""긴소매 셔츠"", ""category3_code"": 272103106, ""is_new"": false, ""item_no"": 3014364, ""period_sort"": ""ONE_DAY"", ""platform"": ""29cm"", ""ranking_category_code"": ""272103100"", ""ranking_category_name"": ""남성의류>상의"", ""review_avg"": 5.0, ""sale_percent"": 10, ""sale_price"": 69300, ""sold_out"": false, ""url"": ""https://product.29cm.co.kr/catalog/3014364""}",2026-10-10T01:00:29+00:00_fea744f1
2026-10-10T10:00:29+09:00,2026-10-10T01:00:31+00:00,commerce_rank,Anthony Stripe Shirt (Ivory),29cm:3014364@272103100,rank,67.0,"{""brand_eng"": ""Fabregat"", ""brand_kor"": ""파브레가"", ""brand_no"": 16255, ""category1"": ""남성의류"", ""category2"": ""상의"", ""category3"": ""긴소매 셔츠"", ""category3_code"": 272103106, ""is_new"": false, ""item_no"": 3014364, ""period_sort"": ""ONE_DAY"", ""platform"": ""29cm"", ""ranking_category_code"": ""272103100"", ""ranking_category_name"": ""남성의류>상의"", ""review_avg"": 5.0, ""sale_percent"": 10, ""sale_price"": 69300, ""sold_out"": false, ""url"": ""https://product.29cm.co.kr/catalog/3014364""}",2026-10-10T01:00:29+00:00_fea744f1
2026-10-10T10:00:29+09:00,2026-10-10T01:00:29+00:00,commerce_rank,[컬러추가] SIKN2136 클래식 스트라이프 카라 니트_Navy,29cm:3033257,heart_count,23197.0,"{""brand_eng"": ""Siyazu"", ""brand_kor"": ""시야쥬"", ""brand_no"": 10005, ""category1"": ""여성의류"", ""category2"": ""상의"", ""category3"": ""피케/카라 티셔츠"", ""category3_code"": 268103109, ""is_new"": false, ""item_no"": 3033257, ""period_sort"": ""ONE_DAY"", ""platform"": ""29cm"", ""ranking_category_code"": ""268103100"", ""ranking_category_name"": ""여성의류>상의"", ""review_avg"": 5.0, ""sale_percent"": 28, ""sale_price"": 69840, ""sold_out"": false, ""url"": ""https://product.29cm.co.kr/catalog/3033257""}",2026-10-10T01:00:29+00:00_fea744f1
2026-10-10T10:00:29+09:00,2026-10-10T01:00:29+00:00,commerce_rank,[컬러추가] SIKN2136 클래식 스트라이프 카라 니트_Navy,29cm:3033257,review_count,540.0,"{""brand_eng"": ""Siyazu"", ""brand_kor"": ""시야쥬"", ""brand_no"": 10005, ""category1"": ""여성의류"", ""category2"": ""상의"", ""category3"": ""피케/카라 티셔츠"", ""category3_code"": 268103109, ""is_new"": false, ""item_no"": 3033257, ""period_sort"": ""ONE_DAY"", ""platform"": ""29cm"", ""ranking_category_code"": ""268103100"", ""ranking_category_name"": ""여성의류>상의"", ""review_avg"": 5.0, ""sale_percent"": 28, ""sale_price"": 69840, ""sold_out"": false, ""url"": ""https://product.29cm.co.kr/catalog/3033257""}",2026-10-10T01:00:29+00:00_fea744f1
2026-10-10T10:00:29+09:00,2026-10-10T01:00:29+00:00,commerce_rank,[컬러추가] SIKN2136 클래식 스트라이프 카라 니트_Navy,29cm:3033257@268103100,rank,6.0,"{""brand_eng"": ""Siyazu"", ""brand_kor"": ""시야쥬"", ""brand_no"": 10005, ""category1"": ""여성의류"", ""category2"": ""상의"", ""category3"": ""피케/카라 티셔츠"", ""category3_code"": 268103109, ""is_new"": false, ""item_no"": 3033257, ""period_sort"": ""ONE_DAY"", ""platform"": ""29cm"", ""ranking_category_code"": ""268103100"", ""ranking_category_name"": ""여성의류>상의"", ""review_avg"": 5.0, ""sale_percent"": 28, ""sale_price"": 69840, ""sold_out"": false, ""url"": ""https://product.29cm.co.kr/catalog/3033257""}",2026-10-10T01:00:29+00:00_fea744f1
2026-10-10T10:00:29+09:00,2026-10-10T01:00:31+00:00,commerce_rank,리브드 라운드넥 티셔츠 [MELANGE],29cm:3037263,heart_count,42.0,"{""brand_eng"": ""DRAWFIT"", ""brand_kor"": ""드로우핏"", ""brand_no"": 16175, ""category1"": ""남성의류"", ""category2"": ""상의"", ""category3"": ""긴소매 티셔츠"", ""category3_code"": 272103102, ""is_new"": false, ""item_no"": 3037263, ""period_sort"": ""ONE_DAY"", ""platform"": ""29cm"", ""ranking_category_code"": ""272103100"", ""ranking_category_name"": ""남성의류>상의"", ""review_avg"": 2.0, ""sale_percent"": 10, ""sale_price"": 39600, ""sold_out"": false, ""url"": ""https://product.29cm.co.kr/catalog/3037263""}",2026-10-10T01:00:29+00:00_fea744f1
2026-10-10T10:00:29+09:00,2026-10-10T01:00:31+00:00,commerce_rank,리브드 라운드넥 티셔츠 [MELANGE],29cm:3037263,review_count,1.0,"{""brand_eng"": ""DRAWFIT"", ""brand_kor"": ""드로우핏"", ""brand_no"": 16175, ""category1"": ""남성의류"", ""category2"": ""상의"", ""category3"": ""긴소매 티셔츠"", ""category3_code"": 272103102, ""is_new"": false, ""item_no"": 3037263, ""period_sort"": ""ONE_DAY"", ""platform"": ""29cm"", ""ranking_category_code"": ""272103100"", ""ranking_category_name"": ""남성의류>상의"", ""review_avg"": 2.0, ""sale_percent"": 10, ""sale_price"": 39600, ""sold_out"": false, ""url"": ""https://product.29cm.co.kr/catalog/3037263""}",2026-10-10T01:00:29+00:00_fea744f1
2026-10-10T10:00:29+09:00,2026-10-10T01:00:31+00:00,commerce_rank,리브드 라운드넥 티셔츠 [MELANGE],29cm:3037263@272103100,rank,91.0,"{""brand_eng"": ""DRAWFIT"", ""brand_kor"": ""드로우핏"", ""brand_no"": 16175, ""category1"": ""남성의류"", ""category2"": ""상의"", ""category3"": ""긴소매 티셔츠"", ""category3_code"": 272103102, ""is_new"": false, ""item_no"": 3037263, ""period_sort"": ""ONE_DAY"", ""platform"": ""29cm"", ""ranking_category_code"": ""272103100"", ""ranking_category_name"": ""남성의류>상의"", ""review_avg"": 2.0, ""sale_percent"": 10, ""sale_price"": 39600, ""sold_out"": false, ""url"": ""https://product.29cm.co.kr/catalog/3037263""}",2026-10-10T01:00:29+00:00_fea744f1
2026-10-10T10:00:29+09:00,2026-10-10T01:00:31+00:00,commerce_rank,All Weather T-Shirt (8color),29cm:3041689,heart_count,1487.0,"{""brand_eng"": ""rough side"", ""brand_kor"": ""러프사이드"", ""brand_no"": 3821, ""category1"": ""남성의류"", ""category2"": ""상의"", ""category3"": ""반소매 티셔츠"", ""category3_code"": 272103101, ""is_new"": false, ""item_no"": 3041689, ""period_sort"": ""ONE_DAY"", ""platform"": ""29cm"", ""ranking_category_code"": ""272103100"", ""ranking_category_name"": ""남성의류>상의"", ""review_avg"": 5.0, ""sale_percent"": 0, ""sale_price"": 39000, ""sold_out"": false, ""url"": ""https://product.29cm.co.kr/catalog/3041689""}",2026-10-10T01:00:29+00:00_fea744f1
2026-10-10T10:00:29+09:00,2026-10-10T01:00:31+00:00,commerce_rank,All Weather T-Shirt (8color),29cm:3041689,review_count,63.0,"{""brand_eng"": ""rough side"", ""brand_kor"": ""러프사이드"", ""brand_no"": 3821, ""category1"": ""남성의류"", ""category2"": ""상의"", ""category3"": ""반소매 티셔츠"", ""category3_code"": 272103101, ""is_new"": false, ""item_no"": 3041689, ""period_sort"": ""ONE_DAY"", ""platform"": ""29cm"", ""ranking_category_code"": ""272103100"", ""ranking_category_name"": ""남성의류>상의"", ""review_avg"": 5.0, ""sale_percent"": 0, ""sale_price"": 39000, ""sold_out"": false, ""url"": ""https://product.29cm.co.kr/catalog/3041689""}",2026-10-10T01:00:29+00:00_fea744f1
2026-10-10T10:00:29+09:00,2026-10-10T01:00:31+00:00,commerce_rank,All Weather T-Shirt (8color),29cm:3041689@272103100,rank,46.0,"{""brand_eng"": ""rough side"", ""brand_kor"": ""러프사이드"", ""brand_no"": 3821, ""category1"": ""남성의류"", ""category2"": ""상의"", ""category3"": ""반소매 티셔츠"", ""category3_code"": 272103101, ""is_new"": false, ""item_no"": 3041689, ""period_sort"": ""ONE_DAY"", ""platform"": ""29cm"", ""ranking_category_code"": ""272103100"", ""ranking_category_name"": ""남성의류>상의"", ""review_avg"": 5.0, ""sale_percent"": 0, ""sale_price"": 39000, ""sold_out"": false, ""url"": ""https://product.29cm.co.kr/catalog/3041689""}",2026-10-10T01:00:29+00:00_fea744f1
2026-10-10T10:00:29+09:00,2026-10-10T01:00:31+00:00,commerce_rank,Waffle Long Sleeve Ash Black,29cm:3041934,heart_count,93.0,"{""brand_eng"": ""rough side"", ""brand_kor"": ""러프사이드"", ""brand_no"": 3821, ""category1"": ""남성의류"", ""category2"": ""상의"", ""category3"": ""반소매 티셔츠"", ""category3_code"": 272103101, ""is_new"": false, ""item_no"": 3041934, ""period_sort"": ""ONE_DAY"", ""platform"": ""29cm"", ""ranking_category_code"": ""272103100"", ""ranking_category_name"": ""남성의류>상의"", ""review_avg"": 4.0, ""sale_percent"": 5, ""sale_price"": 90250, ""sold_out"": false, ""url"": ""https://product.29cm.co.kr/catalog/3041934""}",2026-10-10T01:00:29+00:00_fea744f1
2026-10-10T10:00:29+09:00,2026-10-10T01:00:31+00:00,commerce_rank,Waffle Long Sleeve Ash Black,29cm:3041934,review_count,6.0,"{""brand_eng"": ""rough side"", ""brand_kor"": ""러프사이드"", ""brand_no"": 3821, ""category1"": ""남성의류"", ""category2"": ""상의"", ""category3"": ""반소매 티셔츠"", ""category3_code"": 272103101, ""is_new"": false, ""item_no"": 3041934, ""period_sort"": ""ONE_DAY"", ""platform"": ""29cm"", ""ranking_category_code"": ""272103100"", ""ranking_category_name"": ""남성의류>상의"", ""review_avg"": 4.0, ""sale_percent"": 5, ""sale_price"": 90250, ""sold_out"": false, ""url"": ""https://product.29cm.co.kr/catalog/3041934""}",2026-10-10T01:00:29+00:00_fea744f1
2026-10-10T10:00:29+09:00,2026-10-10T01:00:31+00:00,commerce_rank,Waffle Long Sleeve Ash Black,29cm:3041934@272103100,rank,49.0,"{""brand_eng"": ""rough side"", ""brand_kor"": ""러프사이드"", ""brand_no"": 3821, ""category1"": ""남성의류"", ""category2"": ""상의"", ""category3"": ""반소매 티셔츠"", ""category3_code"": 272103101, ""is_new"": false, ""item_no"": 3041934, ""period_sort"": ""ONE_DAY"", ""platform"": ""29cm"", ""ranking_category_code"": ""272103100"", ""ranking_category_name"": ""남성의류>상의"", ""review_avg"": 4.0, ""sale_percent"": 5, ""sale_price"": 90250, ""sold_out"": false, ""url"": ""https://product.29cm.co.kr/catalog/3041934""}",2026-10-10T01:00:29+00:00_fea744f1
2026-10-10T10:00:29+09:00,2026-10-10T01:00:29+00:00,commerce_rank,[11차] Draped tie blouse_brown,29cm:3079603,heart_count,46143.0,"{""brand_eng"": ""AARAN"", ""brand_kor"": ""어랜"", ""brand_no"": 25864, ""category1"": ""여성의류"", ""category2"": ""단독"", ""category3"": ""상의"", ""category3_code"": 268116101, ""is_new"": false, ""item_no"": 3079603, ""period_sort"": ""ONE_DAY"", ""platform"": ""29cm"", ""ranking_category_code"": ""268103100"", ""ranking_category_name"": ""여성의류>상의"", ""review_avg"": 4.5, ""sale_percent"": 10, ""sale_price"": 136800, ""sold_out"": false, ""url"": ""https://product.29cm.co.kr/catalog/3079603""}",2026-10-10T01:00:29+00:00_fea744f1
2026-10-10T10:00:29+09:00,2026-10-10T01:00:29+00:00,commerce_rank,[11차] Draped tie blouse_brown,29cm:3079603,review_count,660.0,"{""brand_eng"": ""AARAN"", ""brand_kor"": ""어랜"", ""brand_no"": 25864, ""category1"": ""여성의류"", ""category2"": ""단독"", ""category3"": ""상의"", ""category3_code"": 268116101, ""is_new"": false, ""item_no"": 3079603, ""period_sort"": ""ONE_DAY"", ""platform"": ""29cm"", ""ranking_category_code"": ""268103100"", ""ranking_category_name"": ""여성의류>상의"", ""review_avg"": 4.5, ""sale_percent"": 10, ""sale_price"": 136800, ""sold_out"": false, ""url"": ""https://product.29cm.co.kr/catalog/3079603""}",2026-10-10T01:00:29+00:00_fea744f1
2026-10-10T10:00:29+09:00,2026-10-10T01:00:29+00:00,commerce_rank,[11차] Draped tie blouse_brown,29cm:3079603@268103100,rank,16.0,"{""brand_eng"": ""AARAN"", ""brand_kor"": ""어랜"", ""brand_no"": 25864, ""category1"": ""여성의류"", ""category2"": ""단독"", ""category3"": ""상의"", ""category3_code"": 268116101, ""is_new"": false, ""item_no"": 3079603, ""period_sort"": ""ONE_DAY"", ""platform"": ""29cm"", ""ranking_category_code"": ""268103100"", ""ranking_category_name"": ""여성의류>상의"", ""review_avg"": 4.5, ""sale_percent"": 10, ""sale_price"": 136800, ""sold_out"": false, ""url"": ""https://product.29cm.co.kr/catalog/3079603""}",2026-10-10T01:00:29+00:00_fea744f1
2026-10-10T10:00:29+09:00,2026-10-10T01:00:31+00:00,commerce_rank,"Essential Long Sleeve, Black",29cm:3178103,heart_count,215.0,"{""brand_eng"": ""BROWNYARD"", ""brand_kor"": ""브라운야드"", ""brand_no"": 2211, ""category1"": ""남성의류"", ""category2"": ""상의"", ""category3"": ""긴소매 티셔츠"", ""category3_code"": 272103102, ""is_new"": false, ""item_no"": 3178103, ""period_sort"": ""ONE_DAY"", ""platform"": ""29cm"", ""ranking_category_code"": ""272103100"", ""ranking_category_name"": ""남성의류>상의"", ""review_avg"": 5.0, ""sale_percent"": 0, ""sale_price"": 58000, ""sold_out"": false, ""url"": ""https://product.29cm.co.kr/catalog/3178103""}",2026-10-10T01:00:29+00:00_fea744f1
2026-10-10T10:00:29+09:00,2026-10-10T01:00:31+00:00,commerce_rank,"Essential Long Sleeve, Black",29cm:3178103,review_count,12.0,"{""brand_eng"": ""BROWNYARD"", ""brand_kor"": ""브라운야드"", ""brand_no"": 2211, ""category1"": ""남성의류"", ""category2"": ""상의"", ""category3"": ""긴소매 티셔츠"", ""category3_code"": 272103102, ""is_new"": false, ""item_no"": 3178103, ""period_sort"": ""ONE_DAY"", ""platform"": ""29cm"", ""ranking_category_code"": ""272103100"", ""ranking_category_name"": ""남성의류>상의"", ""review_avg"": 5.0, ""sale_percent"": 0, ""sale_price"": 58000, ""sold_out"": false, ""url"": ""https://product.29cm.co.kr/catalog/3178103""}",2026-10-10T01:00:29+00:00_fea744f1
2026-10-10T10:00:29+09:00,2026-10-10T01:00:31+00:00,commerce_rank,"Essential Long Sleeve, Black",29cm:3178103@272103100,rank,55.0,"{""brand_eng"": ""BROWNYARD"", ""brand_kor"": ""브라운야드"", ""brand_no"": 2211, ""category1"": ""남성의류"", ""category2"": ""상의"", ""category3"": ""긴소매 티셔츠"", ""category3_code"": 272103102, ""is_new"": false, ""item_no"": 3178103, ""period_sort"": ""ONE_DAY"", ""platform"": ""29cm"", ""ranking_category_code"": ""272103100"", ""ranking_category_name"": ""남성의류>상의"", ""review_avg"": 5.0, ""sale_percent"": 0, ""sale_price"": 58000, ""sold_out"": false, ""url"": ""https://product.29cm.co.kr/catalog/3178103""}",2026-10-10T01:00:29+00:00_fea744f1
2026-10-10T10:00:29+09:00,2026-10-10T01:00:31+00:00,commerce_rank,"Essential Long Sleeve, Grey",29cm:3178119,heart_count,870.0,"{""brand_eng"": ""BROWNYARD"", ""brand_kor"": ""브라운야드"", ""brand_no"": 2211, ""category1"": ""남성의류"", ""category2"": ""상의"", ""category3"": ""긴소매 티셔츠"", ""category3_code"": 272103102, ""is_new"": false, ""item_no"": 3178119, ""period_sort"": ""ONE_DAY"", ""platform"": ""29cm"", ""ranking_category_code"": ""272103100"", ""ranking_category_name"": ""남성의류>상의"", ""review_avg"": 5.0, ""sale_percent"": 0, ""sale_price"": 58000, ""sold_out"": false, ""url"": ""https://product.29cm.co.kr/catalog/3178119""}",2026-10-10T01:00:29+00:00_fea744f1
2026-10-10T10:00:29+09:00,2026-10-10T01:00:31+00:00,commerce_rank,"Essential Long Sleeve, Grey",29cm:3178119,review_count,35.0,"{""brand_eng"": ""BROWNYARD"", ""brand_kor"": ""브라운야드"", ""brand_no"": 2211, ""category1"": ""남성의류"", ""category2"": ""상의"", ""category3"": ""긴소매 티셔츠"", ""category3_code"": 272103102, ""is_new"": false, ""item_no"": 3178119, ""period_sort"": ""ONE_DAY"", ""platform"": ""29cm"", ""ranking_category_code"": ""272103100"", ""ranking_category_name"": ""남성의류>상의"", ""review_avg"": 5.0, ""sale_percent"": 0, ""sale_price"": 58000, ""sold_out"": false, ""url"": ""https://product.29cm.co.kr/catalog/3178119""}",2026-10-10T01:00:29+00:00_fea744f1
2026-10-10T10:00:29+09:00,2026-10-10T01:00:31+00:00,commerce_rank,"Essential Long Sleeve, Grey",29cm:3178119@272103100,rank,100.0,"{""brand_eng"": ""BROWNYARD"", ""brand_kor"": ""브라운야드"", ""brand_no"": 2211, ""category1"": ""남성의류"", ""category2"": ""상의"", ""category3"": ""긴소매 티셔츠"", ""category3_code"": 272103102, ""is_new"": false, ""item_no"": 3178119, ""period_sort"": ""ONE_DAY"", ""platform"": ""29cm"", ""ranking_category_code"": ""272103100"", ""ranking_category_name"": ""남성의류>상의"", ""review_avg"": 5.0, ""sale_percent"": 0, ""sale_price"": 58000, ""sold_out"": false, ""url"": ""https://product.29cm.co.kr/catalog/3178119""}",2026-10-10T01:00:29+00:00_fea744f1
2026-10-10T10:00:29+09:00,2026-10-10T01:00:29+00:00,commerce_rank,[이나 PICK] 캡 내장 스퀘어넥 이너 나시 MDTS075_7 Colors,29cm:3224844,heart_count,14645.0,"{""brand_eng"": ""MONGDOL"", ""brand_kor"": ""몽돌"", ""brand_no"": 10654, ""category1"": ""여성의류"", ""category2"": ""상의"", ""category3"": ""슬리브리스"", ""category3_code"": 268103103, ""is_new"": false, ""item_no"": 3224844, ""period_sort"": ""ONE_DAY"", ""platform"": ""29cm"", ""ranking_category_code"": ""268103100"", ""ranking_category_name"": ""여성의류>상의"", ""review_avg"": 4.5, ""sale_percent"": 44, ""sale_price"": 18480, ""sold_out"": false, ""url"": ""https://product.29cm.co.kr/catalog/3224844""}",2026-10-10T01:00:29+00:00_fea744f1
2026-10-10T10:00:29+09:00,2026-10-10T01:00:29+00:00,commerce_rank,[이나 PICK] 캡 내장 스퀘어넥 이너 나시 MDTS075_7 Colors,29cm:3224844,review_count,510.0,"{""brand_eng"": ""MONGDOL"", ""brand_kor"": ""몽돌"", ""brand_no"": 10654, ""category1"": ""여성의류"", ""category2"": ""상의"", ""category3"": ""슬리브리스"", ""category3_code"": 268103103, ""is_new"": false, ""item_no"": 3224844, ""period_sort"": ""ONE_DAY"", ""platform"": ""29cm"", ""ranking_category_code"": ""268103100"", ""ranking_category_name"": ""여성의류>상의"", ""review_avg"": 4.5, ""sale_percent"": 44, ""sale_price"": 18480, ""sold_out"": false, ""url"": ""https://product.29cm.co.kr/catalog/3224844""}",2026-10-10T01:00:29+00:00_fea744f1
2026-10-10T10:00:29+09:00,2026-10-10T01:00:29+00:00,commerce_rank,[이나 PICK] 캡 내장 스퀘어넥 이너 나시 MDTS075_7 Colors,29cm:3224844@268103100,rank,17.0,"{""brand_eng"": ""MONGDOL"", ""brand_kor"": ""몽돌"", ""brand_no"": 10654, ""category1"": ""여성의류"", ""category2"": ""상의"", ""category3"": ""슬리브리스"", ""category3_code"": 268103103, ""is_new"": false, ""item_no"": 3224844, ""period_sort"": ""ONE_DAY"", ""platform"": ""29cm"", ""ranking_category_code"": ""268103100"", ""ranking_category_name"": ""여성의류>상의"", ""review_avg"": 4.5, ""sale_percent"": 44, ""sale_price"": 18480, ""sold_out"": false, ""url"": ""https://product.29cm.co.kr/catalog/3224844""}",2026-10-10T01:00:29+00:00_fea744f1
2026-10-10T10:00:29+09:00,2026-10-10T01:00:29+00:00,commerce_rank,[2PACK] 에센셜 라운드넥 반팔 티셔츠,29cm:3259431,heart_count,13765.0,"{""brand_eng"": ""MONGDOL"", ""brand_kor"": ""몽돌"", ""brand_no"": 10654, ""category1"": ""여성의류"", ""category2"": ""상의"", ""category3"": ""반소매 티셔츠"", ""category3_code"": 268103101, ""is_new"": false, ""item_no"": 3259431, ""period_sort"": ""ONE_DAY"", ""platform"": ""29cm"", ""ranking_category_code"": ""268103100"", ""ranking_category_name"": ""여성의류>상의"", ""review_avg"": 5.0, ""sale_percent"": 65, ""sale_price"": 25900, ""sold_out"": false, ""url"": ""https://product.29cm.co.kr/catalog/3259431""}",2026-10-10T01:00:29+00:00_fea744f1
2026-10-10T10:00:29+09:00,2026-10-10T01:00:29+00:00,commerce_rank,[2PACK] 에센셜 라운드넥 반팔 티셔츠,29cm:3259431,review_count,1403.0,"{""brand_eng"": ""MONGDOL"", ""brand_kor"": ""몽돌"", ""brand_no"": 10654, ""category1"": ""여성의류"", ""category2"": ""상의"", ""category3"": ""반소매 티셔츠"", ""category3_code"": 268103101, ""is_new"": false, ""item_no"": 3259431, ""period_sort"": ""ONE_DAY"", ""platform"": ""29cm"", ""ranking_category_code"": ""268103100"", ""ranking_category_name"": ""여성의류>상의"", ""review_avg"": 5.0, ""sale_percent"": 65, ""sale_price"": 25900, ""sold_out"": false, ""url"": ""https://product.29cm.co.kr/catalog/3259431""}",2026-10-10T01:00:29+00:00_fea744f1
2026-10-10T10:00:29+09:00,2026-10-10T01:00:29+00:00,commerce_rank,[2PACK] 에센셜 라운드넥 반팔 티셔츠,29cm:3259431@268103100,rank,96.0,"{""brand_eng"": ""MONGDOL"", ""brand_kor"": ""몽돌"", ""brand_no"": 10654, ""category1"": ""여성의류"", ""category2"": ""상의"", ""category3"": ""반소매 티셔츠"", ""category3_code"": 268103101, ""is_new"": false, ""item_no"": 3259431, ""period_sort"": ""ONE_DAY"", ""platform"": ""29cm"", ""ranking_category_code"": ""268103100"", ""ranking_category_name"": ""여성의류>상의"", ""review_avg"": 5.0, ""sale_percent"": 65, ""sale_price"": 25900, ""sold_out"": false, ""url"": ""https://product.29cm.co.kr/catalog/3259431""}",2026-10-10T01:00:29+00:00_fea744f1
2026-10-10T10:00:29+09:00,2026-10-10T01:00:31+00:00,commerce_rank,Breeze Tee Charcoal,29cm:3263657,heart_count,10951.0,"{""brand_eng"": ""partimento"", ""brand_kor"": ""파르티멘토"", ""brand_no"": 1588, ""category1"": ""여성의류"", ""category2"": ""상의"", ""category3"": ""반소매 티셔츠"", ""category3_code"": 268103101, ""is_new"": false, ""item_no"": 3263657, ""period_sort"": ""ONE_DAY"", ""platform"": ""29cm"", ""ranking_category_code"": ""272103100"", ""ranking_category_name"": ""남성의류>상의"", ""review_avg"": 5.0, ""sale_percent"": 33, ""sale_price"": 30240, ""sold_out"": false, ""url"": ""https://product.29cm.co.kr/catalog/3263657""}",2026-10-10T01:00:29+00:00_fea744f1
2026-10-10T10:00:29+09:00,2026-10-10T01:00:31+00:00,commerce_rank,Breeze Tee Charcoal,29cm:3263657,review_count,909.0,"{""brand_eng"": ""partimento"", ""brand_kor"": ""파르티멘토"", ""brand_no"": 1588, ""category1"": ""여성의류"", ""category2"": ""상의"", ""category3"": ""반소매 티셔츠"", ""category3_code"": 268103101, ""is_new"": false, ""item_no"": 3263657, ""period_sort"": ""ONE_DAY"", ""platform"": ""29cm"", ""ranking_category_code"": ""272103100"", ""ranking_category_name"": ""남성의류>상의"", ""review_avg"": 5.0, ""sale_percent"": 33, ""sale_price"": 30240, ""sold_out"": false, ""url"": ""https://product.29cm.co.kr/catalog/3263657""}",2026-10-10T01:00:29+00:00_fea744f1
2026-10-10T10:00:29+09:00,2026-10-10T01:00:31+00:00,commerce_rank,Breeze Tee Charcoal,29cm:3263657@272103100,rank,98.0,"{""brand_eng"": ""partimento"", ""brand_kor"": ""파르티멘토"", ""brand_no"": 1588, ""category1"": ""여성의류"", ""category2"": ""상의"", ""category3"": ""반소매 티셔츠"", ""category3_code"": 268103101, ""is_new"": false, ""item_no"": 3263657, ""period_sort"": ""ONE_DAY"", ""platform"": ""29cm"", ""ranking_category_code"": ""272103100"", ""ranking_category_name"": ""남성의류>상의"", ""review_avg"": 5.0, ""sale_percent"": 33, ""sale_price"": 30240, ""sold_out"": false, ""url"": ""https://product.29cm.co.kr/catalog/3263657""}",2026-10-10T01:00:29+00:00_fea744f1
2026-10-10T10:00:29+09:00,2026-10-10T01:00:31+00:00,commerce_rank,워터 레터링 반팔 티셔츠 Black (S25MMWSW02),29cm:3266005,heart_count,46.0,"{""brand_eng"": ""SNOWPEAK APPAREL"", ""brand_kor"": ""스노우피크 어패럴"", ""brand_no"": 13868, ""category1"": ""남성의류"", ""category2"": ""상의"", ""category3"": ""반소매 티셔츠"", ""category3_code"": 272103101, ""is_new"": false, ""item_no"": 3266005, ""period_sort"": ""ONE_DAY"", ""platform"": ""29cm"", ""ranking_category_code"": ""272103100"", ""ranking_category_name"": ""남성의류>상의"", ""review_avg"": 5.0, ""sale_percent"": 40, ""sale_price"": 35400, ""sold_out"": false, ""url"": ""https://product.29cm.co.kr/catalog/3266005""}",2026-10-10T01:00:29+00:00_fea744f1
2026-10-10T10:00:29+09:00,2026-10-10T01:00:31+00:00,commerce_rank,워터 레터링 반팔 티셔츠 Black (S25MMWSW02),29cm:3266005,review_count,21.0,"{""brand_eng"": ""SNOWPEAK APPAREL"", ""brand_kor"": ""스노우피크 어패럴"", ""brand_no"": 13868, ""category1"": ""남성의류"", ""category2"": ""상의"", ""category3"": ""반소매 티셔츠"", ""category3_code"": 272103101, ""is_new"": false, ""item_no"": 3266005, ""period_sort"": ""ONE_DAY"", ""platform"": ""29cm"", ""ranking_category_code"": ""272103100"", ""ranking_category_name"": ""남성의류>상의"", ""review_avg"": 5.0, ""sale_percent"": 40, ""sale_price"": 35400, ""sold_out"": false, ""url"": ""https://product.29cm.co.kr/catalog/3266005""}",2026-10-10T01:00:29+00:00_fea744f1
2026-10-10T10:00:29+09:00,2026-10-10T01:00:31+00:00,commerce_rank,워터 레터링 반팔 티셔츠 Black (S25MMWSW02),29cm:3266005@272103100,rank,97.0,"{""brand_eng"": ""SNOWPEAK APPAREL"", ""brand_kor"": ""스노우피크 어패럴"", ""brand_no"": 13868, ""category1"": ""남성의류"", ""category2"": ""상의"", ""category3"": ""반소매 티셔츠"", ""category3_code"": 272103101, ""is_new"": false, ""item_no"": 3266005, ""period_sort"": ""ONE_DAY"", ""platform"": ""29cm"", ""ranking_category_code"": ""272103100"", ""ranking_category_name"": ""남성의류>상의"", ""review_avg"": 5.0, ""sale_percent"": 40, ""sale_price"": 35400, ""sold_out"": false, ""url"": ""https://product.29cm.co.kr/catalog/3266005""}",2026-10-10T01:00:29+00:00_fea744f1
2026-10-10T10:00:29+09:00,2026-10-10T01:00:31+00:00,commerce_rank,워터 레터링 반팔 티셔츠 White (S25MMWSW02),29cm:3266008,heart_count,28.0,"{""brand_eng"": ""SNOWPEAK APPAREL"", ""brand_kor"": ""스노우피크 어패럴"", ""brand_no"": 13868, ""category1"": ""남성의류"", ""category2"": ""상의"", ""category3"": ""반소매 티셔츠"", ""category3_code"": 272103101, ""is_new"": false, ""item_no"": 3266008, ""period_sort"": ""ONE_DAY"", ""platform"": ""29cm"", ""ranking_category_code"": ""272103100"", ""ranking_category_name"": ""남성의류>상의"", ""review_avg"": 5.0, ""sale_percent"": 40, ""sale_price"": 35400, ""sold_out"": false, ""url"": ""https://product.29cm.co.kr/catalog/3266008""}",2026-10-10T01:00:29+00:00_fea744f1
2026-10-10T10:00:29+09:00,2026-10-10T01:00:31+00:00,commerce_rank,워터 레터링 반팔 티셔츠 White (S25MMWSW02),29cm:3266008,review_count,9.0,"{""brand_eng"": ""SNOWPEAK APPAREL"", ""brand_kor"": ""스노우피크 어패럴"", ""brand_no"": 13868, ""category1"": ""남성의류"", ""category2"": ""상의"", ""category3"": ""반소매 티셔츠"", ""category3_code"": 272103101, ""is_new"": false, ""item_no"": 3266008, ""period_sort"": ""ONE_DAY"", ""platform"": ""29cm"", ""ranking_category_code"": ""272103100"", ""ranking_category_name"": ""남성의류>상의"", ""review_avg"": 5.0, ""sale_percent"": 40, ""sale_price"": 35400, ""sold_out"": false, ""url"": ""https://product.29cm.co.kr/catalog/3266008""}",2026-10-10T01:00:29+00:00_fea744f1
2026-10-10T10:00:29+09:00,2026-10-10T01:00:31+00:00,commerce_rank,워터 레터링 반팔 티셔츠 White (S25MMWSW02),29cm:3266008@272103100,rank,96.0,"{""brand_eng"": ""SNOWPEAK APPAREL"", ""brand_kor"": ""스노우피크 어패럴"", ""brand_no"": 13868, ""category1"": ""남성의류"", ""category2"": ""상의"", ""category3"": ""반소매 티셔츠"", ""category3_code"": 272103101, ""is_new"": false, ""item_no"": 3266008, ""period_sort"": ""ONE_DAY"", ""platform"": ""29cm"", ""ranking_category_code"": ""272103100"", ""ranking_category_name"": ""남성의류>상의"", ""review_avg"": 5.0, ""sale_percent"": 40, ""sale_price"": 35400, ""sold_out"": false, ""url"": ""https://product.29cm.co.kr/catalog/3266008""}",2026-10-10T01:00:29+00:00_fea744f1
2026-10-10T10:00:29+09:00,2026-10-10T01:00:31+00:00,commerce_rank,Tompkins Loopwheeled Tubular Tee 4 Color,29cm:3354267,heart_count,5316.0,"{""brand_eng"": ""BRONSON"", ""brand_kor"": ""브론슨"", ""brand_no"": 89408, ""category1"": ""여성의류"", ""category2"": ""상의"", ""category3"": ""반소매 티셔츠"", ""category3_code"": 268103101, ""is_new"": false, ""item_no"": 3354267, ""period_sort"": ""ONE_DAY"", ""platform"": ""29cm"", ""ranking_category_code"": ""272103100"", ""ranking_category_name"": ""남성의류>상의"", ""review_avg"": 5.0, ""sale_percent"": 10, ""sale_price"": 40500, ""sold_out"": false, ""url"": ""https://product.29cm.co.kr/catalog/3354267""}",2026-10-10T01:00:29+00:00_fea744f1
2026-10-10T10:00:29+09:00,2026-10-10T01:00:31+00:00,commerce_rank,Tompkins Loopwheeled Tubular Tee 4 Color,29cm:3354267,review_count,858.0,"{""brand_eng"": ""BRONSON"", ""brand_kor"": ""브론슨"", ""brand_no"": 89408, ""category1"": ""여성의류"", ""category2"": ""상의"", ""category3"": ""반소매 티셔츠"", ""category3_code"": 268103101, ""is_new"": false, ""item_no"": 3354267, ""period_sort"": ""ONE_DAY"", ""platform"": ""29cm"", ""ranking_category_code"": ""272103100"", ""ranking_category_name"": ""남성의류>상의"", ""review_avg"": 5.0, ""sale_percent"": 10, ""sale_price"": 40500, ""sold_out"": false, ""url"": ""https://product.29cm.co.kr/catalog/3354267""}",2026-10-10T01:00:29+00:00_fea744f1
2026-10-10T10:00:29+09:00,2026-10-10T01:00:31+00:00,commerce_rank,Tompkins Loopwheeled Tubular Tee 4 Color,29cm:3354267@272103100,rank,21.0,"{""brand_eng"": ""BRONSON"", ""brand_kor"": ""브론슨"", ""brand_no"": 89408, ""category1"": ""여성의류"", ""category2"": ""상의"", ""category3"": ""반소매 티셔츠"", ""category3_code"": 268103101, ""is_new"": false, ""item_no"": 3354267, ""period_sort"": ""ONE_DAY"", ""platform"": ""29cm"", ""ranking_category_code"": ""272103100"", ""ranking_category_name"": ""남성의류>상의"", ""review_avg"": 5.0, ""sale_percent"": 10, ""sale_price"": 40500, ""sold_out"": false, ""url"": ""https://product.29cm.co.kr/catalog/3354267""}",2026-10-10T01:00:29+00:00_fea744f1
2026-10-10T10:00:29+09:00,2026-10-10T01:00:31+00:00,commerce_rank,10.6 oz Cotton Short Sleeve Henley Tee White,29cm:3354307,heart_count,578.0,"{""brand_eng"": ""BRONSON"", ""brand_kor"": ""브론슨"", ""brand_no"": 89408, ""category1"": ""여성의류"", ""category2"": ""상의"", ""category3"": ""반소매 티셔츠"", ""category3_code"": 268103101, ""is_new"": false, ""item_no"": 3354307, ""period_sort"": ""ONE_DAY"", ""platform"": ""29cm"", ""ranking_category_code"": ""272103100"", ""ranking_category_name"": ""남성의류>상의"", ""review_avg"": 5.0, ""sale_percent"": 19, ""sale_price"": 42930, ""sold_out"": false, ""url"": ""https://product.29cm.co.kr/catalog/3354307""}",2026-10-10T01:00:29+00:00_fea744f1
2026-10-10T10:00:29+09:00,2026-10-10T01:00:31+00:00,commerce_rank,10.6 oz Cotton Short Sleeve Henley Tee White,29cm:3354307,review_count,199.0,"{""brand_eng"": ""BRONSON"", ""brand_kor"": ""브론슨"", ""brand_no"": 89408, ""category1"": ""여성의류"", ""category2"": ""상의"", ""category3"": ""반소매 티셔츠"", ""category3_code"": 268103101, ""is_new"": false, ""item_no"": 3354307, ""period_sort"": ""ONE_DAY"", ""platform"": ""29cm"", ""ranking_category_code"": ""272103100"", ""ranking_category_name"": ""남성의류>상의"", ""review_avg"": 5.0, ""sale_percent"": 19, ""sale_price"": 42930, ""sold_out"": false, ""url"": ""https://product.29cm.co.kr/catalog/3354307""}",2026-10-10T01:00:29+00:00_fea744f1
2026-10-10T10:00:29+09:00,2026-10-10T01:00:31+00:00,commerce_rank,10.6 oz Cotton Short Sleeve Henley Tee White,29cm:3354307@272103100,rank,50.0,"{""brand_eng"": ""BRONSON"", ""brand_kor"": ""브론슨"", ""brand_no"": 89408, ""category1"": ""여성의류"", ""category2"": ""상의"", ""category3"": ""반소매 티셔츠"", ""category3_code"": 268103101, ""is_new"": false, ""item_no"": 3354307, ""period_sort"": ""ONE_DAY"", ""platform"": ""29cm"", ""ranking_category_code"": ""272103100"", ""ranking_category_name"": ""남성의류>상의"", ""review_avg"": 5.0, ""sale_percent"": 19, ""sale_price"": 42930, ""sold_out"": false, ""url"": ""https://product.29cm.co.kr/catalog/3354307""}",2026-10-10T01:00:29+00:00_fea744f1
2026-10-10T10:00:29+09:00,2026-10-10T01:00:31+00:00,commerce_rank,Vintage Long Sleeve Henley Shirt Black,29cm:3354340,heart_count,2339.0,"{""brand_eng"": ""BRONSON"", ""brand_kor"": ""브론슨"", ""brand_no"": 89408, ""category1"": ""여성의류"", ""category2"": ""상의"", ""category3"": ""긴소매 티셔츠"", ""category3_code"": 268103102, ""is_new"": false, ""item_no"": 3354340, ""period_sort"": ""ONE_DAY"", ""platform"": ""29cm"", ""ranking_category_code"": ""272103100"", ""ranking_category_name"": ""남성의류>상의"", ""review_avg"": 5.0, ""sale_percent"": 10, ""sale_price"": 55800, ""sold_out"": false, ""url"": ""https://product.29cm.co.kr/catalog/3354340""}",2026-10-10T01:00:29+00:00_fea744f1
2026-10-10T10:00:29+09:00,2026-10-10T01:00:31+00:00,commerce_rank,Vintage Long Sleeve Henley Shirt Black,29cm:3354340,review_count,251.0,"{""brand_eng"": ""BRONSON"", ""brand_kor"": ""브론슨"", ""brand_no"": 89408, ""category1"": ""여성의류"", ""category2"": ""상의"", ""category3"": ""긴소매 티셔츠"", ""category3_code"": 268103102, ""is_new"": false, ""item_no"": 3354340, ""period_sort"": ""ONE_DAY"", ""platform"": ""29cm"", ""ranking_category_code"": ""272103100"", ""ranking_category_name"": ""남성의류>상의"", ""review_avg"": 5.0, ""sale_percent"": 10, ""sale_price"": 55800, ""sold_out"": false, ""url"": ""https://product.29cm.co.kr/catalog/3354340""}",2026-10-10T01:00:29+00:00_fea744f1
2026-10-10T10:00:29+09:00,2026-10-10T01:00:31+00:00,commerce_rank,Vintage Long Sleeve Henley Shirt Black,29cm:3354340@272103100,rank,12.0,"{""brand_eng"": ""BRONSON"", ""brand_kor"": ""브론슨"", ""brand_no"": 89408, ""category1"": ""여성의류"", ""category2"": ""상의"", ""category3"": ""긴소매 티셔츠"", ""category3_code"": 268103102, ""is_new"": false, ""item_no"": 3354340, ""period_sort"": ""ONE_DAY"", ""platform"": ""29cm"", ""ranking_category_code"": ""272103100"", ""ranking_category_name"": ""남성의류>상의"", ""review_avg"": 5.0, ""sale_percent"": 10, ""sale_price"": 55800, ""sold_out"": false, ""url"": ""https://product.29cm.co.kr/catalog/3354340""}",2026-10-10T01:00:29+00:00_fea744f1
2026-10-10T10:00:29+09:00,2026-10-10T01:00:31+00:00,commerce_rank,Vintage Long Sleeve Henley Shirt Navy,29cm:3354342,heart_count,735.0,"{""brand_eng"": ""BRONSON"", ""brand_kor"": ""브론슨"", ""brand_no"": 89408, ""category1"": ""여성의류"", ""category2"": ""상의"", ""category3"": ""긴소매 티셔츠"", ""category3_code"": 268103102, ""is_new"": false, ""item_no"": 3354342, ""period_sort"": ""ONE_DAY"", ""platform"": ""29cm"", ""ranking_category_code"": ""272103100"", ""ranking_category_name"": ""남성의류>상의"", ""review_avg"": 5.0, ""sale_percent"": 10, ""sale_price"": 55800, ""sold_out"": false, ""url"": ""https://product.29cm.co.kr/catalog/3354342""}",2026-10-10T01:00:29+00:00_fea744f1
2026-10-10T10:00:29+09:00,2026-10-10T01:00:31+00:00,commerce_rank,Vintage Long Sleeve Henley Shirt Navy,29cm:3354342,review_count,120.0,"{""brand_eng"": ""BRONSON"", ""brand_kor"": ""브론슨"", ""brand_no"": 89408, ""category1"": ""여성의류"", ""category2"": ""상의"", ""category3"": ""긴소매 티셔츠"", ""category3_code"": 268103102, ""is_new"": false, ""item_no"": 3354342, ""period_sort"": ""ONE_DAY"", ""platform"": ""29cm"", ""ranking_category_code"": ""272103100"", ""ranking_category_name"": ""남성의류>상의"", ""review_avg"": 5.0, ""sale_percent"": 10, ""sale_price"": 55800, ""sold_out"": false, ""url"": ""https://product.29cm.co.kr/catalog/3354342""}",2026-10-10T01:00:29+00:00_fea744f1
2026-10-10T10:00:29+09:00,2026-10-10T01:00:31+00:00,commerce_rank,Vintage Long Sleeve Henley Shirt Navy,29cm:3354342@272103100,rank,11.0,"{""brand_eng"": ""BRONSON"", ""brand_kor"": ""브론슨"", ""brand_no"": 89408, ""category1"": ""여성의류"", ""category2"": ""상의"", ""category3"": ""긴소매 티셔츠"", ""category3_code"": 268103102, ""is_new"": false, ""item_no"": 3354342, ""period_sort"": ""ONE_DAY"", ""platform"": ""29cm"", ""ranking_category_code"": ""272103100"", ""ranking_category_name"": ""남성의류>상의"", ""review_avg"": 5.0, ""sale_percent"": 10, ""sale_price"": 55800, ""sold_out"": false, ""url"": ""https://product.29cm.co.kr/catalog/3354342""}",2026-10-10T01:00:29+00:00_fea744f1
2026-10-10T10:00:29+09:00,2026-10-10T01:00:31+00:00,commerce_rank,Vintage Long Sleeve Henley Shirt White,29cm:3354346,heart_count,508.0,"{""brand_eng"": ""BRONSON"", ""brand_kor"": ""브론슨"", ""brand_no"": 89408, ""category1"": ""여성의류"", ""category2"": ""상의"", ""category3"": ""긴소매 티셔츠"", ""category3_code"": 268103102, ""is_new"": false, ""item_no"": 3354346, ""period_sort"": ""ONE_DAY"", ""platform"": ""29cm"", ""ranking_category_code"": ""272103100"", ""ranking_category_name"": ""남성의류>상의"", ""review_avg"": 5.0, ""sale_percent"": 10, ""sale_price"": 55800, ""sold_out"": false, ""url"": ""https://product.29cm.co.kr/catalog/3354346""}",2026-10-10T01:00:29+00:00_fea744f1
2026-10-10T10:00:29+09:00,2026-10-10T01:00:31+00:00,commerce_rank,Vintage Long Sleeve Henley Shirt White,29cm:3354346,review_count,150.0,"{""brand_eng"": ""BRONSON"", ""brand_kor"": ""브론슨"", ""brand_no"": 89408, ""category1"": ""여성의류"", ""category2"": ""상의"", ""category3"": ""긴소매 티셔츠"", ""category3_code"": 268103102, ""is_new"": false, ""item_no"": 3354346, ""period_sort"": ""ONE_DAY"", ""platform"": ""29cm"", ""ranking_category_code"": ""272103100"", ""ranking_category_name"": ""남성의류>상의"", ""review_avg"": 5.0, ""sale_percent"": 10, ""sale_price"": 55800, ""sold_out"": false, ""url"": ""https://product.29cm.co.kr/catalog/3354346""}",2026-10-10T01:00:29+00:00_fea744f1
2026-10-10T10:00:29+09:00,2026-10-10T01:00:31+00:00,commerce_rank,Vintage Long Sleeve Henley Shirt White,29cm:3354346@272103100,rank,66.0,"{""brand_eng"": ""BRONSON"", ""brand_kor"": ""브론슨"", ""brand_no"": 89408, ""category1"": ""여성의류"", ""category2"": ""상의"", ""category3"": ""긴소매 티셔츠"", ""category3_code"": 268103102, ""is_new"": false, ""item_no"": 3354346, ""period_sort"": ""ONE_DAY"", ""platform"": ""29cm"", ""ranking_category_code"": ""272103100"", ""ranking_category_name"": ""남성의류>상의"", ""review_avg"": 5.0, ""sale_percent"": 10, ""sale_price"": 55800, ""sold_out"": false, ""url"": ""https://product.29cm.co.kr/catalog/3354346""}",2026-10-10T01:00:29+00:00_fea744f1
2026-10-10T10:00:29+09:00,2026-10-10T01:00:31+00:00,commerce_rank,Retro Horseshoe Graphic Tee Grey,29cm:3354382,heart_count,1717.0,"{""brand_eng"": ""BRONSON"", ""brand_kor"": ""브론슨"", ""brand_no"": 89408, ""category1"": ""여성의류"", ""category2"": ""상의"", ""category3"": ""반소매 티셔츠"", ""category3_code"": 268103101, ""is_new"": false, ""item_no"": 3354382, ""period_sort"": ""ONE_DAY"", ""platform"": ""29cm"", ""ranking_category_code"": ""272103100"", ""ranking_category_name"": ""남성의류>상의"", ""review_avg"": 5.0, ""sale_percent"": 15, ""sale_price"": 35910, ""sold_out"": false, ""url"": ""https://product.29cm.co.kr/catalog/3354382""}",2026-10-10T01:00:29+00:00_fea744f1
2026-10-10T10:00:29+09:00,2026-10-10T01:00:31+00:00,commerce_rank,Retro Horseshoe Graphic Tee Grey,29cm:3354382,review_count,126.0,"{""brand_eng"": ""BRONSON"", ""brand_kor"": ""브론슨"", ""brand_no"": 89408, ""category1"": ""여성의류"", ""category2"": ""상의"", ""category3"": ""반소매 티셔츠"", ""category3_code"": 268103101, ""is_new"": false, ""item_no"": 3354382, ""period_sort"": ""ONE_DAY"", ""platform"": ""29cm"", ""ranking_category_code"": ""272103100"", ""ranking_category_name"": ""남성의류>상의"", ""review_avg"": 5.0, ""sale_percent"": 15, ""sale_price"": 35910, ""sold_out"": false, ""url"": ""https://product.29cm.co.kr/catalog/3354382""}",2026-10-10T01:00:29+00:00_fea744f1
2026-10-10T10:00:29+09:00,2026-10-10T01:00:31+00:00,commerce_rank,Retro Horseshoe Graphic Tee Grey,29cm:3354382@272103100,rank,94.0,"{""brand_eng"": ""BRONSON"", ""brand_kor"": ""브론슨"", ""brand_no"": 89408, ""category1"": ""여성의류"", ""category2"": ""상의"", ""category3"": ""반소매 티셔츠"", ""category3_code"": 268103101, ""is_new"": false, ""item_no"": 3354382, ""period_sort"": ""ONE_DAY"", ""platform"": ""29cm"", ""ranking_category_code"": ""272103100"", ""ranking_category_name"": ""남성의류>상의"", ""review_avg"": 5.0, ""sale_percent"": 15, ""sale_price"": 35910, ""sold_out"": false, ""url"": ""https://product.29cm.co.kr/catalog/3354382""}",2026-10-10T01:00:29+00:00_fea744f1
2026-10-10T10:00:29+09:00,2026-10-10T01:00:31+00:00,commerce_rank,Breton Stripe Tee KR ver. A/N,29cm:3354429,heart_count,508.0,"{""brand_eng"": ""BRONSON"", ""brand_kor"": ""브론슨"", ""brand_no"": 89408, ""category1"": ""여성의류"", ""category2"": ""상의"", ""category3"": ""반소매 티셔츠"", ""category3_code"": 268103101, ""is_new"": false, ""item_no"": 3354429, ""period_sort"": ""ONE_DAY"", ""platform"": ""29cm"", ""ranking_category_code"": ""272103100"", ""ranking_category_name"": ""남성의류>상의"", ""review_avg"": 5.0, ""sale_percent"": 19, ""sale_price"": 34020, ""sold_out"": false, ""url"": ""https://product.29cm.co.kr/catalog/3354429""}",2026-10-10T01:00:29+00:00_fea744f1
2026-10-10T10:00:29+09:00,2026-10-10T01:00:31+00:00,commerce_rank,Breton Stripe Tee KR ver. A/N,29cm:3354429,review_count,90.0,"{""brand_eng"": ""BRONSON"", ""brand_kor"": ""브론슨"", ""brand_no"": 89408, ""category1"": ""여성의류"", ""category2"": ""상의"", ""category3"": ""반소매 티셔츠"", ""category3_code"": 268103101, ""is_new"": false, ""item_no"": 3354429, ""period_sort"": ""ONE_DAY"", ""platform"": ""29cm"", ""ranking_category_code"": ""272103100"", ""ranking_category_name"": ""남성의류>상의"", ""review_avg"": 5.0, ""sale_percent"": 19, ""sale_price"": 34020, ""sold_out"": false, ""url"": ""https://product.29cm.co.kr/catalog/3354429""}",2026-10-10T01:00:29+00:00_fea744f1
2026-10-10T10:00:29+09:00,2026-10-10T01:00:31+00:00,commerce_rank,Breton Stripe Tee KR ver. A/N,29cm:3354429@272103100,rank,44.0,"{""brand_eng"": ""BRONSON"", ""brand_kor"": ""브론슨"", ""brand_no"": 89408, ""category1"": ""여성의류"", ""category2"": ""상의"", ""category3"": ""반소매 티셔츠"", ""category3_code"": 268103101, ""is_new"": false, ""item_no"": 3354429, ""period_sort"": ""ONE_DAY"", ""platform"": ""29cm"", ""ranking_category_code"": ""272103100"", ""ranking_category_name"": ""남성의류>상의"", ""review_avg"": 5.0, ""sale_percent"": 19, ""sale_price"": 34020, ""sold_out"": false, ""url"": ""https://product.29cm.co.kr/catalog/3354429""}",2026-10-10T01:00:29+00:00_fea744f1
2026-10-10T10:00:29+09:00,2026-10-10T01:00:31+00:00,commerce_rank,9oz USA Cotton Tubular Tee Grey,29cm:3355094,heart_count,712.0,"{""brand_eng"": ""BRONSON"", ""brand_kor"": ""브론슨"", ""brand_no"": 89408, ""category1"": ""여성의류"", ""category2"": ""상의"", ""category3"": ""반소매 티셔츠"", ""category3_code"": 268103101, ""is_new"": false, ""item_no"": 3355094, ""period_sort"": ""ONE_DAY"", ""platform"": ""29cm"", ""ranking_category_code"": ""272103100"", ""ranking_category_name"": ""남성의류>상의"", ""review_avg"": 5.0, ""sale_percent"": 28, ""sale_price"": 25200, ""sold_out"": false, ""url"": ""https://product.29cm.co.kr/catalog/3355094""}",2026-10-10T01:00:29+00:00_fea744f1
2026-10-10T10:00:29+09:00,2026-10-10T01:00:31+00:00,commerce_rank,9oz USA Cotton Tubular Tee Grey,29cm:3355094,review_count,109.0,"{""brand_eng"": ""BRONSON"", ""brand_kor"": ""브론슨"", ""brand_no"": 89408, ""category1"": ""여성의류"", ""category2"": ""상의"", ""category3"": ""반소매 티셔츠"", ""category3_code"": 268103101, ""is_new"": false, ""item_no"": 3355094, ""period_sort"": ""ONE_DAY"", ""platform"": ""29cm"", ""ranking_category_code"": ""272103100"", ""ranking_category_name"": ""남성의류>상의"", ""review_avg"": 5.0, ""sale_percent"": 28, ""sale_price"": 25200, ""sold_out"": false, ""url"": ""https://product.29cm.co.kr/catalog/3355094""}",2026-10-10T01:00:29+00:00_fea744f1
2026-10-10T10:00:29+09:00,2026-10-10T01:00:31+00:00,commerce_rank,9oz USA Cotton Tubular Tee Grey,29cm:3355094@272103100,rank,52.0,"{""brand_eng"": ""BRONSON"", ""brand_kor"": ""브론슨"", ""brand_no"": 89408, ""category1"": ""여성의류"", ""category2"": ""상의"", ""category3"": ""반소매 티셔츠"", ""category3_code"": 268103101, ""is_new"": false, ""item_no"": 3355094, ""period_sort"": ""ONE_DAY"", ""platform"": ""29cm"", ""ranking_category_code"": ""272103100"", ""ranking_category_name"": ""남성의류>상의"", ""review_avg"": 5.0, ""sale_percent"": 28, ""sale_price"": 25200, ""sold_out"": false, ""url"": ""https://product.29cm.co.kr/catalog/3355094""}",2026-10-10T01:00:29+00:00_fea744f1
2026-10-10T10:00:29+09:00,2026-10-10T01:00:31+00:00,commerce_rank,9oz USA Cotton Tubular Tee Black,29cm:3355100,heart_count,537.0,"{""brand_eng"": ""BRONSON"", ""brand_kor"": ""브론슨"", ""brand_no"": 89408, ""category1"": ""여성의류"", ""category2"": ""상의"", ""category3"": ""반소매 티셔츠"", ""category3_code"": 268103101, ""is_new"": false, ""item_no"": 3355100, ""period_sort"": ""ONE_DAY"", ""platform"": ""29cm"", ""ranking_category_code"": ""272103100"", ""ranking_category_name"": ""남성의류>상의"", ""review_avg"": 5.0, ""sale_percent"": 28, ""sale_price"": 25200, ""sold_out"": false, ""url"": ""https://product.29cm.co.kr/catalog/3355100""}",2026-10-10T01:00:29+00:00_fea744f1
2026-10-10T10:00:29+09:00,2026-10-10T01:00:31+00:00,commerce_rank,9oz USA Cotton Tubular Tee Black,29cm:3355100,review_count,108.0,"{""brand_eng"": ""BRONSON"", ""brand_kor"": ""브론슨"", ""brand_no"": 89408, ""category1"": ""여성의류"", ""category2"": ""상의"", ""category3"": ""반소매 티셔츠"", ""category3_code"": 268103101, ""is_new"": false, ""item_no"": 3355100, ""period_sort"": ""ONE_DAY"", ""platform"": ""29cm"", ""ranking_category_code"": ""272103100"", ""ranking_category_name"": ""남성의류>상의"", ""review_avg"": 5.0, ""sale_percent"": 28, ""sale_price"": 25200, ""sold_out"": false, ""url"": ""https://product.29cm.co.kr/catalog/3355100""}",2026-10-10T01:00:29+00:00_fea744f1
2026-10-10T10:00:29+09:00,2026-10-10T01:00:31+00:00,commerce_rank,9oz USA Cotton Tubular Tee Black,29cm:3355100@272103100,rank,3.0,"{""brand_eng"": ""BRONSON"", ""brand_kor"": ""브론슨"", ""brand_no"": 89408, ""category1"": ""여성의류"", ""category2"": ""상의"", ""category3"": ""반소매 티셔츠"", ""category3_code"": 268103101, ""is_new"": false, ""item_no"": 3355100, ""period_sort"": ""ONE_DAY"", ""platform"": ""29cm"", ""ranking_category_code"": ""272103100"", ""ranking_category_name"": ""남성의류>상의"", ""review_avg"": 5.0, ""sale_percent"": 28, ""sale_price"": 25200, ""sold_out"": false, ""url"": ""https://product.29cm.co.kr/catalog/3355100""}",2026-10-10T01:00:29+00:00_fea744f1
2026-10-10T10:00:29+09:00,2026-10-10T01:00:31+00:00,commerce_rank,9oz USA Cotton Tubular Tee White,29cm:3355216,heart_count,1349.0,"{""brand_eng"": ""BRONSON"", ""brand_kor"": ""브론슨"", ""brand_no"": 89408, ""category1"": ""여성의류"", ""category2"": ""상의"", ""category3"": ""반소매 티셔츠"", ""category3_code"": 268103101, ""is_new"": false, ""item_no"": 3355216, ""period_sort"": ""ONE_DAY"", ""platform"": ""29cm"", ""ranking_category_code"": ""272103100"", ""ranking_category_name"": ""남성의류>상의"", ""review_avg"": 5.0, ""sale_percent"": 28, ""sale_price"": 25200, ""sold_out"": false, ""url"": ""https://product.29cm.co.kr/catalog/3355216""}",2026-10-10T01:00:29+00:00_fea744f1
2026-10-10T10:00:29+09:00,2026-10-10T01:00:31+00:00,commerce_rank,9oz USA Cotton Tubular Tee White,29cm:3355216,review_count,230.0,"{""brand_eng"": ""BRONSON"", ""brand_kor"": ""브론슨"", ""brand_no"": 89408, ""category1"": ""여성의류"", ""category2"": ""상의"", ""category3"": ""반소매 티셔츠"", ""category3_code"": 268103101, ""is_new"": false, ""item_no"": 3355216, ""period_sort"": ""ONE_DAY"", ""platform"": ""29cm"", ""ranking_category_code"": ""272103100"", ""ranking_category_name"": ""남성의류>상의"", ""review_avg"": 5.0, ""sale_percent"": 28, ""sale_price"": 25200, ""sold_out"": false, ""url"": ""https://product.29cm.co.kr/catalog/3355216""}",2026-10-10T01:00:29+00:00_fea744f1
2026-10-10T10:00:29+09:00,2026-10-10T01:00:31+00:00,commerce_rank,9oz USA Cotton Tubular Tee White,29cm:3355216@272103100,rank,2.0,"{""brand_eng"": ""BRONSON"", ""brand_kor"": ""브론슨"", ""brand_no"": 89408, ""category1"": ""여성의류"", ""category2"": ""상의"", ""category3"": ""반소매 티셔츠"", ""category3_code"": 268103101, ""is_new"": false, ""item_no"": 3355216, ""period_sort"": ""ONE_DAY"", ""platform"": ""29cm"", ""ranking_category_code"": ""272103100"", ""ranking_category_name"": ""남성의류>상의"", ""review_avg"": 5.0, ""sale_percent"": 28, ""sale_price"": 25200, ""sold_out"": false, ""url"": ""https://product.29cm.co.kr/catalog/3355216""}",2026-10-10T01:00:29+00:00_fea744f1
2026-10-10T10:00:29+09:00,2026-10-10T01:00:29+00:00,commerce_rank,[닝닝 착용] 3/4 BUTTON FLY TEE_3 Colors,29cm:3364834,heart_count,23233.0,"{""brand_eng"": ""GLOWNY"", ""brand_kor"": ""글로니"", ""brand_no"": 16723, ""category1"": ""여성의류"", ""category2"": ""단독"", ""category3"": ""상의"", ""category3_code"": 268116101, ""is_new"": false, ""item_no"": 3364834, ""period_sort"": ""ONE_DAY"", ""platform"": ""29cm"", ""ranking_category_code"": ""268103100"", ""ranking_category_name"": ""여성의류>상의"", ""review_avg"": 5.0, ""sale_percent"": 0, ""sale_price"": 50000, ""sold_out"": false, ""url"": ""https://product.29cm.co.kr/catalog/3364834""}",2026-10-10T01:00:29+00:00_fea744f1
2026-10-10T10:00:29+09:00,2026-10-10T01:00:29+00:00,commerce_rank,[닝닝 착용] 3/4 BUTTON FLY TEE_3 Colors,29cm:3364834,review_count,1053.0,"{""brand_eng"": ""GLOWNY"", ""brand_kor"": ""글로니"", ""brand_no"": 16723, ""category1"": ""여성의류"", ""category2"": ""단독"", ""category3"": ""상의"", ""category3_code"": 268116101, ""is_new"": false, ""item_no"": 3364834, ""period_sort"": ""ONE_DAY"", ""platform"": ""29cm"", ""ranking_category_code"": ""268103100"", ""ranking_category_name"": ""여성의류>상의"", ""review_avg"": 5.0, ""sale_percent"": 0, ""sale_price"": 50000, ""sold_out"": false, ""url"": ""https://product.29cm.co.kr/catalog/3364834""}",2026-10-10T01:00:29+00:00_fea744f1
2026-10-10T10:00:29+09:00,2026-10-10T01:00:29+00:00,commerce_rank,[닝닝 착용] 3/4 BUTTON FLY TEE_3 Colors,29cm:3364834@268103100,rank,85.0,"{""brand_eng"": ""GLOWNY"", ""brand_kor"": ""글로니"", ""brand_no"": 16723, ""category1"": ""여성의류"", ""category2"": ""단독"", ""category3"": ""상의"", ""category3_code"": 268116101, ""is_new"": false, ""item_no"": 3364834, ""period_sort"": ""ONE_DAY"", ""platform"": ""29cm"", ""ranking_category_code"": ""268103100"", ""ranking_category_name"": ""여성의류>상의"", ""review_avg"": 5.0, ""sale_percent"": 0, ""sale_price"": 50000, ""sold_out"": false, ""url"": ""https://product.29cm.co.kr/catalog/3364834""}",2026-10-10T01:00:29+00:00_fea744f1
2026-10-10T10:00:29+09:00,2026-10-10T01:00:31+00:00,commerce_rank,Heavyweight Waffle Cotton Underwear White,29cm:3388469,heart_count,264.0,"{""brand_eng"": ""BRONSON"", ""brand_kor"": ""브론슨"", ""brand_no"": 89408, ""category1"": ""여성의류"", ""category2"": ""상의"", ""category3"": ""긴소매 티셔츠"", ""category3_code"": 268103102, ""is_new"": false, ""item_no"": 3388469, ""period_sort"": ""ONE_DAY"", ""platform"": ""29cm"", ""ranking_category_code"": ""272103100"", ""ranking_category_name"": ""남성의류>상의"", ""review_avg"": 5.0, ""sale_percent"": 10, ""sale_price"": 48600, ""sold_out"": false, ""url"": ""https://product.29cm.co.kr/catalog/3388469""}",2026-10-10T01:00:29+00:00_fea744f1
2026-10-10T10:00:29+09:00,2026-10-10T01:00:31+00:00,commerce_rank,Heavyweight Waffle Cotton Underwear White,29cm:3388469,review_count,19.0,"{""brand_eng"": ""BRONSON"", ""brand_kor"": ""브론슨"", ""brand_no"": 89408, ""category1"": ""여성의류"", ""category2"": ""상의"", ""category3"": ""긴소매 티셔츠"", ""category3_code"": 268103102, ""is_new"": false, ""item_no"": 3388469, ""period_sort"": ""ONE_DAY"", ""platform"": ""29cm"", ""ranking_category_code"": ""272103100"", ""ranking_category_name"": ""남성의류>상의"", ""review_avg"": 5.0, ""sale_percent"": 10, ""sale_price"": 48600, ""sold_out"": false, ""url"": ""https://product.29cm.co.kr/catalog/3388469""}",2026-10-10T01:00:29+00:00_fea744f1
2026-10-10T10:00:29+09:00,2026-10-10T01:00:31+00:00,commerce_rank,Heavyweight Waffle Cotton Underwear White,29cm:3388469@272103100,rank,31.0,"{""brand_eng"": ""BRONSON"", ""brand_kor"": ""브론슨"", ""brand_no"": 89408, ""category1"": ""여성의류"", ""category2"": ""상의"", ""category3"": ""긴소매 티셔츠"", ""category3_code"": 268103102, ""is_new"": false, ""item_no"": 3388469, ""period_sort"": ""ONE_DAY"", ""platform"": ""29cm"", ""ranking_category_code"": ""272103100"", ""ranking_category_name"": ""남성의류>상의"", ""review_avg"": 5.0, ""sale_percent"": 10, ""sale_price"": 48600, ""sold_out"": false, ""url"": ""https://product.29cm.co.kr/catalog/3388469""}",2026-10-10T01:00:29+00:00_fea744f1
2026-10-10T10:00:29+09:00,2026-10-10T01:00:31+00:00,commerce_rank,Heavyweight Waffle Cotton Underwear Grey,29cm:3388472,heart_count,525.0,"{""brand_eng"": ""BRONSON"", ""brand_kor"": ""브론슨"", ""brand_no"": 89408, ""category1"": ""여성의류"", ""category2"": ""상의"", ""category3"": ""긴소매 티셔츠"", ""category3_code"": 268103102, ""is_new"": false, ""item_no"": 3388472, ""period_sort"": ""ONE_DAY"", ""platform"": ""29cm"", ""ranking_category_code"": ""272103100"", ""ranking_category_name"": ""남성의류>상의"", ""review_avg"": 5.0, ""sale_percent"": 10, ""sale_price"": 48600, ""sold_out"": false, ""url"": ""https://product.29cm.co.kr/catalog/3388472""}",2026-10-10T01:00:29+00:00_fea744f1
2026-10-10T10:00:29+09:00,2026-10-10T01:00:31+00:00,commerce_rank,Heavyweight Waffle Cotton Underwear Grey,29cm:3388472,review_count,32.0,"{""brand_eng"": ""BRONSON"", ""brand_kor"": ""브론슨"", ""brand_no"": 89408, ""category1"": ""여성의류"", ""category2"": ""상의"", ""category3"": ""긴소매 티셔츠"", ""category3_code"": 268103102, ""is_new"": false, ""item_no"": 3388472, ""period_sort"": ""ONE_DAY"", ""platform"": ""29cm"", ""ranking_category_code"": ""272103100"", ""ranking_category_name"": ""남성의류>상의"", ""review_avg"": 5.0, ""sale_percent"": 10, ""sale_price"": 48600, ""sold_out"": false, ""url"": ""https://product.29cm.co.kr/catalog/3388472""}",2026-10-10T01:00:29+00:00_fea744f1
2026-10-10T10:00:29+09:00,2026-10-10T01:00:31+00:00,commerce_rank,Heavyweight Waffle Cotton Underwear Grey,29cm:3388472@272103100,rank,9.0,"{""brand_eng"": ""BRONSON"", ""brand_kor"": ""브론슨"", ""brand_no"": 89408, ""category1"": ""여성의류"", ""category2"": ""상의"", ""category3"": ""긴소매 티셔츠"", ""category3_code"": 268103102, ""is_new"": false, ""item_no"": 3388472, ""period_sort"": ""ONE_DAY"", ""platform"": ""29cm"", ""ranking_category_code"": ""272103100"", ""ranking_category_name"": ""남성의류>상의"", ""review_avg"": 5.0, ""sale_percent"": 10, ""sale_price"": 48600, ""sold_out"": false, ""url"": ""https://product.29cm.co.kr/catalog/3388472""}",2026-10-10T01:00:29+00:00_fea744f1
2026-10-10T10:00:29+09:00,2026-10-10T01:00:31+00:00,commerce_rank,배색 래글런 긴팔 티셔츠 네이비,29cm:3399896,heart_count,59.0,"{""brand_eng"": ""Lee"", ""brand_kor"": ""리"", ""brand_no"": 15263, ""category1"": ""남성의류"", ""category2"": ""상의"", ""category3"": ""긴소매 티셔츠"", ""category3_code"": 272103102, ""is_new"": false, ""item_no"": 3399896, ""period_sort"": ""ONE_DAY"", ""platform"": ""29cm"", ""ranking_category_code"": ""272103100"", ""ranking_category_name"": ""남성의류>상의"", ""review_avg"": 5.0, ""sale_percent"": 64, ""sale_price"": 24930, ""sold_out"": false, ""url"": ""https://product.29cm.co.kr/catalog/3399896""}",2026-10-10T01:00:29+00:00_fea744f1
2026-10-10T10:00:29+09:00,2026-10-10T01:00:31+00:00,commerce_rank,배색 래글런 긴팔 티셔츠 네이비,29cm:3399896,review_count,5.0,"{""brand_eng"": ""Lee"", ""brand_kor"": ""리"", ""brand_no"": 15263, ""category1"": ""남성의류"", ""category2"": ""상의"", ""category3"": ""긴소매 티셔츠"", ""category3_code"": 272103102, ""is_new"": false, ""item_no"": 3399896, ""period_sort"": ""ONE_DAY"", ""platform"": ""29cm"", ""ranking_category_code"": ""272103100"", ""ranking_category_name"": ""남성의류>상의"", ""review_avg"": 5.0, ""sale_percent"": 64, ""sale_price"": 24930, ""sold_out"": false, ""url"": ""https://product.29cm.co.kr/catalog/3399896""}",2026-10-10T01:00:29+00:00_fea744f1
2026-10-10T10:00:29+09:00,2026-10-10T01:00:31+00:00,commerce_rank,배색 래글런 긴팔 티셔츠 네이비,29cm:3399896@272103100,rank,95.0,"{""brand_eng"": ""Lee"", ""brand_kor"": ""리"", ""brand_no"": 15263, ""category1"": ""남성의류"", ""category2"": ""상의"", ""category3"": ""긴소매 티셔츠"", ""category3_code"": 272103102, ""is_new"": false, ""item_no"": 3399896, ""period_sort"": ""ONE_DAY"", ""platform"": ""29cm"", ""ranking_category_code"": ""272103100"", ""ranking_category_name"": ""남성의류>상의"", ""review_avg"": 5.0, ""sale_percent"": 64, ""sale_price"": 24930, ""sold_out"": false, ""url"": ""https://product.29cm.co.kr/catalog/3399896""}",2026-10-10T01:00:29+00:00_fea744f1
2026-10-10T10:00:29+09:00,2026-10-10T01:00:29+00:00,commerce_rank,Reversible 3/4 Sleeve Tee_Ivory,29cm:3410565,heart_count,21528.0,"{""brand_eng"": ""108POUND"", ""brand_kor"": ""108파운드"", ""brand_no"": 86198, ""category1"": ""여성의류"", ""category2"": ""상의"", ""category3"": ""긴소매 티셔츠"", ""category3_code"": 268103102, ""is_new"": false, ""item_no"": 3410565, ""period_sort"": ""ONE_DAY"", ""platform"": ""29cm"", ""ranking_category_code"": ""268103100"", ""ranking_category_name"": ""여성의류>상의"", ""review_avg"": 4.5, ""sale_percent"": 32, ""sale_price"": 26330, ""sold_out"": false, ""url"": ""https://product.29cm.co.kr/catalog/3410565""}",2026-10-10T01:00:29+00:00_fea744f1
2026-10-10T10:00:29+09:00,2026-10-10T01:00:29+00:00,commerce_rank,Reversible 3/4 Sleeve Tee_Ivory,29cm:3410565,review_count,976.0,"{""brand_eng"": ""108POUND"", ""brand_kor"": ""108파운드"", ""brand_no"": 86198, ""category1"": ""여성의류"", ""category2"": ""상의"", ""category3"": ""긴소매 티셔츠"", ""category3_code"": 268103102, ""is_new"": false, ""item_no"": 3410565, ""period_sort"": ""ONE_DAY"", ""platform"": ""29cm"", ""ranking_category_code"": ""268103100"", ""ranking_category_name"": ""여성의류>상의"", ""review_avg"": 4.5, ""sale_percent"": 32, ""sale_price"": 26330, ""sold_out"": false, ""url"": ""https://product.29cm.co.kr/catalog/3410565""}",2026-10-10T01:00:29+00:00_fea744f1
2026-10-10T10:00:29+09:00,2026-10-10T01:00:29+00:00,commerce_rank,Reversible 3/4 Sleeve Tee_Ivory,29cm:3410565@268103100,rank,18.0,"{""brand_eng"": ""108POUND"", ""brand_kor"": ""108파운드"", ""brand_no"": 86198, ""category1"": ""여성의류"", ""category2"": ""상의"", ""category3"": ""긴소매 티셔츠"", ""category3_code"": 268103102, ""is_new"": false, ""item_no"": 3410565, ""period_sort"": ""ONE_DAY"", ""platform"": ""29cm"", ""ranking_category_code"": ""268103100"", ""ranking_category_name"": ""여성의류>상의"", ""review_avg"": 4.5, ""sale_percent"": 32, ""sale_price"": 26330, ""sold_out"": false, ""url"": ""https://product.29cm.co.kr/catalog/3410565""}",2026-10-10T01:00:29+00:00_fea744f1
2026-10-10T10:00:29+09:00,2026-10-10T01:00:29+00:00,commerce_rank,"[토모토모, 이나 PICK] 에센셜 레이어드 긴팔 티셔츠 MDTS084_8 Colors",29cm:3415743,heart_count,14280.0,"{""brand_eng"": ""MONGDOL"", ""brand_kor"": ""몽돌"", ""brand_no"": 10654, ""category1"": ""여성의류"", ""category2"": ""상의"", ""category3"": ""긴소매 티셔츠"", ""category3_code"": 268103102, ""is_new"": false, ""item_no"": 3415743, ""period_sort"": ""ONE_DAY"", ""platform"": ""29cm"", ""ranking_category_code"": ""268103100"", ""ranking_category_name"": ""여성의류>상의"", ""review_avg"": 4.5, ""sale_percent"": 36, ""sale_price"": 30920, ""sold_out"": false, ""url"": ""https://product.29cm.co.kr/catalog/3415743""}",2026-10-10T01:00:29+00:00_fea744f1
2026-10-10T10:00:29+09:00,2026-10-10T01:00:29+00:00,commerce_rank,"[토모토모, 이나 PICK] 에센셜 레이어드 긴팔 티셔츠 MDTS084_8 Colors",29cm:3415743,review_count,327.0,"{""brand_eng"": ""MONGDOL"", ""brand_kor"": ""몽돌"", ""brand_no"": 10654, ""category1"": ""여성의류"", ""category2"": ""상의"", ""category3"": ""긴소매 티셔츠"", ""category3_code"": 268103102, ""is_new"": false, ""item_no"": 3415743, ""period_sort"": ""ONE_DAY"", ""platform"": ""29cm"", ""ranking_category_code"": ""268103100"", ""ranking_category_name"": ""여성의류>상의"", ""review_avg"": 4.5, ""sale_percent"": 36, ""sale_price"": 30920, ""sold_out"": false, ""url"": ""https://product.29cm.co.kr/catalog/3415743""}",2026-10-10T01:00:29+00:00_fea744f1
2026-10-10T10:00:29+09:00,2026-10-10T01:00:29+00:00,commerce_rank,"[토모토모, 이나 PICK] 에센셜 레이어드 긴팔 티셔츠 MDTS084_8 Colors",29cm:3415743@268103100,rank,5.0,"{""brand_eng"": ""MONGDOL"", ""brand_kor"": ""몽돌"", ""brand_no"": 10654, ""category1"": ""여성의류"", ""category2"": ""상의"", ""category3"": ""긴소매 티셔츠"", ""category3_code"": 268103102, ""is_new"": false, ""item_no"": 3415743, ""period_sort"": ""ONE_DAY"", ""platform"": ""29cm"", ""ranking_category_code"": ""268103100"", ""ranking_category_name"": ""여성의류>상의"", ""review_avg"": 4.5, ""sale_percent"": 36, ""sale_price"": 30920, ""sold_out"": false, ""url"": ""https://product.29cm.co.kr/catalog/3415743""}",2026-10-10T01:00:29+00:00_fea744f1
2026-10-10T10:00:29+09:00,2026-10-10T01:00:29+00:00,commerce_rank,Henley Neck Stripe Long Sleeve Black,29cm:3429540,heart_count,9512.0,"{""brand_eng"": ""partimento"", ""brand_kor"": ""파르티멘토"", ""brand_no"": 1588, ""category1"": ""여성의류"", ""category2"": ""상의"", ""category3"": ""긴소매 티셔츠"", ""category3_code"": 268103102, ""is_new"": false, ""item_no"": 3429540, ""period_sort"": ""ONE_DAY"", ""platform"": ""29cm"", ""ranking_category_code"": ""268103100"", ""ranking_category_name"": ""여성의류>상의"", ""review_avg"": 5.0, ""sale_percent"": 33, ""sale_price"": 32850, ""sold_out"": false, ""url"": ""https://product.29cm.co.kr/catalog/3429540""}",2026-10-10T01:00:29+00:00_fea744f1
2026-10-10T10:00:29+09:00,2026-10-10T01:00:29+00:00,commerce_rank,Henley Neck Stripe Long Sleeve Black,29cm:3429540,review_count,454.0,"{""brand_eng"": ""partimento"", ""brand_kor"": ""파르티멘토"", ""brand_no"": 1588, ""category1"": ""여성의류"", ""category2"": ""상의"", ""category3"": ""긴소매 티셔츠"", ""category3_code"": 268103102, ""is_new"": false, ""item_no"": 3429540, ""period_sort"": ""ONE_DAY"", ""platform"": ""29cm"", ""ranking_category_code"": ""268103100"", ""ranking_category_name"": ""여성의류>상의"", ""review_avg"": 5.0, ""sale_percent"": 33, ""sale_price"": 32850, ""sold_out"": false, ""url"": ""https://product.29cm.co.kr/catalog/3429540""}",2026-10-10T01:00:29+00:00_fea744f1
2026-10-10T10:00:29+09:00,2026-10-10T01:00:29+00:00,commerce_rank,Henley Neck Stripe Long Sleeve Black,29cm:3429540@268103100,rank,4.0,"{""brand_eng"": ""partimento"", ""brand_kor"": ""파르티멘토"", ""brand_no"": 1588, ""category1"": ""여성의류"", ""category2"": ""상의"", ""category3"": ""긴소매 티셔츠"", ""category3_code"": 268103102, ""is_new"": false, ""item_no"": 3429540, ""period_sort"": ""ONE_DAY"", ""platform"": ""29cm"", ""ranking_category_code"": ""268103100"", ""ranking_category_name"": ""여성의류>상의"", ""review_avg"": 5.0, ""sale_percent"": 33, ""sale_price"": 32850, ""sold_out"": false, ""url"": ""https://product.29cm.co.kr/catalog/3429540""}",2026-10-10T01:00:29+00:00_fea744f1
2026-10-10T10:00:29+09:00,2026-10-10T01:00:29+00:00,commerce_rank,Circle Star Layered Long Sleeve Black,29cm:3429552,heart_count,7422.0,"{""brand_eng"": ""partimento"", ""brand_kor"": ""파르티멘토"", ""brand_no"": 1588, ""category1"": ""여성의류"", ""category2"": ""상의"", ""category3"": ""긴소매 티셔츠"", ""category3_code"": 268103102, ""is_new"": false, ""item_no"": 3429552, ""period_sort"": ""ONE_DAY"", ""platform"": ""29cm"", ""ranking_category_code"": ""268103100"", ""ranking_category_name"": ""여성의류>상의"", ""review_avg"": 5.0, ""sale_percent"": 33, ""sale_price"": 32850, ""sold_out"": false, ""url"": ""https://product.29cm.co.kr/catalog/3429552""}",2026-10-10T01:00:29+00:00_fea744f1
2026-10-10T10:00:29+09:00,2026-10-10T01:00:29+00:00,commerce_rank,Circle Star Layered Long Sleeve Black,29cm:3429552,review_count,505.0,"{""brand_eng"": ""partimento"", ""brand_kor"": ""파르티멘토"", ""brand_no"": 1588, ""category1"": ""여성의류"", ""category2"": ""상의"", ""category3"": ""긴소매 티셔츠"", ""category3_code"": 268103102, ""is_new"": false, ""item_no"": 3429552, ""period_sort"": ""ONE_DAY"", ""platform"": ""29cm"", ""ranking_category_code"": ""268103100"", ""ranking_category_name"": ""여성의류>상의"", ""review_avg"": 5.0, ""sale_percent"": 33, ""sale_price"": 32850, ""sold_out"": false, ""url"": ""https://product.29cm.co.kr/catalog/3429552""}",2026-10-10T01:00:29+00:00_fea744f1
2026-10-10T10:00:29+09:00,2026-10-10T01:00:29+00:00,commerce_rank,Circle Star Layered Long Sleeve Black,29cm:3429552@268103100,rank,44.0,"{""brand_eng"": ""partimento"", ""brand_kor"": ""파르티멘토"", ""brand_no"": 1588, ""category1"": ""여성의류"", ""category2"": ""상의"", ""category3"": ""긴소매 티셔츠"", ""category3_code"": 268103102, ""is_new"": false, ""item_no"": 3429552, ""period_sort"": ""ONE_DAY"", ""platform"": ""29cm"", ""ranking_category_code"": ""268103100"", ""ranking_category_name"": ""여성의류>상의"", ""review_avg"": 5.0, ""sale_percent"": 33, ""sale_price"": 32850, ""sold_out"": false, ""url"": ""https://product.29cm.co.kr/catalog/3429552""}",2026-10-10T01:00:29+00:00_fea744f1
2026-10-10T10:00:29+09:00,2026-10-10T01:00:31+00:00,commerce_rank,TG3-SH13 블랙 워시드 데님 셔츠,29cm:3434711,heart_count,803.0,"{""brand_eng"": ""THOMAS MORE"", ""brand_kor"": ""토마스모어"", ""brand_no"": 2111, ""category1"": ""남성의류"", ""category2"": ""상의"", ""category3"": ""긴소매 셔츠"", ""category3_code"": 272103106, ""is_new"": false, ""item_no"": 3434711, ""period_sort"": ""ONE_DAY"", ""platform"": ""29cm"", ""ranking_category_code"": ""272103100"", ""ranking_category_name"": ""남성의류>상의"", ""review_avg"": 4.5, ""sale_percent"": 0, ""sale_price"": 67500, ""sold_out"": false, ""url"": ""https://product.29cm.co.kr/catalog/3434711""}",2026-10-10T01:00:29+00:00_fea744f1
2026-10-10T10:00:29+09:00,2026-10-10T01:00:31+00:00,commerce_rank,TG3-SH13 블랙 워시드 데님 셔츠,29cm:3434711,review_count,53.0,"{""brand_eng"": ""THOMAS MORE"", ""brand_kor"": ""토마스모어"", ""brand_no"": 2111, ""category1"": ""남성의류"", ""category2"": ""상의"", ""category3"": ""긴소매 셔츠"", ""category3_code"": 272103106, ""is_new"": false, ""item_no"": 3434711, ""period_sort"": ""ONE_DAY"", ""platform"": ""29cm"", ""ranking_category_code"": ""272103100"", ""ranking_category_name"": ""남성의류>상의"", ""review_avg"": 4.5, ""sale_percent"": 0, ""sale_price"": 67500, ""sold_out"": false, ""url"": ""https://product.29cm.co.kr/catalog/3434711""}",2026-10-10T01:00:29+00:00_fea744f1
2026-10-10T10:00:29+09:00,2026-10-10T01:00:31+00:00,commerce_rank,TG3-SH13 블랙 워시드 데님 셔츠,29cm:3434711@272103100,rank,40.0,"{""brand_eng"": ""THOMAS MORE"", ""brand_kor"": ""토마스모어"", ""brand_no"": 2111, ""category1"": ""남성의류"", ""category2"": ""상의"", ""category3"": ""긴소매 셔츠"", ""category3_code"": 272103106, ""is_new"": false, ""item_no"": 3434711, ""period_sort"": ""ONE_DAY"", ""platform"": ""29cm"", ""ranking_category_code"": ""272103100"", ""ranking_category_name"": ""남성의류>상의"", ""review_avg"": 4.5, ""sale_percent"": 0, ""sale_price"": 67500, ""sold_out"": false, ""url"": ""https://product.29cm.co.kr/catalog/3434711""}",2026-10-10T01:00:29+00:00_fea744f1
2026-10-10T10:00:29+09:00,2026-10-10T01:00:29+00:00,commerce_rank,Wool Blend Comfort-Fit Waffle Long-sleeve T-shirt_CTT392(5color),29cm:3437541,heart_count,6051.0,"{""brand_eng"": ""CITTA"", ""brand_kor"": ""씨타"", ""brand_no"": 71833, ""category1"": ""여성의류"", ""category2"": ""상의"", ""category3"": ""긴소매 티셔츠"", ""category3_code"": 268103102, ""is_new"": false, ""item_no"": 3437541, ""period_sort"": ""ONE_DAY"", ""platform"": ""29cm"", ""ranking_category_code"": ""268103100"", ""ranking_category_name"": ""여성의류>상의"", ""review_avg"": 4.5, ""sale_percent"": 44, ""sale_price"": 29680, ""sold_out"": false, ""url"": ""https://product.29cm.co.kr/catalog/3437541""}",2026-10-10T01:00:29+00:00_fea744f1
2026-10-10T10:00:29+09:00,2026-10-10T01:00:29+00:00,commerce_rank,Wool Blend Comfort-Fit Waffle Long-sleeve T-shirt_CTT392(5color),29cm:3437541,review_count,447.0,"{""brand_eng"": ""CITTA"", ""brand_kor"": ""씨타"", ""brand_no"": 71833, ""category1"": ""여성의류"", ""category2"": ""상의"", ""category3"": ""긴소매 티셔츠"", ""category3_code"": 268103102, ""is_new"": false, ""item_no"": 3437541, ""period_sort"": ""ONE_DAY"", ""platform"": ""29cm"", ""ranking_category_code"": ""268103100"", ""ranking_category_name"": ""여성의류>상의"", ""review_avg"": 4.5, ""sale_percent"": 44, ""sale_price"": 29680, ""sold_out"": false, ""url"": ""https://product.29cm.co.kr/catalog/3437541""}",2026-10-10T01:00:29+00:00_fea744f1
2026-10-10T10:00:29+09:00,2026-10-10T01:00:29+00:00,commerce_rank,Wool Blend Comfort-Fit Waffle Long-sleeve T-shirt_CTT392(5color),29cm:3437541@268103100,rank,39.0,"{""brand_eng"": ""CITTA"", ""brand_kor"": ""씨타"", ""brand_no"": 71833, ""category1"": ""여성의류"", ""category2"": ""상의"", ""category3"": ""긴소매 티셔츠"", ""category3_code"": 268103102, ""is_new"": false, ""item_no"": 3437541, ""period_sort"": ""ONE_DAY"", ""platform"": ""29cm"", ""ranking_category_code"": ""268103100"", ""ranking_category_name"": ""여성의류>상의"", ""review_avg"": 4.5, ""sale_percent"": 44, ""sale_price"": 29680, ""sold_out"": false, ""url"": ""https://product.29cm.co.kr/catalog/3437541""}",2026-10-10T01:00:29+00:00_fea744f1
2026-10-10T10:00:29+09:00,2026-10-10T01:00:29+00:00,commerce_rank,[29CM 단독컬러] Soft Cotton Relaxed Raglan T-Shirt_CTT391(5color),29cm:3437543,heart_count,10482.0,"{""brand_eng"": ""CITTA"", ""brand_kor"": ""씨타"", ""brand_no"": 71833, ""category1"": ""여성의류"", ""category2"": ""상의"", ""category3"": ""긴소매 티셔츠"", ""category3_code"": 268103102, ""is_new"": false, ""item_no"": 3437543, ""period_sort"": ""ONE_DAY"", ""platform"": ""29cm"", ""ranking_category_code"": ""268103100"", ""ranking_category_name"": ""여성의류>상의"", ""review_avg"": 4.5, ""sale_percent"": 43, ""sale_price"": 37890, ""sold_out"": false, ""url"": ""https://product.29cm.co.kr/catalog/3437543""}",2026-10-10T01:00:29+00:00_fea744f1
2026-10-10T10:00:29+09:00,2026-10-10T01:00:29+00:00,commerce_rank,[29CM 단독컬러] Soft Cotton Relaxed Raglan T-Shirt_CTT391(5color),29cm:3437543,review_count,281.0,"{""brand_eng"": ""CITTA"", ""brand_kor"": ""씨타"", ""brand_no"": 71833, ""category1"": ""여성의류"", ""category2"": ""상의"", ""category3"": ""긴소매 티셔츠"", ""category3_code"": 268103102, ""is_new"": false, ""item_no"": 3437543, ""period_sort"": ""ONE_DAY"", ""platform"": ""29cm"", ""ranking_category_code"": ""268103100"", ""ranking_category_name"": ""여성의류>상의"", ""review_avg"": 4.5, ""sale_percent"": 43, ""sale_price"": 37890, ""sold_out"": false, ""url"": ""https://product.29cm.co.kr/catalog/3437543""}",2026-10-10T01:00:29+00:00_fea744f1
2026-10-10T10:00:29+09:00,2026-10-10T01:00:29+00:00,commerce_rank,[29CM 단독컬러] Soft Cotton Relaxed Raglan T-Shirt_CTT391(5color),29cm:3437543@268103100,rank,9.0,"{""brand_eng"": ""CITTA"", ""brand_kor"": ""씨타"", ""brand_no"": 71833, ""category1"": ""여성의류"", ""category2"": ""상의"", ""category3"": ""긴소매 티셔츠"", ""category3_code"": 268103102, ""is_new"": false, ""item_no"": 3437543, ""period_sort"": ""ONE_DAY"", ""platform"": ""29cm"", ""ranking_category_code"": ""268103100"", ""ranking_category_name"": ""여성의류>상의"", ""review_avg"": 4.5, ""sale_percent"": 43, ""sale_price"": 37890, ""sold_out"": false, ""url"": ""https://product.29cm.co.kr/catalog/3437543""}",2026-10-10T01:00:29+00:00_fea744f1
2026-10-10T10:00:29+09:00,2026-10-10T01:00:29+00:00,commerce_rank,[2 PACK-컬러추가]Essential Golgi Tee-11 colors,29cm:3442256,heart_count,51272.0,"{""brand_eng"": ""BITTERCELLS"", ""brand_kor"": ""비터셀즈"", ""brand_no"": 15063, ""category1"": ""여성의류"", ""category2"": ""상의"", ""category3"": ""긴소매 티셔츠"", ""category3_code"": 268103102, ""is_new"": false, ""item_no"": 3442256, ""period_sort"": ""ONE_DAY"", ""platform"": ""29cm"", ""ranking_category_code"": ""268103100"", ""ranking_category_name"": ""여성의류>상의"", ""review_avg"": 5.0, ""sale_percent"": 19, ""sale_price"": 63180, ""sold_out"": false, ""url"": ""https://product.29cm.co.kr/catalog/3442256""}",2026-10-10T01:00:29+00:00_fea744f1
2026-10-10T10:00:29+09:00,2026-10-10T01:00:29+00:00,commerce_rank,[2 PACK-컬러추가]Essential Golgi Tee-11 colors,29cm:3442256,review_count,2809.0,"{""brand_eng"": ""BITTERCELLS"", ""brand_kor"": ""비터셀즈"", ""brand_no"": 15063, ""category1"": ""여성의류"", ""category2"": ""상의"", ""category3"": ""긴소매 티셔츠"", ""category3_code"": 268103102, ""is_new"": false, ""item_no"": 3442256, ""period_sort"": ""ONE_DAY"", ""platform"": ""29cm"", ""ranking_category_code"": ""268103100"", ""ranking_category_name"": ""여성의류>상의"", ""review_avg"": 5.0, ""sale_percent"": 19, ""sale_price"": 63180, ""sold_out"": false, ""url"": ""https://product.29cm.co.kr/catalog/3442256""}",2026-10-10T01:00:29+00:00_fea744f1
2026-10-10T10:00:29+09:00,2026-10-10T01:00:29+00:00,commerce_rank,[2 PACK-컬러추가]Essential Golgi Tee-11 colors,29cm:3442256@268103100,rank,26.0,"{""brand_eng"": ""BITTERCELLS"", ""brand_kor"": ""비터셀즈"", ""brand_no"": 15063, ""category1"": ""여성의류"", ""category2"": ""상의"", ""category3"": ""긴소매 티셔츠"", ""category3_code"": 268103102, ""is_new"": false, ""item_no"": 3442256, ""period_sort"": ""ONE_DAY"", ""platform"": ""29cm"", ""ranking_category_code"": ""268103100"", ""ranking_category_name"": ""여성의류>상의"", ""review_avg"": 5.0, ""sale_percent"": 19, ""sale_price"": 63180, ""sold_out"": false, ""url"": ""https://product.29cm.co.kr/catalog/3442256""}",2026-10-10T01:00:29+00:00_fea744f1
2026-10-10T10:00:29+09:00,2026-10-10T01:00:29+00:00,commerce_rank,Oversized Essential Shirt-Ivory,29cm:3442316,heart_count,24266.0,"{""brand_eng"": ""BITTERCELLS"", ""brand_kor"": ""비터셀즈"", ""brand_no"": 15063, ""category1"": ""여성의류"", ""category2"": ""상의"", ""category3"": ""셔츠"", ""category3_code"": 268103106, ""is_new"": false, ""item_no"": 3442316, ""period_sort"": ""ONE_DAY"", ""platform"": ""29cm"", ""ranking_category_code"": ""268103100"", ""ranking_category_name"": ""여성의류>상의"", ""review_avg"": 5.0, ""sale_percent"": 10, ""sale_price"": 53100, ""sold_out"": false, ""url"": ""https://product.29cm.co.kr/catalog/3442316""}",2026-10-10T01:00:29+00:00_fea744f1
2026-10-10T10:00:29+09:00,2026-10-10T01:00:29+00:00,commerce_rank,Oversized Essential Shirt-Ivory,29cm:3442316,review_count,692.0,"{""brand_eng"": ""BITTERCELLS"", ""brand_kor"": ""비터셀즈"", ""brand_no"": 15063, ""category1"": ""여성의류"", ""category2"": ""상의"", ""category3"": ""셔츠"", ""category3_code"": 268103106, ""is_new"": false, ""item_no"": 3442316, ""period_sort"": ""ONE_DAY"", ""platform"": ""29cm"", ""ranking_category_code"": ""268103100"", ""ranking_category_name"": ""여성의류>상의"", ""review_avg"": 5.0, ""sale_percent"": 10, ""sale_price"": 53100, ""sold_out"": false, ""url"": ""https://product.29cm.co.kr/catalog/3442316""}",2026-10-10T01:00:29+00:00_fea744f1
2026-10-10T10:00:29+09:00,2026-10-10T01:00:29+00:00,commerce_rank,Oversized Essential Shirt-Ivory,29cm:3442316@268103100,rank,93.0,"{""brand_eng"": ""BITTERCELLS"", ""brand_kor"": ""비터셀즈"", ""brand_no"": 15063, ""category1"": ""여성의류"", ""category2"": ""상의"", ""category3"": ""셔츠"", ""category3_code"": 268103106, ""is_new"": false, ""item_no"": 3442316, ""period_sort"": ""ONE_DAY"", ""platform"": ""29cm"", ""ranking_category_code"": ""268103100"", ""ranking_category_name"": ""여성의류>상의"", ""review_avg"": 5.0, ""sale_percent"": 10, ""sale_price"": 53100, ""sold_out"": false, ""url"": ""https://product.29cm.co.kr/catalog/3442316""}",2026-10-10T01:00:29+00:00_fea744f1
2026-10-10T10:00:29+09:00,2026-10-10T01:00:29+00:00,commerce_rank,[with 다희] Sorbet tencel t-shirt_4colors,29cm:3445741,heart_count,2588.0,"{""brand_eng"": ""URAGO"", ""brand_kor"": ""유라고"", ""brand_no"": 2221, ""category1"": ""여성의류"", ""category2"": ""상의"", ""category3"": ""긴소매 티셔츠"", ""category3_code"": 268103102, ""is_new"": false, ""item_no"": 3445741, ""period_sort"": ""ONE_DAY"", ""platform"": ""29cm"", ""ranking_category_code"": ""268103100"", ""ranking_category_name"": ""여성의류>상의"", ""review_avg"": 4.5, ""sale_percent"": 10, ""sale_price"": 35100, ""sold_out"": false, ""url"": ""https://product.29cm.co.kr/catalog/3445741""}",2026-10-10T01:00:29+00:00_fea744f1
2026-10-10T10:00:29+09:00,2026-10-10T01:00:29+00:00,commerce_rank,[with 다희] Sorbet tencel t-shirt_4colors,29cm:3445741,review_count,104.0,"{""brand_eng"": ""URAGO"", ""brand_kor"": ""유라고"", ""brand_no"": 2221, ""category1"": ""여성의류"", ""category2"": ""상의"", ""category3"": ""긴소매 티셔츠"", ""category3_code"": 268103102, ""is_new"": false, ""item_no"": 3445741, ""period_sort"": ""ONE_DAY"", ""platform"": ""29cm"", ""ranking_category_code"": ""268103100"", ""ranking_category_name"": ""여성의류>상의"", ""review_avg"": 4.5, ""sale_percent"": 10, ""sale_price"": 35100, ""sold_out"": false, ""url"": ""https://product.29cm.co.kr/catalog/3445741""}",2026-10-10T01:00:29+00:00_fea744f1
2026-10-10T10:00:29+09:00,2026-10-10T01:00:29+00:00,commerce_rank,[with 다희] Sorbet tencel t-shirt_4colors,29cm:3445741@268103100,rank,7.0,"{""brand_eng"": ""URAGO"", ""brand_kor"": ""유라고"", ""brand_no"": 2221, ""category1"": ""여성의류"", ""category2"": ""상의"", ""category3"": ""긴소매 티셔츠"", ""category3_code"": 268103102, ""is_new"": false, ""item_no"": 3445741, ""period_sort"": ""ONE_DAY"", ""platform"": ""29cm"", ""ranking_category_code"": ""268103100"", ""ranking_category_name"": ""여성의류>상의"", ""review_avg"": 4.5, ""sale_percent"": 10, ""sale_price"": 35100, ""sold_out"": false, ""url"": ""https://product.29cm.co.kr/catalog/3445741""}",2026-10-10T01:00:29+00:00_fea744f1
2026-10-10T10:00:29+09:00,2026-10-10T01:00:29+00:00,commerce_rank,UNISEX ARCH LOGO SWEATSHIRT MELANGE GREY_UDTS6C104G2,29cm:3450488,heart_count,3636.0,"{""brand_eng"": ""DUNST"", ""brand_kor"": ""던스트"", ""brand_no"": 13310, ""category1"": ""여성의류"", ""category2"": ""상의"", ""category3"": ""스웨트셔츠"", ""category3_code"": 268103104, ""is_new"": false, ""item_no"": 3450488, ""period_sort"": ""ONE_DAY"", ""platform"": ""29cm"", ""ranking_category_code"": ""268103100"", ""ranking_category_name"": ""여성의류>상의"", ""review_avg"": 5.0, ""sale_percent"": 19, ""sale_price"": 63800, ""sold_out"": false, ""url"": ""https://product.29cm.co.kr/catalog/3450488""}",2026-10-10T01:00:29+00:00_fea744f1
2026-10-10T10:00:29+09:00,2026-10-10T01:00:29+00:00,commerce_rank,UNISEX ARCH LOGO SWEATSHIRT MELANGE GREY_UDTS6C104G2,29cm:3450488,review_count,60.0,"{""brand_eng"": ""DUNST"", ""brand_kor"": ""던스트"", ""brand_no"": 13310, ""category1"": ""여성의류"", ""category2"": ""상의"", ""category3"": ""스웨트셔츠"", ""category3_code"": 268103104, ""is_new"": false, ""item_no"": 3450488, ""period_sort"": ""ONE_DAY"", ""platform"": ""29cm"", ""ranking_category_code"": ""268103100"", ""ranking_category_name"": ""여성의류>상의"", ""review_avg"": 5.0, ""sale_percent"": 19, ""sale_price"": 63800, ""sold_out"": false, ""url"": ""https://product.29cm.co.kr/catalog/3450488""}",2026-10-10T01:00:29+00:00_fea744f1
2026-10-10T10:00:29+09:00,2026-10-10T01:00:29+00:00,commerce_rank,UNISEX ARCH LOGO SWEATSHIRT MELANGE GREY_UDTS6C104G2,29cm:3450488@268103100,rank,98.0,"{""brand_eng"": ""DUNST"", ""brand_kor"": ""던스트"", ""brand_no"": 13310, ""category1"": ""여성의류"", ""category2"": ""상의"", ""category3"": ""스웨트셔츠"", ""category3_code"": 268103104, ""is_new"": false, ""item_no"": 3450488, ""period_sort"": ""ONE_DAY"", ""platform"": ""29cm"", ""ranking_category_code"": ""268103100"", ""ranking_category_name"": ""여성의류>상의"", ""review_avg"": 5.0, ""sale_percent"": 19, ""sale_price"": 63800, ""sold_out"": false, ""url"": ""https://product.29cm.co.kr/catalog/3450488""}",2026-10-10T01:00:29+00:00_fea744f1
2026-10-10T10:00:29+09:00,2026-10-10T01:00:31+00:00,commerce_rank,[2팩/세미크롭핏] 스웨트 셔츠,29cm:3450561,heart_count,827.0,"{""brand_eng"": ""DISCUS ATHLETIC"", ""brand_kor"": ""디스커스 애슬레틱"", ""brand_no"": 24583, ""category1"": ""남성의류"", ""category2"": ""상의"", ""category3"": ""스웨트셔츠"", ""category3_code"": 272103107, ""is_new"": false, ""item_no"": 3450561, ""period_sort"": ""ONE_DAY"", ""platform"": ""29cm"", ""ranking_category_code"": ""272103100"", ""ranking_category_name"": ""남성의류>상의"", ""review_avg"": 5.0, ""sale_percent"": 36, ""sale_price"": 69900, ""sold_out"": false, ""url"": ""https://product.29cm.co.kr/catalog/3450561""}",2026-10-10T01:00:29+00:00_fea744f1
2026-10-10T10:00:29+09:00,2026-10-10T01:00:31+00:00,commerce_rank,[2팩/세미크롭핏] 스웨트 셔츠,29cm:3450561,review_count,107.0,"{""brand_eng"": ""DISCUS ATHLETIC"", ""brand_kor"": ""디스커스 애슬레틱"", ""brand_no"": 24583, ""category1"": ""남성의류"", ""category2"": ""상의"", ""category3"": ""스웨트셔츠"", ""category3_code"": 272103107, ""is_new"": false, ""item_no"": 3450561, ""period_sort"": ""ONE_DAY"", ""platform"": ""29cm"", ""ranking_category_code"": ""272103100"", ""ranking_category_name"": ""남성의류>상의"", ""review_avg"": 5.0, ""sale_percent"": 36, ""sale_price"": 69900, ""sold_out"": false, ""url"": ""https://product.29cm.co.kr/catalog/3450561""}",2026-10-10T01:00:29+00:00_fea744f1
2026-10-10T10:00:29+09:00,2026-10-10T01:00:31+00:00,commerce_rank,[2팩/세미크롭핏] 스웨트 셔츠,29cm:3450561@272103100,rank,22.0,"{""brand_eng"": ""DISCUS ATHLETIC"", ""brand_kor"": ""디스커스 애슬레틱"", ""brand_no"": 24583, ""category1"": ""남성의류"", ""category2"": ""상의"", ""category3"": ""스웨트셔츠"", ""category3_code"": 272103107, ""is_new"": false, ""item_no"": 3450561, ""period_sort"": ""ONE_DAY"", ""platform"": ""29cm"", ""ranking_category_code"": ""272103100"", ""ranking_category_name"": ""남성의류>상의"", ""review_avg"": 5.0, ""sale_percent"": 36, ""sale_price"": 69900, ""sold_out"": false, ""url"": ""https://product.29cm.co.kr/catalog/3450561""}",2026-10-10T01:00:29+00:00_fea744f1
2026-10-10T10:00:29+09:00,2026-10-10T01:00:29+00:00,commerce_rank,[8COLORS] 라인드 와플 롱 슬리브,29cm:3450583,heart_count,5065.0,"{""brand_eng"": ""MADDEN"", ""brand_kor"": ""매든"", ""brand_no"": 28008, ""category1"": ""여성의류"", ""category2"": ""상의"", ""category3"": ""긴소매 티셔츠"", ""category3_code"": 268103102, ""is_new"": false, ""item_no"": 3450583, ""period_sort"": ""ONE_DAY"", ""platform"": ""29cm"", ""ranking_category_code"": ""268103100"", ""ranking_category_name"": ""여성의류>상의"", ""review_avg"": 5.0, ""sale_percent"": 11, ""sale_price"": 53310, ""sold_out"": false, ""url"": ""https://product.29cm.co.kr/catalog/3450583""}",2026-10-10T01:00:29+00:00_fea744f1
2026-10-10T10:00:29+09:00,2026-10-10T01:00:29+00:00,commerce_rank,[8COLORS] 라인드 와플 롱 슬리브,29cm:3450583,review_count,239.0,"{""brand_eng"": ""MADDEN"", ""brand_kor"": ""매든"", ""brand_no"": 28008, ""category1"": ""여성의류"", ""category2"": ""상의"", ""category3"": ""긴소매 티셔츠"", ""category3_code"": 268103102, ""is_new"": false, ""item_no"": 3450583, ""period_sort"": ""ONE_DAY"", ""platform"": ""29cm"", ""ranking_category_code"": ""268103100"", ""ranking_category_name"": ""여성의류>상의"", ""review_avg"": 5.0, ""sale_percent"": 11, ""sale_price"": 53310, ""sold_out"": false, ""url"": ""https://product.29cm.co.kr/catalog/3450583""}",2026-10-10T01:00:29+00:00_fea744f1
2026-10-10T10:00:29+09:00,2026-10-10T01:00:29+00:00,commerce_rank,[8COLORS] 라인드 와플 롱 슬리브,29cm:3450583@268103100,rank,24.0,"{""brand_eng"": ""MADDEN"", ""brand_kor"": ""매든"", ""brand_no"": 28008, ""category1"": ""여성의류"", ""category2"": ""상의"", ""category3"": ""긴소매 티셔츠"", ""category3_code"": 268103102, ""is_new"": false, ""item_no"": 3450583, ""period_sort"": ""ONE_DAY"", ""platform"": ""29cm"", ""ranking_category_code"": ""268103100"", ""ranking_category_name"": ""여성의류>상의"", ""review_avg"": 5.0, ""sale_percent"": 11, ""sale_price"": 53310, ""sold_out"": false, ""url"": ""https://product.29cm.co.kr/catalog/3450583""}",2026-10-10T01:00:29+00:00_fea744f1
2026-10-10T10:00:29+09:00,2026-10-10T01:00:29+00:00,commerce_rank,TIE SHIRRING BLOUSE (BEIGE),29cm:3453912,heart_count,3842.0,"{""brand_eng"": ""EAAH"", ""brand_kor"": ""이아"", ""brand_no"": 9707, ""category1"": ""여성의류"", ""category2"": ""상의"", ""category3"": ""블라우스"", ""category3_code"": 268103107, ""is_new"": false, ""item_no"": 3453912, ""period_sort"": ""ONE_DAY"", ""platform"": ""29cm"", ""ranking_category_code"": ""268103100"", ""ranking_category_name"": ""여성의류>상의"", ""review_avg"": 5.0, ""sale_percent"": 0, ""sale_price"": 148000, ""sold_out"": false, ""url"": ""https://product.29cm.co.kr/catalog/3453912""}",2026-10-10T01:00:29+00:00_fea744f1
2026-10-10T10:00:29+09:00,2026-10-10T01:00:29+00:00,commerce_rank,TIE SHIRRING BLOUSE (BEIGE),29cm:3453912,review_count,56.0,"{""brand_eng"": ""EAAH"", ""brand_kor"": ""이아"", ""brand_no"": 9707, ""category1"": ""여성의류"", ""category2"": ""상의"", ""category3"": ""블라우스"", ""category3_code"": 268103107, ""is_new"": false, ""item_no"": 3453912, ""period_sort"": ""ONE_DAY"", ""platform"": ""29cm"", ""ranking_category_code"": ""268103100"", ""ranking_category_name"": ""여성의류>상의"", ""review_avg"": 5.0, ""sale_percent"": 0, ""sale_price"": 148000, ""sold_out"": false, ""url"": ""https://product.29cm.co.kr/catalog/3453912""}",2026-10-10T01:00:29+00:00_fea744f1
2026-10-10T10:00:29+09:00,2026-10-10T01:00:29+00:00,commerce_rank,TIE SHIRRING BLOUSE (BEIGE),29cm:3453912@268103100,rank,79.0,"{""brand_eng"": ""EAAH"", ""brand_kor"": ""이아"", ""brand_no"": 9707, ""category1"": ""여성의류"", ""category2"": ""상의"", ""category3"": ""블라우스"", ""category3_code"": 268103107, ""is_new"": false, ""item_no"": 3453912, ""period_sort"": ""ONE_DAY"", ""platform"": ""29cm"", ""ranking_category_code"": ""268103100"", ""ranking_category_name"": ""여성의류>상의"", ""review_avg"": 5.0, ""sale_percent"": 0, ""sale_price"": 148000, ""sold_out"": false, ""url"": ""https://product.29cm.co.kr/catalog/3453912""}",2026-10-10T01:00:29+00:00_fea744f1
2026-10-10T10:00:29+09:00,2026-10-10T01:00:29+00:00,commerce_rank,"[26th][오제,소진pick]Molly hoodie t-shirt (melange gray)",29cm:3460559,heart_count,11087.0,"{""brand_eng"": ""THE MITTEN"", ""brand_kor"": ""더미튼"", ""brand_no"": 25573, ""category1"": ""여성의류"", ""category2"": ""상의"", ""category3"": ""후디"", ""category3_code"": 268103105, ""is_new"": false, ""item_no"": 3460559, ""period_sort"": ""ONE_DAY"", ""platform"": ""29cm"", ""ranking_category_code"": ""268103100"", ""ranking_category_name"": ""여성의류>상의"", ""review_avg"": 5.0, ""sale_percent"": 24, ""sale_price"": 67330, ""sold_out"": false, ""url"": ""https://product.29cm.co.kr/catalog/3460559""}",2026-10-10T01:00:29+00:00_fea744f1
2026-10-10T10:00:29+09:00,2026-10-10T01:00:29+00:00,commerce_rank,"[26th][오제,소진pick]Molly hoodie t-shirt (melange gray)",29cm:3460559,review_count,403.0,"{""brand_eng"": ""THE MITTEN"", ""brand_kor"": ""더미튼"", ""brand_no"": 25573, ""category1"": ""여성의류"", ""category2"": ""상의"", ""category3"": ""후디"", ""category3_code"": 268103105, ""is_new"": false, ""item_no"": 3460559, ""period_sort"": ""ONE_DAY"", ""platform"": ""29cm"", ""ranking_category_code"": ""268103100"", ""ranking_category_name"": ""여성의류>상의"", ""review_avg"": 5.0, ""sale_percent"": 24, ""sale_price"": 67330, ""sold_out"": false, ""url"": ""https://product.29cm.co.kr/catalog/3460559""}",2026-10-10T01:00:29+00:00_fea744f1
2026-10-10T10:00:29+09:00,2026-10-10T01:00:29+00:00,commerce_rank,"[26th][오제,소진pick]Molly hoodie t-shirt (melange gray)",29cm:3460559@268103100,rank,12.0,"{""brand_eng"": ""THE MITTEN"", ""brand_kor"": ""더미튼"", ""brand_no"": 25573, ""category1"": ""여성의류"", ""category2"": ""상의"", ""category3"": ""후디"", ""category3_code"": 268103105, ""is_new"": false, ""item_no"": 3460559, ""period_sort"": ""ONE_DAY"", ""platform"": ""29cm"", ""ranking_category_code"": ""268103100"", ""ranking_category_name"": ""여성의류>상의"", ""review_avg"": 5.0, ""sale_percent"": 24, ""sale_price"": 67330, ""sold_out"": false, ""url"": ""https://product.29cm.co.kr/catalog/3460559""}",2026-10-10T01:00:29+00:00_fea744f1
2026-10-10T10:00:29+09:00,2026-10-10T01:00:29+00:00,commerce_rank,Lang Stripe Overfit T-shirt_Grey,29cm:3462452,heart_count,15030.0,"{""brand_eng"": ""THE BARNNET"", ""brand_kor"": ""더바넷"", ""brand_no"": 76630, ""category1"": ""여성의류"", ""category2"": ""상의"", ""category3"": ""긴소매 티셔츠"", ""category3_code"": 268103102, ""is_new"": false, ""item_no"": 3462452, ""period_sort"": ""ONE_DAY"", ""platform"": ""29cm"", ""ranking_category_code"": ""268103100"", ""ranking_category_name"": ""여성의류>상의"", ""review_avg"": 5.0, ""sale_percent"": 10, ""sale_price"": 88200, ""sold_out"": false, ""url"": ""https://product.29cm.co.kr/catalog/3462452""}",2026-10-10T01:00:29+00:00_fea744f1
2026-10-10T10:00:29+09:00,2026-10-10T01:00:29+00:00,commerce_rank,Lang Stripe Overfit T-shirt_Grey,29cm:3462452,review_count,685.0,"{""brand_eng"": ""THE BARNNET"", ""brand_kor"": ""더바넷"", ""brand_no"": 76630, ""category1"": ""여성의류"", ""category2"": ""상의"", ""category3"": ""긴소매 티셔츠"", ""category3_code"": 268103102, ""is_new"": false, ""item_no"": 3462452, ""period_sort"": ""ONE_DAY"", ""platform"": ""29cm"", ""ranking_category_code"": ""268103100"", ""ranking_category_name"": ""여성의류>상의"", ""review_avg"": 5.0, ""sale_percent"": 10, ""sale_price"": 88200, ""sold_out"": false, ""url"": ""https://product.29cm.co.kr/catalog/3462452""}",2026-10-10T01:00:29+00:00_fea744f1
2026-10-10T10:00:29+09:00,2026-10-10T01:00:29+00:00,commerce_rank,Lang Stripe Overfit T-shirt_Grey,29cm:3462452@268103100,rank,56.0,"{""brand_eng"": ""THE BARNNET"", ""brand_kor"": ""더바넷"", ""brand_no"": 76630, ""category1"": ""여성의류"", ""category2"": ""상의"", ""category3"": ""긴소매 티셔츠"", ""category3_code"": 268103102, ""is_new"": false, ""item_no"": 3462452, ""period_sort"": ""ONE_DAY"", ""platform"": ""29cm"", ""ranking_category_code"": ""268103100"", ""ranking_category_name"": ""여성의류>상의"", ""review_avg"": 5.0, ""sale_percent"": 10, ""sale_price"": 88200, ""sold_out"": false, ""url"": ""https://product.29cm.co.kr/catalog/3462452""}",2026-10-10T01:00:29+00:00_fea744f1
2026-10-10T10:00:29+09:00,2026-10-10T01:00:31+00:00,commerce_rank,LIGHT UNIFORM ZIP-UP JERSEY (CHARCOAL),29cm:3511126,heart_count,78.0,"{""brand_eng"": ""DIVEIN"", ""brand_kor"": ""다이브인"", ""brand_no"": 76140, ""category1"": ""남성의류"", ""category2"": ""상의"", ""category3"": ""집업"", ""category3_code"": 272103109, ""is_new"": false, ""item_no"": 3511126, ""period_sort"": ""ONE_DAY"", ""platform"": ""29cm"", ""ranking_category_code"": ""272103100"", ""ranking_category_name"": ""남성의류>상의"", ""review_avg"": 4.5, ""sale_percent"": 0, ""sale_price"": 89000, ""sold_out"": false, ""url"": ""https://product.29cm.co.kr/catalog/3511126""}",2026-10-10T01:00:29+00:00_fea744f1
2026-10-10T10:00:29+09:00,2026-10-10T01:00:31+00:00,commerce_rank,LIGHT UNIFORM ZIP-UP JERSEY (CHARCOAL),29cm:3511126,review_count,3.0,"{""brand_eng"": ""DIVEIN"", ""brand_kor"": ""다이브인"", ""brand_no"": 76140, ""category1"": ""남성의류"", ""category2"": ""상의"", ""category3"": ""집업"", ""category3_code"": 272103109, ""is_new"": false, ""item_no"": 3511126, ""period_sort"": ""ONE_DAY"", ""platform"": ""29cm"", ""ranking_category_code"": ""272103100"", ""ranking_category_name"": ""남성의류>상의"", ""review_avg"": 4.5, ""sale_percent"": 0, ""sale_price"": 89000, ""sold_out"": false, ""url"": ""https://product.29cm.co.kr/catalog/3511126""}",2026-10-10T01:00:29+00:00_fea744f1
2026-10-10T10:00:29+09:00,2026-10-10T01:00:31+00:00,commerce_rank,LIGHT UNIFORM ZIP-UP JERSEY (CHARCOAL),29cm:3511126@272103100,rank,56.0,"{""brand_eng"": ""DIVEIN"", ""brand_kor"": ""다이브인"", ""brand_no"": 76140, ""category1"": ""남성의류"", ""category2"": ""상의"", ""category3"": ""집업"", ""category3_code"": 272103109, ""is_new"": false, ""item_no"": 3511126, ""period_sort"": ""ONE_DAY"", ""platform"": ""29cm"", ""ranking_category_code"": ""272103100"", ""ranking_category_name"": ""남성의류>상의"", ""review_avg"": 4.5, ""sale_percent"": 0, ""sale_price"": 89000, ""sold_out"": false, ""url"": ""https://product.29cm.co.kr/catalog/3511126""}",2026-10-10T01:00:29+00:00_fea744f1
2026-10-10T10:00:29+09:00,2026-10-10T01:00:29+00:00,commerce_rank,모나 라운드 여성 긴팔 티셔츠 이너 레이어드 면티 (3color),29cm:3511564,heart_count,1607.0,"{""brand_eng"": ""KOZNOK"", ""brand_kor"": ""코즈넉"", ""brand_no"": 3389, ""category1"": ""여성의류"", ""category2"": ""상의"", ""category3"": ""긴소매 티셔츠"", ""category3_code"": 268103102, ""is_new"": false, ""item_no"": 3511564, ""period_sort"": ""ONE_DAY"", ""platform"": ""29cm"", ""ranking_category_code"": ""268103100"", ""ranking_category_name"": ""여성의류>상의"", ""review_avg"": 5.0, ""sale_percent"": 34, ""sale_price"": 16590, ""sold_out"": false, ""url"": ""https://product.29cm.co.kr/catalog/3511564""}",2026-10-10T01:00:29+00:00_fea744f1
2026-10-10T10:00:29+09:00,2026-10-10T01:00:29+00:00,commerce_rank,모나 라운드 여성 긴팔 티셔츠 이너 레이어드 면티 (3color),29cm:3511564,review_count,172.0,"{""brand_eng"": ""KOZNOK"", ""brand_kor"": ""코즈넉"", ""brand_no"": 3389, ""category1"": ""여성의류"", ""category2"": ""상의"", ""category3"": ""긴소매 티셔츠"", ""category3_code"": 268103102, ""is_new"": false, ""item_no"": 3511564, ""period_sort"": ""ONE_DAY"", ""platform"": ""29cm"", ""ranking_category_code"": ""268103100"", ""ranking_category_name"": ""여성의류>상의"", ""review_avg"": 5.0, ""sale_percent"": 34, ""sale_price"": 16590, ""sold_out"": false, ""url"": ""https://product.29cm.co.kr/catalog/3511564""}",2026-10-10T01:00:29+00:00_fea744f1
2026-10-10T10:00:29+09:00,2026-10-10T01:00:29+00:00,commerce_rank,모나 라운드 여성 긴팔 티셔츠 이너 레이어드 면티 (3color),29cm:3511564@268103100,rank,100.0,"{""brand_eng"": ""KOZNOK"", ""brand_kor"": ""코즈넉"", ""brand_no"": 3389, ""category1"": ""여성의류"", ""category2"": ""상의"", ""category3"": ""긴소매 티셔츠"", ""category3_code"": 268103102, ""is_new"": false, ""item_no"": 3511564, ""period_sort"": ""ONE_DAY"", ""platform"": ""29cm"", ""ranking_category_code"": ""268103100"", ""ranking_category_name"": ""여성의류>상의"", ""review_avg"": 5.0, ""sale_percent"": 34, ""sale_price"": 16590, ""sold_out"": false, ""url"": ""https://product.29cm.co.kr/catalog/3511564""}",2026-10-10T01:00:29+00:00_fea744f1
2026-10-10T10:00:29+09:00,2026-10-10T01:00:29+00:00,commerce_rank,Folder L/S Tee (4 Colors),29cm:3522545,heart_count,8251.0,"{""brand_eng"": ""TEKET"", ""brand_kor"": ""테켓"", ""brand_no"": 34509, ""category1"": ""여성의류"", ""category2"": ""상의"", ""category3"": ""긴소매 티셔츠"", ""category3_code"": 268103102, ""is_new"": false, ""item_no"": 3522545, ""period_sort"": ""ONE_DAY"", ""platform"": ""29cm"", ""ranking_category_code"": ""268103100"", ""ranking_category_name"": ""여성의류>상의"", ""review_avg"": 5.0, ""sale_percent"": 0, ""sale_price"": 65000, ""sold_out"": false, ""url"": ""https://product.29cm.co.kr/catalog/3522545""}",2026-10-10T01:00:29+00:00_fea744f1
2026-10-10T10:00:29+09:00,2026-10-10T01:00:29+00:00,commerce_rank,Folder L/S Tee (4 Colors),29cm:3522545,review_count,628.0,"{""brand_eng"": ""TEKET"", ""brand_kor"": ""테켓"", ""brand_no"": 34509, ""category1"": ""여성의류"", ""category2"": ""상의"", ""category3"": ""긴소매 티셔츠"", ""category3_code"": 268103102, ""is_new"": false, ""item_no"": 3522545, ""period_sort"": ""ONE_DAY"", ""platform"": ""29cm"", ""ranking_category_code"": ""268103100"", ""ranking_category_name"": ""여성의류>상의"", ""review_avg"": 5.0, ""sale_percent"": 0, ""sale_price"": 65000, ""sold_out"": false, ""url"": ""https://product.29cm.co.kr/catalog/3522545""}",2026-10-10T01:00:29+00:00_fea744f1
2026-10-10T10:00:29+09:00,2026-10-10T01:00:29+00:00,commerce_rank,Folder L/S Tee (4 Colors),29cm:3522545@268103100,rank,52.0,"{""brand_eng"": ""TEKET"", ""brand_kor"": ""테켓"", ""brand_no"": 34509, ""category1"": ""여성의류"", ""category2"": ""상의"", ""category3"": ""긴소매 티셔츠"", ""category3_code"": 268103102, ""is_new"": false, ""item_no"": 3522545, ""period_sort"": ""ONE_DAY"", ""platform"": ""29cm"", ""ranking_category_code"": ""268103100"", ""ranking_category_name"": ""여성의류>상의"", ""review_avg"": 5.0, ""sale_percent"": 0, ""sale_price"": 65000, ""sold_out"": false, ""url"": ""https://product.29cm.co.kr/catalog/3522545""}",2026-10-10T01:00:29+00:00_fea744f1
2026-10-10T10:00:29+09:00,2026-10-10T01:00:29+00:00,commerce_rank,Lucette Top in Black,29cm:3523712,heart_count,676.0,"{""brand_eng"": ""Moondal"", ""brand_kor"": ""문달"", ""brand_no"": 4349, ""category1"": ""여성의류"", ""category2"": ""상의"", ""category3"": ""블라우스"", ""category3_code"": 268103107, ""is_new"": false, ""item_no"": 3523712, ""period_sort"": ""ONE_DAY"", ""platform"": ""29cm"", ""ranking_category_code"": ""268103100"", ""ranking_category_name"": ""여성의류>상의"", ""review_avg"": 4.5, ""sale_percent"": 0, ""sale_price"": 298000, ""sold_out"": false, ""url"": ""https://product.29cm.co.kr/catalog/3523712""}",2026-10-10T01:00:29+00:00_fea744f1
2026-10-10T10:00:29+09:00,2026-10-10T01:00:29+00:00,commerce_rank,Lucette Top in Black,29cm:3523712,review_count,13.0,"{""brand_eng"": ""Moondal"", ""brand_kor"": ""문달"", ""brand_no"": 4349, ""category1"": ""여성의류"", ""category2"": ""상의"", ""category3"": ""블라우스"", ""category3_code"": 268103107, ""is_new"": false, ""item_no"": 3523712, ""period_sort"": ""ONE_DAY"", ""platform"": ""29cm"", ""ranking_category_code"": ""268103100"", ""ranking_category_name"": ""여성의류>상의"", ""review_avg"": 4.5, ""sale_percent"": 0, ""sale_price"": 298000, ""sold_out"": false, ""url"": ""https://product.29cm.co.kr/catalog/3523712""}",2026-10-10T01:00:29+00:00_fea744f1
2026-10-10T10:00:29+09:00,2026-10-10T01:00:29+00:00,commerce_rank,Lucette Top in Black,29cm:3523712@268103100,rank,59.0,"{""brand_eng"": ""Moondal"", ""brand_kor"": ""문달"", ""brand_no"": 4349, ""category1"": ""여성의류"", ""category2"": ""상의"", ""category3"": ""블라우스"", ""category3_code"": 268103107, ""is_new"": false, ""item_no"": 3523712, ""period_sort"": ""ONE_DAY"", ""platform"": ""29cm"", ""ranking_category_code"": ""268103100"", ""ranking_category_name"": ""여성의류>상의"", ""review_avg"": 4.5, ""sale_percent"": 0, ""sale_price"": 298000, ""sold_out"": false, ""url"": ""https://product.29cm.co.kr/catalog/3523712""}",2026-10-10T01:00:29+00:00_fea744f1
2026-10-10T10:00:29+09:00,2026-10-10T01:00:29+00:00,commerce_rank,Raye Pocket Shirt_Navy,29cm:3523834,heart_count,10745.0,"{""brand_eng"": ""THE BARNNET"", ""brand_kor"": ""더바넷"", ""brand_no"": 76630, ""category1"": ""여성의류"", ""category2"": ""상의"", ""category3"": ""셔츠"", ""category3_code"": 268103106, ""is_new"": false, ""item_no"": 3523834, ""period_sort"": ""ONE_DAY"", ""platform"": ""29cm"", ""ranking_category_code"": ""268103100"", ""ranking_category_name"": ""여성의류>상의"", ""review_avg"": 5.0, ""sale_percent"": 33, ""sale_price"": 92480, ""sold_out"": false, ""url"": ""https://product.29cm.co.kr/catalog/3523834""}",2026-10-10T01:00:29+00:00_fea744f1
2026-10-10T10:00:29+09:00,2026-10-10T01:00:29+00:00,commerce_rank,Raye Pocket Shirt_Navy,29cm:3523834,review_count,198.0,"{""brand_eng"": ""THE BARNNET"", ""brand_kor"": ""더바넷"", ""brand_no"": 76630, ""category1"": ""여성의류"", ""category2"": ""상의"", ""category3"": ""셔츠"", ""category3_code"": 268103106, ""is_new"": false, ""item_no"": 3523834, ""period_sort"": ""ONE_DAY"", ""platform"": ""29cm"", ""ranking_category_code"": ""268103100"", ""ranking_category_name"": ""여성의류>상의"", ""review_avg"": 5.0, ""sale_percent"": 33, ""sale_price"": 92480, ""sold_out"": false, ""url"": ""https://product.29cm.co.kr/catalog/3523834""}",2026-10-10T01:00:29+00:00_fea744f1
2026-10-10T10:00:29+09:00,2026-10-10T01:00:29+00:00,commerce_rank,Raye Pocket Shirt_Navy,29cm:3523834@268103100,rank,81.0,"{""brand_eng"": ""THE BARNNET"", ""brand_kor"": ""더바넷"", ""brand_no"": 76630, ""category1"": ""여성의류"", ""category2"": ""상의"", ""category3"": ""셔츠"", ""category3_code"": 268103106, ""is_new"": false, ""item_no"": 3523834, ""period_sort"": ""ONE_DAY"", ""platform"": ""29cm"", ""ranking_category_code"": ""268103100"", ""ranking_category_name"": ""여성의류>상의"", ""review_avg"": 5.0, ""sale_percent"": 33, ""sale_price"": 92480, ""sold_out"": false, ""url"": ""https://product.29cm.co.kr/catalog/3523834""}",2026-10-10T01:00:29+00:00_fea744f1
2026-10-10T10:00:29+09:00,2026-10-10T01:00:31+00:00,commerce_rank,ORIGIN(오리진) 남성 긴팔티_Black YMW25223Z1,29cm:3525066,heart_count,0.0,"{""brand_eng"": ""DYNAFIT"", ""brand_kor"": ""다이나핏"", ""brand_no"": 70749, ""category1"": ""남성의류"", ""category2"": ""상의"", ""category3"": ""긴소매 티셔츠"", ""category3_code"": 272103102, ""is_new"": false, ""item_no"": 3525066, ""period_sort"": ""ONE_DAY"", ""platform"": ""29cm"", ""ranking_category_code"": ""272103100"", ""ranking_category_name"": ""남성의류>상의"", ""review_avg"": 0.0, ""sale_percent"": 40, ""sale_price"": 59400, ""sold_out"": false, ""url"": ""https://product.29cm.co.kr/catalog/3525066""}",2026-10-10T01:00:29+00:00_fea744f1
2026-10-10T10:00:29+09:00,2026-10-10T01:00:31+00:00,commerce_rank,ORIGIN(오리진) 남성 긴팔티_Black YMW25223Z1,29cm:3525066,review_count,0.0,"{""brand_eng"": ""DYNAFIT"", ""brand_kor"": ""다이나핏"", ""brand_no"": 70749, ""category1"": ""남성의류"", ""category2"": ""상의"", ""category3"": ""긴소매 티셔츠"", ""category3_code"": 272103102, ""is_new"": false, ""item_no"": 3525066, ""period_sort"": ""ONE_DAY"", ""platform"": ""29cm"", ""ranking_category_code"": ""272103100"", ""ranking_category_name"": ""남성의류>상의"", ""review_avg"": 0.0, ""sale_percent"": 40, ""sale_price"": 59400, ""sold_out"": false, ""url"": ""https://product.29cm.co.kr/catalog/3525066""}",2026-10-10T01:00:29+00:00_fea744f1
2026-10-10T10:00:29+09:00,2026-10-10T01:00:31+00:00,commerce_rank,ORIGIN(오리진) 남성 긴팔티_Black YMW25223Z1,29cm:3525066@272103100,rank,81.0,"{""brand_eng"": ""DYNAFIT"", ""brand_kor"": ""다이나핏"", ""brand_no"": 70749, ""category1"": ""남성의류"", ""category2"": ""상의"", ""category3"": ""긴소매 티셔츠"", ""category3_code"": 272103102, ""is_new"": false, ""item_no"": 3525066, ""period_sort"": ""ONE_DAY"", ""platform"": ""29cm"", ""ranking_category_code"": ""272103100"", ""ranking_category_name"": ""남성의류>상의"", ""review_avg"": 0.0, ""sale_percent"": 40, ""sale_price"": 59400, ""sold_out"": false, ""url"": ""https://product.29cm.co.kr/catalog/3525066""}",2026-10-10T01:00:29+00:00_fea744f1
2026-10-10T10:00:29+09:00,2026-10-10T01:00:29+00:00,commerce_rank,[36th] Curve scarf blouse (sand),29cm:3535239,heart_count,9061.0,"{""brand_eng"": ""PREP FOR THE"", ""brand_kor"": ""프렙포더"", ""brand_no"": 86845, ""category1"": ""여성의류"", ""category2"": ""상의"", ""category3"": ""블라우스"", ""category3_code"": 268103107, ""is_new"": false, ""item_no"": 3535239, ""period_sort"": ""ONE_DAY"", ""platform"": ""29cm"", ""ranking_category_code"": ""268103100"", ""ranking_category_name"": ""여성의류>상의"", ""review_avg"": 5.0, ""sale_percent"": 14, ""sale_price"": 125690, ""sold_out"": false, ""url"": ""https://product.29cm.co.kr/catalog/3535239""}",2026-10-10T01:00:29+00:00_fea744f1
2026-10-10T10:00:29+09:00,2026-10-10T01:00:29+00:00,commerce_rank,[36th] Curve scarf blouse (sand),29cm:3535239,review_count,121.0,"{""brand_eng"": ""PREP FOR THE"", ""brand_kor"": ""프렙포더"", ""brand_no"": 86845, ""category1"": ""여성의류"", ""category2"": ""상의"", ""category3"": ""블라우스"", ""category3_code"": 268103107, ""is_new"": false, ""item_no"": 3535239, ""period_sort"": ""ONE_DAY"", ""platform"": ""29cm"", ""ranking_category_code"": ""268103100"", ""ranking_category_name"": ""여성의류>상의"", ""review_avg"": 5.0, ""sale_percent"": 14, ""sale_price"": 125690, ""sold_out"": false, ""url"": ""https://product.29cm.co.kr/catalog/3535239""}",2026-10-10T01:00:29+00:00_fea744f1
2026-10-10T10:00:29+09:00,2026-10-10T01:00:29+00:00,commerce_rank,[36th] Curve scarf blouse (sand),29cm:3535239@268103100,rank,64.0,"{""brand_eng"": ""PREP FOR THE"", ""brand_kor"": ""프렙포더"", ""brand_no"": 86845, ""category1"": ""여성의류"", ""category2"": ""상의"", ""category3"": ""블라우스"", ""category3_code"": 268103107, ""is_new"": false, ""item_no"": 3535239, ""period_sort"": ""ONE_DAY"", ""platform"": ""29cm"", ""ranking_category_code"": ""268103100"", ""ranking_category_name"": ""여성의류>상의"", ""review_avg"": 5.0, ""sale_percent"": 14, ""sale_price"": 125690, ""sold_out"": false, ""url"": ""https://product.29cm.co.kr/catalog/3535239""}",2026-10-10T01:00:29+00:00_fea744f1
2026-10-10T10:00:29+09:00,2026-10-10T01:00:29+00:00,commerce_rank,[58th] Curve scarf blouse (stone gray),29cm:3535240,heart_count,34064.0,"{""brand_eng"": ""PREP FOR THE"", ""brand_kor"": ""프렙포더"", ""brand_no"": 86845, ""category1"": ""여성의류"", ""category2"": ""상의"", ""category3"": ""블라우스"", ""category3_code"": 268103107, ""is_new"": false, ""item_no"": 3535240, ""period_sort"": ""ONE_DAY"", ""platform"": ""29cm"", ""ranking_category_code"": ""268103100"", ""ranking_category_name"": ""여성의류>상의"", ""review_avg"": 5.0, ""sale_percent"": 14, ""sale_price"": 125690, ""sold_out"": false, ""url"": ""https://product.29cm.co.kr/catalog/3535240""}",2026-10-10T01:00:29+00:00_fea744f1
2026-10-10T10:00:29+09:00,2026-10-10T01:00:29+00:00,commerce_rank,[58th] Curve scarf blouse (stone gray),29cm:3535240,review_count,425.0,"{""brand_eng"": ""PREP FOR THE"", ""brand_kor"": ""프렙포더"", ""brand_no"": 86845, ""category1"": ""여성의류"", ""category2"": ""상의"", ""category3"": ""블라우스"", ""category3_code"": 268103107, ""is_new"": false, ""item_no"": 3535240, ""period_sort"": ""ONE_DAY"", ""platform"": ""29cm"", ""ranking_category_code"": ""268103100"", ""ranking_category_name"": ""여성의류>상의"", ""review_avg"": 5.0, ""sale_percent"": 14, ""sale_price"": 125690, ""sold_out"": false, ""url"": ""https://product.29cm.co.kr/catalog/3535240""}",2026-10-10T01:00:29+00:00_fea744f1
2026-10-10T10:00:29+09:00,2026-10-10T01:00:29+00:00,commerce_rank,[58th] Curve scarf blouse (stone gray),29cm:3535240@268103100,rank,8.0,"{""brand_eng"": ""PREP FOR THE"", ""brand_kor"": ""프렙포더"", ""brand_no"": 86845, ""category1"": ""여성의류"", ""category2"": ""상의"", ""category3"": ""블라우스"", ""category3_code"": 268103107, ""is_new"": false, ""item_no"": 3535240, ""period_sort"": ""ONE_DAY"", ""platform"": ""29cm"", ""ranking_category_code"": ""268103100"", ""ranking_category_name"": ""여성의류>상의"", ""review_avg"": 5.0, ""sale_percent"": 14, ""sale_price"": 125690, ""sold_out"": false, ""url"": ""https://product.29cm.co.kr/catalog/3535240""}",2026-10-10T01:00:29+00:00_fea744f1
2026-10-10T10:00:29+09:00,2026-10-10T01:00:29+00:00,commerce_rank,Easy long sleeve_5 Colors,29cm:3540872,heart_count,729.0,"{""brand_eng"": ""BUDHI MUDRA"", ""brand_kor"": ""부디무드라"", ""brand_no"": 20781, ""category1"": ""여성의류"", ""category2"": ""상의"", ""category3"": ""긴소매 티셔츠"", ""category3_code"": 268103102, ""is_new"": false, ""item_no"": 3540872, ""period_sort"": ""ONE_DAY"", ""platform"": ""29cm"", ""ranking_category_code"": ""268103100"", ""ranking_category_name"": ""여성의류>상의"", ""review_avg"": 4.5, ""sale_percent"": 12, ""sale_price"": 48400, ""sold_out"": false, ""url"": ""https://product.29cm.co.kr/catalog/3540872""}",2026-10-10T01:00:29+00:00_fea744f1
2026-10-10T10:00:29+09:00,2026-10-10T01:00:29+00:00,commerce_rank,Easy long sleeve_5 Colors,29cm:3540872,review_count,102.0,"{""brand_eng"": ""BUDHI MUDRA"", ""brand_kor"": ""부디무드라"", ""brand_no"": 20781, ""category1"": ""여성의류"", ""category2"": ""상의"", ""category3"": ""긴소매 티셔츠"", ""category3_code"": 268103102, ""is_new"": false, ""item_no"": 3540872, ""period_sort"": ""ONE_DAY"", ""platform"": ""29cm"", ""ranking_category_code"": ""268103100"", ""ranking_category_name"": ""여성의류>상의"", ""review_avg"": 4.5, ""sale_percent"": 12, ""sale_price"": 48400, ""sold_out"": false, ""url"": ""https://product.29cm.co.kr/catalog/3540872""}",2026-10-10T01:00:29+00:00_fea744f1
2026-10-10T10:00:29+09:00,2026-10-10T01:00:29+00:00,commerce_rank,Easy long sleeve_5 Colors,29cm:3540872@268103100,rank,65.0,"{""brand_eng"": ""BUDHI MUDRA"", ""brand_kor"": ""부디무드라"", ""brand_no"": 20781, ""category1"": ""여성의류"", ""category2"": ""상의"", ""category3"": ""긴소매 티셔츠"", ""category3_code"": 268103102, ""is_new"": false, ""item_no"": 3540872, ""period_sort"": ""ONE_DAY"", ""platform"": ""29cm"", ""ranking_category_code"": ""268103100"", ""ranking_category_name"": ""여성의류>상의"", ""review_avg"": 4.5, ""sale_percent"": 12, ""sale_price"": 48400, ""sold_out"": false, ""url"": ""https://product.29cm.co.kr/catalog/3540872""}",2026-10-10T01:00:29+00:00_fea744f1
2026-10-10T10:00:29+09:00,2026-10-10T01:00:31+00:00,commerce_rank,[기모선택] My Youth 헤비테리 후드,29cm:3544567,heart_count,3428.0,"{""brand_eng"": ""VIVA LA VIDA"", ""brand_kor"": ""비바라비다"", ""brand_no"": 100816, ""category1"": ""남성의류"", ""category2"": ""상의"", ""category3"": ""후디"", ""category3_code"": 272103108, ""is_new"": false, ""item_no"": 3544567, ""period_sort"": ""ONE_DAY"", ""platform"": ""29cm"", ""ranking_category_code"": ""272103100"", ""ranking_category_name"": ""남성의류>상의"", ""review_avg"": 5.0, ""sale_percent"": 34, ""sale_price"": 57510, ""sold_out"": false, ""url"": ""https://product.29cm.co.kr/catalog/3544567""}",2026-10-10T01:00:29+00:00_fea744f1
2026-10-10T10:00:29+09:00,2026-10-10T01:00:31+00:00,commerce_rank,[기모선택] My Youth 헤비테리 후드,29cm:3544567,review_count,108.0,"{""brand_eng"": ""VIVA LA VIDA"", ""brand_kor"": ""비바라비다"", ""brand_no"": 100816, ""category1"": ""남성의류"", ""category2"": ""상의"", ""category3"": ""후디"", ""category3_code"": 272103108, ""is_new"": false, ""item_no"": 3544567, ""period_sort"": ""ONE_DAY"", ""platform"": ""29cm"", ""ranking_category_code"": ""272103100"", ""ranking_category_name"": ""남성의류>상의"", ""review_avg"": 5.0, ""sale_percent"": 34, ""sale_price"": 57510, ""sold_out"": false, ""url"": ""https://product.29cm.co.kr/catalog/3544567""}",2026-10-10T01:00:29+00:00_fea744f1
2026-10-10T10:00:29+09:00,2026-10-10T01:00:31+00:00,commerce_rank,[기모선택] My Youth 헤비테리 후드,29cm:3544567@272103100,rank,14.0,"{""brand_eng"": ""VIVA LA VIDA"", ""brand_kor"": ""비바라비다"", ""brand_no"": 100816, ""category1"": ""남성의류"", ""category2"": ""상의"", ""category3"": ""후디"", ""category3_code"": 272103108, ""is_new"": false, ""item_no"": 3544567, ""period_sort"": ""ONE_DAY"", ""platform"": ""29cm"", ""ranking_category_code"": ""272103100"", ""ranking_category_name"": ""남성의류>상의"", ""review_avg"": 5.0, ""sale_percent"": 34, ""sale_price"": 57510, ""sold_out"": false, ""url"": ""https://product.29cm.co.kr/catalog/3544567""}",2026-10-10T01:00:29+00:00_fea744f1
2026-10-10T10:00:29+09:00,2026-10-10T01:00:29+00:00,commerce_rank,044 레글런 롱 슬리브 티셔츠,29cm:3545920,heart_count,10666.0,"{""brand_eng"": ""VIVA LA VIDA"", ""brand_kor"": ""비바라비다"", ""brand_no"": 100816, ""category1"": ""여성의류"", ""category2"": ""상의"", ""category3"": ""긴소매 티셔츠"", ""category3_code"": 268103102, ""is_new"": false, ""item_no"": 3545920, ""period_sort"": ""ONE_DAY"", ""platform"": ""29cm"", ""ranking_category_code"": ""268103100"", ""ranking_category_name"": ""여성의류>상의"", ""review_avg"": 5.0, ""sale_percent"": 31, ""sale_price"": 32310, ""sold_out"": false, ""url"": ""https://product.29cm.co.kr/catalog/3545920""}",2026-10-10T01:00:29+00:00_fea744f1
2026-10-10T10:00:29+09:00,2026-10-10T01:00:29+00:00,commerce_rank,044 레글런 롱 슬리브 티셔츠,29cm:3545920,review_count,244.0,"{""brand_eng"": ""VIVA LA VIDA"", ""brand_kor"": ""비바라비다"", ""brand_no"": 100816, ""category1"": ""여성의류"", ""category2"": ""상의"", ""category3"": ""긴소매 티셔츠"", ""category3_code"": 268103102, ""is_new"": false, ""item_no"": 3545920, ""period_sort"": ""ONE_DAY"", ""platform"": ""29cm"", ""ranking_category_code"": ""268103100"", ""ranking_category_name"": ""여성의류>상의"", ""review_avg"": 5.0, ""sale_percent"": 31, ""sale_price"": 32310, ""sold_out"": false, ""url"": ""https://product.29cm.co.kr/catalog/3545920""}",2026-10-10T01:00:29+00:00_fea744f1
2026-10-10T10:00:29+09:00,2026-10-10T01:00:29+00:00,commerce_rank,044 레글런 롱 슬리브 티셔츠,29cm:3545920@268103100,rank,31.0,"{""brand_eng"": ""VIVA LA VIDA"", ""brand_kor"": ""비바라비다"", ""brand_no"": 100816, ""category1"": ""여성의류"", ""category2"": ""상의"", ""category3"": ""긴소매 티셔츠"", ""category3_code"": 268103102, ""is_new"": false, ""item_no"": 3545920, ""period_sort"": ""ONE_DAY"", ""platform"": ""29cm"", ""ranking_category_code"": ""268103100"", ""ranking_category_name"": ""여성의류>상의"", ""review_avg"": 5.0, ""sale_percent"": 31, ""sale_price"": 32310, ""sold_out"": false, ""url"": ""https://product.29cm.co.kr/catalog/3545920""}",2026-10-10T01:00:29+00:00_fea744f1
2026-10-10T10:00:29+09:00,2026-10-10T01:00:31+00:00,commerce_rank,ASKIN LOGO LONG SLEEVE (BROWN GREY),29cm:3549850,heart_count,523.0,"{""brand_eng"": ""GOYOWEAR"", ""brand_kor"": ""고요웨어"", ""brand_no"": 16187, ""category1"": ""남성의류"", ""category2"": ""상의"", ""category3"": ""긴소매 티셔츠"", ""category3_code"": 272103102, ""is_new"": false, ""item_no"": 3549850, ""period_sort"": ""ONE_DAY"", ""platform"": ""29cm"", ""ranking_category_code"": ""272103100"", ""ranking_category_name"": ""남성의류>상의"", ""review_avg"": 5.0, ""sale_percent"": 21, ""sale_price"": 38810, ""sold_out"": false, ""url"": ""https://product.29cm.co.kr/catalog/3549850""}",2026-10-10T01:00:29+00:00_fea744f1
2026-10-10T10:00:29+09:00,2026-10-10T01:00:31+00:00,commerce_rank,ASKIN LOGO LONG SLEEVE (BROWN GREY),29cm:3549850,review_count,37.0,"{""brand_eng"": ""GOYOWEAR"", ""brand_kor"": ""고요웨어"", ""brand_no"": 16187, ""category1"": ""남성의류"", ""category2"": ""상의"", ""category3"": ""긴소매 티셔츠"", ""category3_code"": 272103102, ""is_new"": false, ""item_no"": 3549850, ""period_sort"": ""ONE_DAY"", ""platform"": ""29cm"", ""ranking_category_code"": ""272103100"", ""ranking_category_name"": ""남성의류>상의"", ""review_avg"": 5.0, ""sale_percent"": 21, ""sale_price"": 38810, ""sold_out"": false, ""url"": ""https://product.29cm.co.kr/catalog/3549850""}",2026-10-10T01:00:29+00:00_fea744f1
2026-10-10T10:00:29+09:00,2026-10-10T01:00:31+00:00,commerce_rank,ASKIN LOGO LONG SLEEVE (BROWN GREY),29cm:3549850@272103100,rank,34.0,"{""brand_eng"": ""GOYOWEAR"", ""brand_kor"": ""고요웨어"", ""brand_no"": 16187, ""category1"": ""남성의류"", ""category2"": ""상의"", ""category3"": ""긴소매 티셔츠"", ""category3_code"": 272103102, ""is_new"": false, ""item_no"": 3549850, ""period_sort"": ""ONE_DAY"", ""platform"": ""29cm"", ""ranking_category_code"": ""272103100"", ""ranking_category_name"": ""남성의류>상의"", ""review_avg"": 5.0, ""sale_percent"": 21, ""sale_price"": 38810, ""sold_out"": false, ""url"": ""https://product.29cm.co.kr/catalog/3549850""}",2026-10-10T01:00:29+00:00_fea744f1
2026-10-10T10:00:29+09:00,2026-10-10T01:00:31+00:00,commerce_rank,[ARC 에이알씨] Cool Breeze Long Sleeve T-Shirt - Black,29cm:3592070,heart_count,104.0,"{""brand_eng"": ""ARC"", ""brand_kor"": ""에이알씨"", ""brand_no"": 14128, ""category1"": ""남성의류"", ""category2"": ""상의"", ""category3"": ""긴소매 티셔츠"", ""category3_code"": 272103102, ""is_new"": false, ""item_no"": 3592070, ""period_sort"": ""ONE_DAY"", ""platform"": ""29cm"", ""ranking_category_code"": ""272103100"", ""ranking_category_name"": ""남성의류>상의"", ""review_avg"": 0.0, ""sale_percent"": 0, ""sale_price"": 85000, ""sold_out"": false, ""url"": ""https://product.29cm.co.kr/catalog/3592070""}",2026-10-10T01:00:29+00:00_fea744f1
2026-10-10T10:00:29+09:00,2026-10-10T01:00:31+00:00,commerce_rank,[ARC 에이알씨] Cool Breeze Long Sleeve T-Shirt - Black,29cm:3592070,review_count,0.0,"{""brand_eng"": ""ARC"", ""brand_kor"": ""에이알씨"", ""brand_no"": 14128, ""category1"": ""남성의류"", ""category2"": ""상의"", ""category3"": ""긴소매 티셔츠"", ""category3_code"": 272103102, ""is_new"": false, ""item_no"": 3592070, ""period_sort"": ""ONE_DAY"", ""platform"": ""29cm"", ""ranking_category_code"": ""272103100"", ""ranking_category_name"": ""남성의류>상의"", ""review_avg"": 0.0, ""sale_percent"": 0, ""sale_price"": 85000, ""sold_out"": false, ""url"": ""https://product.29cm.co.kr/catalog/3592070""}",2026-10-10T01:00:29+00:00_fea744f1
2026-10-10T10:00:29+09:00,2026-10-10T01:00:31+00:00,commerce_rank,[ARC 에이알씨] Cool Breeze Long Sleeve T-Shirt - Black,29cm:3592070@272103100,rank,86.0,"{""brand_eng"": ""ARC"", ""brand_kor"": ""에이알씨"", ""brand_no"": 14128, ""category1"": ""남성의류"", ""category2"": ""상의"", ""category3"": ""긴소매 티셔츠"", ""category3_code"": 272103102, ""is_new"": false, ""item_no"": 3592070, ""period_sort"": ""ONE_DAY"", ""platform"": ""29cm"", ""ranking_category_code"": ""272103100"", ""ranking_category_name"": ""남성의류>상의"", ""review_avg"": 0.0, ""sale_percent"": 0, ""sale_price"": 85000, ""sold_out"": false, ""url"": ""https://product.29cm.co.kr/catalog/3592070""}",2026-10-10T01:00:29+00:00_fea744f1
2026-10-10T10:00:29+09:00,2026-10-10T01:00:29+00:00,commerce_rank,[47차] Draped Wool Tencel Layered Tee Set (Gray),29cm:3598810,heart_count,29434.0,"{""brand_eng"": ""TOAVE"", ""brand_kor"": ""토아베"", ""brand_no"": 101870, ""category1"": ""여성의류"", ""category2"": ""상의"", ""category3"": ""긴소매 티셔츠"", ""category3_code"": 268103102, ""is_new"": false, ""item_no"": 3598810, ""period_sort"": ""ONE_DAY"", ""platform"": ""29cm"", ""ranking_category_code"": ""268103100"", ""ranking_category_name"": ""여성의류>상의"", ""review_avg"": 4.5, ""sale_percent"": 10, ""sale_price"": 71820, ""sold_out"": false, ""url"": ""https://product.29cm.co.kr/catalog/3598810""}",2026-10-10T01:00:29+00:00_fea744f1
2026-10-10T10:00:29+09:00,2026-10-10T01:00:29+00:00,commerce_rank,[47차] Draped Wool Tencel Layered Tee Set (Gray),29cm:3598810,review_count,330.0,"{""brand_eng"": ""TOAVE"", ""brand_kor"": ""토아베"", ""brand_no"": 101870, ""category1"": ""여성의류"", ""category2"": ""상의"", ""category3"": ""긴소매 티셔츠"", ""category3_code"": 268103102, ""is_new"": false, ""item_no"": 3598810, ""period_sort"": ""ONE_DAY"", ""platform"": ""29cm"", ""ranking_category_code"": ""268103100"", ""ranking_category_name"": ""여성의류>상의"", ""review_avg"": 4.5, ""sale_percent"": 10, ""sale_price"": 71820, ""sold_out"": false, ""url"": ""https://product.29cm.co.kr/catalog/3598810""}",2026-10-10T01:00:29+00:00_fea744f1
2026-10-10T10:00:29+09:00,2026-10-10T01:00:29+00:00,commerce_rank,[47차] Draped Wool Tencel Layered Tee Set (Gray),29cm:3598810@268103100,rank,97.0,"{""brand_eng"": ""TOAVE"", ""brand_kor"": ""토아베"", ""brand_no"": 101870, ""category1"": ""여성의류"", ""category2"": ""상의"", ""category3"": ""긴소매 티셔츠"", ""category3_code"": 268103102, ""is_new"": false, ""item_no"": 3598810, ""period_sort"": ""ONE_DAY"", ""platform"": ""29cm"", ""ranking_category_code"": ""268103100"", ""ranking_category_name"": ""여성의류>상의"", ""review_avg"": 4.5, ""sale_percent"": 10, ""sale_price"": 71820, ""sold_out"": false, ""url"": ""https://product.29cm.co.kr/catalog/3598810""}",2026-10-10T01:00:29+00:00_fea744f1
2026-10-10T10:00:29+09:00,2026-10-10T01:00:29+00:00,commerce_rank,[혜영 PICK](w) 홀리데이 와플 오트밀 체크 인앤아웃 스웻셔츠,29cm:3611596,heart_count,16890.0,"{""brand_eng"": ""VIVIHOME"", ""brand_kor"": ""비비홈"", ""brand_no"": 35697, ""category1"": ""여성의류"", ""category2"": ""상의"", ""category3"": ""스웨트셔츠"", ""category3_code"": 268103104, ""is_new"": false, ""item_no"": 3611596, ""period_sort"": ""ONE_DAY"", ""platform"": ""29cm"", ""ranking_category_code"": ""268103100"", ""ranking_category_name"": ""여성의류>상의"", ""review_avg"": 4.5, ""sale_percent"": 36, ""sale_price"": 53630, ""sold_out"": false, ""url"": ""https://product.29cm.co.kr/catalog/3611596""}",2026-10-10T01:00:29+00:00_fea744f1
2026-10-10T10:00:29+09:00,2026-10-10T01:00:29+00:00,commerce_rank,[혜영 PICK](w) 홀리데이 와플 오트밀 체크 인앤아웃 스웻셔츠,29cm:3611596,review_count,130.0,"{""brand_eng"": ""VIVIHOME"", ""brand_kor"": ""비비홈"", ""brand_no"": 35697, ""category1"": ""여성의류"", ""category2"": ""상의"", ""category3"": ""스웨트셔츠"", ""category3_code"": 268103104, ""is_new"": false, ""item_no"": 3611596, ""period_sort"": ""ONE_DAY"", ""platform"": ""29cm"", ""ranking_category_code"": ""268103100"", ""ranking_category_name"": ""여성의류>상의"", ""review_avg"": 4.5, ""sale_percent"": 36, ""sale_price"": 53630, ""sold_out"": false, ""url"": ""https://product.29cm.co.kr/catalog/3611596""}",2026-10-10T01:00:29+00:00_fea744f1
2026-10-10T10:00:29+09:00,2026-10-10T01:00:29+00:00,commerce_rank,[혜영 PICK](w) 홀리데이 와플 오트밀 체크 인앤아웃 스웻셔츠,29cm:3611596@268103100,rank,88.0,"{""brand_eng"": ""VIVIHOME"", ""brand_kor"": ""비비홈"", ""brand_no"": 35697, ""category1"": ""여성의류"", ""category2"": ""상의"", ""category3"": ""스웨트셔츠"", ""category3_code"": 268103104, ""is_new"": false, ""item_no"": 3611596, ""period_sort"": ""ONE_DAY"", ""platform"": ""29cm"", ""ranking_category_code"": ""268103100"", ""ranking_category_name"": ""여성의류>상의"", ""review_avg"": 4.5, ""sale_percent"": 36, ""sale_price"": 53630, ""sold_out"": false, ""url"": ""https://product.29cm.co.kr/catalog/3611596""}",2026-10-10T01:00:29+00:00_fea744f1
2026-10-10T10:00:29+09:00,2026-10-10T01:00:29+00:00,commerce_rank,[42th] Raglan Campus Logo Long Top - Grey(Navy),29cm:3628013,heart_count,22850.0,"{""brand_eng"": ""SOMEWHEREBUTTER"", ""brand_kor"": ""썸웨어버터"", ""brand_no"": 18640, ""category1"": ""여성의류"", ""category2"": ""상의"", ""category3"": ""긴소매 티셔츠"", ""category3_code"": 268103102, ""is_new"": false, ""item_no"": 3628013, ""period_sort"": ""ONE_DAY"", ""platform"": ""29cm"", ""ranking_category_code"": ""268103100"", ""ranking_category_name"": ""여성의류>상의"", ""review_avg"": 5.0, ""sale_percent"": 10, ""sale_price"": 44100, ""sold_out"": false, ""url"": ""https://product.29cm.co.kr/catalog/3628013""}",2026-10-10T01:00:29+00:00_fea744f1
2026-10-10T10:00:29+09:00,2026-10-10T01:00:29+00:00,commerce_rank,[42th] Raglan Campus Logo Long Top - Grey(Navy),29cm:3628013,review_count,649.0,"{""brand_eng"": ""SOMEWHEREBUTTER"", ""brand_kor"": ""썸웨어버터"", ""brand_no"": 18640, ""category1"": ""여성의류"", ""category2"": ""상의"", ""category3"": ""긴소매 티셔츠"", ""category3_code"": 268103102, ""is_new"": false, ""item_no"": 3628013, ""period_sort"": ""ONE_DAY"", ""platform"": ""29cm"", ""ranking_category_code"": ""268103100"", ""ranking_category_name"": ""여성의류>상의"", ""review_avg"": 5.0, ""sale_percent"": 10, ""sale_price"": 44100, ""sold_out"": false, ""url"": ""https://product.29cm.co.kr/catalog/3628013""}",2026-10-10T01:00:29+00:00_fea744f1
2026-10-10T10:00:29+09:00,2026-10-10T01:00:29+00:00,commerce_rank,[42th] Raglan Campus Logo Long Top - Grey(Navy),29cm:3628013@268103100,rank,10.0,"{""brand_eng"": ""SOMEWHEREBUTTER"", ""brand_kor"": ""썸웨어버터"", ""brand_no"": 18640, ""category1"": ""여성의류"", ""category2"": ""상의"", ""category3"": ""긴소매 티셔츠"", ""category3_code"": 268103102, ""is_new"": false, ""item_no"": 3628013, ""period_sort"": ""ONE_DAY"", ""platform"": ""29cm"", ""ranking_category_code"": ""268103100"", ""ranking_category_name"": ""여성의류>상의"", ""review_avg"": 5.0, ""sale_percent"": 10, ""sale_price"": 44100, ""sold_out"": false, ""url"": ""https://product.29cm.co.kr/catalog/3628013""}",2026-10-10T01:00:29+00:00_fea744f1
2026-10-10T10:00:29+09:00,2026-10-10T01:00:29+00:00,commerce_rank,Draped Casa Top Slate,29cm:3635810,heart_count,9970.0,"{""brand_eng"": ""kindersalmon"", ""brand_kor"": ""킨더살몬"", ""brand_no"": 672, ""category1"": ""여성의류"", ""category2"": ""상의"", ""category3"": ""블라우스"", ""category3_code"": 268103107, ""is_new"": false, ""item_no"": 3635810, ""period_sort"": ""ONE_DAY"", ""platform"": ""29cm"", ""ranking_category_code"": ""268103100"", ""ranking_category_name"": ""여성의류>상의"", ""review_avg"": 5.0, ""sale_percent"": 0, ""sale_price"": 179000, ""sold_out"": false, ""url"": ""https://product.29cm.co.kr/catalog/3635810""}",2026-10-10T01:00:29+00:00_fea744f1
2026-10-10T10:00:29+09:00,2026-10-10T01:00:29+00:00,commerce_rank,Draped Casa Top Slate,29cm:3635810,review_count,117.0,"{""brand_eng"": ""kindersalmon"", ""brand_kor"": ""킨더살몬"", ""brand_no"": 672, ""category1"": ""여성의류"", ""category2"": ""상의"", ""category3"": ""블라우스"", ""category3_code"": 268103107, ""is_new"": false, ""item_no"": 3635810, ""period_sort"": ""ONE_DAY"", ""platform"": ""29cm"", ""ranking_category_code"": ""268103100"", ""ranking_category_name"": ""여성의류>상의"", ""review_avg"": 5.0, ""sale_percent"": 0, ""sale_price"": 179000, ""sold_out"": false, ""url"": ""https://product.29cm.co.kr/catalog/3635810""}",2026-10-10T01:00:29+00:00_fea744f1
2026-10-10T10:00:29+09:00,2026-10-10T01:00:29+00:00,commerce_rank,Draped Casa Top Slate,29cm:3635810@268103100,rank,82.0,"{""brand_eng"": ""kindersalmon"", ""brand_kor"": ""킨더살몬"", ""brand_no"": 672, ""category1"": ""여성의류"", ""category2"": ""상의"", ""category3"": ""블라우스"", ""category3_code"": 268103107, ""is_new"": false, ""item_no"": 3635810, ""period_sort"": ""ONE_DAY"", ""platform"": ""29cm"", ""ranking_category_code"": ""268103100"", ""ranking_category_name"": ""여성의류>상의"", ""review_avg"": 5.0, ""sale_percent"": 0, ""sale_price"": 179000, ""sold_out"": false, ""url"": ""https://product.29cm.co.kr/catalog/3635810""}",2026-10-10T01:00:29+00:00_fea744f1
2026-10-10T10:00:29+09:00,2026-10-10T01:00:31+00:00,commerce_rank,Vintage Long Sleeve Henley Shirt Dark Grey (Korea Edition),29cm:3692715,heart_count,419.0,"{""brand_eng"": ""BRONSON"", ""brand_kor"": ""브론슨"", ""brand_no"": 89408, ""category1"": ""남성의류"", ""category2"": ""상의"", ""category3"": ""긴소매 티셔츠"", ""category3_code"": 272103102, ""is_new"": false, ""item_no"": 3692715, ""period_sort"": ""ONE_DAY"", ""platform"": ""29cm"", ""ranking_category_code"": ""272103100"", ""ranking_category_name"": ""남성의류>상의"", ""review_avg"": 5.0, ""sale_percent"": 10, ""sale_price"": 55800, ""sold_out"": false, ""url"": ""https://product.29cm.co.kr/catalog/3692715""}",2026-10-10T01:00:29+00:00_fea744f1
2026-10-10T10:00:29+09:00,2026-10-10T01:00:31+00:00,commerce_rank,Vintage Long Sleeve Henley Shirt Dark Grey (Korea Edition),29cm:3692715,review_count,40.0,"{""brand_eng"": ""BRONSON"", ""brand_kor"": ""브론슨"", ""brand_no"": 89408, ""category1"": ""남성의류"", ""category2"": ""상의"", ""category3"": ""긴소매 티셔츠"", ""category3_code"": 272103102, ""is_new"": false, ""item_no"": 3692715, ""period_sort"": ""ONE_DAY"", ""platform"": ""29cm"", ""ranking_category_code"": ""272103100"", ""ranking_category_name"": ""남성의류>상의"", ""review_avg"": 5.0, ""sale_percent"": 10, ""sale_price"": 55800, ""sold_out"": false, ""url"": ""https://product.29cm.co.kr/catalog/3692715""}",2026-10-10T01:00:29+00:00_fea744f1
2026-10-10T10:00:29+09:00,2026-10-10T01:00:31+00:00,commerce_rank,Vintage Long Sleeve Henley Shirt Dark Grey (Korea Edition),29cm:3692715@272103100,rank,13.0,"{""brand_eng"": ""BRONSON"", ""brand_kor"": ""브론슨"", ""brand_no"": 89408, ""category1"": ""남성의류"", ""category2"": ""상의"", ""category3"": ""긴소매 티셔츠"", ""category3_code"": 272103102, ""is_new"": false, ""item_no"": 3692715, ""period_sort"": ""ONE_DAY"", ""platform"": ""29cm"", ""ranking_category_code"": ""272103100"", ""ranking_category_name"": ""남성의류>상의"", ""review_avg"": 5.0, ""sale_percent"": 10, ""sale_price"": 55800, ""sold_out"": false, ""url"": ""https://product.29cm.co.kr/catalog/3692715""}",2026-10-10T01:00:29+00:00_fea744f1
2026-10-10T10:00:29+09:00,2026-10-10T01:00:31+00:00,commerce_rank,Cut-off crop long sleeve (Black),29cm:3714676,heart_count,57.0,"{""brand_eng"": ""Fabregat"", ""brand_kor"": ""파브레가"", ""brand_no"": 16255, ""category1"": ""남성의류"", ""category2"": ""상의"", ""category3"": ""긴소매 티셔츠"", ""category3_code"": 272103102, ""is_new"": false, ""item_no"": 3714676, ""period_sort"": ""ONE_DAY"", ""platform"": ""29cm"", ""ranking_category_code"": ""272103100"", ""ranking_category_name"": ""남성의류>상의"", ""review_avg"": 5.0, ""sale_percent"": 10, ""sale_price"": 52200, ""sold_out"": false, ""url"": ""https://product.29cm.co.kr/catalog/3714676""}",2026-10-10T01:00:29+00:00_fea744f1
2026-10-10T10:00:29+09:00,2026-10-10T01:00:31+00:00,commerce_rank,Cut-off crop long sleeve (Black),29cm:3714676,review_count,4.0,"{""brand_eng"": ""Fabregat"", ""brand_kor"": ""파브레가"", ""brand_no"": 16255, ""category1"": ""남성의류"", ""category2"": ""상의"", ""category3"": ""긴소매 티셔츠"", ""category3_code"": 272103102, ""is_new"": false, ""item_no"": 3714676, ""period_sort"": ""ONE_DAY"", ""platform"": ""29cm"", ""ranking_category_code"": ""272103100"", ""ranking_category_name"": ""남성의류>상의"", ""review_avg"": 5.0, ""sale_percent"": 10, ""sale_price"": 52200, ""sold_out"": false, ""url"": ""https://product.29cm.co.kr/catalog/3714676""}",2026-10-10T01:00:29+00:00_fea744f1
2026-10-10T10:00:29+09:00,2026-10-10T01:00:31+00:00,commerce_rank,Cut-off crop long sleeve (Black),29cm:3714676@272103100,rank,71.0,"{""brand_eng"": ""Fabregat"", ""brand_kor"": ""파브레가"", ""brand_no"": 16255, ""category1"": ""남성의류"", ""category2"": ""상의"", ""category3"": ""긴소매 티셔츠"", ""category3_code"": 272103102, ""is_new"": false, ""item_no"": 3714676, ""period_sort"": ""ONE_DAY"", ""platform"": ""29cm"", ""ranking_category_code"": ""272103100"", ""ranking_category_name"": ""남성의류>상의"", ""review_avg"": 5.0, ""sale_percent"": 10, ""sale_price"": 52200, ""sold_out"": false, ""url"": ""https://product.29cm.co.kr/catalog/3714676""}",2026-10-10T01:00:29+00:00_fea744f1
2026-10-10T10:00:29+09:00,2026-10-10T01:00:29+00:00,commerce_rank,마티니 프릴 블라우스,29cm:3719533,heart_count,5956.0,"{""brand_eng"": ""MERRYON"", ""brand_kor"": ""메리온"", ""brand_no"": 108383, ""category1"": ""여성의류"", ""category2"": ""상의"", ""category3"": ""블라우스"", ""category3_code"": 268103107, ""is_new"": false, ""item_no"": 3719533, ""period_sort"": ""ONE_DAY"", ""platform"": ""29cm"", ""ranking_category_code"": ""268103100"", ""ranking_category_name"": ""여성의류>상의"", ""review_avg"": 5.0, ""sale_percent"": 19, ""sale_price"": 95580, ""sold_out"": false, ""url"": ""https://product.29cm.co.kr/catalog/3719533""}",2026-10-10T01:00:29+00:00_fea744f1
2026-10-10T10:00:29+09:00,2026-10-10T01:00:29+00:00,commerce_rank,마티니 프릴 블라우스,29cm:3719533,review_count,41.0,"{""brand_eng"": ""MERRYON"", ""brand_kor"": ""메리온"", ""brand_no"": 108383, ""category1"": ""여성의류"", ""category2"": ""상의"", ""category3"": ""블라우스"", ""category3_code"": 268103107, ""is_new"": false, ""item_no"": 3719533, ""period_sort"": ""ONE_DAY"", ""platform"": ""29cm"", ""ranking_category_code"": ""268103100"", ""ranking_category_name"": ""여성의류>상의"", ""review_avg"": 5.0, ""sale_percent"": 19, ""sale_price"": 95580, ""sold_out"": false, ""url"": ""https://product.29cm.co.kr/catalog/3719533""}",2026-10-10T01:00:29+00:00_fea744f1
2026-10-10T10:00:29+09:00,2026-10-10T01:00:29+00:00,commerce_rank,마티니 프릴 블라우스,29cm:3719533@268103100,rank,37.0,"{""brand_eng"": ""MERRYON"", ""brand_kor"": ""메리온"", ""brand_no"": 108383, ""category1"": ""여성의류"", ""category2"": ""상의"", ""category3"": ""블라우스"", ""category3_code"": 268103107, ""is_new"": false, ""item_no"": 3719533, ""period_sort"": ""ONE_DAY"", ""platform"": ""29cm"", ""ranking_category_code"": ""268103100"", ""ranking_category_name"": ""여성의류>상의"", ""review_avg"": 5.0, ""sale_percent"": 19, ""sale_price"": 95580, ""sold_out"": false, ""url"": ""https://product.29cm.co.kr/catalog/3719533""}",2026-10-10T01:00:29+00:00_fea744f1
2026-10-10T10:00:29+09:00,2026-10-10T01:00:31+00:00,commerce_rank,TG1-TS04 마일드 크루 스웻셔츠 - [네이비],29cm:3724264,heart_count,1809.0,"{""brand_eng"": ""THOMAS MORE"", ""brand_kor"": ""토마스모어"", ""brand_no"": 2111, ""category1"": ""남성의류"", ""category2"": ""상의"", ""category3"": ""스웨트셔츠"", ""category3_code"": 272103107, ""is_new"": false, ""item_no"": 3724264, ""period_sort"": ""ONE_DAY"", ""platform"": ""29cm"", ""ranking_category_code"": ""272103100"", ""ranking_category_name"": ""남성의류>상의"", ""review_avg"": 4.5, ""sale_percent"": 0, ""sale_price"": 59700, ""sold_out"": false, ""url"": ""https://product.29cm.co.kr/catalog/3724264""}",2026-10-10T01:00:29+00:00_fea744f1
2026-10-10T10:00:29+09:00,2026-10-10T01:00:31+00:00,commerce_rank,TG1-TS04 마일드 크루 스웻셔츠 - [네이비],29cm:3724264,review_count,81.0,"{""brand_eng"": ""THOMAS MORE"", ""brand_kor"": ""토마스모어"", ""brand_no"": 2111, ""category1"": ""남성의류"", ""category2"": ""상의"", ""category3"": ""스웨트셔츠"", ""category3_code"": 272103107, ""is_new"": false, ""item_no"": 3724264, ""period_sort"": ""ONE_DAY"", ""platform"": ""29cm"", ""ranking_category_code"": ""272103100"", ""ranking_category_name"": ""남성의류>상의"", ""review_avg"": 4.5, ""sale_percent"": 0, ""sale_price"": 59700, ""sold_out"": false, ""url"": ""https://product.29cm.co.kr/catalog/3724264""}",2026-10-10T01:00:29+00:00_fea744f1
2026-10-10T10:00:29+09:00,2026-10-10T01:00:31+00:00,commerce_rank,TG1-TS04 마일드 크루 스웻셔츠 - [네이비],29cm:3724264@272103100,rank,90.0,"{""brand_eng"": ""THOMAS MORE"", ""brand_kor"": ""토마스모어"", ""brand_no"": 2111, ""category1"": ""남성의류"", ""category2"": ""상의"", ""category3"": ""스웨트셔츠"", ""category3_code"": 272103107, ""is_new"": false, ""item_no"": 3724264, ""period_sort"": ""ONE_DAY"", ""platform"": ""29cm"", ""ranking_category_code"": ""272103100"", ""ranking_category_name"": ""남성의류>상의"", ""review_avg"": 4.5, ""sale_percent"": 0, ""sale_price"": 59700, ""sold_out"": false, ""url"": ""https://product.29cm.co.kr/catalog/3724264""}",2026-10-10T01:00:29+00:00_fea744f1
2026-10-10T10:00:29+09:00,2026-10-10T01:00:29+00:00,commerce_rank,[3차 리오더] Silky lace bustier_2colors,29cm:3730434,heart_count,7465.0,"{""brand_eng"": ""URAGO"", ""brand_kor"": ""유라고"", ""brand_no"": 2221, ""category1"": ""여성의류"", ""category2"": ""상의"", ""category3"": ""슬리브리스"", ""category3_code"": 268103103, ""is_new"": false, ""item_no"": 3730434, ""period_sort"": ""ONE_DAY"", ""platform"": ""29cm"", ""ranking_category_code"": ""268103100"", ""ranking_category_name"": ""여성의류>상의"", ""review_avg"": 4.5, ""sale_percent"": 10, ""sale_price"": 79200, ""sold_out"": false, ""url"": ""https://product.29cm.co.kr/catalog/3730434""}",2026-10-10T01:00:29+00:00_fea744f1
2026-10-10T10:00:29+09:00,2026-10-10T01:00:29+00:00,commerce_rank,[3차 리오더] Silky lace bustier_2colors,29cm:3730434,review_count,108.0,"{""brand_eng"": ""URAGO"", ""brand_kor"": ""유라고"", ""brand_no"": 2221, ""category1"": ""여성의류"", ""category2"": ""상의"", ""category3"": ""슬리브리스"", ""category3_code"": 268103103, ""is_new"": false, ""item_no"": 3730434, ""period_sort"": ""ONE_DAY"", ""platform"": ""29cm"", ""ranking_category_code"": ""268103100"", ""ranking_category_name"": ""여성의류>상의"", ""review_avg"": 4.5, ""sale_percent"": 10, ""sale_price"": 79200, ""sold_out"": false, ""url"": ""https://product.29cm.co.kr/catalog/3730434""}",2026-10-10T01:00:29+00:00_fea744f1
2026-10-10T10:00:29+09:00,2026-10-10T01:00:29+00:00,commerce_rank,[3차 리오더] Silky lace bustier_2colors,29cm:3730434@268103100,rank,78.0,"{""brand_eng"": ""URAGO"", ""brand_kor"": ""유라고"", ""brand_no"": 2221, ""category1"": ""여성의류"", ""category2"": ""상의"", ""category3"": ""슬리브리스"", ""category3_code"": 268103103, ""is_new"": false, ""item_no"": 3730434, ""period_sort"": ""ONE_DAY"", ""platform"": ""29cm"", ""ranking_category_code"": ""268103100"", ""ranking_category_name"": ""여성의류>상의"", ""review_avg"": 4.5, ""sale_percent"": 10, ""sale_price"": 79200, ""sold_out"": false, ""url"": ""https://product.29cm.co.kr/catalog/3730434""}",2026-10-10T01:00:29+00:00_fea744f1
2026-10-10T10:00:29+09:00,2026-10-10T01:00:31+00:00,commerce_rank,숄더 로우컷 크롭 반팔티 - 화이트,29cm:3742972,heart_count,4.0,"{""brand_eng"": ""NOISE"", ""brand_kor"": ""노이즈"", ""brand_no"": 27391, ""category1"": ""남성의류"", ""category2"": ""상의"", ""category3"": ""반소매 티셔츠"", ""category3_code"": 272103101, ""is_new"": false, ""item_no"": 3742972, ""period_sort"": ""ONE_DAY"", ""platform"": ""29cm"", ""ranking_category_code"": ""272103100"", ""ranking_category_name"": ""남성의류>상의"", ""review_avg"": 0.0, ""sale_percent"": 19, ""sale_price"": 31500, ""sold_out"": false, ""url"": ""https://product.29cm.co.kr/catalog/3742972""}",2026-10-10T01:00:29+00:00_fea744f1
2026-10-10T10:00:29+09:00,2026-10-10T01:00:31+00:00,commerce_rank,숄더 로우컷 크롭 반팔티 - 화이트,29cm:3742972,review_count,0.0,"{""brand_eng"": ""NOISE"", ""brand_kor"": ""노이즈"", ""brand_no"": 27391, ""category1"": ""남성의류"", ""category2"": ""상의"", ""category3"": ""반소매 티셔츠"", ""category3_code"": 272103101, ""is_new"": false, ""item_no"": 3742972, ""period_sort"": ""ONE_DAY"", ""platform"": ""29cm"", ""ranking_category_code"": ""272103100"", ""ranking_category_name"": ""남성의류>상의"", ""review_avg"": 0.0, ""sale_percent"": 19, ""sale_price"": 31500, ""sold_out"": false, ""url"": ""https://product.29cm.co.kr/catalog/3742972""}",2026-10-10T01:00:29+00:00_fea744f1
2026-10-10T10:00:29+09:00,2026-10-10T01:00:31+00:00,commerce_rank,숄더 로우컷 크롭 반팔티 - 화이트,29cm:3742972@272103100,rank,72.0,"{""brand_eng"": ""NOISE"", ""brand_kor"": ""노이즈"", ""brand_no"": 27391, ""category1"": ""남성의류"", ""category2"": ""상의"", ""category3"": ""반소매 티셔츠"", ""category3_code"": 272103101, ""is_new"": false, ""item_no"": 3742972, ""period_sort"": ""ONE_DAY"", ""platform"": ""29cm"", ""ranking_category_code"": ""272103100"", ""ranking_category_name"": ""남성의류>상의"", ""review_avg"": 0.0, ""sale_percent"": 19, ""sale_price"": 31500, ""sold_out"": false, ""url"": ""https://product.29cm.co.kr/catalog/3742972""}",2026-10-10T01:00:29+00:00_fea744f1
2026-10-10T10:00:29+09:00,2026-10-10T01:00:29+00:00,commerce_rank,[13차] 오버 스트라이프 티셔츠_네이비,29cm:3748318,heart_count,5068.0,"{""brand_eng"": ""YUPPE"", ""brand_kor"": ""엽페"", ""brand_no"": 2856, ""category1"": ""여성의류"", ""category2"": ""상의"", ""category3"": ""긴소매 티셔츠"", ""category3_code"": 268103102, ""is_new"": false, ""item_no"": 3748318, ""period_sort"": ""ONE_DAY"", ""platform"": ""29cm"", ""ranking_category_code"": ""268103100"", ""ranking_category_name"": ""여성의류>상의"", ""review_avg"": 5.0, ""sale_percent"": 40, ""sale_price"": 47400, ""sold_out"": false, ""url"": ""https://product.29cm.co.kr/catalog/3748318""}",2026-10-10T01:00:29+00:00_fea744f1
2026-10-10T10:00:29+09:00,2026-10-10T01:00:29+00:00,commerce_rank,[13차] 오버 스트라이프 티셔츠_네이비,29cm:3748318,review_count,158.0,"{""brand_eng"": ""YUPPE"", ""brand_kor"": ""엽페"", ""brand_no"": 2856, ""category1"": ""여성의류"", ""category2"": ""상의"", ""category3"": ""긴소매 티셔츠"", ""category3_code"": 268103102, ""is_new"": false, ""item_no"": 3748318, ""period_sort"": ""ONE_DAY"", ""platform"": ""29cm"", ""ranking_category_code"": ""268103100"", ""ranking_category_name"": ""여성의류>상의"", ""review_avg"": 5.0, ""sale_percent"": 40, ""sale_price"": 47400, ""sold_out"": false, ""url"": ""https://product.29cm.co.kr/catalog/3748318""}",2026-10-10T01:00:29+00:00_fea744f1
2026-10-10T10:00:29+09:00,2026-10-10T01:00:29+00:00,commerce_rank,[13차] 오버 스트라이프 티셔츠_네이비,29cm:3748318@268103100,rank,28.0,"{""brand_eng"": ""YUPPE"", ""brand_kor"": ""엽페"", ""brand_no"": 2856, ""category1"": ""여성의류"", ""category2"": ""상의"", ""category3"": ""긴소매 티셔츠"", ""category3_code"": 268103102, ""is_new"": false, ""item_no"": 3748318, ""period_sort"": ""ONE_DAY"", ""platform"": ""29cm"", ""ranking_category_code"": ""268103100"", ""ranking_category_name"": ""여성의류>상의"", ""review_avg"": 5.0, ""sale_percent"": 40, ""sale_price"": 47400, ""sold_out"": false, ""url"": ""https://product.29cm.co.kr/catalog/3748318""}",2026-10-10T01:00:29+00:00_fea744f1
2026-10-10T10:00:29+09:00,2026-10-10T01:00:31+00:00,commerce_rank,비피 숏 슬리브 티셔츠 헤더 그레이,29cm:3775202,heart_count,349.0,"{""brand_eng"": ""HANES"", ""brand_kor"": ""헤인즈"", ""brand_no"": 111528, ""category1"": ""남성의류"", ""category2"": ""상의"", ""category3"": ""반소매 티셔츠"", ""category3_code"": 272103101, ""is_new"": false, ""item_no"": 3775202, ""period_sort"": ""ONE_DAY"", ""platform"": ""29cm"", ""ranking_category_code"": ""272103100"", ""ranking_category_name"": ""남성의류>상의"", ""review_avg"": 5.0, ""sale_percent"": 0, ""sale_price"": 29900, ""sold_out"": false, ""url"": ""https://product.29cm.co.kr/catalog/3775202""}",2026-10-10T01:00:29+00:00_fea744f1
2026-10-10T10:00:29+09:00,2026-10-10T01:00:31+00:00,commerce_rank,비피 숏 슬리브 티셔츠 헤더 그레이,29cm:3775202,review_count,19.0,"{""brand_eng"": ""HANES"", ""brand_kor"": ""헤인즈"", ""brand_no"": 111528, ""category1"": ""남성의류"", ""category2"": ""상의"", ""category3"": ""반소매 티셔츠"", ""category3_code"": 272103101, ""is_new"": false, ""item_no"": 3775202, ""period_sort"": ""ONE_DAY"", ""platform"": ""29cm"", ""ranking_category_code"": ""272103100"", ""ranking_category_name"": ""남성의류>상의"", ""review_avg"": 5.0, ""sale_percent"": 0, ""sale_price"": 29900, ""sold_out"": false, ""url"": ""https://product.29cm.co.kr/catalog/3775202""}",2026-10-10T01:00:29+00:00_fea744f1
2026-10-10T10:00:29+09:00,2026-10-10T01:00:31+00:00,commerce_rank,비피 숏 슬리브 티셔츠 헤더 그레이,29cm:3775202@272103100,rank,47.0,"{""brand_eng"": ""HANES"", ""brand_kor"": ""헤인즈"", ""brand_no"": 111528, ""category1"": ""남성의류"", ""category2"": ""상의"", ""category3"": ""반소매 티셔츠"", ""category3_code"": 272103101, ""is_new"": false, ""item_no"": 3775202, ""period_sort"": ""ONE_DAY"", ""platform"": ""29cm"", ""ranking_category_code"": ""272103100"", ""ranking_category_name"": ""남성의류>상의"", ""review_avg"": 5.0, ""sale_percent"": 0, ""sale_price"": 29900, ""sold_out"": false, ""url"": ""https://product.29cm.co.kr/catalog/3775202""}",2026-10-10T01:00:29+00:00_fea744f1
2026-10-10T10:00:29+09:00,2026-10-10T01:00:29+00:00,commerce_rank,[29CM 단독컬러][재이 pick]Number 23 Raglan Off-Shoulder T-Shirt_CTT3002(5color),29cm:3781911,heart_count,10866.0,"{""brand_eng"": ""CITTA"", ""brand_kor"": ""씨타"", ""brand_no"": 71833, ""category1"": ""여성의류"", ""category2"": ""상의"", ""category3"": ""긴소매 티셔츠"", ""category3_code"": 268103102, ""is_new"": false, ""item_no"": 3781911, ""period_sort"": ""ONE_DAY"", ""platform"": ""29cm"", ""ranking_category_code"": ""268103100"", ""ranking_category_name"": ""여성의류>상의"", ""review_avg"": 5.0, ""sale_percent"": 46, ""sale_price"": 30190, ""sold_out"": false, ""url"": ""https://product.29cm.co.kr/catalog/3781911""}",2026-10-10T01:00:29+00:00_fea744f1
2026-10-10T10:00:29+09:00,2026-10-10T01:00:29+00:00,commerce_rank,[29CM 단독컬러][재이 pick]Number 23 Raglan Off-Shoulder T-Shirt_CTT3002(5color),29cm:3781911,review_count,429.0,"{""brand_eng"": ""CITTA"", ""brand_kor"": ""씨타"", ""brand_no"": 71833, ""category1"": ""여성의류"", ""category2"": ""상의"", ""category3"": ""긴소매 티셔츠"", ""category3_code"": 268103102, ""is_new"": false, ""item_no"": 3781911, ""period_sort"": ""ONE_DAY"", ""platform"": ""29cm"", ""ranking_category_code"": ""268103100"", ""ranking_category_name"": ""여성의류>상의"", ""review_avg"": 5.0, ""sale_percent"": 46, ""sale_price"": 30190, ""sold_out"": false, ""url"": ""https://product.29cm.co.kr/catalog/3781911""}",2026-10-10T01:00:29+00:00_fea744f1
2026-10-10T10:00:29+09:00,2026-10-10T01:00:29+00:00,commerce_rank,[29CM 단독컬러][재이 pick]Number 23 Raglan Off-Shoulder T-Shirt_CTT3002(5color),29cm:3781911@268103100,rank,14.0,"{""brand_eng"": ""CITTA"", ""brand_kor"": ""씨타"", ""brand_no"": 71833, ""category1"": ""여성의류"", ""category2"": ""상의"", ""category3"": ""긴소매 티셔츠"", ""category3_code"": 268103102, ""is_new"": false, ""item_no"": 3781911, ""period_sort"": ""ONE_DAY"", ""platform"": ""29cm"", ""ranking_category_code"": ""268103100"", ""ranking_category_name"": ""여성의류>상의"", ""review_avg"": 5.0, ""sale_percent"": 46, ""sale_price"": 30190, ""sold_out"": false, ""url"": ""https://product.29cm.co.kr/catalog/3781911""}",2026-10-10T01:00:29+00:00_fea744f1
2026-10-10T10:00:29+09:00,2026-10-10T01:00:31+00:00,commerce_rank,Waffle Henley Long Sleeve Black,29cm:3796715,heart_count,186.0,"{""brand_eng"": ""partimento"", ""brand_kor"": ""파르티멘토"", ""brand_no"": 1588, ""category1"": ""남성의류"", ""category2"": ""상의"", ""category3"": ""긴소매 티셔츠"", ""category3_code"": 272103102, ""is_new"": false, ""item_no"": 3796715, ""period_sort"": ""ONE_DAY"", ""platform"": ""29cm"", ""ranking_category_code"": ""272103100"", ""ranking_category_name"": ""남성의류>상의"", ""review_avg"": 5.0, ""sale_percent"": 37, ""sale_price"": 51120, ""sold_out"": false, ""url"": ""https://product.29cm.co.kr/catalog/3796715""}",2026-10-10T01:00:29+00:00_fea744f1
2026-10-10T10:00:29+09:00,2026-10-10T01:00:31+00:00,commerce_rank,Waffle Henley Long Sleeve Black,29cm:3796715,review_count,5.0,"{""brand_eng"": ""partimento"", ""brand_kor"": ""파르티멘토"", ""brand_no"": 1588, ""category1"": ""남성의류"", ""category2"": ""상의"", ""category3"": ""긴소매 티셔츠"", ""category3_code"": 272103102, ""is_new"": false, ""item_no"": 3796715, ""period_sort"": ""ONE_DAY"", ""platform"": ""29cm"", ""ranking_category_code"": ""272103100"", ""ranking_category_name"": ""남성의류>상의"", ""review_avg"": 5.0, ""sale_percent"": 37, ""sale_price"": 51120, ""sold_out"": false, ""url"": ""https://product.29cm.co.kr/catalog/3796715""}",2026-10-10T01:00:29+00:00_fea744f1
2026-10-10T10:00:29+09:00,2026-10-10T01:00:31+00:00,commerce_rank,Waffle Henley Long Sleeve Black,29cm:3796715@272103100,rank,51.0,"{""brand_eng"": ""partimento"", ""brand_kor"": ""파르티멘토"", ""brand_no"": 1588, ""category1"": ""남성의류"", ""category2"": ""상의"", ""category3"": ""긴소매 티셔츠"", ""category3_code"": 272103102, ""is_new"": false, ""item_no"": 3796715, ""period_sort"": ""ONE_DAY"", ""platform"": ""29cm"", ""ranking_category_code"": ""272103100"", ""ranking_category_name"": ""남성의류>상의"", ""review_avg"": 5.0, ""sale_percent"": 37, ""sale_price"": 51120, ""sold_out"": false, ""url"": ""https://product.29cm.co.kr/catalog/3796715""}",2026-10-10T01:00:29+00:00_fea744f1
2026-10-10T10:00:29+09:00,2026-10-10T01:00:29+00:00,commerce_rank,[15차/경리님 착용]Cut-off one shoulder sweatshirt_melange pink,29cm:3798217,heart_count,13304.0,"{""brand_eng"": ""AARAN"", ""brand_kor"": ""어랜"", ""brand_no"": 25864, ""category1"": ""여성의류"", ""category2"": ""상의"", ""category3"": ""스웨트셔츠"", ""category3_code"": 268103104, ""is_new"": false, ""item_no"": 3798217, ""period_sort"": ""ONE_DAY"", ""platform"": ""29cm"", ""ranking_category_code"": ""268103100"", ""ranking_category_name"": ""여성의류>상의"", ""review_avg"": 4.5, ""sale_percent"": 10, ""sale_price"": 76500, ""sold_out"": false, ""url"": ""https://product.29cm.co.kr/catalog/3798217""}",2026-10-10T01:00:29+00:00_fea744f1
2026-10-10T10:00:29+09:00,2026-10-10T01:00:29+00:00,commerce_rank,[15차/경리님 착용]Cut-off one shoulder sweatshirt_melange pink,29cm:3798217,review_count,261.0,"{""brand_eng"": ""AARAN"", ""brand_kor"": ""어랜"", ""brand_no"": 25864, ""category1"": ""여성의류"", ""category2"": ""상의"", ""category3"": ""스웨트셔츠"", ""category3_code"": 268103104, ""is_new"": false, ""item_no"": 3798217, ""period_sort"": ""ONE_DAY"", ""platform"": ""29cm"", ""ranking_category_code"": ""268103100"", ""ranking_category_name"": ""여성의류>상의"", ""review_avg"": 4.5, ""sale_percent"": 10, ""sale_price"": 76500, ""sold_out"": false, ""url"": ""https://product.29cm.co.kr/catalog/3798217""}",2026-10-10T01:00:29+00:00_fea744f1
2026-10-10T10:00:29+09:00,2026-10-10T01:00:29+00:00,commerce_rank,[15차/경리님 착용]Cut-off one shoulder sweatshirt_melange pink,29cm:3798217@268103100,rank,27.0,"{""brand_eng"": ""AARAN"", ""brand_kor"": ""어랜"", ""brand_no"": 25864, ""category1"": ""여성의류"", ""category2"": ""상의"", ""category3"": ""스웨트셔츠"", ""category3_code"": 268103104, ""is_new"": false, ""item_no"": 3798217, ""period_sort"": ""ONE_DAY"", ""platform"": ""29cm"", ""ranking_category_code"": ""268103100"", ""ranking_category_name"": ""여성의류>상의"", ""review_avg"": 4.5, ""sale_percent"": 10, ""sale_price"": 76500, ""sold_out"": false, ""url"": ""https://product.29cm.co.kr/catalog/3798217""}",2026-10-10T01:00:29+00:00_fea744f1
2026-10-10T10:00:29+09:00,2026-10-10T01:00:29+00:00,commerce_rank,[17차/예약배송] Multi raglan sweatshirt (oatmeal+navy),29cm:3804547,heart_count,5196.0,"{""brand_eng"": ""CORE DE"", ""brand_kor"": ""코어드"", ""brand_no"": 49308, ""category1"": ""여성의류"", ""category2"": ""상의"", ""category3"": ""스웨트셔츠"", ""category3_code"": 268103104, ""is_new"": false, ""item_no"": 3804547, ""period_sort"": ""ONE_DAY"", ""platform"": ""29cm"", ""ranking_category_code"": ""268103100"", ""ranking_category_name"": ""여성의류>상의"", ""review_avg"": 5.0, ""sale_percent"": 5, ""sale_price"": 84550, ""sold_out"": false, ""url"": ""https://product.29cm.co.kr/catalog/3804547""}",2026-10-10T01:00:29+00:00_fea744f1
2026-10-10T10:00:29+09:00,2026-10-10T01:00:29+00:00,commerce_rank,[17차/예약배송] Multi raglan sweatshirt (oatmeal+navy),29cm:3804547,review_count,119.0,"{""brand_eng"": ""CORE DE"", ""brand_kor"": ""코어드"", ""brand_no"": 49308, ""category1"": ""여성의류"", ""category2"": ""상의"", ""category3"": ""스웨트셔츠"", ""category3_code"": 268103104, ""is_new"": false, ""item_no"": 3804547, ""period_sort"": ""ONE_DAY"", ""platform"": ""29cm"", ""ranking_category_code"": ""268103100"", ""ranking_category_name"": ""여성의류>상의"", ""review_avg"": 5.0, ""sale_percent"": 5, ""sale_price"": 84550, ""sold_out"": false, ""url"": ""https://product.29cm.co.kr/catalog/3804547""}",2026-10-10T01:00:29+00:00_fea744f1
2026-10-10T10:00:29+09:00,2026-10-10T01:00:29+00:00,commerce_rank,[17차/예약배송] Multi raglan sweatshirt (oatmeal+navy),29cm:3804547@268103100,rank,72.0,"{""brand_eng"": ""CORE DE"", ""brand_kor"": ""코어드"", ""brand_no"": 49308, ""category1"": ""여성의류"", ""category2"": ""상의"", ""category3"": ""스웨트셔츠"", ""category3_code"": 268103104, ""is_new"": false, ""item_no"": 3804547, ""period_sort"": ""ONE_DAY"", ""platform"": ""29cm"", ""ranking_category_code"": ""268103100"", ""ranking_category_name"": ""여성의류>상의"", ""review_avg"": 5.0, ""sale_percent"": 5, ""sale_price"": 84550, ""sold_out"": false, ""url"": ""https://product.29cm.co.kr/catalog/3804547""}",2026-10-10T01:00:29+00:00_fea744f1
2026-10-10T10:00:29+09:00,2026-10-10T01:00:31+00:00,commerce_rank,[AW] Ordinary Check Shirt (Black),29cm:3819082,heart_count,427.0,"{""brand_eng"": ""ANOTHER OFFICE"", ""brand_kor"": ""어나더오피스"", ""brand_no"": 1708, ""category1"": ""남성의류"", ""category2"": ""상의"", ""category3"": ""긴소매 셔츠"", ""category3_code"": 272103106, ""is_new"": false, ""item_no"": 3819082, ""period_sort"": ""ONE_DAY"", ""platform"": ""29cm"", ""ranking_category_code"": ""272103100"", ""ranking_category_name"": ""남성의류>상의"", ""review_avg"": 5.0, ""sale_percent"": 0, ""sale_price"": 189000, ""sold_out"": false, ""url"": ""https://product.29cm.co.kr/catalog/3819082""}",2026-10-10T01:00:29+00:00_fea744f1
2026-10-10T10:00:29+09:00,2026-10-10T01:00:31+00:00,commerce_rank,[AW] Ordinary Check Shirt (Black),29cm:3819082,review_count,10.0,"{""brand_eng"": ""ANOTHER OFFICE"", ""brand_kor"": ""어나더오피스"", ""brand_no"": 1708, ""category1"": ""남성의류"", ""category2"": ""상의"", ""category3"": ""긴소매 셔츠"", ""category3_code"": 272103106, ""is_new"": false, ""item_no"": 3819082, ""period_sort"": ""ONE_DAY"", ""platform"": ""29cm"", ""ranking_category_code"": ""272103100"", ""ranking_category_name"": ""남성의류>상의"", ""review_avg"": 5.0, ""sale_percent"": 0, ""sale_price"": 189000, ""sold_out"": false, ""url"": ""https://product.29cm.co.kr/catalog/3819082""}",2026-10-10T01:00:29+00:00_fea744f1
2026-10-10T10:00:29+09:00,2026-10-10T01:00:31+00:00,commerce_rank,[AW] Ordinary Check Shirt (Black),29cm:3819082@272103100,rank,64.0,"{""brand_eng"": ""ANOTHER OFFICE"", ""brand_kor"": ""어나더오피스"", ""brand_no"": 1708, ""category1"": ""남성의류"", ""category2"": ""상의"", ""category3"": ""긴소매 셔츠"", ""category3_code"": 272103106, ""is_new"": false, ""item_no"": 3819082, ""period_sort"": ""ONE_DAY"", ""platform"": ""29cm"", ""ranking_category_code"": ""272103100"", ""ranking_category_name"": ""남성의류>상의"", ""review_avg"": 5.0, ""sale_percent"": 0, ""sale_price"": 189000, ""sold_out"": false, ""url"": ""https://product.29cm.co.kr/catalog/3819082""}",2026-10-10T01:00:29+00:00_fea744f1
2026-10-10T10:00:29+09:00,2026-10-10T01:00:31+00:00,commerce_rank,TG2-TS05 튜블러 티 (11 Color),29cm:3873884,heart_count,4671.0,"{""brand_eng"": ""THOMAS MORE"", ""brand_kor"": ""토마스모어"", ""brand_no"": 2111, ""category1"": ""남성의류"", ""category2"": ""상의"", ""category3"": ""반소매 티셔츠"", ""category3_code"": 272103101, ""is_new"": false, ""item_no"": 3873884, ""period_sort"": ""ONE_DAY"", ""platform"": ""29cm"", ""ranking_category_code"": ""272103100"", ""ranking_category_name"": ""남성의류>상의"", ""review_avg"": 4.5, ""sale_percent"": 0, ""sale_price"": 23700, ""sold_out"": false, ""url"": ""https://product.29cm.co.kr/catalog/3873884""}",2026-10-10T01:00:29+00:00_fea744f1
2026-10-10T10:00:29+09:00,2026-10-10T01:00:31+00:00,commerce_rank,TG2-TS05 튜블러 티 (11 Color),29cm:3873884,review_count,812.0,"{""brand_eng"": ""THOMAS MORE"", ""brand_kor"": ""토마스모어"", ""brand_no"": 2111, ""category1"": ""남성의류"", ""category2"": ""상의"", ""category3"": ""반소매 티셔츠"", ""category3_code"": 272103101, ""is_new"": false, ""item_no"": 3873884, ""period_sort"": ""ONE_DAY"", ""platform"": ""29cm"", ""ranking_category_code"": ""272103100"", ""ranking_category_name"": ""남성의류>상의"", ""review_avg"": 4.5, ""sale_percent"": 0, ""sale_price"": 23700, ""sold_out"": false, ""url"": ""https://product.29cm.co.kr/catalog/3873884""}",2026-10-10T01:00:29+00:00_fea744f1
2026-10-10T10:00:29+09:00,2026-10-10T01:00:31+00:00,commerce_rank,TG2-TS05 튜블러 티 (11 Color),29cm:3873884@272103100,rank,6.0,"{""brand_eng"": ""THOMAS MORE"", ""brand_kor"": ""토마스모어"", ""brand_no"": 2111, ""category1"": ""남성의류"", ""category2"": ""상의"", ""category3"": ""반소매 티셔츠"", ""category3_code"": 272103101, ""is_new"": false, ""item_no"": 3873884, ""period_sort"": ""ONE_DAY"", ""platform"": ""29cm"", ""ranking_category_code"": ""272103100"", ""ranking_category_name"": ""남성의류>상의"", ""review_avg"": 4.5, ""sale_percent"": 0, ""sale_price"": 23700, ""sold_out"": false, ""url"": ""https://product.29cm.co.kr/catalog/3873884""}",2026-10-10T01:00:29+00:00_fea744f1
2026-10-10T10:00:29+09:00,2026-10-10T01:00:31+00:00,commerce_rank,"Washed Long Sleeve, Stone",29cm:3897366,heart_count,195.0,"{""brand_eng"": ""BROWNYARD"", ""brand_kor"": ""브라운야드"", ""brand_no"": 2211, ""category1"": ""남성의류"", ""category2"": ""상의"", ""category3"": ""긴소매 티셔츠"", ""category3_code"": 272103102, ""is_new"": false, ""item_no"": 3897366, ""period_sort"": ""ONE_DAY"", ""platform"": ""29cm"", ""ranking_category_code"": ""272103100"", ""ranking_category_name"": ""남성의류>상의"", ""review_avg"": 5.0, ""sale_percent"": 0, ""sale_price"": 78000, ""sold_out"": false, ""url"": ""https://product.29cm.co.kr/catalog/3897366""}",2026-10-10T01:00:29+00:00_fea744f1
2026-10-10T10:00:29+09:00,2026-10-10T01:00:31+00:00,commerce_rank,"Washed Long Sleeve, Stone",29cm:3897366,review_count,9.0,"{""brand_eng"": ""BROWNYARD"", ""brand_kor"": ""브라운야드"", ""brand_no"": 2211, ""category1"": ""남성의류"", ""category2"": ""상의"", ""category3"": ""긴소매 티셔츠"", ""category3_code"": 272103102, ""is_new"": false, ""item_no"": 3897366, ""period_sort"": ""ONE_DAY"", ""platform"": ""29cm"", ""ranking_category_code"": ""272103100"", ""ranking_category_name"": ""남성의류>상의"", ""review_avg"": 5.0, ""sale_percent"": 0, ""sale_price"": 78000, ""sold_out"": false, ""url"": ""https://product.29cm.co.kr/catalog/3897366""}",2026-10-10T01:00:29+00:00_fea744f1
2026-10-10T10:00:29+09:00,2026-10-10T01:00:31+00:00,commerce_rank,"Washed Long Sleeve, Stone",29cm:3897366@272103100,rank,54.0,"{""brand_eng"": ""BROWNYARD"", ""brand_kor"": ""브라운야드"", ""brand_no"": 2211, ""category1"": ""남성의류"", ""category2"": ""상의"", ""category3"": ""긴소매 티셔츠"", ""category3_code"": 272103102, ""is_new"": false, ""item_no"": 3897366, ""period_sort"": ""ONE_DAY"", ""platform"": ""29cm"", ""ranking_category_code"": ""272103100"", ""ranking_category_name"": ""남성의류>상의"", ""review_avg"": 5.0, ""sale_percent"": 0, ""sale_price"": 78000, ""sold_out"": false, ""url"": ""https://product.29cm.co.kr/catalog/3897366""}",2026-10-10T01:00:29+00:00_fea744f1
2026-10-10T10:00:29+09:00,2026-10-10T01:00:31+00:00,commerce_rank,"Washed Long Sleeve, Dark Navy",29cm:3897376,heart_count,224.0,"{""brand_eng"": ""BROWNYARD"", ""brand_kor"": ""브라운야드"", ""brand_no"": 2211, ""category1"": ""남성의류"", ""category2"": ""상의"", ""category3"": ""긴소매 티셔츠"", ""category3_code"": 272103102, ""is_new"": false, ""item_no"": 3897376, ""period_sort"": ""ONE_DAY"", ""platform"": ""29cm"", ""ranking_category_code"": ""272103100"", ""ranking_category_name"": ""남성의류>상의"", ""review_avg"": 5.0, ""sale_percent"": 0, ""sale_price"": 78000, ""sold_out"": false, ""url"": ""https://product.29cm.co.kr/catalog/3897376""}",2026-10-10T01:00:29+00:00_fea744f1
2026-10-10T10:00:29+09:00,2026-10-10T01:00:31+00:00,commerce_rank,"Washed Long Sleeve, Dark Navy",29cm:3897376,review_count,5.0,"{""brand_eng"": ""BROWNYARD"", ""brand_kor"": ""브라운야드"", ""brand_no"": 2211, ""category1"": ""남성의류"", ""category2"": ""상의"", ""category3"": ""긴소매 티셔츠"", ""category3_code"": 272103102, ""is_new"": false, ""item_no"": 3897376, ""period_sort"": ""ONE_DAY"", ""platform"": ""29cm"", ""ranking_category_code"": ""272103100"", ""ranking_category_name"": ""남성의류>상의"", ""review_avg"": 5.0, ""sale_percent"": 0, ""sale_price"": 78000, ""sold_out"": false, ""url"": ""https://product.29cm.co.kr/catalog/3897376""}",2026-10-10T01:00:29+00:00_fea744f1
2026-10-10T10:00:29+09:00,2026-10-10T01:00:31+00:00,commerce_rank,"Washed Long Sleeve, Dark Navy",29cm:3897376@272103100,rank,45.0,"{""brand_eng"": ""BROWNYARD"", ""brand_kor"": ""브라운야드"", ""brand_no"": 2211, ""category1"": ""남성의류"", ""category2"": ""상의"", ""category3"": ""긴소매 티셔츠"", ""category3_code"": 272103102, ""is_new"": false, ""item_no"": 3897376, ""period_sort"": ""ONE_DAY"", ""platform"": ""29cm"", ""ranking_category_code"": ""272103100"", ""ranking_category_name"": ""남성의류>상의"", ""review_avg"": 5.0, ""sale_percent"": 0, ""sale_price"": 78000, ""sold_out"": false, ""url"": ""https://product.29cm.co.kr/catalog/3897376""}",2026-10-10T01:00:29+00:00_fea744f1
2026-10-10T10:00:29+09:00,2026-10-10T01:00:31+00:00,commerce_rank,LAUNDRY SMALL CHECK SHIRT [CHARCOAL BLACK],29cm:3945677,heart_count,696.0,"{""brand_eng"": ""UNION BLUE"", ""brand_kor"": ""유니온 블루"", ""brand_no"": 13510, ""category1"": ""남성의류"", ""category2"": ""상의"", ""category3"": ""긴소매 셔츠"", ""category3_code"": 272103106, ""is_new"": false, ""item_no"": 3945677, ""period_sort"": ""ONE_DAY"", ""platform"": ""29cm"", ""ranking_category_code"": ""272103100"", ""ranking_category_name"": ""남성의류>상의"", ""review_avg"": 5.0, ""sale_percent"": 5, ""sale_price"": 82650, ""sold_out"": false, ""url"": ""https://product.29cm.co.kr/catalog/3945677""}",2026-10-10T01:00:29+00:00_fea744f1
2026-10-10T10:00:29+09:00,2026-10-10T01:00:31+00:00,commerce_rank,LAUNDRY SMALL CHECK SHIRT [CHARCOAL BLACK],29cm:3945677,review_count,47.0,"{""brand_eng"": ""UNION BLUE"", ""brand_kor"": ""유니온 블루"", ""brand_no"": 13510, ""category1"": ""남성의류"", ""category2"": ""상의"", ""category3"": ""긴소매 셔츠"", ""category3_code"": 272103106, ""is_new"": false, ""item_no"": 3945677, ""period_sort"": ""ONE_DAY"", ""platform"": ""29cm"", ""ranking_category_code"": ""272103100"", ""ranking_category_name"": ""남성의류>상의"", ""review_avg"": 5.0, ""sale_percent"": 5, ""sale_price"": 82650, ""sold_out"": false, ""url"": ""https://product.29cm.co.kr/catalog/3945677""}",2026-10-10T01:00:29+00:00_fea744f1
2026-10-10T10:00:29+09:00,2026-10-10T01:00:31+00:00,commerce_rank,LAUNDRY SMALL CHECK SHIRT [CHARCOAL BLACK],29cm:3945677@272103100,rank,77.0,"{""brand_eng"": ""UNION BLUE"", ""brand_kor"": ""유니온 블루"", ""brand_no"": 13510, ""category1"": ""남성의류"", ""category2"": ""상의"", ""category3"": ""긴소매 셔츠"", ""category3_code"": 272103106, ""is_new"": false, ""item_no"": 3945677, ""period_sort"": ""ONE_DAY"", ""platform"": ""29cm"", ""ranking_category_code"": ""272103100"", ""ranking_category_name"": ""남성의류>상의"", ""review_avg"": 5.0, ""sale_percent"": 5, ""sale_price"": 82650, ""sold_out"": false, ""url"": ""https://product.29cm.co.kr/catalog/3945677""}",2026-10-10T01:00:29+00:00_fea744f1
2026-10-10T10:00:29+09:00,2026-10-10T01:00:29+00:00,commerce_rank,[화사PICK] 에르고핏 베이직 홀터탑,29cm:3949081,heart_count,5114.0,"{""brand_eng"": ""COMFORTLAB"", ""brand_kor"": ""컴포트랩"", ""brand_no"": 4760, ""category1"": ""여성의류"", ""category2"": ""상의"", ""category3"": ""슬리브리스"", ""category3_code"": 268103103, ""is_new"": false, ""item_no"": 3949081, ""period_sort"": ""ONE_DAY"", ""platform"": ""29cm"", ""ranking_category_code"": ""268103100"", ""ranking_category_name"": ""여성의류>상의"", ""review_avg"": 4.5, ""sale_percent"": 42, ""sale_price"": 40400, ""sold_out"": false, ""url"": ""https://product.29cm.co.kr/catalog/3949081""}",2026-10-10T01:00:29+00:00_fea744f1
2026-10-10T10:00:29+09:00,2026-10-10T01:00:29+00:00,commerce_rank,[화사PICK] 에르고핏 베이직 홀터탑,29cm:3949081,review_count,162.0,"{""brand_eng"": ""COMFORTLAB"", ""brand_kor"": ""컴포트랩"", ""brand_no"": 4760, ""category1"": ""여성의류"", ""category2"": ""상의"", ""category3"": ""슬리브리스"", ""category3_code"": 268103103, ""is_new"": false, ""item_no"": 3949081, ""period_sort"": ""ONE_DAY"", ""platform"": ""29cm"", ""ranking_category_code"": ""268103100"", ""ranking_category_name"": ""여성의류>상의"", ""review_avg"": 4.5, ""sale_percent"": 42, ""sale_price"": 40400, ""sold_out"": false, ""url"": ""https://product.29cm.co.kr/catalog/3949081""}",2026-10-10T01:00:29+00:00_fea744f1
2026-10-10T10:00:29+09:00,2026-10-10T01:00:29+00:00,commerce_rank,[화사PICK] 에르고핏 베이직 홀터탑,29cm:3949081@268103100,rank,43.0,"{""brand_eng"": ""COMFORTLAB"", ""brand_kor"": ""컴포트랩"", ""brand_no"": 4760, ""category1"": ""여성의류"", ""category2"": ""상의"", ""category3"": ""슬리브리스"", ""category3_code"": 268103103, ""is_new"": false, ""item_no"": 3949081, ""period_sort"": ""ONE_DAY"", ""platform"": ""29cm"", ""ranking_category_code"": ""268103100"", ""ranking_category_name"": ""여성의류>상의"", ""review_avg"": 4.5, ""sale_percent"": 42, ""sale_price"": 40400, ""sold_out"": false, ""url"": ""https://product.29cm.co.kr/catalog/3949081""}",2026-10-10T01:00:29+00:00_fea744f1
2026-10-10T10:00:29+09:00,2026-10-10T01:00:31+00:00,commerce_rank,Relaxed Crop T-Shirt CHARCOAL BROWN,29cm:3979473,heart_count,62.0,"{""brand_eng"": ""passer"", ""brand_kor"": ""빠쎄"", ""brand_no"": 91040, ""category1"": ""남성의류"", ""category2"": ""상의"", ""category3"": ""반소매 티셔츠"", ""category3_code"": 272103101, ""is_new"": false, ""item_no"": 3979473, ""period_sort"": ""ONE_DAY"", ""platform"": ""29cm"", ""ranking_category_code"": ""272103100"", ""ranking_category_name"": ""남성의류>상의"", ""review_avg"": 5.0, ""sale_percent"": 30, ""sale_price"": 27300, ""sold_out"": false, ""url"": ""https://product.29cm.co.kr/catalog/3979473""}",2026-10-10T01:00:29+00:00_fea744f1
2026-10-10T10:00:29+09:00,2026-10-10T01:00:31+00:00,commerce_rank,Relaxed Crop T-Shirt CHARCOAL BROWN,29cm:3979473,review_count,9.0,"{""brand_eng"": ""passer"", ""brand_kor"": ""빠쎄"", ""brand_no"": 91040, ""category1"": ""남성의류"", ""category2"": ""상의"", ""category3"": ""반소매 티셔츠"", ""category3_code"": 272103101, ""is_new"": false, ""item_no"": 3979473, ""period_sort"": ""ONE_DAY"", ""platform"": ""29cm"", ""ranking_category_code"": ""272103100"", ""ranking_category_name"": ""남성의류>상의"", ""review_avg"": 5.0, ""sale_percent"": 30, ""sale_price"": 27300, ""sold_out"": false, ""url"": ""https://product.29cm.co.kr/catalog/3979473""}",2026-10-10T01:00:29+00:00_fea744f1
2026-10-10T10:00:29+09:00,2026-10-10T01:00:31+00:00,commerce_rank,Relaxed Crop T-Shirt CHARCOAL BROWN,29cm:3979473@272103100,rank,62.0,"{""brand_eng"": ""passer"", ""brand_kor"": ""빠쎄"", ""brand_no"": 91040, ""category1"": ""남성의류"", ""category2"": ""상의"", ""category3"": ""반소매 티셔츠"", ""category3_code"": 272103101, ""is_new"": false, ""item_no"": 3979473, ""period_sort"": ""ONE_DAY"", ""platform"": ""29cm"", ""ranking_category_code"": ""272103100"", ""ranking_category_name"": ""남성의류>상의"", ""review_avg"": 5.0, ""sale_percent"": 30, ""sale_price"": 27300, ""sold_out"": false, ""url"": ""https://product.29cm.co.kr/catalog/3979473""}",2026-10-10T01:00:29+00:00_fea744f1
2026-10-10T10:00:29+09:00,2026-10-10T01:00:31+00:00,commerce_rank,[26SS] 깨닫다 티셔츠,29cm:4003324,heart_count,62.0,"{""brand_eng"": ""HAETALCOMPANY"", ""brand_kor"": ""해탈컴퍼니"", ""brand_no"": 118730, ""category1"": ""남성의류"", ""category2"": ""상의"", ""category3"": ""반소매 티셔츠"", ""category3_code"": 272103101, ""is_new"": false, ""item_no"": 4003324, ""period_sort"": ""ONE_DAY"", ""platform"": ""29cm"", ""ranking_category_code"": ""272103100"", ""ranking_category_name"": ""남성의류>상의"", ""review_avg"": 5.0, ""sale_percent"": 0, ""sale_price"": 30000, ""sold_out"": false, ""url"": ""https://product.29cm.co.kr/catalog/4003324""}",2026-10-10T01:00:29+00:00_fea744f1
2026-10-10T10:00:29+09:00,2026-10-10T01:00:31+00:00,commerce_rank,[26SS] 깨닫다 티셔츠,29cm:4003324,review_count,2.0,"{""brand_eng"": ""HAETALCOMPANY"", ""brand_kor"": ""해탈컴퍼니"", ""brand_no"": 118730, ""category1"": ""남성의류"", ""category2"": ""상의"", ""category3"": ""반소매 티셔츠"", ""category3_code"": 272103101, ""is_new"": false, ""item_no"": 4003324, ""period_sort"": ""ONE_DAY"", ""platform"": ""29cm"", ""ranking_category_code"": ""272103100"", ""ranking_category_name"": ""남성의류>상의"", ""review_avg"": 5.0, ""sale_percent"": 0, ""sale_price"": 30000, ""sold_out"": false, ""url"": ""https://product.29cm.co.kr/catalog/4003324""}",2026-10-10T01:00:29+00:00_fea744f1
2026-10-10T10:00:29+09:00,2026-10-10T01:00:31+00:00,commerce_rank,[26SS] 깨닫다 티셔츠,29cm:4003324@272103100,rank,87.0,"{""brand_eng"": ""HAETALCOMPANY"", ""brand_kor"": ""해탈컴퍼니"", ""brand_no"": 118730, ""category1"": ""남성의류"", ""category2"": ""상의"", ""category3"": ""반소매 티셔츠"", ""category3_code"": 272103101, ""is_new"": false, ""item_no"": 4003324, ""period_sort"": ""ONE_DAY"", ""platform"": ""29cm"", ""ranking_category_code"": ""272103100"", ""ranking_category_name"": ""남성의류>상의"", ""review_avg"": 5.0, ""sale_percent"": 0, ""sale_price"": 30000, ""sold_out"": false, ""url"": ""https://product.29cm.co.kr/catalog/4003324""}",2026-10-10T01:00:29+00:00_fea744f1
2026-10-10T10:00:29+09:00,2026-10-10T01:00:29+00:00,commerce_rank,[간절기 추천] NM5MS01J 화이트라벨 WL 스웨트셔츠 BLACK,29cm:4071745,heart_count,131.0,"{""brand_eng"": ""THE NORTH FACE"", ""brand_kor"": ""노스페이스"", ""brand_no"": 7789, ""category1"": ""여성의류"", ""category2"": ""상의"", ""category3"": ""스웨트셔츠"", ""category3_code"": 268103104, ""is_new"": false, ""item_no"": 4071745, ""period_sort"": ""ONE_DAY"", ""platform"": ""29cm"", ""ranking_category_code"": ""268103100"", ""ranking_category_name"": ""여성의류>상의"", ""review_avg"": 5.0, ""sale_percent"": 32, ""sale_price"": 59840, ""sold_out"": false, ""url"": ""https://product.29cm.co.kr/catalog/4071745""}",2026-10-10T01:00:29+00:00_fea744f1
2026-10-10T10:00:29+09:00,2026-10-10T01:00:29+00:00,commerce_rank,[간절기 추천] NM5MS01J 화이트라벨 WL 스웨트셔츠 BLACK,29cm:4071745,review_count,2.0,"{""brand_eng"": ""THE NORTH FACE"", ""brand_kor"": ""노스페이스"", ""brand_no"": 7789, ""category1"": ""여성의류"", ""category2"": ""상의"", ""category3"": ""스웨트셔츠"", ""category3_code"": 268103104, ""is_new"": false, ""item_no"": 4071745, ""period_sort"": ""ONE_DAY"", ""platform"": ""29cm"", ""ranking_category_code"": ""268103100"", ""ranking_category_name"": ""여성의류>상의"", ""review_avg"": 5.0, ""sale_percent"": 32, ""sale_price"": 59840, ""sold_out"": false, ""url"": ""https://product.29cm.co.kr/catalog/4071745""}",2026-10-10T01:00:29+00:00_fea744f1
2026-10-10T10:00:29+09:00,2026-10-10T01:00:29+00:00,commerce_rank,[간절기 추천] NM5MS01J 화이트라벨 WL 스웨트셔츠 BLACK,29cm:4071745@268103100,rank,90.0,"{""brand_eng"": ""THE NORTH FACE"", ""brand_kor"": ""노스페이스"", ""brand_no"": 7789, ""category1"": ""여성의류"", ""category2"": ""상의"", ""category3"": ""스웨트셔츠"", ""category3_code"": 268103104, ""is_new"": false, ""item_no"": 4071745, ""period_sort"": ""ONE_DAY"", ""platform"": ""29cm"", ""ranking_category_code"": ""268103100"", ""ranking_category_name"": ""여성의류>상의"", ""review_avg"": 5.0, ""sale_percent"": 32, ""sale_price"": 59840, ""sold_out"": false, ""url"": ""https://product.29cm.co.kr/catalog/4071745""}",2026-10-10T01:00:29+00:00_fea744f1
2026-10-10T10:00:29+09:00,2026-10-10T01:00:31+00:00,commerce_rank,[간절기 추천] NM5MS01J 화이트라벨 WL 스웨트셔츠 BLACK,29cm:4071745@272103100,rank,60.0,"{""brand_eng"": ""THE NORTH FACE"", ""brand_kor"": ""노스페이스"", ""brand_no"": 7789, ""category1"": ""여성의류"", ""category2"": ""상의"", ""category3"": ""스웨트셔츠"", ""category3_code"": 268103104, ""is_new"": false, ""item_no"": 4071745, ""period_sort"": ""ONE_DAY"", ""platform"": ""29cm"", ""ranking_category_code"": ""272103100"", ""ranking_category_name"": ""남성의류>상의"", ""review_avg"": 5.0, ""sale_percent"": 32, ""sale_price"": 59840, ""sold_out"": false, ""url"": ""https://product.29cm.co.kr/catalog/4071745""}",2026-10-10T01:00:29+00:00_fea744f1
2026-10-10T10:00:29+09:00,2026-10-10T01:00:29+00:00,commerce_rank,Corduroy Mid Sleeve Shirt_Khaki Beige,29cm:4081083,heart_count,9487.0,"{""brand_eng"": ""108POUND"", ""brand_kor"": ""108파운드"", ""brand_no"": 86198, ""category1"": ""여성의류"", ""category2"": ""상의"", ""category3"": ""셔츠"", ""category3_code"": 268103106, ""is_new"": false, ""item_no"": 4081083, ""period_sort"": ""ONE_DAY"", ""platform"": ""29cm"", ""ranking_category_code"": ""268103100"", ""ranking_category_name"": ""여성의류>상의"", ""review_avg"": 4.5, ""sale_percent"": 30, ""sale_price"": 64170, ""sold_out"": false, ""url"": ""https://product.29cm.co.kr/catalog/4081083""}",2026-10-10T01:00:29+00:00_fea744f1
2026-10-10T10:00:29+09:00,2026-10-10T01:00:29+00:00,commerce_rank,Corduroy Mid Sleeve Shirt_Khaki Beige,29cm:4081083,review_count,125.0,"{""brand_eng"": ""108POUND"", ""brand_kor"": ""108파운드"", ""brand_no"": 86198, ""category1"": ""여성의류"", ""category2"": ""상의"", ""category3"": ""셔츠"", ""category3_code"": 268103106, ""is_new"": false, ""item_no"": 4081083, ""period_sort"": ""ONE_DAY"", ""platform"": ""29cm"", ""ranking_category_code"": ""268103100"", ""ranking_category_name"": ""여성의류>상의"", ""review_avg"": 4.5, ""sale_percent"": 30, ""sale_price"": 64170, ""sold_out"": false, ""url"": ""https://product.29cm.co.kr/catalog/4081083""}",2026-10-10T01:00:29+00:00_fea744f1
2026-10-10T10:00:29+09:00,2026-10-10T01:00:29+00:00,commerce_rank,Corduroy Mid Sleeve Shirt_Khaki Beige,29cm:4081083@268103100,rank,86.0,"{""brand_eng"": ""108POUND"", ""brand_kor"": ""108파운드"", ""brand_no"": 86198, ""category1"": ""여성의류"", ""category2"": ""상의"", ""category3"": ""셔츠"", ""category3_code"": 268103106, ""is_new"": false, ""item_no"": 4081083, ""period_sort"": ""ONE_DAY"", ""platform"": ""29cm"", ""ranking_category_code"": ""268103100"", ""ranking_category_name"": ""여성의류>상의"", ""review_avg"": 4.5, ""sale_percent"": 30, ""sale_price"": 64170, ""sold_out"": false, ""url"": ""https://product.29cm.co.kr/catalog/4081083""}",2026-10-10T01:00:29+00:00_fea744f1
2026-10-10T10:00:29+09:00,2026-10-10T01:00:29+00:00,commerce_rank,Dusty Raglan Tee_Beige,29cm:4081115,heart_count,13872.0,"{""brand_eng"": ""108POUND"", ""brand_kor"": ""108파운드"", ""brand_no"": 86198, ""category1"": ""여성의류"", ""category2"": ""상의"", ""category3"": ""긴소매 티셔츠"", ""category3_code"": 268103102, ""is_new"": false, ""item_no"": 4081115, ""period_sort"": ""ONE_DAY"", ""platform"": ""29cm"", ""ranking_category_code"": ""268103100"", ""ranking_category_name"": ""여성의류>상의"", ""review_avg"": 4.5, ""sale_percent"": 32, ""sale_price"": 33080, ""sold_out"": false, ""url"": ""https://product.29cm.co.kr/catalog/4081115""}",2026-10-10T01:00:29+00:00_fea744f1
2026-10-10T10:00:29+09:00,2026-10-10T01:00:29+00:00,commerce_rank,Dusty Raglan Tee_Beige,29cm:4081115,review_count,216.0,"{""brand_eng"": ""108POUND"", ""brand_kor"": ""108파운드"", ""brand_no"": 86198, ""category1"": ""여성의류"", ""category2"": ""상의"", ""category3"": ""긴소매 티셔츠"", ""category3_code"": 268103102, ""is_new"": false, ""item_no"": 4081115, ""period_sort"": ""ONE_DAY"", ""platform"": ""29cm"", ""ranking_category_code"": ""268103100"", ""ranking_category_name"": ""여성의류>상의"", ""review_avg"": 4.5, ""sale_percent"": 32, ""sale_price"": 33080, ""sold_out"": false, ""url"": ""https://product.29cm.co.kr/catalog/4081115""}",2026-10-10T01:00:29+00:00_fea744f1
2026-10-10T10:00:29+09:00,2026-10-10T01:00:29+00:00,commerce_rank,Dusty Raglan Tee_Beige,29cm:4081115@268103100,rank,62.0,"{""brand_eng"": ""108POUND"", ""brand_kor"": ""108파운드"", ""brand_no"": 86198, ""category1"": ""여성의류"", ""category2"": ""상의"", ""category3"": ""긴소매 티셔츠"", ""category3_code"": 268103102, ""is_new"": false, ""item_no"": 4081115, ""period_sort"": ""ONE_DAY"", ""platform"": ""29cm"", ""ranking_category_code"": ""268103100"", ""ranking_category_name"": ""여성의류>상의"", ""review_avg"": 4.5, ""sale_percent"": 32, ""sale_price"": 33080, ""sold_out"": false, ""url"": ""https://product.29cm.co.kr/catalog/4081115""}",2026-10-10T01:00:29+00:00_fea744f1
2026-10-10T10:00:29+09:00,2026-10-10T01:00:29+00:00,commerce_rank,와플 래글런 LST (Dark Navy),29cm:4088282,heart_count,2636.0,"{""brand_eng"": ""ENZO BLUES"", ""brand_kor"": ""엔조블루스"", ""brand_no"": 1549, ""category1"": ""여성의류"", ""category2"": ""상의"", ""category3"": ""긴소매 티셔츠"", ""category3_code"": 268103102, ""is_new"": false, ""item_no"": 4088282, ""period_sort"": ""ONE_DAY"", ""platform"": ""29cm"", ""ranking_category_code"": ""268103100"", ""ranking_category_name"": ""여성의류>상의"", ""review_avg"": 5.0, ""sale_percent"": 10, ""sale_price"": 71100, ""sold_out"": false, ""url"": ""https://product.29cm.co.kr/catalog/4088282""}",2026-10-10T01:00:29+00:00_fea744f1
2026-10-10T10:00:29+09:00,2026-10-10T01:00:29+00:00,commerce_rank,와플 래글런 LST (Dark Navy),29cm:4088282,review_count,24.0,"{""brand_eng"": ""ENZO BLUES"", ""brand_kor"": ""엔조블루스"", ""brand_no"": 1549, ""category1"": ""여성의류"", ""category2"": ""상의"", ""category3"": ""긴소매 티셔츠"", ""category3_code"": 268103102, ""is_new"": false, ""item_no"": 4088282, ""period_sort"": ""ONE_DAY"", ""platform"": ""29cm"", ""ranking_category_code"": ""268103100"", ""ranking_category_name"": ""여성의류>상의"", ""review_avg"": 5.0, ""sale_percent"": 10, ""sale_price"": 71100, ""sold_out"": false, ""url"": ""https://product.29cm.co.kr/catalog/4088282""}",2026-10-10T01:00:29+00:00_fea744f1
2026-10-10T10:00:29+09:00,2026-10-10T01:00:29+00:00,commerce_rank,와플 래글런 LST (Dark Navy),29cm:4088282@268103100,rank,89.0,"{""brand_eng"": ""ENZO BLUES"", ""brand_kor"": ""엔조블루스"", ""brand_no"": 1549, ""category1"": ""여성의류"", ""category2"": ""상의"", ""category3"": ""긴소매 티셔츠"", ""category3_code"": 268103102, ""is_new"": false, ""item_no"": 4088282, ""period_sort"": ""ONE_DAY"", ""platform"": ""29cm"", ""ranking_category_code"": ""268103100"", ""ranking_category_name"": ""여성의류>상의"", ""review_avg"": 5.0, ""sale_percent"": 10, ""sale_price"": 71100, ""sold_out"": false, ""url"": ""https://product.29cm.co.kr/catalog/4088282""}",2026-10-10T01:00:29+00:00_fea744f1
2026-10-10T10:00:29+09:00,2026-10-10T01:00:31+00:00,commerce_rank,오션 토템 폴라 후디드 풀오버(4colors) NFL2226,29cm:4095396,heart_count,1778.0,"{""brand_eng"": ""NAUTICA"", ""brand_kor"": ""노티카"", ""brand_no"": 17425, ""category1"": ""남성의류"", ""category2"": ""상의"", ""category3"": ""후디"", ""category3_code"": 272103108, ""is_new"": false, ""item_no"": 4095396, ""period_sort"": ""ONE_DAY"", ""platform"": ""29cm"", ""ranking_category_code"": ""272103100"", ""ranking_category_name"": ""남성의류>상의"", ""review_avg"": 5.0, ""sale_percent"": 10, ""sale_price"": 80100, ""sold_out"": false, ""url"": ""https://product.29cm.co.kr/catalog/4095396""}",2026-10-10T01:00:29+00:00_fea744f1
2026-10-10T10:00:29+09:00,2026-10-10T01:00:31+00:00,commerce_rank,오션 토템 폴라 후디드 풀오버(4colors) NFL2226,29cm:4095396,review_count,14.0,"{""brand_eng"": ""NAUTICA"", ""brand_kor"": ""노티카"", ""brand_no"": 17425, ""category1"": ""남성의류"", ""category2"": ""상의"", ""category3"": ""후디"", ""category3_code"": 272103108, ""is_new"": false, ""item_no"": 4095396, ""period_sort"": ""ONE_DAY"", ""platform"": ""29cm"", ""ranking_category_code"": ""272103100"", ""ranking_category_name"": ""남성의류>상의"", ""review_avg"": 5.0, ""sale_percent"": 10, ""sale_price"": 80100, ""sold_out"": false, ""url"": ""https://product.29cm.co.kr/catalog/4095396""}",2026-10-10T01:00:29+00:00_fea744f1
2026-10-10T10:00:29+09:00,2026-10-10T01:00:31+00:00,commerce_rank,오션 토템 폴라 후디드 풀오버(4colors) NFL2226,29cm:4095396@272103100,rank,43.0,"{""brand_eng"": ""NAUTICA"", ""brand_kor"": ""노티카"", ""brand_no"": 17425, ""category1"": ""남성의류"", ""category2"": ""상의"", ""category3"": ""후디"", ""category3_code"": 272103108, ""is_new"": false, ""item_no"": 4095396, ""period_sort"": ""ONE_DAY"", ""platform"": ""29cm"", ""ranking_category_code"": ""272103100"", ""ranking_category_name"": ""남성의류>상의"", ""review_avg"": 5.0, ""sale_percent"": 10, ""sale_price"": 80100, ""sold_out"": false, ""url"": ""https://product.29cm.co.kr/catalog/4095396""}",2026-10-10T01:00:29+00:00_fea744f1
2026-10-10T10:00:29+09:00,2026-10-10T01:00:29+00:00,commerce_rank,[72H 특가] 50s RAGLAN GRAPHIC T-SHIRT_NAVY,29cm:4096889,heart_count,9387.0,"{""brand_eng"": ""TTUDEMENT"", ""brand_kor"": ""튜드먼트"", ""brand_no"": 36259, ""category1"": ""여성의류"", ""category2"": ""상의"", ""category3"": ""긴소매 티셔츠"", ""category3_code"": 268103102, ""is_new"": false, ""item_no"": 4096889, ""period_sort"": ""ONE_DAY"", ""platform"": ""29cm"", ""ranking_category_code"": ""268103100"", ""ranking_category_name"": ""여성의류>상의"", ""review_avg"": 5.0, ""sale_percent"": 30, ""sale_price"": 48650, ""sold_out"": false, ""url"": ""https://product.29cm.co.kr/catalog/4096889""}",2026-10-10T01:00:29+00:00_fea744f1
2026-10-10T10:00:29+09:00,2026-10-10T01:00:29+00:00,commerce_rank,[72H 특가] 50s RAGLAN GRAPHIC T-SHIRT_NAVY,29cm:4096889,review_count,84.0,"{""brand_eng"": ""TTUDEMENT"", ""brand_kor"": ""튜드먼트"", ""brand_no"": 36259, ""category1"": ""여성의류"", ""category2"": ""상의"", ""category3"": ""긴소매 티셔츠"", ""category3_code"": 268103102, ""is_new"": false, ""item_no"": 4096889, ""period_sort"": ""ONE_DAY"", ""platform"": ""29cm"", ""ranking_category_code"": ""268103100"", ""ranking_category_name"": ""여성의류>상의"", ""review_avg"": 5.0, ""sale_percent"": 30, ""sale_price"": 48650, ""sold_out"": false, ""url"": ""https://product.29cm.co.kr/catalog/4096889""}",2026-10-10T01:00:29+00:00_fea744f1
2026-10-10T10:00:29+09:00,2026-10-10T01:00:29+00:00,commerce_rank,[72H 특가] 50s RAGLAN GRAPHIC T-SHIRT_NAVY,29cm:4096889@268103100,rank,21.0,"{""brand_eng"": ""TTUDEMENT"", ""brand_kor"": ""튜드먼트"", ""brand_no"": 36259, ""category1"": ""여성의류"", ""category2"": ""상의"", ""category3"": ""긴소매 티셔츠"", ""category3_code"": 268103102, ""is_new"": false, ""item_no"": 4096889, ""period_sort"": ""ONE_DAY"", ""platform"": ""29cm"", ""ranking_category_code"": ""268103100"", ""ranking_category_name"": ""여성의류>상의"", ""review_avg"": 5.0, ""sale_percent"": 30, ""sale_price"": 48650, ""sold_out"": false, ""url"": ""https://product.29cm.co.kr/catalog/4096889""}",2026-10-10T01:00:29+00:00_fea744f1
2026-10-10T10:00:29+09:00,2026-10-10T01:00:29+00:00,commerce_rank,"[디렉터픽] REGULAR WAFFLE HENLEY LONG SLEEVE, GRAY",29cm:4099039,heart_count,3491.0,"{""brand_eng"": ""PLZPROJECT"", ""brand_kor"": ""플리즈프로젝트"", ""brand_no"": 18645, ""category1"": ""여성의류"", ""category2"": ""상의"", ""category3"": ""긴소매 티셔츠"", ""category3_code"": 268103102, ""is_new"": false, ""item_no"": 4099039, ""period_sort"": ""ONE_DAY"", ""platform"": ""29cm"", ""ranking_category_code"": ""268103100"", ""ranking_category_name"": ""여성의류>상의"", ""review_avg"": 4.5, ""sale_percent"": 10, ""sale_price"": 52200, ""sold_out"": true, ""url"": ""https://product.29cm.co.kr/catalog/4099039""}",2026-10-10T01:00:29+00:00_fea744f1
2026-10-10T10:00:29+09:00,2026-10-10T01:00:29+00:00,commerce_rank,"[디렉터픽] REGULAR WAFFLE HENLEY LONG SLEEVE, GRAY",29cm:4099039,review_count,26.0,"{""brand_eng"": ""PLZPROJECT"", ""brand_kor"": ""플리즈프로젝트"", ""brand_no"": 18645, ""category1"": ""여성의류"", ""category2"": ""상의"", ""category3"": ""긴소매 티셔츠"", ""category3_code"": 268103102, ""is_new"": false, ""item_no"": 4099039, ""period_sort"": ""ONE_DAY"", ""platform"": ""29cm"", ""ranking_category_code"": ""268103100"", ""ranking_category_name"": ""여성의류>상의"", ""review_avg"": 4.5, ""sale_percent"": 10, ""sale_price"": 52200, ""sold_out"": true, ""url"": ""https://product.29cm.co.kr/catalog/4099039""}",2026-10-10T01:00:29+00:00_fea744f1
2026-10-10T10:00:29+09:00,2026-10-10T01:00:29+00:00,commerce_rank,"[디렉터픽] REGULAR WAFFLE HENLEY LONG SLEEVE, GRAY",29cm:4099039@268103100,rank,42.0,"{""brand_eng"": ""PLZPROJECT"", ""brand_kor"": ""플리즈프로젝트"", ""brand_no"": 18645, ""category1"": ""여성의류"", ""category2"": ""상의"", ""category3"": ""긴소매 티셔츠"", ""category3_code"": 268103102, ""is_new"": false, ""item_no"": 4099039, ""period_sort"": ""ONE_DAY"", ""platform"": ""29cm"", ""ranking_category_code"": ""268103100"", ""ranking_category_name"": ""여성의류>상의"", ""review_avg"": 4.5, ""sale_percent"": 10, ""sale_price"": 52200, ""sold_out"": true, ""url"": ""https://product.29cm.co.kr/catalog/4099039""}",2026-10-10T01:00:29+00:00_fea744f1
2026-10-10T10:00:29+09:00,2026-10-10T01:00:29+00:00,commerce_rank,"[디렉터픽][3차] DAMAGE WAFFLE LONG SLEEVE, CHARCOAL",29cm:4099045,heart_count,2331.0,"{""brand_eng"": ""PLZPROJECT"", ""brand_kor"": ""플리즈프로젝트"", ""brand_no"": 18645, ""category1"": ""여성의류"", ""category2"": ""상의"", ""category3"": ""긴소매 티셔츠"", ""category3_code"": 268103102, ""is_new"": false, ""item_no"": 4099045, ""period_sort"": ""ONE_DAY"", ""platform"": ""29cm"", ""ranking_category_code"": ""268103100"", ""ranking_category_name"": ""여성의류>상의"", ""review_avg"": 5.0, ""sale_percent"": 10, ""sale_price"": 53100, ""sold_out"": false, ""url"": ""https://product.29cm.co.kr/catalog/4099045""}",2026-10-10T01:00:29+00:00_fea744f1
2026-10-10T10:00:29+09:00,2026-10-10T01:00:29+00:00,commerce_rank,"[디렉터픽][3차] DAMAGE WAFFLE LONG SLEEVE, CHARCOAL",29cm:4099045,review_count,26.0,"{""brand_eng"": ""PLZPROJECT"", ""brand_kor"": ""플리즈프로젝트"", ""brand_no"": 18645, ""category1"": ""여성의류"", ""category2"": ""상의"", ""category3"": ""긴소매 티셔츠"", ""category3_code"": 268103102, ""is_new"": false, ""item_no"": 4099045, ""period_sort"": ""ONE_DAY"", ""platform"": ""29cm"", ""ranking_category_code"": ""268103100"", ""ranking_category_name"": ""여성의류>상의"", ""review_avg"": 5.0, ""sale_percent"": 10, ""sale_price"": 53100, ""sold_out"": false, ""url"": ""https://product.29cm.co.kr/catalog/4099045""}",2026-10-10T01:00:29+00:00_fea744f1
2026-10-10T10:00:29+09:00,2026-10-10T01:00:29+00:00,commerce_rank,"[디렉터픽][3차] DAMAGE WAFFLE LONG SLEEVE, CHARCOAL",29cm:4099045@268103100,rank,32.0,"{""brand_eng"": ""PLZPROJECT"", ""brand_kor"": ""플리즈프로젝트"", ""brand_no"": 18645, ""category1"": ""여성의류"", ""category2"": ""상의"", ""category3"": ""긴소매 티셔츠"", ""category3_code"": 268103102, ""is_new"": false, ""item_no"": 4099045, ""period_sort"": ""ONE_DAY"", ""platform"": ""29cm"", ""ranking_category_code"": ""268103100"", ""ranking_category_name"": ""여성의류>상의"", ""review_avg"": 5.0, ""sale_percent"": 10, ""sale_price"": 53100, ""sold_out"": false, ""url"": ""https://product.29cm.co.kr/catalog/4099045""}",2026-10-10T01:00:29+00:00_fea744f1
2026-10-10T10:00:29+09:00,2026-10-10T01:00:29+00:00,commerce_rank,Loose Fit Essential Sweat Shirt-Butter,29cm:4115351,heart_count,2273.0,"{""brand_eng"": ""BITTERCELLS"", ""brand_kor"": ""비터셀즈"", ""brand_no"": 15063, ""category1"": ""여성의류"", ""category2"": ""상의"", ""category3"": ""스웨트셔츠"", ""category3_code"": 268103104, ""is_new"": false, ""item_no"": 4115351, ""period_sort"": ""ONE_DAY"", ""platform"": ""29cm"", ""ranking_category_code"": ""268103100"", ""ranking_category_name"": ""여성의류>상의"", ""review_avg"": 5.0, ""sale_percent"": 10, ""sale_price"": 53100, ""sold_out"": false, ""url"": ""https://product.29cm.co.kr/catalog/4115351""}",2026-10-10T01:00:29+00:00_fea744f1
2026-10-10T10:00:29+09:00,2026-10-10T01:00:29+00:00,commerce_rank,Loose Fit Essential Sweat Shirt-Butter,29cm:4115351,review_count,5.0,"{""brand_eng"": ""BITTERCELLS"", ""brand_kor"": ""비터셀즈"", ""brand_no"": 15063, ""category1"": ""여성의류"", ""category2"": ""상의"", ""category3"": ""스웨트셔츠"", ""category3_code"": 268103104, ""is_new"": false, ""item_no"": 4115351, ""period_sort"": ""ONE_DAY"", ""platform"": ""29cm"", ""ranking_category_code"": ""268103100"", ""ranking_category_name"": ""여성의류>상의"", ""review_avg"": 5.0, ""sale_percent"": 10, ""sale_price"": 53100, ""sold_out"": false, ""url"": ""https://product.29cm.co.kr/catalog/4115351""}",2026-10-10T01:00:29+00:00_fea744f1
2026-10-10T10:00:29+09:00,2026-10-10T01:00:29+00:00,commerce_rank,Loose Fit Essential Sweat Shirt-Butter,29cm:4115351@268103100,rank,95.0,"{""brand_eng"": ""BITTERCELLS"", ""brand_kor"": ""비터셀즈"", ""brand_no"": 15063, ""category1"": ""여성의류"", ""category2"": ""상의"", ""category3"": ""스웨트셔츠"", ""category3_code"": 268103104, ""is_new"": false, ""item_no"": 4115351, ""period_sort"": ""ONE_DAY"", ""platform"": ""29cm"", ""ranking_category_code"": ""268103100"", ""ranking_category_name"": ""여성의류>상의"", ""review_avg"": 5.0, ""sale_percent"": 10, ""sale_price"": 53100, ""sold_out"": false, ""url"": ""https://product.29cm.co.kr/catalog/4115351""}",2026-10-10T01:00:29+00:00_fea744f1
2026-10-10T10:00:29+09:00,2026-10-10T01:00:31+00:00,commerce_rank,Wool Tencel Fluid T Shirts_Heather Grey,29cm:4116598,heart_count,120.0,"{""brand_eng"": ""UMARMUNG"", ""brand_kor"": ""우마뭉"", ""brand_no"": 15634, ""category1"": ""남성의류"", ""category2"": ""상의"", ""category3"": ""긴소매 티셔츠"", ""category3_code"": 272103102, ""is_new"": false, ""item_no"": 4116598, ""period_sort"": ""ONE_DAY"", ""platform"": ""29cm"", ""ranking_category_code"": ""272103100"", ""ranking_category_name"": ""남성의류>상의"", ""review_avg"": 5.0, ""sale_percent"": 10, ""sale_price"": 116100, ""sold_out"": false, ""url"": ""https://product.29cm.co.kr/catalog/4116598""}",2026-10-10T01:00:29+00:00_fea744f1
2026-10-10T10:00:29+09:00,2026-10-10T01:00:31+00:00,commerce_rank,Wool Tencel Fluid T Shirts_Heather Grey,29cm:4116598,review_count,1.0,"{""brand_eng"": ""UMARMUNG"", ""brand_kor"": ""우마뭉"", ""brand_no"": 15634, ""category1"": ""남성의류"", ""category2"": ""상의"", ""category3"": ""긴소매 티셔츠"", ""category3_code"": 272103102, ""is_new"": false, ""item_no"": 4116598, ""period_sort"": ""ONE_DAY"", ""platform"": ""29cm"", ""ranking_category_code"": ""272103100"", ""ranking_category_name"": ""남성의류>상의"", ""review_avg"": 5.0, ""sale_percent"": 10, ""sale_price"": 116100, ""sold_out"": false, ""url"": ""https://product.29cm.co.kr/catalog/4116598""}",2026-10-10T01:00:29+00:00_fea744f1
2026-10-10T10:00:29+09:00,2026-10-10T01:00:31+00:00,commerce_rank,Wool Tencel Fluid T Shirts_Heather Grey,29cm:4116598@272103100,rank,88.0,"{""brand_eng"": ""UMARMUNG"", ""brand_kor"": ""우마뭉"", ""brand_no"": 15634, ""category1"": ""남성의류"", ""category2"": ""상의"", ""category3"": ""긴소매 티셔츠"", ""category3_code"": 272103102, ""is_new"": false, ""item_no"": 4116598, ""period_sort"": ""ONE_DAY"", ""platform"": ""29cm"", ""ranking_category_code"": ""272103100"", ""ranking_category_name"": ""남성의류>상의"", ""review_avg"": 5.0, ""sale_percent"": 10, ""sale_price"": 116100, ""sold_out"": false, ""url"": ""https://product.29cm.co.kr/catalog/4116598""}",2026-10-10T01:00:29+00:00_fea744f1
2026-10-10T10:00:29+09:00,2026-10-10T01:00:29+00:00,commerce_rank,"[소담,유미 pick]Daily Soft Slim Raglan Tee_CTT3039(6color)",29cm:4117309,heart_count,11691.0,"{""brand_eng"": ""CITTA"", ""brand_kor"": ""씨타"", ""brand_no"": 71833, ""category1"": ""여성의류"", ""category2"": ""상의"", ""category3"": ""긴소매 티셔츠"", ""category3_code"": 268103102, ""is_new"": false, ""item_no"": 4117309, ""period_sort"": ""ONE_DAY"", ""platform"": ""29cm"", ""ranking_category_code"": ""268103100"", ""ranking_category_name"": ""여성의류>상의"", ""review_avg"": 4.5, ""sale_percent"": 40, ""sale_price"": 27090, ""sold_out"": false, ""url"": ""https://product.29cm.co.kr/catalog/4117309""}",2026-10-10T01:00:29+00:00_fea744f1
2026-10-10T10:00:29+09:00,2026-10-10T01:00:29+00:00,commerce_rank,"[소담,유미 pick]Daily Soft Slim Raglan Tee_CTT3039(6color)",29cm:4117309,review_count,88.0,"{""brand_eng"": ""CITTA"", ""brand_kor"": ""씨타"", ""brand_no"": 71833, ""category1"": ""여성의류"", ""category2"": ""상의"", ""category3"": ""긴소매 티셔츠"", ""category3_code"": 268103102, ""is_new"": false, ""item_no"": 4117309, ""period_sort"": ""ONE_DAY"", ""platform"": ""29cm"", ""ranking_category_code"": ""268103100"", ""ranking_category_name"": ""여성의류>상의"", ""review_avg"": 4.5, ""sale_percent"": 40, ""sale_price"": 27090, ""sold_out"": false, ""url"": ""https://product.29cm.co.kr/catalog/4117309""}",2026-10-10T01:00:29+00:00_fea744f1
2026-10-10T10:00:29+09:00,2026-10-10T01:00:29+00:00,commerce_rank,"[소담,유미 pick]Daily Soft Slim Raglan Tee_CTT3039(6color)",29cm:4117309@268103100,rank,2.0,"{""brand_eng"": ""CITTA"", ""brand_kor"": ""씨타"", ""brand_no"": 71833, ""category1"": ""여성의류"", ""category2"": ""상의"", ""category3"": ""긴소매 티셔츠"", ""category3_code"": 268103102, ""is_new"": false, ""item_no"": 4117309, ""period_sort"": ""ONE_DAY"", ""platform"": ""29cm"", ""ranking_category_code"": ""268103100"", ""ranking_category_name"": ""여성의류>상의"", ""review_avg"": 4.5, ""sale_percent"": 40, ""sale_price"": 27090, ""sold_out"": false, ""url"": ""https://product.29cm.co.kr/catalog/4117309""}",2026-10-10T01:00:29+00:00_fea744f1
2026-10-10T10:00:29+09:00,2026-10-10T01:00:31+00:00,commerce_rank,스웻 크롭 반집업_6Color,29cm:4118913,heart_count,948.0,"{""brand_eng"": ""MOODINSIDE"", ""brand_kor"": ""무드인사이드"", ""brand_no"": 98995, ""category1"": ""남성의류"", ""category2"": ""상의"", ""category3"": ""스웨트셔츠"", ""category3_code"": 272103107, ""is_new"": false, ""item_no"": 4118913, ""period_sort"": ""ONE_DAY"", ""platform"": ""29cm"", ""ranking_category_code"": ""272103100"", ""ranking_category_name"": ""남성의류>상의"", ""review_avg"": 5.0, ""sale_percent"": 54, ""sale_price"": 54900, ""sold_out"": false, ""url"": ""https://product.29cm.co.kr/catalog/4118913""}",2026-10-10T01:00:29+00:00_fea744f1
2026-10-10T10:00:29+09:00,2026-10-10T01:00:31+00:00,commerce_rank,스웻 크롭 반집업_6Color,29cm:4118913,review_count,30.0,"{""brand_eng"": ""MOODINSIDE"", ""brand_kor"": ""무드인사이드"", ""brand_no"": 98995, ""category1"": ""남성의류"", ""category2"": ""상의"", ""category3"": ""스웨트셔츠"", ""category3_code"": 272103107, ""is_new"": false, ""item_no"": 4118913, ""period_sort"": ""ONE_DAY"", ""platform"": ""29cm"", ""ranking_category_code"": ""272103100"", ""ranking_category_name"": ""남성의류>상의"", ""review_avg"": 5.0, ""sale_percent"": 54, ""sale_price"": 54900, ""sold_out"": false, ""url"": ""https://product.29cm.co.kr/catalog/4118913""}",2026-10-10T01:00:29+00:00_fea744f1
2026-10-10T10:00:29+09:00,2026-10-10T01:00:31+00:00,commerce_rank,스웻 크롭 반집업_6Color,29cm:4118913@272103100,rank,5.0,"{""brand_eng"": ""MOODINSIDE"", ""brand_kor"": ""무드인사이드"", ""brand_no"": 98995, ""category1"": ""남성의류"", ""category2"": ""상의"", ""category3"": ""스웨트셔츠"", ""category3_code"": 272103107, ""is_new"": false, ""item_no"": 4118913, ""period_sort"": ""ONE_DAY"", ""platform"": ""29cm"", ""ranking_category_code"": ""272103100"", ""ranking_category_name"": ""남성의류>상의"", ""review_avg"": 5.0, ""sale_percent"": 54, ""sale_price"": 54900, ""sold_out"": false, ""url"": ""https://product.29cm.co.kr/catalog/4118913""}",2026-10-10T01:00:29+00:00_fea744f1
2026-10-10T10:00:29+09:00,2026-10-10T01:00:29+00:00,commerce_rank,[26th] Hines deep v-neck sweatshirt - Purple,29cm:4120936,heart_count,6299.0,"{""brand_eng"": ""APPAREL ARCHIVE"", ""brand_kor"": ""어패럴아카이브"", ""brand_no"": 98593, ""category1"": ""남성의류"", ""category2"": ""상의"", ""category3"": ""스웨트셔츠"", ""category3_code"": 272103107, ""is_new"": false, ""item_no"": 4120936, ""period_sort"": ""ONE_DAY"", ""platform"": ""29cm"", ""ranking_category_code"": ""268103100"", ""ranking_category_name"": ""여성의류>상의"", ""review_avg"": 5.0, ""sale_percent"": 10, ""sale_price"": 71100, ""sold_out"": false, ""url"": ""https://product.29cm.co.kr/catalog/4120936""}",2026-10-10T01:00:29+00:00_fea744f1
2026-10-10T10:00:29+09:00,2026-10-10T01:00:29+00:00,commerce_rank,[26th] Hines deep v-neck sweatshirt - Purple,29cm:4120936,review_count,43.0,"{""brand_eng"": ""APPAREL ARCHIVE"", ""brand_kor"": ""어패럴아카이브"", ""brand_no"": 98593, ""category1"": ""남성의류"", ""category2"": ""상의"", ""category3"": ""스웨트셔츠"", ""category3_code"": 272103107, ""is_new"": false, ""item_no"": 4120936, ""period_sort"": ""ONE_DAY"", ""platform"": ""29cm"", ""ranking_category_code"": ""268103100"", ""ranking_category_name"": ""여성의류>상의"", ""review_avg"": 5.0, ""sale_percent"": 10, ""sale_price"": 71100, ""sold_out"": false, ""url"": ""https://product.29cm.co.kr/catalog/4120936""}",2026-10-10T01:00:29+00:00_fea744f1
2026-10-10T10:00:29+09:00,2026-10-10T01:00:29+00:00,commerce_rank,[26th] Hines deep v-neck sweatshirt - Purple,29cm:4120936@268103100,rank,68.0,"{""brand_eng"": ""APPAREL ARCHIVE"", ""brand_kor"": ""어패럴아카이브"", ""brand_no"": 98593, ""category1"": ""남성의류"", ""category2"": ""상의"", ""category3"": ""스웨트셔츠"", ""category3_code"": 272103107, ""is_new"": false, ""item_no"": 4120936, ""period_sort"": ""ONE_DAY"", ""platform"": ""29cm"", ""ranking_category_code"": ""268103100"", ""ranking_category_name"": ""여성의류>상의"", ""review_avg"": 5.0, ""sale_percent"": 10, ""sale_price"": 71100, ""sold_out"": false, ""url"": ""https://product.29cm.co.kr/catalog/4120936""}",2026-10-10T01:00:29+00:00_fea744f1
2026-10-10T10:00:29+09:00,2026-10-10T01:00:29+00:00,commerce_rank,[9th]Standard-fit Basic Sleeveless,29cm:4122652,heart_count,597.0,"{""brand_eng"": ""TORTE"", ""brand_kor"": ""토르테"", ""brand_no"": 104998, ""category1"": ""여성의류"", ""category2"": ""상의"", ""category3"": ""슬리브리스"", ""category3_code"": 268103103, ""is_new"": false, ""item_no"": 4122652, ""period_sort"": ""ONE_DAY"", ""platform"": ""29cm"", ""ranking_category_code"": ""268103100"", ""ranking_category_name"": ""여성의류>상의"", ""review_avg"": 5.0, ""sale_percent"": 28, ""sale_price"": 28080, ""sold_out"": false, ""url"": ""https://product.29cm.co.kr/catalog/4122652""}",2026-10-10T01:00:29+00:00_fea744f1
2026-10-10T10:00:29+09:00,2026-10-10T01:00:29+00:00,commerce_rank,[9th]Standard-fit Basic Sleeveless,29cm:4122652,review_count,14.0,"{""brand_eng"": ""TORTE"", ""brand_kor"": ""토르테"", ""brand_no"": 104998, ""category1"": ""여성의류"", ""category2"": ""상의"", ""category3"": ""슬리브리스"", ""category3_code"": 268103103, ""is_new"": false, ""item_no"": 4122652, ""period_sort"": ""ONE_DAY"", ""platform"": ""29cm"", ""ranking_category_code"": ""268103100"", ""ranking_category_name"": ""여성의류>상의"", ""review_avg"": 5.0, ""sale_percent"": 28, ""sale_price"": 28080, ""sold_out"": false, ""url"": ""https://product.29cm.co.kr/catalog/4122652""}",2026-10-10T01:00:29+00:00_fea744f1
2026-10-10T10:00:29+09:00,2026-10-10T01:00:29+00:00,commerce_rank,[9th]Standard-fit Basic Sleeveless,29cm:4122652@268103100,rank,70.0,"{""brand_eng"": ""TORTE"", ""brand_kor"": ""토르테"", ""brand_no"": 104998, ""category1"": ""여성의류"", ""category2"": ""상의"", ""category3"": ""슬리브리스"", ""category3_code"": 268103103, ""is_new"": false, ""item_no"": 4122652, ""period_sort"": ""ONE_DAY"", ""platform"": ""29cm"", ""ranking_category_code"": ""268103100"", ""ranking_category_name"": ""여성의류>상의"", ""review_avg"": 5.0, ""sale_percent"": 28, ""sale_price"": 28080, ""sold_out"": false, ""url"": ""https://product.29cm.co.kr/catalog/4122652""}",2026-10-10T01:00:29+00:00_fea744f1
2026-10-10T10:00:29+09:00,2026-10-10T01:00:31+00:00,commerce_rank,컬리지 풋볼 롱 슬리브 티셔츠 멜란지 그레이,29cm:4123270,heart_count,8.0,"{""brand_eng"": ""DISCUS ATHLETIC"", ""brand_kor"": ""디스커스 애슬레틱"", ""brand_no"": 24583, ""category1"": ""여성의류"", ""category2"": ""상의"", ""category3"": ""긴소매 티셔츠"", ""category3_code"": 268103102, ""is_new"": false, ""item_no"": 4123270, ""period_sort"": ""ONE_DAY"", ""platform"": ""29cm"", ""ranking_category_code"": ""272103100"", ""ranking_category_name"": ""남성의류>상의"", ""review_avg"": 5.0, ""sale_percent"": 29, ""sale_price"": 42530, ""sold_out"": false, ""url"": ""https://product.29cm.co.kr/catalog/4123270""}",2026-10-10T01:00:29+00:00_fea744f1
2026-10-10T10:00:29+09:00,2026-10-10T01:00:31+00:00,commerce_rank,컬리지 풋볼 롱 슬리브 티셔츠 멜란지 그레이,29cm:4123270,review_count,2.0,"{""brand_eng"": ""DISCUS ATHLETIC"", ""brand_kor"": ""디스커스 애슬레틱"", ""brand_no"": 24583, ""category1"": ""여성의류"", ""category2"": ""상의"", ""category3"": ""긴소매 티셔츠"", ""category3_code"": 268103102, ""is_new"": false, ""item_no"": 4123270, ""period_sort"": ""ONE_DAY"", ""platform"": ""29cm"", ""ranking_category_code"": ""272103100"", ""ranking_category_name"": ""남성의류>상의"", ""review_avg"": 5.0, ""sale_percent"": 29, ""sale_price"": 42530, ""sold_out"": false, ""url"": ""https://product.29cm.co.kr/catalog/4123270""}",2026-10-10T01:00:29+00:00_fea744f1
2026-10-10T10:00:29+09:00,2026-10-10T01:00:31+00:00,commerce_rank,컬리지 풋볼 롱 슬리브 티셔츠 멜란지 그레이,29cm:4123270@272103100,rank,74.0,"{""brand_eng"": ""DISCUS ATHLETIC"", ""brand_kor"": ""디스커스 애슬레틱"", ""brand_no"": 24583, ""category1"": ""여성의류"", ""category2"": ""상의"", ""category3"": ""긴소매 티셔츠"", ""category3_code"": 268103102, ""is_new"": false, ""item_no"": 4123270, ""period_sort"": ""ONE_DAY"", ""platform"": ""29cm"", ""ranking_category_code"": ""272103100"", ""ranking_category_name"": ""남성의류>상의"", ""review_avg"": 5.0, ""sale_percent"": 29, ""sale_price"": 42530, ""sold_out"": false, ""url"": ""https://product.29cm.co.kr/catalog/4123270""}",2026-10-10T01:00:29+00:00_fea744f1
2026-10-10T10:00:29+09:00,2026-10-10T01:00:31+00:00,commerce_rank,salt washed sweatshirt navy,29cm:4125187,heart_count,63.0,"{""brand_eng"": ""Uniform Bridge"", ""brand_kor"": ""유니폼브릿지"", ""brand_no"": 15084, ""category1"": ""남성의류"", ""category2"": ""상의"", ""category3"": ""스웨트셔츠"", ""category3_code"": 272103107, ""is_new"": false, ""item_no"": 4125187, ""period_sort"": ""ONE_DAY"", ""platform"": ""29cm"", ""ranking_category_code"": ""272103100"", ""ranking_category_name"": ""남성의류>상의"", ""review_avg"": 4.5, ""sale_percent"": 19, ""sale_price"": 72090, ""sold_out"": false, ""url"": ""https://product.29cm.co.kr/catalog/4125187""}",2026-10-10T01:00:29+00:00_fea744f1
2026-10-10T10:00:29+09:00,2026-10-10T01:00:31+00:00,commerce_rank,salt washed sweatshirt navy,29cm:4125187,review_count,2.0,"{""brand_eng"": ""Uniform Bridge"", ""brand_kor"": ""유니폼브릿지"", ""brand_no"": 15084, ""category1"": ""남성의류"", ""category2"": ""상의"", ""category3"": ""스웨트셔츠"", ""category3_code"": 272103107, ""is_new"": false, ""item_no"": 4125187, ""period_sort"": ""ONE_DAY"", ""platform"": ""29cm"", ""ranking_category_code"": ""272103100"", ""ranking_category_name"": ""남성의류>상의"", ""review_avg"": 4.5, ""sale_percent"": 19, ""sale_price"": 72090, ""sold_out"": false, ""url"": ""https://product.29cm.co.kr/catalog/4125187""}",2026-10-10T01:00:29+00:00_fea744f1
2026-10-10T10:00:29+09:00,2026-10-10T01:00:31+00:00,commerce_rank,salt washed sweatshirt navy,29cm:4125187@272103100,rank,23.0,"{""brand_eng"": ""Uniform Bridge"", ""brand_kor"": ""유니폼브릿지"", ""brand_no"": 15084, ""category1"": ""남성의류"", ""category2"": ""상의"", ""category3"": ""스웨트셔츠"", ""category3_code"": 272103107, ""is_new"": false, ""item_no"": 4125187, ""period_sort"": ""ONE_DAY"", ""platform"": ""29cm"", ""ranking_category_code"": ""272103100"", ""ranking_category_name"": ""남성의류>상의"", ""review_avg"": 4.5, ""sale_percent"": 19, ""sale_price"": 72090, ""sold_out"": false, ""url"": ""https://product.29cm.co.kr/catalog/4125187""}",2026-10-10T01:00:29+00:00_fea744f1
2026-10-10T10:00:29+09:00,2026-10-10T01:00:29+00:00,commerce_rank,MORIN LACE SLEEVELESS (2COLOR),29cm:4125859,heart_count,5986.0,"{""brand_eng"": ""FOLNUA"", ""brand_kor"": ""폴뉴아"", ""brand_no"": 15359, ""category1"": ""여성의류"", ""category2"": ""상의"", ""category3"": ""슬리브리스"", ""category3_code"": 268103103, ""is_new"": false, ""item_no"": 4125859, ""period_sort"": ""ONE_DAY"", ""platform"": ""29cm"", ""ranking_category_code"": ""268103100"", ""ranking_category_name"": ""여성의류>상의"", ""review_avg"": 5.0, ""sale_percent"": 20, ""sale_price"": 36000, ""sold_out"": false, ""url"": ""https://product.29cm.co.kr/catalog/4125859""}",2026-10-10T01:00:29+00:00_fea744f1
2026-10-10T10:00:29+09:00,2026-10-10T01:00:29+00:00,commerce_rank,MORIN LACE SLEEVELESS (2COLOR),29cm:4125859,review_count,29.0,"{""brand_eng"": ""FOLNUA"", ""brand_kor"": ""폴뉴아"", ""brand_no"": 15359, ""category1"": ""여성의류"", ""category2"": ""상의"", ""category3"": ""슬리브리스"", ""category3_code"": 268103103, ""is_new"": false, ""item_no"": 4125859, ""period_sort"": ""ONE_DAY"", ""platform"": ""29cm"", ""ranking_category_code"": ""268103100"", ""ranking_category_name"": ""여성의류>상의"", ""review_avg"": 5.0, ""sale_percent"": 20, ""sale_price"": 36000, ""sold_out"": false, ""url"": ""https://product.29cm.co.kr/catalog/4125859""}",2026-10-10T01:00:29+00:00_fea744f1
2026-10-10T10:00:29+09:00,2026-10-10T01:00:29+00:00,commerce_rank,MORIN LACE SLEEVELESS (2COLOR),29cm:4125859@268103100,rank,33.0,"{""brand_eng"": ""FOLNUA"", ""brand_kor"": ""폴뉴아"", ""brand_no"": 15359, ""category1"": ""여성의류"", ""category2"": ""상의"", ""category3"": ""슬리브리스"", ""category3_code"": 268103103, ""is_new"": false, ""item_no"": 4125859, ""period_sort"": ""ONE_DAY"", ""platform"": ""29cm"", ""ranking_category_code"": ""268103100"", ""ranking_category_name"": ""여성의류>상의"", ""review_avg"": 5.0, ""sale_percent"": 20, ""sale_price"": 36000, ""sold_out"": false, ""url"": ""https://product.29cm.co.kr/catalog/4125859""}",2026-10-10T01:00:29+00:00_fea744f1
2026-10-10T10:00:29+09:00,2026-10-10T01:00:31+00:00,commerce_rank,Slub Pocket Tee - 4 Color,29cm:4127785,heart_count,115.0,"{""brand_eng"": ""NWT"", ""brand_kor"": ""엔더블유티"", ""brand_no"": 1813, ""category1"": ""남성의류"", ""category2"": ""상의"", ""category3"": ""긴소매 티셔츠"", ""category3_code"": 272103102, ""is_new"": false, ""item_no"": 4127785, ""period_sort"": ""ONE_DAY"", ""platform"": ""29cm"", ""ranking_category_code"": ""272103100"", ""ranking_category_name"": ""남성의류>상의"", ""review_avg"": 5.0, ""sale_percent"": 0, ""sale_price"": 68000, ""sold_out"": false, ""url"": ""https://product.29cm.co.kr/catalog/4127785""}",2026-10-10T01:00:29+00:00_fea744f1
2026-10-10T10:00:29+09:00,2026-10-10T01:00:31+00:00,commerce_rank,Slub Pocket Tee - 4 Color,29cm:4127785,review_count,2.0,"{""brand_eng"": ""NWT"", ""brand_kor"": ""엔더블유티"", ""brand_no"": 1813, ""category1"": ""남성의류"", ""category2"": ""상의"", ""category3"": ""긴소매 티셔츠"", ""category3_code"": 272103102, ""is_new"": false, ""item_no"": 4127785, ""period_sort"": ""ONE_DAY"", ""platform"": ""29cm"", ""ranking_category_code"": ""272103100"", ""ranking_category_name"": ""남성의류>상의"", ""review_avg"": 5.0, ""sale_percent"": 0, ""sale_price"": 68000, ""sold_out"": false, ""url"": ""https://product.29cm.co.kr/catalog/4127785""}",2026-10-10T01:00:29+00:00_fea744f1
2026-10-10T10:00:29+09:00,2026-10-10T01:00:31+00:00,commerce_rank,Slub Pocket Tee - 4 Color,29cm:4127785@272103100,rank,69.0,"{""brand_eng"": ""NWT"", ""brand_kor"": ""엔더블유티"", ""brand_no"": 1813, ""category1"": ""남성의류"", ""category2"": ""상의"", ""category3"": ""긴소매 티셔츠"", ""category3_code"": 272103102, ""is_new"": false, ""item_no"": 4127785, ""period_sort"": ""ONE_DAY"", ""platform"": ""29cm"", ""ranking_category_code"": ""272103100"", ""ranking_category_name"": ""남성의류>상의"", ""review_avg"": 5.0, ""sale_percent"": 0, ""sale_price"": 68000, ""sold_out"": false, ""url"": ""https://product.29cm.co.kr/catalog/4127785""}",2026-10-10T01:00:29+00:00_fea744f1
2026-10-10T10:00:29+09:00,2026-10-10T01:00:31+00:00,commerce_rank,[1st Reorder] Raw Edge L/S Tee - 3 Color,29cm:4127841,heart_count,465.0,"{""brand_eng"": ""NWT"", ""brand_kor"": ""엔더블유티"", ""brand_no"": 1813, ""category1"": ""남성의류"", ""category2"": ""상의"", ""category3"": ""긴소매 티셔츠"", ""category3_code"": 272103102, ""is_new"": false, ""item_no"": 4127841, ""period_sort"": ""ONE_DAY"", ""platform"": ""29cm"", ""ranking_category_code"": ""272103100"", ""ranking_category_name"": ""남성의류>상의"", ""review_avg"": 0.0, ""sale_percent"": 0, ""sale_price"": 68000, ""sold_out"": false, ""url"": ""https://product.29cm.co.kr/catalog/4127841""}",2026-10-10T01:00:29+00:00_fea744f1
2026-10-10T10:00:29+09:00,2026-10-10T01:00:31+00:00,commerce_rank,[1st Reorder] Raw Edge L/S Tee - 3 Color,29cm:4127841,review_count,0.0,"{""brand_eng"": ""NWT"", ""brand_kor"": ""엔더블유티"", ""brand_no"": 1813, ""category1"": ""남성의류"", ""category2"": ""상의"", ""category3"": ""긴소매 티셔츠"", ""category3_code"": 272103102, ""is_new"": false, ""item_no"": 4127841, ""period_sort"": ""ONE_DAY"", ""platform"": ""29cm"", ""ranking_category_code"": ""272103100"", ""ranking_category_name"": ""남성의류>상의"", ""review_avg"": 0.0, ""sale_percent"": 0, ""sale_price"": 68000, ""sold_out"": false, ""url"": ""https://product.29cm.co.kr/catalog/4127841""}",2026-10-10T01:00:29+00:00_fea744f1
2026-10-10T10:00:29+09:00,2026-10-10T01:00:31+00:00,commerce_rank,[1st Reorder] Raw Edge L/S Tee - 3 Color,29cm:4127841@272103100,rank,41.0,"{""brand_eng"": ""NWT"", ""brand_kor"": ""엔더블유티"", ""brand_no"": 1813, ""category1"": ""남성의류"", ""category2"": ""상의"", ""category3"": ""긴소매 티셔츠"", ""category3_code"": 272103102, ""is_new"": false, ""item_no"": 4127841, ""period_sort"": ""ONE_DAY"", ""platform"": ""29cm"", ""ranking_category_code"": ""272103100"", ""ranking_category_name"": ""남성의류>상의"", ""review_avg"": 0.0, ""sale_percent"": 0, ""sale_price"": 68000, ""sold_out"": false, ""url"": ""https://product.29cm.co.kr/catalog/4127841""}",2026-10-10T01:00:29+00:00_fea744f1
2026-10-10T10:00:29+09:00,2026-10-10T01:00:31+00:00,commerce_rank,TG3-TS14 하이넥 하프집업 스웻셔츠 - [딥네이비],29cm:4128388,heart_count,451.0,"{""brand_eng"": ""THOMAS MORE"", ""brand_kor"": ""토마스모어"", ""brand_no"": 2111, ""category1"": ""남성의류"", ""category2"": ""상의"", ""category3"": ""스웨트셔츠"", ""category3_code"": 272103107, ""is_new"": false, ""item_no"": 4128388, ""period_sort"": ""ONE_DAY"", ""platform"": ""29cm"", ""ranking_category_code"": ""272103100"", ""ranking_category_name"": ""남성의류>상의"", ""review_avg"": 5.0, ""sale_percent"": 0, ""sale_price"": 73500, ""sold_out"": false, ""url"": ""https://product.29cm.co.kr/catalog/4128388""}",2026-10-10T01:00:29+00:00_fea744f1
2026-10-10T10:00:29+09:00,2026-10-10T01:00:31+00:00,commerce_rank,TG3-TS14 하이넥 하프집업 스웻셔츠 - [딥네이비],29cm:4128388,review_count,39.0,"{""brand_eng"": ""THOMAS MORE"", ""brand_kor"": ""토마스모어"", ""brand_no"": 2111, ""category1"": ""남성의류"", ""category2"": ""상의"", ""category3"": ""스웨트셔츠"", ""category3_code"": 272103107, ""is_new"": false, ""item_no"": 4128388, ""period_sort"": ""ONE_DAY"", ""platform"": ""29cm"", ""ranking_category_code"": ""272103100"", ""ranking_category_name"": ""남성의류>상의"", ""review_avg"": 5.0, ""sale_percent"": 0, ""sale_price"": 73500, ""sold_out"": false, ""url"": ""https://product.29cm.co.kr/catalog/4128388""}",2026-10-10T01:00:29+00:00_fea744f1
2026-10-10T10:00:29+09:00,2026-10-10T01:00:31+00:00,commerce_rank,TG3-TS14 하이넥 하프집업 스웻셔츠 - [딥네이비],29cm:4128388@272103100,rank,15.0,"{""brand_eng"": ""THOMAS MORE"", ""brand_kor"": ""토마스모어"", ""brand_no"": 2111, ""category1"": ""남성의류"", ""category2"": ""상의"", ""category3"": ""스웨트셔츠"", ""category3_code"": 272103107, ""is_new"": false, ""item_no"": 4128388, ""period_sort"": ""ONE_DAY"", ""platform"": ""29cm"", ""ranking_category_code"": ""272103100"", ""ranking_category_name"": ""남성의류>상의"", ""review_avg"": 5.0, ""sale_percent"": 0, ""sale_price"": 73500, ""sold_out"": false, ""url"": ""https://product.29cm.co.kr/catalog/4128388""}",2026-10-10T01:00:29+00:00_fea744f1
2026-10-10T10:00:29+09:00,2026-10-10T01:00:31+00:00,commerce_rank,TG3-TS07 선 페이디드 스웻셔츠 - [퍼티베이지],29cm:4128392,heart_count,235.0,"{""brand_eng"": ""THOMAS MORE"", ""brand_kor"": ""토마스모어"", ""brand_no"": 2111, ""category1"": ""남성의류"", ""category2"": ""상의"", ""category3"": ""스웨트셔츠"", ""category3_code"": 272103107, ""is_new"": false, ""item_no"": 4128392, ""period_sort"": ""ONE_DAY"", ""platform"": ""29cm"", ""ranking_category_code"": ""272103100"", ""ranking_category_name"": ""남성의류>상의"", ""review_avg"": 4.5, ""sale_percent"": 0, ""sale_price"": 67000, ""sold_out"": false, ""url"": ""https://product.29cm.co.kr/catalog/4128392""}",2026-10-10T01:00:29+00:00_fea744f1
2026-10-10T10:00:29+09:00,2026-10-10T01:00:31+00:00,commerce_rank,TG3-TS07 선 페이디드 스웻셔츠 - [퍼티베이지],29cm:4128392,review_count,15.0,"{""brand_eng"": ""THOMAS MORE"", ""brand_kor"": ""토마스모어"", ""brand_no"": 2111, ""category1"": ""남성의류"", ""category2"": ""상의"", ""category3"": ""스웨트셔츠"", ""category3_code"": 272103107, ""is_new"": false, ""item_no"": 4128392, ""period_sort"": ""ONE_DAY"", ""platform"": ""29cm"", ""ranking_category_code"": ""272103100"", ""ranking_category_name"": ""남성의류>상의"", ""review_avg"": 4.5, ""sale_percent"": 0, ""sale_price"": 67000, ""sold_out"": false, ""url"": ""https://product.29cm.co.kr/catalog/4128392""}",2026-10-10T01:00:29+00:00_fea744f1
2026-10-10T10:00:29+09:00,2026-10-10T01:00:31+00:00,commerce_rank,TG3-TS07 선 페이디드 스웻셔츠 - [퍼티베이지],29cm:4128392@272103100,rank,29.0,"{""brand_eng"": ""THOMAS MORE"", ""brand_kor"": ""토마스모어"", ""brand_no"": 2111, ""category1"": ""남성의류"", ""category2"": ""상의"", ""category3"": ""스웨트셔츠"", ""category3_code"": 272103107, ""is_new"": false, ""item_no"": 4128392, ""period_sort"": ""ONE_DAY"", ""platform"": ""29cm"", ""ranking_category_code"": ""272103100"", ""ranking_category_name"": ""남성의류>상의"", ""review_avg"": 4.5, ""sale_percent"": 0, ""sale_price"": 67000, ""sold_out"": false, ""url"": ""https://product.29cm.co.kr/catalog/4128392""}",2026-10-10T01:00:29+00:00_fea744f1
2026-10-10T10:00:29+09:00,2026-10-10T01:00:31+00:00,commerce_rank,TG3-TS07 선 페이디드 스웻셔츠 - [하버블루],29cm:4128394,heart_count,709.0,"{""brand_eng"": ""THOMAS MORE"", ""brand_kor"": ""토마스모어"", ""brand_no"": 2111, ""category1"": ""남성의류"", ""category2"": ""상의"", ""category3"": ""스웨트셔츠"", ""category3_code"": 272103107, ""is_new"": false, ""item_no"": 4128394, ""period_sort"": ""ONE_DAY"", ""platform"": ""29cm"", ""ranking_category_code"": ""272103100"", ""ranking_category_name"": ""남성의류>상의"", ""review_avg"": 5.0, ""sale_percent"": 0, ""sale_price"": 67000, ""sold_out"": false, ""url"": ""https://product.29cm.co.kr/catalog/4128394""}",2026-10-10T01:00:29+00:00_fea744f1
2026-10-10T10:00:29+09:00,2026-10-10T01:00:31+00:00,commerce_rank,TG3-TS07 선 페이디드 스웻셔츠 - [하버블루],29cm:4128394,review_count,42.0,"{""brand_eng"": ""THOMAS MORE"", ""brand_kor"": ""토마스모어"", ""brand_no"": 2111, ""category1"": ""남성의류"", ""category2"": ""상의"", ""category3"": ""스웨트셔츠"", ""category3_code"": 272103107, ""is_new"": false, ""item_no"": 4128394, ""period_sort"": ""ONE_DAY"", ""platform"": ""29cm"", ""ranking_category_code"": ""272103100"", ""ranking_category_name"": ""남성의류>상의"", ""review_avg"": 5.0, ""sale_percent"": 0, ""sale_price"": 67000, ""sold_out"": false, ""url"": ""https://product.29cm.co.kr/catalog/4128394""}",2026-10-10T01:00:29+00:00_fea744f1
2026-10-10T10:00:29+09:00,2026-10-10T01:00:31+00:00,commerce_rank,TG3-TS07 선 페이디드 스웻셔츠 - [하버블루],29cm:4128394@272103100,rank,16.0,"{""brand_eng"": ""THOMAS MORE"", ""brand_kor"": ""토마스모어"", ""brand_no"": 2111, ""category1"": ""남성의류"", ""category2"": ""상의"", ""category3"": ""스웨트셔츠"", ""category3_code"": 272103107, ""is_new"": false, ""item_no"": 4128394, ""period_sort"": ""ONE_DAY"", ""platform"": ""29cm"", ""ranking_category_code"": ""272103100"", ""ranking_category_name"": ""남성의류>상의"", ""review_avg"": 5.0, ""sale_percent"": 0, ""sale_price"": 67000, ""sold_out"": false, ""url"": ""https://product.29cm.co.kr/catalog/4128394""}",2026-10-10T01:00:29+00:00_fea744f1
2026-10-10T10:00:29+09:00,2026-10-10T01:00:31+00:00,commerce_rank,TG3-TS07 선 페이디드 스웻셔츠 - [프룬그레이],29cm:4128395,heart_count,450.0,"{""brand_eng"": ""THOMAS MORE"", ""brand_kor"": ""토마스모어"", ""brand_no"": 2111, ""category1"": ""남성의류"", ""category2"": ""상의"", ""category3"": ""스웨트셔츠"", ""category3_code"": 272103107, ""is_new"": false, ""item_no"": 4128395, ""period_sort"": ""ONE_DAY"", ""platform"": ""29cm"", ""ranking_category_code"": ""272103100"", ""ranking_category_name"": ""남성의류>상의"", ""review_avg"": 4.5, ""sale_percent"": 0, ""sale_price"": 67000, ""sold_out"": false, ""url"": ""https://product.29cm.co.kr/catalog/4128395""}",2026-10-10T01:00:29+00:00_fea744f1
2026-10-10T10:00:29+09:00,2026-10-10T01:00:31+00:00,commerce_rank,TG3-TS07 선 페이디드 스웻셔츠 - [프룬그레이],29cm:4128395,review_count,22.0,"{""brand_eng"": ""THOMAS MORE"", ""brand_kor"": ""토마스모어"", ""brand_no"": 2111, ""category1"": ""남성의류"", ""category2"": ""상의"", ""category3"": ""스웨트셔츠"", ""category3_code"": 272103107, ""is_new"": false, ""item_no"": 4128395, ""period_sort"": ""ONE_DAY"", ""platform"": ""29cm"", ""ranking_category_code"": ""272103100"", ""ranking_category_name"": ""남성의류>상의"", ""review_avg"": 4.5, ""sale_percent"": 0, ""sale_price"": 67000, ""sold_out"": false, ""url"": ""https://product.29cm.co.kr/catalog/4128395""}",2026-10-10T01:00:29+00:00_fea744f1
2026-10-10T10:00:29+09:00,2026-10-10T01:00:31+00:00,commerce_rank,TG3-TS07 선 페이디드 스웻셔츠 - [프룬그레이],29cm:4128395@272103100,rank,26.0,"{""brand_eng"": ""THOMAS MORE"", ""brand_kor"": ""토마스모어"", ""brand_no"": 2111, ""category1"": ""남성의류"", ""category2"": ""상의"", ""category3"": ""스웨트셔츠"", ""category3_code"": 272103107, ""is_new"": false, ""item_no"": 4128395, ""period_sort"": ""ONE_DAY"", ""platform"": ""29cm"", ""ranking_category_code"": ""272103100"", ""ranking_category_name"": ""남성의류>상의"", ""review_avg"": 4.5, ""sale_percent"": 0, ""sale_price"": 67000, ""sold_out"": false, ""url"": ""https://product.29cm.co.kr/catalog/4128395""}",2026-10-10T01:00:29+00:00_fea744f1
2026-10-10T10:00:29+09:00,2026-10-10T01:00:31+00:00,commerce_rank,TG3-TS07 선 페이디드 스웻셔츠 - [시그마레드],29cm:4128396,heart_count,421.0,"{""brand_eng"": ""THOMAS MORE"", ""brand_kor"": ""토마스모어"", ""brand_no"": 2111, ""category1"": ""남성의류"", ""category2"": ""상의"", ""category3"": ""스웨트셔츠"", ""category3_code"": 272103107, ""is_new"": false, ""item_no"": 4128396, ""period_sort"": ""ONE_DAY"", ""platform"": ""29cm"", ""ranking_category_code"": ""272103100"", ""ranking_category_name"": ""남성의류>상의"", ""review_avg"": 5.0, ""sale_percent"": 0, ""sale_price"": 67000, ""sold_out"": false, ""url"": ""https://product.29cm.co.kr/catalog/4128396""}",2026-10-10T01:00:29+00:00_fea744f1
2026-10-10T10:00:29+09:00,2026-10-10T01:00:31+00:00,commerce_rank,TG3-TS07 선 페이디드 스웻셔츠 - [시그마레드],29cm:4128396,review_count,28.0,"{""brand_eng"": ""THOMAS MORE"", ""brand_kor"": ""토마스모어"", ""brand_no"": 2111, ""category1"": ""남성의류"", ""category2"": ""상의"", ""category3"": ""스웨트셔츠"", ""category3_code"": 272103107, ""is_new"": false, ""item_no"": 4128396, ""period_sort"": ""ONE_DAY"", ""platform"": ""29cm"", ""ranking_category_code"": ""272103100"", ""ranking_category_name"": ""남성의류>상의"", ""review_avg"": 5.0, ""sale_percent"": 0, ""sale_price"": 67000, ""sold_out"": false, ""url"": ""https://product.29cm.co.kr/catalog/4128396""}",2026-10-10T01:00:29+00:00_fea744f1
2026-10-10T10:00:29+09:00,2026-10-10T01:00:31+00:00,commerce_rank,TG3-TS07 선 페이디드 스웻셔츠 - [시그마레드],29cm:4128396@272103100,rank,36.0,"{""brand_eng"": ""THOMAS MORE"", ""brand_kor"": ""토마스모어"", ""brand_no"": 2111, ""category1"": ""남성의류"", ""category2"": ""상의"", ""category3"": ""스웨트셔츠"", ""category3_code"": 272103107, ""is_new"": false, ""item_no"": 4128396, ""period_sort"": ""ONE_DAY"", ""platform"": ""29cm"", ""ranking_category_code"": ""272103100"", ""ranking_category_name"": ""남성의류>상의"", ""review_avg"": 5.0, ""sale_percent"": 0, ""sale_price"": 67000, ""sold_out"": false, ""url"": ""https://product.29cm.co.kr/catalog/4128396""}",2026-10-10T01:00:29+00:00_fea744f1
2026-10-10T10:00:29+09:00,2026-10-10T01:00:31+00:00,commerce_rank,TG3-TS13 멀티 스트라이프 롱슬리브 티셔츠,29cm:4128404,heart_count,2894.0,"{""brand_eng"": ""THOMAS MORE"", ""brand_kor"": ""토마스모어"", ""brand_no"": 2111, ""category1"": ""남성의류"", ""category2"": ""상의"", ""category3"": ""긴소매 티셔츠"", ""category3_code"": 272103102, ""is_new"": false, ""item_no"": 4128404, ""period_sort"": ""ONE_DAY"", ""platform"": ""29cm"", ""ranking_category_code"": ""272103100"", ""ranking_category_name"": ""남성의류>상의"", ""review_avg"": 4.5, ""sale_percent"": 0, ""sale_price"": 39700, ""sold_out"": false, ""url"": ""https://product.29cm.co.kr/catalog/4128404""}",2026-10-10T01:00:29+00:00_fea744f1
2026-10-10T10:00:29+09:00,2026-10-10T01:00:31+00:00,commerce_rank,TG3-TS13 멀티 스트라이프 롱슬리브 티셔츠,29cm:4128404,review_count,182.0,"{""brand_eng"": ""THOMAS MORE"", ""brand_kor"": ""토마스모어"", ""brand_no"": 2111, ""category1"": ""남성의류"", ""category2"": ""상의"", ""category3"": ""긴소매 티셔츠"", ""category3_code"": 272103102, ""is_new"": false, ""item_no"": 4128404, ""period_sort"": ""ONE_DAY"", ""platform"": ""29cm"", ""ranking_category_code"": ""272103100"", ""ranking_category_name"": ""남성의류>상의"", ""review_avg"": 4.5, ""sale_percent"": 0, ""sale_price"": 39700, ""sold_out"": false, ""url"": ""https://product.29cm.co.kr/catalog/4128404""}",2026-10-10T01:00:29+00:00_fea744f1
2026-10-10T10:00:29+09:00,2026-10-10T01:00:31+00:00,commerce_rank,TG3-TS13 멀티 스트라이프 롱슬리브 티셔츠,29cm:4128404@272103100,rank,39.0,"{""brand_eng"": ""THOMAS MORE"", ""brand_kor"": ""토마스모어"", ""brand_no"": 2111, ""category1"": ""남성의류"", ""category2"": ""상의"", ""category3"": ""긴소매 티셔츠"", ""category3_code"": 272103102, ""is_new"": false, ""item_no"": 4128404, ""period_sort"": ""ONE_DAY"", ""platform"": ""29cm"", ""ranking_category_code"": ""272103100"", ""ranking_category_name"": ""남성의류>상의"", ""review_avg"": 4.5, ""sale_percent"": 0, ""sale_price"": 39700, ""sold_out"": false, ""url"": ""https://product.29cm.co.kr/catalog/4128404""}",2026-10-10T01:00:29+00:00_fea744f1
2026-10-10T10:00:29+09:00,2026-10-10T01:00:31+00:00,commerce_rank,TG3-TS12 씬 스트라이프 롱슬리브 티셔츠,29cm:4128405,heart_count,974.0,"{""brand_eng"": ""THOMAS MORE"", ""brand_kor"": ""토마스모어"", ""brand_no"": 2111, ""category1"": ""남성의류"", ""category2"": ""상의"", ""category3"": ""긴소매 티셔츠"", ""category3_code"": 272103102, ""is_new"": false, ""item_no"": 4128405, ""period_sort"": ""ONE_DAY"", ""platform"": ""29cm"", ""ranking_category_code"": ""272103100"", ""ranking_category_name"": ""남성의류>상의"", ""review_avg"": 4.5, ""sale_percent"": 0, ""sale_price"": 35700, ""sold_out"": false, ""url"": ""https://product.29cm.co.kr/catalog/4128405""}",2026-10-10T01:00:29+00:00_fea744f1
2026-10-10T10:00:29+09:00,2026-10-10T01:00:31+00:00,commerce_rank,TG3-TS12 씬 스트라이프 롱슬리브 티셔츠,29cm:4128405,review_count,51.0,"{""brand_eng"": ""THOMAS MORE"", ""brand_kor"": ""토마스모어"", ""brand_no"": 2111, ""category1"": ""남성의류"", ""category2"": ""상의"", ""category3"": ""긴소매 티셔츠"", ""category3_code"": 272103102, ""is_new"": false, ""item_no"": 4128405, ""period_sort"": ""ONE_DAY"", ""platform"": ""29cm"", ""ranking_category_code"": ""272103100"", ""ranking_category_name"": ""남성의류>상의"", ""review_avg"": 4.5, ""sale_percent"": 0, ""sale_price"": 35700, ""sold_out"": false, ""url"": ""https://product.29cm.co.kr/catalog/4128405""}",2026-10-10T01:00:29+00:00_fea744f1
2026-10-10T10:00:29+09:00,2026-10-10T01:00:31+00:00,commerce_rank,TG3-TS12 씬 스트라이프 롱슬리브 티셔츠,29cm:4128405@272103100,rank,4.0,"{""brand_eng"": ""THOMAS MORE"", ""brand_kor"": ""토마스모어"", ""brand_no"": 2111, ""category1"": ""남성의류"", ""category2"": ""상의"", ""category3"": ""긴소매 티셔츠"", ""category3_code"": 272103102, ""is_new"": false, ""item_no"": 4128405, ""period_sort"": ""ONE_DAY"", ""platform"": ""29cm"", ""ranking_category_code"": ""272103100"", ""ranking_category_name"": ""남성의류>상의"", ""review_avg"": 4.5, ""sale_percent"": 0, ""sale_price"": 35700, ""sold_out"": false, ""url"": ""https://product.29cm.co.kr/catalog/4128405""}",2026-10-10T01:00:29+00:00_fea744f1
2026-10-10T10:00:29+09:00,2026-10-10T01:00:31+00:00,commerce_rank,Fine Stripe Long Sleeve Graphite,29cm:4128782,heart_count,131.0,"{""brand_eng"": ""rough side"", ""brand_kor"": ""러프사이드"", ""brand_no"": 3821, ""category1"": ""남성의류"", ""category2"": ""상의"", ""category3"": ""긴소매 티셔츠"", ""category3_code"": 272103102, ""is_new"": false, ""item_no"": 4128782, ""period_sort"": ""ONE_DAY"", ""platform"": ""29cm"", ""ranking_category_code"": ""272103100"", ""ranking_category_name"": ""남성의류>상의"", ""review_avg"": 5.0, ""sale_percent"": 5, ""sale_price"": 75100, ""sold_out"": false, ""url"": ""https://product.29cm.co.kr/catalog/4128782""}",2026-10-10T01:00:29+00:00_fea744f1
2026-10-10T10:00:29+09:00,2026-10-10T01:00:31+00:00,commerce_rank,Fine Stripe Long Sleeve Graphite,29cm:4128782,review_count,1.0,"{""brand_eng"": ""rough side"", ""brand_kor"": ""러프사이드"", ""brand_no"": 3821, ""category1"": ""남성의류"", ""category2"": ""상의"", ""category3"": ""긴소매 티셔츠"", ""category3_code"": 272103102, ""is_new"": false, ""item_no"": 4128782, ""period_sort"": ""ONE_DAY"", ""platform"": ""29cm"", ""ranking_category_code"": ""272103100"", ""ranking_category_name"": ""남성의류>상의"", ""review_avg"": 5.0, ""sale_percent"": 5, ""sale_price"": 75100, ""sold_out"": false, ""url"": ""https://product.29cm.co.kr/catalog/4128782""}",2026-10-10T01:00:29+00:00_fea744f1
2026-10-10T10:00:29+09:00,2026-10-10T01:00:31+00:00,commerce_rank,Fine Stripe Long Sleeve Graphite,29cm:4128782@272103100,rank,25.0,"{""brand_eng"": ""rough side"", ""brand_kor"": ""러프사이드"", ""brand_no"": 3821, ""category1"": ""남성의류"", ""category2"": ""상의"", ""category3"": ""긴소매 티셔츠"", ""category3_code"": 272103102, ""is_new"": false, ""item_no"": 4128782, ""period_sort"": ""ONE_DAY"", ""platform"": ""29cm"", ""ranking_category_code"": ""272103100"", ""ranking_category_name"": ""남성의류>상의"", ""review_avg"": 5.0, ""sale_percent"": 5, ""sale_price"": 75100, ""sold_out"": false, ""url"": ""https://product.29cm.co.kr/catalog/4128782""}",2026-10-10T01:00:29+00:00_fea744f1
2026-10-10T10:00:29+09:00,2026-10-10T01:00:29+00:00,commerce_rank,[쁨이 PICK] Essential Button Hoodie-Butter,29cm:4129128,heart_count,3002.0,"{""brand_eng"": ""BITTERCELLS"", ""brand_kor"": ""비터셀즈"", ""brand_no"": 15063, ""category1"": ""여성의류"", ""category2"": ""상의"", ""category3"": ""후디"", ""category3_code"": 268103105, ""is_new"": false, ""item_no"": 4129128, ""period_sort"": ""ONE_DAY"", ""platform"": ""29cm"", ""ranking_category_code"": ""268103100"", ""ranking_category_name"": ""여성의류>상의"", ""review_avg"": 5.0, ""sale_percent"": 10, ""sale_price"": 71100, ""sold_out"": false, ""url"": ""https://product.29cm.co.kr/catalog/4129128""}",2026-10-10T01:00:29+00:00_fea744f1
2026-10-10T10:00:29+09:00,2026-10-10T01:00:29+00:00,commerce_rank,[쁨이 PICK] Essential Button Hoodie-Butter,29cm:4129128,review_count,9.0,"{""brand_eng"": ""BITTERCELLS"", ""brand_kor"": ""비터셀즈"", ""brand_no"": 15063, ""category1"": ""여성의류"", ""category2"": ""상의"", ""category3"": ""후디"", ""category3_code"": 268103105, ""is_new"": false, ""item_no"": 4129128, ""period_sort"": ""ONE_DAY"", ""platform"": ""29cm"", ""ranking_category_code"": ""268103100"", ""ranking_category_name"": ""여성의류>상의"", ""review_avg"": 5.0, ""sale_percent"": 10, ""sale_price"": 71100, ""sold_out"": false, ""url"": ""https://product.29cm.co.kr/catalog/4129128""}",2026-10-10T01:00:29+00:00_fea744f1
2026-10-10T10:00:29+09:00,2026-10-10T01:00:29+00:00,commerce_rank,[쁨이 PICK] Essential Button Hoodie-Butter,29cm:4129128@268103100,rank,41.0,"{""brand_eng"": ""BITTERCELLS"", ""brand_kor"": ""비터셀즈"", ""brand_no"": 15063, ""category1"": ""여성의류"", ""category2"": ""상의"", ""category3"": ""후디"", ""category3_code"": 268103105, ""is_new"": false, ""item_no"": 4129128, ""period_sort"": ""ONE_DAY"", ""platform"": ""29cm"", ""ranking_category_code"": ""268103100"", ""ranking_category_name"": ""여성의류>상의"", ""review_avg"": 5.0, ""sale_percent"": 10, ""sale_price"": 71100, ""sold_out"": false, ""url"": ""https://product.29cm.co.kr/catalog/4129128""}",2026-10-10T01:00:29+00:00_fea744f1
2026-10-10T10:00:29+09:00,2026-10-10T01:00:29+00:00,commerce_rank,[쁨이 PICK] Gradation Knit Hood Zip Up-Olive,29cm:4129140,heart_count,3231.0,"{""brand_eng"": ""BITTERCELLS"", ""brand_kor"": ""비터셀즈"", ""brand_no"": 15063, ""category1"": ""여성의류"", ""category2"": ""상의"", ""category3"": ""후디"", ""category3_code"": 268103105, ""is_new"": false, ""item_no"": 4129140, ""period_sort"": ""ONE_DAY"", ""platform"": ""29cm"", ""ranking_category_code"": ""268103100"", ""ranking_category_name"": ""여성의류>상의"", ""review_avg"": 5.0, ""sale_percent"": 10, ""sale_price"": 88200, ""sold_out"": false, ""url"": ""https://product.29cm.co.kr/catalog/4129140""}",2026-10-10T01:00:29+00:00_fea744f1
2026-10-10T10:00:29+09:00,2026-10-10T01:00:29+00:00,commerce_rank,[쁨이 PICK] Gradation Knit Hood Zip Up-Olive,29cm:4129140,review_count,9.0,"{""brand_eng"": ""BITTERCELLS"", ""brand_kor"": ""비터셀즈"", ""brand_no"": 15063, ""category1"": ""여성의류"", ""category2"": ""상의"", ""category3"": ""후디"", ""category3_code"": 268103105, ""is_new"": false, ""item_no"": 4129140, ""period_sort"": ""ONE_DAY"", ""platform"": ""29cm"", ""ranking_category_code"": ""268103100"", ""ranking_category_name"": ""여성의류>상의"", ""review_avg"": 5.0, ""sale_percent"": 10, ""sale_price"": 88200, ""sold_out"": false, ""url"": ""https://product.29cm.co.kr/catalog/4129140""}",2026-10-10T01:00:29+00:00_fea744f1
2026-10-10T10:00:29+09:00,2026-10-10T01:00:29+00:00,commerce_rank,[쁨이 PICK] Gradation Knit Hood Zip Up-Olive,29cm:4129140@268103100,rank,48.0,"{""brand_eng"": ""BITTERCELLS"", ""brand_kor"": ""비터셀즈"", ""brand_no"": 15063, ""category1"": ""여성의류"", ""category2"": ""상의"", ""category3"": ""후디"", ""category3_code"": 268103105, ""is_new"": false, ""item_no"": 4129140, ""period_sort"": ""ONE_DAY"", ""platform"": ""29cm"", ""ranking_category_code"": ""268103100"", ""ranking_category_name"": ""여성의류>상의"", ""review_avg"": 5.0, ""sale_percent"": 10, ""sale_price"": 88200, ""sold_out"": false, ""url"": ""https://product.29cm.co.kr/catalog/4129140""}",2026-10-10T01:00:29+00:00_fea744f1
2026-10-10T10:00:29+09:00,2026-10-10T01:00:29+00:00,commerce_rank,[쁨이 PICK] Oversized Essential ST Crop Tee-Blue,29cm:4129162,heart_count,752.0,"{""brand_eng"": ""BITTERCELLS"", ""brand_kor"": ""비터셀즈"", ""brand_no"": 15063, ""category1"": ""여성의류"", ""category2"": ""상의"", ""category3"": ""긴소매 티셔츠"", ""category3_code"": 268103102, ""is_new"": false, ""item_no"": 4129162, ""period_sort"": ""ONE_DAY"", ""platform"": ""29cm"", ""ranking_category_code"": ""268103100"", ""ranking_category_name"": ""여성의류>상의"", ""review_avg"": 5.0, ""sale_percent"": 10, ""sale_price"": 44100, ""sold_out"": false, ""url"": ""https://product.29cm.co.kr/catalog/4129162""}",2026-10-10T01:00:29+00:00_fea744f1
2026-10-10T10:00:29+09:00,2026-10-10T01:00:29+00:00,commerce_rank,[쁨이 PICK] Oversized Essential ST Crop Tee-Blue,29cm:4129162,review_count,6.0,"{""brand_eng"": ""BITTERCELLS"", ""brand_kor"": ""비터셀즈"", ""brand_no"": 15063, ""category1"": ""여성의류"", ""category2"": ""상의"", ""category3"": ""긴소매 티셔츠"", ""category3_code"": 268103102, ""is_new"": false, ""item_no"": 4129162, ""period_sort"": ""ONE_DAY"", ""platform"": ""29cm"", ""ranking_category_code"": ""268103100"", ""ranking_category_name"": ""여성의류>상의"", ""review_avg"": 5.0, ""sale_percent"": 10, ""sale_price"": 44100, ""sold_out"": false, ""url"": ""https://product.29cm.co.kr/catalog/4129162""}",2026-10-10T01:00:29+00:00_fea744f1
2026-10-10T10:00:29+09:00,2026-10-10T01:00:29+00:00,commerce_rank,[쁨이 PICK] Oversized Essential ST Crop Tee-Blue,29cm:4129162@268103100,rank,84.0,"{""brand_eng"": ""BITTERCELLS"", ""brand_kor"": ""비터셀즈"", ""brand_no"": 15063, ""category1"": ""여성의류"", ""category2"": ""상의"", ""category3"": ""긴소매 티셔츠"", ""category3_code"": 268103102, ""is_new"": false, ""item_no"": 4129162, ""period_sort"": ""ONE_DAY"", ""platform"": ""29cm"", ""ranking_category_code"": ""268103100"", ""ranking_category_name"": ""여성의류>상의"", ""review_avg"": 5.0, ""sale_percent"": 10, ""sale_price"": 44100, ""sold_out"": false, ""url"": ""https://product.29cm.co.kr/catalog/4129162""}",2026-10-10T01:00:29+00:00_fea744f1
2026-10-10T10:00:29+09:00,2026-10-10T01:00:31+00:00,commerce_rank,소프트 브러쉬드 멀티핀 스트라이프 티셔츠 (차콜),29cm:4129305,heart_count,176.0,"{""brand_eng"": ""COOR"", ""brand_kor"": ""쿠어"", ""brand_no"": 15326, ""category1"": ""남성의류"", ""category2"": ""상의"", ""category3"": ""긴소매 티셔츠"", ""category3_code"": 272103102, ""is_new"": false, ""item_no"": 4129305, ""period_sort"": ""ONE_DAY"", ""platform"": ""29cm"", ""ranking_category_code"": ""272103100"", ""ranking_category_name"": ""남성의류>상의"", ""review_avg"": 5.0, ""sale_percent"": 10, ""sale_price"": 76500, ""sold_out"": false, ""url"": ""https://product.29cm.co.kr/catalog/4129305""}",2026-10-10T01:00:29+00:00_fea744f1
2026-10-10T10:00:29+09:00,2026-10-10T01:00:31+00:00,commerce_rank,소프트 브러쉬드 멀티핀 스트라이프 티셔츠 (차콜),29cm:4129305,review_count,5.0,"{""brand_eng"": ""COOR"", ""brand_kor"": ""쿠어"", ""brand_no"": 15326, ""category1"": ""남성의류"", ""category2"": ""상의"", ""category3"": ""긴소매 티셔츠"", ""category3_code"": 272103102, ""is_new"": false, ""item_no"": 4129305, ""period_sort"": ""ONE_DAY"", ""platform"": ""29cm"", ""ranking_category_code"": ""272103100"", ""ranking_category_name"": ""남성의류>상의"", ""review_avg"": 5.0, ""sale_percent"": 10, ""sale_price"": 76500, ""sold_out"": false, ""url"": ""https://product.29cm.co.kr/catalog/4129305""}",2026-10-10T01:00:29+00:00_fea744f1
2026-10-10T10:00:29+09:00,2026-10-10T01:00:31+00:00,commerce_rank,소프트 브러쉬드 멀티핀 스트라이프 티셔츠 (차콜),29cm:4129305@272103100,rank,33.0,"{""brand_eng"": ""COOR"", ""brand_kor"": ""쿠어"", ""brand_no"": 15326, ""category1"": ""남성의류"", ""category2"": ""상의"", ""category3"": ""긴소매 티셔츠"", ""category3_code"": 272103102, ""is_new"": false, ""item_no"": 4129305, ""period_sort"": ""ONE_DAY"", ""platform"": ""29cm"", ""ranking_category_code"": ""272103100"", ""ranking_category_name"": ""남성의류>상의"", ""review_avg"": 5.0, ""sale_percent"": 10, ""sale_price"": 76500, ""sold_out"": false, ""url"": ""https://product.29cm.co.kr/catalog/4129305""}",2026-10-10T01:00:29+00:00_fea744f1
2026-10-10T10:00:29+09:00,2026-10-10T01:00:31+00:00,commerce_rank,멀티핀 스트라이프 포켓 티셔츠 (블루),29cm:4129310,heart_count,39.0,"{""brand_eng"": ""COOR"", ""brand_kor"": ""쿠어"", ""brand_no"": 15326, ""category1"": ""남성의류"", ""category2"": ""상의"", ""category3"": ""긴소매 티셔츠"", ""category3_code"": 272103102, ""is_new"": false, ""item_no"": 4129310, ""period_sort"": ""ONE_DAY"", ""platform"": ""29cm"", ""ranking_category_code"": ""272103100"", ""ranking_category_name"": ""남성의류>상의"", ""review_avg"": 5.0, ""sale_percent"": 10, ""sale_price"": 76500, ""sold_out"": false, ""url"": ""https://product.29cm.co.kr/catalog/4129310""}",2026-10-10T01:00:29+00:00_fea744f1
2026-10-10T10:00:29+09:00,2026-10-10T01:00:31+00:00,commerce_rank,멀티핀 스트라이프 포켓 티셔츠 (블루),29cm:4129310,review_count,2.0,"{""brand_eng"": ""COOR"", ""brand_kor"": ""쿠어"", ""brand_no"": 15326, ""category1"": ""남성의류"", ""category2"": ""상의"", ""category3"": ""긴소매 티셔츠"", ""category3_code"": 272103102, ""is_new"": false, ""item_no"": 4129310, ""period_sort"": ""ONE_DAY"", ""platform"": ""29cm"", ""ranking_category_code"": ""272103100"", ""ranking_category_name"": ""남성의류>상의"", ""review_avg"": 5.0, ""sale_percent"": 10, ""sale_price"": 76500, ""sold_out"": false, ""url"": ""https://product.29cm.co.kr/catalog/4129310""}",2026-10-10T01:00:29+00:00_fea744f1
2026-10-10T10:00:29+09:00,2026-10-10T01:00:31+00:00,commerce_rank,멀티핀 스트라이프 포켓 티셔츠 (블루),29cm:4129310@272103100,rank,61.0,"{""brand_eng"": ""COOR"", ""brand_kor"": ""쿠어"", ""brand_no"": 15326, ""category1"": ""남성의류"", ""category2"": ""상의"", ""category3"": ""긴소매 티셔츠"", ""category3_code"": 272103102, ""is_new"": false, ""item_no"": 4129310, ""period_sort"": ""ONE_DAY"", ""platform"": ""29cm"", ""ranking_category_code"": ""272103100"", ""ranking_category_name"": ""남성의류>상의"", ""review_avg"": 5.0, ""sale_percent"": 10, ""sale_price"": 76500, ""sold_out"": false, ""url"": ""https://product.29cm.co.kr/catalog/4129310""}",2026-10-10T01:00:29+00:00_fea744f1
2026-10-10T10:00:29+09:00,2026-10-10T01:00:31+00:00,commerce_rank,레귤러핏 와플 롱 슬리브 (차콜),29cm:4129325,heart_count,92.0,"{""brand_eng"": ""COOR"", ""brand_kor"": ""쿠어"", ""brand_no"": 15326, ""category1"": ""남성의류"", ""category2"": ""상의"", ""category3"": ""긴소매 티셔츠"", ""category3_code"": 272103102, ""is_new"": false, ""item_no"": 4129325, ""period_sort"": ""ONE_DAY"", ""platform"": ""29cm"", ""ranking_category_code"": ""272103100"", ""ranking_category_name"": ""남성의류>상의"", ""review_avg"": 0.0, ""sale_percent"": 10, ""sale_price"": 68400, ""sold_out"": false, ""url"": ""https://product.29cm.co.kr/catalog/4129325""}",2026-10-10T01:00:29+00:00_fea744f1
2026-10-10T10:00:29+09:00,2026-10-10T01:00:31+00:00,commerce_rank,레귤러핏 와플 롱 슬리브 (차콜),29cm:4129325,review_count,0.0,"{""brand_eng"": ""COOR"", ""brand_kor"": ""쿠어"", ""brand_no"": 15326, ""category1"": ""남성의류"", ""category2"": ""상의"", ""category3"": ""긴소매 티셔츠"", ""category3_code"": 272103102, ""is_new"": false, ""item_no"": 4129325, ""period_sort"": ""ONE_DAY"", ""platform"": ""29cm"", ""ranking_category_code"": ""272103100"", ""ranking_category_name"": ""남성의류>상의"", ""review_avg"": 0.0, ""sale_percent"": 10, ""sale_price"": 68400, ""sold_out"": false, ""url"": ""https://product.29cm.co.kr/catalog/4129325""}",2026-10-10T01:00:29+00:00_fea744f1
2026-10-10T10:00:29+09:00,2026-10-10T01:00:31+00:00,commerce_rank,레귤러핏 와플 롱 슬리브 (차콜),29cm:4129325@272103100,rank,37.0,"{""brand_eng"": ""COOR"", ""brand_kor"": ""쿠어"", ""brand_no"": 15326, ""category1"": ""남성의류"", ""category2"": ""상의"", ""category3"": ""긴소매 티셔츠"", ""category3_code"": 272103102, ""is_new"": false, ""item_no"": 4129325, ""period_sort"": ""ONE_DAY"", ""platform"": ""29cm"", ""ranking_category_code"": ""272103100"", ""ranking_category_name"": ""남성의류>상의"", ""review_avg"": 0.0, ""sale_percent"": 10, ""sale_price"": 68400, ""sold_out"": false, ""url"": ""https://product.29cm.co.kr/catalog/4129325""}",2026-10-10T01:00:29+00:00_fea744f1
2026-10-10T10:00:29+09:00,2026-10-10T01:00:31+00:00,commerce_rank,레귤러핏 와플 롱 슬리브 (멜란지그레이),29cm:4129326,heart_count,153.0,"{""brand_eng"": ""COOR"", ""brand_kor"": ""쿠어"", ""brand_no"": 15326, ""category1"": ""남성의류"", ""category2"": ""상의"", ""category3"": ""긴소매 티셔츠"", ""category3_code"": 272103102, ""is_new"": false, ""item_no"": 4129326, ""period_sort"": ""ONE_DAY"", ""platform"": ""29cm"", ""ranking_category_code"": ""272103100"", ""ranking_category_name"": ""남성의류>상의"", ""review_avg"": 5.0, ""sale_percent"": 10, ""sale_price"": 68400, ""sold_out"": false, ""url"": ""https://product.29cm.co.kr/catalog/4129326""}",2026-10-10T01:00:29+00:00_fea744f1
2026-10-10T10:00:29+09:00,2026-10-10T01:00:31+00:00,commerce_rank,레귤러핏 와플 롱 슬리브 (멜란지그레이),29cm:4129326,review_count,3.0,"{""brand_eng"": ""COOR"", ""brand_kor"": ""쿠어"", ""brand_no"": 15326, ""category1"": ""남성의류"", ""category2"": ""상의"", ""category3"": ""긴소매 티셔츠"", ""category3_code"": 272103102, ""is_new"": false, ""item_no"": 4129326, ""period_sort"": ""ONE_DAY"", ""platform"": ""29cm"", ""ranking_category_code"": ""272103100"", ""ranking_category_name"": ""남성의류>상의"", ""review_avg"": 5.0, ""sale_percent"": 10, ""sale_price"": 68400, ""sold_out"": false, ""url"": ""https://product.29cm.co.kr/catalog/4129326""}",2026-10-10T01:00:29+00:00_fea744f1
2026-10-10T10:00:29+09:00,2026-10-10T01:00:31+00:00,commerce_rank,레귤러핏 와플 롱 슬리브 (멜란지그레이),29cm:4129326@272103100,rank,7.0,"{""brand_eng"": ""COOR"", ""brand_kor"": ""쿠어"", ""brand_no"": 15326, ""category1"": ""남성의류"", ""category2"": ""상의"", ""category3"": ""긴소매 티셔츠"", ""category3_code"": 272103102, ""is_new"": false, ""item_no"": 4129326, ""period_sort"": ""ONE_DAY"", ""platform"": ""29cm"", ""ranking_category_code"": ""272103100"", ""ranking_category_name"": ""남성의류>상의"", ""review_avg"": 5.0, ""sale_percent"": 10, ""sale_price"": 68400, ""sold_out"": false, ""url"": ""https://product.29cm.co.kr/catalog/4129326""}",2026-10-10T01:00:29+00:00_fea744f1
2026-10-10T10:00:29+09:00,2026-10-10T01:00:29+00:00,commerce_rank,[29EDITION X 알로하]Oasis Blooming Sweatshirt_CLOUD,29cm:4130049,heart_count,6252.0,"{""brand_eng"": ""WEDNESDAYOASIS"", ""brand_kor"": ""웬즈데이오아시스"", ""brand_no"": 69104, ""category1"": ""여성의류"", ""category2"": ""상의"", ""category3"": ""스웨트셔츠"", ""category3_code"": 268103104, ""is_new"": false, ""item_no"": 4130049, ""period_sort"": ""ONE_DAY"", ""platform"": ""29cm"", ""ranking_category_code"": ""268103100"", ""ranking_category_name"": ""여성의류>상의"", ""review_avg"": 5.0, ""sale_percent"": 37, ""sale_price"": 39690, ""sold_out"": false, ""url"": ""https://product.29cm.co.kr/catalog/4130049""}",2026-10-10T01:00:29+00:00_fea744f1
2026-10-10T10:00:29+09:00,2026-10-10T01:00:29+00:00,commerce_rank,[29EDITION X 알로하]Oasis Blooming Sweatshirt_CLOUD,29cm:4130049,review_count,113.0,"{""brand_eng"": ""WEDNESDAYOASIS"", ""brand_kor"": ""웬즈데이오아시스"", ""brand_no"": 69104, ""category1"": ""여성의류"", ""category2"": ""상의"", ""category3"": ""스웨트셔츠"", ""category3_code"": 268103104, ""is_new"": false, ""item_no"": 4130049, ""period_sort"": ""ONE_DAY"", ""platform"": ""29cm"", ""ranking_category_code"": ""268103100"", ""ranking_category_name"": ""여성의류>상의"", ""review_avg"": 5.0, ""sale_percent"": 37, ""sale_price"": 39690, ""sold_out"": false, ""url"": ""https://product.29cm.co.kr/catalog/4130049""}",2026-10-10T01:00:29+00:00_fea744f1
2026-10-10T10:00:29+09:00,2026-10-10T01:00:29+00:00,commerce_rank,[29EDITION X 알로하]Oasis Blooming Sweatshirt_CLOUD,29cm:4130049@268103100,rank,11.0,"{""brand_eng"": ""WEDNESDAYOASIS"", ""brand_kor"": ""웬즈데이오아시스"", ""brand_no"": 69104, ""category1"": ""여성의류"", ""category2"": ""상의"", ""category3"": ""스웨트셔츠"", ""category3_code"": 268103104, ""is_new"": false, ""item_no"": 4130049, ""period_sort"": ""ONE_DAY"", ""platform"": ""29cm"", ""ranking_category_code"": ""268103100"", ""ranking_category_name"": ""여성의류>상의"", ""review_avg"": 5.0, ""sale_percent"": 37, ""sale_price"": 39690, ""sold_out"": false, ""url"": ""https://product.29cm.co.kr/catalog/4130049""}",2026-10-10T01:00:29+00:00_fea744f1
2026-10-10T10:00:29+09:00,2026-10-10T01:00:29+00:00,commerce_rank,[29EDITION X 알로하]Oasis Blooming Sweatshirt_OATMEAL,29cm:4130050,heart_count,1817.0,"{""brand_eng"": ""WEDNESDAYOASIS"", ""brand_kor"": ""웬즈데이오아시스"", ""brand_no"": 69104, ""category1"": ""여성의류"", ""category2"": ""상의"", ""category3"": ""스웨트셔츠"", ""category3_code"": 268103104, ""is_new"": false, ""item_no"": 4130050, ""period_sort"": ""ONE_DAY"", ""platform"": ""29cm"", ""ranking_category_code"": ""268103100"", ""ranking_category_name"": ""여성의류>상의"", ""review_avg"": 4.5, ""sale_percent"": 37, ""sale_price"": 39690, ""sold_out"": false, ""url"": ""https://product.29cm.co.kr/catalog/4130050""}",2026-10-10T01:00:29+00:00_fea744f1
2026-10-10T10:00:29+09:00,2026-10-10T01:00:29+00:00,commerce_rank,[29EDITION X 알로하]Oasis Blooming Sweatshirt_OATMEAL,29cm:4130050,review_count,78.0,"{""brand_eng"": ""WEDNESDAYOASIS"", ""brand_kor"": ""웬즈데이오아시스"", ""brand_no"": 69104, ""category1"": ""여성의류"", ""category2"": ""상의"", ""category3"": ""스웨트셔츠"", ""category3_code"": 268103104, ""is_new"": false, ""item_no"": 4130050, ""period_sort"": ""ONE_DAY"", ""platform"": ""29cm"", ""ranking_category_code"": ""268103100"", ""ranking_category_name"": ""여성의류>상의"", ""review_avg"": 4.5, ""sale_percent"": 37, ""sale_price"": 39690, ""sold_out"": false, ""url"": ""https://product.29cm.co.kr/catalog/4130050""}",2026-10-10T01:00:29+00:00_fea744f1
2026-10-10T10:00:29+09:00,2026-10-10T01:00:29+00:00,commerce_rank,[29EDITION X 알로하]Oasis Blooming Sweatshirt_OATMEAL,29cm:4130050@268103100,rank,91.0,"{""brand_eng"": ""WEDNESDAYOASIS"", ""brand_kor"": ""웬즈데이오아시스"", ""brand_no"": 69104, ""category1"": ""여성의류"", ""category2"": ""상의"", ""category3"": ""스웨트셔츠"", ""category3_code"": 268103104, ""is_new"": false, ""item_no"": 4130050, ""period_sort"": ""ONE_DAY"", ""platform"": ""29cm"", ""ranking_category_code"": ""268103100"", ""ranking_category_name"": ""여성의류>상의"", ""review_avg"": 4.5, ""sale_percent"": 37, ""sale_price"": 39690, ""sold_out"": false, ""url"": ""https://product.29cm.co.kr/catalog/4130050""}",2026-10-10T01:00:29+00:00_fea744f1
2026-10-10T10:00:29+09:00,2026-10-10T01:00:29+00:00,commerce_rank,[29EDITION X 알로하]Mellow Check Shirt_BLUSH CHARCOAL,29cm:4130051,heart_count,3170.0,"{""brand_eng"": ""WEDNESDAYOASIS"", ""brand_kor"": ""웬즈데이오아시스"", ""brand_no"": 69104, ""category1"": ""여성의류"", ""category2"": ""상의"", ""category3"": ""셔츠"", ""category3_code"": 268103106, ""is_new"": false, ""item_no"": 4130051, ""period_sort"": ""ONE_DAY"", ""platform"": ""29cm"", ""ranking_category_code"": ""268103100"", ""ranking_category_name"": ""여성의류>상의"", ""review_avg"": 4.5, ""sale_percent"": 37, ""sale_price"": 43470, ""sold_out"": false, ""url"": ""https://product.29cm.co.kr/catalog/4130051""}",2026-10-10T01:00:29+00:00_fea744f1
2026-10-10T10:00:29+09:00,2026-10-10T01:00:29+00:00,commerce_rank,[29EDITION X 알로하]Mellow Check Shirt_BLUSH CHARCOAL,29cm:4130051,review_count,56.0,"{""brand_eng"": ""WEDNESDAYOASIS"", ""brand_kor"": ""웬즈데이오아시스"", ""brand_no"": 69104, ""category1"": ""여성의류"", ""category2"": ""상의"", ""category3"": ""셔츠"", ""category3_code"": 268103106, ""is_new"": false, ""item_no"": 4130051, ""period_sort"": ""ONE_DAY"", ""platform"": ""29cm"", ""ranking_category_code"": ""268103100"", ""ranking_category_name"": ""여성의류>상의"", ""review_avg"": 4.5, ""sale_percent"": 37, ""sale_price"": 43470, ""sold_out"": false, ""url"": ""https://product.29cm.co.kr/catalog/4130051""}",2026-10-10T01:00:29+00:00_fea744f1
2026-10-10T10:00:29+09:00,2026-10-10T01:00:29+00:00,commerce_rank,[29EDITION X 알로하]Mellow Check Shirt_BLUSH CHARCOAL,29cm:4130051@268103100,rank,60.0,"{""brand_eng"": ""WEDNESDAYOASIS"", ""brand_kor"": ""웬즈데이오아시스"", ""brand_no"": 69104, ""category1"": ""여성의류"", ""category2"": ""상의"", ""category3"": ""셔츠"", ""category3_code"": 268103106, ""is_new"": false, ""item_no"": 4130051, ""period_sort"": ""ONE_DAY"", ""platform"": ""29cm"", ""ranking_category_code"": ""268103100"", ""ranking_category_name"": ""여성의류>상의"", ""review_avg"": 4.5, ""sale_percent"": 37, ""sale_price"": 43470, ""sold_out"": false, ""url"": ""https://product.29cm.co.kr/catalog/4130051""}",2026-10-10T01:00:29+00:00_fea744f1
2026-10-10T10:00:29+09:00,2026-10-10T01:00:31+00:00,commerce_rank,Comfort Shirt_Stripe - 4 Color,29cm:4131380,heart_count,100.0,"{""brand_eng"": ""POTTERY"", ""brand_kor"": ""포터리"", ""brand_no"": 3453, ""category1"": ""남성의류"", ""category2"": ""상의"", ""category3"": ""긴소매 셔츠"", ""category3_code"": 272103106, ""is_new"": false, ""item_no"": 4131380, ""period_sort"": ""ONE_DAY"", ""platform"": ""29cm"", ""ranking_category_code"": ""272103100"", ""ranking_category_name"": ""남성의류>상의"", ""review_avg"": 5.0, ""sale_percent"": 10, ""sale_price"": 170280, ""sold_out"": false, ""url"": ""https://product.29cm.co.kr/catalog/4131380""}",2026-10-10T01:00:29+00:00_fea744f1
2026-10-10T10:00:29+09:00,2026-10-10T01:00:31+00:00,commerce_rank,Comfort Shirt_Stripe - 4 Color,29cm:4131380,review_count,7.0,"{""brand_eng"": ""POTTERY"", ""brand_kor"": ""포터리"", ""brand_no"": 3453, ""category1"": ""남성의류"", ""category2"": ""상의"", ""category3"": ""긴소매 셔츠"", ""category3_code"": 272103106, ""is_new"": false, ""item_no"": 4131380, ""period_sort"": ""ONE_DAY"", ""platform"": ""29cm"", ""ranking_category_code"": ""272103100"", ""ranking_category_name"": ""남성의류>상의"", ""review_avg"": 5.0, ""sale_percent"": 10, ""sale_price"": 170280, ""sold_out"": false, ""url"": ""https://product.29cm.co.kr/catalog/4131380""}",2026-10-10T01:00:29+00:00_fea744f1
2026-10-10T10:00:29+09:00,2026-10-10T01:00:31+00:00,commerce_rank,Comfort Shirt_Stripe - 4 Color,29cm:4131380@272103100,rank,48.0,"{""brand_eng"": ""POTTERY"", ""brand_kor"": ""포터리"", ""brand_no"": 3453, ""category1"": ""남성의류"", ""category2"": ""상의"", ""category3"": ""긴소매 셔츠"", ""category3_code"": 272103106, ""is_new"": false, ""item_no"": 4131380, ""period_sort"": ""ONE_DAY"", ""platform"": ""29cm"", ""ranking_category_code"": ""272103100"", ""ranking_category_name"": ""남성의류>상의"", ""review_avg"": 5.0, ""sale_percent"": 10, ""sale_price"": 170280, ""sold_out"": false, ""url"": ""https://product.29cm.co.kr/catalog/4131380""}",2026-10-10T01:00:29+00:00_fea744f1
2026-10-10T10:00:29+09:00,2026-10-10T01:00:31+00:00,commerce_rank,Waffle Aviator Long Sleeve (Black),29cm:4132600,heart_count,66.0,"{""brand_eng"": ""AAKAM"", ""brand_kor"": ""아캄"", ""brand_no"": 73801, ""category1"": ""여성의류"", ""category2"": ""상의"", ""category3"": ""긴소매 티셔츠"", ""category3_code"": 268103102, ""is_new"": false, ""item_no"": 4132600, ""period_sort"": ""ONE_DAY"", ""platform"": ""29cm"", ""ranking_category_code"": ""272103100"", ""ranking_category_name"": ""남성의류>상의"", ""review_avg"": 5.0, ""sale_percent"": 10, ""sale_price"": 98100, ""sold_out"": false, ""url"": ""https://product.29cm.co.kr/catalog/4132600""}",2026-10-10T01:00:29+00:00_fea744f1
2026-10-10T10:00:29+09:00,2026-10-10T01:00:31+00:00,commerce_rank,Waffle Aviator Long Sleeve (Black),29cm:4132600,review_count,1.0,"{""brand_eng"": ""AAKAM"", ""brand_kor"": ""아캄"", ""brand_no"": 73801, ""category1"": ""여성의류"", ""category2"": ""상의"", ""category3"": ""긴소매 티셔츠"", ""category3_code"": 268103102, ""is_new"": false, ""item_no"": 4132600, ""period_sort"": ""ONE_DAY"", ""platform"": ""29cm"", ""ranking_category_code"": ""272103100"", ""ranking_category_name"": ""남성의류>상의"", ""review_avg"": 5.0, ""sale_percent"": 10, ""sale_price"": 98100, ""sold_out"": false, ""url"": ""https://product.29cm.co.kr/catalog/4132600""}",2026-10-10T01:00:29+00:00_fea744f1
2026-10-10T10:00:29+09:00,2026-10-10T01:00:31+00:00,commerce_rank,Waffle Aviator Long Sleeve (Black),29cm:4132600@272103100,rank,99.0,"{""brand_eng"": ""AAKAM"", ""brand_kor"": ""아캄"", ""brand_no"": 73801, ""category1"": ""여성의류"", ""category2"": ""상의"", ""category3"": ""긴소매 티셔츠"", ""category3_code"": 268103102, ""is_new"": false, ""item_no"": 4132600, ""period_sort"": ""ONE_DAY"", ""platform"": ""29cm"", ""ranking_category_code"": ""272103100"", ""ranking_category_name"": ""남성의류>상의"", ""review_avg"": 5.0, ""sale_percent"": 10, ""sale_price"": 98100, ""sold_out"": false, ""url"": ""https://product.29cm.co.kr/catalog/4132600""}",2026-10-10T01:00:29+00:00_fea744f1
2026-10-10T10:00:29+09:00,2026-10-10T01:00:29+00:00,commerce_rank,[9th] Pecan Waffle Raglan Long Top - Grey(Navy),29cm:4132890,heart_count,2067.0,"{""brand_eng"": ""SOMEWHEREBUTTER"", ""brand_kor"": ""썸웨어버터"", ""brand_no"": 18640, ""category1"": ""여성의류"", ""category2"": ""상의"", ""category3"": ""긴소매 티셔츠"", ""category3_code"": 268103102, ""is_new"": false, ""item_no"": 4132890, ""period_sort"": ""ONE_DAY"", ""platform"": ""29cm"", ""ranking_category_code"": ""268103100"", ""ranking_category_name"": ""여성의류>상의"", ""review_avg"": 5.0, ""sale_percent"": 10, ""sale_price"": 71100, ""sold_out"": false, ""url"": ""https://product.29cm.co.kr/catalog/4132890""}",2026-10-10T01:00:29+00:00_fea744f1
2026-10-10T10:00:29+09:00,2026-10-10T01:00:29+00:00,commerce_rank,[9th] Pecan Waffle Raglan Long Top - Grey(Navy),29cm:4132890,review_count,43.0,"{""brand_eng"": ""SOMEWHEREBUTTER"", ""brand_kor"": ""썸웨어버터"", ""brand_no"": 18640, ""category1"": ""여성의류"", ""category2"": ""상의"", ""category3"": ""긴소매 티셔츠"", ""category3_code"": 268103102, ""is_new"": false, ""item_no"": 4132890, ""period_sort"": ""ONE_DAY"", ""platform"": ""29cm"", ""ranking_category_code"": ""268103100"", ""ranking_category_name"": ""여성의류>상의"", ""review_avg"": 5.0, ""sale_percent"": 10, ""sale_price"": 71100, ""sold_out"": false, ""url"": ""https://product.29cm.co.kr/catalog/4132890""}",2026-10-10T01:00:29+00:00_fea744f1
2026-10-10T10:00:29+09:00,2026-10-10T01:00:29+00:00,commerce_rank,[9th] Pecan Waffle Raglan Long Top - Grey(Navy),29cm:4132890@268103100,rank,92.0,"{""brand_eng"": ""SOMEWHEREBUTTER"", ""brand_kor"": ""썸웨어버터"", ""brand_no"": 18640, ""category1"": ""여성의류"", ""category2"": ""상의"", ""category3"": ""긴소매 티셔츠"", ""category3_code"": 268103102, ""is_new"": false, ""item_no"": 4132890, ""period_sort"": ""ONE_DAY"", ""platform"": ""29cm"", ""ranking_category_code"": ""268103100"", ""ranking_category_name"": ""여성의류>상의"", ""review_avg"": 5.0, ""sale_percent"": 10, ""sale_price"": 71100, ""sold_out"": false, ""url"": ""https://product.29cm.co.kr/catalog/4132890""}",2026-10-10T01:00:29+00:00_fea744f1
2026-10-10T10:00:29+09:00,2026-10-10T01:00:29+00:00,commerce_rank,[8th] Pecan Waffle Raglan Long Top - Light Blue(Black),29cm:4132891,heart_count,1206.0,"{""brand_eng"": ""SOMEWHEREBUTTER"", ""brand_kor"": ""썸웨어버터"", ""brand_no"": 18640, ""category1"": ""여성의류"", ""category2"": ""상의"", ""category3"": ""긴소매 티셔츠"", ""category3_code"": 268103102, ""is_new"": false, ""item_no"": 4132891, ""period_sort"": ""ONE_DAY"", ""platform"": ""29cm"", ""ranking_category_code"": ""268103100"", ""ranking_category_name"": ""여성의류>상의"", ""review_avg"": 5.0, ""sale_percent"": 10, ""sale_price"": 71100, ""sold_out"": false, ""url"": ""https://product.29cm.co.kr/catalog/4132891""}",2026-10-10T01:00:29+00:00_fea744f1
2026-10-10T10:00:29+09:00,2026-10-10T01:00:29+00:00,commerce_rank,[8th] Pecan Waffle Raglan Long Top - Light Blue(Black),29cm:4132891,review_count,10.0,"{""brand_eng"": ""SOMEWHEREBUTTER"", ""brand_kor"": ""썸웨어버터"", ""brand_no"": 18640, ""category1"": ""여성의류"", ""category2"": ""상의"", ""category3"": ""긴소매 티셔츠"", ""category3_code"": 268103102, ""is_new"": false, ""item_no"": 4132891, ""period_sort"": ""ONE_DAY"", ""platform"": ""29cm"", ""ranking_category_code"": ""268103100"", ""ranking_category_name"": ""여성의류>상의"", ""review_avg"": 5.0, ""sale_percent"": 10, ""sale_price"": 71100, ""sold_out"": false, ""url"": ""https://product.29cm.co.kr/catalog/4132891""}",2026-10-10T01:00:29+00:00_fea744f1
2026-10-10T10:00:29+09:00,2026-10-10T01:00:29+00:00,commerce_rank,[8th] Pecan Waffle Raglan Long Top - Light Blue(Black),29cm:4132891@268103100,rank,49.0,"{""brand_eng"": ""SOMEWHEREBUTTER"", ""brand_kor"": ""썸웨어버터"", ""brand_no"": 18640, ""category1"": ""여성의류"", ""category2"": ""상의"", ""category3"": ""긴소매 티셔츠"", ""category3_code"": 268103102, ""is_new"": false, ""item_no"": 4132891, ""period_sort"": ""ONE_DAY"", ""platform"": ""29cm"", ""ranking_category_code"": ""268103100"", ""ranking_category_name"": ""여성의류>상의"", ""review_avg"": 5.0, ""sale_percent"": 10, ""sale_price"": 71100, ""sold_out"": false, ""url"": ""https://product.29cm.co.kr/catalog/4132891""}",2026-10-10T01:00:29+00:00_fea744f1
2026-10-10T10:00:29+09:00,2026-10-10T01:00:31+00:00,commerce_rank,DISTRESSED BASEBALL L/S SHIRTS d.purple/heather,29cm:4132943,heart_count,133.0,"{""brand_eng"": ""beheavyer"", ""brand_kor"": ""비헤비어"", ""brand_no"": 1897, ""category1"": ""남성의류"", ""category2"": ""상의"", ""category3"": ""긴소매 티셔츠"", ""category3_code"": 272103102, ""is_new"": false, ""item_no"": 4132943, ""period_sort"": ""ONE_DAY"", ""platform"": ""29cm"", ""ranking_category_code"": ""272103100"", ""ranking_category_name"": ""남성의류>상의"", ""review_avg"": 0.0, ""sale_percent"": 0, ""sale_price"": 119000, ""sold_out"": false, ""url"": ""https://product.29cm.co.kr/catalog/4132943""}",2026-10-10T01:00:29+00:00_fea744f1
2026-10-10T10:00:29+09:00,2026-10-10T01:00:31+00:00,commerce_rank,DISTRESSED BASEBALL L/S SHIRTS d.purple/heather,29cm:4132943,review_count,0.0,"{""brand_eng"": ""beheavyer"", ""brand_kor"": ""비헤비어"", ""brand_no"": 1897, ""category1"": ""남성의류"", ""category2"": ""상의"", ""category3"": ""긴소매 티셔츠"", ""category3_code"": 272103102, ""is_new"": false, ""item_no"": 4132943, ""period_sort"": ""ONE_DAY"", ""platform"": ""29cm"", ""ranking_category_code"": ""272103100"", ""ranking_category_name"": ""남성의류>상의"", ""review_avg"": 0.0, ""sale_percent"": 0, ""sale_price"": 119000, ""sold_out"": false, ""url"": ""https://product.29cm.co.kr/catalog/4132943""}",2026-10-10T01:00:29+00:00_fea744f1
2026-10-10T10:00:29+09:00,2026-10-10T01:00:31+00:00,commerce_rank,DISTRESSED BASEBALL L/S SHIRTS d.purple/heather,29cm:4132943@272103100,rank,35.0,"{""brand_eng"": ""beheavyer"", ""brand_kor"": ""비헤비어"", ""brand_no"": 1897, ""category1"": ""남성의류"", ""category2"": ""상의"", ""category3"": ""긴소매 티셔츠"", ""category3_code"": 272103102, ""is_new"": false, ""item_no"": 4132943, ""period_sort"": ""ONE_DAY"", ""platform"": ""29cm"", ""ranking_category_code"": ""272103100"", ""ranking_category_name"": ""남성의류>상의"", ""review_avg"": 0.0, ""sale_percent"": 0, ""sale_price"": 119000, ""sold_out"": false, ""url"": ""https://product.29cm.co.kr/catalog/4132943""}",2026-10-10T01:00:29+00:00_fea744f1
2026-10-10T10:00:29+09:00,2026-10-10T01:00:29+00:00,commerce_rank,V Layered Tee Purple,29cm:4134050,heart_count,1505.0,"{""brand_eng"": ""RENSE"", ""brand_kor"": ""렌세"", ""brand_no"": 72648, ""category1"": ""여성의류"", ""category2"": ""상의"", ""category3"": ""긴소매 티셔츠"", ""category3_code"": 268103102, ""is_new"": false, ""item_no"": 4134050, ""period_sort"": ""ONE_DAY"", ""platform"": ""29cm"", ""ranking_category_code"": ""268103100"", ""ranking_category_name"": ""여성의류>상의"", ""review_avg"": 4.5, ""sale_percent"": 28, ""sale_price"": 33840, ""sold_out"": false, ""url"": ""https://product.29cm.co.kr/catalog/4134050""}",2026-10-10T01:00:29+00:00_fea744f1
2026-10-10T10:00:29+09:00,2026-10-10T01:00:29+00:00,commerce_rank,V Layered Tee Purple,29cm:4134050,review_count,26.0,"{""brand_eng"": ""RENSE"", ""brand_kor"": ""렌세"", ""brand_no"": 72648, ""category1"": ""여성의류"", ""category2"": ""상의"", ""category3"": ""긴소매 티셔츠"", ""category3_code"": 268103102, ""is_new"": false, ""item_no"": 4134050, ""period_sort"": ""ONE_DAY"", ""platform"": ""29cm"", ""ranking_category_code"": ""268103100"", ""ranking_category_name"": ""여성의류>상의"", ""review_avg"": 4.5, ""sale_percent"": 28, ""sale_price"": 33840, ""sold_out"": false, ""url"": ""https://product.29cm.co.kr/catalog/4134050""}",2026-10-10T01:00:29+00:00_fea744f1
2026-10-10T10:00:29+09:00,2026-10-10T01:00:29+00:00,commerce_rank,V Layered Tee Purple,29cm:4134050@268103100,rank,63.0,"{""brand_eng"": ""RENSE"", ""brand_kor"": ""렌세"", ""brand_no"": 72648, ""category1"": ""여성의류"", ""category2"": ""상의"", ""category3"": ""긴소매 티셔츠"", ""category3_code"": 268103102, ""is_new"": false, ""item_no"": 4134050, ""period_sort"": ""ONE_DAY"", ""platform"": ""29cm"", ""ranking_category_code"": ""268103100"", ""ranking_category_name"": ""여성의류>상의"", ""review_avg"": 4.5, ""sale_percent"": 28, ""sale_price"": 33840, ""sold_out"": false, ""url"": ""https://product.29cm.co.kr/catalog/4134050""}",2026-10-10T01:00:29+00:00_fea744f1
2026-10-10T10:00:29+09:00,2026-10-10T01:00:31+00:00,commerce_rank,GUSSET RAGLAN L/S T-SHIRT [CHARCOAL],29cm:4134329,heart_count,174.0,"{""brand_eng"": ""UNION BLUE"", ""brand_kor"": ""유니온 블루"", ""brand_no"": 13510, ""category1"": ""남성의류"", ""category2"": ""상의"", ""category3"": ""긴소매 티셔츠"", ""category3_code"": 272103102, ""is_new"": false, ""item_no"": 4134329, ""period_sort"": ""ONE_DAY"", ""platform"": ""29cm"", ""ranking_category_code"": ""272103100"", ""ranking_category_name"": ""남성의류>상의"", ""review_avg"": 5.0, ""sale_percent"": 10, ""sale_price"": 70200, ""sold_out"": false, ""url"": ""https://product.29cm.co.kr/catalog/4134329""}",2026-10-10T01:00:29+00:00_fea744f1
2026-10-10T10:00:29+09:00,2026-10-10T01:00:31+00:00,commerce_rank,GUSSET RAGLAN L/S T-SHIRT [CHARCOAL],29cm:4134329,review_count,9.0,"{""brand_eng"": ""UNION BLUE"", ""brand_kor"": ""유니온 블루"", ""brand_no"": 13510, ""category1"": ""남성의류"", ""category2"": ""상의"", ""category3"": ""긴소매 티셔츠"", ""category3_code"": 272103102, ""is_new"": false, ""item_no"": 4134329, ""period_sort"": ""ONE_DAY"", ""platform"": ""29cm"", ""ranking_category_code"": ""272103100"", ""ranking_category_name"": ""남성의류>상의"", ""review_avg"": 5.0, ""sale_percent"": 10, ""sale_price"": 70200, ""sold_out"": false, ""url"": ""https://product.29cm.co.kr/catalog/4134329""}",2026-10-10T01:00:29+00:00_fea744f1
2026-10-10T10:00:29+09:00,2026-10-10T01:00:31+00:00,commerce_rank,GUSSET RAGLAN L/S T-SHIRT [CHARCOAL],29cm:4134329@272103100,rank,70.0,"{""brand_eng"": ""UNION BLUE"", ""brand_kor"": ""유니온 블루"", ""brand_no"": 13510, ""category1"": ""남성의류"", ""category2"": ""상의"", ""category3"": ""긴소매 티셔츠"", ""category3_code"": 272103102, ""is_new"": false, ""item_no"": 4134329, ""period_sort"": ""ONE_DAY"", ""platform"": ""29cm"", ""ranking_category_code"": ""272103100"", ""ranking_category_name"": ""남성의류>상의"", ""review_avg"": 5.0, ""sale_percent"": 10, ""sale_price"": 70200, ""sold_out"": false, ""url"": ""https://product.29cm.co.kr/catalog/4134329""}",2026-10-10T01:00:29+00:00_fea744f1
2026-10-10T10:00:29+09:00,2026-10-10T01:00:31+00:00,commerce_rank,GUSSET RAGLAN L/S T-SHIRT [BLUE],29cm:4134340,heart_count,713.0,"{""brand_eng"": ""UNION BLUE"", ""brand_kor"": ""유니온 블루"", ""brand_no"": 13510, ""category1"": ""남성의류"", ""category2"": ""상의"", ""category3"": ""긴소매 티셔츠"", ""category3_code"": 272103102, ""is_new"": false, ""item_no"": 4134340, ""period_sort"": ""ONE_DAY"", ""platform"": ""29cm"", ""ranking_category_code"": ""272103100"", ""ranking_category_name"": ""남성의류>상의"", ""review_avg"": 5.0, ""sale_percent"": 10, ""sale_price"": 70200, ""sold_out"": false, ""url"": ""https://product.29cm.co.kr/catalog/4134340""}",2026-10-10T01:00:29+00:00_fea744f1
2026-10-10T10:00:29+09:00,2026-10-10T01:00:31+00:00,commerce_rank,GUSSET RAGLAN L/S T-SHIRT [BLUE],29cm:4134340,review_count,5.0,"{""brand_eng"": ""UNION BLUE"", ""brand_kor"": ""유니온 블루"", ""brand_no"": 13510, ""category1"": ""남성의류"", ""category2"": ""상의"", ""category3"": ""긴소매 티셔츠"", ""category3_code"": 272103102, ""is_new"": false, ""item_no"": 4134340, ""period_sort"": ""ONE_DAY"", ""platform"": ""29cm"", ""ranking_category_code"": ""272103100"", ""ranking_category_name"": ""남성의류>상의"", ""review_avg"": 5.0, ""sale_percent"": 10, ""sale_price"": 70200, ""sold_out"": false, ""url"": ""https://product.29cm.co.kr/catalog/4134340""}",2026-10-10T01:00:29+00:00_fea744f1
2026-10-10T10:00:29+09:00,2026-10-10T01:00:31+00:00,commerce_rank,GUSSET RAGLAN L/S T-SHIRT [BLUE],29cm:4134340@272103100,rank,10.0,"{""brand_eng"": ""UNION BLUE"", ""brand_kor"": ""유니온 블루"", ""brand_no"": 13510, ""category1"": ""남성의류"", ""category2"": ""상의"", ""category3"": ""긴소매 티셔츠"", ""category3_code"": 272103102, ""is_new"": false, ""item_no"": 4134340, ""period_sort"": ""ONE_DAY"", ""platform"": ""29cm"", ""ranking_category_code"": ""272103100"", ""ranking_category_name"": ""남성의류>상의"", ""review_avg"": 5.0, ""sale_percent"": 10, ""sale_price"": 70200, ""sold_out"": false, ""url"": ""https://product.29cm.co.kr/catalog/4134340""}",2026-10-10T01:00:29+00:00_fea744f1
2026-10-10T10:00:29+09:00,2026-10-10T01:00:31+00:00,commerce_rank,베이직 로고 긴팔 티셔츠 Dark Khaki (S26FMFTL10),29cm:4134523,heart_count,20.0,"{""brand_eng"": ""SNOWPEAK APPAREL"", ""brand_kor"": ""스노우피크 어패럴"", ""brand_no"": 13868, ""category1"": ""남성의류"", ""category2"": ""상의"", ""category3"": ""긴소매 티셔츠"", ""category3_code"": 272103102, ""is_new"": false, ""item_no"": 4134523, ""period_sort"": ""ONE_DAY"", ""platform"": ""29cm"", ""ranking_category_code"": ""272103100"", ""ranking_category_name"": ""남성의류>상의"", ""review_avg"": 5.0, ""sale_percent"": 5, ""sale_price"": 65550, ""sold_out"": false, ""url"": ""https://product.29cm.co.kr/catalog/4134523""}",2026-10-10T01:00:29+00:00_fea744f1
2026-10-10T10:00:29+09:00,2026-10-10T01:00:31+00:00,commerce_rank,베이직 로고 긴팔 티셔츠 Dark Khaki (S26FMFTL10),29cm:4134523,review_count,3.0,"{""brand_eng"": ""SNOWPEAK APPAREL"", ""brand_kor"": ""스노우피크 어패럴"", ""brand_no"": 13868, ""category1"": ""남성의류"", ""category2"": ""상의"", ""category3"": ""긴소매 티셔츠"", ""category3_code"": 272103102, ""is_new"": false, ""item_no"": 4134523, ""period_sort"": ""ONE_DAY"", ""platform"": ""29cm"", ""ranking_category_code"": ""272103100"", ""ranking_category_name"": ""남성의류>상의"", ""review_avg"": 5.0, ""sale_percent"": 5, ""sale_price"": 65550, ""sold_out"": false, ""url"": ""https://product.29cm.co.kr/catalog/4134523""}",2026-10-10T01:00:29+00:00_fea744f1
2026-10-10T10:00:29+09:00,2026-10-10T01:00:31+00:00,commerce_rank,베이직 로고 긴팔 티셔츠 Dark Khaki (S26FMFTL10),29cm:4134523@272103100,rank,78.0,"{""brand_eng"": ""SNOWPEAK APPAREL"", ""brand_kor"": ""스노우피크 어패럴"", ""brand_no"": 13868, ""category1"": ""남성의류"", ""category2"": ""상의"", ""category3"": ""긴소매 티셔츠"", ""category3_code"": 272103102, ""is_new"": false, ""item_no"": 4134523, ""period_sort"": ""ONE_DAY"", ""platform"": ""29cm"", ""ranking_category_code"": ""272103100"", ""ranking_category_name"": ""남성의류>상의"", ""review_avg"": 5.0, ""sale_percent"": 5, ""sale_price"": 65550, ""sold_out"": false, ""url"": ""https://product.29cm.co.kr/catalog/4134523""}",2026-10-10T01:00:29+00:00_fea744f1
2026-10-10T10:00:29+09:00,2026-10-10T01:00:29+00:00,commerce_rank,"[4th REORDER, 10/19 예약배송] LACE-DETAILED SLEEVELESS TOP (GREY)",29cm:4135019,heart_count,3942.0,"{""brand_eng"": ""LCDC TM"", ""brand_kor"": ""엘씨디씨 티엠"", ""brand_no"": 20882, ""category1"": ""여성의류"", ""category2"": ""상의"", ""category3"": ""긴소매 티셔츠"", ""category3_code"": 268103102, ""is_new"": false, ""item_no"": 4135019, ""period_sort"": ""ONE_DAY"", ""platform"": ""29cm"", ""ranking_category_code"": ""268103100"", ""ranking_category_name"": ""여성의류>상의"", ""review_avg"": 5.0, ""sale_percent"": 10, ""sale_price"": 116100, ""sold_out"": false, ""url"": ""https://product.29cm.co.kr/catalog/4135019""}",2026-10-10T01:00:29+00:00_fea744f1
2026-10-10T10:00:29+09:00,2026-10-10T01:00:29+00:00,commerce_rank,"[4th REORDER, 10/19 예약배송] LACE-DETAILED SLEEVELESS TOP (GREY)",29cm:4135019,review_count,23.0,"{""brand_eng"": ""LCDC TM"", ""brand_kor"": ""엘씨디씨 티엠"", ""brand_no"": 20882, ""category1"": ""여성의류"", ""category2"": ""상의"", ""category3"": ""긴소매 티셔츠"", ""category3_code"": 268103102, ""is_new"": false, ""item_no"": 4135019, ""period_sort"": ""ONE_DAY"", ""platform"": ""29cm"", ""ranking_category_code"": ""268103100"", ""ranking_category_name"": ""여성의류>상의"", ""review_avg"": 5.0, ""sale_percent"": 10, ""sale_price"": 116100, ""sold_out"": false, ""url"": ""https://product.29cm.co.kr/catalog/4135019""}",2026-10-10T01:00:29+00:00_fea744f1
2026-10-10T10:00:29+09:00,2026-10-10T01:00:29+00:00,commerce_rank,"[4th REORDER, 10/19 예약배송] LACE-DETAILED SLEEVELESS TOP (GREY)",29cm:4135019@268103100,rank,80.0,"{""brand_eng"": ""LCDC TM"", ""brand_kor"": ""엘씨디씨 티엠"", ""brand_no"": 20882, ""category1"": ""여성의류"", ""category2"": ""상의"", ""category3"": ""긴소매 티셔츠"", ""category3_code"": 268103102, ""is_new"": false, ""item_no"": 4135019, ""period_sort"": ""ONE_DAY"", ""platform"": ""29cm"", ""ranking_category_code"": ""268103100"", ""ranking_category_name"": ""여성의류>상의"", ""review_avg"": 5.0, ""sale_percent"": 10, ""sale_price"": 116100, ""sold_out"": false, ""url"": ""https://product.29cm.co.kr/catalog/4135019""}",2026-10-10T01:00:29+00:00_fea744f1
2026-10-10T10:00:29+09:00,2026-10-10T01:00:31+00:00,commerce_rank,Raw Edge Pocket Long Sleeve Melange Gray,29cm:4135206,heart_count,832.0,"{""brand_eng"": ""partimento"", ""brand_kor"": ""파르티멘토"", ""brand_no"": 1588, ""category1"": ""여성의류"", ""category2"": ""상의"", ""category3"": ""긴소매 티셔츠"", ""category3_code"": 268103102, ""is_new"": false, ""item_no"": 4135206, ""period_sort"": ""ONE_DAY"", ""platform"": ""29cm"", ""ranking_category_code"": ""272103100"", ""ranking_category_name"": ""남성의류>상의"", ""review_avg"": 4.5, ""sale_percent"": 28, ""sale_price"": 29610, ""sold_out"": false, ""url"": ""https://product.29cm.co.kr/catalog/4135206""}",2026-10-10T01:00:29+00:00_fea744f1
2026-10-10T10:00:29+09:00,2026-10-10T01:00:31+00:00,commerce_rank,Raw Edge Pocket Long Sleeve Melange Gray,29cm:4135206,review_count,30.0,"{""brand_eng"": ""partimento"", ""brand_kor"": ""파르티멘토"", ""brand_no"": 1588, ""category1"": ""여성의류"", ""category2"": ""상의"", ""category3"": ""긴소매 티셔츠"", ""category3_code"": 268103102, ""is_new"": false, ""item_no"": 4135206, ""period_sort"": ""ONE_DAY"", ""platform"": ""29cm"", ""ranking_category_code"": ""272103100"", ""ranking_category_name"": ""남성의류>상의"", ""review_avg"": 4.5, ""sale_percent"": 28, ""sale_price"": 29610, ""sold_out"": false, ""url"": ""https://product.29cm.co.kr/catalog/4135206""}",2026-10-10T01:00:29+00:00_fea744f1
2026-10-10T10:00:29+09:00,2026-10-10T01:00:31+00:00,commerce_rank,Raw Edge Pocket Long Sleeve Melange Gray,29cm:4135206@272103100,rank,68.0,"{""brand_eng"": ""partimento"", ""brand_kor"": ""파르티멘토"", ""brand_no"": 1588, ""category1"": ""여성의류"", ""category2"": ""상의"", ""category3"": ""긴소매 티셔츠"", ""category3_code"": 268103102, ""is_new"": false, ""item_no"": 4135206, ""period_sort"": ""ONE_DAY"", ""platform"": ""29cm"", ""ranking_category_code"": ""272103100"", ""ranking_category_name"": ""남성의류>상의"", ""review_avg"": 4.5, ""sale_percent"": 28, ""sale_price"": 29610, ""sold_out"": false, ""url"": ""https://product.29cm.co.kr/catalog/4135206""}",2026-10-10T01:00:29+00:00_fea744f1
2026-10-10T10:00:29+09:00,2026-10-10T01:00:31+00:00,commerce_rank,Raw Edge Pocket Long Sleeve Black,29cm:4135210,heart_count,238.0,"{""brand_eng"": ""partimento"", ""brand_kor"": ""파르티멘토"", ""brand_no"": 1588, ""category1"": ""여성의류"", ""category2"": ""상의"", ""category3"": ""긴소매 티셔츠"", ""category3_code"": 268103102, ""is_new"": false, ""item_no"": 4135210, ""period_sort"": ""ONE_DAY"", ""platform"": ""29cm"", ""ranking_category_code"": ""272103100"", ""ranking_category_name"": ""남성의류>상의"", ""review_avg"": 5.0, ""sale_percent"": 28, ""sale_price"": 29610, ""sold_out"": false, ""url"": ""https://product.29cm.co.kr/catalog/4135210""}",2026-10-10T01:00:29+00:00_fea744f1
2026-10-10T10:00:29+09:00,2026-10-10T01:00:31+00:00,commerce_rank,Raw Edge Pocket Long Sleeve Black,29cm:4135210,review_count,17.0,"{""brand_eng"": ""partimento"", ""brand_kor"": ""파르티멘토"", ""brand_no"": 1588, ""category1"": ""여성의류"", ""category2"": ""상의"", ""category3"": ""긴소매 티셔츠"", ""category3_code"": 268103102, ""is_new"": false, ""item_no"": 4135210, ""period_sort"": ""ONE_DAY"", ""platform"": ""29cm"", ""ranking_category_code"": ""272103100"", ""ranking_category_name"": ""남성의류>상의"", ""review_avg"": 5.0, ""sale_percent"": 28, ""sale_price"": 29610, ""sold_out"": false, ""url"": ""https://product.29cm.co.kr/catalog/4135210""}",2026-10-10T01:00:29+00:00_fea744f1
2026-10-10T10:00:29+09:00,2026-10-10T01:00:31+00:00,commerce_rank,Raw Edge Pocket Long Sleeve Black,29cm:4135210@272103100,rank,28.0,"{""brand_eng"": ""partimento"", ""brand_kor"": ""파르티멘토"", ""brand_no"": 1588, ""category1"": ""여성의류"", ""category2"": ""상의"", ""category3"": ""긴소매 티셔츠"", ""category3_code"": 268103102, ""is_new"": false, ""item_no"": 4135210, ""period_sort"": ""ONE_DAY"", ""platform"": ""29cm"", ""ranking_category_code"": ""272103100"", ""ranking_category_name"": ""남성의류>상의"", ""review_avg"": 5.0, ""sale_percent"": 28, ""sale_price"": 29610, ""sold_out"": false, ""url"": ""https://product.29cm.co.kr/catalog/4135210""}",2026-10-10T01:00:29+00:00_fea744f1
2026-10-10T10:00:29+09:00,2026-10-10T01:00:29+00:00,commerce_rank,[29CM 단독] (8차_10/13 순차배송) 데일리 레글런 티셔츠 (라벤더),29cm:4135750,heart_count,4109.0,"{""brand_eng"": ""FOREU"", ""brand_kor"": ""포르어"", ""brand_no"": 95874, ""category1"": ""여성의류"", ""category2"": ""상의"", ""category3"": ""긴소매 티셔츠"", ""category3_code"": 268103102, ""is_new"": false, ""item_no"": 4135750, ""period_sort"": ""ONE_DAY"", ""platform"": ""29cm"", ""ranking_category_code"": ""268103100"", ""ranking_category_name"": ""여성의류>상의"", ""review_avg"": 5.0, ""sale_percent"": 25, ""sale_price"": 48000, ""sold_out"": false, ""url"": ""https://product.29cm.co.kr/catalog/4135750""}",2026-10-10T01:00:29+00:00_fea744f1
2026-10-10T10:00:29+09:00,2026-10-10T01:00:29+00:00,commerce_rank,[29CM 단독] (8차_10/13 순차배송) 데일리 레글런 티셔츠 (라벤더),29cm:4135750,review_count,81.0,"{""brand_eng"": ""FOREU"", ""brand_kor"": ""포르어"", ""brand_no"": 95874, ""category1"": ""여성의류"", ""category2"": ""상의"", ""category3"": ""긴소매 티셔츠"", ""category3_code"": 268103102, ""is_new"": false, ""item_no"": 4135750, ""period_sort"": ""ONE_DAY"", ""platform"": ""29cm"", ""ranking_category_code"": ""268103100"", ""ranking_category_name"": ""여성의류>상의"", ""review_avg"": 5.0, ""sale_percent"": 25, ""sale_price"": 48000, ""sold_out"": false, ""url"": ""https://product.29cm.co.kr/catalog/4135750""}",2026-10-10T01:00:29+00:00_fea744f1
2026-10-10T10:00:29+09:00,2026-10-10T01:00:29+00:00,commerce_rank,[29CM 단독] (8차_10/13 순차배송) 데일리 레글런 티셔츠 (라벤더),29cm:4135750@268103100,rank,94.0,"{""brand_eng"": ""FOREU"", ""brand_kor"": ""포르어"", ""brand_no"": 95874, ""category1"": ""여성의류"", ""category2"": ""상의"", ""category3"": ""긴소매 티셔츠"", ""category3_code"": 268103102, ""is_new"": false, ""item_no"": 4135750, ""period_sort"": ""ONE_DAY"", ""platform"": ""29cm"", ""ranking_category_code"": ""268103100"", ""ranking_category_name"": ""여성의류>상의"", ""review_avg"": 5.0, ""sale_percent"": 25, ""sale_price"": 48000, ""sold_out"": false, ""url"": ""https://product.29cm.co.kr/catalog/4135750""}",2026-10-10T01:00:29+00:00_fea744f1
2026-10-10T10:00:29+09:00,2026-10-10T01:00:31+00:00,commerce_rank,멘즈 라이트웨이트 신칠라 스냅-티 풀오버 25551R7,29cm:4136312,heart_count,1120.0,"{""brand_eng"": ""PATAGONIA"", ""brand_kor"": ""파타고니아"", ""brand_no"": 34278, ""category1"": ""남성의류"", ""category2"": ""상의"", ""category3"": ""스웨트셔츠"", ""category3_code"": 272103107, ""is_new"": false, ""item_no"": 4136312, ""period_sort"": ""ONE_DAY"", ""platform"": ""29cm"", ""ranking_category_code"": ""272103100"", ""ranking_category_name"": ""남성의류>상의"", ""review_avg"": 5.0, ""sale_percent"": 5, ""sale_price"": 227050, ""sold_out"": false, ""url"": ""https://product.29cm.co.kr/catalog/4136312""}",2026-10-10T01:00:29+00:00_fea744f1
2026-10-10T10:00:29+09:00,2026-10-10T01:00:31+00:00,commerce_rank,멘즈 라이트웨이트 신칠라 스냅-티 풀오버 25551R7,29cm:4136312,review_count,9.0,"{""brand_eng"": ""PATAGONIA"", ""brand_kor"": ""파타고니아"", ""brand_no"": 34278, ""category1"": ""남성의류"", ""category2"": ""상의"", ""category3"": ""스웨트셔츠"", ""category3_code"": 272103107, ""is_new"": false, ""item_no"": 4136312, ""period_sort"": ""ONE_DAY"", ""platform"": ""29cm"", ""ranking_category_code"": ""272103100"", ""ranking_category_name"": ""남성의류>상의"", ""review_avg"": 5.0, ""sale_percent"": 5, ""sale_price"": 227050, ""sold_out"": false, ""url"": ""https://product.29cm.co.kr/catalog/4136312""}",2026-10-10T01:00:29+00:00_fea744f1
2026-10-10T10:00:29+09:00,2026-10-10T01:00:31+00:00,commerce_rank,멘즈 라이트웨이트 신칠라 스냅-티 풀오버 25551R7,29cm:4136312@272103100,rank,24.0,"{""brand_eng"": ""PATAGONIA"", ""brand_kor"": ""파타고니아"", ""brand_no"": 34278, ""category1"": ""남성의류"", ""category2"": ""상의"", ""category3"": ""스웨트셔츠"", ""category3_code"": 272103107, ""is_new"": false, ""item_no"": 4136312, ""period_sort"": ""ONE_DAY"", ""platform"": ""29cm"", ""ranking_category_code"": ""272103100"", ""ranking_category_name"": ""남성의류>상의"", ""review_avg"": 5.0, ""sale_percent"": 5, ""sale_price"": 227050, ""sold_out"": false, ""url"": ""https://product.29cm.co.kr/catalog/4136312""}",2026-10-10T01:00:29+00:00_fea744f1
2026-10-10T10:00:29+09:00,2026-10-10T01:00:29+00:00,commerce_rank,[1차 리오더] Sheer boatneck raglan t-shirt_4colors,29cm:4137017,heart_count,3168.0,"{""brand_eng"": ""URAGO"", ""brand_kor"": ""유라고"", ""brand_no"": 2221, ""category1"": ""여성의류"", ""category2"": ""상의"", ""category3"": ""긴소매 티셔츠"", ""category3_code"": 268103102, ""is_new"": false, ""item_no"": 4137017, ""period_sort"": ""ONE_DAY"", ""platform"": ""29cm"", ""ranking_category_code"": ""268103100"", ""ranking_category_name"": ""여성의류>상의"", ""review_avg"": 4.5, ""sale_percent"": 10, ""sale_price"": 52200, ""sold_out"": false, ""url"": ""https://product.29cm.co.kr/catalog/4137017""}",2026-10-10T01:00:29+00:00_fea744f1
2026-10-10T10:00:29+09:00,2026-10-10T01:00:29+00:00,commerce_rank,[1차 리오더] Sheer boatneck raglan t-shirt_4colors,29cm:4137017,review_count,23.0,"{""brand_eng"": ""URAGO"", ""brand_kor"": ""유라고"", ""brand_no"": 2221, ""category1"": ""여성의류"", ""category2"": ""상의"", ""category3"": ""긴소매 티셔츠"", ""category3_code"": 268103102, ""is_new"": false, ""item_no"": 4137017, ""period_sort"": ""ONE_DAY"", ""platform"": ""29cm"", ""ranking_category_code"": ""268103100"", ""ranking_category_name"": ""여성의류>상의"", ""review_avg"": 4.5, ""sale_percent"": 10, ""sale_price"": 52200, ""sold_out"": false, ""url"": ""https://product.29cm.co.kr/catalog/4137017""}",2026-10-10T01:00:29+00:00_fea744f1
2026-10-10T10:00:29+09:00,2026-10-10T01:00:29+00:00,commerce_rank,[1차 리오더] Sheer boatneck raglan t-shirt_4colors,29cm:4137017@268103100,rank,22.0,"{""brand_eng"": ""URAGO"", ""brand_kor"": ""유라고"", ""brand_no"": 2221, ""category1"": ""여성의류"", ""category2"": ""상의"", ""category3"": ""긴소매 티셔츠"", ""category3_code"": 268103102, ""is_new"": false, ""item_no"": 4137017, ""period_sort"": ""ONE_DAY"", ""platform"": ""29cm"", ""ranking_category_code"": ""268103100"", ""ranking_category_name"": ""여성의류>상의"", ""review_avg"": 4.5, ""sale_percent"": 10, ""sale_price"": 52200, ""sold_out"": false, ""url"": ""https://product.29cm.co.kr/catalog/4137017""}",2026-10-10T01:00:29+00:00_fea744f1
2026-10-10T10:00:29+09:00,2026-10-10T01:00:31+00:00,commerce_rank,남녀공용 오리진 헨리넥 무지 롱 슬리브 세미 크롭 긴팔 티셔츠_6colors,29cm:4142830,heart_count,71.0,"{""brand_eng"": ""NUARTSTUDIO"", ""brand_kor"": ""누아트스튜디오"", ""brand_no"": 21874, ""category1"": ""남성의류"", ""category2"": ""상의"", ""category3"": ""긴소매 티셔츠"", ""category3_code"": 272103102, ""is_new"": false, ""item_no"": 4142830, ""period_sort"": ""ONE_DAY"", ""platform"": ""29cm"", ""ranking_category_code"": ""272103100"", ""ranking_category_name"": ""남성의류>상의"", ""review_avg"": 3.0, ""sale_percent"": 70, ""sale_price"": 11920, ""sold_out"": false, ""url"": ""https://product.29cm.co.kr/catalog/4142830""}",2026-10-10T01:00:29+00:00_fea744f1
2026-10-10T10:00:29+09:00,2026-10-10T01:00:31+00:00,commerce_rank,남녀공용 오리진 헨리넥 무지 롱 슬리브 세미 크롭 긴팔 티셔츠_6colors,29cm:4142830,review_count,2.0,"{""brand_eng"": ""NUARTSTUDIO"", ""brand_kor"": ""누아트스튜디오"", ""brand_no"": 21874, ""category1"": ""남성의류"", ""category2"": ""상의"", ""category3"": ""긴소매 티셔츠"", ""category3_code"": 272103102, ""is_new"": false, ""item_no"": 4142830, ""period_sort"": ""ONE_DAY"", ""platform"": ""29cm"", ""ranking_category_code"": ""272103100"", ""ranking_category_name"": ""남성의류>상의"", ""review_avg"": 3.0, ""sale_percent"": 70, ""sale_price"": 11920, ""sold_out"": false, ""url"": ""https://product.29cm.co.kr/catalog/4142830""}",2026-10-10T01:00:29+00:00_fea744f1
2026-10-10T10:00:29+09:00,2026-10-10T01:00:31+00:00,commerce_rank,남녀공용 오리진 헨리넥 무지 롱 슬리브 세미 크롭 긴팔 티셔츠_6colors,29cm:4142830@272103100,rank,8.0,"{""brand_eng"": ""NUARTSTUDIO"", ""brand_kor"": ""누아트스튜디오"", ""brand_no"": 21874, ""category1"": ""남성의류"", ""category2"": ""상의"", ""category3"": ""긴소매 티셔츠"", ""category3_code"": 272103102, ""is_new"": false, ""item_no"": 4142830, ""period_sort"": ""ONE_DAY"", ""platform"": ""29cm"", ""ranking_category_code"": ""272103100"", ""ranking_category_name"": ""남성의류>상의"", ""review_avg"": 3.0, ""sale_percent"": 70, ""sale_price"": 11920, ""sold_out"": false, ""url"": ""https://product.29cm.co.kr/catalog/4142830""}",2026-10-10T01:00:29+00:00_fea744f1
2026-10-10T10:00:29+09:00,2026-10-10T01:00:29+00:00,commerce_rank,"[토모토모, 여울 PICK] 울 텐셀 라운드넥 긴팔 티셔츠 MDTS111_6 Colors",29cm:4147742,heart_count,871.0,"{""brand_eng"": ""MONGDOL"", ""brand_kor"": ""몽돌"", ""brand_no"": 10654, ""category1"": ""여성의류"", ""category2"": ""상의"", ""category3"": ""긴소매 티셔츠"", ""category3_code"": 268103102, ""is_new"": false, ""item_no"": 4147742, ""period_sort"": ""ONE_DAY"", ""platform"": ""29cm"", ""ranking_category_code"": ""268103100"", ""ranking_category_name"": ""여성의류>상의"", ""review_avg"": 5.0, ""sale_percent"": 36, ""sale_price"": 30920, ""sold_out"": false, ""url"": ""https://product.29cm.co.kr/catalog/4147742""}",2026-10-10T01:00:29+00:00_fea744f1
2026-10-10T10:00:29+09:00,2026-10-10T01:00:29+00:00,commerce_rank,"[토모토모, 여울 PICK] 울 텐셀 라운드넥 긴팔 티셔츠 MDTS111_6 Colors",29cm:4147742,review_count,10.0,"{""brand_eng"": ""MONGDOL"", ""brand_kor"": ""몽돌"", ""brand_no"": 10654, ""category1"": ""여성의류"", ""category2"": ""상의"", ""category3"": ""긴소매 티셔츠"", ""category3_code"": 268103102, ""is_new"": false, ""item_no"": 4147742, ""period_sort"": ""ONE_DAY"", ""platform"": ""29cm"", ""ranking_category_code"": ""268103100"", ""ranking_category_name"": ""여성의류>상의"", ""review_avg"": 5.0, ""sale_percent"": 36, ""sale_price"": 30920, ""sold_out"": false, ""url"": ""https://product.29cm.co.kr/catalog/4147742""}",2026-10-10T01:00:29+00:00_fea744f1
2026-10-10T10:00:29+09:00,2026-10-10T01:00:29+00:00,commerce_rank,"[토모토모, 여울 PICK] 울 텐셀 라운드넥 긴팔 티셔츠 MDTS111_6 Colors",29cm:4147742@268103100,rank,20.0,"{""brand_eng"": ""MONGDOL"", ""brand_kor"": ""몽돌"", ""brand_no"": 10654, ""category1"": ""여성의류"", ""category2"": ""상의"", ""category3"": ""긴소매 티셔츠"", ""category3_code"": 268103102, ""is_new"": false, ""item_no"": 4147742, ""period_sort"": ""ONE_DAY"", ""platform"": ""29cm"", ""ranking_category_code"": ""268103100"", ""ranking_category_name"": ""여성의류>상의"", ""review_avg"": 5.0, ""sale_percent"": 36, ""sale_price"": 30920, ""sold_out"": false, ""url"": ""https://product.29cm.co.kr/catalog/4147742""}",2026-10-10T01:00:29+00:00_fea744f1
2026-10-10T10:00:29+09:00,2026-10-10T01:00:29+00:00,commerce_rank,Ebb button overfit t-shirt (melange gray),29cm:4147832,heart_count,3011.0,"{""brand_eng"": ""RE_L"", ""brand_kor"": ""리엘"", ""brand_no"": 19781, ""category1"": ""여성의류"", ""category2"": ""상의"", ""category3"": ""긴소매 티셔츠"", ""category3_code"": 268103102, ""is_new"": false, ""item_no"": 4147832, ""period_sort"": ""ONE_DAY"", ""platform"": ""29cm"", ""ranking_category_code"": ""268103100"", ""ranking_category_name"": ""여성의류>상의"", ""review_avg"": 5.0, ""sale_percent"": 33, ""sale_price"": 53090, ""sold_out"": false, ""url"": ""https://product.29cm.co.kr/catalog/4147832""}",2026-10-10T01:00:29+00:00_fea744f1
2026-10-10T10:00:29+09:00,2026-10-10T01:00:29+00:00,commerce_rank,Ebb button overfit t-shirt (melange gray),29cm:4147832,review_count,4.0,"{""brand_eng"": ""RE_L"", ""brand_kor"": ""리엘"", ""brand_no"": 19781, ""category1"": ""여성의류"", ""category2"": ""상의"", ""category3"": ""긴소매 티셔츠"", ""category3_code"": 268103102, ""is_new"": false, ""item_no"": 4147832, ""period_sort"": ""ONE_DAY"", ""platform"": ""29cm"", ""ranking_category_code"": ""268103100"", ""ranking_category_name"": ""여성의류>상의"", ""review_avg"": 5.0, ""sale_percent"": 33, ""sale_price"": 53090, ""sold_out"": false, ""url"": ""https://product.29cm.co.kr/catalog/4147832""}",2026-10-10T01:00:29+00:00_fea744f1
2026-10-10T10:00:29+09:00,2026-10-10T01:00:29+00:00,commerce_rank,Ebb button overfit t-shirt (melange gray),29cm:4147832@268103100,rank,71.0,"{""brand_eng"": ""RE_L"", ""brand_kor"": ""리엘"", ""brand_no"": 19781, ""category1"": ""여성의류"", ""category2"": ""상의"", ""category3"": ""긴소매 티셔츠"", ""category3_code"": 268103102, ""is_new"": false, ""item_no"": 4147832, ""period_sort"": ""ONE_DAY"", ""platform"": ""29cm"", ""ranking_category_code"": ""268103100"", ""ranking_category_name"": ""여성의류>상의"", ""review_avg"": 5.0, ""sale_percent"": 33, ""sale_price"": 53090, ""sold_out"": false, ""url"": ""https://product.29cm.co.kr/catalog/4147832""}",2026-10-10T01:00:29+00:00_fea744f1
2026-10-10T10:00:29+09:00,2026-10-10T01:00:31+00:00,commerce_rank,Everyday Classic Check Shirts (Navy),29cm:4149637,heart_count,462.0,"{""brand_eng"": ""HAVE HAD"", ""brand_kor"": ""해브해드"", ""brand_no"": 2910, ""category1"": ""남성의류"", ""category2"": ""상의"", ""category3"": ""긴소매 셔츠"", ""category3_code"": 272103106, ""is_new"": false, ""item_no"": 4149637, ""period_sort"": ""ONE_DAY"", ""platform"": ""29cm"", ""ranking_category_code"": ""272103100"", ""ranking_category_name"": ""남성의류>상의"", ""review_avg"": 5.0, ""sale_percent"": 14, ""sale_price"": 76100, ""sold_out"": false, ""url"": ""https://product.29cm.co.kr/catalog/4149637""}",2026-10-10T01:00:29+00:00_fea744f1
2026-10-10T10:00:29+09:00,2026-10-10T01:00:31+00:00,commerce_rank,Everyday Classic Check Shirts (Navy),29cm:4149637,review_count,7.0,"{""brand_eng"": ""HAVE HAD"", ""brand_kor"": ""해브해드"", ""brand_no"": 2910, ""category1"": ""남성의류"", ""category2"": ""상의"", ""category3"": ""긴소매 셔츠"", ""category3_code"": 272103106, ""is_new"": false, ""item_no"": 4149637, ""period_sort"": ""ONE_DAY"", ""platform"": ""29cm"", ""ranking_category_code"": ""272103100"", ""ranking_category_name"": ""남성의류>상의"", ""review_avg"": 5.0, ""sale_percent"": 14, ""sale_price"": 76100, ""sold_out"": false, ""url"": ""https://product.29cm.co.kr/catalog/4149637""}",2026-10-10T01:00:29+00:00_fea744f1
2026-10-10T10:00:29+09:00,2026-10-10T01:00:31+00:00,commerce_rank,Everyday Classic Check Shirts (Navy),29cm:4149637@272103100,rank,38.0,"{""brand_eng"": ""HAVE HAD"", ""brand_kor"": ""해브해드"", ""brand_no"": 2910, ""category1"": ""남성의류"", ""category2"": ""상의"", ""category3"": ""긴소매 셔츠"", ""category3_code"": 272103106, ""is_new"": false, ""item_no"": 4149637, ""period_sort"": ""ONE_DAY"", ""platform"": ""29cm"", ""ranking_category_code"": ""272103100"", ""ranking_category_name"": ""남성의류>상의"", ""review_avg"": 5.0, ""sale_percent"": 14, ""sale_price"": 76100, ""sold_out"": false, ""url"": ""https://product.29cm.co.kr/catalog/4149637""}",2026-10-10T01:00:29+00:00_fea744f1
2026-10-10T10:00:29+09:00,2026-10-10T01:00:31+00:00,commerce_rank,LOGO AIR LONG SLEEVE (Cream),29cm:4149649,heart_count,32.0,"{""brand_eng"": ""CAYL"", ""brand_kor"": ""케일"", ""brand_no"": 8928, ""category1"": ""남성의류"", ""category2"": ""상의"", ""category3"": ""반소매 티셔츠"", ""category3_code"": 272103101, ""is_new"": false, ""item_no"": 4149649, ""period_sort"": ""ONE_DAY"", ""platform"": ""29cm"", ""ranking_category_code"": ""272103100"", ""ranking_category_name"": ""남성의류>상의"", ""review_avg"": 5.0, ""sale_percent"": 10, ""sale_price"": 58500, ""sold_out"": false, ""url"": ""https://product.29cm.co.kr/catalog/4149649""}",2026-10-10T01:00:29+00:00_fea744f1
2026-10-10T10:00:29+09:00,2026-10-10T01:00:31+00:00,commerce_rank,LOGO AIR LONG SLEEVE (Cream),29cm:4149649,review_count,5.0,"{""brand_eng"": ""CAYL"", ""brand_kor"": ""케일"", ""brand_no"": 8928, ""category1"": ""남성의류"", ""category2"": ""상의"", ""category3"": ""반소매 티셔츠"", ""category3_code"": 272103101, ""is_new"": false, ""item_no"": 4149649, ""period_sort"": ""ONE_DAY"", ""platform"": ""29cm"", ""ranking_category_code"": ""272103100"", ""ranking_category_name"": ""남성의류>상의"", ""review_avg"": 5.0, ""sale_percent"": 10, ""sale_price"": 58500, ""sold_out"": false, ""url"": ""https://product.29cm.co.kr/catalog/4149649""}",2026-10-10T01:00:29+00:00_fea744f1
2026-10-10T10:00:29+09:00,2026-10-10T01:00:31+00:00,commerce_rank,LOGO AIR LONG SLEEVE (Cream),29cm:4149649@272103100,rank,73.0,"{""brand_eng"": ""CAYL"", ""brand_kor"": ""케일"", ""brand_no"": 8928, ""category1"": ""남성의류"", ""category2"": ""상의"", ""category3"": ""반소매 티셔츠"", ""category3_code"": 272103101, ""is_new"": false, ""item_no"": 4149649, ""period_sort"": ""ONE_DAY"", ""platform"": ""29cm"", ""ranking_category_code"": ""272103100"", ""ranking_category_name"": ""남성의류>상의"", ""review_avg"": 5.0, ""sale_percent"": 10, ""sale_price"": 58500, ""sold_out"": false, ""url"": ""https://product.29cm.co.kr/catalog/4149649""}",2026-10-10T01:00:29+00:00_fea744f1
2026-10-10T10:00:29+09:00,2026-10-10T01:00:31+00:00,commerce_rank,LOGO AIR LONG SLEEVE (Red Bean),29cm:4149650,heart_count,68.0,"{""brand_eng"": ""CAYL"", ""brand_kor"": ""케일"", ""brand_no"": 8928, ""category1"": ""남성의류"", ""category2"": ""상의"", ""category3"": ""반소매 티셔츠"", ""category3_code"": 272103101, ""is_new"": false, ""item_no"": 4149650, ""period_sort"": ""ONE_DAY"", ""platform"": ""29cm"", ""ranking_category_code"": ""272103100"", ""ranking_category_name"": ""남성의류>상의"", ""review_avg"": 5.0, ""sale_percent"": 10, ""sale_price"": 58500, ""sold_out"": false, ""url"": ""https://product.29cm.co.kr/catalog/4149650""}",2026-10-10T01:00:29+00:00_fea744f1
2026-10-10T10:00:29+09:00,2026-10-10T01:00:31+00:00,commerce_rank,LOGO AIR LONG SLEEVE (Red Bean),29cm:4149650,review_count,5.0,"{""brand_eng"": ""CAYL"", ""brand_kor"": ""케일"", ""brand_no"": 8928, ""category1"": ""남성의류"", ""category2"": ""상의"", ""category3"": ""반소매 티셔츠"", ""category3_code"": 272103101, ""is_new"": false, ""item_no"": 4149650, ""period_sort"": ""ONE_DAY"", ""platform"": ""29cm"", ""ranking_category_code"": ""272103100"", ""ranking_category_name"": ""남성의류>상의"", ""review_avg"": 5.0, ""sale_percent"": 10, ""sale_price"": 58500, ""sold_out"": false, ""url"": ""https://product.29cm.co.kr/catalog/4149650""}",2026-10-10T01:00:29+00:00_fea744f1
2026-10-10T10:00:29+09:00,2026-10-10T01:00:31+00:00,commerce_rank,LOGO AIR LONG SLEEVE (Red Bean),29cm:4149650@272103100,rank,30.0,"{""brand_eng"": ""CAYL"", ""brand_kor"": ""케일"", ""brand_no"": 8928, ""category1"": ""남성의류"", ""category2"": ""상의"", ""category3"": ""반소매 티셔츠"", ""category3_code"": 272103101, ""is_new"": false, ""item_no"": 4149650, ""period_sort"": ""ONE_DAY"", ""platform"": ""29cm"", ""ranking_category_code"": ""272103100"", ""ranking_category_name"": ""남성의류>상의"", ""review_avg"": 5.0, ""sale_percent"": 10, ""sale_price"": 58500, ""sold_out"": false, ""url"": ""https://product.29cm.co.kr/catalog/4149650""}",2026-10-10T01:00:29+00:00_fea744f1
2026-10-10T10:00:29+09:00,2026-10-10T01:00:29+00:00,commerce_rank,[주미니 Pick]Raglan oversized modal tee [TIFA06LT06]_Navy,29cm:4149711,heart_count,4488.0,"{""brand_eng"": ""TILLIDIE"", ""brand_kor"": ""틸아이다이"", ""brand_no"": 3421, ""category1"": ""여성의류"", ""category2"": ""상의"", ""category3"": ""긴소매 티셔츠"", ""category3_code"": 268103102, ""is_new"": false, ""item_no"": 4149711, ""period_sort"": ""ONE_DAY"", ""platform"": ""29cm"", ""ranking_category_code"": ""268103100"", ""ranking_category_name"": ""여성의류>상의"", ""review_avg"": 5.0, ""sale_percent"": 17, ""sale_price"": 63310, ""sold_out"": false, ""url"": ""https://product.29cm.co.kr/catalog/4149711""}",2026-10-10T01:00:29+00:00_fea744f1
2026-10-10T10:00:29+09:00,2026-10-10T01:00:29+00:00,commerce_rank,[주미니 Pick]Raglan oversized modal tee [TIFA06LT06]_Navy,29cm:4149711,review_count,129.0,"{""brand_eng"": ""TILLIDIE"", ""brand_kor"": ""틸아이다이"", ""brand_no"": 3421, ""category1"": ""여성의류"", ""category2"": ""상의"", ""category3"": ""긴소매 티셔츠"", ""category3_code"": 268103102, ""is_new"": false, ""item_no"": 4149711, ""period_sort"": ""ONE_DAY"", ""platform"": ""29cm"", ""ranking_category_code"": ""268103100"", ""ranking_category_name"": ""여성의류>상의"", ""review_avg"": 5.0, ""sale_percent"": 17, ""sale_price"": 63310, ""sold_out"": false, ""url"": ""https://product.29cm.co.kr/catalog/4149711""}",2026-10-10T01:00:29+00:00_fea744f1
2026-10-10T10:00:29+09:00,2026-10-10T01:00:29+00:00,commerce_rank,[주미니 Pick]Raglan oversized modal tee [TIFA06LT06]_Navy,29cm:4149711@268103100,rank,30.0,"{""brand_eng"": ""TILLIDIE"", ""brand_kor"": ""틸아이다이"", ""brand_no"": 3421, ""category1"": ""여성의류"", ""category2"": ""상의"", ""category3"": ""긴소매 티셔츠"", ""category3_code"": 268103102, ""is_new"": false, ""item_no"": 4149711, ""period_sort"": ""ONE_DAY"", ""platform"": ""29cm"", ""ranking_category_code"": ""268103100"", ""ranking_category_name"": ""여성의류>상의"", ""review_avg"": 5.0, ""sale_percent"": 17, ""sale_price"": 63310, ""sold_out"": false, ""url"": ""https://product.29cm.co.kr/catalog/4149711""}",2026-10-10T01:00:29+00:00_fea744f1
2026-10-10T10:00:29+09:00,2026-10-10T01:00:29+00:00,commerce_rank,[4차 재입고] 로우엣지 래글런 롱슬리브 티셔츠_퍼플,29cm:4150333,heart_count,2877.0,"{""brand_eng"": ""URBANDTYPE"", ""brand_kor"": ""어반디타입"", ""brand_no"": 2295, ""category1"": ""여성의류"", ""category2"": ""상의"", ""category3"": ""긴소매 티셔츠"", ""category3_code"": 268103102, ""is_new"": false, ""item_no"": 4150333, ""period_sort"": ""ONE_DAY"", ""platform"": ""29cm"", ""ranking_category_code"": ""268103100"", ""ranking_category_name"": ""여성의류>상의"", ""review_avg"": 4.5, ""sale_percent"": 19, ""sale_price"": 31500, ""sold_out"": false, ""url"": ""https://product.29cm.co.kr/catalog/4150333""}",2026-10-10T01:00:29+00:00_fea744f1
2026-10-10T10:00:29+09:00,2026-10-10T01:00:29+00:00,commerce_rank,[4차 재입고] 로우엣지 래글런 롱슬리브 티셔츠_퍼플,29cm:4150333,review_count,8.0,"{""brand_eng"": ""URBANDTYPE"", ""brand_kor"": ""어반디타입"", ""brand_no"": 2295, ""category1"": ""여성의류"", ""category2"": ""상의"", ""category3"": ""긴소매 티셔츠"", ""category3_code"": 268103102, ""is_new"": false, ""item_no"": 4150333, ""period_sort"": ""ONE_DAY"", ""platform"": ""29cm"", ""ranking_category_code"": ""268103100"", ""ranking_category_name"": ""여성의류>상의"", ""review_avg"": 4.5, ""sale_percent"": 19, ""sale_price"": 31500, ""sold_out"": false, ""url"": ""https://product.29cm.co.kr/catalog/4150333""}",2026-10-10T01:00:29+00:00_fea744f1
2026-10-10T10:00:29+09:00,2026-10-10T01:00:29+00:00,commerce_rank,[4차 재입고] 로우엣지 래글런 롱슬리브 티셔츠_퍼플,29cm:4150333@268103100,rank,75.0,"{""brand_eng"": ""URBANDTYPE"", ""brand_kor"": ""어반디타입"", ""brand_no"": 2295, ""category1"": ""여성의류"", ""category2"": ""상의"", ""category3"": ""긴소매 티셔츠"", ""category3_code"": 268103102, ""is_new"": false, ""item_no"": 4150333, ""period_sort"": ""ONE_DAY"", ""platform"": ""29cm"", ""ranking_category_code"": ""268103100"", ""ranking_category_name"": ""여성의류>상의"", ""review_avg"": 4.5, ""sale_percent"": 19, ""sale_price"": 31500, ""sold_out"": false, ""url"": ""https://product.29cm.co.kr/catalog/4150333""}",2026-10-10T01:00:29+00:00_fea744f1
2026-10-10T10:00:29+09:00,2026-10-10T01:00:29+00:00,commerce_rank,[4차 재입고] 로우엣지 래글런 롱슬리브 티셔츠_라이트 그레이,29cm:4150335,heart_count,1148.0,"{""brand_eng"": ""URBANDTYPE"", ""brand_kor"": ""어반디타입"", ""brand_no"": 2295, ""category1"": ""여성의류"", ""category2"": ""상의"", ""category3"": ""긴소매 티셔츠"", ""category3_code"": 268103102, ""is_new"": false, ""item_no"": 4150335, ""period_sort"": ""ONE_DAY"", ""platform"": ""29cm"", ""ranking_category_code"": ""268103100"", ""ranking_category_name"": ""여성의류>상의"", ""review_avg"": 5.0, ""sale_percent"": 19, ""sale_price"": 31500, ""sold_out"": false, ""url"": ""https://product.29cm.co.kr/catalog/4150335""}",2026-10-10T01:00:29+00:00_fea744f1
2026-10-10T10:00:29+09:00,2026-10-10T01:00:29+00:00,commerce_rank,[4차 재입고] 로우엣지 래글런 롱슬리브 티셔츠_라이트 그레이,29cm:4150335,review_count,17.0,"{""brand_eng"": ""URBANDTYPE"", ""brand_kor"": ""어반디타입"", ""brand_no"": 2295, ""category1"": ""여성의류"", ""category2"": ""상의"", ""category3"": ""긴소매 티셔츠"", ""category3_code"": 268103102, ""is_new"": false, ""item_no"": 4150335, ""period_sort"": ""ONE_DAY"", ""platform"": ""29cm"", ""ranking_category_code"": ""268103100"", ""ranking_category_name"": ""여성의류>상의"", ""review_avg"": 5.0, ""sale_percent"": 19, ""sale_price"": 31500, ""sold_out"": false, ""url"": ""https://product.29cm.co.kr/catalog/4150335""}",2026-10-10T01:00:29+00:00_fea744f1
2026-10-10T10:00:29+09:00,2026-10-10T01:00:29+00:00,commerce_rank,[4차 재입고] 로우엣지 래글런 롱슬리브 티셔츠_라이트 그레이,29cm:4150335@268103100,rank,77.0,"{""brand_eng"": ""URBANDTYPE"", ""brand_kor"": ""어반디타입"", ""brand_no"": 2295, ""category1"": ""여성의류"", ""category2"": ""상의"", ""category3"": ""긴소매 티셔츠"", ""category3_code"": 268103102, ""is_new"": false, ""item_no"": 4150335, ""period_sort"": ""ONE_DAY"", ""platform"": ""29cm"", ""ranking_category_code"": ""268103100"", ""ranking_category_name"": ""여성의류>상의"", ""review_avg"": 5.0, ""sale_percent"": 19, ""sale_price"": 31500, ""sold_out"": false, ""url"": ""https://product.29cm.co.kr/catalog/4150335""}",2026-10-10T01:00:29+00:00_fea744f1
2026-10-10T10:00:29+09:00,2026-10-10T01:00:29+00:00,commerce_rank,[7부/오버핏] Vintage Essential Raglan Tee,29cm:4152302,heart_count,17292.0,"{""brand_eng"": ""BITTERCELLS"", ""brand_kor"": ""비터셀즈"", ""brand_no"": 15063, ""category1"": ""여성의류"", ""category2"": ""상의"", ""category3"": ""긴소매 티셔츠"", ""category3_code"": 268103102, ""is_new"": false, ""item_no"": 4152302, ""period_sort"": ""ONE_DAY"", ""platform"": ""29cm"", ""ranking_category_code"": ""268103100"", ""ranking_category_name"": ""여성의류>상의"", ""review_avg"": 4.5, ""sale_percent"": 21, ""sale_price"": 34850, ""sold_out"": false, ""url"": ""https://product.29cm.co.kr/catalog/4152302""}",2026-10-10T01:00:29+00:00_fea744f1
2026-10-10T10:00:29+09:00,2026-10-10T01:00:29+00:00,commerce_rank,[7부/오버핏] Vintage Essential Raglan Tee,29cm:4152302,review_count,425.0,"{""brand_eng"": ""BITTERCELLS"", ""brand_kor"": ""비터셀즈"", ""brand_no"": 15063, ""category1"": ""여성의류"", ""category2"": ""상의"", ""category3"": ""긴소매 티셔츠"", ""category3_code"": 268103102, ""is_new"": false, ""item_no"": 4152302, ""period_sort"": ""ONE_DAY"", ""platform"": ""29cm"", ""ranking_category_code"": ""268103100"", ""ranking_category_name"": ""여성의류>상의"", ""review_avg"": 4.5, ""sale_percent"": 21, ""sale_price"": 34850, ""sold_out"": false, ""url"": ""https://product.29cm.co.kr/catalog/4152302""}",2026-10-10T01:00:29+00:00_fea744f1
2026-10-10T10:00:29+09:00,2026-10-10T01:00:29+00:00,commerce_rank,[7부/오버핏] Vintage Essential Raglan Tee,29cm:4152302@268103100,rank,3.0,"{""brand_eng"": ""BITTERCELLS"", ""brand_kor"": ""비터셀즈"", ""brand_no"": 15063, ""category1"": ""여성의류"", ""category2"": ""상의"", ""category3"": ""긴소매 티셔츠"", ""category3_code"": 268103102, ""is_new"": false, ""item_no"": 4152302, ""period_sort"": ""ONE_DAY"", ""platform"": ""29cm"", ""ranking_category_code"": ""268103100"", ""ranking_category_name"": ""여성의류>상의"", ""review_avg"": 4.5, ""sale_percent"": 21, ""sale_price"": 34850, ""sold_out"": false, ""url"": ""https://product.29cm.co.kr/catalog/4152302""}",2026-10-10T01:00:29+00:00_fea744f1
2026-10-10T10:00:29+09:00,2026-10-10T01:00:29+00:00,commerce_rank,[3차] Waffle henley neck t-shirt (3colors),29cm:4163816,heart_count,1239.0,"{""brand_eng"": ""BLUE BRICK"", ""brand_kor"": ""블루브릭"", ""brand_no"": 13213, ""category1"": ""여성의류"", ""category2"": ""상의"", ""category3"": ""긴소매 티셔츠"", ""category3_code"": 268103102, ""is_new"": false, ""item_no"": 4163816, ""period_sort"": ""ONE_DAY"", ""platform"": ""29cm"", ""ranking_category_code"": ""268103100"", ""ranking_category_name"": ""여성의류>상의"", ""review_avg"": 5.0, ""sale_percent"": 10, ""sale_price"": 64800, ""sold_out"": false, ""url"": ""https://product.29cm.co.kr/catalog/4163816""}",2026-10-10T01:00:29+00:00_fea744f1
2026-10-10T10:00:29+09:00,2026-10-10T01:00:29+00:00,commerce_rank,[3차] Waffle henley neck t-shirt (3colors),29cm:4163816,review_count,14.0,"{""brand_eng"": ""BLUE BRICK"", ""brand_kor"": ""블루브릭"", ""brand_no"": 13213, ""category1"": ""여성의류"", ""category2"": ""상의"", ""category3"": ""긴소매 티셔츠"", ""category3_code"": 268103102, ""is_new"": false, ""item_no"": 4163816, ""period_sort"": ""ONE_DAY"", ""platform"": ""29cm"", ""ranking_category_code"": ""268103100"", ""ranking_category_name"": ""여성의류>상의"", ""review_avg"": 5.0, ""sale_percent"": 10, ""sale_price"": 64800, ""sold_out"": false, ""url"": ""https://product.29cm.co.kr/catalog/4163816""}",2026-10-10T01:00:29+00:00_fea744f1
2026-10-10T10:00:29+09:00,2026-10-10T01:00:29+00:00,commerce_rank,[3차] Waffle henley neck t-shirt (3colors),29cm:4163816@268103100,rank,99.0,"{""brand_eng"": ""BLUE BRICK"", ""brand_kor"": ""블루브릭"", ""brand_no"": 13213, ""category1"": ""여성의류"", ""category2"": ""상의"", ""category3"": ""긴소매 티셔츠"", ""category3_code"": 268103102, ""is_new"": false, ""item_no"": 4163816, ""period_sort"": ""ONE_DAY"", ""platform"": ""29cm"", ""ranking_category_code"": ""268103100"", ""ranking_category_name"": ""여성의류>상의"", ""review_avg"": 5.0, ""sale_percent"": 10, ""sale_price"": 64800, ""sold_out"": false, ""url"": ""https://product.29cm.co.kr/catalog/4163816""}",2026-10-10T01:00:29+00:00_fea744f1
2026-10-10T10:00:29+09:00,2026-10-10T01:00:29+00:00,commerce_rank,[8th] 200 Base 3/4 tee (v-neck ver.)(5 color),29cm:4165065,heart_count,2900.0,"{""brand_eng"": ""FOETO"", ""brand_kor"": ""포에토"", ""brand_no"": 53520, ""category1"": ""여성의류"", ""category2"": ""상의"", ""category3"": ""반소매 티셔츠"", ""category3_code"": 268103101, ""is_new"": false, ""item_no"": 4165065, ""period_sort"": ""ONE_DAY"", ""platform"": ""29cm"", ""ranking_category_code"": ""268103100"", ""ranking_category_name"": ""여성의류>상의"", ""review_avg"": 5.0, ""sale_percent"": 19, ""sale_price"": 33210, ""sold_out"": false, ""url"": ""https://product.29cm.co.kr/catalog/4165065""}",2026-10-10T01:00:29+00:00_fea744f1
2026-10-10T10:00:29+09:00,2026-10-10T01:00:29+00:00,commerce_rank,[8th] 200 Base 3/4 tee (v-neck ver.)(5 color),29cm:4165065,review_count,36.0,"{""brand_eng"": ""FOETO"", ""brand_kor"": ""포에토"", ""brand_no"": 53520, ""category1"": ""여성의류"", ""category2"": ""상의"", ""category3"": ""반소매 티셔츠"", ""category3_code"": 268103101, ""is_new"": false, ""item_no"": 4165065, ""period_sort"": ""ONE_DAY"", ""platform"": ""29cm"", ""ranking_category_code"": ""268103100"", ""ranking_category_name"": ""여성의류>상의"", ""review_avg"": 5.0, ""sale_percent"": 19, ""sale_price"": 33210, ""sold_out"": false, ""url"": ""https://product.29cm.co.kr/catalog/4165065""}",2026-10-10T01:00:29+00:00_fea744f1
2026-10-10T10:00:29+09:00,2026-10-10T01:00:29+00:00,commerce_rank,[8th] 200 Base 3/4 tee (v-neck ver.)(5 color),29cm:4165065@268103100,rank,13.0,"{""brand_eng"": ""FOETO"", ""brand_kor"": ""포에토"", ""brand_no"": 53520, ""category1"": ""여성의류"", ""category2"": ""상의"", ""category3"": ""반소매 티셔츠"", ""category3_code"": 268103101, ""is_new"": false, ""item_no"": 4165065, ""period_sort"": ""ONE_DAY"", ""platform"": ""29cm"", ""ranking_category_code"": ""268103100"", ""ranking_category_name"": ""여성의류>상의"", ""review_avg"": 5.0, ""sale_percent"": 19, ""sale_price"": 33210, ""sold_out"": false, ""url"": ""https://product.29cm.co.kr/catalog/4165065""}",2026-10-10T01:00:29+00:00_fea744f1
2026-10-10T10:00:29+09:00,2026-10-10T01:00:29+00:00,commerce_rank,[7th] 200 Base 3/4 tee (boatneck ver.)(5 color),29cm:4165076,heart_count,1656.0,"{""brand_eng"": ""FOETO"", ""brand_kor"": ""포에토"", ""brand_no"": 53520, ""category1"": ""여성의류"", ""category2"": ""상의"", ""category3"": ""반소매 티셔츠"", ""category3_code"": 268103101, ""is_new"": false, ""item_no"": 4165076, ""period_sort"": ""ONE_DAY"", ""platform"": ""29cm"", ""ranking_category_code"": ""268103100"", ""ranking_category_name"": ""여성의류>상의"", ""review_avg"": 5.0, ""sale_percent"": 19, ""sale_price"": 33210, ""sold_out"": false, ""url"": ""https://product.29cm.co.kr/catalog/4165076""}",2026-10-10T01:00:29+00:00_fea744f1
2026-10-10T10:00:29+09:00,2026-10-10T01:00:29+00:00,commerce_rank,[7th] 200 Base 3/4 tee (boatneck ver.)(5 color),29cm:4165076,review_count,49.0,"{""brand_eng"": ""FOETO"", ""brand_kor"": ""포에토"", ""brand_no"": 53520, ""category1"": ""여성의류"", ""category2"": ""상의"", ""category3"": ""반소매 티셔츠"", ""category3_code"": 268103101, ""is_new"": false, ""item_no"": 4165076, ""period_sort"": ""ONE_DAY"", ""platform"": ""29cm"", ""ranking_category_code"": ""268103100"", ""ranking_category_name"": ""여성의류>상의"", ""review_avg"": 5.0, ""sale_percent"": 19, ""sale_price"": 33210, ""sold_out"": false, ""url"": ""https://product.29cm.co.kr/catalog/4165076""}",2026-10-10T01:00:29+00:00_fea744f1
2026-10-10T10:00:29+09:00,2026-10-10T01:00:29+00:00,commerce_rank,[7th] 200 Base 3/4 tee (boatneck ver.)(5 color),29cm:4165076@268103100,rank,87.0,"{""brand_eng"": ""FOETO"", ""brand_kor"": ""포에토"", ""brand_no"": 53520, ""category1"": ""여성의류"", ""category2"": ""상의"", ""category3"": ""반소매 티셔츠"", ""category3_code"": 268103101, ""is_new"": false, ""item_no"": 4165076, ""period_sort"": ""ONE_DAY"", ""platform"": ""29cm"", ""ranking_category_code"": ""268103100"", ""ranking_category_name"": ""여성의류>상의"", ""review_avg"": 5.0, ""sale_percent"": 19, ""sale_price"": 33210, ""sold_out"": false, ""url"": ""https://product.29cm.co.kr/catalog/4165076""}",2026-10-10T01:00:29+00:00_fea744f1
2026-10-10T10:00:29+09:00,2026-10-10T01:00:29+00:00,commerce_rank,[8th] Index wrinkle top (scarf set) - charcoal,29cm:4165674,heart_count,1246.0,"{""brand_eng"": ""FOETO"", ""brand_kor"": ""포에토"", ""brand_no"": 53520, ""category1"": ""여성의류"", ""category2"": ""상의"", ""category3"": ""블라우스"", ""category3_code"": 268103107, ""is_new"": false, ""item_no"": 4165674, ""period_sort"": ""ONE_DAY"", ""platform"": ""29cm"", ""ranking_category_code"": ""268103100"", ""ranking_category_name"": ""여성의류>상의"", ""review_avg"": 5.0, ""sale_percent"": 19, ""sale_price"": 63990, ""sold_out"": false, ""url"": ""https://product.29cm.co.kr/catalog/4165674""}",2026-10-10T01:00:29+00:00_fea744f1
2026-10-10T10:00:29+09:00,2026-10-10T01:00:29+00:00,commerce_rank,[8th] Index wrinkle top (scarf set) - charcoal,29cm:4165674,review_count,8.0,"{""brand_eng"": ""FOETO"", ""brand_kor"": ""포에토"", ""brand_no"": 53520, ""category1"": ""여성의류"", ""category2"": ""상의"", ""category3"": ""블라우스"", ""category3_code"": 268103107, ""is_new"": false, ""item_no"": 4165674, ""period_sort"": ""ONE_DAY"", ""platform"": ""29cm"", ""ranking_category_code"": ""268103100"", ""ranking_category_name"": ""여성의류>상의"", ""review_avg"": 5.0, ""sale_percent"": 19, ""sale_price"": 63990, ""sold_out"": false, ""url"": ""https://product.29cm.co.kr/catalog/4165674""}",2026-10-10T01:00:29+00:00_fea744f1
2026-10-10T10:00:29+09:00,2026-10-10T01:00:29+00:00,commerce_rank,[8th] Index wrinkle top (scarf set) - charcoal,29cm:4165674@268103100,rank,61.0,"{""brand_eng"": ""FOETO"", ""brand_kor"": ""포에토"", ""brand_no"": 53520, ""category1"": ""여성의류"", ""category2"": ""상의"", ""category3"": ""블라우스"", ""category3_code"": 268103107, ""is_new"": false, ""item_no"": 4165674, ""period_sort"": ""ONE_DAY"", ""platform"": ""29cm"", ""ranking_category_code"": ""268103100"", ""ranking_category_name"": ""여성의류>상의"", ""review_avg"": 5.0, ""sale_percent"": 19, ""sale_price"": 63990, ""sold_out"": false, ""url"": ""https://product.29cm.co.kr/catalog/4165674""}",2026-10-10T01:00:29+00:00_fea744f1
2026-10-10T10:00:29+09:00,2026-10-10T01:00:29+00:00,commerce_rank,[2차]Frill Pintuck Blouse _Cream,29cm:4170796,heart_count,2033.0,"{""brand_eng"": ""SLIE"", ""brand_kor"": ""슬리"", ""brand_no"": 112713, ""category1"": ""여성의류"", ""category2"": ""상의"", ""category3"": ""블라우스"", ""category3_code"": 268103107, ""is_new"": false, ""item_no"": 4170796, ""period_sort"": ""ONE_DAY"", ""platform"": ""29cm"", ""ranking_category_code"": ""268103100"", ""ranking_category_name"": ""여성의류>상의"", ""review_avg"": 4.5, ""sale_percent"": 19, ""sale_price"": 72090, ""sold_out"": false, ""url"": ""https://product.29cm.co.kr/catalog/4170796""}",2026-10-10T01:00:29+00:00_fea744f1
2026-10-10T10:00:29+09:00,2026-10-10T01:00:29+00:00,commerce_rank,[2차]Frill Pintuck Blouse _Cream,29cm:4170796,review_count,3.0,"{""brand_eng"": ""SLIE"", ""brand_kor"": ""슬리"", ""brand_no"": 112713, ""category1"": ""여성의류"", ""category2"": ""상의"", ""category3"": ""블라우스"", ""category3_code"": 268103107, ""is_new"": false, ""item_no"": 4170796, ""period_sort"": ""ONE_DAY"", ""platform"": ""29cm"", ""ranking_category_code"": ""268103100"", ""ranking_category_name"": ""여성의류>상의"", ""review_avg"": 4.5, ""sale_percent"": 19, ""sale_price"": 72090, ""sold_out"": false, ""url"": ""https://product.29cm.co.kr/catalog/4170796""}",2026-10-10T01:00:29+00:00_fea744f1
2026-10-10T10:00:29+09:00,2026-10-10T01:00:29+00:00,commerce_rank,[2차]Frill Pintuck Blouse _Cream,29cm:4170796@268103100,rank,45.0,"{""brand_eng"": ""SLIE"", ""brand_kor"": ""슬리"", ""brand_no"": 112713, ""category1"": ""여성의류"", ""category2"": ""상의"", ""category3"": ""블라우스"", ""category3_code"": 268103107, ""is_new"": false, ""item_no"": 4170796, ""period_sort"": ""ONE_DAY"", ""platform"": ""29cm"", ""ranking_category_code"": ""268103100"", ""ranking_category_name"": ""여성의류>상의"", ""review_avg"": 4.5, ""sale_percent"": 19, ""sale_price"": 72090, ""sold_out"": false, ""url"": ""https://product.29cm.co.kr/catalog/4170796""}",2026-10-10T01:00:29+00:00_fea744f1
2026-10-10T10:00:29+09:00,2026-10-10T01:00:31+00:00,commerce_rank,PIQUE LOGO POLO SHIRT - RED,29cm:4178590,heart_count,32.0,"{""brand_eng"": ""NOICE"", ""brand_kor"": ""노이스"", ""brand_no"": 71686, ""category1"": ""여성의류"", ""category2"": ""상의"", ""category3"": ""피케/카라 티셔츠"", ""category3_code"": 268103109, ""is_new"": false, ""item_no"": 4178590, ""period_sort"": ""ONE_DAY"", ""platform"": ""29cm"", ""ranking_category_code"": ""272103100"", ""ranking_category_name"": ""남성의류>상의"", ""review_avg"": 5.0, ""sale_percent"": 0, ""sale_price"": 135000, ""sold_out"": false, ""url"": ""https://product.29cm.co.kr/catalog/4178590""}",2026-10-10T01:00:29+00:00_fea744f1
2026-10-10T10:00:29+09:00,2026-10-10T01:00:31+00:00,commerce_rank,PIQUE LOGO POLO SHIRT - RED,29cm:4178590,review_count,4.0,"{""brand_eng"": ""NOICE"", ""brand_kor"": ""노이스"", ""brand_no"": 71686, ""category1"": ""여성의류"", ""category2"": ""상의"", ""category3"": ""피케/카라 티셔츠"", ""category3_code"": 268103109, ""is_new"": false, ""item_no"": 4178590, ""period_sort"": ""ONE_DAY"", ""platform"": ""29cm"", ""ranking_category_code"": ""272103100"", ""ranking_category_name"": ""남성의류>상의"", ""review_avg"": 5.0, ""sale_percent"": 0, ""sale_price"": 135000, ""sold_out"": false, ""url"": ""https://product.29cm.co.kr/catalog/4178590""}",2026-10-10T01:00:29+00:00_fea744f1
2026-10-10T10:00:29+09:00,2026-10-10T01:00:31+00:00,commerce_rank,PIQUE LOGO POLO SHIRT - RED,29cm:4178590@272103100,rank,58.0,"{""brand_eng"": ""NOICE"", ""brand_kor"": ""노이스"", ""brand_no"": 71686, ""category1"": ""여성의류"", ""category2"": ""상의"", ""category3"": ""피케/카라 티셔츠"", ""category3_code"": 268103109, ""is_new"": false, ""item_no"": 4178590, ""period_sort"": ""ONE_DAY"", ""platform"": ""29cm"", ""ranking_category_code"": ""272103100"", ""ranking_category_name"": ""남성의류>상의"", ""review_avg"": 5.0, ""sale_percent"": 0, ""sale_price"": 135000, ""sold_out"": false, ""url"": ""https://product.29cm.co.kr/catalog/4178590""}",2026-10-10T01:00:29+00:00_fea744f1
2026-10-10T10:00:29+09:00,2026-10-10T01:00:29+00:00,commerce_rank,[3차 10/30 예약배송] Loose Mock Neck Tee (Charcoal),29cm:4183648,heart_count,1427.0,"{""brand_eng"": ""NOD"", ""brand_kor"": ""엔오디"", ""brand_no"": 34806, ""category1"": ""여성의류"", ""category2"": ""상의"", ""category3"": ""반소매 티셔츠"", ""category3_code"": 268103101, ""is_new"": false, ""item_no"": 4183648, ""period_sort"": ""ONE_DAY"", ""platform"": ""29cm"", ""ranking_category_code"": ""268103100"", ""ranking_category_name"": ""여성의류>상의"", ""review_avg"": 5.0, ""sale_percent"": 15, ""sale_price"": 47880, ""sold_out"": false, ""url"": ""https://product.29cm.co.kr/catalog/4183648""}",2026-10-10T01:00:29+00:00_fea744f1
2026-10-10T10:00:29+09:00,2026-10-10T01:00:29+00:00,commerce_rank,[3차 10/30 예약배송] Loose Mock Neck Tee (Charcoal),29cm:4183648,review_count,29.0,"{""brand_eng"": ""NOD"", ""brand_kor"": ""엔오디"", ""brand_no"": 34806, ""category1"": ""여성의류"", ""category2"": ""상의"", ""category3"": ""반소매 티셔츠"", ""category3_code"": 268103101, ""is_new"": false, ""item_no"": 4183648, ""period_sort"": ""ONE_DAY"", ""platform"": ""29cm"", ""ranking_category_code"": ""268103100"", ""ranking_category_name"": ""여성의류>상의"", ""review_avg"": 5.0, ""sale_percent"": 15, ""sale_price"": 47880, ""sold_out"": false, ""url"": ""https://product.29cm.co.kr/catalog/4183648""}",2026-10-10T01:00:29+00:00_fea744f1
2026-10-10T10:00:29+09:00,2026-10-10T01:00:29+00:00,commerce_rank,[3차 10/30 예약배송] Loose Mock Neck Tee (Charcoal),29cm:4183648@268103100,rank,19.0,"{""brand_eng"": ""NOD"", ""brand_kor"": ""엔오디"", ""brand_no"": 34806, ""category1"": ""여성의류"", ""category2"": ""상의"", ""category3"": ""반소매 티셔츠"", ""category3_code"": 268103101, ""is_new"": false, ""item_no"": 4183648, ""period_sort"": ""ONE_DAY"", ""platform"": ""29cm"", ""ranking_category_code"": ""268103100"", ""ranking_category_name"": ""여성의류>상의"", ""review_avg"": 5.0, ""sale_percent"": 15, ""sale_price"": 47880, ""sold_out"": false, ""url"": ""https://product.29cm.co.kr/catalog/4183648""}",2026-10-10T01:00:29+00:00_fea744f1
2026-10-10T10:00:29+09:00,2026-10-10T01:00:29+00:00,commerce_rank,[7th]Wrinkle Tie Pintuck Blouse Cream,29cm:4184227,heart_count,1022.0,"{""brand_eng"": ""TORTE"", ""brand_kor"": ""토르테"", ""brand_no"": 104998, ""category1"": ""여성의류"", ""category2"": ""상의"", ""category3"": ""블라우스"", ""category3_code"": 268103107, ""is_new"": false, ""item_no"": 4184227, ""period_sort"": ""ONE_DAY"", ""platform"": ""29cm"", ""ranking_category_code"": ""268103100"", ""ranking_category_name"": ""여성의류>상의"", ""review_avg"": 5.0, ""sale_percent"": 28, ""sale_price"": 66240, ""sold_out"": false, ""url"": ""https://product.29cm.co.kr/catalog/4184227""}",2026-10-10T01:00:29+00:00_fea744f1
2026-10-10T10:00:29+09:00,2026-10-10T01:00:29+00:00,commerce_rank,[7th]Wrinkle Tie Pintuck Blouse Cream,29cm:4184227,review_count,13.0,"{""brand_eng"": ""TORTE"", ""brand_kor"": ""토르테"", ""brand_no"": 104998, ""category1"": ""여성의류"", ""category2"": ""상의"", ""category3"": ""블라우스"", ""category3_code"": 268103107, ""is_new"": false, ""item_no"": 4184227, ""period_sort"": ""ONE_DAY"", ""platform"": ""29cm"", ""ranking_category_code"": ""268103100"", ""ranking_category_name"": ""여성의류>상의"", ""review_avg"": 5.0, ""sale_percent"": 28, ""sale_price"": 66240, ""sold_out"": false, ""url"": ""https://product.29cm.co.kr/catalog/4184227""}",2026-10-10T01:00:29+00:00_fea744f1
2026-10-10T10:00:29+09:00,2026-10-10T01:00:29+00:00,commerce_rank,[7th]Wrinkle Tie Pintuck Blouse Cream,29cm:4184227@268103100,rank,29.0,"{""brand_eng"": ""TORTE"", ""brand_kor"": ""토르테"", ""brand_no"": 104998, ""category1"": ""여성의류"", ""category2"": ""상의"", ""category3"": ""블라우스"", ""category3_code"": 268103107, ""is_new"": false, ""item_no"": 4184227, ""period_sort"": ""ONE_DAY"", ""platform"": ""29cm"", ""ranking_category_code"": ""268103100"", ""ranking_category_name"": ""여성의류>상의"", ""review_avg"": 5.0, ""sale_percent"": 28, ""sale_price"": 66240, ""sold_out"": false, ""url"": ""https://product.29cm.co.kr/catalog/4184227""}",2026-10-10T01:00:29+00:00_fea744f1
2026-10-10T10:00:29+09:00,2026-10-10T01:00:29+00:00,commerce_rank,[2차]PLEATED TIE BLOUSE_CHARCOAL,29cm:4187039,heart_count,664.0,"{""brand_eng"": ""SYS"", ""brand_kor"": ""시스"", ""brand_no"": 113379, ""category1"": ""여성의류"", ""category2"": ""상의"", ""category3"": ""블라우스"", ""category3_code"": 268103107, ""is_new"": false, ""item_no"": 4187039, ""period_sort"": ""ONE_DAY"", ""platform"": ""29cm"", ""ranking_category_code"": ""268103100"", ""ranking_category_name"": ""여성의류>상의"", ""review_avg"": 5.0, ""sale_percent"": 25, ""sale_price"": 59250, ""sold_out"": true, ""url"": ""https://product.29cm.co.kr/catalog/4187039""}",2026-10-10T01:00:29+00:00_fea744f1
2026-10-10T10:00:29+09:00,2026-10-10T01:00:29+00:00,commerce_rank,[2차]PLEATED TIE BLOUSE_CHARCOAL,29cm:4187039,review_count,4.0,"{""brand_eng"": ""SYS"", ""brand_kor"": ""시스"", ""brand_no"": 113379, ""category1"": ""여성의류"", ""category2"": ""상의"", ""category3"": ""블라우스"", ""category3_code"": 268103107, ""is_new"": false, ""item_no"": 4187039, ""period_sort"": ""ONE_DAY"", ""platform"": ""29cm"", ""ranking_category_code"": ""268103100"", ""ranking_category_name"": ""여성의류>상의"", ""review_avg"": 5.0, ""sale_percent"": 25, ""sale_price"": 59250, ""sold_out"": true, ""url"": ""https://product.29cm.co.kr/catalog/4187039""}",2026-10-10T01:00:29+00:00_fea744f1
2026-10-10T10:00:29+09:00,2026-10-10T01:00:29+00:00,commerce_rank,[2차]PLEATED TIE BLOUSE_CHARCOAL,29cm:4187039@268103100,rank,34.0,"{""brand_eng"": ""SYS"", ""brand_kor"": ""시스"", ""brand_no"": 113379, ""category1"": ""여성의류"", ""category2"": ""상의"", ""category3"": ""블라우스"", ""category3_code"": 268103107, ""is_new"": false, ""item_no"": 4187039, ""period_sort"": ""ONE_DAY"", ""platform"": ""29cm"", ""ranking_category_code"": ""268103100"", ""ranking_category_name"": ""여성의류>상의"", ""review_avg"": 5.0, ""sale_percent"": 25, ""sale_price"": 59250, ""sold_out"": true, ""url"": ""https://product.29cm.co.kr/catalog/4187039""}",2026-10-10T01:00:29+00:00_fea744f1
2026-10-10T10:00:29+09:00,2026-10-10T01:00:29+00:00,commerce_rank,[2차 리오더] Muse Lace V-neck Long Sleeve - Misty Grey,29cm:4188339,heart_count,914.0,"{""brand_eng"": ""RHEME"", ""brand_kor"": ""리임"", ""brand_no"": 80266, ""category1"": ""여성의류"", ""category2"": ""상의"", ""category3"": ""긴소매 티셔츠"", ""category3_code"": 268103102, ""is_new"": false, ""item_no"": 4188339, ""period_sort"": ""ONE_DAY"", ""platform"": ""29cm"", ""ranking_category_code"": ""268103100"", ""ranking_category_name"": ""여성의류>상의"", ""review_avg"": 0.0, ""sale_percent"": 26, ""sale_price"": 87720, ""sold_out"": false, ""url"": ""https://product.29cm.co.kr/catalog/4188339""}",2026-10-10T01:00:29+00:00_fea744f1
2026-10-10T10:00:29+09:00,2026-10-10T01:00:29+00:00,commerce_rank,[2차 리오더] Muse Lace V-neck Long Sleeve - Misty Grey,29cm:4188339,review_count,0.0,"{""brand_eng"": ""RHEME"", ""brand_kor"": ""리임"", ""brand_no"": 80266, ""category1"": ""여성의류"", ""category2"": ""상의"", ""category3"": ""긴소매 티셔츠"", ""category3_code"": 268103102, ""is_new"": false, ""item_no"": 4188339, ""period_sort"": ""ONE_DAY"", ""platform"": ""29cm"", ""ranking_category_code"": ""268103100"", ""ranking_category_name"": ""여성의류>상의"", ""review_avg"": 0.0, ""sale_percent"": 26, ""sale_price"": 87720, ""sold_out"": false, ""url"": ""https://product.29cm.co.kr/catalog/4188339""}",2026-10-10T01:00:29+00:00_fea744f1
2026-10-10T10:00:29+09:00,2026-10-10T01:00:29+00:00,commerce_rank,[2차 리오더] Muse Lace V-neck Long Sleeve - Misty Grey,29cm:4188339@268103100,rank,55.0,"{""brand_eng"": ""RHEME"", ""brand_kor"": ""리임"", ""brand_no"": 80266, ""category1"": ""여성의류"", ""category2"": ""상의"", ""category3"": ""긴소매 티셔츠"", ""category3_code"": 268103102, ""is_new"": false, ""item_no"": 4188339, ""period_sort"": ""ONE_DAY"", ""platform"": ""29cm"", ""ranking_category_code"": ""268103100"", ""ranking_category_name"": ""여성의류>상의"", ""review_avg"": 0.0, ""sale_percent"": 26, ""sale_price"": 87720, ""sold_out"": false, ""url"": ""https://product.29cm.co.kr/catalog/4188339""}",2026-10-10T01:00:29+00:00_fea744f1
2026-10-10T10:00:29+09:00,2026-10-10T01:00:29+00:00,commerce_rank,Two-way Button Neck Top Charcoal,29cm:4190361,heart_count,7011.0,"{""brand_eng"": ""MICHIKO LONDON KOSHINO"", ""brand_kor"": ""미치코런던 코시노"", ""brand_no"": 26100, ""category1"": ""여성의류"", ""category2"": ""상의"", ""category3"": ""반소매 티셔츠"", ""category3_code"": 268103101, ""is_new"": false, ""item_no"": 4190361, ""period_sort"": ""ONE_DAY"", ""platform"": ""29cm"", ""ranking_category_code"": ""268103100"", ""ranking_category_name"": ""여성의류>상의"", ""review_avg"": 4.5, ""sale_percent"": 5, ""sale_price"": 55100, ""sold_out"": false, ""url"": ""https://product.29cm.co.kr/catalog/4190361""}",2026-10-10T01:00:29+00:00_fea744f1
2026-10-10T10:00:29+09:00,2026-10-10T01:00:29+00:00,commerce_rank,Two-way Button Neck Top Charcoal,29cm:4190361,review_count,7.0,"{""brand_eng"": ""MICHIKO LONDON KOSHINO"", ""brand_kor"": ""미치코런던 코시노"", ""brand_no"": 26100, ""category1"": ""여성의류"", ""category2"": ""상의"", ""category3"": ""반소매 티셔츠"", ""category3_code"": 268103101, ""is_new"": false, ""item_no"": 4190361, ""period_sort"": ""ONE_DAY"", ""platform"": ""29cm"", ""ranking_category_code"": ""268103100"", ""ranking_category_name"": ""여성의류>상의"", ""review_avg"": 4.5, ""sale_percent"": 5, ""sale_price"": 55100, ""sold_out"": false, ""url"": ""https://product.29cm.co.kr/catalog/4190361""}",2026-10-10T01:00:29+00:00_fea744f1
2026-10-10T10:00:29+09:00,2026-10-10T01:00:29+00:00,commerce_rank,Two-way Button Neck Top Charcoal,29cm:4190361@268103100,rank,69.0,"{""brand_eng"": ""MICHIKO LONDON KOSHINO"", ""brand_kor"": ""미치코런던 코시노"", ""brand_no"": 26100, ""category1"": ""여성의류"", ""category2"": ""상의"", ""category3"": ""반소매 티셔츠"", ""category3_code"": 268103101, ""is_new"": false, ""item_no"": 4190361, ""period_sort"": ""ONE_DAY"", ""platform"": ""29cm"", ""ranking_category_code"": ""268103100"", ""ranking_category_name"": ""여성의류>상의"", ""review_avg"": 4.5, ""sale_percent"": 5, ""sale_price"": 55100, ""sold_out"": false, ""url"": ""https://product.29cm.co.kr/catalog/4190361""}",2026-10-10T01:00:29+00:00_fea744f1
2026-10-10T10:00:29+09:00,2026-10-10T01:00:29+00:00,commerce_rank,[11st]Wool Halter Neck Sleeveless Top,29cm:4192333,heart_count,2271.0,"{""brand_eng"": ""TORTE"", ""brand_kor"": ""토르테"", ""brand_no"": 104998, ""category1"": ""여성의류"", ""category2"": ""상의"", ""category3"": ""슬리브리스"", ""category3_code"": 268103103, ""is_new"": false, ""item_no"": 4192333, ""period_sort"": ""ONE_DAY"", ""platform"": ""29cm"", ""ranking_category_code"": ""268103100"", ""ranking_category_name"": ""여성의류>상의"", ""review_avg"": 5.0, ""sale_percent"": 28, ""sale_price"": 28080, ""sold_out"": false, ""url"": ""https://product.29cm.co.kr/catalog/4192333""}",2026-10-10T01:00:29+00:00_fea744f1
2026-10-10T10:00:29+09:00,2026-10-10T01:00:29+00:00,commerce_rank,[11st]Wool Halter Neck Sleeveless Top,29cm:4192333,review_count,32.0,"{""brand_eng"": ""TORTE"", ""brand_kor"": ""토르테"", ""brand_no"": 104998, ""category1"": ""여성의류"", ""category2"": ""상의"", ""category3"": ""슬리브리스"", ""category3_code"": 268103103, ""is_new"": false, ""item_no"": 4192333, ""period_sort"": ""ONE_DAY"", ""platform"": ""29cm"", ""ranking_category_code"": ""268103100"", ""ranking_category_name"": ""여성의류>상의"", ""review_avg"": 5.0, ""sale_percent"": 28, ""sale_price"": 28080, ""sold_out"": false, ""url"": ""https://product.29cm.co.kr/catalog/4192333""}",2026-10-10T01:00:29+00:00_fea744f1
2026-10-10T10:00:29+09:00,2026-10-10T01:00:29+00:00,commerce_rank,[11st]Wool Halter Neck Sleeveless Top,29cm:4192333@268103100,rank,38.0,"{""brand_eng"": ""TORTE"", ""brand_kor"": ""토르테"", ""brand_no"": 104998, ""category1"": ""여성의류"", ""category2"": ""상의"", ""category3"": ""슬리브리스"", ""category3_code"": 268103103, ""is_new"": false, ""item_no"": 4192333, ""period_sort"": ""ONE_DAY"", ""platform"": ""29cm"", ""ranking_category_code"": ""268103100"", ""ranking_category_name"": ""여성의류>상의"", ""review_avg"": 5.0, ""sale_percent"": 28, ""sale_price"": 28080, ""sold_out"": false, ""url"": ""https://product.29cm.co.kr/catalog/4192333""}",2026-10-10T01:00:29+00:00_fea744f1
2026-10-10T10:00:29+09:00,2026-10-10T01:00:31+00:00,commerce_rank,슬릿 헨리넥 롱 슬리브 [화이트],29cm:4192475,heart_count,4.0,"{""brand_eng"": ""Millo Archive"", ""brand_kor"": ""밀로 아카이브"", ""brand_no"": 9191, ""category1"": ""여성의류"", ""category2"": ""상의"", ""category3"": ""긴소매 티셔츠"", ""category3_code"": 268103102, ""is_new"": false, ""item_no"": 4192475, ""period_sort"": ""ONE_DAY"", ""platform"": ""29cm"", ""ranking_category_code"": ""272103100"", ""ranking_category_name"": ""남성의류>상의"", ""review_avg"": 0.0, ""sale_percent"": 19, ""sale_price"": 74520, ""sold_out"": false, ""url"": ""https://product.29cm.co.kr/catalog/4192475""}",2026-10-10T01:00:29+00:00_fea744f1
2026-10-10T10:00:29+09:00,2026-10-10T01:00:31+00:00,commerce_rank,슬릿 헨리넥 롱 슬리브 [화이트],29cm:4192475,review_count,0.0,"{""brand_eng"": ""Millo Archive"", ""brand_kor"": ""밀로 아카이브"", ""brand_no"": 9191, ""category1"": ""여성의류"", ""category2"": ""상의"", ""category3"": ""긴소매 티셔츠"", ""category3_code"": 268103102, ""is_new"": false, ""item_no"": 4192475, ""period_sort"": ""ONE_DAY"", ""platform"": ""29cm"", ""ranking_category_code"": ""272103100"", ""ranking_category_name"": ""남성의류>상의"", ""review_avg"": 0.0, ""sale_percent"": 19, ""sale_price"": 74520, ""sold_out"": false, ""url"": ""https://product.29cm.co.kr/catalog/4192475""}",2026-10-10T01:00:29+00:00_fea744f1
2026-10-10T10:00:29+09:00,2026-10-10T01:00:31+00:00,commerce_rank,슬릿 헨리넥 롱 슬리브 [화이트],29cm:4192475@272103100,rank,85.0,"{""brand_eng"": ""Millo Archive"", ""brand_kor"": ""밀로 아카이브"", ""brand_no"": 9191, ""category1"": ""여성의류"", ""category2"": ""상의"", ""category3"": ""긴소매 티셔츠"", ""category3_code"": 268103102, ""is_new"": false, ""item_no"": 4192475, ""period_sort"": ""ONE_DAY"", ""platform"": ""29cm"", ""ranking_category_code"": ""272103100"", ""ranking_category_name"": ""남성의류>상의"", ""review_avg"": 0.0, ""sale_percent"": 19, ""sale_price"": 74520, ""sold_out"": false, ""url"": ""https://product.29cm.co.kr/catalog/4192475""}",2026-10-10T01:00:29+00:00_fea744f1
2026-10-10T10:00:29+09:00,2026-10-10T01:00:31+00:00,commerce_rank,로우 엣지 레이어드 롱 슬리브 [차콜],29cm:4192481,heart_count,58.0,"{""brand_eng"": ""Millo Archive"", ""brand_kor"": ""밀로 아카이브"", ""brand_no"": 9191, ""category1"": ""여성의류"", ""category2"": ""상의"", ""category3"": ""긴소매 티셔츠"", ""category3_code"": 268103102, ""is_new"": false, ""item_no"": 4192481, ""period_sort"": ""ONE_DAY"", ""platform"": ""29cm"", ""ranking_category_code"": ""272103100"", ""ranking_category_name"": ""남성의류>상의"", ""review_avg"": 0.0, ""sale_percent"": 19, ""sale_price"": 74520, ""sold_out"": false, ""url"": ""https://product.29cm.co.kr/catalog/4192481""}",2026-10-10T01:00:29+00:00_fea744f1
2026-10-10T10:00:29+09:00,2026-10-10T01:00:31+00:00,commerce_rank,로우 엣지 레이어드 롱 슬리브 [차콜],29cm:4192481,review_count,0.0,"{""brand_eng"": ""Millo Archive"", ""brand_kor"": ""밀로 아카이브"", ""brand_no"": 9191, ""category1"": ""여성의류"", ""category2"": ""상의"", ""category3"": ""긴소매 티셔츠"", ""category3_code"": 268103102, ""is_new"": false, ""item_no"": 4192481, ""period_sort"": ""ONE_DAY"", ""platform"": ""29cm"", ""ranking_category_code"": ""272103100"", ""ranking_category_name"": ""남성의류>상의"", ""review_avg"": 0.0, ""sale_percent"": 19, ""sale_price"": 74520, ""sold_out"": false, ""url"": ""https://product.29cm.co.kr/catalog/4192481""}",2026-10-10T01:00:29+00:00_fea744f1
2026-10-10T10:00:29+09:00,2026-10-10T01:00:31+00:00,commerce_rank,로우 엣지 레이어드 롱 슬리브 [차콜],29cm:4192481@272103100,rank,53.0,"{""brand_eng"": ""Millo Archive"", ""brand_kor"": ""밀로 아카이브"", ""brand_no"": 9191, ""category1"": ""여성의류"", ""category2"": ""상의"", ""category3"": ""긴소매 티셔츠"", ""category3_code"": 268103102, ""is_new"": false, ""item_no"": 4192481, ""period_sort"": ""ONE_DAY"", ""platform"": ""29cm"", ""ranking_category_code"": ""272103100"", ""ranking_category_name"": ""남성의류>상의"", ""review_avg"": 0.0, ""sale_percent"": 19, ""sale_price"": 74520, ""sold_out"": false, ""url"": ""https://product.29cm.co.kr/catalog/4192481""}",2026-10-10T01:00:29+00:00_fea744f1
2026-10-10T10:00:29+09:00,2026-10-10T01:00:29+00:00,commerce_rank,WAFFLE SWEATSHIRT MOON,29cm:4201038,heart_count,2388.0,"{""brand_eng"": ""pesto"", ""brand_kor"": ""페스토"", ""brand_no"": 16507, ""category1"": ""여성의류"", ""category2"": ""상의"", ""category3"": ""긴소매 티셔츠"", ""category3_code"": 268103102, ""is_new"": false, ""item_no"": 4201038, ""period_sort"": ""ONE_DAY"", ""platform"": ""29cm"", ""ranking_category_code"": ""268103100"", ""ranking_category_name"": ""여성의류>상의"", ""review_avg"": 5.0, ""sale_percent"": 29, ""sale_price"": 86620, ""sold_out"": false, ""url"": ""https://product.29cm.co.kr/catalog/4201038""}",2026-10-10T01:00:29+00:00_fea744f1
2026-10-10T10:00:29+09:00,2026-10-10T01:00:29+00:00,commerce_rank,WAFFLE SWEATSHIRT MOON,29cm:4201038,review_count,2.0,"{""brand_eng"": ""pesto"", ""brand_kor"": ""페스토"", ""brand_no"": 16507, ""category1"": ""여성의류"", ""category2"": ""상의"", ""category3"": ""긴소매 티셔츠"", ""category3_code"": 268103102, ""is_new"": false, ""item_no"": 4201038, ""period_sort"": ""ONE_DAY"", ""platform"": ""29cm"", ""ranking_category_code"": ""268103100"", ""ranking_category_name"": ""여성의류>상의"", ""review_avg"": 5.0, ""sale_percent"": 29, ""sale_price"": 86620, ""sold_out"": false, ""url"": ""https://product.29cm.co.kr/catalog/4201038""}",2026-10-10T01:00:29+00:00_fea744f1
2026-10-10T10:00:29+09:00,2026-10-10T01:00:29+00:00,commerce_rank,WAFFLE SWEATSHIRT MOON,29cm:4201038@268103100,rank,73.0,"{""brand_eng"": ""pesto"", ""brand_kor"": ""페스토"", ""brand_no"": 16507, ""category1"": ""여성의류"", ""category2"": ""상의"", ""category3"": ""긴소매 티셔츠"", ""category3_code"": 268103102, ""is_new"": false, ""item_no"": 4201038, ""period_sort"": ""ONE_DAY"", ""platform"": ""29cm"", ""ranking_category_code"": ""268103100"", ""ranking_category_name"": ""여성의류>상의"", ""review_avg"": 5.0, ""sale_percent"": 29, ""sale_price"": 86620, ""sold_out"": false, ""url"": ""https://product.29cm.co.kr/catalog/4201038""}",2026-10-10T01:00:29+00:00_fea744f1
2026-10-10T10:00:29+09:00,2026-10-10T01:00:29+00:00,commerce_rank,Milo Stripe Tee_Blue,29cm:4205822,heart_count,917.0,"{""brand_eng"": ""108POUND"", ""brand_kor"": ""108파운드"", ""brand_no"": 86198, ""category1"": ""여성의류"", ""category2"": ""상의"", ""category3"": ""긴소매 티셔츠"", ""category3_code"": 268103102, ""is_new"": false, ""item_no"": 4205822, ""period_sort"": ""ONE_DAY"", ""platform"": ""29cm"", ""ranking_category_code"": ""268103100"", ""ranking_category_name"": ""여성의류>상의"", ""review_avg"": 4.5, ""sale_percent"": 33, ""sale_price"": 48600, ""sold_out"": false, ""url"": ""https://product.29cm.co.kr/catalog/4205822""}",2026-10-10T01:00:29+00:00_fea744f1
2026-10-10T10:00:29+09:00,2026-10-10T01:00:29+00:00,commerce_rank,Milo Stripe Tee_Blue,29cm:4205822,review_count,11.0,"{""brand_eng"": ""108POUND"", ""brand_kor"": ""108파운드"", ""brand_no"": 86198, ""category1"": ""여성의류"", ""category2"": ""상의"", ""category3"": ""긴소매 티셔츠"", ""category3_code"": 268103102, ""is_new"": false, ""item_no"": 4205822, ""period_sort"": ""ONE_DAY"", ""platform"": ""29cm"", ""ranking_category_code"": ""268103100"", ""ranking_category_name"": ""여성의류>상의"", ""review_avg"": 4.5, ""sale_percent"": 33, ""sale_price"": 48600, ""sold_out"": false, ""url"": ""https://product.29cm.co.kr/catalog/4205822""}",2026-10-10T01:00:29+00:00_fea744f1
2026-10-10T10:00:29+09:00,2026-10-10T01:00:29+00:00,commerce_rank,Milo Stripe Tee_Blue,29cm:4205822@268103100,rank,67.0,"{""brand_eng"": ""108POUND"", ""brand_kor"": ""108파운드"", ""brand_no"": 86198, ""category1"": ""여성의류"", ""category2"": ""상의"", ""category3"": ""긴소매 티셔츠"", ""category3_code"": 268103102, ""is_new"": false, ""item_no"": 4205822, ""period_sort"": ""ONE_DAY"", ""platform"": ""29cm"", ""ranking_category_code"": ""268103100"", ""ranking_category_name"": ""여성의류>상의"", ""review_avg"": 4.5, ""sale_percent"": 33, ""sale_price"": 48600, ""sold_out"": false, ""url"": ""https://product.29cm.co.kr/catalog/4205822""}",2026-10-10T01:00:29+00:00_fea744f1
2026-10-10T10:00:29+09:00,2026-10-10T01:00:29+00:00,commerce_rank,Milo Stripe Tee_Oatmeal,29cm:4205823,heart_count,1283.0,"{""brand_eng"": ""108POUND"", ""brand_kor"": ""108파운드"", ""brand_no"": 86198, ""category1"": ""여성의류"", ""category2"": ""상의"", ""category3"": ""긴소매 티셔츠"", ""category3_code"": 268103102, ""is_new"": false, ""item_no"": 4205823, ""period_sort"": ""ONE_DAY"", ""platform"": ""29cm"", ""ranking_category_code"": ""268103100"", ""ranking_category_name"": ""여성의류>상의"", ""review_avg"": 4.5, ""sale_percent"": 33, ""sale_price"": 48600, ""sold_out"": false, ""url"": ""https://product.29cm.co.kr/catalog/4205823""}",2026-10-10T01:00:29+00:00_fea744f1
2026-10-10T10:00:29+09:00,2026-10-10T01:00:29+00:00,commerce_rank,Milo Stripe Tee_Oatmeal,29cm:4205823,review_count,6.0,"{""brand_eng"": ""108POUND"", ""brand_kor"": ""108파운드"", ""brand_no"": 86198, ""category1"": ""여성의류"", ""category2"": ""상의"", ""category3"": ""긴소매 티셔츠"", ""category3_code"": 268103102, ""is_new"": false, ""item_no"": 4205823, ""period_sort"": ""ONE_DAY"", ""platform"": ""29cm"", ""ranking_category_code"": ""268103100"", ""ranking_category_name"": ""여성의류>상의"", ""review_avg"": 4.5, ""sale_percent"": 33, ""sale_price"": 48600, ""sold_out"": false, ""url"": ""https://product.29cm.co.kr/catalog/4205823""}",2026-10-10T01:00:29+00:00_fea744f1
2026-10-10T10:00:29+09:00,2026-10-10T01:00:29+00:00,commerce_rank,Milo Stripe Tee_Oatmeal,29cm:4205823@268103100,rank,40.0,"{""brand_eng"": ""108POUND"", ""brand_kor"": ""108파운드"", ""brand_no"": 86198, ""category1"": ""여성의류"", ""category2"": ""상의"", ""category3"": ""긴소매 티셔츠"", ""category3_code"": 268103102, ""is_new"": false, ""item_no"": 4205823, ""period_sort"": ""ONE_DAY"", ""platform"": ""29cm"", ""ranking_category_code"": ""268103100"", ""ranking_category_name"": ""여성의류>상의"", ""review_avg"": 4.5, ""sale_percent"": 33, ""sale_price"": 48600, ""sold_out"": false, ""url"": ""https://product.29cm.co.kr/catalog/4205823""}",2026-10-10T01:00:29+00:00_fea744f1
2026-10-10T10:00:29+09:00,2026-10-10T01:00:29+00:00,commerce_rank,Henley 3/4 Sleeve Tee_Stripe Blue,29cm:4205826,heart_count,1538.0,"{""brand_eng"": ""108POUND"", ""brand_kor"": ""108파운드"", ""brand_no"": 86198, ""category1"": ""여성의류"", ""category2"": ""상의"", ""category3"": ""반소매 티셔츠"", ""category3_code"": 268103101, ""is_new"": false, ""item_no"": 4205826, ""period_sort"": ""ONE_DAY"", ""platform"": ""29cm"", ""ranking_category_code"": ""268103100"", ""ranking_category_name"": ""여성의류>상의"", ""review_avg"": 5.0, ""sale_percent"": 33, ""sale_price"": 43200, ""sold_out"": false, ""url"": ""https://product.29cm.co.kr/catalog/4205826""}",2026-10-10T01:00:29+00:00_fea744f1
2026-10-10T10:00:29+09:00,2026-10-10T01:00:29+00:00,commerce_rank,Henley 3/4 Sleeve Tee_Stripe Blue,29cm:4205826,review_count,4.0,"{""brand_eng"": ""108POUND"", ""brand_kor"": ""108파운드"", ""brand_no"": 86198, ""category1"": ""여성의류"", ""category2"": ""상의"", ""category3"": ""반소매 티셔츠"", ""category3_code"": 268103101, ""is_new"": false, ""item_no"": 4205826, ""period_sort"": ""ONE_DAY"", ""platform"": ""29cm"", ""ranking_category_code"": ""268103100"", ""ranking_category_name"": ""여성의류>상의"", ""review_avg"": 5.0, ""sale_percent"": 33, ""sale_price"": 43200, ""sold_out"": false, ""url"": ""https://product.29cm.co.kr/catalog/4205826""}",2026-10-10T01:00:29+00:00_fea744f1
2026-10-10T10:00:29+09:00,2026-10-10T01:00:29+00:00,commerce_rank,Henley 3/4 Sleeve Tee_Stripe Blue,29cm:4205826@268103100,rank,50.0,"{""brand_eng"": ""108POUND"", ""brand_kor"": ""108파운드"", ""brand_no"": 86198, ""category1"": ""여성의류"", ""category2"": ""상의"", ""category3"": ""반소매 티셔츠"", ""category3_code"": 268103101, ""is_new"": false, ""item_no"": 4205826, ""period_sort"": ""ONE_DAY"", ""platform"": ""29cm"", ""ranking_category_code"": ""268103100"", ""ranking_category_name"": ""여성의류>상의"", ""review_avg"": 5.0, ""sale_percent"": 33, ""sale_price"": 43200, ""sold_out"": false, ""url"": ""https://product.29cm.co.kr/catalog/4205826""}",2026-10-10T01:00:29+00:00_fea744f1
2026-10-10T10:00:29+09:00,2026-10-10T01:00:31+00:00,commerce_rank,STRIPE POCKET L.S T-SHIRTS / MELANGE GREY & ORANGE,29cm:4218440,heart_count,36.0,"{""brand_eng"": ""EASTLOGUE PERMANENT"", ""brand_kor"": ""이스트로그 퍼머넌트"", ""brand_no"": 9323, ""category1"": ""여성의류"", ""category2"": ""상의"", ""category3"": ""긴소매 티셔츠"", ""category3_code"": 268103102, ""is_new"": false, ""item_no"": 4218440, ""period_sort"": ""ONE_DAY"", ""platform"": ""29cm"", ""ranking_category_code"": ""272103100"", ""ranking_category_name"": ""남성의류>상의"", ""review_avg"": 5.0, ""sale_percent"": 0, ""sale_price"": 78000, ""sold_out"": false, ""url"": ""https://product.29cm.co.kr/catalog/4218440""}",2026-10-10T01:00:29+00:00_fea744f1
2026-10-10T10:00:29+09:00,2026-10-10T01:00:31+00:00,commerce_rank,STRIPE POCKET L.S T-SHIRTS / MELANGE GREY & ORANGE,29cm:4218440,review_count,1.0,"{""brand_eng"": ""EASTLOGUE PERMANENT"", ""brand_kor"": ""이스트로그 퍼머넌트"", ""brand_no"": 9323, ""category1"": ""여성의류"", ""category2"": ""상의"", ""category3"": ""긴소매 티셔츠"", ""category3_code"": 268103102, ""is_new"": false, ""item_no"": 4218440, ""period_sort"": ""ONE_DAY"", ""platform"": ""29cm"", ""ranking_category_code"": ""272103100"", ""ranking_category_name"": ""남성의류>상의"", ""review_avg"": 5.0, ""sale_percent"": 0, ""sale_price"": 78000, ""sold_out"": false, ""url"": ""https://product.29cm.co.kr/catalog/4218440""}",2026-10-10T01:00:29+00:00_fea744f1
2026-10-10T10:00:29+09:00,2026-10-10T01:00:31+00:00,commerce_rank,STRIPE POCKET L.S T-SHIRTS / MELANGE GREY & ORANGE,29cm:4218440@272103100,rank,32.0,"{""brand_eng"": ""EASTLOGUE PERMANENT"", ""brand_kor"": ""이스트로그 퍼머넌트"", ""brand_no"": 9323, ""category1"": ""여성의류"", ""category2"": ""상의"", ""category3"": ""긴소매 티셔츠"", ""category3_code"": 268103102, ""is_new"": false, ""item_no"": 4218440, ""period_sort"": ""ONE_DAY"", ""platform"": ""29cm"", ""ranking_category_code"": ""272103100"", ""ranking_category_name"": ""남성의류>상의"", ""review_avg"": 5.0, ""sale_percent"": 0, ""sale_price"": 78000, ""sold_out"": false, ""url"": ""https://product.29cm.co.kr/catalog/4218440""}",2026-10-10T01:00:29+00:00_fea744f1
2026-10-10T10:00:29+09:00,2026-10-10T01:00:29+00:00,commerce_rank,Days Multi Check Shirt_Berry Mix,29cm:4218760,heart_count,454.0,"{""brand_eng"": ""108POUND"", ""brand_kor"": ""108파운드"", ""brand_no"": 86198, ""category1"": ""여성의류"", ""category2"": ""상의"", ""category3"": ""셔츠"", ""category3_code"": 268103106, ""is_new"": false, ""item_no"": 4218760, ""period_sort"": ""ONE_DAY"", ""platform"": ""29cm"", ""ranking_category_code"": ""268103100"", ""ranking_category_name"": ""여성의류>상의"", ""review_avg"": 5.0, ""sale_percent"": 29, ""sale_price"": 88350, ""sold_out"": false, ""url"": ""https://product.29cm.co.kr/catalog/4218760""}",2026-10-10T01:00:29+00:00_fea744f1
2026-10-10T10:00:29+09:00,2026-10-10T01:00:29+00:00,commerce_rank,Days Multi Check Shirt_Berry Mix,29cm:4218760,review_count,3.0,"{""brand_eng"": ""108POUND"", ""brand_kor"": ""108파운드"", ""brand_no"": 86198, ""category1"": ""여성의류"", ""category2"": ""상의"", ""category3"": ""셔츠"", ""category3_code"": 268103106, ""is_new"": false, ""item_no"": 4218760, ""period_sort"": ""ONE_DAY"", ""platform"": ""29cm"", ""ranking_category_code"": ""268103100"", ""ranking_category_name"": ""여성의류>상의"", ""review_avg"": 5.0, ""sale_percent"": 29, ""sale_price"": 88350, ""sold_out"": false, ""url"": ""https://product.29cm.co.kr/catalog/4218760""}",2026-10-10T01:00:29+00:00_fea744f1
2026-10-10T10:00:29+09:00,2026-10-10T01:00:29+00:00,commerce_rank,Days Multi Check Shirt_Berry Mix,29cm:4218760@268103100,rank,66.0,"{""brand_eng"": ""108POUND"", ""brand_kor"": ""108파운드"", ""brand_no"": 86198, ""category1"": ""여성의류"", ""category2"": ""상의"", ""category3"": ""셔츠"", ""category3_code"": 268103106, ""is_new"": false, ""item_no"": 4218760, ""period_sort"": ""ONE_DAY"", ""platform"": ""29cm"", ""ranking_category_code"": ""268103100"", ""ranking_category_name"": ""여성의류>상의"", ""review_avg"": 5.0, ""sale_percent"": 29, ""sale_price"": 88350, ""sold_out"": false, ""url"": ""https://product.29cm.co.kr/catalog/4218760""}",2026-10-10T01:00:29+00:00_fea744f1
2026-10-10T10:00:29+09:00,2026-10-10T01:00:29+00:00,commerce_rank,[4th] Kid pocket henry tee - beige,29cm:4219801,heart_count,844.0,"{""brand_eng"": ""FOETO"", ""brand_kor"": ""포에토"", ""brand_no"": 53520, ""category1"": ""여성의류"", ""category2"": ""상의"", ""category3"": ""반소매 티셔츠"", ""category3_code"": 268103101, ""is_new"": false, ""item_no"": 4219801, ""period_sort"": ""ONE_DAY"", ""platform"": ""29cm"", ""ranking_category_code"": ""268103100"", ""ranking_category_name"": ""여성의류>상의"", ""review_avg"": 5.0, ""sale_percent"": 19, ""sale_price"": 65610, ""sold_out"": false, ""url"": ""https://product.29cm.co.kr/catalog/4219801""}",2026-10-10T01:00:29+00:00_fea744f1
2026-10-10T10:00:29+09:00,2026-10-10T01:00:29+00:00,commerce_rank,[4th] Kid pocket henry tee - beige,29cm:4219801,review_count,6.0,"{""brand_eng"": ""FOETO"", ""brand_kor"": ""포에토"", ""brand_no"": 53520, ""category1"": ""여성의류"", ""category2"": ""상의"", ""category3"": ""반소매 티셔츠"", ""category3_code"": 268103101, ""is_new"": false, ""item_no"": 4219801, ""period_sort"": ""ONE_DAY"", ""platform"": ""29cm"", ""ranking_category_code"": ""268103100"", ""ranking_category_name"": ""여성의류>상의"", ""review_avg"": 5.0, ""sale_percent"": 19, ""sale_price"": 65610, ""sold_out"": false, ""url"": ""https://product.29cm.co.kr/catalog/4219801""}",2026-10-10T01:00:29+00:00_fea744f1
2026-10-10T10:00:29+09:00,2026-10-10T01:00:29+00:00,commerce_rank,[4th] Kid pocket henry tee - beige,29cm:4219801@268103100,rank,74.0,"{""brand_eng"": ""FOETO"", ""brand_kor"": ""포에토"", ""brand_no"": 53520, ""category1"": ""여성의류"", ""category2"": ""상의"", ""category3"": ""반소매 티셔츠"", ""category3_code"": 268103101, ""is_new"": false, ""item_no"": 4219801, ""period_sort"": ""ONE_DAY"", ""platform"": ""29cm"", ""ranking_category_code"": ""268103100"", ""ranking_category_name"": ""여성의류>상의"", ""review_avg"": 5.0, ""sale_percent"": 19, ""sale_price"": 65610, ""sold_out"": false, ""url"": ""https://product.29cm.co.kr/catalog/4219801""}",2026-10-10T01:00:29+00:00_fea744f1
2026-10-10T10:00:29+09:00,2026-10-10T01:00:29+00:00,commerce_rank,[5th] Kid pocket henry tee - charcoal,29cm:4219804,heart_count,1270.0,"{""brand_eng"": ""FOETO"", ""brand_kor"": ""포에토"", ""brand_no"": 53520, ""category1"": ""여성의류"", ""category2"": ""상의"", ""category3"": ""반소매 티셔츠"", ""category3_code"": 268103101, ""is_new"": false, ""item_no"": 4219804, ""period_sort"": ""ONE_DAY"", ""platform"": ""29cm"", ""ranking_category_code"": ""268103100"", ""ranking_category_name"": ""여성의류>상의"", ""review_avg"": 5.0, ""sale_percent"": 19, ""sale_price"": 65610, ""sold_out"": false, ""url"": ""https://product.29cm.co.kr/catalog/4219804""}",2026-10-10T01:00:29+00:00_fea744f1
2026-10-10T10:00:29+09:00,2026-10-10T01:00:29+00:00,commerce_rank,[5th] Kid pocket henry tee - charcoal,29cm:4219804,review_count,4.0,"{""brand_eng"": ""FOETO"", ""brand_kor"": ""포에토"", ""brand_no"": 53520, ""category1"": ""여성의류"", ""category2"": ""상의"", ""category3"": ""반소매 티셔츠"", ""category3_code"": 268103101, ""is_new"": false, ""item_no"": 4219804, ""period_sort"": ""ONE_DAY"", ""platform"": ""29cm"", ""ranking_category_code"": ""268103100"", ""ranking_category_name"": ""여성의류>상의"", ""review_avg"": 5.0, ""sale_percent"": 19, ""sale_price"": 65610, ""sold_out"": false, ""url"": ""https://product.29cm.co.kr/catalog/4219804""}",2026-10-10T01:00:29+00:00_fea744f1
2026-10-10T10:00:29+09:00,2026-10-10T01:00:29+00:00,commerce_rank,[5th] Kid pocket henry tee - charcoal,29cm:4219804@268103100,rank,53.0,"{""brand_eng"": ""FOETO"", ""brand_kor"": ""포에토"", ""brand_no"": 53520, ""category1"": ""여성의류"", ""category2"": ""상의"", ""category3"": ""반소매 티셔츠"", ""category3_code"": 268103101, ""is_new"": false, ""item_no"": 4219804, ""period_sort"": ""ONE_DAY"", ""platform"": ""29cm"", ""ranking_category_code"": ""268103100"", ""ranking_category_name"": ""여성의류>상의"", ""review_avg"": 5.0, ""sale_percent"": 19, ""sale_price"": 65610, ""sold_out"": false, ""url"": ""https://product.29cm.co.kr/catalog/4219804""}",2026-10-10T01:00:29+00:00_fea744f1
2026-10-10T10:00:29+09:00,2026-10-10T01:00:29+00:00,commerce_rank,오디세이 VTG 롱슬리브 (차콜),29cm:4225704,heart_count,4262.0,"{""brand_eng"": ""FINDOUBT"", ""brand_kor"": ""핀다웃"", ""brand_no"": 81719, ""category1"": ""여성의류"", ""category2"": ""상의"", ""category3"": ""긴소매 티셔츠"", ""category3_code"": 268103102, ""is_new"": false, ""item_no"": 4225704, ""period_sort"": ""ONE_DAY"", ""platform"": ""29cm"", ""ranking_category_code"": ""268103100"", ""ranking_category_name"": ""여성의류>상의"", ""review_avg"": 5.0, ""sale_percent"": 0, ""sale_price"": 92000, ""sold_out"": false, ""url"": ""https://product.29cm.co.kr/catalog/4225704""}",2026-10-10T01:00:29+00:00_fea744f1
2026-10-10T10:00:29+09:00,2026-10-10T01:00:29+00:00,commerce_rank,오디세이 VTG 롱슬리브 (차콜),29cm:4225704,review_count,1.0,"{""brand_eng"": ""FINDOUBT"", ""brand_kor"": ""핀다웃"", ""brand_no"": 81719, ""category1"": ""여성의류"", ""category2"": ""상의"", ""category3"": ""긴소매 티셔츠"", ""category3_code"": 268103102, ""is_new"": false, ""item_no"": 4225704, ""period_sort"": ""ONE_DAY"", ""platform"": ""29cm"", ""ranking_category_code"": ""268103100"", ""ranking_category_name"": ""여성의류>상의"", ""review_avg"": 5.0, ""sale_percent"": 0, ""sale_price"": 92000, ""sold_out"": false, ""url"": ""https://product.29cm.co.kr/catalog/4225704""}",2026-10-10T01:00:29+00:00_fea744f1
2026-10-10T10:00:29+09:00,2026-10-10T01:00:29+00:00,commerce_rank,오디세이 VTG 롱슬리브 (차콜),29cm:4225704@268103100,rank,47.0,"{""brand_eng"": ""FINDOUBT"", ""brand_kor"": ""핀다웃"", ""brand_no"": 81719, ""category1"": ""여성의류"", ""category2"": ""상의"", ""category3"": ""긴소매 티셔츠"", ""category3_code"": 268103102, ""is_new"": false, ""item_no"": 4225704, ""period_sort"": ""ONE_DAY"", ""platform"": ""29cm"", ""ranking_category_code"": ""268103100"", ""ranking_category_name"": ""여성의류>상의"", ""review_avg"": 5.0, ""sale_percent"": 0, ""sale_price"": 92000, ""sold_out"": false, ""url"": ""https://product.29cm.co.kr/catalog/4225704""}",2026-10-10T01:00:29+00:00_fea744f1
2026-10-10T10:00:29+09:00,2026-10-10T01:00:31+00:00,commerce_rank,소프트 울 크롭 티셔츠 [멜란지 그레이],29cm:4230480,heart_count,30.0,"{""brand_eng"": ""passer"", ""brand_kor"": ""빠쎄"", ""brand_no"": 91040, ""category1"": ""남성의류"", ""category2"": ""상의"", ""category3"": ""긴소매 티셔츠"", ""category3_code"": 272103102, ""is_new"": false, ""item_no"": 4230480, ""period_sort"": ""ONE_DAY"", ""platform"": ""29cm"", ""ranking_category_code"": ""272103100"", ""ranking_category_name"": ""남성의류>상의"", ""review_avg"": 0.0, ""sale_percent"": 10, ""sale_price"": 64800, ""sold_out"": false, ""url"": ""https://product.29cm.co.kr/catalog/4230480""}",2026-10-10T01:00:29+00:00_fea744f1
2026-10-10T10:00:29+09:00,2026-10-10T01:00:31+00:00,commerce_rank,소프트 울 크롭 티셔츠 [멜란지 그레이],29cm:4230480,review_count,0.0,"{""brand_eng"": ""passer"", ""brand_kor"": ""빠쎄"", ""brand_no"": 91040, ""category1"": ""남성의류"", ""category2"": ""상의"", ""category3"": ""긴소매 티셔츠"", ""category3_code"": 272103102, ""is_new"": false, ""item_no"": 4230480, ""period_sort"": ""ONE_DAY"", ""platform"": ""29cm"", ""ranking_category_code"": ""272103100"", ""ranking_category_name"": ""남성의류>상의"", ""review_avg"": 0.0, ""sale_percent"": 10, ""sale_price"": 64800, ""sold_out"": false, ""url"": ""https://product.29cm.co.kr/catalog/4230480""}",2026-10-10T01:00:29+00:00_fea744f1
2026-10-10T10:00:29+09:00,2026-10-10T01:00:31+00:00,commerce_rank,소프트 울 크롭 티셔츠 [멜란지 그레이],29cm:4230480@272103100,rank,65.0,"{""brand_eng"": ""passer"", ""brand_kor"": ""빠쎄"", ""brand_no"": 91040, ""category1"": ""남성의류"", ""category2"": ""상의"", ""category3"": ""긴소매 티셔츠"", ""category3_code"": 272103102, ""is_new"": false, ""item_no"": 4230480, ""period_sort"": ""ONE_DAY"", ""platform"": ""29cm"", ""ranking_category_code"": ""272103100"", ""ranking_category_name"": ""남성의류>상의"", ""review_avg"": 0.0, ""sale_percent"": 10, ""sale_price"": 64800, ""sold_out"": false, ""url"": ""https://product.29cm.co.kr/catalog/4230480""}",2026-10-10T01:00:29+00:00_fea744f1
2026-10-10T10:00:29+09:00,2026-10-10T01:00:31+00:00,commerce_rank,슬럽 컷 오프 롱슬리브_4Color,29cm:4232628,heart_count,67.0,"{""brand_eng"": ""MOODINSIDE"", ""brand_kor"": ""무드인사이드"", ""brand_no"": 98995, ""category1"": ""남성의류"", ""category2"": ""상의"", ""category3"": ""긴소매 티셔츠"", ""category3_code"": 272103102, ""is_new"": false, ""item_no"": 4232628, ""period_sort"": ""ONE_DAY"", ""platform"": ""29cm"", ""ranking_category_code"": ""272103100"", ""ranking_category_name"": ""남성의류>상의"", ""review_avg"": 0.0, ""sale_percent"": 50, ""sale_price"": 29900, ""sold_out"": false, ""url"": ""https://product.29cm.co.kr/catalog/4232628""}",2026-10-10T01:00:29+00:00_fea744f1
2026-10-10T10:00:29+09:00,2026-10-10T01:00:31+00:00,commerce_rank,슬럽 컷 오프 롱슬리브_4Color,29cm:4232628,review_count,0.0,"{""brand_eng"": ""MOODINSIDE"", ""brand_kor"": ""무드인사이드"", ""brand_no"": 98995, ""category1"": ""남성의류"", ""category2"": ""상의"", ""category3"": ""긴소매 티셔츠"", ""category3_code"": 272103102, ""is_new"": false, ""item_no"": 4232628, ""period_sort"": ""ONE_DAY"", ""platform"": ""29cm"", ""ranking_category_code"": ""272103100"", ""ranking_category_name"": ""남성의류>상의"", ""review_avg"": 0.0, ""sale_percent"": 50, ""sale_price"": 29900, ""sold_out"": false, ""url"": ""https://product.29cm.co.kr/catalog/4232628""}",2026-10-10T01:00:29+00:00_fea744f1
2026-10-10T10:00:29+09:00,2026-10-10T01:00:31+00:00,commerce_rank,슬럽 컷 오프 롱슬리브_4Color,29cm:4232628@272103100,rank,17.0,"{""brand_eng"": ""MOODINSIDE"", ""brand_kor"": ""무드인사이드"", ""brand_no"": 98995, ""category1"": ""남성의류"", ""category2"": ""상의"", ""category3"": ""긴소매 티셔츠"", ""category3_code"": 272103102, ""is_new"": false, ""item_no"": 4232628, ""period_sort"": ""ONE_DAY"", ""platform"": ""29cm"", ""ranking_category_code"": ""272103100"", ""ranking_category_name"": ""남성의류>상의"", ""review_avg"": 0.0, ""sale_percent"": 50, ""sale_price"": 29900, ""sold_out"": false, ""url"": ""https://product.29cm.co.kr/catalog/4232628""}",2026-10-10T01:00:29+00:00_fea744f1
2026-10-10T10:00:29+09:00,2026-10-10T01:00:29+00:00,commerce_rank,Washed Raglan T-Shirt Mint,29cm:4235734,heart_count,651.0,"{""brand_eng"": ""RENSE"", ""brand_kor"": ""렌세"", ""brand_no"": 72648, ""category1"": ""여성의류"", ""category2"": ""상의"", ""category3"": ""긴소매 티셔츠"", ""category3_code"": 268103102, ""is_new"": false, ""item_no"": 4235734, ""period_sort"": ""ONE_DAY"", ""platform"": ""29cm"", ""ranking_category_code"": ""268103100"", ""ranking_category_name"": ""여성의류>상의"", ""review_avg"": 5.0, ""sale_percent"": 28, ""sale_price"": 38880, ""sold_out"": false, ""url"": ""https://product.29cm.co.kr/catalog/4235734""}",2026-10-10T01:00:29+00:00_fea744f1
2026-10-10T10:00:29+09:00,2026-10-10T01:00:29+00:00,commerce_rank,Washed Raglan T-Shirt Mint,29cm:4235734,review_count,5.0,"{""brand_eng"": ""RENSE"", ""brand_kor"": ""렌세"", ""brand_no"": 72648, ""category1"": ""여성의류"", ""category2"": ""상의"", ""category3"": ""긴소매 티셔츠"", ""category3_code"": 268103102, ""is_new"": false, ""item_no"": 4235734, ""period_sort"": ""ONE_DAY"", ""platform"": ""29cm"", ""ranking_category_code"": ""268103100"", ""ranking_category_name"": ""여성의류>상의"", ""review_avg"": 5.0, ""sale_percent"": 28, ""sale_price"": 38880, ""sold_out"": false, ""url"": ""https://product.29cm.co.kr/catalog/4235734""}",2026-10-10T01:00:29+00:00_fea744f1
2026-10-10T10:00:29+09:00,2026-10-10T01:00:29+00:00,commerce_rank,Washed Raglan T-Shirt Mint,29cm:4235734@268103100,rank,54.0,"{""brand_eng"": ""RENSE"", ""brand_kor"": ""렌세"", ""brand_no"": 72648, ""category1"": ""여성의류"", ""category2"": ""상의"", ""category3"": ""긴소매 티셔츠"", ""category3_code"": 268103102, ""is_new"": false, ""item_no"": 4235734, ""period_sort"": ""ONE_DAY"", ""platform"": ""29cm"", ""ranking_category_code"": ""268103100"", ""ranking_category_name"": ""여성의류>상의"", ""review_avg"": 5.0, ""sale_percent"": 28, ""sale_price"": 38880, ""sold_out"": false, ""url"": ""https://product.29cm.co.kr/catalog/4235734""}",2026-10-10T01:00:29+00:00_fea744f1
2026-10-10T10:00:29+09:00,2026-10-10T01:00:31+00:00,commerce_rank,THERMAL SW HOODIE / NAVY,29cm:4235958,heart_count,8.0,"{""brand_eng"": ""HUMOROUS_ACCOUNT"", ""brand_kor"": ""휴머러스 어카운트"", ""brand_no"": 80883, ""category1"": ""남성의류"", ""category2"": ""상의"", ""category3"": ""후디"", ""category3_code"": 272103108, ""is_new"": false, ""item_no"": 4235958, ""period_sort"": ""ONE_DAY"", ""platform"": ""29cm"", ""ranking_category_code"": ""272103100"", ""ranking_category_name"": ""남성의류>상의"", ""review_avg"": 0.0, ""sale_percent"": 0, ""sale_price"": 168000, ""sold_out"": false, ""url"": ""https://product.29cm.co.kr/catalog/4235958""}",2026-10-10T01:00:29+00:00_fea744f1
2026-10-10T10:00:29+09:00,2026-10-10T01:00:31+00:00,commerce_rank,THERMAL SW HOODIE / NAVY,29cm:4235958,review_count,0.0,"{""brand_eng"": ""HUMOROUS_ACCOUNT"", ""brand_kor"": ""휴머러스 어카운트"", ""brand_no"": 80883, ""category1"": ""남성의류"", ""category2"": ""상의"", ""category3"": ""후디"", ""category3_code"": 272103108, ""is_new"": false, ""item_no"": 4235958, ""period_sort"": ""ONE_DAY"", ""platform"": ""29cm"", ""ranking_category_code"": ""272103100"", ""ranking_category_name"": ""남성의류>상의"", ""review_avg"": 0.0, ""sale_percent"": 0, ""sale_price"": 168000, ""sold_out"": false, ""url"": ""https://product.29cm.co.kr/catalog/4235958""}",2026-10-10T01:00:29+00:00_fea744f1
2026-10-10T10:00:29+09:00,2026-10-10T01:00:31+00:00,commerce_rank,THERMAL SW HOODIE / NAVY,29cm:4235958@272103100,rank,20.0,"{""brand_eng"": ""HUMOROUS_ACCOUNT"", ""brand_kor"": ""휴머러스 어카운트"", ""brand_no"": 80883, ""category1"": ""남성의류"", ""category2"": ""상의"", ""category3"": ""후디"", ""category3_code"": 272103108, ""is_new"": false, ""item_no"": 4235958, ""period_sort"": ""ONE_DAY"", ""platform"": ""29cm"", ""ranking_category_code"": ""272103100"", ""ranking_category_name"": ""남성의류>상의"", ""review_avg"": 0.0, ""sale_percent"": 0, ""sale_price"": 168000, ""sold_out"": false, ""url"": ""https://product.29cm.co.kr/catalog/4235958""}",2026-10-10T01:00:29+00:00_fea744f1
2026-10-10T10:00:29+09:00,2026-10-10T01:00:31+00:00,commerce_rank,MANMADE FLEECE SNAP TEE / FOLIAGE GREEN,29cm:4237661,heart_count,30.0,"{""brand_eng"": ""HUMOROUS_ACCOUNT"", ""brand_kor"": ""휴머러스 어카운트"", ""brand_no"": 80883, ""category1"": ""남성의류"", ""category2"": ""상의"", ""category3"": ""후디"", ""category3_code"": 272103108, ""is_new"": false, ""item_no"": 4237661, ""period_sort"": ""ONE_DAY"", ""platform"": ""29cm"", ""ranking_category_code"": ""272103100"", ""ranking_category_name"": ""남성의류>상의"", ""review_avg"": 0.0, ""sale_percent"": 0, ""sale_price"": 215000, ""sold_out"": false, ""url"": ""https://product.29cm.co.kr/catalog/4237661""}",2026-10-10T01:00:29+00:00_fea744f1
2026-10-10T10:00:29+09:00,2026-10-10T01:00:31+00:00,commerce_rank,MANMADE FLEECE SNAP TEE / FOLIAGE GREEN,29cm:4237661,review_count,0.0,"{""brand_eng"": ""HUMOROUS_ACCOUNT"", ""brand_kor"": ""휴머러스 어카운트"", ""brand_no"": 80883, ""category1"": ""남성의류"", ""category2"": ""상의"", ""category3"": ""후디"", ""category3_code"": 272103108, ""is_new"": false, ""item_no"": 4237661, ""period_sort"": ""ONE_DAY"", ""platform"": ""29cm"", ""ranking_category_code"": ""272103100"", ""ranking_category_name"": ""남성의류>상의"", ""review_avg"": 0.0, ""sale_percent"": 0, ""sale_price"": 215000, ""sold_out"": false, ""url"": ""https://product.29cm.co.kr/catalog/4237661""}",2026-10-10T01:00:29+00:00_fea744f1
2026-10-10T10:00:29+09:00,2026-10-10T01:00:31+00:00,commerce_rank,MANMADE FLEECE SNAP TEE / FOLIAGE GREEN,29cm:4237661@272103100,rank,92.0,"{""brand_eng"": ""HUMOROUS_ACCOUNT"", ""brand_kor"": ""휴머러스 어카운트"", ""brand_no"": 80883, ""category1"": ""남성의류"", ""category2"": ""상의"", ""category3"": ""후디"", ""category3_code"": 272103108, ""is_new"": false, ""item_no"": 4237661, ""period_sort"": ""ONE_DAY"", ""platform"": ""29cm"", ""ranking_category_code"": ""272103100"", ""ranking_category_name"": ""남성의류>상의"", ""review_avg"": 0.0, ""sale_percent"": 0, ""sale_price"": 215000, ""sold_out"": false, ""url"": ""https://product.29cm.co.kr/catalog/4237661""}",2026-10-10T01:00:29+00:00_fea744f1
2026-10-10T10:00:29+09:00,2026-10-10T01:00:29+00:00,commerce_rank,카울 레이스 롱슬리브 베이지,29cm:4245611,heart_count,251.0,"{""brand_eng"": ""ILLIGO"", ""brand_kor"": ""일리고"", ""brand_no"": 13364, ""category1"": ""여성의류"", ""category2"": ""상의"", ""category3"": ""긴소매 티셔츠"", ""category3_code"": 268103102, ""is_new"": true, ""item_no"": 4245611, ""period_sort"": ""ONE_DAY"", ""platform"": ""29cm"", ""ranking_category_code"": ""268103100"", ""ranking_category_name"": ""여성의류>상의"", ""review_avg"": 4.0, ""sale_percent"": 23, ""sale_price"": 64800, ""sold_out"": false, ""url"": ""https://product.29cm.co.kr/catalog/4245611""}",2026-10-10T01:00:29+00:00_fea744f1
2026-10-10T10:00:29+09:00,2026-10-10T01:00:29+00:00,commerce_rank,카울 레이스 롱슬리브 베이지,29cm:4245611,review_count,1.0,"{""brand_eng"": ""ILLIGO"", ""brand_kor"": ""일리고"", ""brand_no"": 13364, ""category1"": ""여성의류"", ""category2"": ""상의"", ""category3"": ""긴소매 티셔츠"", ""category3_code"": 268103102, ""is_new"": true, ""item_no"": 4245611, ""period_sort"": ""ONE_DAY"", ""platform"": ""29cm"", ""ranking_category_code"": ""268103100"", ""ranking_category_name"": ""여성의류>상의"", ""review_avg"": 4.0, ""sale_percent"": 23, ""sale_price"": 64800, ""sold_out"": false, ""url"": ""https://product.29cm.co.kr/catalog/4245611""}",2026-10-10T01:00:29+00:00_fea744f1
2026-10-10T10:00:29+09:00,2026-10-10T01:00:29+00:00,commerce_rank,카울 레이스 롱슬리브 베이지,29cm:4245611@268103100,rank,58.0,"{""brand_eng"": ""ILLIGO"", ""brand_kor"": ""일리고"", ""brand_no"": 13364, ""category1"": ""여성의류"", ""category2"": ""상의"", ""category3"": ""긴소매 티셔츠"", ""category3_code"": 268103102, ""is_new"": true, ""item_no"": 4245611, ""period_sort"": ""ONE_DAY"", ""platform"": ""29cm"", ""ranking_category_code"": ""268103100"", ""ranking_category_name"": ""여성의류>상의"", ""review_avg"": 4.0, ""sale_percent"": 23, ""sale_price"": 64800, ""sold_out"": false, ""url"": ""https://product.29cm.co.kr/catalog/4245611""}",2026-10-10T01:00:29+00:00_fea744f1
2026-10-10T10:00:29+09:00,2026-10-10T01:00:31+00:00,commerce_rank,DECADES LS TEE / CHARCOAL,29cm:4247004,heart_count,4.0,"{""brand_eng"": ""POSR"", ""brand_kor"": ""피오에스알"", ""brand_no"": 120961, ""category1"": ""여성의류"", ""category2"": ""상의"", ""category3"": ""긴소매 티셔츠"", ""category3_code"": 268103102, ""is_new"": false, ""item_no"": 4247004, ""period_sort"": ""ONE_DAY"", ""platform"": ""29cm"", ""ranking_category_code"": ""272103100"", ""ranking_category_name"": ""남성의류>상의"", ""review_avg"": 0.0, ""sale_percent"": 0, ""sale_price"": 89000, ""sold_out"": false, ""url"": ""https://product.29cm.co.kr/catalog/4247004""}",2026-10-10T01:00:29+00:00_fea744f1
2026-10-10T10:00:29+09:00,2026-10-10T01:00:31+00:00,commerce_rank,DECADES LS TEE / CHARCOAL,29cm:4247004,review_count,0.0,"{""brand_eng"": ""POSR"", ""brand_kor"": ""피오에스알"", ""brand_no"": 120961, ""category1"": ""여성의류"", ""category2"": ""상의"", ""category3"": ""긴소매 티셔츠"", ""category3_code"": 268103102, ""is_new"": false, ""item_no"": 4247004, ""period_sort"": ""ONE_DAY"", ""platform"": ""29cm"", ""ranking_category_code"": ""272103100"", ""ranking_category_name"": ""남성의류>상의"", ""review_avg"": 0.0, ""sale_percent"": 0, ""sale_price"": 89000, ""sold_out"": false, ""url"": ""https://product.29cm.co.kr/catalog/4247004""}",2026-10-10T01:00:29+00:00_fea744f1
2026-10-10T10:00:29+09:00,2026-10-10T01:00:31+00:00,commerce_rank,DECADES LS TEE / CHARCOAL,29cm:4247004@272103100,rank,83.0,"{""brand_eng"": ""POSR"", ""brand_kor"": ""피오에스알"", ""brand_no"": 120961, ""category1"": ""여성의류"", ""category2"": ""상의"", ""category3"": ""긴소매 티셔츠"", ""category3_code"": 268103102, ""is_new"": false, ""item_no"": 4247004, ""period_sort"": ""ONE_DAY"", ""platform"": ""29cm"", ""ranking_category_code"": ""272103100"", ""ranking_category_name"": ""남성의류>상의"", ""review_avg"": 0.0, ""sale_percent"": 0, ""sale_price"": 89000, ""sold_out"": false, ""url"": ""https://product.29cm.co.kr/catalog/4247004""}",2026-10-10T01:00:29+00:00_fea744f1
2026-10-10T10:00:29+09:00,2026-10-10T01:00:29+00:00,commerce_rank,[예약주문 11/03 순차배송] Miro v-neck pullover (Camel orange),29cm:4257866,heart_count,524.0,"{""brand_eng"": ""Nothing written"", ""brand_kor"": ""낫띵리튼"", ""brand_no"": 4279, ""category1"": ""여성의류"", ""category2"": ""상의"", ""category3"": ""셔츠"", ""category3_code"": 268103106, ""is_new"": false, ""item_no"": 4257866, ""period_sort"": ""ONE_DAY"", ""platform"": ""29cm"", ""ranking_category_code"": ""268103100"", ""ranking_category_name"": ""여성의류>상의"", ""review_avg"": 5.0, ""sale_percent"": 5, ""sale_price"": 227050, ""sold_out"": false, ""url"": ""https://product.29cm.co.kr/catalog/4257866""}",2026-10-10T01:00:29+00:00_fea744f1
2026-10-10T10:00:29+09:00,2026-10-10T01:00:29+00:00,commerce_rank,[예약주문 11/03 순차배송] Miro v-neck pullover (Camel orange),29cm:4257866,review_count,1.0,"{""brand_eng"": ""Nothing written"", ""brand_kor"": ""낫띵리튼"", ""brand_no"": 4279, ""category1"": ""여성의류"", ""category2"": ""상의"", ""category3"": ""셔츠"", ""category3_code"": 268103106, ""is_new"": false, ""item_no"": 4257866, ""period_sort"": ""ONE_DAY"", ""platform"": ""29cm"", ""ranking_category_code"": ""268103100"", ""ranking_category_name"": ""여성의류>상의"", ""review_avg"": 5.0, ""sale_percent"": 5, ""sale_price"": 227050, ""sold_out"": false, ""url"": ""https://product.29cm.co.kr/catalog/4257866""}",2026-10-10T01:00:29+00:00_fea744f1
2026-10-10T10:00:29+09:00,2026-10-10T01:00:29+00:00,commerce_rank,[예약주문 11/03 순차배송] Miro v-neck pullover (Camel orange),29cm:4257866@268103100,rank,15.0,"{""brand_eng"": ""Nothing written"", ""brand_kor"": ""낫띵리튼"", ""brand_no"": 4279, ""category1"": ""여성의류"", ""category2"": ""상의"", ""category3"": ""셔츠"", ""category3_code"": 268103106, ""is_new"": false, ""item_no"": 4257866, ""period_sort"": ""ONE_DAY"", ""platform"": ""29cm"", ""ranking_category_code"": ""268103100"", ""ranking_category_name"": ""여성의류>상의"", ""review_avg"": 5.0, ""sale_percent"": 5, ""sale_price"": 227050, ""sold_out"": false, ""url"": ""https://product.29cm.co.kr/catalog/4257866""}",2026-10-10T01:00:29+00:00_fea744f1
2026-10-10T10:00:29+09:00,2026-10-10T01:00:31+00:00,commerce_rank,코튼 블렌드 맨즈 스트레치 셔츠,29cm:4266737,heart_count,0.0,"{""brand_eng"": ""ANDAR"", ""brand_kor"": ""안다르"", ""brand_no"": 20772, ""category1"": ""남성의류"", ""category2"": ""상의"", ""category3"": ""긴소매 셔츠"", ""category3_code"": 272103106, ""is_new"": false, ""item_no"": 4266737, ""period_sort"": ""ONE_DAY"", ""platform"": ""29cm"", ""ranking_category_code"": ""272103100"", ""ranking_category_name"": ""남성의류>상의"", ""review_avg"": 0.0, ""sale_percent"": 10, ""sale_price"": 65700, ""sold_out"": false, ""url"": ""https://product.29cm.co.kr/catalog/4266737""}",2026-10-10T01:00:29+00:00_fea744f1
2026-10-10T10:00:29+09:00,2026-10-10T01:00:31+00:00,commerce_rank,코튼 블렌드 맨즈 스트레치 셔츠,29cm:4266737,review_count,0.0,"{""brand_eng"": ""ANDAR"", ""brand_kor"": ""안다르"", ""brand_no"": 20772, ""category1"": ""남성의류"", ""category2"": ""상의"", ""category3"": ""긴소매 셔츠"", ""category3_code"": 272103106, ""is_new"": false, ""item_no"": 4266737, ""period_sort"": ""ONE_DAY"", ""platform"": ""29cm"", ""ranking_category_code"": ""272103100"", ""ranking_category_name"": ""남성의류>상의"", ""review_avg"": 0.0, ""sale_percent"": 10, ""sale_price"": 65700, ""sold_out"": false, ""url"": ""https://product.29cm.co.kr/catalog/4266737""}",2026-10-10T01:00:29+00:00_fea744f1
2026-10-10T10:00:29+09:00,2026-10-10T01:00:31+00:00,commerce_rank,코튼 블렌드 맨즈 스트레치 셔츠,29cm:4266737@272103100,rank,42.0,"{""brand_eng"": ""ANDAR"", ""brand_kor"": ""안다르"", ""brand_no"": 20772, ""category1"": ""남성의류"", ""category2"": ""상의"", ""category3"": ""긴소매 셔츠"", ""category3_code"": 272103106, ""is_new"": false, ""item_no"": 4266737, ""period_sort"": ""ONE_DAY"", ""platform"": ""29cm"", ""ranking_category_code"": ""272103100"", ""ranking_category_name"": ""남성의류>상의"", ""review_avg"": 0.0, ""sale_percent"": 10, ""sale_price"": 65700, ""sold_out"": false, ""url"": ""https://product.29cm.co.kr/catalog/4266737""}",2026-10-10T01:00:29+00:00_fea744f1
2026-10-10T10:00:29+09:00,2026-10-10T01:00:31+00:00,commerce_rank,SEMI CROP SMALL CHECK SHIRT [DEEP GREEN],29cm:4273447,heart_count,21.0,"{""brand_eng"": ""UNION BLUE"", ""brand_kor"": ""유니온 블루"", ""brand_no"": 13510, ""category1"": ""남성의류"", ""category2"": ""상의"", ""category3"": ""긴소매 셔츠"", ""category3_code"": 272103106, ""is_new"": true, ""item_no"": 4273447, ""period_sort"": ""ONE_DAY"", ""platform"": ""29cm"", ""ranking_category_code"": ""272103100"", ""ranking_category_name"": ""남성의류>상의"", ""review_avg"": 0.0, ""sale_percent"": 15, ""sale_price"": 69700, ""sold_out"": false, ""url"": ""https://product.29cm.co.kr/catalog/4273447""}",2026-10-10T01:00:29+00:00_fea744f1
2026-10-10T10:00:29+09:00,2026-10-10T01:00:31+00:00,commerce_rank,SEMI CROP SMALL CHECK SHIRT [DEEP GREEN],29cm:4273447,review_count,0.0,"{""brand_eng"": ""UNION BLUE"", ""brand_kor"": ""유니온 블루"", ""brand_no"": 13510, ""category1"": ""남성의류"", ""category2"": ""상의"", ""category3"": ""긴소매 셔츠"", ""category3_code"": 272103106, ""is_new"": true, ""item_no"": 4273447, ""period_sort"": ""ONE_DAY"", ""platform"": ""29cm"", ""ranking_category_code"": ""272103100"", ""ranking_category_name"": ""남성의류>상의"", ""review_avg"": 0.0, ""sale_percent"": 15, ""sale_price"": 69700, ""sold_out"": false, ""url"": ""https://product.29cm.co.kr/catalog/4273447""}",2026-10-10T01:00:29+00:00_fea744f1
2026-10-10T10:00:29+09:00,2026-10-10T01:00:31+00:00,commerce_rank,SEMI CROP SMALL CHECK SHIRT [DEEP GREEN],29cm:4273447@272103100,rank,19.0,"{""brand_eng"": ""UNION BLUE"", ""brand_kor"": ""유니온 블루"", ""brand_no"": 13510, ""category1"": ""남성의류"", ""category2"": ""상의"", ""category3"": ""긴소매 셔츠"", ""category3_code"": 272103106, ""is_new"": true, ""item_no"": 4273447, ""period_sort"": ""ONE_DAY"", ""platform"": ""29cm"", ""ranking_category_code"": ""272103100"", ""ranking_category_name"": ""남성의류>상의"", ""review_avg"": 0.0, ""sale_percent"": 15, ""sale_price"": 69700, ""sold_out"": false, ""url"": ""https://product.29cm.co.kr/catalog/4273447""}",2026-10-10T01:00:29+00:00_fea744f1
2026-10-10T10:00:29+09:00,2026-10-10T01:00:31+00:00,commerce_rank,SEMI CROP CHECK SHIRT [SQUARE BLACK],29cm:4273530,heart_count,13.0,"{""brand_eng"": ""UNION BLUE"", ""brand_kor"": ""유니온 블루"", ""brand_no"": 13510, ""category1"": ""남성의류"", ""category2"": ""상의"", ""category3"": ""긴소매 셔츠"", ""category3_code"": 272103106, ""is_new"": true, ""item_no"": 4273530, ""period_sort"": ""ONE_DAY"", ""platform"": ""29cm"", ""ranking_category_code"": ""272103100"", ""ranking_category_name"": ""남성의류>상의"", ""review_avg"": 0.0, ""sale_percent"": 15, ""sale_price"": 69700, ""sold_out"": false, ""url"": ""https://product.29cm.co.kr/catalog/4273530""}",2026-10-10T01:00:29+00:00_fea744f1
2026-10-10T10:00:29+09:00,2026-10-10T01:00:31+00:00,commerce_rank,SEMI CROP CHECK SHIRT [SQUARE BLACK],29cm:4273530,review_count,0.0,"{""brand_eng"": ""UNION BLUE"", ""brand_kor"": ""유니온 블루"", ""brand_no"": 13510, ""category1"": ""남성의류"", ""category2"": ""상의"", ""category3"": ""긴소매 셔츠"", ""category3_code"": 272103106, ""is_new"": true, ""item_no"": 4273530, ""period_sort"": ""ONE_DAY"", ""platform"": ""29cm"", ""ranking_category_code"": ""272103100"", ""ranking_category_name"": ""남성의류>상의"", ""review_avg"": 0.0, ""sale_percent"": 15, ""sale_price"": 69700, ""sold_out"": false, ""url"": ""https://product.29cm.co.kr/catalog/4273530""}",2026-10-10T01:00:29+00:00_fea744f1
2026-10-10T10:00:29+09:00,2026-10-10T01:00:31+00:00,commerce_rank,SEMI CROP CHECK SHIRT [SQUARE BLACK],29cm:4273530@272103100,rank,75.0,"{""brand_eng"": ""UNION BLUE"", ""brand_kor"": ""유니온 블루"", ""brand_no"": 13510, ""category1"": ""남성의류"", ""category2"": ""상의"", ""category3"": ""긴소매 셔츠"", ""category3_code"": 272103106, ""is_new"": true, ""item_no"": 4273530, ""period_sort"": ""ONE_DAY"", ""platform"": ""29cm"", ""ranking_category_code"": ""272103100"", ""ranking_category_name"": ""남성의류>상의"", ""review_avg"": 0.0, ""sale_percent"": 15, ""sale_price"": 69700, ""sold_out"": false, ""url"": ""https://product.29cm.co.kr/catalog/4273530""}",2026-10-10T01:00:29+00:00_fea744f1
2026-10-10T10:00:29+09:00,2026-10-10T01:00:31+00:00,commerce_rank,라이트 플리스 터틀넥 긴팔 티셔츠 2ATAX26515BKS,29cm:4286239,heart_count,0.0,"{""brand_eng"": ""BOLDEST"", ""brand_kor"": ""볼디스트"", ""brand_no"": 20702, ""category1"": ""남성의류"", ""category2"": ""상의"", ""category3"": ""반소매 티셔츠"", ""category3_code"": 272103101, ""is_new"": true, ""item_no"": 4286239, ""period_sort"": ""ONE_DAY"", ""platform"": ""29cm"", ""ranking_category_code"": ""272103100"", ""ranking_category_name"": ""남성의류>상의"", ""review_avg"": 0.0, ""sale_percent"": 0, ""sale_price"": 79000, ""sold_out"": false, ""url"": ""https://product.29cm.co.kr/catalog/4286239""}",2026-10-10T01:00:29+00:00_fea744f1
2026-10-10T10:00:29+09:00,2026-10-10T01:00:31+00:00,commerce_rank,라이트 플리스 터틀넥 긴팔 티셔츠 2ATAX26515BKS,29cm:4286239,review_count,0.0,"{""brand_eng"": ""BOLDEST"", ""brand_kor"": ""볼디스트"", ""brand_no"": 20702, ""category1"": ""남성의류"", ""category2"": ""상의"", ""category3"": ""반소매 티셔츠"", ""category3_code"": 272103101, ""is_new"": true, ""item_no"": 4286239, ""period_sort"": ""ONE_DAY"", ""platform"": ""29cm"", ""ranking_category_code"": ""272103100"", ""ranking_category_name"": ""남성의류>상의"", ""review_avg"": 0.0, ""sale_percent"": 0, ""sale_price"": 79000, ""sold_out"": false, ""url"": ""https://product.29cm.co.kr/catalog/4286239""}",2026-10-10T01:00:29+00:00_fea744f1
2026-10-10T10:00:29+09:00,2026-10-10T01:00:31+00:00,commerce_rank,라이트 플리스 터틀넥 긴팔 티셔츠 2ATAX26515BKS,29cm:4286239@272103100,rank,80.0,"{""brand_eng"": ""BOLDEST"", ""brand_kor"": ""볼디스트"", ""brand_no"": 20702, ""category1"": ""남성의류"", ""category2"": ""상의"", ""category3"": ""반소매 티셔츠"", ""category3_code"": 272103101, ""is_new"": true, ""item_no"": 4286239, ""period_sort"": ""ONE_DAY"", ""platform"": ""29cm"", ""ranking_category_code"": ""272103100"", ""ranking_category_name"": ""남성의류>상의"", ""review_avg"": 0.0, ""sale_percent"": 0, ""sale_price"": 79000, ""sold_out"": false, ""url"": ""https://product.29cm.co.kr/catalog/4286239""}",2026-10-10T01:00:29+00:00_fea744f1
2026-10-10T10:00:29+09:00,2026-10-10T01:00:31+00:00,commerce_rank,Oversized Sweat Shirt (8color),29cm:642847,heart_count,6944.0,"{""brand_eng"": ""rough side"", ""brand_kor"": ""러프사이드"", ""brand_no"": 3821, ""category1"": ""남성의류"", ""category2"": ""상의"", ""category3"": ""스웨트셔츠"", ""category3_code"": 272103107, ""is_new"": false, ""item_no"": 642847, ""period_sort"": ""ONE_DAY"", ""platform"": ""29cm"", ""ranking_category_code"": ""272103100"", ""ranking_category_name"": ""남성의류>상의"", ""review_avg"": 5.0, ""sale_percent"": 0, ""sale_price"": 98000, ""sold_out"": false, ""url"": ""https://product.29cm.co.kr/catalog/642847""}",2026-10-10T01:00:29+00:00_fea744f1
2026-10-10T10:00:29+09:00,2026-10-10T01:00:31+00:00,commerce_rank,Oversized Sweat Shirt (8color),29cm:642847,review_count,839.0,"{""brand_eng"": ""rough side"", ""brand_kor"": ""러프사이드"", ""brand_no"": 3821, ""category1"": ""남성의류"", ""category2"": ""상의"", ""category3"": ""스웨트셔츠"", ""category3_code"": 272103107, ""is_new"": false, ""item_no"": 642847, ""period_sort"": ""ONE_DAY"", ""platform"": ""29cm"", ""ranking_category_code"": ""272103100"", ""ranking_category_name"": ""남성의류>상의"", ""review_avg"": 5.0, ""sale_percent"": 0, ""sale_price"": 98000, ""sold_out"": false, ""url"": ""https://product.29cm.co.kr/catalog/642847""}",2026-10-10T01:00:29+00:00_fea744f1
2026-10-10T10:00:29+09:00,2026-10-10T01:00:31+00:00,commerce_rank,Oversized Sweat Shirt (8color),29cm:642847@272103100,rank,63.0,"{""brand_eng"": ""rough side"", ""brand_kor"": ""러프사이드"", ""brand_no"": 3821, ""category1"": ""남성의류"", ""category2"": ""상의"", ""category3"": ""스웨트셔츠"", ""category3_code"": 272103107, ""is_new"": false, ""item_no"": 642847, ""period_sort"": ""ONE_DAY"", ""platform"": ""29cm"", ""ranking_category_code"": ""272103100"", ""ranking_category_name"": ""남성의류>상의"", ""review_avg"": 5.0, ""sale_percent"": 0, ""sale_price"": 98000, ""sold_out"": false, ""url"": ""https://product.29cm.co.kr/catalog/642847""}",2026-10-10T01:00:29+00:00_fea744f1
2026-10-10T10:00:29+09:00,2026-10-10T01:00:31+00:00,commerce_rank,미니멀프로젝트 로버스트 헤비 오버핏 반팔티셔츠 MST127 / 9color M,29cm:671590,heart_count,6772.0,"{""brand_eng"": ""MINIMAL PROJECT"", ""brand_kor"": ""미니멀프로젝트"", ""brand_no"": 6262, ""category1"": ""남성의류"", ""category2"": ""상의"", ""category3"": ""반소매 티셔츠"", ""category3_code"": 272103101, ""is_new"": false, ""item_no"": 671590, ""period_sort"": ""ONE_DAY"", ""platform"": ""29cm"", ""ranking_category_code"": ""272103100"", ""ranking_category_name"": ""남성의류>상의"", ""review_avg"": 4.5, ""sale_percent"": 47, ""sale_price"": 18950, ""sold_out"": false, ""url"": ""https://product.29cm.co.kr/catalog/671590""}",2026-10-10T01:00:29+00:00_fea744f1
2026-10-10T10:00:29+09:00,2026-10-10T01:00:31+00:00,commerce_rank,미니멀프로젝트 로버스트 헤비 오버핏 반팔티셔츠 MST127 / 9color M,29cm:671590,review_count,5165.0,"{""brand_eng"": ""MINIMAL PROJECT"", ""brand_kor"": ""미니멀프로젝트"", ""brand_no"": 6262, ""category1"": ""남성의류"", ""category2"": ""상의"", ""category3"": ""반소매 티셔츠"", ""category3_code"": 272103101, ""is_new"": false, ""item_no"": 671590, ""period_sort"": ""ONE_DAY"", ""platform"": ""29cm"", ""ranking_category_code"": ""272103100"", ""ranking_category_name"": ""남성의류>상의"", ""review_avg"": 4.5, ""sale_percent"": 47, ""sale_price"": 18950, ""sold_out"": false, ""url"": ""https://product.29cm.co.kr/catalog/671590""}",2026-10-10T01:00:29+00:00_fea744f1
2026-10-10T10:00:29+09:00,2026-10-10T01:00:31+00:00,commerce_rank,미니멀프로젝트 로버스트 헤비 오버핏 반팔티셔츠 MST127 / 9color M,29cm:671590@272103100,rank,18.0,"{""brand_eng"": ""MINIMAL PROJECT"", ""brand_kor"": ""미니멀프로젝트"", ""brand_no"": 6262, ""category1"": ""남성의류"", ""category2"": ""상의"", ""category3"": ""반소매 티셔츠"", ""category3_code"": 272103101, ""is_new"": false, ""item_no"": 671590, ""period_sort"": ""ONE_DAY"", ""platform"": ""29cm"", ""ranking_category_code"": ""272103100"", ""ranking_category_name"": ""남성의류>상의"", ""review_avg"": 4.5, ""sale_percent"": 47, ""sale_price"": 18950, ""sold_out"": false, ""url"": ""https://product.29cm.co.kr/catalog/671590""}",2026-10-10T01:00:29+00:00_fea744f1
2026-10-10T10:00:29+09:00,2026-10-10T01:00:31+00:00,commerce_rank,[스페셜오더] ONE POCKET T-SHIRT new ver. (12 COLORS),29cm:993892,heart_count,11789.0,"{""brand_eng"": ""EASTLOGUE PERMANENT"", ""brand_kor"": ""이스트로그 퍼머넌트"", ""brand_no"": 9323, ""category1"": ""여성의류"", ""category2"": ""상의"", ""category3"": ""반소매 티셔츠"", ""category3_code"": 268103101, ""is_new"": false, ""item_no"": 993892, ""period_sort"": ""ONE_DAY"", ""platform"": ""29cm"", ""ranking_category_code"": ""272103100"", ""ranking_category_name"": ""남성의류>상의"", ""review_avg"": 5.0, ""sale_percent"": 5, ""sale_price"": 45600, ""sold_out"": false, ""url"": ""https://product.29cm.co.kr/catalog/993892""}",2026-10-10T01:00:29+00:00_fea744f1
2026-10-10T10:00:29+09:00,2026-10-10T01:00:31+00:00,commerce_rank,[스페셜오더] ONE POCKET T-SHIRT new ver. (12 COLORS),29cm:993892,review_count,2400.0,"{""brand_eng"": ""EASTLOGUE PERMANENT"", ""brand_kor"": ""이스트로그 퍼머넌트"", ""brand_no"": 9323, ""category1"": ""여성의류"", ""category2"": ""상의"", ""category3"": ""반소매 티셔츠"", ""category3_code"": 268103101, ""is_new"": false, ""item_no"": 993892, ""period_sort"": ""ONE_DAY"", ""platform"": ""29cm"", ""ranking_category_code"": ""272103100"", ""ranking_category_name"": ""남성의류>상의"", ""review_avg"": 5.0, ""sale_percent"": 5, ""sale_price"": 45600, ""sold_out"": false, ""url"": ""https://product.29cm.co.kr/catalog/993892""}",2026-10-10T01:00:29+00:00_fea744f1
2026-10-10T10:00:29+09:00,2026-10-10T01:00:31+00:00,commerce_rank,[스페셜오더] ONE POCKET T-SHIRT new ver. (12 COLORS),29cm:993892@272103100,rank,1.0,"{""brand_eng"": ""EASTLOGUE PERMANENT"", ""brand_kor"": ""이스트로그 퍼머넌트"", ""brand_no"": 9323, ""category1"": ""여성의류"", ""category2"": ""상의"", ""category3"": ""반소매 티셔츠"", ""category3_code"": 268103101, ""is_new"": false, ""item_no"": 993892, ""period_sort"": ""ONE_DAY"", ""platform"": ""29cm"", ""ranking_category_code"": ""272103100"", ""ranking_category_name"": ""남성의류>상의"", ""review_avg"": 5.0, ""sale_percent"": 5, ""sale_price"": 45600, ""sold_out"": false, ""url"": ""https://product.29cm.co.kr/catalog/993892""}",2026-10-10T01:00:29+00:00_fea744f1
2026-10-10T22:00:06+09:00,2026-10-10T13:00:07+00:00,commerce_rank,[스페셜오더] 컴포트 D-600 Comfortable Oxford Shirt (5color),29cm:1206216,heart_count,2627.0,"{""brand_eng"": ""PRODE SHIRT"", ""brand_kor"": ""프로드셔츠"", ""brand_no"": 10939, ""category1"": ""남성의류"", ""category2"": ""상의"", ""category3"": ""긴소매 셔츠"", ""category3_code"": 272103106, ""is_new"": false, ""item_no"": 1206216, ""period_sort"": ""ONE_DAY"", ""platform"": ""29cm"", ""ranking_category_code"": ""272103100"", ""ranking_category_name"": ""남성의류>상의"", ""review_avg"": 5.0, ""sale_percent"": 0, ""sale_price"": 128000, ""sold_out"": false, ""url"": ""https://product.29cm.co.kr/catalog/1206216""}",2026-10-10T13:00:06+00:00_caa68351
2026-10-10T22:00:06+09:00,2026-10-10T13:00:07+00:00,commerce_rank,[스페셜오더] 컴포트 D-600 Comfortable Oxford Shirt (5color),29cm:1206216,review_count,382.0,"{""brand_eng"": ""PRODE SHIRT"", ""brand_kor"": ""프로드셔츠"", ""brand_no"": 10939, ""category1"": ""남성의류"", ""category2"": ""상의"", ""category3"": ""긴소매 셔츠"", ""category3_code"": 272103106, ""is_new"": false, ""item_no"": 1206216, ""period_sort"": ""ONE_DAY"", ""platform"": ""29cm"", ""ranking_category_code"": ""272103100"", ""ranking_category_name"": ""남성의류>상의"", ""review_avg"": 5.0, ""sale_percent"": 0, ""sale_price"": 128000, ""sold_out"": false, ""url"": ""https://product.29cm.co.kr/catalog/1206216""}",2026-10-10T13:00:06+00:00_caa68351
2026-10-10T22:00:06+09:00,2026-10-10T13:00:07+00:00,commerce_rank,[스페셜오더] 컴포트 D-600 Comfortable Oxford Shirt (5color),29cm:1206216@272103100,rank,88.0,"{""brand_eng"": ""PRODE SHIRT"", ""brand_kor"": ""프로드셔츠"", ""brand_no"": 10939, ""category1"": ""남성의류"", ""category2"": ""상의"", ""category3"": ""긴소매 셔츠"", ""category3_code"": 272103106, ""is_new"": false, ""item_no"": 1206216, ""period_sort"": ""ONE_DAY"", ""platform"": ""29cm"", ""ranking_category_code"": ""272103100"", ""ranking_category_name"": ""남성의류>상의"", ""review_avg"": 5.0, ""sale_percent"": 0, ""sale_price"": 128000, ""sold_out"": false, ""url"": ""https://product.29cm.co.kr/catalog/1206216""}",2026-10-10T13:00:06+00:00_caa68351
2026-10-10T22:00:06+09:00,2026-10-10T13:00:06+00:00,commerce_rank,[43th][서예지 PICK] [ESSENTIAL] ESSENTIAL ROUND TOP_10 COLOR,29cm:1403398,heart_count,19309.0,"{""brand_eng"": ""NICK&NICOLE"", ""brand_kor"": ""닉앤니콜"", ""brand_no"": 6442, ""category1"": ""여성의류"", ""category2"": ""상의"", ""category3"": ""긴소매 티셔츠"", ""category3_code"": 268103102, ""is_new"": false, ""item_no"": 1403398, ""period_sort"": ""ONE_DAY"", ""platform"": ""29cm"", ""ranking_category_code"": ""268103100"", ""ranking_category_name"": ""여성의류>상의"", ""review_avg"": 4.5, ""sale_percent"": 47, ""sale_price"": 20480, ""sold_out"": false, ""url"": ""https://product.29cm.co.kr/catalog/1403398""}",2026-10-10T13:00:06+00:00_caa68351
2026-10-10T22:00:06+09:00,2026-10-10T13:00:06+00:00,commerce_rank,[43th][서예지 PICK] [ESSENTIAL] ESSENTIAL ROUND TOP_10 COLOR,29cm:1403398,review_count,2383.0,"{""brand_eng"": ""NICK&NICOLE"", ""brand_kor"": ""닉앤니콜"", ""brand_no"": 6442, ""category1"": ""여성의류"", ""category2"": ""상의"", ""category3"": ""긴소매 티셔츠"", ""category3_code"": 268103102, ""is_new"": false, ""item_no"": 1403398, ""period_sort"": ""ONE_DAY"", ""platform"": ""29cm"", ""ranking_category_code"": ""268103100"", ""ranking_category_name"": ""여성의류>상의"", ""review_avg"": 4.5, ""sale_percent"": 47, ""sale_price"": 20480, ""sold_out"": false, ""url"": ""https://product.29cm.co.kr/catalog/1403398""}",2026-10-10T13:00:06+00:00_caa68351
2026-10-10T22:00:06+09:00,2026-10-10T13:00:06+00:00,commerce_rank,[43th][서예지 PICK] [ESSENTIAL] ESSENTIAL ROUND TOP_10 COLOR,29cm:1403398@268103100,rank,87.0,"{""brand_eng"": ""NICK&NICOLE"", ""brand_kor"": ""닉앤니콜"", ""brand_no"": 6442, ""category1"": ""여성의류"", ""category2"": ""상의"", ""category3"": ""긴소매 티셔츠"", ""category3_code"": 268103102, ""is_new"": false, ""item_no"": 1403398, ""period_sort"": ""ONE_DAY"", ""platform"": ""29cm"", ""ranking_category_code"": ""268103100"", ""ranking_category_name"": ""여성의류>상의"", ""review_avg"": 4.5, ""sale_percent"": 47, ""sale_price"": 20480, ""sold_out"": false, ""url"": ""https://product.29cm.co.kr/catalog/1403398""}",2026-10-10T13:00:06+00:00_caa68351
2026-10-10T22:00:06+09:00,2026-10-10T13:00:07+00:00,commerce_rank,[2PACK] 수피마 코튼 티셔츠,29cm:1501688,heart_count,3786.0,"{""brand_eng"": ""COOR"", ""brand_kor"": ""쿠어"", ""brand_no"": 15326, ""category1"": ""남성의류"", ""category2"": ""상의"", ""category3"": ""반소매 티셔츠"", ""category3_code"": 272103101, ""is_new"": false, ""item_no"": 1501688, ""period_sort"": ""ONE_DAY"", ""platform"": ""29cm"", ""ranking_category_code"": ""272103100"", ""ranking_category_name"": ""남성의류>상의"", ""review_avg"": 5.0, ""sale_percent"": 45, ""sale_price"": 44900, ""sold_out"": false, ""url"": ""https://product.29cm.co.kr/catalog/1501688""}",2026-10-10T13:00:06+00:00_caa68351
2026-10-10T22:00:06+09:00,2026-10-10T13:00:07+00:00,commerce_rank,[2PACK] 수피마 코튼 티셔츠,29cm:1501688,review_count,798.0,"{""brand_eng"": ""COOR"", ""brand_kor"": ""쿠어"", ""brand_no"": 15326, ""category1"": ""남성의류"", ""category2"": ""상의"", ""category3"": ""반소매 티셔츠"", ""category3_code"": 272103101, ""is_new"": false, ""item_no"": 1501688, ""period_sort"": ""ONE_DAY"", ""platform"": ""29cm"", ""ranking_category_code"": ""272103100"", ""ranking_category_name"": ""남성의류>상의"", ""review_avg"": 5.0, ""sale_percent"": 45, ""sale_price"": 44900, ""sold_out"": false, ""url"": ""https://product.29cm.co.kr/catalog/1501688""}",2026-10-10T13:00:06+00:00_caa68351
2026-10-10T22:00:06+09:00,2026-10-10T13:00:07+00:00,commerce_rank,[2PACK] 수피마 코튼 티셔츠,29cm:1501688@272103100,rank,28.0,"{""brand_eng"": ""COOR"", ""brand_kor"": ""쿠어"", ""brand_no"": 15326, ""category1"": ""남성의류"", ""category2"": ""상의"", ""category3"": ""반소매 티셔츠"", ""category3_code"": 272103101, ""is_new"": false, ""item_no"": 1501688, ""period_sort"": ""ONE_DAY"", ""platform"": ""29cm"", ""ranking_category_code"": ""272103100"", ""ranking_category_name"": ""남성의류>상의"", ""review_avg"": 5.0, ""sale_percent"": 45, ""sale_price"": 44900, ""sold_out"": false, ""url"": ""https://product.29cm.co.kr/catalog/1501688""}",2026-10-10T13:00:06+00:00_caa68351
2026-10-10T22:00:06+09:00,2026-10-10T13:00:07+00:00,commerce_rank,TG1-SH08 프렌치 스트라이프 셔츠 - [그레이 그린],29cm:1678501,heart_count,10449.0,"{""brand_eng"": ""THOMAS MORE"", ""brand_kor"": ""토마스모어"", ""brand_no"": 2111, ""category1"": ""남성의류"", ""category2"": ""상의"", ""category3"": ""긴소매 셔츠"", ""category3_code"": 272103106, ""is_new"": false, ""item_no"": 1678501, ""period_sort"": ""ONE_DAY"", ""platform"": ""29cm"", ""ranking_category_code"": ""272103100"", ""ranking_category_name"": ""남성의류>상의"", ""review_avg"": 5.0, ""sale_percent"": 0, ""sale_price"": 59700, ""sold_out"": false, ""url"": ""https://product.29cm.co.kr/catalog/1678501""}",2026-10-10T13:00:06+00:00_caa68351
2026-10-10T22:00:06+09:00,2026-10-10T13:00:07+00:00,commerce_rank,TG1-SH08 프렌치 스트라이프 셔츠 - [그레이 그린],29cm:1678501,review_count,1601.0,"{""brand_eng"": ""THOMAS MORE"", ""brand_kor"": ""토마스모어"", ""brand_no"": 2111, ""category1"": ""남성의류"", ""category2"": ""상의"", ""category3"": ""긴소매 셔츠"", ""category3_code"": 272103106, ""is_new"": false, ""item_no"": 1678501, ""period_sort"": ""ONE_DAY"", ""platform"": ""29cm"", ""ranking_category_code"": ""272103100"", ""ranking_category_name"": ""남성의류>상의"", ""review_avg"": 5.0, ""sale_percent"": 0, ""sale_price"": 59700, ""sold_out"": false, ""url"": ""https://product.29cm.co.kr/catalog/1678501""}",2026-10-10T13:00:06+00:00_caa68351
2026-10-10T22:00:06+09:00,2026-10-10T13:00:07+00:00,commerce_rank,TG1-SH08 프렌치 스트라이프 셔츠 - [그레이 그린],29cm:1678501@272103100,rank,33.0,"{""brand_eng"": ""THOMAS MORE"", ""brand_kor"": ""토마스모어"", ""brand_no"": 2111, ""category1"": ""남성의류"", ""category2"": ""상의"", ""category3"": ""긴소매 셔츠"", ""category3_code"": 272103106, ""is_new"": false, ""item_no"": 1678501, ""period_sort"": ""ONE_DAY"", ""platform"": ""29cm"", ""ranking_category_code"": ""272103100"", ""ranking_category_name"": ""남성의류>상의"", ""review_avg"": 5.0, ""sale_percent"": 0, ""sale_price"": 59700, ""sold_out"": false, ""url"": ""https://product.29cm.co.kr/catalog/1678501""}",2026-10-10T13:00:06+00:00_caa68351
2026-10-10T22:00:06+09:00,2026-10-10T13:00:07+00:00,commerce_rank,TF5-SH07 페이퍼셔츠 (12 Color),29cm:1911054,heart_count,66320.0,"{""brand_eng"": ""THOMAS MORE"", ""brand_kor"": ""토마스모어"", ""brand_no"": 2111, ""category1"": ""남성의류"", ""category2"": ""상의"", ""category3"": ""긴소매 셔츠"", ""category3_code"": 272103106, ""is_new"": false, ""item_no"": 1911054, ""period_sort"": ""ONE_DAY"", ""platform"": ""29cm"", ""ranking_category_code"": ""272103100"", ""ranking_category_name"": ""남성의류>상의"", ""review_avg"": 5.0, ""sale_percent"": 20, ""sale_price"": 47760, ""sold_out"": false, ""url"": ""https://product.29cm.co.kr/catalog/1911054""}",2026-10-10T13:00:06+00:00_caa68351
2026-10-10T22:00:06+09:00,2026-10-10T13:00:07+00:00,commerce_rank,TF5-SH07 페이퍼셔츠 (12 Color),29cm:1911054,review_count,21895.0,"{""brand_eng"": ""THOMAS MORE"", ""brand_kor"": ""토마스모어"", ""brand_no"": 2111, ""category1"": ""남성의류"", ""category2"": ""상의"", ""category3"": ""긴소매 셔츠"", ""category3_code"": 272103106, ""is_new"": false, ""item_no"": 1911054, ""period_sort"": ""ONE_DAY"", ""platform"": ""29cm"", ""ranking_category_code"": ""272103100"", ""ranking_category_name"": ""남성의류>상의"", ""review_avg"": 5.0, ""sale_percent"": 20, ""sale_price"": 47760, ""sold_out"": false, ""url"": ""https://product.29cm.co.kr/catalog/1911054""}",2026-10-10T13:00:06+00:00_caa68351
2026-10-10T22:00:06+09:00,2026-10-10T13:00:07+00:00,commerce_rank,TF5-SH07 페이퍼셔츠 (12 Color),29cm:1911054@272103100,rank,47.0,"{""brand_eng"": ""THOMAS MORE"", ""brand_kor"": ""토마스모어"", ""brand_no"": 2111, ""category1"": ""남성의류"", ""category2"": ""상의"", ""category3"": ""긴소매 셔츠"", ""category3_code"": 272103106, ""is_new"": false, ""item_no"": 1911054, ""period_sort"": ""ONE_DAY"", ""platform"": ""29cm"", ""ranking_category_code"": ""272103100"", ""ranking_category_name"": ""남성의류>상의"", ""review_avg"": 5.0, ""sale_percent"": 20, ""sale_price"": 47760, ""sold_out"": false, ""url"": ""https://product.29cm.co.kr/catalog/1911054""}",2026-10-10T13:00:06+00:00_caa68351
2026-10-10T22:00:06+09:00,2026-10-10T13:00:07+00:00,commerce_rank,ASKIN LOGO LONG SLEEVE (BLACK),29cm:1969351,heart_count,764.0,"{""brand_eng"": ""GOYOWEAR"", ""brand_kor"": ""고요웨어"", ""brand_no"": 16187, ""category1"": ""남성의류"", ""category2"": ""상의"", ""category3"": ""긴소매 티셔츠"", ""category3_code"": 272103102, ""is_new"": false, ""item_no"": 1969351, ""period_sort"": ""ONE_DAY"", ""platform"": ""29cm"", ""ranking_category_code"": ""272103100"", ""ranking_category_name"": ""남성의류>상의"", ""review_avg"": 5.0, ""sale_percent"": 21, ""sale_price"": 38810, ""sold_out"": false, ""url"": ""https://product.29cm.co.kr/catalog/1969351""}",2026-10-10T13:00:06+00:00_caa68351
2026-10-10T22:00:06+09:00,2026-10-10T13:00:07+00:00,commerce_rank,ASKIN LOGO LONG SLEEVE (BLACK),29cm:1969351,review_count,119.0,"{""brand_eng"": ""GOYOWEAR"", ""brand_kor"": ""고요웨어"", ""brand_no"": 16187, ""category1"": ""남성의류"", ""category2"": ""상의"", ""category3"": ""긴소매 티셔츠"", ""category3_code"": 272103102, ""is_new"": false, ""item_no"": 1969351, ""period_sort"": ""ONE_DAY"", ""platform"": ""29cm"", ""ranking_category_code"": ""272103100"", ""ranking_category_name"": ""남성의류>상의"", ""review_avg"": 5.0, ""sale_percent"": 21, ""sale_price"": 38810, ""sold_out"": false, ""url"": ""https://product.29cm.co.kr/catalog/1969351""}",2026-10-10T13:00:06+00:00_caa68351
2026-10-10T22:00:06+09:00,2026-10-10T13:00:07+00:00,commerce_rank,ASKIN LOGO LONG SLEEVE (BLACK),29cm:1969351@272103100,rank,63.0,"{""brand_eng"": ""GOYOWEAR"", ""brand_kor"": ""고요웨어"", ""brand_no"": 16187, ""category1"": ""남성의류"", ""category2"": ""상의"", ""category3"": ""긴소매 티셔츠"", ""category3_code"": 272103102, ""is_new"": false, ""item_no"": 1969351, ""period_sort"": ""ONE_DAY"", ""platform"": ""29cm"", ""ranking_category_code"": ""272103100"", ""ranking_category_name"": ""남성의류>상의"", ""review_avg"": 5.0, ""sale_percent"": 21, ""sale_price"": 38810, ""sold_out"": false, ""url"": ""https://product.29cm.co.kr/catalog/1969351""}",2026-10-10T13:00:06+00:00_caa68351
2026-10-10T22:00:06+09:00,2026-10-10T13:00:07+00:00,commerce_rank,애론 럭비 카라 스웨트셔츠 네이비 KJMT2547,29cm:2453859,heart_count,3075.0,"{""brand_eng"": ""JEMUT"", ""brand_kor"": ""제멋"", ""brand_no"": 8844, ""category1"": ""남성의류"", ""category2"": ""상의"", ""category3"": ""스웨트셔츠"", ""category3_code"": 272103107, ""is_new"": false, ""item_no"": 2453859, ""period_sort"": ""ONE_DAY"", ""platform"": ""29cm"", ""ranking_category_code"": ""272103100"", ""ranking_category_name"": ""남성의류>상의"", ""review_avg"": 5.0, ""sale_percent"": 28, ""sale_price"": 35900, ""sold_out"": false, ""url"": ""https://product.29cm.co.kr/catalog/2453859""}",2026-10-10T13:00:06+00:00_caa68351
2026-10-10T22:00:06+09:00,2026-10-10T13:00:07+00:00,commerce_rank,애론 럭비 카라 스웨트셔츠 네이비 KJMT2547,29cm:2453859,review_count,203.0,"{""brand_eng"": ""JEMUT"", ""brand_kor"": ""제멋"", ""brand_no"": 8844, ""category1"": ""남성의류"", ""category2"": ""상의"", ""category3"": ""스웨트셔츠"", ""category3_code"": 272103107, ""is_new"": false, ""item_no"": 2453859, ""period_sort"": ""ONE_DAY"", ""platform"": ""29cm"", ""ranking_category_code"": ""272103100"", ""ranking_category_name"": ""남성의류>상의"", ""review_avg"": 5.0, ""sale_percent"": 28, ""sale_price"": 35900, ""sold_out"": false, ""url"": ""https://product.29cm.co.kr/catalog/2453859""}",2026-10-10T13:00:06+00:00_caa68351
2026-10-10T22:00:06+09:00,2026-10-10T13:00:07+00:00,commerce_rank,애론 럭비 카라 스웨트셔츠 네이비 KJMT2547,29cm:2453859@272103100,rank,93.0,"{""brand_eng"": ""JEMUT"", ""brand_kor"": ""제멋"", ""brand_no"": 8844, ""category1"": ""남성의류"", ""category2"": ""상의"", ""category3"": ""스웨트셔츠"", ""category3_code"": 272103107, ""is_new"": false, ""item_no"": 2453859, ""period_sort"": ""ONE_DAY"", ""platform"": ""29cm"", ""ranking_category_code"": ""272103100"", ""ranking_category_name"": ""남성의류>상의"", ""review_avg"": 5.0, ""sale_percent"": 28, ""sale_price"": 35900, ""sold_out"": false, ""url"": ""https://product.29cm.co.kr/catalog/2453859""}",2026-10-10T13:00:06+00:00_caa68351
2026-10-10T22:00:06+09:00,2026-10-10T13:00:06+00:00,commerce_rank,stripe shirring volume blouse (3color),29cm:2460779,heart_count,18705.0,"{""brand_eng"": ""LINGSEOUL"", ""brand_kor"": ""링서울"", ""brand_no"": 11849, ""category1"": ""여성의류"", ""category2"": ""상의"", ""category3"": ""블라우스"", ""category3_code"": 268103107, ""is_new"": false, ""item_no"": 2460779, ""period_sort"": ""ONE_DAY"", ""platform"": ""29cm"", ""ranking_category_code"": ""268103100"", ""ranking_category_name"": ""여성의류>상의"", ""review_avg"": 5.0, ""sale_percent"": 10, ""sale_price"": 77580, ""sold_out"": false, ""url"": ""https://product.29cm.co.kr/catalog/2460779""}",2026-10-10T13:00:06+00:00_caa68351
2026-10-10T22:00:06+09:00,2026-10-10T13:00:06+00:00,commerce_rank,stripe shirring volume blouse (3color),29cm:2460779,review_count,1271.0,"{""brand_eng"": ""LINGSEOUL"", ""brand_kor"": ""링서울"", ""brand_no"": 11849, ""category1"": ""여성의류"", ""category2"": ""상의"", ""category3"": ""블라우스"", ""category3_code"": 268103107, ""is_new"": false, ""item_no"": 2460779, ""period_sort"": ""ONE_DAY"", ""platform"": ""29cm"", ""ranking_category_code"": ""268103100"", ""ranking_category_name"": ""여성의류>상의"", ""review_avg"": 5.0, ""sale_percent"": 10, ""sale_price"": 77580, ""sold_out"": false, ""url"": ""https://product.29cm.co.kr/catalog/2460779""}",2026-10-10T13:00:06+00:00_caa68351
2026-10-10T22:00:06+09:00,2026-10-10T13:00:06+00:00,commerce_rank,stripe shirring volume blouse (3color),29cm:2460779@268103100,rank,75.0,"{""brand_eng"": ""LINGSEOUL"", ""brand_kor"": ""링서울"", ""brand_no"": 11849, ""category1"": ""여성의류"", ""category2"": ""상의"", ""category3"": ""블라우스"", ""category3_code"": 268103107, ""is_new"": false, ""item_no"": 2460779, ""period_sort"": ""ONE_DAY"", ""platform"": ""29cm"", ""ranking_category_code"": ""268103100"", ""ranking_category_name"": ""여성의류>상의"", ""review_avg"": 5.0, ""sale_percent"": 10, ""sale_price"": 77580, ""sold_out"": false, ""url"": ""https://product.29cm.co.kr/catalog/2460779""}",2026-10-10T13:00:06+00:00_caa68351
2026-10-10T22:00:06+09:00,2026-10-10T13:00:06+00:00,commerce_rank,Boat-neck Color Patch Tee (Cream/Blue),29cm:2469578,heart_count,7721.0,"{""brand_eng"": ""GREENBUTTER"", ""brand_kor"": ""그린버터"", ""brand_no"": 19819, ""category1"": ""여성의류"", ""category2"": ""상의"", ""category3"": ""긴소매 티셔츠"", ""category3_code"": 268103102, ""is_new"": false, ""item_no"": 2469578, ""period_sort"": ""ONE_DAY"", ""platform"": ""29cm"", ""ranking_category_code"": ""268103100"", ""ranking_category_name"": ""여성의류>상의"", ""review_avg"": 5.0, ""sale_percent"": 19, ""sale_price"": 42120, ""sold_out"": false, ""url"": ""https://product.29cm.co.kr/catalog/2469578""}",2026-10-10T13:00:06+00:00_caa68351
2026-10-10T22:00:06+09:00,2026-10-10T13:00:06+00:00,commerce_rank,Boat-neck Color Patch Tee (Cream/Blue),29cm:2469578,review_count,772.0,"{""brand_eng"": ""GREENBUTTER"", ""brand_kor"": ""그린버터"", ""brand_no"": 19819, ""category1"": ""여성의류"", ""category2"": ""상의"", ""category3"": ""긴소매 티셔츠"", ""category3_code"": 268103102, ""is_new"": false, ""item_no"": 2469578, ""period_sort"": ""ONE_DAY"", ""platform"": ""29cm"", ""ranking_category_code"": ""268103100"", ""ranking_category_name"": ""여성의류>상의"", ""review_avg"": 5.0, ""sale_percent"": 19, ""sale_price"": 42120, ""sold_out"": false, ""url"": ""https://product.29cm.co.kr/catalog/2469578""}",2026-10-10T13:00:06+00:00_caa68351
2026-10-10T22:00:06+09:00,2026-10-10T13:00:06+00:00,commerce_rank,Boat-neck Color Patch Tee (Cream/Blue),29cm:2469578@268103100,rank,43.0,"{""brand_eng"": ""GREENBUTTER"", ""brand_kor"": ""그린버터"", ""brand_no"": 19819, ""category1"": ""여성의류"", ""category2"": ""상의"", ""category3"": ""긴소매 티셔츠"", ""category3_code"": 268103102, ""is_new"": false, ""item_no"": 2469578, ""period_sort"": ""ONE_DAY"", ""platform"": ""29cm"", ""ranking_category_code"": ""268103100"", ""ranking_category_name"": ""여성의류>상의"", ""review_avg"": 5.0, ""sale_percent"": 19, ""sale_price"": 42120, ""sold_out"": false, ""url"": ""https://product.29cm.co.kr/catalog/2469578""}",2026-10-10T13:00:06+00:00_caa68351
2026-10-10T22:00:06+09:00,2026-10-10T13:00:06+00:00,commerce_rank,빅 트위치 로고 후드 티셔츠 오트밀,29cm:2737573,heart_count,672.0,"{""brand_eng"": ""Lee"", ""brand_kor"": ""리"", ""brand_no"": 15263, ""category1"": ""남성의류"", ""category2"": ""상의"", ""category3"": ""후디"", ""category3_code"": 272103108, ""is_new"": false, ""item_no"": 2737573, ""period_sort"": ""ONE_DAY"", ""platform"": ""29cm"", ""ranking_category_code"": ""268103100"", ""ranking_category_name"": ""여성의류>상의"", ""review_avg"": 5.0, ""sale_percent"": 63, ""sale_price"": 28980, ""sold_out"": false, ""url"": ""https://product.29cm.co.kr/catalog/2737573""}",2026-10-10T13:00:06+00:00_caa68351
2026-10-10T22:00:06+09:00,2026-10-10T13:00:06+00:00,commerce_rank,빅 트위치 로고 후드 티셔츠 오트밀,29cm:2737573,review_count,35.0,"{""brand_eng"": ""Lee"", ""brand_kor"": ""리"", ""brand_no"": 15263, ""category1"": ""남성의류"", ""category2"": ""상의"", ""category3"": ""후디"", ""category3_code"": 272103108, ""is_new"": false, ""item_no"": 2737573, ""period_sort"": ""ONE_DAY"", ""platform"": ""29cm"", ""ranking_category_code"": ""268103100"", ""ranking_category_name"": ""여성의류>상의"", ""review_avg"": 5.0, ""sale_percent"": 63, ""sale_price"": 28980, ""sold_out"": false, ""url"": ""https://product.29cm.co.kr/catalog/2737573""}",2026-10-10T13:00:06+00:00_caa68351
2026-10-10T22:00:06+09:00,2026-10-10T13:00:06+00:00,commerce_rank,빅 트위치 로고 후드 티셔츠 오트밀,29cm:2737573@268103100,rank,42.0,"{""brand_eng"": ""Lee"", ""brand_kor"": ""리"", ""brand_no"": 15263, ""category1"": ""남성의류"", ""category2"": ""상의"", ""category3"": ""후디"", ""category3_code"": 272103108, ""is_new"": false, ""item_no"": 2737573, ""period_sort"": ""ONE_DAY"", ""platform"": ""29cm"", ""ranking_category_code"": ""268103100"", ""ranking_category_name"": ""여성의류>상의"", ""review_avg"": 5.0, ""sale_percent"": 63, ""sale_price"": 28980, ""sold_out"": false, ""url"": ""https://product.29cm.co.kr/catalog/2737573""}",2026-10-10T13:00:06+00:00_caa68351
2026-10-10T22:00:06+09:00,2026-10-10T13:00:06+00:00,commerce_rank,Essential Boat Neck Tee_4 Colors,29cm:2746755,heart_count,28956.0,"{""brand_eng"": ""ARTTO"", ""brand_kor"": ""아르토"", ""brand_no"": 57017, ""category1"": ""여성의류"", ""category2"": ""단독"", ""category3"": ""상의"", ""category3_code"": 268116101, ""is_new"": false, ""item_no"": 2746755, ""period_sort"": ""ONE_DAY"", ""platform"": ""29cm"", ""ranking_category_code"": ""268103100"", ""ranking_category_name"": ""여성의류>상의"", ""review_avg"": 5.0, ""sale_percent"": 0, ""sale_price"": 36000, ""sold_out"": false, ""url"": ""https://product.29cm.co.kr/catalog/2746755""}",2026-10-10T13:00:06+00:00_caa68351
2026-10-10T22:00:06+09:00,2026-10-10T13:00:06+00:00,commerce_rank,Essential Boat Neck Tee_4 Colors,29cm:2746755,review_count,2039.0,"{""brand_eng"": ""ARTTO"", ""brand_kor"": ""아르토"", ""brand_no"": 57017, ""category1"": ""여성의류"", ""category2"": ""단독"", ""category3"": ""상의"", ""category3_code"": 268116101, ""is_new"": false, ""item_no"": 2746755, ""period_sort"": ""ONE_DAY"", ""platform"": ""29cm"", ""ranking_category_code"": ""268103100"", ""ranking_category_name"": ""여성의류>상의"", ""review_avg"": 5.0, ""sale_percent"": 0, ""sale_price"": 36000, ""sold_out"": false, ""url"": ""https://product.29cm.co.kr/catalog/2746755""}",2026-10-10T13:00:06+00:00_caa68351
2026-10-10T22:00:06+09:00,2026-10-10T13:00:06+00:00,commerce_rank,Essential Boat Neck Tee_4 Colors,29cm:2746755@268103100,rank,96.0,"{""brand_eng"": ""ARTTO"", ""brand_kor"": ""아르토"", ""brand_no"": 57017, ""category1"": ""여성의류"", ""category2"": ""단독"", ""category3"": ""상의"", ""category3_code"": 268116101, ""is_new"": false, ""item_no"": 2746755, ""period_sort"": ""ONE_DAY"", ""platform"": ""29cm"", ""ranking_category_code"": ""268103100"", ""ranking_category_name"": ""여성의류>상의"", ""review_avg"": 5.0, ""sale_percent"": 0, ""sale_price"": 36000, ""sold_out"": false, ""url"": ""https://product.29cm.co.kr/catalog/2746755""}",2026-10-10T13:00:06+00:00_caa68351
2026-10-10T22:00:06+09:00,2026-10-10T13:00:06+00:00,commerce_rank,[16차] Layered t-shirt (11colors),29cm:2748898,heart_count,6931.0,"{""brand_eng"": ""BLUE BRICK"", ""brand_kor"": ""블루브릭"", ""brand_no"": 13213, ""category1"": ""여성의류"", ""category2"": ""상의"", ""category3"": ""긴소매 티셔츠"", ""category3_code"": 268103102, ""is_new"": false, ""item_no"": 2748898, ""period_sort"": ""ONE_DAY"", ""platform"": ""29cm"", ""ranking_category_code"": ""268103100"", ""ranking_category_name"": ""여성의류>상의"", ""review_avg"": 4.5, ""sale_percent"": 5, ""sale_price"": 39900, ""sold_out"": false, ""url"": ""https://product.29cm.co.kr/catalog/2748898""}",2026-10-10T13:00:06+00:00_caa68351
2026-10-10T22:00:06+09:00,2026-10-10T13:00:06+00:00,commerce_rank,[16차] Layered t-shirt (11colors),29cm:2748898,review_count,295.0,"{""brand_eng"": ""BLUE BRICK"", ""brand_kor"": ""블루브릭"", ""brand_no"": 13213, ""category1"": ""여성의류"", ""category2"": ""상의"", ""category3"": ""긴소매 티셔츠"", ""category3_code"": 268103102, ""is_new"": false, ""item_no"": 2748898, ""period_sort"": ""ONE_DAY"", ""platform"": ""29cm"", ""ranking_category_code"": ""268103100"", ""ranking_category_name"": ""여성의류>상의"", ""review_avg"": 4.5, ""sale_percent"": 5, ""sale_price"": 39900, ""sold_out"": false, ""url"": ""https://product.29cm.co.kr/catalog/2748898""}",2026-10-10T13:00:06+00:00_caa68351
2026-10-10T22:00:06+09:00,2026-10-10T13:00:06+00:00,commerce_rank,[16차] Layered t-shirt (11colors),29cm:2748898@268103100,rank,58.0,"{""brand_eng"": ""BLUE BRICK"", ""brand_kor"": ""블루브릭"", ""brand_no"": 13213, ""category1"": ""여성의류"", ""category2"": ""상의"", ""category3"": ""긴소매 티셔츠"", ""category3_code"": 268103102, ""is_new"": false, ""item_no"": 2748898, ""period_sort"": ""ONE_DAY"", ""platform"": ""29cm"", ""ranking_category_code"": ""268103100"", ""ranking_category_name"": ""여성의류>상의"", ""review_avg"": 4.5, ""sale_percent"": 5, ""sale_price"": 39900, ""sold_out"": false, ""url"": ""https://product.29cm.co.kr/catalog/2748898""}",2026-10-10T13:00:06+00:00_caa68351
2026-10-10T22:00:06+09:00,2026-10-10T13:00:06+00:00,commerce_rank,"[토모토모, 오제 PICK] 에센셜 롱 슬리브 티셔츠 MDTS063_6 Colors",29cm:2753432,heart_count,8620.0,"{""brand_eng"": ""MONGDOL"", ""brand_kor"": ""몽돌"", ""brand_no"": 10654, ""category1"": ""여성의류"", ""category2"": ""상의"", ""category3"": ""긴소매 티셔츠"", ""category3_code"": 268103102, ""is_new"": false, ""item_no"": 2753432, ""period_sort"": ""ONE_DAY"", ""platform"": ""29cm"", ""ranking_category_code"": ""268103100"", ""ranking_category_name"": ""여성의류>상의"", ""review_avg"": 4.5, ""sale_percent"": 36, ""sale_price"": 23830, ""sold_out"": false, ""url"": ""https://product.29cm.co.kr/catalog/2753432""}",2026-10-10T13:00:06+00:00_caa68351
2026-10-10T22:00:06+09:00,2026-10-10T13:00:06+00:00,commerce_rank,"[토모토모, 오제 PICK] 에센셜 롱 슬리브 티셔츠 MDTS063_6 Colors",29cm:2753432,review_count,777.0,"{""brand_eng"": ""MONGDOL"", ""brand_kor"": ""몽돌"", ""brand_no"": 10654, ""category1"": ""여성의류"", ""category2"": ""상의"", ""category3"": ""긴소매 티셔츠"", ""category3_code"": 268103102, ""is_new"": false, ""item_no"": 2753432, ""period_sort"": ""ONE_DAY"", ""platform"": ""29cm"", ""ranking_category_code"": ""268103100"", ""ranking_category_name"": ""여성의류>상의"", ""review_avg"": 4.5, ""sale_percent"": 36, ""sale_price"": 23830, ""sold_out"": false, ""url"": ""https://product.29cm.co.kr/catalog/2753432""}",2026-10-10T13:00:06+00:00_caa68351
2026-10-10T22:00:06+09:00,2026-10-10T13:00:06+00:00,commerce_rank,"[토모토모, 오제 PICK] 에센셜 롱 슬리브 티셔츠 MDTS063_6 Colors",29cm:2753432@268103100,rank,3.0,"{""brand_eng"": ""MONGDOL"", ""brand_kor"": ""몽돌"", ""brand_no"": 10654, ""category1"": ""여성의류"", ""category2"": ""상의"", ""category3"": ""긴소매 티셔츠"", ""category3_code"": 268103102, ""is_new"": false, ""item_no"": 2753432, ""period_sort"": ""ONE_DAY"", ""platform"": ""29cm"", ""ranking_category_code"": ""268103100"", ""ranking_category_name"": ""여성의류>상의"", ""review_avg"": 4.5, ""sale_percent"": 36, ""sale_price"": 23830, ""sold_out"": false, ""url"": ""https://product.29cm.co.kr/catalog/2753432""}",2026-10-10T13:00:06+00:00_caa68351
2026-10-10T22:00:06+09:00,2026-10-10T13:00:07+00:00,commerce_rank,Classic Stripe Long Sleeve Blue,29cm:2759910,heart_count,4151.0,"{""brand_eng"": ""partimento"", ""brand_kor"": ""파르티멘토"", ""brand_no"": 1588, ""category1"": ""남성의류"", ""category2"": ""상의"", ""category3"": ""긴소매 티셔츠"", ""category3_code"": 272103102, ""is_new"": false, ""item_no"": 2759910, ""period_sort"": ""ONE_DAY"", ""platform"": ""29cm"", ""ranking_category_code"": ""272103100"", ""ranking_category_name"": ""남성의류>상의"", ""review_avg"": 5.0, ""sale_percent"": 33, ""sale_price"": 25200, ""sold_out"": false, ""url"": ""https://product.29cm.co.kr/catalog/2759910""}",2026-10-10T13:00:06+00:00_caa68351
2026-10-10T22:00:06+09:00,2026-10-10T13:00:07+00:00,commerce_rank,Classic Stripe Long Sleeve Blue,29cm:2759910,review_count,478.0,"{""brand_eng"": ""partimento"", ""brand_kor"": ""파르티멘토"", ""brand_no"": 1588, ""category1"": ""남성의류"", ""category2"": ""상의"", ""category3"": ""긴소매 티셔츠"", ""category3_code"": 272103102, ""is_new"": false, ""item_no"": 2759910, ""period_sort"": ""ONE_DAY"", ""platform"": ""29cm"", ""ranking_category_code"": ""272103100"", ""ranking_category_name"": ""남성의류>상의"", ""review_avg"": 5.0, ""sale_percent"": 33, ""sale_price"": 25200, ""sold_out"": false, ""url"": ""https://product.29cm.co.kr/catalog/2759910""}",2026-10-10T13:00:06+00:00_caa68351
2026-10-10T22:00:06+09:00,2026-10-10T13:00:07+00:00,commerce_rank,Classic Stripe Long Sleeve Blue,29cm:2759910@272103100,rank,38.0,"{""brand_eng"": ""partimento"", ""brand_kor"": ""파르티멘토"", ""brand_no"": 1588, ""category1"": ""남성의류"", ""category2"": ""상의"", ""category3"": ""긴소매 티셔츠"", ""category3_code"": 272103102, ""is_new"": false, ""item_no"": 2759910, ""period_sort"": ""ONE_DAY"", ""platform"": ""29cm"", ""ranking_category_code"": ""272103100"", ""ranking_category_name"": ""남성의류>상의"", ""review_avg"": 5.0, ""sale_percent"": 33, ""sale_price"": 25200, ""sold_out"": false, ""url"": ""https://product.29cm.co.kr/catalog/2759910""}",2026-10-10T13:00:06+00:00_caa68351
2026-10-10T22:00:06+09:00,2026-10-10T13:00:07+00:00,commerce_rank,Classic Stripe Long Sleeve Navy,29cm:2759912,heart_count,801.0,"{""brand_eng"": ""partimento"", ""brand_kor"": ""파르티멘토"", ""brand_no"": 1588, ""category1"": ""남성의류"", ""category2"": ""상의"", ""category3"": ""긴소매 티셔츠"", ""category3_code"": 272103102, ""is_new"": false, ""item_no"": 2759912, ""period_sort"": ""ONE_DAY"", ""platform"": ""29cm"", ""ranking_category_code"": ""272103100"", ""ranking_category_name"": ""남성의류>상의"", ""review_avg"": 4.5, ""sale_percent"": 33, ""sale_price"": 25200, ""sold_out"": false, ""url"": ""https://product.29cm.co.kr/catalog/2759912""}",2026-10-10T13:00:06+00:00_caa68351
2026-10-10T22:00:06+09:00,2026-10-10T13:00:07+00:00,commerce_rank,Classic Stripe Long Sleeve Navy,29cm:2759912,review_count,132.0,"{""brand_eng"": ""partimento"", ""brand_kor"": ""파르티멘토"", ""brand_no"": 1588, ""category1"": ""남성의류"", ""category2"": ""상의"", ""category3"": ""긴소매 티셔츠"", ""category3_code"": 272103102, ""is_new"": false, ""item_no"": 2759912, ""period_sort"": ""ONE_DAY"", ""platform"": ""29cm"", ""ranking_category_code"": ""272103100"", ""ranking_category_name"": ""남성의류>상의"", ""review_avg"": 4.5, ""sale_percent"": 33, ""sale_price"": 25200, ""sold_out"": false, ""url"": ""https://product.29cm.co.kr/catalog/2759912""}",2026-10-10T13:00:06+00:00_caa68351
2026-10-10T22:00:06+09:00,2026-10-10T13:00:07+00:00,commerce_rank,Classic Stripe Long Sleeve Navy,29cm:2759912@272103100,rank,35.0,"{""brand_eng"": ""partimento"", ""brand_kor"": ""파르티멘토"", ""brand_no"": 1588, ""category1"": ""남성의류"", ""category2"": ""상의"", ""category3"": ""긴소매 티셔츠"", ""category3_code"": 272103102, ""is_new"": false, ""item_no"": 2759912, ""period_sort"": ""ONE_DAY"", ""platform"": ""29cm"", ""ranking_category_code"": ""272103100"", ""ranking_category_name"": ""남성의류>상의"", ""review_avg"": 4.5, ""sale_percent"": 33, ""sale_price"": 25200, ""sold_out"": false, ""url"": ""https://product.29cm.co.kr/catalog/2759912""}",2026-10-10T13:00:06+00:00_caa68351
2026-10-10T22:00:06+09:00,2026-10-10T13:00:07+00:00,commerce_rank,83플래그 하프 집업 스웨트셔츠(기모)(4colors) NSW6036,29cm:2779685,heart_count,2449.0,"{""brand_eng"": ""NAUTICA"", ""brand_kor"": ""노티카"", ""brand_no"": 17425, ""category1"": ""남성의류"", ""category2"": ""상의"", ""category3"": ""스웨트셔츠"", ""category3_code"": 272103107, ""is_new"": false, ""item_no"": 2779685, ""period_sort"": ""ONE_DAY"", ""platform"": ""29cm"", ""ranking_category_code"": ""272103100"", ""ranking_category_name"": ""남성의류>상의"", ""review_avg"": 5.0, ""sale_percent"": 20, ""sale_price"": 71100, ""sold_out"": false, ""url"": ""https://product.29cm.co.kr/catalog/2779685""}",2026-10-10T13:00:06+00:00_caa68351
2026-10-10T22:00:06+09:00,2026-10-10T13:00:07+00:00,commerce_rank,83플래그 하프 집업 스웨트셔츠(기모)(4colors) NSW6036,29cm:2779685,review_count,198.0,"{""brand_eng"": ""NAUTICA"", ""brand_kor"": ""노티카"", ""brand_no"": 17425, ""category1"": ""남성의류"", ""category2"": ""상의"", ""category3"": ""스웨트셔츠"", ""category3_code"": 272103107, ""is_new"": false, ""item_no"": 2779685, ""period_sort"": ""ONE_DAY"", ""platform"": ""29cm"", ""ranking_category_code"": ""272103100"", ""ranking_category_name"": ""남성의류>상의"", ""review_avg"": 5.0, ""sale_percent"": 20, ""sale_price"": 71100, ""sold_out"": false, ""url"": ""https://product.29cm.co.kr/catalog/2779685""}",2026-10-10T13:00:06+00:00_caa68351
2026-10-10T22:00:06+09:00,2026-10-10T13:00:07+00:00,commerce_rank,83플래그 하프 집업 스웨트셔츠(기모)(4colors) NSW6036,29cm:2779685@272103100,rank,39.0,"{""brand_eng"": ""NAUTICA"", ""brand_kor"": ""노티카"", ""brand_no"": 17425, ""category1"": ""남성의류"", ""category2"": ""상의"", ""category3"": ""스웨트셔츠"", ""category3_code"": 272103107, ""is_new"": false, ""item_no"": 2779685, ""period_sort"": ""ONE_DAY"", ""platform"": ""29cm"", ""ranking_category_code"": ""272103100"", ""ranking_category_name"": ""남성의류>상의"", ""review_avg"": 5.0, ""sale_percent"": 20, ""sale_price"": 71100, ""sold_out"": false, ""url"": ""https://product.29cm.co.kr/catalog/2779685""}",2026-10-10T13:00:06+00:00_caa68351
2026-10-10T22:00:06+09:00,2026-10-10T13:00:06+00:00,commerce_rank,MEG COWL NECK BLOUSE (CHARCOAL),29cm:2789394,heart_count,7733.0,"{""brand_eng"": ""EAAH"", ""brand_kor"": ""이아"", ""brand_no"": 9707, ""category1"": ""여성의류"", ""category2"": ""상의"", ""category3"": ""블라우스"", ""category3_code"": 268103107, ""is_new"": false, ""item_no"": 2789394, ""period_sort"": ""ONE_DAY"", ""platform"": ""29cm"", ""ranking_category_code"": ""268103100"", ""ranking_category_name"": ""여성의류>상의"", ""review_avg"": 5.0, ""sale_percent"": 0, ""sale_price"": 148000, ""sold_out"": false, ""url"": ""https://product.29cm.co.kr/catalog/2789394""}",2026-10-10T13:00:06+00:00_caa68351
2026-10-10T22:00:06+09:00,2026-10-10T13:00:06+00:00,commerce_rank,MEG COWL NECK BLOUSE (CHARCOAL),29cm:2789394,review_count,180.0,"{""brand_eng"": ""EAAH"", ""brand_kor"": ""이아"", ""brand_no"": 9707, ""category1"": ""여성의류"", ""category2"": ""상의"", ""category3"": ""블라우스"", ""category3_code"": 268103107, ""is_new"": false, ""item_no"": 2789394, ""period_sort"": ""ONE_DAY"", ""platform"": ""29cm"", ""ranking_category_code"": ""268103100"", ""ranking_category_name"": ""여성의류>상의"", ""review_avg"": 5.0, ""sale_percent"": 0, ""sale_price"": 148000, ""sold_out"": false, ""url"": ""https://product.29cm.co.kr/catalog/2789394""}",2026-10-10T13:00:06+00:00_caa68351
2026-10-10T22:00:06+09:00,2026-10-10T13:00:06+00:00,commerce_rank,MEG COWL NECK BLOUSE (CHARCOAL),29cm:2789394@268103100,rank,99.0,"{""brand_eng"": ""EAAH"", ""brand_kor"": ""이아"", ""brand_no"": 9707, ""category1"": ""여성의류"", ""category2"": ""상의"", ""category3"": ""블라우스"", ""category3_code"": 268103107, ""is_new"": false, ""item_no"": 2789394, ""period_sort"": ""ONE_DAY"", ""platform"": ""29cm"", ""ranking_category_code"": ""268103100"", ""ranking_category_name"": ""여성의류>상의"", ""review_avg"": 5.0, ""sale_percent"": 0, ""sale_price"": 148000, ""sold_out"": false, ""url"": ""https://product.29cm.co.kr/catalog/2789394""}",2026-10-10T13:00:06+00:00_caa68351
2026-10-10T22:00:06+09:00,2026-10-10T13:00:06+00:00,commerce_rank,[28th][소진pick]Raglan sleeve t-shirt (melange gray),29cm:2792718,heart_count,5803.0,"{""brand_eng"": ""THE MITTEN"", ""brand_kor"": ""더미튼"", ""brand_no"": 25573, ""category1"": ""여성의류"", ""category2"": ""상의"", ""category3"": ""긴소매 티셔츠"", ""category3_code"": 268103102, ""is_new"": false, ""item_no"": 2792718, ""period_sort"": ""ONE_DAY"", ""platform"": ""29cm"", ""ranking_category_code"": ""268103100"", ""ranking_category_name"": ""여성의류>상의"", ""review_avg"": 5.0, ""sale_percent"": 23, ""sale_price"": 42080, ""sold_out"": false, ""url"": ""https://product.29cm.co.kr/catalog/2792718""}",2026-10-10T13:00:06+00:00_caa68351
2026-10-10T22:00:06+09:00,2026-10-10T13:00:06+00:00,commerce_rank,[28th][소진pick]Raglan sleeve t-shirt (melange gray),29cm:2792718,review_count,258.0,"{""brand_eng"": ""THE MITTEN"", ""brand_kor"": ""더미튼"", ""brand_no"": 25573, ""category1"": ""여성의류"", ""category2"": ""상의"", ""category3"": ""긴소매 티셔츠"", ""category3_code"": 268103102, ""is_new"": false, ""item_no"": 2792718, ""period_sort"": ""ONE_DAY"", ""platform"": ""29cm"", ""ranking_category_code"": ""268103100"", ""ranking_category_name"": ""여성의류>상의"", ""review_avg"": 5.0, ""sale_percent"": 23, ""sale_price"": 42080, ""sold_out"": false, ""url"": ""https://product.29cm.co.kr/catalog/2792718""}",2026-10-10T13:00:06+00:00_caa68351
2026-10-10T22:00:06+09:00,2026-10-10T13:00:06+00:00,commerce_rank,[28th][소진pick]Raglan sleeve t-shirt (melange gray),29cm:2792718@268103100,rank,30.0,"{""brand_eng"": ""THE MITTEN"", ""brand_kor"": ""더미튼"", ""brand_no"": 25573, ""category1"": ""여성의류"", ""category2"": ""상의"", ""category3"": ""긴소매 티셔츠"", ""category3_code"": 268103102, ""is_new"": false, ""item_no"": 2792718, ""period_sort"": ""ONE_DAY"", ""platform"": ""29cm"", ""ranking_category_code"": ""268103100"", ""ranking_category_name"": ""여성의류>상의"", ""review_avg"": 5.0, ""sale_percent"": 23, ""sale_price"": 42080, ""sold_out"": false, ""url"": ""https://product.29cm.co.kr/catalog/2792718""}",2026-10-10T13:00:06+00:00_caa68351
2026-10-10T22:00:06+09:00,2026-10-10T13:00:06+00:00,commerce_rank,[13차]Wool tencel round Tee (Ivory),29cm:2794388,heart_count,5052.0,"{""brand_eng"": ""NOEUD"", ""brand_kor"": ""노우드"", ""brand_no"": 22234, ""category1"": ""여성의류"", ""category2"": ""상의"", ""category3"": ""긴소매 티셔츠"", ""category3_code"": 268103102, ""is_new"": false, ""item_no"": 2794388, ""period_sort"": ""ONE_DAY"", ""platform"": ""29cm"", ""ranking_category_code"": ""268103100"", ""ranking_category_name"": ""여성의류>상의"", ""review_avg"": 5.0, ""sale_percent"": 20, ""sale_price"": 33600, ""sold_out"": false, ""url"": ""https://product.29cm.co.kr/catalog/2794388""}",2026-10-10T13:00:06+00:00_caa68351
2026-10-10T22:00:06+09:00,2026-10-10T13:00:06+00:00,commerce_rank,[13차]Wool tencel round Tee (Ivory),29cm:2794388,review_count,487.0,"{""brand_eng"": ""NOEUD"", ""brand_kor"": ""노우드"", ""brand_no"": 22234, ""category1"": ""여성의류"", ""category2"": ""상의"", ""category3"": ""긴소매 티셔츠"", ""category3_code"": 268103102, ""is_new"": false, ""item_no"": 2794388, ""period_sort"": ""ONE_DAY"", ""platform"": ""29cm"", ""ranking_category_code"": ""268103100"", ""ranking_category_name"": ""여성의류>상의"", ""review_avg"": 5.0, ""sale_percent"": 20, ""sale_price"": 33600, ""sold_out"": false, ""url"": ""https://product.29cm.co.kr/catalog/2794388""}",2026-10-10T13:00:06+00:00_caa68351
2026-10-10T22:00:06+09:00,2026-10-10T13:00:06+00:00,commerce_rank,[13차]Wool tencel round Tee (Ivory),29cm:2794388@268103100,rank,52.0,"{""brand_eng"": ""NOEUD"", ""brand_kor"": ""노우드"", ""brand_no"": 22234, ""category1"": ""여성의류"", ""category2"": ""상의"", ""category3"": ""긴소매 티셔츠"", ""category3_code"": 268103102, ""is_new"": false, ""item_no"": 2794388, ""period_sort"": ""ONE_DAY"", ""platform"": ""29cm"", ""ranking_category_code"": ""268103100"", ""ranking_category_name"": ""여성의류>상의"", ""review_avg"": 5.0, ""sale_percent"": 20, ""sale_price"": 33600, ""sold_out"": false, ""url"": ""https://product.29cm.co.kr/catalog/2794388""}",2026-10-10T13:00:06+00:00_caa68351
2026-10-10T22:00:06+09:00,2026-10-10T13:00:07+00:00,commerce_rank,Fortuna Logo Hoodie Navy,29cm:2814698,heart_count,91.0,"{""brand_eng"": ""thisisneverthat"", ""brand_kor"": ""디스이즈네버댓"", ""brand_no"": 70, ""category1"": ""남성의류"", ""category2"": ""상의"", ""category3"": ""후디"", ""category3_code"": 272103108, ""is_new"": false, ""item_no"": 2814698, ""period_sort"": ""ONE_DAY"", ""platform"": ""29cm"", ""ranking_category_code"": ""272103100"", ""ranking_category_name"": ""남성의류>상의"", ""review_avg"": 5.0, ""sale_percent"": 50, ""sale_price"": 54500, ""sold_out"": false, ""url"": ""https://product.29cm.co.kr/catalog/2814698""}",2026-10-10T13:00:06+00:00_caa68351
2026-10-10T22:00:06+09:00,2026-10-10T13:00:07+00:00,commerce_rank,Fortuna Logo Hoodie Navy,29cm:2814698,review_count,5.0,"{""brand_eng"": ""thisisneverthat"", ""brand_kor"": ""디스이즈네버댓"", ""brand_no"": 70, ""category1"": ""남성의류"", ""category2"": ""상의"", ""category3"": ""후디"", ""category3_code"": 272103108, ""is_new"": false, ""item_no"": 2814698, ""period_sort"": ""ONE_DAY"", ""platform"": ""29cm"", ""ranking_category_code"": ""272103100"", ""ranking_category_name"": ""남성의류>상의"", ""review_avg"": 5.0, ""sale_percent"": 50, ""sale_price"": 54500, ""sold_out"": false, ""url"": ""https://product.29cm.co.kr/catalog/2814698""}",2026-10-10T13:00:06+00:00_caa68351
2026-10-10T22:00:06+09:00,2026-10-10T13:00:07+00:00,commerce_rank,Fortuna Logo Hoodie Navy,29cm:2814698@272103100,rank,91.0,"{""brand_eng"": ""thisisneverthat"", ""brand_kor"": ""디스이즈네버댓"", ""brand_no"": 70, ""category1"": ""남성의류"", ""category2"": ""상의"", ""category3"": ""후디"", ""category3_code"": 272103108, ""is_new"": false, ""item_no"": 2814698, ""period_sort"": ""ONE_DAY"", ""platform"": ""29cm"", ""ranking_category_code"": ""272103100"", ""ranking_category_name"": ""남성의류>상의"", ""review_avg"": 5.0, ""sale_percent"": 50, ""sale_price"": 54500, ""sold_out"": false, ""url"": ""https://product.29cm.co.kr/catalog/2814698""}",2026-10-10T13:00:06+00:00_caa68351
2026-10-10T22:00:06+09:00,2026-10-10T13:00:07+00:00,commerce_rank,BFV CENTER LOGO HOODIE (PURPLE),29cm:2863746,heart_count,1569.0,"{""brand_eng"": ""BERLINPHOTOBOOKDISTRIBUTION"", ""brand_kor"": ""베를린포토북디스트리뷰션"", ""brand_no"": 37875, ""category1"": ""남성의류"", ""category2"": ""상의"", ""category3"": ""후디"", ""category3_code"": 272103108, ""is_new"": false, ""item_no"": 2863746, ""period_sort"": ""ONE_DAY"", ""platform"": ""29cm"", ""ranking_category_code"": ""272103100"", ""ranking_category_name"": ""남성의류>상의"", ""review_avg"": 5.0, ""sale_percent"": 0, ""sale_price"": 139000, ""sold_out"": false, ""url"": ""https://product.29cm.co.kr/catalog/2863746""}",2026-10-10T13:00:06+00:00_caa68351
2026-10-10T22:00:06+09:00,2026-10-10T13:00:07+00:00,commerce_rank,BFV CENTER LOGO HOODIE (PURPLE),29cm:2863746,review_count,27.0,"{""brand_eng"": ""BERLINPHOTOBOOKDISTRIBUTION"", ""brand_kor"": ""베를린포토북디스트리뷰션"", ""brand_no"": 37875, ""category1"": ""남성의류"", ""category2"": ""상의"", ""category3"": ""후디"", ""category3_code"": 272103108, ""is_new"": false, ""item_no"": 2863746, ""period_sort"": ""ONE_DAY"", ""platform"": ""29cm"", ""ranking_category_code"": ""272103100"", ""ranking_category_name"": ""남성의류>상의"", ""review_avg"": 5.0, ""sale_percent"": 0, ""sale_price"": 139000, ""sold_out"": false, ""url"": ""https://product.29cm.co.kr/catalog/2863746""}",2026-10-10T13:00:06+00:00_caa68351
2026-10-10T22:00:06+09:00,2026-10-10T13:00:07+00:00,commerce_rank,BFV CENTER LOGO HOODIE (PURPLE),29cm:2863746@272103100,rank,77.0,"{""brand_eng"": ""BERLINPHOTOBOOKDISTRIBUTION"", ""brand_kor"": ""베를린포토북디스트리뷰션"", ""brand_no"": 37875, ""category1"": ""남성의류"", ""category2"": ""상의"", ""category3"": ""후디"", ""category3_code"": 272103108, ""is_new"": false, ""item_no"": 2863746, ""period_sort"": ""ONE_DAY"", ""platform"": ""29cm"", ""ranking_category_code"": ""272103100"", ""ranking_category_name"": ""남성의류>상의"", ""review_avg"": 5.0, ""sale_percent"": 0, ""sale_price"": 139000, ""sold_out"": false, ""url"": ""https://product.29cm.co.kr/catalog/2863746""}",2026-10-10T13:00:06+00:00_caa68351
2026-10-10T22:00:06+09:00,2026-10-10T13:00:06+00:00,commerce_rank,[컬러추가] SIKN2136 클래식 스트라이프 카라 니트_Navy,29cm:3033257,heart_count,23246.0,"{""brand_eng"": ""Siyazu"", ""brand_kor"": ""시야쥬"", ""brand_no"": 10005, ""category1"": ""여성의류"", ""category2"": ""상의"", ""category3"": ""피케/카라 티셔츠"", ""category3_code"": 268103109, ""is_new"": false, ""item_no"": 3033257, ""period_sort"": ""ONE_DAY"", ""platform"": ""29cm"", ""ranking_category_code"": ""268103100"", ""ranking_category_name"": ""여성의류>상의"", ""review_avg"": 5.0, ""sale_percent"": 28, ""sale_price"": 69840, ""sold_out"": false, ""url"": ""https://product.29cm.co.kr/catalog/3033257""}",2026-10-10T13:00:06+00:00_caa68351
2026-10-10T22:00:06+09:00,2026-10-10T13:00:06+00:00,commerce_rank,[컬러추가] SIKN2136 클래식 스트라이프 카라 니트_Navy,29cm:3033257,review_count,540.0,"{""brand_eng"": ""Siyazu"", ""brand_kor"": ""시야쥬"", ""brand_no"": 10005, ""category1"": ""여성의류"", ""category2"": ""상의"", ""category3"": ""피케/카라 티셔츠"", ""category3_code"": 268103109, ""is_new"": false, ""item_no"": 3033257, ""period_sort"": ""ONE_DAY"", ""platform"": ""29cm"", ""ranking_category_code"": ""268103100"", ""ranking_category_name"": ""여성의류>상의"", ""review_avg"": 5.0, ""sale_percent"": 28, ""sale_price"": 69840, ""sold_out"": false, ""url"": ""https://product.29cm.co.kr/catalog/3033257""}",2026-10-10T13:00:06+00:00_caa68351
2026-10-10T22:00:06+09:00,2026-10-10T13:00:06+00:00,commerce_rank,[컬러추가] SIKN2136 클래식 스트라이프 카라 니트_Navy,29cm:3033257@268103100,rank,7.0,"{""brand_eng"": ""Siyazu"", ""brand_kor"": ""시야쥬"", ""brand_no"": 10005, ""category1"": ""여성의류"", ""category2"": ""상의"", ""category3"": ""피케/카라 티셔츠"", ""category3_code"": 268103109, ""is_new"": false, ""item_no"": 3033257, ""period_sort"": ""ONE_DAY"", ""platform"": ""29cm"", ""ranking_category_code"": ""268103100"", ""ranking_category_name"": ""여성의류>상의"", ""review_avg"": 5.0, ""sale_percent"": 28, ""sale_price"": 69840, ""sold_out"": false, ""url"": ""https://product.29cm.co.kr/catalog/3033257""}",2026-10-10T13:00:06+00:00_caa68351
2026-10-10T22:00:06+09:00,2026-10-10T13:00:07+00:00,commerce_rank,Flannel Check Shirt Blue,29cm:3064267,heart_count,851.0,"{""brand_eng"": ""thisisneverthat"", ""brand_kor"": ""디스이즈네버댓"", ""brand_no"": 70, ""category1"": ""남성의류"", ""category2"": ""상의"", ""category3"": ""긴소매 셔츠"", ""category3_code"": 272103106, ""is_new"": false, ""item_no"": 3064267, ""period_sort"": ""ONE_DAY"", ""platform"": ""29cm"", ""ranking_category_code"": ""272103100"", ""ranking_category_name"": ""남성의류>상의"", ""review_avg"": 5.0, ""sale_percent"": 50, ""sale_price"": 69500, ""sold_out"": false, ""url"": ""https://product.29cm.co.kr/catalog/3064267""}",2026-10-10T13:00:06+00:00_caa68351
2026-10-10T22:00:06+09:00,2026-10-10T13:00:07+00:00,commerce_rank,Flannel Check Shirt Blue,29cm:3064267,review_count,35.0,"{""brand_eng"": ""thisisneverthat"", ""brand_kor"": ""디스이즈네버댓"", ""brand_no"": 70, ""category1"": ""남성의류"", ""category2"": ""상의"", ""category3"": ""긴소매 셔츠"", ""category3_code"": 272103106, ""is_new"": false, ""item_no"": 3064267, ""period_sort"": ""ONE_DAY"", ""platform"": ""29cm"", ""ranking_category_code"": ""272103100"", ""ranking_category_name"": ""남성의류>상의"", ""review_avg"": 5.0, ""sale_percent"": 50, ""sale_price"": 69500, ""sold_out"": false, ""url"": ""https://product.29cm.co.kr/catalog/3064267""}",2026-10-10T13:00:06+00:00_caa68351
2026-10-10T22:00:06+09:00,2026-10-10T13:00:07+00:00,commerce_rank,Flannel Check Shirt Blue,29cm:3064267@272103100,rank,79.0,"{""brand_eng"": ""thisisneverthat"", ""brand_kor"": ""디스이즈네버댓"", ""brand_no"": 70, ""category1"": ""남성의류"", ""category2"": ""상의"", ""category3"": ""긴소매 셔츠"", ""category3_code"": 272103106, ""is_new"": false, ""item_no"": 3064267, ""period_sort"": ""ONE_DAY"", ""platform"": ""29cm"", ""ranking_category_code"": ""272103100"", ""ranking_category_name"": ""남성의류>상의"", ""review_avg"": 5.0, ""sale_percent"": 50, ""sale_price"": 69500, ""sold_out"": false, ""url"": ""https://product.29cm.co.kr/catalog/3064267""}",2026-10-10T13:00:06+00:00_caa68351
2026-10-10T22:00:06+09:00,2026-10-10T13:00:06+00:00,commerce_rank,[11차] Draped tie blouse_brown,29cm:3079603,heart_count,46192.0,"{""brand_eng"": ""AARAN"", ""brand_kor"": ""어랜"", ""brand_no"": 25864, ""category1"": ""여성의류"", ""category2"": ""단독"", ""category3"": ""상의"", ""category3_code"": 268116101, ""is_new"": false, ""item_no"": 3079603, ""period_sort"": ""ONE_DAY"", ""platform"": ""29cm"", ""ranking_category_code"": ""268103100"", ""ranking_category_name"": ""여성의류>상의"", ""review_avg"": 4.5, ""sale_percent"": 10, ""sale_price"": 136800, ""sold_out"": false, ""url"": ""https://product.29cm.co.kr/catalog/3079603""}",2026-10-10T13:00:06+00:00_caa68351
2026-10-10T22:00:06+09:00,2026-10-10T13:00:06+00:00,commerce_rank,[11차] Draped tie blouse_brown,29cm:3079603,review_count,660.0,"{""brand_eng"": ""AARAN"", ""brand_kor"": ""어랜"", ""brand_no"": 25864, ""category1"": ""여성의류"", ""category2"": ""단독"", ""category3"": ""상의"", ""category3_code"": 268116101, ""is_new"": false, ""item_no"": 3079603, ""period_sort"": ""ONE_DAY"", ""platform"": ""29cm"", ""ranking_category_code"": ""268103100"", ""ranking_category_name"": ""여성의류>상의"", ""review_avg"": 4.5, ""sale_percent"": 10, ""sale_price"": 136800, ""sold_out"": false, ""url"": ""https://product.29cm.co.kr/catalog/3079603""}",2026-10-10T13:00:06+00:00_caa68351
2026-10-10T22:00:06+09:00,2026-10-10T13:00:06+00:00,commerce_rank,[11차] Draped tie blouse_brown,29cm:3079603@268103100,rank,17.0,"{""brand_eng"": ""AARAN"", ""brand_kor"": ""어랜"", ""brand_no"": 25864, ""category1"": ""여성의류"", ""category2"": ""단독"", ""category3"": ""상의"", ""category3_code"": 268116101, ""is_new"": false, ""item_no"": 3079603, ""period_sort"": ""ONE_DAY"", ""platform"": ""29cm"", ""ranking_category_code"": ""268103100"", ""ranking_category_name"": ""여성의류>상의"", ""review_avg"": 4.5, ""sale_percent"": 10, ""sale_price"": 136800, ""sold_out"": false, ""url"": ""https://product.29cm.co.kr/catalog/3079603""}",2026-10-10T13:00:06+00:00_caa68351
2026-10-10T22:00:06+09:00,2026-10-10T13:00:07+00:00,commerce_rank,"Essential Long Sleeve, Grey",29cm:3178119,heart_count,870.0,"{""brand_eng"": ""BROWNYARD"", ""brand_kor"": ""브라운야드"", ""brand_no"": 2211, ""category1"": ""남성의류"", ""category2"": ""상의"", ""category3"": ""긴소매 티셔츠"", ""category3_code"": 272103102, ""is_new"": false, ""item_no"": 3178119, ""period_sort"": ""ONE_DAY"", ""platform"": ""29cm"", ""ranking_category_code"": ""272103100"", ""ranking_category_name"": ""남성의류>상의"", ""review_avg"": 5.0, ""sale_percent"": 0, ""sale_price"": 58000, ""sold_out"": false, ""url"": ""https://product.29cm.co.kr/catalog/3178119""}",2026-10-10T13:00:06+00:00_caa68351
2026-10-10T22:00:06+09:00,2026-10-10T13:00:07+00:00,commerce_rank,"Essential Long Sleeve, Grey",29cm:3178119,review_count,35.0,"{""brand_eng"": ""BROWNYARD"", ""brand_kor"": ""브라운야드"", ""brand_no"": 2211, ""category1"": ""남성의류"", ""category2"": ""상의"", ""category3"": ""긴소매 티셔츠"", ""category3_code"": 272103102, ""is_new"": false, ""item_no"": 3178119, ""period_sort"": ""ONE_DAY"", ""platform"": ""29cm"", ""ranking_category_code"": ""272103100"", ""ranking_category_name"": ""남성의류>상의"", ""review_avg"": 5.0, ""sale_percent"": 0, ""sale_price"": 58000, ""sold_out"": false, ""url"": ""https://product.29cm.co.kr/catalog/3178119""}",2026-10-10T13:00:06+00:00_caa68351
2026-10-10T22:00:06+09:00,2026-10-10T13:00:07+00:00,commerce_rank,"Essential Long Sleeve, Grey",29cm:3178119@272103100,rank,92.0,"{""brand_eng"": ""BROWNYARD"", ""brand_kor"": ""브라운야드"", ""brand_no"": 2211, ""category1"": ""남성의류"", ""category2"": ""상의"", ""category3"": ""긴소매 티셔츠"", ""category3_code"": 272103102, ""is_new"": false, ""item_no"": 3178119, ""period_sort"": ""ONE_DAY"", ""platform"": ""29cm"", ""ranking_category_code"": ""272103100"", ""ranking_category_name"": ""남성의류>상의"", ""review_avg"": 5.0, ""sale_percent"": 0, ""sale_price"": 58000, ""sold_out"": false, ""url"": ""https://product.29cm.co.kr/catalog/3178119""}",2026-10-10T13:00:06+00:00_caa68351
2026-10-10T22:00:06+09:00,2026-10-10T13:00:06+00:00,commerce_rank,[이나 PICK] 캡 내장 스퀘어넥 이너 나시 MDTS075_7 Colors,29cm:3224844,heart_count,14666.0,"{""brand_eng"": ""MONGDOL"", ""brand_kor"": ""몽돌"", ""brand_no"": 10654, ""category1"": ""여성의류"", ""category2"": ""상의"", ""category3"": ""슬리브리스"", ""category3_code"": 268103103, ""is_new"": false, ""item_no"": 3224844, ""period_sort"": ""ONE_DAY"", ""platform"": ""29cm"", ""ranking_category_code"": ""268103100"", ""ranking_category_name"": ""여성의류>상의"", ""review_avg"": 4.5, ""sale_percent"": 44, ""sale_price"": 18480, ""sold_out"": false, ""url"": ""https://product.29cm.co.kr/catalog/3224844""}",2026-10-10T13:00:06+00:00_caa68351
2026-10-10T22:00:06+09:00,2026-10-10T13:00:06+00:00,commerce_rank,[이나 PICK] 캡 내장 스퀘어넥 이너 나시 MDTS075_7 Colors,29cm:3224844,review_count,510.0,"{""brand_eng"": ""MONGDOL"", ""brand_kor"": ""몽돌"", ""brand_no"": 10654, ""category1"": ""여성의류"", ""category2"": ""상의"", ""category3"": ""슬리브리스"", ""category3_code"": 268103103, ""is_new"": false, ""item_no"": 3224844, ""period_sort"": ""ONE_DAY"", ""platform"": ""29cm"", ""ranking_category_code"": ""268103100"", ""ranking_category_name"": ""여성의류>상의"", ""review_avg"": 4.5, ""sale_percent"": 44, ""sale_price"": 18480, ""sold_out"": false, ""url"": ""https://product.29cm.co.kr/catalog/3224844""}",2026-10-10T13:00:06+00:00_caa68351
2026-10-10T22:00:06+09:00,2026-10-10T13:00:06+00:00,commerce_rank,[이나 PICK] 캡 내장 스퀘어넥 이너 나시 MDTS075_7 Colors,29cm:3224844@268103100,rank,56.0,"{""brand_eng"": ""MONGDOL"", ""brand_kor"": ""몽돌"", ""brand_no"": 10654, ""category1"": ""여성의류"", ""category2"": ""상의"", ""category3"": ""슬리브리스"", ""category3_code"": 268103103, ""is_new"": false, ""item_no"": 3224844, ""period_sort"": ""ONE_DAY"", ""platform"": ""29cm"", ""ranking_category_code"": ""268103100"", ""ranking_category_name"": ""여성의류>상의"", ""review_avg"": 4.5, ""sale_percent"": 44, ""sale_price"": 18480, ""sold_out"": false, ""url"": ""https://product.29cm.co.kr/catalog/3224844""}",2026-10-10T13:00:06+00:00_caa68351
2026-10-10T22:00:06+09:00,2026-10-10T13:00:07+00:00,commerce_rank,니트 옥스포드 셔츠 (BLUE),29cm:3233930,heart_count,118.0,"{""brand_eng"": ""POLO RALPH LAUREN"", ""brand_kor"": ""폴로 랄프 로렌"", ""brand_no"": 6890, ""category1"": ""남성의류"", ""category2"": ""상의"", ""category3"": ""긴소매 셔츠"", ""category3_code"": 272103106, ""is_new"": false, ""item_no"": 3233930, ""period_sort"": ""ONE_DAY"", ""platform"": ""29cm"", ""ranking_category_code"": ""272103100"", ""ranking_category_name"": ""남성의류>상의"", ""review_avg"": 5.0, ""sale_percent"": 0, ""sale_price"": 199000, ""sold_out"": false, ""url"": ""https://product.29cm.co.kr/catalog/3233930""}",2026-10-10T13:00:06+00:00_caa68351
2026-10-10T22:00:06+09:00,2026-10-10T13:00:07+00:00,commerce_rank,니트 옥스포드 셔츠 (BLUE),29cm:3233930,review_count,1.0,"{""brand_eng"": ""POLO RALPH LAUREN"", ""brand_kor"": ""폴로 랄프 로렌"", ""brand_no"": 6890, ""category1"": ""남성의류"", ""category2"": ""상의"", ""category3"": ""긴소매 셔츠"", ""category3_code"": 272103106, ""is_new"": false, ""item_no"": 3233930, ""period_sort"": ""ONE_DAY"", ""platform"": ""29cm"", ""ranking_category_code"": ""272103100"", ""ranking_category_name"": ""남성의류>상의"", ""review_avg"": 5.0, ""sale_percent"": 0, ""sale_price"": 199000, ""sold_out"": false, ""url"": ""https://product.29cm.co.kr/catalog/3233930""}",2026-10-10T13:00:06+00:00_caa68351
2026-10-10T22:00:06+09:00,2026-10-10T13:00:07+00:00,commerce_rank,니트 옥스포드 셔츠 (BLUE),29cm:3233930@272103100,rank,34.0,"{""brand_eng"": ""POLO RALPH LAUREN"", ""brand_kor"": ""폴로 랄프 로렌"", ""brand_no"": 6890, ""category1"": ""남성의류"", ""category2"": ""상의"", ""category3"": ""긴소매 셔츠"", ""category3_code"": 272103106, ""is_new"": false, ""item_no"": 3233930, ""period_sort"": ""ONE_DAY"", ""platform"": ""29cm"", ""ranking_category_code"": ""272103100"", ""ranking_category_name"": ""남성의류>상의"", ""review_avg"": 5.0, ""sale_percent"": 0, ""sale_price"": 199000, ""sold_out"": false, ""url"": ""https://product.29cm.co.kr/catalog/3233930""}",2026-10-10T13:00:06+00:00_caa68351
2026-10-10T22:00:06+09:00,2026-10-10T13:00:06+00:00,commerce_rank,[2PACK] 에센셜 라운드넥 반팔 티셔츠,29cm:3259431,heart_count,13770.0,"{""brand_eng"": ""MONGDOL"", ""brand_kor"": ""몽돌"", ""brand_no"": 10654, ""category1"": ""여성의류"", ""category2"": ""상의"", ""category3"": ""반소매 티셔츠"", ""category3_code"": 268103101, ""is_new"": false, ""item_no"": 3259431, ""period_sort"": ""ONE_DAY"", ""platform"": ""29cm"", ""ranking_category_code"": ""268103100"", ""ranking_category_name"": ""여성의류>상의"", ""review_avg"": 5.0, ""sale_percent"": 65, ""sale_price"": 25900, ""sold_out"": false, ""url"": ""https://product.29cm.co.kr/catalog/3259431""}",2026-10-10T13:00:06+00:00_caa68351
2026-10-10T22:00:06+09:00,2026-10-10T13:00:06+00:00,commerce_rank,[2PACK] 에센셜 라운드넥 반팔 티셔츠,29cm:3259431,review_count,1403.0,"{""brand_eng"": ""MONGDOL"", ""brand_kor"": ""몽돌"", ""brand_no"": 10654, ""category1"": ""여성의류"", ""category2"": ""상의"", ""category3"": ""반소매 티셔츠"", ""category3_code"": 268103101, ""is_new"": false, ""item_no"": 3259431, ""period_sort"": ""ONE_DAY"", ""platform"": ""29cm"", ""ranking_category_code"": ""268103100"", ""ranking_category_name"": ""여성의류>상의"", ""review_avg"": 5.0, ""sale_percent"": 65, ""sale_price"": 25900, ""sold_out"": false, ""url"": ""https://product.29cm.co.kr/catalog/3259431""}",2026-10-10T13:00:06+00:00_caa68351
2026-10-10T22:00:06+09:00,2026-10-10T13:00:06+00:00,commerce_rank,[2PACK] 에센셜 라운드넥 반팔 티셔츠,29cm:3259431@268103100,rank,90.0,"{""brand_eng"": ""MONGDOL"", ""brand_kor"": ""몽돌"", ""brand_no"": 10654, ""category1"": ""여성의류"", ""category2"": ""상의"", ""category3"": ""반소매 티셔츠"", ""category3_code"": 268103101, ""is_new"": false, ""item_no"": 3259431, ""period_sort"": ""ONE_DAY"", ""platform"": ""29cm"", ""ranking_category_code"": ""268103100"", ""ranking_category_name"": ""여성의류>상의"", ""review_avg"": 5.0, ""sale_percent"": 65, ""sale_price"": 25900, ""sold_out"": false, ""url"": ""https://product.29cm.co.kr/catalog/3259431""}",2026-10-10T13:00:06+00:00_caa68351
2026-10-10T22:00:06+09:00,2026-10-10T13:00:07+00:00,commerce_rank,워터 레터링 반팔 티셔츠 Black (S25MMWSW02),29cm:3266005,heart_count,46.0,"{""brand_eng"": ""SNOWPEAK APPAREL"", ""brand_kor"": ""스노우피크 어패럴"", ""brand_no"": 13868, ""category1"": ""남성의류"", ""category2"": ""상의"", ""category3"": ""반소매 티셔츠"", ""category3_code"": 272103101, ""is_new"": false, ""item_no"": 3266005, ""period_sort"": ""ONE_DAY"", ""platform"": ""29cm"", ""ranking_category_code"": ""272103100"", ""ranking_category_name"": ""남성의류>상의"", ""review_avg"": 5.0, ""sale_percent"": 40, ""sale_price"": 35400, ""sold_out"": false, ""url"": ""https://product.29cm.co.kr/catalog/3266005""}",2026-10-10T13:00:06+00:00_caa68351
2026-10-10T22:00:06+09:00,2026-10-10T13:00:07+00:00,commerce_rank,워터 레터링 반팔 티셔츠 Black (S25MMWSW02),29cm:3266005,review_count,21.0,"{""brand_eng"": ""SNOWPEAK APPAREL"", ""brand_kor"": ""스노우피크 어패럴"", ""brand_no"": 13868, ""category1"": ""남성의류"", ""category2"": ""상의"", ""category3"": ""반소매 티셔츠"", ""category3_code"": 272103101, ""is_new"": false, ""item_no"": 3266005, ""period_sort"": ""ONE_DAY"", ""platform"": ""29cm"", ""ranking_category_code"": ""272103100"", ""ranking_category_name"": ""남성의류>상의"", ""review_avg"": 5.0, ""sale_percent"": 40, ""sale_price"": 35400, ""sold_out"": false, ""url"": ""https://product.29cm.co.kr/catalog/3266005""}",2026-10-10T13:00:06+00:00_caa68351
2026-10-10T22:00:06+09:00,2026-10-10T13:00:07+00:00,commerce_rank,워터 레터링 반팔 티셔츠 Black (S25MMWSW02),29cm:3266005@272103100,rank,70.0,"{""brand_eng"": ""SNOWPEAK APPAREL"", ""brand_kor"": ""스노우피크 어패럴"", ""brand_no"": 13868, ""category1"": ""남성의류"", ""category2"": ""상의"", ""category3"": ""반소매 티셔츠"", ""category3_code"": 272103101, ""is_new"": false, ""item_no"": 3266005, ""period_sort"": ""ONE_DAY"", ""platform"": ""29cm"", ""ranking_category_code"": ""272103100"", ""ranking_category_name"": ""남성의류>상의"", ""review_avg"": 5.0, ""sale_percent"": 40, ""sale_price"": 35400, ""sold_out"": false, ""url"": ""https://product.29cm.co.kr/catalog/3266005""}",2026-10-10T13:00:06+00:00_caa68351
2026-10-10T22:00:06+09:00,2026-10-10T13:00:07+00:00,commerce_rank,워터 레터링 반팔 티셔츠 White (S25MMWSW02),29cm:3266008,heart_count,28.0,"{""brand_eng"": ""SNOWPEAK APPAREL"", ""brand_kor"": ""스노우피크 어패럴"", ""brand_no"": 13868, ""category1"": ""남성의류"", ""category2"": ""상의"", ""category3"": ""반소매 티셔츠"", ""category3_code"": 272103101, ""is_new"": false, ""item_no"": 3266008, ""period_sort"": ""ONE_DAY"", ""platform"": ""29cm"", ""ranking_category_code"": ""272103100"", ""ranking_category_name"": ""남성의류>상의"", ""review_avg"": 5.0, ""sale_percent"": 40, ""sale_price"": 35400, ""sold_out"": false, ""url"": ""https://product.29cm.co.kr/catalog/3266008""}",2026-10-10T13:00:06+00:00_caa68351
2026-10-10T22:00:06+09:00,2026-10-10T13:00:07+00:00,commerce_rank,워터 레터링 반팔 티셔츠 White (S25MMWSW02),29cm:3266008,review_count,9.0,"{""brand_eng"": ""SNOWPEAK APPAREL"", ""brand_kor"": ""스노우피크 어패럴"", ""brand_no"": 13868, ""category1"": ""남성의류"", ""category2"": ""상의"", ""category3"": ""반소매 티셔츠"", ""category3_code"": 272103101, ""is_new"": false, ""item_no"": 3266008, ""period_sort"": ""ONE_DAY"", ""platform"": ""29cm"", ""ranking_category_code"": ""272103100"", ""ranking_category_name"": ""남성의류>상의"", ""review_avg"": 5.0, ""sale_percent"": 40, ""sale_price"": 35400, ""sold_out"": false, ""url"": ""https://product.29cm.co.kr/catalog/3266008""}",2026-10-10T13:00:06+00:00_caa68351
2026-10-10T22:00:06+09:00,2026-10-10T13:00:07+00:00,commerce_rank,워터 레터링 반팔 티셔츠 White (S25MMWSW02),29cm:3266008@272103100,rank,74.0,"{""brand_eng"": ""SNOWPEAK APPAREL"", ""brand_kor"": ""스노우피크 어패럴"", ""brand_no"": 13868, ""category1"": ""남성의류"", ""category2"": ""상의"", ""category3"": ""반소매 티셔츠"", ""category3_code"": 272103101, ""is_new"": false, ""item_no"": 3266008, ""period_sort"": ""ONE_DAY"", ""platform"": ""29cm"", ""ranking_category_code"": ""272103100"", ""ranking_category_name"": ""남성의류>상의"", ""review_avg"": 5.0, ""sale_percent"": 40, ""sale_price"": 35400, ""sold_out"": false, ""url"": ""https://product.29cm.co.kr/catalog/3266008""}",2026-10-10T13:00:06+00:00_caa68351
2026-10-10T22:00:06+09:00,2026-10-10T13:00:07+00:00,commerce_rank,(NEW컬러) 핀터 크롭 하프 티셔츠 - 9 COLOR,29cm:3328320,heart_count,1054.0,"{""brand_eng"": ""SUARE"", ""brand_kor"": ""수아레"", ""brand_no"": 5548, ""category1"": ""남성의류"", ""category2"": ""상의"", ""category3"": ""반소매 티셔츠"", ""category3_code"": 272103101, ""is_new"": false, ""item_no"": 3328320, ""period_sort"": ""ONE_DAY"", ""platform"": ""29cm"", ""ranking_category_code"": ""272103100"", ""ranking_category_name"": ""남성의류>상의"", ""review_avg"": 5.0, ""sale_percent"": 34, ""sale_price"": 25900, ""sold_out"": false, ""url"": ""https://product.29cm.co.kr/catalog/3328320""}",2026-10-10T13:00:06+00:00_caa68351
2026-10-10T22:00:06+09:00,2026-10-10T13:00:07+00:00,commerce_rank,(NEW컬러) 핀터 크롭 하프 티셔츠 - 9 COLOR,29cm:3328320,review_count,146.0,"{""brand_eng"": ""SUARE"", ""brand_kor"": ""수아레"", ""brand_no"": 5548, ""category1"": ""남성의류"", ""category2"": ""상의"", ""category3"": ""반소매 티셔츠"", ""category3_code"": 272103101, ""is_new"": false, ""item_no"": 3328320, ""period_sort"": ""ONE_DAY"", ""platform"": ""29cm"", ""ranking_category_code"": ""272103100"", ""ranking_category_name"": ""남성의류>상의"", ""review_avg"": 5.0, ""sale_percent"": 34, ""sale_price"": 25900, ""sold_out"": false, ""url"": ""https://product.29cm.co.kr/catalog/3328320""}",2026-10-10T13:00:06+00:00_caa68351
2026-10-10T22:00:06+09:00,2026-10-10T13:00:07+00:00,commerce_rank,(NEW컬러) 핀터 크롭 하프 티셔츠 - 9 COLOR,29cm:3328320@272103100,rank,42.0,"{""brand_eng"": ""SUARE"", ""brand_kor"": ""수아레"", ""brand_no"": 5548, ""category1"": ""남성의류"", ""category2"": ""상의"", ""category3"": ""반소매 티셔츠"", ""category3_code"": 272103101, ""is_new"": false, ""item_no"": 3328320, ""period_sort"": ""ONE_DAY"", ""platform"": ""29cm"", ""ranking_category_code"": ""272103100"", ""ranking_category_name"": ""남성의류>상의"", ""review_avg"": 5.0, ""sale_percent"": 34, ""sale_price"": 25900, ""sold_out"": false, ""url"": ""https://product.29cm.co.kr/catalog/3328320""}",2026-10-10T13:00:06+00:00_caa68351
2026-10-10T22:00:06+09:00,2026-10-10T13:00:07+00:00,commerce_rank,Tompkins Loopwheeled Tubular Tee 4 Color,29cm:3354267,heart_count,5321.0,"{""brand_eng"": ""BRONSON"", ""brand_kor"": ""브론슨"", ""brand_no"": 89408, ""category1"": ""여성의류"", ""category2"": ""상의"", ""category3"": ""반소매 티셔츠"", ""category3_code"": 268103101, ""is_new"": false, ""item_no"": 3354267, ""period_sort"": ""ONE_DAY"", ""platform"": ""29cm"", ""ranking_category_code"": ""272103100"", ""ranking_category_name"": ""남성의류>상의"", ""review_avg"": 5.0, ""sale_percent"": 10, ""sale_price"": 40500, ""sold_out"": false, ""url"": ""https://product.29cm.co.kr/catalog/3354267""}",2026-10-10T13:00:06+00:00_caa68351
2026-10-10T22:00:06+09:00,2026-10-10T13:00:07+00:00,commerce_rank,Tompkins Loopwheeled Tubular Tee 4 Color,29cm:3354267,review_count,858.0,"{""brand_eng"": ""BRONSON"", ""brand_kor"": ""브론슨"", ""brand_no"": 89408, ""category1"": ""여성의류"", ""category2"": ""상의"", ""category3"": ""반소매 티셔츠"", ""category3_code"": 268103101, ""is_new"": false, ""item_no"": 3354267, ""period_sort"": ""ONE_DAY"", ""platform"": ""29cm"", ""ranking_category_code"": ""272103100"", ""ranking_category_name"": ""남성의류>상의"", ""review_avg"": 5.0, ""sale_percent"": 10, ""sale_price"": 40500, ""sold_out"": false, ""url"": ""https://product.29cm.co.kr/catalog/3354267""}",2026-10-10T13:00:06+00:00_caa68351
2026-10-10T22:00:06+09:00,2026-10-10T13:00:07+00:00,commerce_rank,Tompkins Loopwheeled Tubular Tee 4 Color,29cm:3354267@272103100,rank,7.0,"{""brand_eng"": ""BRONSON"", ""brand_kor"": ""브론슨"", ""brand_no"": 89408, ""category1"": ""여성의류"", ""category2"": ""상의"", ""category3"": ""반소매 티셔츠"", ""category3_code"": 268103101, ""is_new"": false, ""item_no"": 3354267, ""period_sort"": ""ONE_DAY"", ""platform"": ""29cm"", ""ranking_category_code"": ""272103100"", ""ranking_category_name"": ""남성의류>상의"", ""review_avg"": 5.0, ""sale_percent"": 10, ""sale_price"": 40500, ""sold_out"": false, ""url"": ""https://product.29cm.co.kr/catalog/3354267""}",2026-10-10T13:00:06+00:00_caa68351
2026-10-10T22:00:06+09:00,2026-10-10T13:00:07+00:00,commerce_rank,10.6 oz Cotton Short Sleeve Henley Tee Dark Grey,29cm:3354294,heart_count,1396.0,"{""brand_eng"": ""BRONSON"", ""brand_kor"": ""브론슨"", ""brand_no"": 89408, ""category1"": ""여성의류"", ""category2"": ""상의"", ""category3"": ""반소매 티셔츠"", ""category3_code"": 268103101, ""is_new"": false, ""item_no"": 3354294, ""period_sort"": ""ONE_DAY"", ""platform"": ""29cm"", ""ranking_category_code"": ""272103100"", ""ranking_category_name"": ""남성의류>상의"", ""review_avg"": 5.0, ""sale_percent"": 19, ""sale_price"": 42930, ""sold_out"": false, ""url"": ""https://product.29cm.co.kr/catalog/3354294""}",2026-10-10T13:00:06+00:00_caa68351
2026-10-10T22:00:06+09:00,2026-10-10T13:00:07+00:00,commerce_rank,10.6 oz Cotton Short Sleeve Henley Tee Dark Grey,29cm:3354294,review_count,275.0,"{""brand_eng"": ""BRONSON"", ""brand_kor"": ""브론슨"", ""brand_no"": 89408, ""category1"": ""여성의류"", ""category2"": ""상의"", ""category3"": ""반소매 티셔츠"", ""category3_code"": 268103101, ""is_new"": false, ""item_no"": 3354294, ""period_sort"": ""ONE_DAY"", ""platform"": ""29cm"", ""ranking_category_code"": ""272103100"", ""ranking_category_name"": ""남성의류>상의"", ""review_avg"": 5.0, ""sale_percent"": 19, ""sale_price"": 42930, ""sold_out"": false, ""url"": ""https://product.29cm.co.kr/catalog/3354294""}",2026-10-10T13:00:06+00:00_caa68351
2026-10-10T22:00:06+09:00,2026-10-10T13:00:07+00:00,commerce_rank,10.6 oz Cotton Short Sleeve Henley Tee Dark Grey,29cm:3354294@272103100,rank,98.0,"{""brand_eng"": ""BRONSON"", ""brand_kor"": ""브론슨"", ""brand_no"": 89408, ""category1"": ""여성의류"", ""category2"": ""상의"", ""category3"": ""반소매 티셔츠"", ""category3_code"": 268103101, ""is_new"": false, ""item_no"": 3354294, ""period_sort"": ""ONE_DAY"", ""platform"": ""29cm"", ""ranking_category_code"": ""272103100"", ""ranking_category_name"": ""남성의류>상의"", ""review_avg"": 5.0, ""sale_percent"": 19, ""sale_price"": 42930, ""sold_out"": false, ""url"": ""https://product.29cm.co.kr/catalog/3354294""}",2026-10-10T13:00:06+00:00_caa68351
2026-10-10T22:00:06+09:00,2026-10-10T13:00:07+00:00,commerce_rank,10.6 oz Cotton Short Sleeve Henley Tee Grey,29cm:3354303,heart_count,297.0,"{""brand_eng"": ""BRONSON"", ""brand_kor"": ""브론슨"", ""brand_no"": 89408, ""category1"": ""여성의류"", ""category2"": ""상의"", ""category3"": ""반소매 티셔츠"", ""category3_code"": 268103101, ""is_new"": false, ""item_no"": 3354303, ""period_sort"": ""ONE_DAY"", ""platform"": ""29cm"", ""ranking_category_code"": ""272103100"", ""ranking_category_name"": ""남성의류>상의"", ""review_avg"": 5.0, ""sale_percent"": 19, ""sale_price"": 42930, ""sold_out"": false, ""url"": ""https://product.29cm.co.kr/catalog/3354303""}",2026-10-10T13:00:06+00:00_caa68351
2026-10-10T22:00:06+09:00,2026-10-10T13:00:07+00:00,commerce_rank,10.6 oz Cotton Short Sleeve Henley Tee Grey,29cm:3354303,review_count,95.0,"{""brand_eng"": ""BRONSON"", ""brand_kor"": ""브론슨"", ""brand_no"": 89408, ""category1"": ""여성의류"", ""category2"": ""상의"", ""category3"": ""반소매 티셔츠"", ""category3_code"": 268103101, ""is_new"": false, ""item_no"": 3354303, ""period_sort"": ""ONE_DAY"", ""platform"": ""29cm"", ""ranking_category_code"": ""272103100"", ""ranking_category_name"": ""남성의류>상의"", ""review_avg"": 5.0, ""sale_percent"": 19, ""sale_price"": 42930, ""sold_out"": false, ""url"": ""https://product.29cm.co.kr/catalog/3354303""}",2026-10-10T13:00:06+00:00_caa68351
2026-10-10T22:00:06+09:00,2026-10-10T13:00:07+00:00,commerce_rank,10.6 oz Cotton Short Sleeve Henley Tee Grey,29cm:3354303@272103100,rank,51.0,"{""brand_eng"": ""BRONSON"", ""brand_kor"": ""브론슨"", ""brand_no"": 89408, ""category1"": ""여성의류"", ""category2"": ""상의"", ""category3"": ""반소매 티셔츠"", ""category3_code"": 268103101, ""is_new"": false, ""item_no"": 3354303, ""period_sort"": ""ONE_DAY"", ""platform"": ""29cm"", ""ranking_category_code"": ""272103100"", ""ranking_category_name"": ""남성의류>상의"", ""review_avg"": 5.0, ""sale_percent"": 19, ""sale_price"": 42930, ""sold_out"": false, ""url"": ""https://product.29cm.co.kr/catalog/3354303""}",2026-10-10T13:00:06+00:00_caa68351
2026-10-10T22:00:06+09:00,2026-10-10T13:00:07+00:00,commerce_rank,Vintage Long Sleeve Henley Shirt Grey,29cm:3354337,heart_count,387.0,"{""brand_eng"": ""BRONSON"", ""brand_kor"": ""브론슨"", ""brand_no"": 89408, ""category1"": ""여성의류"", ""category2"": ""상의"", ""category3"": ""긴소매 티셔츠"", ""category3_code"": 268103102, ""is_new"": false, ""item_no"": 3354337, ""period_sort"": ""ONE_DAY"", ""platform"": ""29cm"", ""ranking_category_code"": ""272103100"", ""ranking_category_name"": ""남성의류>상의"", ""review_avg"": 4.5, ""sale_percent"": 10, ""sale_price"": 55800, ""sold_out"": false, ""url"": ""https://product.29cm.co.kr/catalog/3354337""}",2026-10-10T13:00:06+00:00_caa68351
2026-10-10T22:00:06+09:00,2026-10-10T13:00:07+00:00,commerce_rank,Vintage Long Sleeve Henley Shirt Grey,29cm:3354337,review_count,40.0,"{""brand_eng"": ""BRONSON"", ""brand_kor"": ""브론슨"", ""brand_no"": 89408, ""category1"": ""여성의류"", ""category2"": ""상의"", ""category3"": ""긴소매 티셔츠"", ""category3_code"": 268103102, ""is_new"": false, ""item_no"": 3354337, ""period_sort"": ""ONE_DAY"", ""platform"": ""29cm"", ""ranking_category_code"": ""272103100"", ""ranking_category_name"": ""남성의류>상의"", ""review_avg"": 4.5, ""sale_percent"": 10, ""sale_price"": 55800, ""sold_out"": false, ""url"": ""https://product.29cm.co.kr/catalog/3354337""}",2026-10-10T13:00:06+00:00_caa68351
2026-10-10T22:00:06+09:00,2026-10-10T13:00:07+00:00,commerce_rank,Vintage Long Sleeve Henley Shirt Grey,29cm:3354337@272103100,rank,45.0,"{""brand_eng"": ""BRONSON"", ""brand_kor"": ""브론슨"", ""brand_no"": 89408, ""category1"": ""여성의류"", ""category2"": ""상의"", ""category3"": ""긴소매 티셔츠"", ""category3_code"": 268103102, ""is_new"": false, ""item_no"": 3354337, ""period_sort"": ""ONE_DAY"", ""platform"": ""29cm"", ""ranking_category_code"": ""272103100"", ""ranking_category_name"": ""남성의류>상의"", ""review_avg"": 4.5, ""sale_percent"": 10, ""sale_price"": 55800, ""sold_out"": false, ""url"": ""https://product.29cm.co.kr/catalog/3354337""}",2026-10-10T13:00:06+00:00_caa68351
2026-10-10T22:00:06+09:00,2026-10-10T13:00:07+00:00,commerce_rank,Vintage Long Sleeve Henley Shirt Black,29cm:3354340,heart_count,2342.0,"{""brand_eng"": ""BRONSON"", ""brand_kor"": ""브론슨"", ""brand_no"": 89408, ""category1"": ""여성의류"", ""category2"": ""상의"", ""category3"": ""긴소매 티셔츠"", ""category3_code"": 268103102, ""is_new"": false, ""item_no"": 3354340, ""period_sort"": ""ONE_DAY"", ""platform"": ""29cm"", ""ranking_category_code"": ""272103100"", ""ranking_category_name"": ""남성의류>상의"", ""review_avg"": 5.0, ""sale_percent"": 10, ""sale_price"": 55800, ""sold_out"": false, ""url"": ""https://product.29cm.co.kr/catalog/3354340""}",2026-10-10T13:00:06+00:00_caa68351
2026-10-10T22:00:06+09:00,2026-10-10T13:00:07+00:00,commerce_rank,Vintage Long Sleeve Henley Shirt Black,29cm:3354340,review_count,251.0,"{""brand_eng"": ""BRONSON"", ""brand_kor"": ""브론슨"", ""brand_no"": 89408, ""category1"": ""여성의류"", ""category2"": ""상의"", ""category3"": ""긴소매 티셔츠"", ""category3_code"": 268103102, ""is_new"": false, ""item_no"": 3354340, ""period_sort"": ""ONE_DAY"", ""platform"": ""29cm"", ""ranking_category_code"": ""272103100"", ""ranking_category_name"": ""남성의류>상의"", ""review_avg"": 5.0, ""sale_percent"": 10, ""sale_price"": 55800, ""sold_out"": false, ""url"": ""https://product.29cm.co.kr/catalog/3354340""}",2026-10-10T13:00:06+00:00_caa68351
2026-10-10T22:00:06+09:00,2026-10-10T13:00:07+00:00,commerce_rank,Vintage Long Sleeve Henley Shirt Black,29cm:3354340@272103100,rank,26.0,"{""brand_eng"": ""BRONSON"", ""brand_kor"": ""브론슨"", ""brand_no"": 89408, ""category1"": ""여성의류"", ""category2"": ""상의"", ""category3"": ""긴소매 티셔츠"", ""category3_code"": 268103102, ""is_new"": false, ""item_no"": 3354340, ""period_sort"": ""ONE_DAY"", ""platform"": ""29cm"", ""ranking_category_code"": ""272103100"", ""ranking_category_name"": ""남성의류>상의"", ""review_avg"": 5.0, ""sale_percent"": 10, ""sale_price"": 55800, ""sold_out"": false, ""url"": ""https://product.29cm.co.kr/catalog/3354340""}",2026-10-10T13:00:06+00:00_caa68351
2026-10-10T22:00:06+09:00,2026-10-10T13:00:07+00:00,commerce_rank,Vintage Long Sleeve Henley Shirt Navy,29cm:3354342,heart_count,735.0,"{""brand_eng"": ""BRONSON"", ""brand_kor"": ""브론슨"", ""brand_no"": 89408, ""category1"": ""여성의류"", ""category2"": ""상의"", ""category3"": ""긴소매 티셔츠"", ""category3_code"": 268103102, ""is_new"": false, ""item_no"": 3354342, ""period_sort"": ""ONE_DAY"", ""platform"": ""29cm"", ""ranking_category_code"": ""272103100"", ""ranking_category_name"": ""남성의류>상의"", ""review_avg"": 5.0, ""sale_percent"": 10, ""sale_price"": 55800, ""sold_out"": false, ""url"": ""https://product.29cm.co.kr/catalog/3354342""}",2026-10-10T13:00:06+00:00_caa68351
2026-10-10T22:00:06+09:00,2026-10-10T13:00:07+00:00,commerce_rank,Vintage Long Sleeve Henley Shirt Navy,29cm:3354342,review_count,120.0,"{""brand_eng"": ""BRONSON"", ""brand_kor"": ""브론슨"", ""brand_no"": 89408, ""category1"": ""여성의류"", ""category2"": ""상의"", ""category3"": ""긴소매 티셔츠"", ""category3_code"": 268103102, ""is_new"": false, ""item_no"": 3354342, ""period_sort"": ""ONE_DAY"", ""platform"": ""29cm"", ""ranking_category_code"": ""272103100"", ""ranking_category_name"": ""남성의류>상의"", ""review_avg"": 5.0, ""sale_percent"": 10, ""sale_price"": 55800, ""sold_out"": false, ""url"": ""https://product.29cm.co.kr/catalog/3354342""}",2026-10-10T13:00:06+00:00_caa68351
2026-10-10T22:00:06+09:00,2026-10-10T13:00:07+00:00,commerce_rank,Vintage Long Sleeve Henley Shirt Navy,29cm:3354342@272103100,rank,27.0,"{""brand_eng"": ""BRONSON"", ""brand_kor"": ""브론슨"", ""brand_no"": 89408, ""category1"": ""여성의류"", ""category2"": ""상의"", ""category3"": ""긴소매 티셔츠"", ""category3_code"": 268103102, ""is_new"": false, ""item_no"": 3354342, ""period_sort"": ""ONE_DAY"", ""platform"": ""29cm"", ""ranking_category_code"": ""272103100"", ""ranking_category_name"": ""남성의류>상의"", ""review_avg"": 5.0, ""sale_percent"": 10, ""sale_price"": 55800, ""sold_out"": false, ""url"": ""https://product.29cm.co.kr/catalog/3354342""}",2026-10-10T13:00:06+00:00_caa68351
2026-10-10T22:00:06+09:00,2026-10-10T13:00:07+00:00,commerce_rank,Vintage Long Sleeve Henley Shirt White,29cm:3354346,heart_count,510.0,"{""brand_eng"": ""BRONSON"", ""brand_kor"": ""브론슨"", ""brand_no"": 89408, ""category1"": ""여성의류"", ""category2"": ""상의"", ""category3"": ""긴소매 티셔츠"", ""category3_code"": 268103102, ""is_new"": false, ""item_no"": 3354346, ""period_sort"": ""ONE_DAY"", ""platform"": ""29cm"", ""ranking_category_code"": ""272103100"", ""ranking_category_name"": ""남성의류>상의"", ""review_avg"": 5.0, ""sale_percent"": 10, ""sale_price"": 55800, ""sold_out"": false, ""url"": ""https://product.29cm.co.kr/catalog/3354346""}",2026-10-10T13:00:06+00:00_caa68351
2026-10-10T22:00:06+09:00,2026-10-10T13:00:07+00:00,commerce_rank,Vintage Long Sleeve Henley Shirt White,29cm:3354346,review_count,150.0,"{""brand_eng"": ""BRONSON"", ""brand_kor"": ""브론슨"", ""brand_no"": 89408, ""category1"": ""여성의류"", ""category2"": ""상의"", ""category3"": ""긴소매 티셔츠"", ""category3_code"": 268103102, ""is_new"": false, ""item_no"": 3354346, ""period_sort"": ""ONE_DAY"", ""platform"": ""29cm"", ""ranking_category_code"": ""272103100"", ""ranking_category_name"": ""남성의류>상의"", ""review_avg"": 5.0, ""sale_percent"": 10, ""sale_price"": 55800, ""sold_out"": false, ""url"": ""https://product.29cm.co.kr/catalog/3354346""}",2026-10-10T13:00:06+00:00_caa68351
2026-10-10T22:00:06+09:00,2026-10-10T13:00:07+00:00,commerce_rank,Vintage Long Sleeve Henley Shirt White,29cm:3354346@272103100,rank,23.0,"{""brand_eng"": ""BRONSON"", ""brand_kor"": ""브론슨"", ""brand_no"": 89408, ""category1"": ""여성의류"", ""category2"": ""상의"", ""category3"": ""긴소매 티셔츠"", ""category3_code"": 268103102, ""is_new"": false, ""item_no"": 3354346, ""period_sort"": ""ONE_DAY"", ""platform"": ""29cm"", ""ranking_category_code"": ""272103100"", ""ranking_category_name"": ""남성의류>상의"", ""review_avg"": 5.0, ""sale_percent"": 10, ""sale_price"": 55800, ""sold_out"": false, ""url"": ""https://product.29cm.co.kr/catalog/3354346""}",2026-10-10T13:00:06+00:00_caa68351
2026-10-10T22:00:06+09:00,2026-10-10T13:00:07+00:00,commerce_rank,Breton Stripe Long Sleeve Tee KR ver. A/N,29cm:3354355,heart_count,950.0,"{""brand_eng"": ""BRONSON"", ""brand_kor"": ""브론슨"", ""brand_no"": 89408, ""category1"": ""여성의류"", ""category2"": ""상의"", ""category3"": ""긴소매 티셔츠"", ""category3_code"": 268103102, ""is_new"": false, ""item_no"": 3354355, ""period_sort"": ""ONE_DAY"", ""platform"": ""29cm"", ""ranking_category_code"": ""272103100"", ""ranking_category_name"": ""남성의류>상의"", ""review_avg"": 5.0, ""sale_percent"": 10, ""sale_price"": 46800, ""sold_out"": true, ""url"": ""https://product.29cm.co.kr/catalog/3354355""}",2026-10-10T13:00:06+00:00_caa68351
2026-10-10T22:00:06+09:00,2026-10-10T13:00:07+00:00,commerce_rank,Breton Stripe Long Sleeve Tee KR ver. A/N,29cm:3354355,review_count,108.0,"{""brand_eng"": ""BRONSON"", ""brand_kor"": ""브론슨"", ""brand_no"": 89408, ""category1"": ""여성의류"", ""category2"": ""상의"", ""category3"": ""긴소매 티셔츠"", ""category3_code"": 268103102, ""is_new"": false, ""item_no"": 3354355, ""period_sort"": ""ONE_DAY"", ""platform"": ""29cm"", ""ranking_category_code"": ""272103100"", ""ranking_category_name"": ""남성의류>상의"", ""review_avg"": 5.0, ""sale_percent"": 10, ""sale_price"": 46800, ""sold_out"": true, ""url"": ""https://product.29cm.co.kr/catalog/3354355""}",2026-10-10T13:00:06+00:00_caa68351
2026-10-10T22:00:06+09:00,2026-10-10T13:00:07+00:00,commerce_rank,Breton Stripe Long Sleeve Tee KR ver. A/N,29cm:3354355@272103100,rank,20.0,"{""brand_eng"": ""BRONSON"", ""brand_kor"": ""브론슨"", ""brand_no"": 89408, ""category1"": ""여성의류"", ""category2"": ""상의"", ""category3"": ""긴소매 티셔츠"", ""category3_code"": 268103102, ""is_new"": false, ""item_no"": 3354355, ""period_sort"": ""ONE_DAY"", ""platform"": ""29cm"", ""ranking_category_code"": ""272103100"", ""ranking_category_name"": ""남성의류>상의"", ""review_avg"": 5.0, ""sale_percent"": 10, ""sale_price"": 46800, ""sold_out"": true, ""url"": ""https://product.29cm.co.kr/catalog/3354355""}",2026-10-10T13:00:06+00:00_caa68351
2026-10-10T22:00:06+09:00,2026-10-10T13:00:07+00:00,commerce_rank,Breton Stripe Tee KR ver. A/N,29cm:3354429,heart_count,508.0,"{""brand_eng"": ""BRONSON"", ""brand_kor"": ""브론슨"", ""brand_no"": 89408, ""category1"": ""여성의류"", ""category2"": ""상의"", ""category3"": ""반소매 티셔츠"", ""category3_code"": 268103101, ""is_new"": false, ""item_no"": 3354429, ""period_sort"": ""ONE_DAY"", ""platform"": ""29cm"", ""ranking_category_code"": ""272103100"", ""ranking_category_name"": ""남성의류>상의"", ""review_avg"": 5.0, ""sale_percent"": 19, ""sale_price"": 34020, ""sold_out"": false, ""url"": ""https://product.29cm.co.kr/catalog/3354429""}",2026-10-10T13:00:06+00:00_caa68351
2026-10-10T22:00:06+09:00,2026-10-10T13:00:07+00:00,commerce_rank,Breton Stripe Tee KR ver. A/N,29cm:3354429,review_count,90.0,"{""brand_eng"": ""BRONSON"", ""brand_kor"": ""브론슨"", ""brand_no"": 89408, ""category1"": ""여성의류"", ""category2"": ""상의"", ""category3"": ""반소매 티셔츠"", ""category3_code"": 268103101, ""is_new"": false, ""item_no"": 3354429, ""period_sort"": ""ONE_DAY"", ""platform"": ""29cm"", ""ranking_category_code"": ""272103100"", ""ranking_category_name"": ""남성의류>상의"", ""review_avg"": 5.0, ""sale_percent"": 19, ""sale_price"": 34020, ""sold_out"": false, ""url"": ""https://product.29cm.co.kr/catalog/3354429""}",2026-10-10T13:00:06+00:00_caa68351
2026-10-10T22:00:06+09:00,2026-10-10T13:00:07+00:00,commerce_rank,Breton Stripe Tee KR ver. A/N,29cm:3354429@272103100,rank,99.0,"{""brand_eng"": ""BRONSON"", ""brand_kor"": ""브론슨"", ""brand_no"": 89408, ""category1"": ""여성의류"", ""category2"": ""상의"", ""category3"": ""반소매 티셔츠"", ""category3_code"": 268103101, ""is_new"": false, ""item_no"": 3354429, ""period_sort"": ""ONE_DAY"", ""platform"": ""29cm"", ""ranking_category_code"": ""272103100"", ""ranking_category_name"": ""남성의류>상의"", ""review_avg"": 5.0, ""sale_percent"": 19, ""sale_price"": 34020, ""sold_out"": false, ""url"": ""https://product.29cm.co.kr/catalog/3354429""}",2026-10-10T13:00:06+00:00_caa68351
2026-10-10T22:00:06+09:00,2026-10-10T13:00:07+00:00,commerce_rank,9oz USA Cotton Tubular Tee Grey,29cm:3355094,heart_count,714.0,"{""brand_eng"": ""BRONSON"", ""brand_kor"": ""브론슨"", ""brand_no"": 89408, ""category1"": ""여성의류"", ""category2"": ""상의"", ""category3"": ""반소매 티셔츠"", ""category3_code"": 268103101, ""is_new"": false, ""item_no"": 3355094, ""period_sort"": ""ONE_DAY"", ""platform"": ""29cm"", ""ranking_category_code"": ""272103100"", ""ranking_category_name"": ""남성의류>상의"", ""review_avg"": 5.0, ""sale_percent"": 28, ""sale_price"": 25200, ""sold_out"": true, ""url"": ""https://product.29cm.co.kr/catalog/3355094""}",2026-10-10T13:00:06+00:00_caa68351
2026-10-10T22:00:06+09:00,2026-10-10T13:00:07+00:00,commerce_rank,9oz USA Cotton Tubular Tee Grey,29cm:3355094,review_count,109.0,"{""brand_eng"": ""BRONSON"", ""brand_kor"": ""브론슨"", ""brand_no"": 89408, ""category1"": ""여성의류"", ""category2"": ""상의"", ""category3"": ""반소매 티셔츠"", ""category3_code"": 268103101, ""is_new"": false, ""item_no"": 3355094, ""period_sort"": ""ONE_DAY"", ""platform"": ""29cm"", ""ranking_category_code"": ""272103100"", ""ranking_category_name"": ""남성의류>상의"", ""review_avg"": 5.0, ""sale_percent"": 28, ""sale_price"": 25200, ""sold_out"": true, ""url"": ""https://product.29cm.co.kr/catalog/3355094""}",2026-10-10T13:00:06+00:00_caa68351
2026-10-10T22:00:06+09:00,2026-10-10T13:00:07+00:00,commerce_rank,9oz USA Cotton Tubular Tee Grey,29cm:3355094@272103100,rank,17.0,"{""brand_eng"": ""BRONSON"", ""brand_kor"": ""브론슨"", ""brand_no"": 89408, ""category1"": ""여성의류"", ""category2"": ""상의"", ""category3"": ""반소매 티셔츠"", ""category3_code"": 268103101, ""is_new"": false, ""item_no"": 3355094, ""period_sort"": ""ONE_DAY"", ""platform"": ""29cm"", ""ranking_category_code"": ""272103100"", ""ranking_category_name"": ""남성의류>상의"", ""review_avg"": 5.0, ""sale_percent"": 28, ""sale_price"": 25200, ""sold_out"": true, ""url"": ""https://product.29cm.co.kr/catalog/3355094""}",2026-10-10T13:00:06+00:00_caa68351
2026-10-10T22:00:06+09:00,2026-10-10T13:00:07+00:00,commerce_rank,9oz USA Cotton Tubular Tee Black,29cm:3355100,heart_count,538.0,"{""brand_eng"": ""BRONSON"", ""brand_kor"": ""브론슨"", ""brand_no"": 89408, ""category1"": ""여성의류"", ""category2"": ""상의"", ""category3"": ""반소매 티셔츠"", ""category3_code"": 268103101, ""is_new"": false, ""item_no"": 3355100, ""period_sort"": ""ONE_DAY"", ""platform"": ""29cm"", ""ranking_category_code"": ""272103100"", ""ranking_category_name"": ""남성의류>상의"", ""review_avg"": 5.0, ""sale_percent"": 28, ""sale_price"": 25200, ""sold_out"": false, ""url"": ""https://product.29cm.co.kr/catalog/3355100""}",2026-10-10T13:00:06+00:00_caa68351
2026-10-10T22:00:06+09:00,2026-10-10T13:00:07+00:00,commerce_rank,9oz USA Cotton Tubular Tee Black,29cm:3355100,review_count,108.0,"{""brand_eng"": ""BRONSON"", ""brand_kor"": ""브론슨"", ""brand_no"": 89408, ""category1"": ""여성의류"", ""category2"": ""상의"", ""category3"": ""반소매 티셔츠"", ""category3_code"": 268103101, ""is_new"": false, ""item_no"": 3355100, ""period_sort"": ""ONE_DAY"", ""platform"": ""29cm"", ""ranking_category_code"": ""272103100"", ""ranking_category_name"": ""남성의류>상의"", ""review_avg"": 5.0, ""sale_percent"": 28, ""sale_price"": 25200, ""sold_out"": false, ""url"": ""https://product.29cm.co.kr/catalog/3355100""}",2026-10-10T13:00:06+00:00_caa68351
2026-10-10T22:00:06+09:00,2026-10-10T13:00:07+00:00,commerce_rank,9oz USA Cotton Tubular Tee Black,29cm:3355100@272103100,rank,2.0,"{""brand_eng"": ""BRONSON"", ""brand_kor"": ""브론슨"", ""brand_no"": 89408, ""category1"": ""여성의류"", ""category2"": ""상의"", ""category3"": ""반소매 티셔츠"", ""category3_code"": 268103101, ""is_new"": false, ""item_no"": 3355100, ""period_sort"": ""ONE_DAY"", ""platform"": ""29cm"", ""ranking_category_code"": ""272103100"", ""ranking_category_name"": ""남성의류>상의"", ""review_avg"": 5.0, ""sale_percent"": 28, ""sale_price"": 25200, ""sold_out"": false, ""url"": ""https://product.29cm.co.kr/catalog/3355100""}",2026-10-10T13:00:06+00:00_caa68351
2026-10-10T22:00:06+09:00,2026-10-10T13:00:07+00:00,commerce_rank,9oz USA Cotton Tubular Tee Vintage Black,29cm:3355129,heart_count,201.0,"{""brand_eng"": ""BRONSON"", ""brand_kor"": ""브론슨"", ""brand_no"": 89408, ""category1"": ""여성의류"", ""category2"": ""상의"", ""category3"": ""반소매 티셔츠"", ""category3_code"": 268103101, ""is_new"": false, ""item_no"": 3355129, ""period_sort"": ""ONE_DAY"", ""platform"": ""29cm"", ""ranking_category_code"": ""272103100"", ""ranking_category_name"": ""남성의류>상의"", ""review_avg"": 4.5, ""sale_percent"": 14, ""sale_price"": 29930, ""sold_out"": false, ""url"": ""https://product.29cm.co.kr/catalog/3355129""}",2026-10-10T13:00:06+00:00_caa68351
2026-10-10T22:00:06+09:00,2026-10-10T13:00:07+00:00,commerce_rank,9oz USA Cotton Tubular Tee Vintage Black,29cm:3355129,review_count,49.0,"{""brand_eng"": ""BRONSON"", ""brand_kor"": ""브론슨"", ""brand_no"": 89408, ""category1"": ""여성의류"", ""category2"": ""상의"", ""category3"": ""반소매 티셔츠"", ""category3_code"": 268103101, ""is_new"": false, ""item_no"": 3355129, ""period_sort"": ""ONE_DAY"", ""platform"": ""29cm"", ""ranking_category_code"": ""272103100"", ""ranking_category_name"": ""남성의류>상의"", ""review_avg"": 4.5, ""sale_percent"": 14, ""sale_price"": 29930, ""sold_out"": false, ""url"": ""https://product.29cm.co.kr/catalog/3355129""}",2026-10-10T13:00:06+00:00_caa68351
2026-10-10T22:00:06+09:00,2026-10-10T13:00:07+00:00,commerce_rank,9oz USA Cotton Tubular Tee Vintage Black,29cm:3355129@272103100,rank,83.0,"{""brand_eng"": ""BRONSON"", ""brand_kor"": ""브론슨"", ""brand_no"": 89408, ""category1"": ""여성의류"", ""category2"": ""상의"", ""category3"": ""반소매 티셔츠"", ""category3_code"": 268103101, ""is_new"": false, ""item_no"": 3355129, ""period_sort"": ""ONE_DAY"", ""platform"": ""29cm"", ""ranking_category_code"": ""272103100"", ""ranking_category_name"": ""남성의류>상의"", ""review_avg"": 4.5, ""sale_percent"": 14, ""sale_price"": 29930, ""sold_out"": false, ""url"": ""https://product.29cm.co.kr/catalog/3355129""}",2026-10-10T13:00:06+00:00_caa68351
2026-10-10T22:00:06+09:00,2026-10-10T13:00:07+00:00,commerce_rank,9oz USA Cotton Tubular Tee White,29cm:3355216,heart_count,1363.0,"{""brand_eng"": ""BRONSON"", ""brand_kor"": ""브론슨"", ""brand_no"": 89408, ""category1"": ""여성의류"", ""category2"": ""상의"", ""category3"": ""반소매 티셔츠"", ""category3_code"": 268103101, ""is_new"": false, ""item_no"": 3355216, ""period_sort"": ""ONE_DAY"", ""platform"": ""29cm"", ""ranking_category_code"": ""272103100"", ""ranking_category_name"": ""남성의류>상의"", ""review_avg"": 5.0, ""sale_percent"": 28, ""sale_price"": 25200, ""sold_out"": false, ""url"": ""https://product.29cm.co.kr/catalog/3355216""}",2026-10-10T13:00:06+00:00_caa68351
2026-10-10T22:00:06+09:00,2026-10-10T13:00:07+00:00,commerce_rank,9oz USA Cotton Tubular Tee White,29cm:3355216,review_count,230.0,"{""brand_eng"": ""BRONSON"", ""brand_kor"": ""브론슨"", ""brand_no"": 89408, ""category1"": ""여성의류"", ""category2"": ""상의"", ""category3"": ""반소매 티셔츠"", ""category3_code"": 268103101, ""is_new"": false, ""item_no"": 3355216, ""period_sort"": ""ONE_DAY"", ""platform"": ""29cm"", ""ranking_category_code"": ""272103100"", ""ranking_category_name"": ""남성의류>상의"", ""review_avg"": 5.0, ""sale_percent"": 28, ""sale_price"": 25200, ""sold_out"": false, ""url"": ""https://product.29cm.co.kr/catalog/3355216""}",2026-10-10T13:00:06+00:00_caa68351
2026-10-10T22:00:06+09:00,2026-10-10T13:00:07+00:00,commerce_rank,9oz USA Cotton Tubular Tee White,29cm:3355216@272103100,rank,1.0,"{""brand_eng"": ""BRONSON"", ""brand_kor"": ""브론슨"", ""brand_no"": 89408, ""category1"": ""여성의류"", ""category2"": ""상의"", ""category3"": ""반소매 티셔츠"", ""category3_code"": 268103101, ""is_new"": false, ""item_no"": 3355216, ""period_sort"": ""ONE_DAY"", ""platform"": ""29cm"", ""ranking_category_code"": ""272103100"", ""ranking_category_name"": ""남성의류>상의"", ""review_avg"": 5.0, ""sale_percent"": 28, ""sale_price"": 25200, ""sold_out"": false, ""url"": ""https://product.29cm.co.kr/catalog/3355216""}",2026-10-10T13:00:06+00:00_caa68351
2026-10-10T22:00:06+09:00,2026-10-10T13:00:06+00:00,commerce_rank,G COMFORT HOODIE_3 Colors,29cm:3364815,heart_count,9896.0,"{""brand_eng"": ""GLOWNY"", ""brand_kor"": ""글로니"", ""brand_no"": 16723, ""category1"": ""여성의류"", ""category2"": ""단독"", ""category3"": ""상의"", ""category3_code"": 268116101, ""is_new"": false, ""item_no"": 3364815, ""period_sort"": ""ONE_DAY"", ""platform"": ""29cm"", ""ranking_category_code"": ""268103100"", ""ranking_category_name"": ""여성의류>상의"", ""review_avg"": 5.0, ""sale_percent"": 0, ""sale_price"": 62000, ""sold_out"": false, ""url"": ""https://product.29cm.co.kr/catalog/3364815""}",2026-10-10T13:00:06+00:00_caa68351
2026-10-10T22:00:06+09:00,2026-10-10T13:00:06+00:00,commerce_rank,G COMFORT HOODIE_3 Colors,29cm:3364815,review_count,391.0,"{""brand_eng"": ""GLOWNY"", ""brand_kor"": ""글로니"", ""brand_no"": 16723, ""category1"": ""여성의류"", ""category2"": ""단독"", ""category3"": ""상의"", ""category3_code"": 268116101, ""is_new"": false, ""item_no"": 3364815, ""period_sort"": ""ONE_DAY"", ""platform"": ""29cm"", ""ranking_category_code"": ""268103100"", ""ranking_category_name"": ""여성의류>상의"", ""review_avg"": 5.0, ""sale_percent"": 0, ""sale_price"": 62000, ""sold_out"": false, ""url"": ""https://product.29cm.co.kr/catalog/3364815""}",2026-10-10T13:00:06+00:00_caa68351
2026-10-10T22:00:06+09:00,2026-10-10T13:00:06+00:00,commerce_rank,G COMFORT HOODIE_3 Colors,29cm:3364815@268103100,rank,98.0,"{""brand_eng"": ""GLOWNY"", ""brand_kor"": ""글로니"", ""brand_no"": 16723, ""category1"": ""여성의류"", ""category2"": ""단독"", ""category3"": ""상의"", ""category3_code"": 268116101, ""is_new"": false, ""item_no"": 3364815, ""period_sort"": ""ONE_DAY"", ""platform"": ""29cm"", ""ranking_category_code"": ""268103100"", ""ranking_category_name"": ""여성의류>상의"", ""review_avg"": 5.0, ""sale_percent"": 0, ""sale_price"": 62000, ""sold_out"": false, ""url"": ""https://product.29cm.co.kr/catalog/3364815""}",2026-10-10T13:00:06+00:00_caa68351
2026-10-10T22:00:06+09:00,2026-10-10T13:00:06+00:00,commerce_rank,[닝닝 착용] 3/4 BUTTON FLY TEE_3 Colors,29cm:3364834,heart_count,23251.0,"{""brand_eng"": ""GLOWNY"", ""brand_kor"": ""글로니"", ""brand_no"": 16723, ""category1"": ""여성의류"", ""category2"": ""단독"", ""category3"": ""상의"", ""category3_code"": 268116101, ""is_new"": false, ""item_no"": 3364834, ""period_sort"": ""ONE_DAY"", ""platform"": ""29cm"", ""ranking_category_code"": ""268103100"", ""ranking_category_name"": ""여성의류>상의"", ""review_avg"": 5.0, ""sale_percent"": 0, ""sale_price"": 50000, ""sold_out"": false, ""url"": ""https://product.29cm.co.kr/catalog/3364834""}",2026-10-10T13:00:06+00:00_caa68351
2026-10-10T22:00:06+09:00,2026-10-10T13:00:06+00:00,commerce_rank,[닝닝 착용] 3/4 BUTTON FLY TEE_3 Colors,29cm:3364834,review_count,1053.0,"{""brand_eng"": ""GLOWNY"", ""brand_kor"": ""글로니"", ""brand_no"": 16723, ""category1"": ""여성의류"", ""category2"": ""단독"", ""category3"": ""상의"", ""category3_code"": 268116101, ""is_new"": false, ""item_no"": 3364834, ""period_sort"": ""ONE_DAY"", ""platform"": ""29cm"", ""ranking_category_code"": ""268103100"", ""ranking_category_name"": ""여성의류>상의"", ""review_avg"": 5.0, ""sale_percent"": 0, ""sale_price"": 50000, ""sold_out"": false, ""url"": ""https://product.29cm.co.kr/catalog/3364834""}",2026-10-10T13:00:06+00:00_caa68351
2026-10-10T22:00:06+09:00,2026-10-10T13:00:06+00:00,commerce_rank,[닝닝 착용] 3/4 BUTTON FLY TEE_3 Colors,29cm:3364834@268103100,rank,55.0,"{""brand_eng"": ""GLOWNY"", ""brand_kor"": ""글로니"", ""brand_no"": 16723, ""category1"": ""여성의류"", ""category2"": ""단독"", ""category3"": ""상의"", ""category3_code"": 268116101, ""is_new"": false, ""item_no"": 3364834, ""period_sort"": ""ONE_DAY"", ""platform"": ""29cm"", ""ranking_category_code"": ""268103100"", ""ranking_category_name"": ""여성의류>상의"", ""review_avg"": 5.0, ""sale_percent"": 0, ""sale_price"": 50000, ""sold_out"": false, ""url"": ""https://product.29cm.co.kr/catalog/3364834""}",2026-10-10T13:00:06+00:00_caa68351
2026-10-10T22:00:06+09:00,2026-10-10T13:00:07+00:00,commerce_rank,Heavyweight Waffle Cotton Underwear White,29cm:3388469,heart_count,264.0,"{""brand_eng"": ""BRONSON"", ""brand_kor"": ""브론슨"", ""brand_no"": 89408, ""category1"": ""여성의류"", ""category2"": ""상의"", ""category3"": ""긴소매 티셔츠"", ""category3_code"": 268103102, ""is_new"": false, ""item_no"": 3388469, ""period_sort"": ""ONE_DAY"", ""platform"": ""29cm"", ""ranking_category_code"": ""272103100"", ""ranking_category_name"": ""남성의류>상의"", ""review_avg"": 5.0, ""sale_percent"": 10, ""sale_price"": 48600, ""sold_out"": false, ""url"": ""https://product.29cm.co.kr/catalog/3388469""}",2026-10-10T13:00:06+00:00_caa68351
2026-10-10T22:00:06+09:00,2026-10-10T13:00:07+00:00,commerce_rank,Heavyweight Waffle Cotton Underwear White,29cm:3388469,review_count,19.0,"{""brand_eng"": ""BRONSON"", ""brand_kor"": ""브론슨"", ""brand_no"": 89408, ""category1"": ""여성의류"", ""category2"": ""상의"", ""category3"": ""긴소매 티셔츠"", ""category3_code"": 268103102, ""is_new"": false, ""item_no"": 3388469, ""period_sort"": ""ONE_DAY"", ""platform"": ""29cm"", ""ranking_category_code"": ""272103100"", ""ranking_category_name"": ""남성의류>상의"", ""review_avg"": 5.0, ""sale_percent"": 10, ""sale_price"": 48600, ""sold_out"": false, ""url"": ""https://product.29cm.co.kr/catalog/3388469""}",2026-10-10T13:00:06+00:00_caa68351
2026-10-10T22:00:06+09:00,2026-10-10T13:00:07+00:00,commerce_rank,Heavyweight Waffle Cotton Underwear White,29cm:3388469@272103100,rank,32.0,"{""brand_eng"": ""BRONSON"", ""brand_kor"": ""브론슨"", ""brand_no"": 89408, ""category1"": ""여성의류"", ""category2"": ""상의"", ""category3"": ""긴소매 티셔츠"", ""category3_code"": 268103102, ""is_new"": false, ""item_no"": 3388469, ""period_sort"": ""ONE_DAY"", ""platform"": ""29cm"", ""ranking_category_code"": ""272103100"", ""ranking_category_name"": ""남성의류>상의"", ""review_avg"": 5.0, ""sale_percent"": 10, ""sale_price"": 48600, ""sold_out"": false, ""url"": ""https://product.29cm.co.kr/catalog/3388469""}",2026-10-10T13:00:06+00:00_caa68351
2026-10-10T22:00:06+09:00,2026-10-10T13:00:07+00:00,commerce_rank,Heavyweight Waffle Cotton Underwear Grey,29cm:3388472,heart_count,528.0,"{""brand_eng"": ""BRONSON"", ""brand_kor"": ""브론슨"", ""brand_no"": 89408, ""category1"": ""여성의류"", ""category2"": ""상의"", ""category3"": ""긴소매 티셔츠"", ""category3_code"": 268103102, ""is_new"": false, ""item_no"": 3388472, ""period_sort"": ""ONE_DAY"", ""platform"": ""29cm"", ""ranking_category_code"": ""272103100"", ""ranking_category_name"": ""남성의류>상의"", ""review_avg"": 5.0, ""sale_percent"": 10, ""sale_price"": 48600, ""sold_out"": false, ""url"": ""https://product.29cm.co.kr/catalog/3388472""}",2026-10-10T13:00:06+00:00_caa68351
2026-10-10T22:00:06+09:00,2026-10-10T13:00:07+00:00,commerce_rank,Heavyweight Waffle Cotton Underwear Grey,29cm:3388472,review_count,32.0,"{""brand_eng"": ""BRONSON"", ""brand_kor"": ""브론슨"", ""brand_no"": 89408, ""category1"": ""여성의류"", ""category2"": ""상의"", ""category3"": ""긴소매 티셔츠"", ""category3_code"": 268103102, ""is_new"": false, ""item_no"": 3388472, ""period_sort"": ""ONE_DAY"", ""platform"": ""29cm"", ""ranking_category_code"": ""272103100"", ""ranking_category_name"": ""남성의류>상의"", ""review_avg"": 5.0, ""sale_percent"": 10, ""sale_price"": 48600, ""sold_out"": false, ""url"": ""https://product.29cm.co.kr/catalog/3388472""}",2026-10-10T13:00:06+00:00_caa68351
2026-10-10T22:00:06+09:00,2026-10-10T13:00:07+00:00,commerce_rank,Heavyweight Waffle Cotton Underwear Grey,29cm:3388472@272103100,rank,8.0,"{""brand_eng"": ""BRONSON"", ""brand_kor"": ""브론슨"", ""brand_no"": 89408, ""category1"": ""여성의류"", ""category2"": ""상의"", ""category3"": ""긴소매 티셔츠"", ""category3_code"": 268103102, ""is_new"": false, ""item_no"": 3388472, ""period_sort"": ""ONE_DAY"", ""platform"": ""29cm"", ""ranking_category_code"": ""272103100"", ""ranking_category_name"": ""남성의류>상의"", ""review_avg"": 5.0, ""sale_percent"": 10, ""sale_price"": 48600, ""sold_out"": false, ""url"": ""https://product.29cm.co.kr/catalog/3388472""}",2026-10-10T13:00:06+00:00_caa68351
2026-10-10T22:00:06+09:00,2026-10-10T13:00:06+00:00,commerce_rank,Reversible 3/4 Sleeve Tee_Black,29cm:3410562,heart_count,10296.0,"{""brand_eng"": ""108POUND"", ""brand_kor"": ""108파운드"", ""brand_no"": 86198, ""category1"": ""여성의류"", ""category2"": ""상의"", ""category3"": ""긴소매 티셔츠"", ""category3_code"": 268103102, ""is_new"": false, ""item_no"": 3410562, ""period_sort"": ""ONE_DAY"", ""platform"": ""29cm"", ""ranking_category_code"": ""268103100"", ""ranking_category_name"": ""여성의류>상의"", ""review_avg"": 4.5, ""sale_percent"": 32, ""sale_price"": 26330, ""sold_out"": false, ""url"": ""https://product.29cm.co.kr/catalog/3410562""}",2026-10-10T13:00:06+00:00_caa68351
2026-10-10T22:00:06+09:00,2026-10-10T13:00:06+00:00,commerce_rank,Reversible 3/4 Sleeve Tee_Black,29cm:3410562,review_count,550.0,"{""brand_eng"": ""108POUND"", ""brand_kor"": ""108파운드"", ""brand_no"": 86198, ""category1"": ""여성의류"", ""category2"": ""상의"", ""category3"": ""긴소매 티셔츠"", ""category3_code"": 268103102, ""is_new"": false, ""item_no"": 3410562, ""period_sort"": ""ONE_DAY"", ""platform"": ""29cm"", ""ranking_category_code"": ""268103100"", ""ranking_category_name"": ""여성의류>상의"", ""review_avg"": 4.5, ""sale_percent"": 32, ""sale_price"": 26330, ""sold_out"": false, ""url"": ""https://product.29cm.co.kr/catalog/3410562""}",2026-10-10T13:00:06+00:00_caa68351
2026-10-10T22:00:06+09:00,2026-10-10T13:00:06+00:00,commerce_rank,Reversible 3/4 Sleeve Tee_Black,29cm:3410562@268103100,rank,72.0,"{""brand_eng"": ""108POUND"", ""brand_kor"": ""108파운드"", ""brand_no"": 86198, ""category1"": ""여성의류"", ""category2"": ""상의"", ""category3"": ""긴소매 티셔츠"", ""category3_code"": 268103102, ""is_new"": false, ""item_no"": 3410562, ""period_sort"": ""ONE_DAY"", ""platform"": ""29cm"", ""ranking_category_code"": ""268103100"", ""ranking_category_name"": ""여성의류>상의"", ""review_avg"": 4.5, ""sale_percent"": 32, ""sale_price"": 26330, ""sold_out"": false, ""url"": ""https://product.29cm.co.kr/catalog/3410562""}",2026-10-10T13:00:06+00:00_caa68351
2026-10-10T22:00:06+09:00,2026-10-10T13:00:06+00:00,commerce_rank,Reversible 3/4 Sleeve Tee_Ivory,29cm:3410565,heart_count,21567.0,"{""brand_eng"": ""108POUND"", ""brand_kor"": ""108파운드"", ""brand_no"": 86198, ""category1"": ""여성의류"", ""category2"": ""상의"", ""category3"": ""긴소매 티셔츠"", ""category3_code"": 268103102, ""is_new"": false, ""item_no"": 3410565, ""period_sort"": ""ONE_DAY"", ""platform"": ""29cm"", ""ranking_category_code"": ""268103100"", ""ranking_category_name"": ""여성의류>상의"", ""review_avg"": 4.5, ""sale_percent"": 32, ""sale_price"": 26330, ""sold_out"": false, ""url"": ""https://product.29cm.co.kr/catalog/3410565""}",2026-10-10T13:00:06+00:00_caa68351
2026-10-10T22:00:06+09:00,2026-10-10T13:00:06+00:00,commerce_rank,Reversible 3/4 Sleeve Tee_Ivory,29cm:3410565,review_count,976.0,"{""brand_eng"": ""108POUND"", ""brand_kor"": ""108파운드"", ""brand_no"": 86198, ""category1"": ""여성의류"", ""category2"": ""상의"", ""category3"": ""긴소매 티셔츠"", ""category3_code"": 268103102, ""is_new"": false, ""item_no"": 3410565, ""period_sort"": ""ONE_DAY"", ""platform"": ""29cm"", ""ranking_category_code"": ""268103100"", ""ranking_category_name"": ""여성의류>상의"", ""review_avg"": 4.5, ""sale_percent"": 32, ""sale_price"": 26330, ""sold_out"": false, ""url"": ""https://product.29cm.co.kr/catalog/3410565""}",2026-10-10T13:00:06+00:00_caa68351
2026-10-10T22:00:06+09:00,2026-10-10T13:00:06+00:00,commerce_rank,Reversible 3/4 Sleeve Tee_Ivory,29cm:3410565@268103100,rank,15.0,"{""brand_eng"": ""108POUND"", ""brand_kor"": ""108파운드"", ""brand_no"": 86198, ""category1"": ""여성의류"", ""category2"": ""상의"", ""category3"": ""긴소매 티셔츠"", ""category3_code"": 268103102, ""is_new"": false, ""item_no"": 3410565, ""period_sort"": ""ONE_DAY"", ""platform"": ""29cm"", ""ranking_category_code"": ""268103100"", ""ranking_category_name"": ""여성의류>상의"", ""review_avg"": 4.5, ""sale_percent"": 32, ""sale_price"": 26330, ""sold_out"": false, ""url"": ""https://product.29cm.co.kr/catalog/3410565""}",2026-10-10T13:00:06+00:00_caa68351
2026-10-10T22:00:06+09:00,2026-10-10T13:00:06+00:00,commerce_rank,"[토모토모, 이나 PICK] 에센셜 레이어드 긴팔 티셔츠 MDTS084_8 Colors",29cm:3415743,heart_count,14341.0,"{""brand_eng"": ""MONGDOL"", ""brand_kor"": ""몽돌"", ""brand_no"": 10654, ""category1"": ""여성의류"", ""category2"": ""상의"", ""category3"": ""긴소매 티셔츠"", ""category3_code"": 268103102, ""is_new"": false, ""item_no"": 3415743, ""period_sort"": ""ONE_DAY"", ""platform"": ""29cm"", ""ranking_category_code"": ""268103100"", ""ranking_category_name"": ""여성의류>상의"", ""review_avg"": 4.5, ""sale_percent"": 36, ""sale_price"": 30920, ""sold_out"": false, ""url"": ""https://product.29cm.co.kr/catalog/3415743""}",2026-10-10T13:00:06+00:00_caa68351
2026-10-10T22:00:06+09:00,2026-10-10T13:00:06+00:00,commerce_rank,"[토모토모, 이나 PICK] 에센셜 레이어드 긴팔 티셔츠 MDTS084_8 Colors",29cm:3415743,review_count,327.0,"{""brand_eng"": ""MONGDOL"", ""brand_kor"": ""몽돌"", ""brand_no"": 10654, ""category1"": ""여성의류"", ""category2"": ""상의"", ""category3"": ""긴소매 티셔츠"", ""category3_code"": 268103102, ""is_new"": false, ""item_no"": 3415743, ""period_sort"": ""ONE_DAY"", ""platform"": ""29cm"", ""ranking_category_code"": ""268103100"", ""ranking_category_name"": ""여성의류>상의"", ""review_avg"": 4.5, ""sale_percent"": 36, ""sale_price"": 30920, ""sold_out"": false, ""url"": ""https://product.29cm.co.kr/catalog/3415743""}",2026-10-10T13:00:06+00:00_caa68351
2026-10-10T22:00:06+09:00,2026-10-10T13:00:06+00:00,commerce_rank,"[토모토모, 이나 PICK] 에센셜 레이어드 긴팔 티셔츠 MDTS084_8 Colors",29cm:3415743@268103100,rank,13.0,"{""brand_eng"": ""MONGDOL"", ""brand_kor"": ""몽돌"", ""brand_no"": 10654, ""category1"": ""여성의류"", ""category2"": ""상의"", ""category3"": ""긴소매 티셔츠"", ""category3_code"": 268103102, ""is_new"": false, ""item_no"": 3415743, ""period_sort"": ""ONE_DAY"", ""platform"": ""29cm"", ""ranking_category_code"": ""268103100"", ""ranking_category_name"": ""여성의류>상의"", ""review_avg"": 4.5, ""sale_percent"": 36, ""sale_price"": 30920, ""sold_out"": false, ""url"": ""https://product.29cm.co.kr/catalog/3415743""}",2026-10-10T13:00:06+00:00_caa68351
2026-10-10T22:00:06+09:00,2026-10-10T13:00:06+00:00,commerce_rank,Henley Neck Stripe Long Sleeve Black,29cm:3429540,heart_count,9568.0,"{""brand_eng"": ""partimento"", ""brand_kor"": ""파르티멘토"", ""brand_no"": 1588, ""category1"": ""여성의류"", ""category2"": ""상의"", ""category3"": ""긴소매 티셔츠"", ""category3_code"": 268103102, ""is_new"": false, ""item_no"": 3429540, ""period_sort"": ""ONE_DAY"", ""platform"": ""29cm"", ""ranking_category_code"": ""268103100"", ""ranking_category_name"": ""여성의류>상의"", ""review_avg"": 5.0, ""sale_percent"": 33, ""sale_price"": 32850, ""sold_out"": false, ""url"": ""https://product.29cm.co.kr/catalog/3429540""}",2026-10-10T13:00:06+00:00_caa68351
2026-10-10T22:00:06+09:00,2026-10-10T13:00:06+00:00,commerce_rank,Henley Neck Stripe Long Sleeve Black,29cm:3429540,review_count,454.0,"{""brand_eng"": ""partimento"", ""brand_kor"": ""파르티멘토"", ""brand_no"": 1588, ""category1"": ""여성의류"", ""category2"": ""상의"", ""category3"": ""긴소매 티셔츠"", ""category3_code"": 268103102, ""is_new"": false, ""item_no"": 3429540, ""period_sort"": ""ONE_DAY"", ""platform"": ""29cm"", ""ranking_category_code"": ""268103100"", ""ranking_category_name"": ""여성의류>상의"", ""review_avg"": 5.0, ""sale_percent"": 33, ""sale_price"": 32850, ""sold_out"": false, ""url"": ""https://product.29cm.co.kr/catalog/3429540""}",2026-10-10T13:00:06+00:00_caa68351
2026-10-10T22:00:06+09:00,2026-10-10T13:00:06+00:00,commerce_rank,Henley Neck Stripe Long Sleeve Black,29cm:3429540@268103100,rank,5.0,"{""brand_eng"": ""partimento"", ""brand_kor"": ""파르티멘토"", ""brand_no"": 1588, ""category1"": ""여성의류"", ""category2"": ""상의"", ""category3"": ""긴소매 티셔츠"", ""category3_code"": 268103102, ""is_new"": false, ""item_no"": 3429540, ""period_sort"": ""ONE_DAY"", ""platform"": ""29cm"", ""ranking_category_code"": ""268103100"", ""ranking_category_name"": ""여성의류>상의"", ""review_avg"": 5.0, ""sale_percent"": 33, ""sale_price"": 32850, ""sold_out"": false, ""url"": ""https://product.29cm.co.kr/catalog/3429540""}",2026-10-10T13:00:06+00:00_caa68351
2026-10-10T22:00:06+09:00,2026-10-10T13:00:06+00:00,commerce_rank,Circle Star Layered Long Sleeve Black,29cm:3429552,heart_count,7436.0,"{""brand_eng"": ""partimento"", ""brand_kor"": ""파르티멘토"", ""brand_no"": 1588, ""category1"": ""여성의류"", ""category2"": ""상의"", ""category3"": ""긴소매 티셔츠"", ""category3_code"": 268103102, ""is_new"": false, ""item_no"": 3429552, ""period_sort"": ""ONE_DAY"", ""platform"": ""29cm"", ""ranking_category_code"": ""268103100"", ""ranking_category_name"": ""여성의류>상의"", ""review_avg"": 5.0, ""sale_percent"": 33, ""sale_price"": 32850, ""sold_out"": false, ""url"": ""https://product.29cm.co.kr/catalog/3429552""}",2026-10-10T13:00:06+00:00_caa68351
2026-10-10T22:00:06+09:00,2026-10-10T13:00:06+00:00,commerce_rank,Circle Star Layered Long Sleeve Black,29cm:3429552,review_count,505.0,"{""brand_eng"": ""partimento"", ""brand_kor"": ""파르티멘토"", ""brand_no"": 1588, ""category1"": ""여성의류"", ""category2"": ""상의"", ""category3"": ""긴소매 티셔츠"", ""category3_code"": 268103102, ""is_new"": false, ""item_no"": 3429552, ""period_sort"": ""ONE_DAY"", ""platform"": ""29cm"", ""ranking_category_code"": ""268103100"", ""ranking_category_name"": ""여성의류>상의"", ""review_avg"": 5.0, ""sale_percent"": 33, ""sale_price"": 32850, ""sold_out"": false, ""url"": ""https://product.29cm.co.kr/catalog/3429552""}",2026-10-10T13:00:06+00:00_caa68351
2026-10-10T22:00:06+09:00,2026-10-10T13:00:06+00:00,commerce_rank,Circle Star Layered Long Sleeve Black,29cm:3429552@268103100,rank,63.0,"{""brand_eng"": ""partimento"", ""brand_kor"": ""파르티멘토"", ""brand_no"": 1588, ""category1"": ""여성의류"", ""category2"": ""상의"", ""category3"": ""긴소매 티셔츠"", ""category3_code"": 268103102, ""is_new"": false, ""item_no"": 3429552, ""period_sort"": ""ONE_DAY"", ""platform"": ""29cm"", ""ranking_category_code"": ""268103100"", ""ranking_category_name"": ""여성의류>상의"", ""review_avg"": 5.0, ""sale_percent"": 33, ""sale_price"": 32850, ""sold_out"": false, ""url"": ""https://product.29cm.co.kr/catalog/3429552""}",2026-10-10T13:00:06+00:00_caa68351
2026-10-10T22:00:06+09:00,2026-10-10T13:00:07+00:00,commerce_rank,TG3-SH13 블랙 워시드 데님 셔츠,29cm:3434711,heart_count,809.0,"{""brand_eng"": ""THOMAS MORE"", ""brand_kor"": ""토마스모어"", ""brand_no"": 2111, ""category1"": ""남성의류"", ""category2"": ""상의"", ""category3"": ""긴소매 셔츠"", ""category3_code"": 272103106, ""is_new"": false, ""item_no"": 3434711, ""period_sort"": ""ONE_DAY"", ""platform"": ""29cm"", ""ranking_category_code"": ""272103100"", ""ranking_category_name"": ""남성의류>상의"", ""review_avg"": 4.5, ""sale_percent"": 0, ""sale_price"": 67500, ""sold_out"": false, ""url"": ""https://product.29cm.co.kr/catalog/3434711""}",2026-10-10T13:00:06+00:00_caa68351
2026-10-10T22:00:06+09:00,2026-10-10T13:00:07+00:00,commerce_rank,TG3-SH13 블랙 워시드 데님 셔츠,29cm:3434711,review_count,53.0,"{""brand_eng"": ""THOMAS MORE"", ""brand_kor"": ""토마스모어"", ""brand_no"": 2111, ""category1"": ""남성의류"", ""category2"": ""상의"", ""category3"": ""긴소매 셔츠"", ""category3_code"": 272103106, ""is_new"": false, ""item_no"": 3434711, ""period_sort"": ""ONE_DAY"", ""platform"": ""29cm"", ""ranking_category_code"": ""272103100"", ""ranking_category_name"": ""남성의류>상의"", ""review_avg"": 4.5, ""sale_percent"": 0, ""sale_price"": 67500, ""sold_out"": false, ""url"": ""https://product.29cm.co.kr/catalog/3434711""}",2026-10-10T13:00:06+00:00_caa68351
2026-10-10T22:00:06+09:00,2026-10-10T13:00:07+00:00,commerce_rank,TG3-SH13 블랙 워시드 데님 셔츠,29cm:3434711@272103100,rank,30.0,"{""brand_eng"": ""THOMAS MORE"", ""brand_kor"": ""토마스모어"", ""brand_no"": 2111, ""category1"": ""남성의류"", ""category2"": ""상의"", ""category3"": ""긴소매 셔츠"", ""category3_code"": 272103106, ""is_new"": false, ""item_no"": 3434711, ""period_sort"": ""ONE_DAY"", ""platform"": ""29cm"", ""ranking_category_code"": ""272103100"", ""ranking_category_name"": ""남성의류>상의"", ""review_avg"": 4.5, ""sale_percent"": 0, ""sale_price"": 67500, ""sold_out"": false, ""url"": ""https://product.29cm.co.kr/catalog/3434711""}",2026-10-10T13:00:06+00:00_caa68351
2026-10-10T22:00:06+09:00,2026-10-10T13:00:06+00:00,commerce_rank,Wool Blend Comfort-Fit Waffle Long-sleeve T-shirt_CTT392(5color),29cm:3437541,heart_count,6066.0,"{""brand_eng"": ""CITTA"", ""brand_kor"": ""씨타"", ""brand_no"": 71833, ""category1"": ""여성의류"", ""category2"": ""상의"", ""category3"": ""긴소매 티셔츠"", ""category3_code"": 268103102, ""is_new"": false, ""item_no"": 3437541, ""period_sort"": ""ONE_DAY"", ""platform"": ""29cm"", ""ranking_category_code"": ""268103100"", ""ranking_category_name"": ""여성의류>상의"", ""review_avg"": 4.5, ""sale_percent"": 44, ""sale_price"": 29680, ""sold_out"": false, ""url"": ""https://product.29cm.co.kr/catalog/3437541""}",2026-10-10T13:00:06+00:00_caa68351
2026-10-10T22:00:06+09:00,2026-10-10T13:00:06+00:00,commerce_rank,Wool Blend Comfort-Fit Waffle Long-sleeve T-shirt_CTT392(5color),29cm:3437541,review_count,447.0,"{""brand_eng"": ""CITTA"", ""brand_kor"": ""씨타"", ""brand_no"": 71833, ""category1"": ""여성의류"", ""category2"": ""상의"", ""category3"": ""긴소매 티셔츠"", ""category3_code"": 268103102, ""is_new"": false, ""item_no"": 3437541, ""period_sort"": ""ONE_DAY"", ""platform"": ""29cm"", ""ranking_category_code"": ""268103100"", ""ranking_category_name"": ""여성의류>상의"", ""review_avg"": 4.5, ""sale_percent"": 44, ""sale_price"": 29680, ""sold_out"": false, ""url"": ""https://product.29cm.co.kr/catalog/3437541""}",2026-10-10T13:00:06+00:00_caa68351
2026-10-10T22:00:06+09:00,2026-10-10T13:00:06+00:00,commerce_rank,Wool Blend Comfort-Fit Waffle Long-sleeve T-shirt_CTT392(5color),29cm:3437541@268103100,rank,65.0,"{""brand_eng"": ""CITTA"", ""brand_kor"": ""씨타"", ""brand_no"": 71833, ""category1"": ""여성의류"", ""category2"": ""상의"", ""category3"": ""긴소매 티셔츠"", ""category3_code"": 268103102, ""is_new"": false, ""item_no"": 3437541, ""period_sort"": ""ONE_DAY"", ""platform"": ""29cm"", ""ranking_category_code"": ""268103100"", ""ranking_category_name"": ""여성의류>상의"", ""review_avg"": 4.5, ""sale_percent"": 44, ""sale_price"": 29680, ""sold_out"": false, ""url"": ""https://product.29cm.co.kr/catalog/3437541""}",2026-10-10T13:00:06+00:00_caa68351
2026-10-10T22:00:06+09:00,2026-10-10T13:00:06+00:00,commerce_rank,[29CM 단독컬러] Soft Cotton Relaxed Raglan T-Shirt_CTT391(5color),29cm:3437543,heart_count,10541.0,"{""brand_eng"": ""CITTA"", ""brand_kor"": ""씨타"", ""brand_no"": 71833, ""category1"": ""여성의류"", ""category2"": ""상의"", ""category3"": ""긴소매 티셔츠"", ""category3_code"": 268103102, ""is_new"": false, ""item_no"": 3437543, ""period_sort"": ""ONE_DAY"", ""platform"": ""29cm"", ""ranking_category_code"": ""268103100"", ""ranking_category_name"": ""여성의류>상의"", ""review_avg"": 4.5, ""sale_percent"": 43, ""sale_price"": 37890, ""sold_out"": false, ""url"": ""https://product.29cm.co.kr/catalog/3437543""}",2026-10-10T13:00:06+00:00_caa68351
2026-10-10T22:00:06+09:00,2026-10-10T13:00:06+00:00,commerce_rank,[29CM 단독컬러] Soft Cotton Relaxed Raglan T-Shirt_CTT391(5color),29cm:3437543,review_count,281.0,"{""brand_eng"": ""CITTA"", ""brand_kor"": ""씨타"", ""brand_no"": 71833, ""category1"": ""여성의류"", ""category2"": ""상의"", ""category3"": ""긴소매 티셔츠"", ""category3_code"": 268103102, ""is_new"": false, ""item_no"": 3437543, ""period_sort"": ""ONE_DAY"", ""platform"": ""29cm"", ""ranking_category_code"": ""268103100"", ""ranking_category_name"": ""여성의류>상의"", ""review_avg"": 4.5, ""sale_percent"": 43, ""sale_price"": 37890, ""sold_out"": false, ""url"": ""https://product.29cm.co.kr/catalog/3437543""}",2026-10-10T13:00:06+00:00_caa68351
2026-10-10T22:00:06+09:00,2026-10-10T13:00:06+00:00,commerce_rank,[29CM 단독컬러] Soft Cotton Relaxed Raglan T-Shirt_CTT391(5color),29cm:3437543@268103100,rank,19.0,"{""brand_eng"": ""CITTA"", ""brand_kor"": ""씨타"", ""brand_no"": 71833, ""category1"": ""여성의류"", ""category2"": ""상의"", ""category3"": ""긴소매 티셔츠"", ""category3_code"": 268103102, ""is_new"": false, ""item_no"": 3437543, ""period_sort"": ""ONE_DAY"", ""platform"": ""29cm"", ""ranking_category_code"": ""268103100"", ""ranking_category_name"": ""여성의류>상의"", ""review_avg"": 4.5, ""sale_percent"": 43, ""sale_price"": 37890, ""sold_out"": false, ""url"": ""https://product.29cm.co.kr/catalog/3437543""}",2026-10-10T13:00:06+00:00_caa68351
2026-10-10T22:00:06+09:00,2026-10-10T13:00:06+00:00,commerce_rank,[2 PACK-컬러추가]Essential Golgi Tee-11 colors,29cm:3442256,heart_count,51288.0,"{""brand_eng"": ""BITTERCELLS"", ""brand_kor"": ""비터셀즈"", ""brand_no"": 15063, ""category1"": ""여성의류"", ""category2"": ""상의"", ""category3"": ""긴소매 티셔츠"", ""category3_code"": 268103102, ""is_new"": false, ""item_no"": 3442256, ""period_sort"": ""ONE_DAY"", ""platform"": ""29cm"", ""ranking_category_code"": ""268103100"", ""ranking_category_name"": ""여성의류>상의"", ""review_avg"": 5.0, ""sale_percent"": 19, ""sale_price"": 63180, ""sold_out"": false, ""url"": ""https://product.29cm.co.kr/catalog/3442256""}",2026-10-10T13:00:06+00:00_caa68351
2026-10-10T22:00:06+09:00,2026-10-10T13:00:06+00:00,commerce_rank,[2 PACK-컬러추가]Essential Golgi Tee-11 colors,29cm:3442256,review_count,2809.0,"{""brand_eng"": ""BITTERCELLS"", ""brand_kor"": ""비터셀즈"", ""brand_no"": 15063, ""category1"": ""여성의류"", ""category2"": ""상의"", ""category3"": ""긴소매 티셔츠"", ""category3_code"": 268103102, ""is_new"": false, ""item_no"": 3442256, ""period_sort"": ""ONE_DAY"", ""platform"": ""29cm"", ""ranking_category_code"": ""268103100"", ""ranking_category_name"": ""여성의류>상의"", ""review_avg"": 5.0, ""sale_percent"": 19, ""sale_price"": 63180, ""sold_out"": false, ""url"": ""https://product.29cm.co.kr/catalog/3442256""}",2026-10-10T13:00:06+00:00_caa68351
2026-10-10T22:00:06+09:00,2026-10-10T13:00:06+00:00,commerce_rank,[2 PACK-컬러추가]Essential Golgi Tee-11 colors,29cm:3442256@268103100,rank,31.0,"{""brand_eng"": ""BITTERCELLS"", ""brand_kor"": ""비터셀즈"", ""brand_no"": 15063, ""category1"": ""여성의류"", ""category2"": ""상의"", ""category3"": ""긴소매 티셔츠"", ""category3_code"": 268103102, ""is_new"": false, ""item_no"": 3442256, ""period_sort"": ""ONE_DAY"", ""platform"": ""29cm"", ""ranking_category_code"": ""268103100"", ""ranking_category_name"": ""여성의류>상의"", ""review_avg"": 5.0, ""sale_percent"": 19, ""sale_price"": 63180, ""sold_out"": false, ""url"": ""https://product.29cm.co.kr/catalog/3442256""}",2026-10-10T13:00:06+00:00_caa68351
2026-10-10T22:00:06+09:00,2026-10-10T13:00:06+00:00,commerce_rank,[김가을 Pick] [27th] Wave Logo Raglan Long Top - White Melange(Navy),29cm:3444277,heart_count,26870.0,"{""brand_eng"": ""SOMEWHEREBUTTER"", ""brand_kor"": ""썸웨어버터"", ""brand_no"": 18640, ""category1"": ""여성의류"", ""category2"": ""상의"", ""category3"": ""긴소매 티셔츠"", ""category3_code"": 268103102, ""is_new"": false, ""item_no"": 3444277, ""period_sort"": ""ONE_DAY"", ""platform"": ""29cm"", ""ranking_category_code"": ""268103100"", ""ranking_category_name"": ""여성의류>상의"", ""review_avg"": 5.0, ""sale_percent"": 10, ""sale_price"": 62100, ""sold_out"": false, ""url"": ""https://product.29cm.co.kr/catalog/3444277""}",2026-10-10T13:00:06+00:00_caa68351
2026-10-10T22:00:06+09:00,2026-10-10T13:00:06+00:00,commerce_rank,[김가을 Pick] [27th] Wave Logo Raglan Long Top - White Melange(Navy),29cm:3444277,review_count,609.0,"{""brand_eng"": ""SOMEWHEREBUTTER"", ""brand_kor"": ""썸웨어버터"", ""brand_no"": 18640, ""category1"": ""여성의류"", ""category2"": ""상의"", ""category3"": ""긴소매 티셔츠"", ""category3_code"": 268103102, ""is_new"": false, ""item_no"": 3444277, ""period_sort"": ""ONE_DAY"", ""platform"": ""29cm"", ""ranking_category_code"": ""268103100"", ""ranking_category_name"": ""여성의류>상의"", ""review_avg"": 5.0, ""sale_percent"": 10, ""sale_price"": 62100, ""sold_out"": false, ""url"": ""https://product.29cm.co.kr/catalog/3444277""}",2026-10-10T13:00:06+00:00_caa68351
2026-10-10T22:00:06+09:00,2026-10-10T13:00:06+00:00,commerce_rank,[김가을 Pick] [27th] Wave Logo Raglan Long Top - White Melange(Navy),29cm:3444277@268103100,rank,94.0,"{""brand_eng"": ""SOMEWHEREBUTTER"", ""brand_kor"": ""썸웨어버터"", ""brand_no"": 18640, ""category1"": ""여성의류"", ""category2"": ""상의"", ""category3"": ""긴소매 티셔츠"", ""category3_code"": 268103102, ""is_new"": false, ""item_no"": 3444277, ""period_sort"": ""ONE_DAY"", ""platform"": ""29cm"", ""ranking_category_code"": ""268103100"", ""ranking_category_name"": ""여성의류>상의"", ""review_avg"": 5.0, ""sale_percent"": 10, ""sale_price"": 62100, ""sold_out"": false, ""url"": ""https://product.29cm.co.kr/catalog/3444277""}",2026-10-10T13:00:06+00:00_caa68351
2026-10-10T22:00:06+09:00,2026-10-10T13:00:06+00:00,commerce_rank,[with 다희] Sorbet tencel t-shirt_4colors,29cm:3445741,heart_count,2638.0,"{""brand_eng"": ""URAGO"", ""brand_kor"": ""유라고"", ""brand_no"": 2221, ""category1"": ""여성의류"", ""category2"": ""상의"", ""category3"": ""긴소매 티셔츠"", ""category3_code"": 268103102, ""is_new"": false, ""item_no"": 3445741, ""period_sort"": ""ONE_DAY"", ""platform"": ""29cm"", ""ranking_category_code"": ""268103100"", ""ranking_category_name"": ""여성의류>상의"", ""review_avg"": 4.5, ""sale_percent"": 10, ""sale_price"": 35100, ""sold_out"": false, ""url"": ""https://product.29cm.co.kr/catalog/3445741""}",2026-10-10T13:00:06+00:00_caa68351
2026-10-10T22:00:06+09:00,2026-10-10T13:00:06+00:00,commerce_rank,[with 다희] Sorbet tencel t-shirt_4colors,29cm:3445741,review_count,104.0,"{""brand_eng"": ""URAGO"", ""brand_kor"": ""유라고"", ""brand_no"": 2221, ""category1"": ""여성의류"", ""category2"": ""상의"", ""category3"": ""긴소매 티셔츠"", ""category3_code"": 268103102, ""is_new"": false, ""item_no"": 3445741, ""period_sort"": ""ONE_DAY"", ""platform"": ""29cm"", ""ranking_category_code"": ""268103100"", ""ranking_category_name"": ""여성의류>상의"", ""review_avg"": 4.5, ""sale_percent"": 10, ""sale_price"": 35100, ""sold_out"": false, ""url"": ""https://product.29cm.co.kr/catalog/3445741""}",2026-10-10T13:00:06+00:00_caa68351
2026-10-10T22:00:06+09:00,2026-10-10T13:00:06+00:00,commerce_rank,[with 다희] Sorbet tencel t-shirt_4colors,29cm:3445741@268103100,rank,9.0,"{""brand_eng"": ""URAGO"", ""brand_kor"": ""유라고"", ""brand_no"": 2221, ""category1"": ""여성의류"", ""category2"": ""상의"", ""category3"": ""긴소매 티셔츠"", ""category3_code"": 268103102, ""is_new"": false, ""item_no"": 3445741, ""period_sort"": ""ONE_DAY"", ""platform"": ""29cm"", ""ranking_category_code"": ""268103100"", ""ranking_category_name"": ""여성의류>상의"", ""review_avg"": 4.5, ""sale_percent"": 10, ""sale_price"": 35100, ""sold_out"": false, ""url"": ""https://product.29cm.co.kr/catalog/3445741""}",2026-10-10T13:00:06+00:00_caa68351
2026-10-10T22:00:06+09:00,2026-10-10T13:00:07+00:00,commerce_rank,[2팩/세미크롭핏] 스웨트 셔츠,29cm:3450561,heart_count,827.0,"{""brand_eng"": ""DISCUS ATHLETIC"", ""brand_kor"": ""디스커스 애슬레틱"", ""brand_no"": 24583, ""category1"": ""남성의류"", ""category2"": ""상의"", ""category3"": ""스웨트셔츠"", ""category3_code"": 272103107, ""is_new"": false, ""item_no"": 3450561, ""period_sort"": ""ONE_DAY"", ""platform"": ""29cm"", ""ranking_category_code"": ""272103100"", ""ranking_category_name"": ""남성의류>상의"", ""review_avg"": 5.0, ""sale_percent"": 36, ""sale_price"": 69900, ""sold_out"": false, ""url"": ""https://product.29cm.co.kr/catalog/3450561""}",2026-10-10T13:00:06+00:00_caa68351
2026-10-10T22:00:06+09:00,2026-10-10T13:00:07+00:00,commerce_rank,[2팩/세미크롭핏] 스웨트 셔츠,29cm:3450561,review_count,107.0,"{""brand_eng"": ""DISCUS ATHLETIC"", ""brand_kor"": ""디스커스 애슬레틱"", ""brand_no"": 24583, ""category1"": ""남성의류"", ""category2"": ""상의"", ""category3"": ""스웨트셔츠"", ""category3_code"": 272103107, ""is_new"": false, ""item_no"": 3450561, ""period_sort"": ""ONE_DAY"", ""platform"": ""29cm"", ""ranking_category_code"": ""272103100"", ""ranking_category_name"": ""남성의류>상의"", ""review_avg"": 5.0, ""sale_percent"": 36, ""sale_price"": 69900, ""sold_out"": false, ""url"": ""https://product.29cm.co.kr/catalog/3450561""}",2026-10-10T13:00:06+00:00_caa68351
2026-10-10T22:00:06+09:00,2026-10-10T13:00:07+00:00,commerce_rank,[2팩/세미크롭핏] 스웨트 셔츠,29cm:3450561@272103100,rank,85.0,"{""brand_eng"": ""DISCUS ATHLETIC"", ""brand_kor"": ""디스커스 애슬레틱"", ""brand_no"": 24583, ""category1"": ""남성의류"", ""category2"": ""상의"", ""category3"": ""스웨트셔츠"", ""category3_code"": 272103107, ""is_new"": false, ""item_no"": 3450561, ""period_sort"": ""ONE_DAY"", ""platform"": ""29cm"", ""ranking_category_code"": ""272103100"", ""ranking_category_name"": ""남성의류>상의"", ""review_avg"": 5.0, ""sale_percent"": 36, ""sale_price"": 69900, ""sold_out"": false, ""url"": ""https://product.29cm.co.kr/catalog/3450561""}",2026-10-10T13:00:06+00:00_caa68351
2026-10-10T22:00:06+09:00,2026-10-10T13:00:06+00:00,commerce_rank,[12COLORS] 퍼니 풀오버 후디,29cm:3450573,heart_count,6312.0,"{""brand_eng"": ""MADDEN"", ""brand_kor"": ""매든"", ""brand_no"": 28008, ""category1"": ""여성의류"", ""category2"": ""상의"", ""category3"": ""후디"", ""category3_code"": 268103105, ""is_new"": false, ""item_no"": 3450573, ""period_sort"": ""ONE_DAY"", ""platform"": ""29cm"", ""ranking_category_code"": ""268103100"", ""ranking_category_name"": ""여성의류>상의"", ""review_avg"": 4.5, ""sale_percent"": 33, ""sale_price"": 59900, ""sold_out"": false, ""url"": ""https://product.29cm.co.kr/catalog/3450573""}",2026-10-10T13:00:06+00:00_caa68351
2026-10-10T22:00:06+09:00,2026-10-10T13:00:06+00:00,commerce_rank,[12COLORS] 퍼니 풀오버 후디,29cm:3450573,review_count,510.0,"{""brand_eng"": ""MADDEN"", ""brand_kor"": ""매든"", ""brand_no"": 28008, ""category1"": ""여성의류"", ""category2"": ""상의"", ""category3"": ""후디"", ""category3_code"": 268103105, ""is_new"": false, ""item_no"": 3450573, ""period_sort"": ""ONE_DAY"", ""platform"": ""29cm"", ""ranking_category_code"": ""268103100"", ""ranking_category_name"": ""여성의류>상의"", ""review_avg"": 4.5, ""sale_percent"": 33, ""sale_price"": 59900, ""sold_out"": false, ""url"": ""https://product.29cm.co.kr/catalog/3450573""}",2026-10-10T13:00:06+00:00_caa68351
2026-10-10T22:00:06+09:00,2026-10-10T13:00:06+00:00,commerce_rank,[12COLORS] 퍼니 풀오버 후디,29cm:3450573@268103100,rank,10.0,"{""brand_eng"": ""MADDEN"", ""brand_kor"": ""매든"", ""brand_no"": 28008, ""category1"": ""여성의류"", ""category2"": ""상의"", ""category3"": ""후디"", ""category3_code"": 268103105, ""is_new"": false, ""item_no"": 3450573, ""period_sort"": ""ONE_DAY"", ""platform"": ""29cm"", ""ranking_category_code"": ""268103100"", ""ranking_category_name"": ""여성의류>상의"", ""review_avg"": 4.5, ""sale_percent"": 33, ""sale_price"": 59900, ""sold_out"": false, ""url"": ""https://product.29cm.co.kr/catalog/3450573""}",2026-10-10T13:00:06+00:00_caa68351
2026-10-10T22:00:06+09:00,2026-10-10T13:00:06+00:00,commerce_rank,[8COLORS] 라인드 와플 롱 슬리브,29cm:3450583,heart_count,5132.0,"{""brand_eng"": ""MADDEN"", ""brand_kor"": ""매든"", ""brand_no"": 28008, ""category1"": ""여성의류"", ""category2"": ""상의"", ""category3"": ""긴소매 티셔츠"", ""category3_code"": 268103102, ""is_new"": false, ""item_no"": 3450583, ""period_sort"": ""ONE_DAY"", ""platform"": ""29cm"", ""ranking_category_code"": ""268103100"", ""ranking_category_name"": ""여성의류>상의"", ""review_avg"": 5.0, ""sale_percent"": 11, ""sale_price"": 53310, ""sold_out"": false, ""url"": ""https://product.29cm.co.kr/catalog/3450583""}",2026-10-10T13:00:06+00:00_caa68351
2026-10-10T22:00:06+09:00,2026-10-10T13:00:06+00:00,commerce_rank,[8COLORS] 라인드 와플 롱 슬리브,29cm:3450583,review_count,239.0,"{""brand_eng"": ""MADDEN"", ""brand_kor"": ""매든"", ""brand_no"": 28008, ""category1"": ""여성의류"", ""category2"": ""상의"", ""category3"": ""긴소매 티셔츠"", ""category3_code"": 268103102, ""is_new"": false, ""item_no"": 3450583, ""period_sort"": ""ONE_DAY"", ""platform"": ""29cm"", ""ranking_category_code"": ""268103100"", ""ranking_category_name"": ""여성의류>상의"", ""review_avg"": 5.0, ""sale_percent"": 11, ""sale_price"": 53310, ""sold_out"": false, ""url"": ""https://product.29cm.co.kr/catalog/3450583""}",2026-10-10T13:00:06+00:00_caa68351
2026-10-10T22:00:06+09:00,2026-10-10T13:00:06+00:00,commerce_rank,[8COLORS] 라인드 와플 롱 슬리브,29cm:3450583@268103100,rank,8.0,"{""brand_eng"": ""MADDEN"", ""brand_kor"": ""매든"", ""brand_no"": 28008, ""category1"": ""여성의류"", ""category2"": ""상의"", ""category3"": ""긴소매 티셔츠"", ""category3_code"": 268103102, ""is_new"": false, ""item_no"": 3450583, ""period_sort"": ""ONE_DAY"", ""platform"": ""29cm"", ""ranking_category_code"": ""268103100"", ""ranking_category_name"": ""여성의류>상의"", ""review_avg"": 5.0, ""sale_percent"": 11, ""sale_price"": 53310, ""sold_out"": false, ""url"": ""https://product.29cm.co.kr/catalog/3450583""}",2026-10-10T13:00:06+00:00_caa68351
2026-10-10T22:00:06+09:00,2026-10-10T13:00:06+00:00,commerce_rank,"[26th][오제,소진pick]Molly hoodie t-shirt (melange gray)",29cm:3460559,heart_count,11116.0,"{""brand_eng"": ""THE MITTEN"", ""brand_kor"": ""더미튼"", ""brand_no"": 25573, ""category1"": ""여성의류"", ""category2"": ""상의"", ""category3"": ""후디"", ""category3_code"": 268103105, ""is_new"": false, ""item_no"": 3460559, ""period_sort"": ""ONE_DAY"", ""platform"": ""29cm"", ""ranking_category_code"": ""268103100"", ""ranking_category_name"": ""여성의류>상의"", ""review_avg"": 5.0, ""sale_percent"": 24, ""sale_price"": 67330, ""sold_out"": false, ""url"": ""https://product.29cm.co.kr/catalog/3460559""}",2026-10-10T13:00:06+00:00_caa68351
2026-10-10T22:00:06+09:00,2026-10-10T13:00:06+00:00,commerce_rank,"[26th][오제,소진pick]Molly hoodie t-shirt (melange gray)",29cm:3460559,review_count,403.0,"{""brand_eng"": ""THE MITTEN"", ""brand_kor"": ""더미튼"", ""brand_no"": 25573, ""category1"": ""여성의류"", ""category2"": ""상의"", ""category3"": ""후디"", ""category3_code"": 268103105, ""is_new"": false, ""item_no"": 3460559, ""period_sort"": ""ONE_DAY"", ""platform"": ""29cm"", ""ranking_category_code"": ""268103100"", ""ranking_category_name"": ""여성의류>상의"", ""review_avg"": 5.0, ""sale_percent"": 24, ""sale_price"": 67330, ""sold_out"": false, ""url"": ""https://product.29cm.co.kr/catalog/3460559""}",2026-10-10T13:00:06+00:00_caa68351
2026-10-10T22:00:06+09:00,2026-10-10T13:00:06+00:00,commerce_rank,"[26th][오제,소진pick]Molly hoodie t-shirt (melange gray)",29cm:3460559@268103100,rank,26.0,"{""brand_eng"": ""THE MITTEN"", ""brand_kor"": ""더미튼"", ""brand_no"": 25573, ""category1"": ""여성의류"", ""category2"": ""상의"", ""category3"": ""후디"", ""category3_code"": 268103105, ""is_new"": false, ""item_no"": 3460559, ""period_sort"": ""ONE_DAY"", ""platform"": ""29cm"", ""ranking_category_code"": ""268103100"", ""ranking_category_name"": ""여성의류>상의"", ""review_avg"": 5.0, ""sale_percent"": 24, ""sale_price"": 67330, ""sold_out"": false, ""url"": ""https://product.29cm.co.kr/catalog/3460559""}",2026-10-10T13:00:06+00:00_caa68351
2026-10-10T22:00:06+09:00,2026-10-10T13:00:06+00:00,commerce_rank,Lang Stripe Overfit T-shirt_Grey,29cm:3462452,heart_count,15036.0,"{""brand_eng"": ""THE BARNNET"", ""brand_kor"": ""더바넷"", ""brand_no"": 76630, ""category1"": ""여성의류"", ""category2"": ""상의"", ""category3"": ""긴소매 티셔츠"", ""category3_code"": 268103102, ""is_new"": false, ""item_no"": 3462452, ""period_sort"": ""ONE_DAY"", ""platform"": ""29cm"", ""ranking_category_code"": ""268103100"", ""ranking_category_name"": ""여성의류>상의"", ""review_avg"": 5.0, ""sale_percent"": 10, ""sale_price"": 88200, ""sold_out"": false, ""url"": ""https://product.29cm.co.kr/catalog/3462452""}",2026-10-10T13:00:06+00:00_caa68351
2026-10-10T22:00:06+09:00,2026-10-10T13:00:06+00:00,commerce_rank,Lang Stripe Overfit T-shirt_Grey,29cm:3462452,review_count,685.0,"{""brand_eng"": ""THE BARNNET"", ""brand_kor"": ""더바넷"", ""brand_no"": 76630, ""category1"": ""여성의류"", ""category2"": ""상의"", ""category3"": ""긴소매 티셔츠"", ""category3_code"": 268103102, ""is_new"": false, ""item_no"": 3462452, ""period_sort"": ""ONE_DAY"", ""platform"": ""29cm"", ""ranking_category_code"": ""268103100"", ""ranking_category_name"": ""여성의류>상의"", ""review_avg"": 5.0, ""sale_percent"": 10, ""sale_price"": 88200, ""sold_out"": false, ""url"": ""https://product.29cm.co.kr/catalog/3462452""}",2026-10-10T13:00:06+00:00_caa68351
2026-10-10T22:00:06+09:00,2026-10-10T13:00:06+00:00,commerce_rank,Lang Stripe Overfit T-shirt_Grey,29cm:3462452@268103100,rank,93.0,"{""brand_eng"": ""THE BARNNET"", ""brand_kor"": ""더바넷"", ""brand_no"": 76630, ""category1"": ""여성의류"", ""category2"": ""상의"", ""category3"": ""긴소매 티셔츠"", ""category3_code"": 268103102, ""is_new"": false, ""item_no"": 3462452, ""period_sort"": ""ONE_DAY"", ""platform"": ""29cm"", ""ranking_category_code"": ""268103100"", ""ranking_category_name"": ""여성의류>상의"", ""review_avg"": 5.0, ""sale_percent"": 10, ""sale_price"": 88200, ""sold_out"": false, ""url"": ""https://product.29cm.co.kr/catalog/3462452""}",2026-10-10T13:00:06+00:00_caa68351
2026-10-10T22:00:06+09:00,2026-10-10T13:00:06+00:00,commerce_rank,Folder L/S Tee (4 Colors),29cm:3522545,heart_count,8265.0,"{""brand_eng"": ""TEKET"", ""brand_kor"": ""테켓"", ""brand_no"": 34509, ""category1"": ""여성의류"", ""category2"": ""상의"", ""category3"": ""긴소매 티셔츠"", ""category3_code"": 268103102, ""is_new"": false, ""item_no"": 3522545, ""period_sort"": ""ONE_DAY"", ""platform"": ""29cm"", ""ranking_category_code"": ""268103100"", ""ranking_category_name"": ""여성의류>상의"", ""review_avg"": 5.0, ""sale_percent"": 0, ""sale_price"": 65000, ""sold_out"": false, ""url"": ""https://product.29cm.co.kr/catalog/3522545""}",2026-10-10T13:00:06+00:00_caa68351
2026-10-10T22:00:06+09:00,2026-10-10T13:00:06+00:00,commerce_rank,Folder L/S Tee (4 Colors),29cm:3522545,review_count,628.0,"{""brand_eng"": ""TEKET"", ""brand_kor"": ""테켓"", ""brand_no"": 34509, ""category1"": ""여성의류"", ""category2"": ""상의"", ""category3"": ""긴소매 티셔츠"", ""category3_code"": 268103102, ""is_new"": false, ""item_no"": 3522545, ""period_sort"": ""ONE_DAY"", ""platform"": ""29cm"", ""ranking_category_code"": ""268103100"", ""ranking_category_name"": ""여성의류>상의"", ""review_avg"": 5.0, ""sale_percent"": 0, ""sale_price"": 65000, ""sold_out"": false, ""url"": ""https://product.29cm.co.kr/catalog/3522545""}",2026-10-10T13:00:06+00:00_caa68351
2026-10-10T22:00:06+09:00,2026-10-10T13:00:06+00:00,commerce_rank,Folder L/S Tee (4 Colors),29cm:3522545@268103100,rank,49.0,"{""brand_eng"": ""TEKET"", ""brand_kor"": ""테켓"", ""brand_no"": 34509, ""category1"": ""여성의류"", ""category2"": ""상의"", ""category3"": ""긴소매 티셔츠"", ""category3_code"": 268103102, ""is_new"": false, ""item_no"": 3522545, ""period_sort"": ""ONE_DAY"", ""platform"": ""29cm"", ""ranking_category_code"": ""268103100"", ""ranking_category_name"": ""여성의류>상의"", ""review_avg"": 5.0, ""sale_percent"": 0, ""sale_price"": 65000, ""sold_out"": false, ""url"": ""https://product.29cm.co.kr/catalog/3522545""}",2026-10-10T13:00:06+00:00_caa68351
2026-10-10T22:00:06+09:00,2026-10-10T13:00:06+00:00,commerce_rank,Lucette Top in Black,29cm:3523712,heart_count,740.0,"{""brand_eng"": ""Moondal"", ""brand_kor"": ""문달"", ""brand_no"": 4349, ""category1"": ""여성의류"", ""category2"": ""상의"", ""category3"": ""블라우스"", ""category3_code"": 268103107, ""is_new"": false, ""item_no"": 3523712, ""period_sort"": ""ONE_DAY"", ""platform"": ""29cm"", ""ranking_category_code"": ""268103100"", ""ranking_category_name"": ""여성의류>상의"", ""review_avg"": 4.5, ""sale_percent"": 0, ""sale_price"": 298000, ""sold_out"": false, ""url"": ""https://product.29cm.co.kr/catalog/3523712""}",2026-10-10T13:00:06+00:00_caa68351
2026-10-10T22:00:06+09:00,2026-10-10T13:00:06+00:00,commerce_rank,Lucette Top in Black,29cm:3523712,review_count,13.0,"{""brand_eng"": ""Moondal"", ""brand_kor"": ""문달"", ""brand_no"": 4349, ""category1"": ""여성의류"", ""category2"": ""상의"", ""category3"": ""블라우스"", ""category3_code"": 268103107, ""is_new"": false, ""item_no"": 3523712, ""period_sort"": ""ONE_DAY"", ""platform"": ""29cm"", ""ranking_category_code"": ""268103100"", ""ranking_category_name"": ""여성의류>상의"", ""review_avg"": 4.5, ""sale_percent"": 0, ""sale_price"": 298000, ""sold_out"": false, ""url"": ""https://product.29cm.co.kr/catalog/3523712""}",2026-10-10T13:00:06+00:00_caa68351
2026-10-10T22:00:06+09:00,2026-10-10T13:00:06+00:00,commerce_rank,Lucette Top in Black,29cm:3523712@268103100,rank,22.0,"{""brand_eng"": ""Moondal"", ""brand_kor"": ""문달"", ""brand_no"": 4349, ""category1"": ""여성의류"", ""category2"": ""상의"", ""category3"": ""블라우스"", ""category3_code"": 268103107, ""is_new"": false, ""item_no"": 3523712, ""period_sort"": ""ONE_DAY"", ""platform"": ""29cm"", ""ranking_category_code"": ""268103100"", ""ranking_category_name"": ""여성의류>상의"", ""review_avg"": 4.5, ""sale_percent"": 0, ""sale_price"": 298000, ""sold_out"": false, ""url"": ""https://product.29cm.co.kr/catalog/3523712""}",2026-10-10T13:00:06+00:00_caa68351
2026-10-10T22:00:06+09:00,2026-10-10T13:00:06+00:00,commerce_rank,[36th] Curve scarf blouse (sand),29cm:3535239,heart_count,9070.0,"{""brand_eng"": ""PREP FOR THE"", ""brand_kor"": ""프렙포더"", ""brand_no"": 86845, ""category1"": ""여성의류"", ""category2"": ""상의"", ""category3"": ""블라우스"", ""category3_code"": 268103107, ""is_new"": false, ""item_no"": 3535239, ""period_sort"": ""ONE_DAY"", ""platform"": ""29cm"", ""ranking_category_code"": ""268103100"", ""ranking_category_name"": ""여성의류>상의"", ""review_avg"": 5.0, ""sale_percent"": 14, ""sale_price"": 125690, ""sold_out"": false, ""url"": ""https://product.29cm.co.kr/catalog/3535239""}",2026-10-10T13:00:06+00:00_caa68351
2026-10-10T22:00:06+09:00,2026-10-10T13:00:06+00:00,commerce_rank,[36th] Curve scarf blouse (sand),29cm:3535239,review_count,121.0,"{""brand_eng"": ""PREP FOR THE"", ""brand_kor"": ""프렙포더"", ""brand_no"": 86845, ""category1"": ""여성의류"", ""category2"": ""상의"", ""category3"": ""블라우스"", ""category3_code"": 268103107, ""is_new"": false, ""item_no"": 3535239, ""period_sort"": ""ONE_DAY"", ""platform"": ""29cm"", ""ranking_category_code"": ""268103100"", ""ranking_category_name"": ""여성의류>상의"", ""review_avg"": 5.0, ""sale_percent"": 14, ""sale_price"": 125690, ""sold_out"": false, ""url"": ""https://product.29cm.co.kr/catalog/3535239""}",2026-10-10T13:00:06+00:00_caa68351
2026-10-10T22:00:06+09:00,2026-10-10T13:00:06+00:00,commerce_rank,[36th] Curve scarf blouse (sand),29cm:3535239@268103100,rank,62.0,"{""brand_eng"": ""PREP FOR THE"", ""brand_kor"": ""프렙포더"", ""brand_no"": 86845, ""category1"": ""여성의류"", ""category2"": ""상의"", ""category3"": ""블라우스"", ""category3_code"": 268103107, ""is_new"": false, ""item_no"": 3535239, ""period_sort"": ""ONE_DAY"", ""platform"": ""29cm"", ""ranking_category_code"": ""268103100"", ""ranking_category_name"": ""여성의류>상의"", ""review_avg"": 5.0, ""sale_percent"": 14, ""sale_price"": 125690, ""sold_out"": false, ""url"": ""https://product.29cm.co.kr/catalog/3535239""}",2026-10-10T13:00:06+00:00_caa68351
2026-10-10T22:00:06+09:00,2026-10-10T13:00:06+00:00,commerce_rank,[58th] Curve scarf blouse (stone gray),29cm:3535240,heart_count,34115.0,"{""brand_eng"": ""PREP FOR THE"", ""brand_kor"": ""프렙포더"", ""brand_no"": 86845, ""category1"": ""여성의류"", ""category2"": ""상의"", ""category3"": ""블라우스"", ""category3_code"": 268103107, ""is_new"": false, ""item_no"": 3535240, ""period_sort"": ""ONE_DAY"", ""platform"": ""29cm"", ""ranking_category_code"": ""268103100"", ""ranking_category_name"": ""여성의류>상의"", ""review_avg"": 5.0, ""sale_percent"": 14, ""sale_price"": 125690, ""sold_out"": false, ""url"": ""https://product.29cm.co.kr/catalog/3535240""}",2026-10-10T13:00:06+00:00_caa68351
2026-10-10T22:00:06+09:00,2026-10-10T13:00:06+00:00,commerce_rank,[58th] Curve scarf blouse (stone gray),29cm:3535240,review_count,425.0,"{""brand_eng"": ""PREP FOR THE"", ""brand_kor"": ""프렙포더"", ""brand_no"": 86845, ""category1"": ""여성의류"", ""category2"": ""상의"", ""category3"": ""블라우스"", ""category3_code"": 268103107, ""is_new"": false, ""item_no"": 3535240, ""period_sort"": ""ONE_DAY"", ""platform"": ""29cm"", ""ranking_category_code"": ""268103100"", ""ranking_category_name"": ""여성의류>상의"", ""review_avg"": 5.0, ""sale_percent"": 14, ""sale_price"": 125690, ""sold_out"": false, ""url"": ""https://product.29cm.co.kr/catalog/3535240""}",2026-10-10T13:00:06+00:00_caa68351
2026-10-10T22:00:06+09:00,2026-10-10T13:00:06+00:00,commerce_rank,[58th] Curve scarf blouse (stone gray),29cm:3535240@268103100,rank,11.0,"{""brand_eng"": ""PREP FOR THE"", ""brand_kor"": ""프렙포더"", ""brand_no"": 86845, ""category1"": ""여성의류"", ""category2"": ""상의"", ""category3"": ""블라우스"", ""category3_code"": 268103107, ""is_new"": false, ""item_no"": 3535240, ""period_sort"": ""ONE_DAY"", ""platform"": ""29cm"", ""ranking_category_code"": ""268103100"", ""ranking_category_name"": ""여성의류>상의"", ""review_avg"": 5.0, ""sale_percent"": 14, ""sale_price"": 125690, ""sold_out"": false, ""url"": ""https://product.29cm.co.kr/catalog/3535240""}",2026-10-10T13:00:06+00:00_caa68351
2026-10-10T22:00:06+09:00,2026-10-10T13:00:06+00:00,commerce_rank,Easy long sleeve_5 Colors,29cm:3540872,heart_count,737.0,"{""brand_eng"": ""BUDHI MUDRA"", ""brand_kor"": ""부디무드라"", ""brand_no"": 20781, ""category1"": ""여성의류"", ""category2"": ""상의"", ""category3"": ""긴소매 티셔츠"", ""category3_code"": 268103102, ""is_new"": false, ""item_no"": 3540872, ""period_sort"": ""ONE_DAY"", ""platform"": ""29cm"", ""ranking_category_code"": ""268103100"", ""ranking_category_name"": ""여성의류>상의"", ""review_avg"": 4.5, ""sale_percent"": 12, ""sale_price"": 48400, ""sold_out"": false, ""url"": ""https://product.29cm.co.kr/catalog/3540872""}",2026-10-10T13:00:06+00:00_caa68351
2026-10-10T22:00:06+09:00,2026-10-10T13:00:06+00:00,commerce_rank,Easy long sleeve_5 Colors,29cm:3540872,review_count,102.0,"{""brand_eng"": ""BUDHI MUDRA"", ""brand_kor"": ""부디무드라"", ""brand_no"": 20781, ""category1"": ""여성의류"", ""category2"": ""상의"", ""category3"": ""긴소매 티셔츠"", ""category3_code"": 268103102, ""is_new"": false, ""item_no"": 3540872, ""period_sort"": ""ONE_DAY"", ""platform"": ""29cm"", ""ranking_category_code"": ""268103100"", ""ranking_category_name"": ""여성의류>상의"", ""review_avg"": 4.5, ""sale_percent"": 12, ""sale_price"": 48400, ""sold_out"": false, ""url"": ""https://product.29cm.co.kr/catalog/3540872""}",2026-10-10T13:00:06+00:00_caa68351
2026-10-10T22:00:06+09:00,2026-10-10T13:00:06+00:00,commerce_rank,Easy long sleeve_5 Colors,29cm:3540872@268103100,rank,67.0,"{""brand_eng"": ""BUDHI MUDRA"", ""brand_kor"": ""부디무드라"", ""brand_no"": 20781, ""category1"": ""여성의류"", ""category2"": ""상의"", ""category3"": ""긴소매 티셔츠"", ""category3_code"": 268103102, ""is_new"": false, ""item_no"": 3540872, ""period_sort"": ""ONE_DAY"", ""platform"": ""29cm"", ""ranking_category_code"": ""268103100"", ""ranking_category_name"": ""여성의류>상의"", ""review_avg"": 4.5, ""sale_percent"": 12, ""sale_price"": 48400, ""sold_out"": false, ""url"": ""https://product.29cm.co.kr/catalog/3540872""}",2026-10-10T13:00:06+00:00_caa68351
2026-10-10T22:00:06+09:00,2026-10-10T13:00:06+00:00,commerce_rank,044 레글런 롱 슬리브 티셔츠,29cm:3545920,heart_count,10684.0,"{""brand_eng"": ""VIVA LA VIDA"", ""brand_kor"": ""비바라비다"", ""brand_no"": 100816, ""category1"": ""여성의류"", ""category2"": ""상의"", ""category3"": ""긴소매 티셔츠"", ""category3_code"": 268103102, ""is_new"": false, ""item_no"": 3545920, ""period_sort"": ""ONE_DAY"", ""platform"": ""29cm"", ""ranking_category_code"": ""268103100"", ""ranking_category_name"": ""여성의류>상의"", ""review_avg"": 5.0, ""sale_percent"": 31, ""sale_price"": 32310, ""sold_out"": false, ""url"": ""https://product.29cm.co.kr/catalog/3545920""}",2026-10-10T13:00:06+00:00_caa68351
2026-10-10T22:00:06+09:00,2026-10-10T13:00:06+00:00,commerce_rank,044 레글런 롱 슬리브 티셔츠,29cm:3545920,review_count,244.0,"{""brand_eng"": ""VIVA LA VIDA"", ""brand_kor"": ""비바라비다"", ""brand_no"": 100816, ""category1"": ""여성의류"", ""category2"": ""상의"", ""category3"": ""긴소매 티셔츠"", ""category3_code"": 268103102, ""is_new"": false, ""item_no"": 3545920, ""period_sort"": ""ONE_DAY"", ""platform"": ""29cm"", ""ranking_category_code"": ""268103100"", ""ranking_category_name"": ""여성의류>상의"", ""review_avg"": 5.0, ""sale_percent"": 31, ""sale_price"": 32310, ""sold_out"": false, ""url"": ""https://product.29cm.co.kr/catalog/3545920""}",2026-10-10T13:00:06+00:00_caa68351
2026-10-10T22:00:06+09:00,2026-10-10T13:00:06+00:00,commerce_rank,044 레글런 롱 슬리브 티셔츠,29cm:3545920@268103100,rank,24.0,"{""brand_eng"": ""VIVA LA VIDA"", ""brand_kor"": ""비바라비다"", ""brand_no"": 100816, ""category1"": ""여성의류"", ""category2"": ""상의"", ""category3"": ""긴소매 티셔츠"", ""category3_code"": 268103102, ""is_new"": false, ""item_no"": 3545920, ""period_sort"": ""ONE_DAY"", ""platform"": ""29cm"", ""ranking_category_code"": ""268103100"", ""ranking_category_name"": ""여성의류>상의"", ""review_avg"": 5.0, ""sale_percent"": 31, ""sale_price"": 32310, ""sold_out"": false, ""url"": ""https://product.29cm.co.kr/catalog/3545920""}",2026-10-10T13:00:06+00:00_caa68351
2026-10-10T22:00:06+09:00,2026-10-10T13:00:07+00:00,commerce_rank,ASKIN LOGO LONG SLEEVE (BROWN GREY),29cm:3549850,heart_count,523.0,"{""brand_eng"": ""GOYOWEAR"", ""brand_kor"": ""고요웨어"", ""brand_no"": 16187, ""category1"": ""남성의류"", ""category2"": ""상의"", ""category3"": ""긴소매 티셔츠"", ""category3_code"": 272103102, ""is_new"": false, ""item_no"": 3549850, ""period_sort"": ""ONE_DAY"", ""platform"": ""29cm"", ""ranking_category_code"": ""272103100"", ""ranking_category_name"": ""남성의류>상의"", ""review_avg"": 5.0, ""sale_percent"": 21, ""sale_price"": 38810, ""sold_out"": true, ""url"": ""https://product.29cm.co.kr/catalog/3549850""}",2026-10-10T13:00:06+00:00_caa68351
2026-10-10T22:00:06+09:00,2026-10-10T13:00:07+00:00,commerce_rank,ASKIN LOGO LONG SLEEVE (BROWN GREY),29cm:3549850,review_count,37.0,"{""brand_eng"": ""GOYOWEAR"", ""brand_kor"": ""고요웨어"", ""brand_no"": 16187, ""category1"": ""남성의류"", ""category2"": ""상의"", ""category3"": ""긴소매 티셔츠"", ""category3_code"": 272103102, ""is_new"": false, ""item_no"": 3549850, ""period_sort"": ""ONE_DAY"", ""platform"": ""29cm"", ""ranking_category_code"": ""272103100"", ""ranking_category_name"": ""남성의류>상의"", ""review_avg"": 5.0, ""sale_percent"": 21, ""sale_price"": 38810, ""sold_out"": true, ""url"": ""https://product.29cm.co.kr/catalog/3549850""}",2026-10-10T13:00:06+00:00_caa68351
2026-10-10T22:00:06+09:00,2026-10-10T13:00:07+00:00,commerce_rank,ASKIN LOGO LONG SLEEVE (BROWN GREY),29cm:3549850@272103100,rank,29.0,"{""brand_eng"": ""GOYOWEAR"", ""brand_kor"": ""고요웨어"", ""brand_no"": 16187, ""category1"": ""남성의류"", ""category2"": ""상의"", ""category3"": ""긴소매 티셔츠"", ""category3_code"": 272103102, ""is_new"": false, ""item_no"": 3549850, ""period_sort"": ""ONE_DAY"", ""platform"": ""29cm"", ""ranking_category_code"": ""272103100"", ""ranking_category_name"": ""남성의류>상의"", ""review_avg"": 5.0, ""sale_percent"": 21, ""sale_price"": 38810, ""sold_out"": true, ""url"": ""https://product.29cm.co.kr/catalog/3549850""}",2026-10-10T13:00:06+00:00_caa68351
2026-10-10T22:00:06+09:00,2026-10-10T13:00:06+00:00,commerce_rank,[47차] Draped Wool Tencel Layered Tee Set (Gray),29cm:3598810,heart_count,29468.0,"{""brand_eng"": ""TOAVE"", ""brand_kor"": ""토아베"", ""brand_no"": 101870, ""category1"": ""여성의류"", ""category2"": ""상의"", ""category3"": ""긴소매 티셔츠"", ""category3_code"": 268103102, ""is_new"": false, ""item_no"": 3598810, ""period_sort"": ""ONE_DAY"", ""platform"": ""29cm"", ""ranking_category_code"": ""268103100"", ""ranking_category_name"": ""여성의류>상의"", ""review_avg"": 4.5, ""sale_percent"": 10, ""sale_price"": 71820, ""sold_out"": false, ""url"": ""https://product.29cm.co.kr/catalog/3598810""}",2026-10-10T13:00:06+00:00_caa68351
2026-10-10T22:00:06+09:00,2026-10-10T13:00:06+00:00,commerce_rank,[47차] Draped Wool Tencel Layered Tee Set (Gray),29cm:3598810,review_count,330.0,"{""brand_eng"": ""TOAVE"", ""brand_kor"": ""토아베"", ""brand_no"": 101870, ""category1"": ""여성의류"", ""category2"": ""상의"", ""category3"": ""긴소매 티셔츠"", ""category3_code"": 268103102, ""is_new"": false, ""item_no"": 3598810, ""period_sort"": ""ONE_DAY"", ""platform"": ""29cm"", ""ranking_category_code"": ""268103100"", ""ranking_category_name"": ""여성의류>상의"", ""review_avg"": 4.5, ""sale_percent"": 10, ""sale_price"": 71820, ""sold_out"": false, ""url"": ""https://product.29cm.co.kr/catalog/3598810""}",2026-10-10T13:00:06+00:00_caa68351
2026-10-10T22:00:06+09:00,2026-10-10T13:00:06+00:00,commerce_rank,[47차] Draped Wool Tencel Layered Tee Set (Gray),29cm:3598810@268103100,rank,88.0,"{""brand_eng"": ""TOAVE"", ""brand_kor"": ""토아베"", ""brand_no"": 101870, ""category1"": ""여성의류"", ""category2"": ""상의"", ""category3"": ""긴소매 티셔츠"", ""category3_code"": 268103102, ""is_new"": false, ""item_no"": 3598810, ""period_sort"": ""ONE_DAY"", ""platform"": ""29cm"", ""ranking_category_code"": ""268103100"", ""ranking_category_name"": ""여성의류>상의"", ""review_avg"": 4.5, ""sale_percent"": 10, ""sale_price"": 71820, ""sold_out"": false, ""url"": ""https://product.29cm.co.kr/catalog/3598810""}",2026-10-10T13:00:06+00:00_caa68351
2026-10-10T22:00:06+09:00,2026-10-10T13:00:06+00:00,commerce_rank,[혜영 PICK](w) 홀리데이 와플 오트밀 체크 인앤아웃 스웻셔츠,29cm:3611596,heart_count,16909.0,"{""brand_eng"": ""VIVIHOME"", ""brand_kor"": ""비비홈"", ""brand_no"": 35697, ""category1"": ""여성의류"", ""category2"": ""상의"", ""category3"": ""스웨트셔츠"", ""category3_code"": 268103104, ""is_new"": false, ""item_no"": 3611596, ""period_sort"": ""ONE_DAY"", ""platform"": ""29cm"", ""ranking_category_code"": ""268103100"", ""ranking_category_name"": ""여성의류>상의"", ""review_avg"": 4.5, ""sale_percent"": 36, ""sale_price"": 53630, ""sold_out"": false, ""url"": ""https://product.29cm.co.kr/catalog/3611596""}",2026-10-10T13:00:06+00:00_caa68351
2026-10-10T22:00:06+09:00,2026-10-10T13:00:06+00:00,commerce_rank,[혜영 PICK](w) 홀리데이 와플 오트밀 체크 인앤아웃 스웻셔츠,29cm:3611596,review_count,130.0,"{""brand_eng"": ""VIVIHOME"", ""brand_kor"": ""비비홈"", ""brand_no"": 35697, ""category1"": ""여성의류"", ""category2"": ""상의"", ""category3"": ""스웨트셔츠"", ""category3_code"": 268103104, ""is_new"": false, ""item_no"": 3611596, ""period_sort"": ""ONE_DAY"", ""platform"": ""29cm"", ""ranking_category_code"": ""268103100"", ""ranking_category_name"": ""여성의류>상의"", ""review_avg"": 4.5, ""sale_percent"": 36, ""sale_price"": 53630, ""sold_out"": false, ""url"": ""https://product.29cm.co.kr/catalog/3611596""}",2026-10-10T13:00:06+00:00_caa68351
2026-10-10T22:00:06+09:00,2026-10-10T13:00:06+00:00,commerce_rank,[혜영 PICK](w) 홀리데이 와플 오트밀 체크 인앤아웃 스웻셔츠,29cm:3611596@268103100,rank,89.0,"{""brand_eng"": ""VIVIHOME"", ""brand_kor"": ""비비홈"", ""brand_no"": 35697, ""category1"": ""여성의류"", ""category2"": ""상의"", ""category3"": ""스웨트셔츠"", ""category3_code"": 268103104, ""is_new"": false, ""item_no"": 3611596, ""period_sort"": ""ONE_DAY"", ""platform"": ""29cm"", ""ranking_category_code"": ""268103100"", ""ranking_category_name"": ""여성의류>상의"", ""review_avg"": 4.5, ""sale_percent"": 36, ""sale_price"": 53630, ""sold_out"": false, ""url"": ""https://product.29cm.co.kr/catalog/3611596""}",2026-10-10T13:00:06+00:00_caa68351
2026-10-10T22:00:06+09:00,2026-10-10T13:00:06+00:00,commerce_rank,[42th] Raglan Campus Logo Long Top - Grey(Navy),29cm:3628013,heart_count,22873.0,"{""brand_eng"": ""SOMEWHEREBUTTER"", ""brand_kor"": ""썸웨어버터"", ""brand_no"": 18640, ""category1"": ""여성의류"", ""category2"": ""상의"", ""category3"": ""긴소매 티셔츠"", ""category3_code"": 268103102, ""is_new"": false, ""item_no"": 3628013, ""period_sort"": ""ONE_DAY"", ""platform"": ""29cm"", ""ranking_category_code"": ""268103100"", ""ranking_category_name"": ""여성의류>상의"", ""review_avg"": 5.0, ""sale_percent"": 10, ""sale_price"": 44100, ""sold_out"": false, ""url"": ""https://product.29cm.co.kr/catalog/3628013""}",2026-10-10T13:00:06+00:00_caa68351
2026-10-10T22:00:06+09:00,2026-10-10T13:00:06+00:00,commerce_rank,[42th] Raglan Campus Logo Long Top - Grey(Navy),29cm:3628013,review_count,649.0,"{""brand_eng"": ""SOMEWHEREBUTTER"", ""brand_kor"": ""썸웨어버터"", ""brand_no"": 18640, ""category1"": ""여성의류"", ""category2"": ""상의"", ""category3"": ""긴소매 티셔츠"", ""category3_code"": 268103102, ""is_new"": false, ""item_no"": 3628013, ""period_sort"": ""ONE_DAY"", ""platform"": ""29cm"", ""ranking_category_code"": ""268103100"", ""ranking_category_name"": ""여성의류>상의"", ""review_avg"": 5.0, ""sale_percent"": 10, ""sale_price"": 44100, ""sold_out"": false, ""url"": ""https://product.29cm.co.kr/catalog/3628013""}",2026-10-10T13:00:06+00:00_caa68351
2026-10-10T22:00:06+09:00,2026-10-10T13:00:06+00:00,commerce_rank,[42th] Raglan Campus Logo Long Top - Grey(Navy),29cm:3628013@268103100,rank,14.0,"{""brand_eng"": ""SOMEWHEREBUTTER"", ""brand_kor"": ""썸웨어버터"", ""brand_no"": 18640, ""category1"": ""여성의류"", ""category2"": ""상의"", ""category3"": ""긴소매 티셔츠"", ""category3_code"": 268103102, ""is_new"": false, ""item_no"": 3628013, ""period_sort"": ""ONE_DAY"", ""platform"": ""29cm"", ""ranking_category_code"": ""268103100"", ""ranking_category_name"": ""여성의류>상의"", ""review_avg"": 5.0, ""sale_percent"": 10, ""sale_price"": 44100, ""sold_out"": false, ""url"": ""https://product.29cm.co.kr/catalog/3628013""}",2026-10-10T13:00:06+00:00_caa68351
2026-10-10T22:00:06+09:00,2026-10-10T13:00:07+00:00,commerce_rank,Vintage Long Sleeve Henley Shirt Dark Grey (Korea Edition),29cm:3692715,heart_count,422.0,"{""brand_eng"": ""BRONSON"", ""brand_kor"": ""브론슨"", ""brand_no"": 89408, ""category1"": ""남성의류"", ""category2"": ""상의"", ""category3"": ""긴소매 티셔츠"", ""category3_code"": 272103102, ""is_new"": false, ""item_no"": 3692715, ""period_sort"": ""ONE_DAY"", ""platform"": ""29cm"", ""ranking_category_code"": ""272103100"", ""ranking_category_name"": ""남성의류>상의"", ""review_avg"": 5.0, ""sale_percent"": 10, ""sale_price"": 55800, ""sold_out"": false, ""url"": ""https://product.29cm.co.kr/catalog/3692715""}",2026-10-10T13:00:06+00:00_caa68351
2026-10-10T22:00:06+09:00,2026-10-10T13:00:07+00:00,commerce_rank,Vintage Long Sleeve Henley Shirt Dark Grey (Korea Edition),29cm:3692715,review_count,40.0,"{""brand_eng"": ""BRONSON"", ""brand_kor"": ""브론슨"", ""brand_no"": 89408, ""category1"": ""남성의류"", ""category2"": ""상의"", ""category3"": ""긴소매 티셔츠"", ""category3_code"": 272103102, ""is_new"": false, ""item_no"": 3692715, ""period_sort"": ""ONE_DAY"", ""platform"": ""29cm"", ""ranking_category_code"": ""272103100"", ""ranking_category_name"": ""남성의류>상의"", ""review_avg"": 5.0, ""sale_percent"": 10, ""sale_price"": 55800, ""sold_out"": false, ""url"": ""https://product.29cm.co.kr/catalog/3692715""}",2026-10-10T13:00:06+00:00_caa68351
2026-10-10T22:00:06+09:00,2026-10-10T13:00:07+00:00,commerce_rank,Vintage Long Sleeve Henley Shirt Dark Grey (Korea Edition),29cm:3692715@272103100,rank,22.0,"{""brand_eng"": ""BRONSON"", ""brand_kor"": ""브론슨"", ""brand_no"": 89408, ""category1"": ""남성의류"", ""category2"": ""상의"", ""category3"": ""긴소매 티셔츠"", ""category3_code"": 272103102, ""is_new"": false, ""item_no"": 3692715, ""period_sort"": ""ONE_DAY"", ""platform"": ""29cm"", ""ranking_category_code"": ""272103100"", ""ranking_category_name"": ""남성의류>상의"", ""review_avg"": 5.0, ""sale_percent"": 10, ""sale_price"": 55800, ""sold_out"": false, ""url"": ""https://product.29cm.co.kr/catalog/3692715""}",2026-10-10T13:00:06+00:00_caa68351
2026-10-10T22:00:06+09:00,2026-10-10T13:00:07+00:00,commerce_rank,[2팩/세미크롭핏] 롱 슬리브 티셔츠,29cm:3696420,heart_count,287.0,"{""brand_eng"": ""DISCUS ATHLETIC"", ""brand_kor"": ""디스커스 애슬레틱"", ""brand_no"": 24583, ""category1"": ""남성의류"", ""category2"": ""상의"", ""category3"": ""긴소매 티셔츠"", ""category3_code"": 272103102, ""is_new"": false, ""item_no"": 3696420, ""period_sort"": ""ONE_DAY"", ""platform"": ""29cm"", ""ranking_category_code"": ""272103100"", ""ranking_category_name"": ""남성의류>상의"", ""review_avg"": 4.5, ""sale_percent"": 43, ""sale_price"": 39900, ""sold_out"": false, ""url"": ""https://product.29cm.co.kr/catalog/3696420""}",2026-10-10T13:00:06+00:00_caa68351
2026-10-10T22:00:06+09:00,2026-10-10T13:00:07+00:00,commerce_rank,[2팩/세미크롭핏] 롱 슬리브 티셔츠,29cm:3696420,review_count,49.0,"{""brand_eng"": ""DISCUS ATHLETIC"", ""brand_kor"": ""디스커스 애슬레틱"", ""brand_no"": 24583, ""category1"": ""남성의류"", ""category2"": ""상의"", ""category3"": ""긴소매 티셔츠"", ""category3_code"": 272103102, ""is_new"": false, ""item_no"": 3696420, ""period_sort"": ""ONE_DAY"", ""platform"": ""29cm"", ""ranking_category_code"": ""272103100"", ""ranking_category_name"": ""남성의류>상의"", ""review_avg"": 4.5, ""sale_percent"": 43, ""sale_price"": 39900, ""sold_out"": false, ""url"": ""https://product.29cm.co.kr/catalog/3696420""}",2026-10-10T13:00:06+00:00_caa68351
2026-10-10T22:00:06+09:00,2026-10-10T13:00:07+00:00,commerce_rank,[2팩/세미크롭핏] 롱 슬리브 티셔츠,29cm:3696420@272103100,rank,78.0,"{""brand_eng"": ""DISCUS ATHLETIC"", ""brand_kor"": ""디스커스 애슬레틱"", ""brand_no"": 24583, ""category1"": ""남성의류"", ""category2"": ""상의"", ""category3"": ""긴소매 티셔츠"", ""category3_code"": 272103102, ""is_new"": false, ""item_no"": 3696420, ""period_sort"": ""ONE_DAY"", ""platform"": ""29cm"", ""ranking_category_code"": ""272103100"", ""ranking_category_name"": ""남성의류>상의"", ""review_avg"": 4.5, ""sale_percent"": 43, ""sale_price"": 39900, ""sold_out"": false, ""url"": ""https://product.29cm.co.kr/catalog/3696420""}",2026-10-10T13:00:06+00:00_caa68351
2026-10-10T22:00:06+09:00,2026-10-10T13:00:06+00:00,commerce_rank,마티니 프릴 블라우스,29cm:3719533,heart_count,6020.0,"{""brand_eng"": ""MERRYON"", ""brand_kor"": ""메리온"", ""brand_no"": 108383, ""category1"": ""여성의류"", ""category2"": ""상의"", ""category3"": ""블라우스"", ""category3_code"": 268103107, ""is_new"": false, ""item_no"": 3719533, ""period_sort"": ""ONE_DAY"", ""platform"": ""29cm"", ""ranking_category_code"": ""268103100"", ""ranking_category_name"": ""여성의류>상의"", ""review_avg"": 5.0, ""sale_percent"": 19, ""sale_price"": 95580, ""sold_out"": false, ""url"": ""https://product.29cm.co.kr/catalog/3719533""}",2026-10-10T13:00:06+00:00_caa68351
2026-10-10T22:00:06+09:00,2026-10-10T13:00:06+00:00,commerce_rank,마티니 프릴 블라우스,29cm:3719533,review_count,41.0,"{""brand_eng"": ""MERRYON"", ""brand_kor"": ""메리온"", ""brand_no"": 108383, ""category1"": ""여성의류"", ""category2"": ""상의"", ""category3"": ""블라우스"", ""category3_code"": 268103107, ""is_new"": false, ""item_no"": 3719533, ""period_sort"": ""ONE_DAY"", ""platform"": ""29cm"", ""ranking_category_code"": ""268103100"", ""ranking_category_name"": ""여성의류>상의"", ""review_avg"": 5.0, ""sale_percent"": 19, ""sale_price"": 95580, ""sold_out"": false, ""url"": ""https://product.29cm.co.kr/catalog/3719533""}",2026-10-10T13:00:06+00:00_caa68351
2026-10-10T22:00:06+09:00,2026-10-10T13:00:06+00:00,commerce_rank,마티니 프릴 블라우스,29cm:3719533@268103100,rank,25.0,"{""brand_eng"": ""MERRYON"", ""brand_kor"": ""메리온"", ""brand_no"": 108383, ""category1"": ""여성의류"", ""category2"": ""상의"", ""category3"": ""블라우스"", ""category3_code"": 268103107, ""is_new"": false, ""item_no"": 3719533, ""period_sort"": ""ONE_DAY"", ""platform"": ""29cm"", ""ranking_category_code"": ""268103100"", ""ranking_category_name"": ""여성의류>상의"", ""review_avg"": 5.0, ""sale_percent"": 19, ""sale_price"": 95580, ""sold_out"": false, ""url"": ""https://product.29cm.co.kr/catalog/3719533""}",2026-10-10T13:00:06+00:00_caa68351
2026-10-10T22:00:06+09:00,2026-10-10T13:00:06+00:00,commerce_rank,리본 플리츠 블라우스 그레이,29cm:3747171,heart_count,2089.0,"{""brand_eng"": ""ILLIGO"", ""brand_kor"": ""일리고"", ""brand_no"": 13364, ""category1"": ""여성의류"", ""category2"": ""상의"", ""category3"": ""블라우스"", ""category3_code"": 268103107, ""is_new"": false, ""item_no"": 3747171, ""period_sort"": ""ONE_DAY"", ""platform"": ""29cm"", ""ranking_category_code"": ""268103100"", ""ranking_category_name"": ""여성의류>상의"", ""review_avg"": 5.0, ""sale_percent"": 34, ""sale_price"": 64500, ""sold_out"": false, ""url"": ""https://product.29cm.co.kr/catalog/3747171""}",2026-10-10T13:00:06+00:00_caa68351
2026-10-10T22:00:06+09:00,2026-10-10T13:00:06+00:00,commerce_rank,리본 플리츠 블라우스 그레이,29cm:3747171,review_count,13.0,"{""brand_eng"": ""ILLIGO"", ""brand_kor"": ""일리고"", ""brand_no"": 13364, ""category1"": ""여성의류"", ""category2"": ""상의"", ""category3"": ""블라우스"", ""category3_code"": 268103107, ""is_new"": false, ""item_no"": 3747171, ""period_sort"": ""ONE_DAY"", ""platform"": ""29cm"", ""ranking_category_code"": ""268103100"", ""ranking_category_name"": ""여성의류>상의"", ""review_avg"": 5.0, ""sale_percent"": 34, ""sale_price"": 64500, ""sold_out"": false, ""url"": ""https://product.29cm.co.kr/catalog/3747171""}",2026-10-10T13:00:06+00:00_caa68351
2026-10-10T22:00:06+09:00,2026-10-10T13:00:06+00:00,commerce_rank,리본 플리츠 블라우스 그레이,29cm:3747171@268103100,rank,59.0,"{""brand_eng"": ""ILLIGO"", ""brand_kor"": ""일리고"", ""brand_no"": 13364, ""category1"": ""여성의류"", ""category2"": ""상의"", ""category3"": ""블라우스"", ""category3_code"": 268103107, ""is_new"": false, ""item_no"": 3747171, ""period_sort"": ""ONE_DAY"", ""platform"": ""29cm"", ""ranking_category_code"": ""268103100"", ""ranking_category_name"": ""여성의류>상의"", ""review_avg"": 5.0, ""sale_percent"": 34, ""sale_price"": 64500, ""sold_out"": false, ""url"": ""https://product.29cm.co.kr/catalog/3747171""}",2026-10-10T13:00:06+00:00_caa68351
2026-10-10T22:00:06+09:00,2026-10-10T13:00:06+00:00,commerce_rank,[13차] 오버 스트라이프 티셔츠_네이비,29cm:3748318,heart_count,5090.0,"{""brand_eng"": ""YUPPE"", ""brand_kor"": ""엽페"", ""brand_no"": 2856, ""category1"": ""여성의류"", ""category2"": ""상의"", ""category3"": ""긴소매 티셔츠"", ""category3_code"": 268103102, ""is_new"": false, ""item_no"": 3748318, ""period_sort"": ""ONE_DAY"", ""platform"": ""29cm"", ""ranking_category_code"": ""268103100"", ""ranking_category_name"": ""여성의류>상의"", ""review_avg"": 5.0, ""sale_percent"": 40, ""sale_price"": 47400, ""sold_out"": false, ""url"": ""https://product.29cm.co.kr/catalog/3748318""}",2026-10-10T13:00:06+00:00_caa68351
2026-10-10T22:00:06+09:00,2026-10-10T13:00:06+00:00,commerce_rank,[13차] 오버 스트라이프 티셔츠_네이비,29cm:3748318,review_count,158.0,"{""brand_eng"": ""YUPPE"", ""brand_kor"": ""엽페"", ""brand_no"": 2856, ""category1"": ""여성의류"", ""category2"": ""상의"", ""category3"": ""긴소매 티셔츠"", ""category3_code"": 268103102, ""is_new"": false, ""item_no"": 3748318, ""period_sort"": ""ONE_DAY"", ""platform"": ""29cm"", ""ranking_category_code"": ""268103100"", ""ranking_category_name"": ""여성의류>상의"", ""review_avg"": 5.0, ""sale_percent"": 40, ""sale_price"": 47400, ""sold_out"": false, ""url"": ""https://product.29cm.co.kr/catalog/3748318""}",2026-10-10T13:00:06+00:00_caa68351
2026-10-10T22:00:06+09:00,2026-10-10T13:00:06+00:00,commerce_rank,[13차] 오버 스트라이프 티셔츠_네이비,29cm:3748318@268103100,rank,38.0,"{""brand_eng"": ""YUPPE"", ""brand_kor"": ""엽페"", ""brand_no"": 2856, ""category1"": ""여성의류"", ""category2"": ""상의"", ""category3"": ""긴소매 티셔츠"", ""category3_code"": 268103102, ""is_new"": false, ""item_no"": 3748318, ""period_sort"": ""ONE_DAY"", ""platform"": ""29cm"", ""ranking_category_code"": ""268103100"", ""ranking_category_name"": ""여성의류>상의"", ""review_avg"": 5.0, ""sale_percent"": 40, ""sale_price"": 47400, ""sold_out"": false, ""url"": ""https://product.29cm.co.kr/catalog/3748318""}",2026-10-10T13:00:06+00:00_caa68351
2026-10-10T22:00:06+09:00,2026-10-10T13:00:07+00:00,commerce_rank,Double Stripe String Tee (Black),29cm:3766146,heart_count,91.0,"{""brand_eng"": ""HAVE HAD"", ""brand_kor"": ""해브해드"", ""brand_no"": 2910, ""category1"": ""남성의류"", ""category2"": ""상의"", ""category3"": ""긴소매 티셔츠"", ""category3_code"": 272103102, ""is_new"": false, ""item_no"": 3766146, ""period_sort"": ""ONE_DAY"", ""platform"": ""29cm"", ""ranking_category_code"": ""272103100"", ""ranking_category_name"": ""남성의류>상의"", ""review_avg"": 5.0, ""sale_percent"": 15, ""sale_price"": 61560, ""sold_out"": false, ""url"": ""https://product.29cm.co.kr/catalog/3766146""}",2026-10-10T13:00:06+00:00_caa68351
2026-10-10T22:00:06+09:00,2026-10-10T13:00:07+00:00,commerce_rank,Double Stripe String Tee (Black),29cm:3766146,review_count,2.0,"{""brand_eng"": ""HAVE HAD"", ""brand_kor"": ""해브해드"", ""brand_no"": 2910, ""category1"": ""남성의류"", ""category2"": ""상의"", ""category3"": ""긴소매 티셔츠"", ""category3_code"": 272103102, ""is_new"": false, ""item_no"": 3766146, ""period_sort"": ""ONE_DAY"", ""platform"": ""29cm"", ""ranking_category_code"": ""272103100"", ""ranking_category_name"": ""남성의류>상의"", ""review_avg"": 5.0, ""sale_percent"": 15, ""sale_price"": 61560, ""sold_out"": false, ""url"": ""https://product.29cm.co.kr/catalog/3766146""}",2026-10-10T13:00:06+00:00_caa68351
2026-10-10T22:00:06+09:00,2026-10-10T13:00:07+00:00,commerce_rank,Double Stripe String Tee (Black),29cm:3766146@272103100,rank,48.0,"{""brand_eng"": ""HAVE HAD"", ""brand_kor"": ""해브해드"", ""brand_no"": 2910, ""category1"": ""남성의류"", ""category2"": ""상의"", ""category3"": ""긴소매 티셔츠"", ""category3_code"": 272103102, ""is_new"": false, ""item_no"": 3766146, ""period_sort"": ""ONE_DAY"", ""platform"": ""29cm"", ""ranking_category_code"": ""272103100"", ""ranking_category_name"": ""남성의류>상의"", ""review_avg"": 5.0, ""sale_percent"": 15, ""sale_price"": 61560, ""sold_out"": false, ""url"": ""https://product.29cm.co.kr/catalog/3766146""}",2026-10-10T13:00:06+00:00_caa68351
2026-10-10T22:00:06+09:00,2026-10-10T13:00:06+00:00,commerce_rank,A3567 와플 래글런 티셔츠_Black,29cm:3770418,heart_count,2093.0,"{""brand_eng"": ""VANONE ATELIER"", ""brand_kor"": ""반원 아틀리에"", ""brand_no"": 4715, ""category1"": ""여성의류"", ""category2"": ""상의"", ""category3"": ""긴소매 티셔츠"", ""category3_code"": 268103102, ""is_new"": false, ""item_no"": 3770418, ""period_sort"": ""ONE_DAY"", ""platform"": ""29cm"", ""ranking_category_code"": ""268103100"", ""ranking_category_name"": ""여성의류>상의"", ""review_avg"": 4.5, ""sale_percent"": 32, ""sale_price"": 33080, ""sold_out"": false, ""url"": ""https://product.29cm.co.kr/catalog/3770418""}",2026-10-10T13:00:06+00:00_caa68351
2026-10-10T22:00:06+09:00,2026-10-10T13:00:06+00:00,commerce_rank,A3567 와플 래글런 티셔츠_Black,29cm:3770418,review_count,77.0,"{""brand_eng"": ""VANONE ATELIER"", ""brand_kor"": ""반원 아틀리에"", ""brand_no"": 4715, ""category1"": ""여성의류"", ""category2"": ""상의"", ""category3"": ""긴소매 티셔츠"", ""category3_code"": 268103102, ""is_new"": false, ""item_no"": 3770418, ""period_sort"": ""ONE_DAY"", ""platform"": ""29cm"", ""ranking_category_code"": ""268103100"", ""ranking_category_name"": ""여성의류>상의"", ""review_avg"": 4.5, ""sale_percent"": 32, ""sale_price"": 33080, ""sold_out"": false, ""url"": ""https://product.29cm.co.kr/catalog/3770418""}",2026-10-10T13:00:06+00:00_caa68351
2026-10-10T22:00:06+09:00,2026-10-10T13:00:06+00:00,commerce_rank,A3567 와플 래글런 티셔츠_Black,29cm:3770418@268103100,rank,83.0,"{""brand_eng"": ""VANONE ATELIER"", ""brand_kor"": ""반원 아틀리에"", ""brand_no"": 4715, ""category1"": ""여성의류"", ""category2"": ""상의"", ""category3"": ""긴소매 티셔츠"", ""category3_code"": 268103102, ""is_new"": false, ""item_no"": 3770418, ""period_sort"": ""ONE_DAY"", ""platform"": ""29cm"", ""ranking_category_code"": ""268103100"", ""ranking_category_name"": ""여성의류>상의"", ""review_avg"": 4.5, ""sale_percent"": 32, ""sale_price"": 33080, ""sold_out"": false, ""url"": ""https://product.29cm.co.kr/catalog/3770418""}",2026-10-10T13:00:06+00:00_caa68351
2026-10-10T22:00:06+09:00,2026-10-10T13:00:06+00:00,commerce_rank,[29CM 단독컬러][재이 pick]Number 23 Raglan Off-Shoulder T-Shirt_CTT3002(5color),29cm:3781911,heart_count,10938.0,"{""brand_eng"": ""CITTA"", ""brand_kor"": ""씨타"", ""brand_no"": 71833, ""category1"": ""여성의류"", ""category2"": ""상의"", ""category3"": ""긴소매 티셔츠"", ""category3_code"": 268103102, ""is_new"": false, ""item_no"": 3781911, ""period_sort"": ""ONE_DAY"", ""platform"": ""29cm"", ""ranking_category_code"": ""268103100"", ""ranking_category_name"": ""여성의류>상의"", ""review_avg"": 5.0, ""sale_percent"": 46, ""sale_price"": 30190, ""sold_out"": false, ""url"": ""https://product.29cm.co.kr/catalog/3781911""}",2026-10-10T13:00:06+00:00_caa68351
2026-10-10T22:00:06+09:00,2026-10-10T13:00:06+00:00,commerce_rank,[29CM 단독컬러][재이 pick]Number 23 Raglan Off-Shoulder T-Shirt_CTT3002(5color),29cm:3781911,review_count,429.0,"{""brand_eng"": ""CITTA"", ""brand_kor"": ""씨타"", ""brand_no"": 71833, ""category1"": ""여성의류"", ""category2"": ""상의"", ""category3"": ""긴소매 티셔츠"", ""category3_code"": 268103102, ""is_new"": false, ""item_no"": 3781911, ""period_sort"": ""ONE_DAY"", ""platform"": ""29cm"", ""ranking_category_code"": ""268103100"", ""ranking_category_name"": ""여성의류>상의"", ""review_avg"": 5.0, ""sale_percent"": 46, ""sale_price"": 30190, ""sold_out"": false, ""url"": ""https://product.29cm.co.kr/catalog/3781911""}",2026-10-10T13:00:06+00:00_caa68351
2026-10-10T22:00:06+09:00,2026-10-10T13:00:06+00:00,commerce_rank,[29CM 단독컬러][재이 pick]Number 23 Raglan Off-Shoulder T-Shirt_CTT3002(5color),29cm:3781911@268103100,rank,6.0,"{""brand_eng"": ""CITTA"", ""brand_kor"": ""씨타"", ""brand_no"": 71833, ""category1"": ""여성의류"", ""category2"": ""상의"", ""category3"": ""긴소매 티셔츠"", ""category3_code"": 268103102, ""is_new"": false, ""item_no"": 3781911, ""period_sort"": ""ONE_DAY"", ""platform"": ""29cm"", ""ranking_category_code"": ""268103100"", ""ranking_category_name"": ""여성의류>상의"", ""review_avg"": 5.0, ""sale_percent"": 46, ""sale_price"": 30190, ""sold_out"": false, ""url"": ""https://product.29cm.co.kr/catalog/3781911""}",2026-10-10T13:00:06+00:00_caa68351
2026-10-10T22:00:06+09:00,2026-10-10T13:00:06+00:00,commerce_rank,[15차/경리님 착용]Cut-off one shoulder sweatshirt_melange pink,29cm:3798217,heart_count,13313.0,"{""brand_eng"": ""AARAN"", ""brand_kor"": ""어랜"", ""brand_no"": 25864, ""category1"": ""여성의류"", ""category2"": ""상의"", ""category3"": ""스웨트셔츠"", ""category3_code"": 268103104, ""is_new"": false, ""item_no"": 3798217, ""period_sort"": ""ONE_DAY"", ""platform"": ""29cm"", ""ranking_category_code"": ""268103100"", ""ranking_category_name"": ""여성의류>상의"", ""review_avg"": 4.5, ""sale_percent"": 10, ""sale_price"": 76500, ""sold_out"": false, ""url"": ""https://product.29cm.co.kr/catalog/3798217""}",2026-10-10T13:00:06+00:00_caa68351
2026-10-10T22:00:06+09:00,2026-10-10T13:00:06+00:00,commerce_rank,[15차/경리님 착용]Cut-off one shoulder sweatshirt_melange pink,29cm:3798217,review_count,261.0,"{""brand_eng"": ""AARAN"", ""brand_kor"": ""어랜"", ""brand_no"": 25864, ""category1"": ""여성의류"", ""category2"": ""상의"", ""category3"": ""스웨트셔츠"", ""category3_code"": 268103104, ""is_new"": false, ""item_no"": 3798217, ""period_sort"": ""ONE_DAY"", ""platform"": ""29cm"", ""ranking_category_code"": ""268103100"", ""ranking_category_name"": ""여성의류>상의"", ""review_avg"": 4.5, ""sale_percent"": 10, ""sale_price"": 76500, ""sold_out"": false, ""url"": ""https://product.29cm.co.kr/catalog/3798217""}",2026-10-10T13:00:06+00:00_caa68351
2026-10-10T22:00:06+09:00,2026-10-10T13:00:06+00:00,commerce_rank,[15차/경리님 착용]Cut-off one shoulder sweatshirt_melange pink,29cm:3798217@268103100,rank,50.0,"{""brand_eng"": ""AARAN"", ""brand_kor"": ""어랜"", ""brand_no"": 25864, ""category1"": ""여성의류"", ""category2"": ""상의"", ""category3"": ""스웨트셔츠"", ""category3_code"": 268103104, ""is_new"": false, ""item_no"": 3798217, ""period_sort"": ""ONE_DAY"", ""platform"": ""29cm"", ""ranking_category_code"": ""268103100"", ""ranking_category_name"": ""여성의류>상의"", ""review_avg"": 4.5, ""sale_percent"": 10, ""sale_price"": 76500, ""sold_out"": false, ""url"": ""https://product.29cm.co.kr/catalog/3798217""}",2026-10-10T13:00:06+00:00_caa68351
2026-10-10T22:00:06+09:00,2026-10-10T13:00:06+00:00,commerce_rank,[17차/예약배송] Multi raglan sweatshirt (oatmeal+navy),29cm:3804547,heart_count,5222.0,"{""brand_eng"": ""CORE DE"", ""brand_kor"": ""코어드"", ""brand_no"": 49308, ""category1"": ""여성의류"", ""category2"": ""상의"", ""category3"": ""스웨트셔츠"", ""category3_code"": 268103104, ""is_new"": false, ""item_no"": 3804547, ""period_sort"": ""ONE_DAY"", ""platform"": ""29cm"", ""ranking_category_code"": ""268103100"", ""ranking_category_name"": ""여성의류>상의"", ""review_avg"": 5.0, ""sale_percent"": 5, ""sale_price"": 84550, ""sold_out"": false, ""url"": ""https://product.29cm.co.kr/catalog/3804547""}",2026-10-10T13:00:06+00:00_caa68351
2026-10-10T22:00:06+09:00,2026-10-10T13:00:06+00:00,commerce_rank,[17차/예약배송] Multi raglan sweatshirt (oatmeal+navy),29cm:3804547,review_count,119.0,"{""brand_eng"": ""CORE DE"", ""brand_kor"": ""코어드"", ""brand_no"": 49308, ""category1"": ""여성의류"", ""category2"": ""상의"", ""category3"": ""스웨트셔츠"", ""category3_code"": 268103104, ""is_new"": false, ""item_no"": 3804547, ""period_sort"": ""ONE_DAY"", ""platform"": ""29cm"", ""ranking_category_code"": ""268103100"", ""ranking_category_name"": ""여성의류>상의"", ""review_avg"": 5.0, ""sale_percent"": 5, ""sale_price"": 84550, ""sold_out"": false, ""url"": ""https://product.29cm.co.kr/catalog/3804547""}",2026-10-10T13:00:06+00:00_caa68351
2026-10-10T22:00:06+09:00,2026-10-10T13:00:06+00:00,commerce_rank,[17차/예약배송] Multi raglan sweatshirt (oatmeal+navy),29cm:3804547@268103100,rank,86.0,"{""brand_eng"": ""CORE DE"", ""brand_kor"": ""코어드"", ""brand_no"": 49308, ""category1"": ""여성의류"", ""category2"": ""상의"", ""category3"": ""스웨트셔츠"", ""category3_code"": 268103104, ""is_new"": false, ""item_no"": 3804547, ""period_sort"": ""ONE_DAY"", ""platform"": ""29cm"", ""ranking_category_code"": ""268103100"", ""ranking_category_name"": ""여성의류>상의"", ""review_avg"": 5.0, ""sale_percent"": 5, ""sale_price"": 84550, ""sold_out"": false, ""url"": ""https://product.29cm.co.kr/catalog/3804547""}",2026-10-10T13:00:06+00:00_caa68351
2026-10-10T22:00:06+09:00,2026-10-10T13:00:07+00:00,commerce_rank,VTG Washed Binding Long Sleeve Black,29cm:3814807,heart_count,392.0,"{""brand_eng"": ""partimento"", ""brand_kor"": ""파르티멘토"", ""brand_no"": 1588, ""category1"": ""남성의류"", ""category2"": ""상의"", ""category3"": ""긴소매 티셔츠"", ""category3_code"": 272103102, ""is_new"": false, ""item_no"": 3814807, ""period_sort"": ""ONE_DAY"", ""platform"": ""29cm"", ""ranking_category_code"": ""272103100"", ""ranking_category_name"": ""남성의류>상의"", ""review_avg"": 5.0, ""sale_percent"": 37, ""sale_price"": 39240, ""sold_out"": false, ""url"": ""https://product.29cm.co.kr/catalog/3814807""}",2026-10-10T13:00:06+00:00_caa68351
2026-10-10T22:00:06+09:00,2026-10-10T13:00:07+00:00,commerce_rank,VTG Washed Binding Long Sleeve Black,29cm:3814807,review_count,16.0,"{""brand_eng"": ""partimento"", ""brand_kor"": ""파르티멘토"", ""brand_no"": 1588, ""category1"": ""남성의류"", ""category2"": ""상의"", ""category3"": ""긴소매 티셔츠"", ""category3_code"": 272103102, ""is_new"": false, ""item_no"": 3814807, ""period_sort"": ""ONE_DAY"", ""platform"": ""29cm"", ""ranking_category_code"": ""272103100"", ""ranking_category_name"": ""남성의류>상의"", ""review_avg"": 5.0, ""sale_percent"": 37, ""sale_price"": 39240, ""sold_out"": false, ""url"": ""https://product.29cm.co.kr/catalog/3814807""}",2026-10-10T13:00:06+00:00_caa68351
2026-10-10T22:00:06+09:00,2026-10-10T13:00:07+00:00,commerce_rank,VTG Washed Binding Long Sleeve Black,29cm:3814807@272103100,rank,100.0,"{""brand_eng"": ""partimento"", ""brand_kor"": ""파르티멘토"", ""brand_no"": 1588, ""category1"": ""남성의류"", ""category2"": ""상의"", ""category3"": ""긴소매 티셔츠"", ""category3_code"": 272103102, ""is_new"": false, ""item_no"": 3814807, ""period_sort"": ""ONE_DAY"", ""platform"": ""29cm"", ""ranking_category_code"": ""272103100"", ""ranking_category_name"": ""남성의류>상의"", ""review_avg"": 5.0, ""sale_percent"": 37, ""sale_price"": 39240, ""sold_out"": false, ""url"": ""https://product.29cm.co.kr/catalog/3814807""}",2026-10-10T13:00:06+00:00_caa68351
2026-10-10T22:00:06+09:00,2026-10-10T13:00:07+00:00,commerce_rank,리버스위브 루즈핏 스웨트셔츠 Light Grey,29cm:3853015,heart_count,104.0,"{""brand_eng"": ""CHAMPION"", ""brand_kor"": ""챔피온"", ""brand_no"": 71185, ""category1"": ""남성의류"", ""category2"": ""상의"", ""category3"": ""스웨트셔츠"", ""category3_code"": 272103107, ""is_new"": false, ""item_no"": 3853015, ""period_sort"": ""ONE_DAY"", ""platform"": ""29cm"", ""ranking_category_code"": ""272103100"", ""ranking_category_name"": ""남성의류>상의"", ""review_avg"": 5.0, ""sale_percent"": 30, ""sale_price"": 62300, ""sold_out"": false, ""url"": ""https://product.29cm.co.kr/catalog/3853015""}",2026-10-10T13:00:06+00:00_caa68351
2026-10-10T22:00:06+09:00,2026-10-10T13:00:07+00:00,commerce_rank,리버스위브 루즈핏 스웨트셔츠 Light Grey,29cm:3853015,review_count,1.0,"{""brand_eng"": ""CHAMPION"", ""brand_kor"": ""챔피온"", ""brand_no"": 71185, ""category1"": ""남성의류"", ""category2"": ""상의"", ""category3"": ""스웨트셔츠"", ""category3_code"": 272103107, ""is_new"": false, ""item_no"": 3853015, ""period_sort"": ""ONE_DAY"", ""platform"": ""29cm"", ""ranking_category_code"": ""272103100"", ""ranking_category_name"": ""남성의류>상의"", ""review_avg"": 5.0, ""sale_percent"": 30, ""sale_price"": 62300, ""sold_out"": false, ""url"": ""https://product.29cm.co.kr/catalog/3853015""}",2026-10-10T13:00:06+00:00_caa68351
2026-10-10T22:00:06+09:00,2026-10-10T13:00:07+00:00,commerce_rank,리버스위브 루즈핏 스웨트셔츠 Light Grey,29cm:3853015@272103100,rank,86.0,"{""brand_eng"": ""CHAMPION"", ""brand_kor"": ""챔피온"", ""brand_no"": 71185, ""category1"": ""남성의류"", ""category2"": ""상의"", ""category3"": ""스웨트셔츠"", ""category3_code"": 272103107, ""is_new"": false, ""item_no"": 3853015, ""period_sort"": ""ONE_DAY"", ""platform"": ""29cm"", ""ranking_category_code"": ""272103100"", ""ranking_category_name"": ""남성의류>상의"", ""review_avg"": 5.0, ""sale_percent"": 30, ""sale_price"": 62300, ""sold_out"": false, ""url"": ""https://product.29cm.co.kr/catalog/3853015""}",2026-10-10T13:00:06+00:00_caa68351
2026-10-10T22:00:06+09:00,2026-10-10T13:00:07+00:00,commerce_rank,오션 트라이벌 티셔츠(3colors) NTS5556,29cm:3860912,heart_count,255.0,"{""brand_eng"": ""NAUTICA"", ""brand_kor"": ""노티카"", ""brand_no"": 17425, ""category1"": ""남성의류"", ""category2"": ""상의"", ""category3"": ""반소매 티셔츠"", ""category3_code"": 272103101, ""is_new"": false, ""item_no"": 3860912, ""period_sort"": ""ONE_DAY"", ""platform"": ""29cm"", ""ranking_category_code"": ""272103100"", ""ranking_category_name"": ""남성의류>상의"", ""review_avg"": 5.0, ""sale_percent"": 41, ""sale_price"": 28670, ""sold_out"": false, ""url"": ""https://product.29cm.co.kr/catalog/3860912""}",2026-10-10T13:00:06+00:00_caa68351
2026-10-10T22:00:06+09:00,2026-10-10T13:00:07+00:00,commerce_rank,오션 트라이벌 티셔츠(3colors) NTS5556,29cm:3860912,review_count,17.0,"{""brand_eng"": ""NAUTICA"", ""brand_kor"": ""노티카"", ""brand_no"": 17425, ""category1"": ""남성의류"", ""category2"": ""상의"", ""category3"": ""반소매 티셔츠"", ""category3_code"": 272103101, ""is_new"": false, ""item_no"": 3860912, ""period_sort"": ""ONE_DAY"", ""platform"": ""29cm"", ""ranking_category_code"": ""272103100"", ""ranking_category_name"": ""남성의류>상의"", ""review_avg"": 5.0, ""sale_percent"": 41, ""sale_price"": 28670, ""sold_out"": false, ""url"": ""https://product.29cm.co.kr/catalog/3860912""}",2026-10-10T13:00:06+00:00_caa68351
2026-10-10T22:00:06+09:00,2026-10-10T13:00:07+00:00,commerce_rank,오션 트라이벌 티셔츠(3colors) NTS5556,29cm:3860912@272103100,rank,71.0,"{""brand_eng"": ""NAUTICA"", ""brand_kor"": ""노티카"", ""brand_no"": 17425, ""category1"": ""남성의류"", ""category2"": ""상의"", ""category3"": ""반소매 티셔츠"", ""category3_code"": 272103101, ""is_new"": false, ""item_no"": 3860912, ""period_sort"": ""ONE_DAY"", ""platform"": ""29cm"", ""ranking_category_code"": ""272103100"", ""ranking_category_name"": ""남성의류>상의"", ""review_avg"": 5.0, ""sale_percent"": 41, ""sale_price"": 28670, ""sold_out"": false, ""url"": ""https://product.29cm.co.kr/catalog/3860912""}",2026-10-10T13:00:06+00:00_caa68351
2026-10-10T22:00:06+09:00,2026-10-10T13:00:07+00:00,commerce_rank,코스탈 레터링 티셔츠(4colors) NTS5746,29cm:3865796,heart_count,722.0,"{""brand_eng"": ""NAUTICA"", ""brand_kor"": ""노티카"", ""brand_no"": 17425, ""category1"": ""남성의류"", ""category2"": ""상의"", ""category3"": ""반소매 티셔츠"", ""category3_code"": 272103101, ""is_new"": false, ""item_no"": 3865796, ""period_sort"": ""ONE_DAY"", ""platform"": ""29cm"", ""ranking_category_code"": ""272103100"", ""ranking_category_name"": ""남성의류>상의"", ""review_avg"": 5.0, ""sale_percent"": 28, ""sale_price"": 28080, ""sold_out"": false, ""url"": ""https://product.29cm.co.kr/catalog/3865796""}",2026-10-10T13:00:06+00:00_caa68351
2026-10-10T22:00:06+09:00,2026-10-10T13:00:07+00:00,commerce_rank,코스탈 레터링 티셔츠(4colors) NTS5746,29cm:3865796,review_count,31.0,"{""brand_eng"": ""NAUTICA"", ""brand_kor"": ""노티카"", ""brand_no"": 17425, ""category1"": ""남성의류"", ""category2"": ""상의"", ""category3"": ""반소매 티셔츠"", ""category3_code"": 272103101, ""is_new"": false, ""item_no"": 3865796, ""period_sort"": ""ONE_DAY"", ""platform"": ""29cm"", ""ranking_category_code"": ""272103100"", ""ranking_category_name"": ""남성의류>상의"", ""review_avg"": 5.0, ""sale_percent"": 28, ""sale_price"": 28080, ""sold_out"": false, ""url"": ""https://product.29cm.co.kr/catalog/3865796""}",2026-10-10T13:00:06+00:00_caa68351
2026-10-10T22:00:06+09:00,2026-10-10T13:00:07+00:00,commerce_rank,코스탈 레터링 티셔츠(4colors) NTS5746,29cm:3865796@272103100,rank,72.0,"{""brand_eng"": ""NAUTICA"", ""brand_kor"": ""노티카"", ""brand_no"": 17425, ""category1"": ""남성의류"", ""category2"": ""상의"", ""category3"": ""반소매 티셔츠"", ""category3_code"": 272103101, ""is_new"": false, ""item_no"": 3865796, ""period_sort"": ""ONE_DAY"", ""platform"": ""29cm"", ""ranking_category_code"": ""272103100"", ""ranking_category_name"": ""남성의류>상의"", ""review_avg"": 5.0, ""sale_percent"": 28, ""sale_price"": 28080, ""sold_out"": false, ""url"": ""https://product.29cm.co.kr/catalog/3865796""}",2026-10-10T13:00:06+00:00_caa68351
2026-10-10T22:00:06+09:00,2026-10-10T13:00:07+00:00,commerce_rank,SEMI CROP CHECK SHIRT [ASH],29cm:3867177,heart_count,236.0,"{""brand_eng"": ""UNION BLUE"", ""brand_kor"": ""유니온 블루"", ""brand_no"": 13510, ""category1"": ""남성의류"", ""category2"": ""상의"", ""category3"": ""긴소매 셔츠"", ""category3_code"": 272103106, ""is_new"": false, ""item_no"": 3867177, ""period_sort"": ""ONE_DAY"", ""platform"": ""29cm"", ""ranking_category_code"": ""272103100"", ""ranking_category_name"": ""남성의류>상의"", ""review_avg"": 5.0, ""sale_percent"": 5, ""sale_price"": 77900, ""sold_out"": false, ""url"": ""https://product.29cm.co.kr/catalog/3867177""}",2026-10-10T13:00:06+00:00_caa68351
2026-10-10T22:00:06+09:00,2026-10-10T13:00:07+00:00,commerce_rank,SEMI CROP CHECK SHIRT [ASH],29cm:3867177,review_count,10.0,"{""brand_eng"": ""UNION BLUE"", ""brand_kor"": ""유니온 블루"", ""brand_no"": 13510, ""category1"": ""남성의류"", ""category2"": ""상의"", ""category3"": ""긴소매 셔츠"", ""category3_code"": 272103106, ""is_new"": false, ""item_no"": 3867177, ""period_sort"": ""ONE_DAY"", ""platform"": ""29cm"", ""ranking_category_code"": ""272103100"", ""ranking_category_name"": ""남성의류>상의"", ""review_avg"": 5.0, ""sale_percent"": 5, ""sale_price"": 77900, ""sold_out"": false, ""url"": ""https://product.29cm.co.kr/catalog/3867177""}",2026-10-10T13:00:06+00:00_caa68351
2026-10-10T22:00:06+09:00,2026-10-10T13:00:07+00:00,commerce_rank,SEMI CROP CHECK SHIRT [ASH],29cm:3867177@272103100,rank,59.0,"{""brand_eng"": ""UNION BLUE"", ""brand_kor"": ""유니온 블루"", ""brand_no"": 13510, ""category1"": ""남성의류"", ""category2"": ""상의"", ""category3"": ""긴소매 셔츠"", ""category3_code"": 272103106, ""is_new"": false, ""item_no"": 3867177, ""period_sort"": ""ONE_DAY"", ""platform"": ""29cm"", ""ranking_category_code"": ""272103100"", ""ranking_category_name"": ""남성의류>상의"", ""review_avg"": 5.0, ""sale_percent"": 5, ""sale_price"": 77900, ""sold_out"": false, ""url"": ""https://product.29cm.co.kr/catalog/3867177""}",2026-10-10T13:00:06+00:00_caa68351
2026-10-10T22:00:06+09:00,2026-10-10T13:00:07+00:00,commerce_rank,TG2-TS05 튜블러 티 (11 Color),29cm:3873884,heart_count,4672.0,"{""brand_eng"": ""THOMAS MORE"", ""brand_kor"": ""토마스모어"", ""brand_no"": 2111, ""category1"": ""남성의류"", ""category2"": ""상의"", ""category3"": ""반소매 티셔츠"", ""category3_code"": 272103101, ""is_new"": false, ""item_no"": 3873884, ""period_sort"": ""ONE_DAY"", ""platform"": ""29cm"", ""ranking_category_code"": ""272103100"", ""ranking_category_name"": ""남성의류>상의"", ""review_avg"": 4.5, ""sale_percent"": 0, ""sale_price"": 23700, ""sold_out"": false, ""url"": ""https://product.29cm.co.kr/catalog/3873884""}",2026-10-10T13:00:06+00:00_caa68351
2026-10-10T22:00:06+09:00,2026-10-10T13:00:07+00:00,commerce_rank,TG2-TS05 튜블러 티 (11 Color),29cm:3873884,review_count,812.0,"{""brand_eng"": ""THOMAS MORE"", ""brand_kor"": ""토마스모어"", ""brand_no"": 2111, ""category1"": ""남성의류"", ""category2"": ""상의"", ""category3"": ""반소매 티셔츠"", ""category3_code"": 272103101, ""is_new"": false, ""item_no"": 3873884, ""period_sort"": ""ONE_DAY"", ""platform"": ""29cm"", ""ranking_category_code"": ""272103100"", ""ranking_category_name"": ""남성의류>상의"", ""review_avg"": 4.5, ""sale_percent"": 0, ""sale_price"": 23700, ""sold_out"": false, ""url"": ""https://product.29cm.co.kr/catalog/3873884""}",2026-10-10T13:00:06+00:00_caa68351
2026-10-10T22:00:06+09:00,2026-10-10T13:00:07+00:00,commerce_rank,TG2-TS05 튜블러 티 (11 Color),29cm:3873884@272103100,rank,5.0,"{""brand_eng"": ""THOMAS MORE"", ""brand_kor"": ""토마스모어"", ""brand_no"": 2111, ""category1"": ""남성의류"", ""category2"": ""상의"", ""category3"": ""반소매 티셔츠"", ""category3_code"": 272103101, ""is_new"": false, ""item_no"": 3873884, ""period_sort"": ""ONE_DAY"", ""platform"": ""29cm"", ""ranking_category_code"": ""272103100"", ""ranking_category_name"": ""남성의류>상의"", ""review_avg"": 4.5, ""sale_percent"": 0, ""sale_price"": 23700, ""sold_out"": false, ""url"": ""https://product.29cm.co.kr/catalog/3873884""}",2026-10-10T13:00:06+00:00_caa68351
2026-10-10T22:00:06+09:00,2026-10-10T13:00:07+00:00,commerce_rank,"Washed Long Sleeve, Stone",29cm:3897366,heart_count,196.0,"{""brand_eng"": ""BROWNYARD"", ""brand_kor"": ""브라운야드"", ""brand_no"": 2211, ""category1"": ""남성의류"", ""category2"": ""상의"", ""category3"": ""긴소매 티셔츠"", ""category3_code"": 272103102, ""is_new"": false, ""item_no"": 3897366, ""period_sort"": ""ONE_DAY"", ""platform"": ""29cm"", ""ranking_category_code"": ""272103100"", ""ranking_category_name"": ""남성의류>상의"", ""review_avg"": 5.0, ""sale_percent"": 0, ""sale_price"": 78000, ""sold_out"": false, ""url"": ""https://product.29cm.co.kr/catalog/3897366""}",2026-10-10T13:00:06+00:00_caa68351
2026-10-10T22:00:06+09:00,2026-10-10T13:00:07+00:00,commerce_rank,"Washed Long Sleeve, Stone",29cm:3897366,review_count,9.0,"{""brand_eng"": ""BROWNYARD"", ""brand_kor"": ""브라운야드"", ""brand_no"": 2211, ""category1"": ""남성의류"", ""category2"": ""상의"", ""category3"": ""긴소매 티셔츠"", ""category3_code"": 272103102, ""is_new"": false, ""item_no"": 3897366, ""period_sort"": ""ONE_DAY"", ""platform"": ""29cm"", ""ranking_category_code"": ""272103100"", ""ranking_category_name"": ""남성의류>상의"", ""review_avg"": 5.0, ""sale_percent"": 0, ""sale_price"": 78000, ""sold_out"": false, ""url"": ""https://product.29cm.co.kr/catalog/3897366""}",2026-10-10T13:00:06+00:00_caa68351
2026-10-10T22:00:06+09:00,2026-10-10T13:00:07+00:00,commerce_rank,"Washed Long Sleeve, Stone",29cm:3897366@272103100,rank,65.0,"{""brand_eng"": ""BROWNYARD"", ""brand_kor"": ""브라운야드"", ""brand_no"": 2211, ""category1"": ""남성의류"", ""category2"": ""상의"", ""category3"": ""긴소매 티셔츠"", ""category3_code"": 272103102, ""is_new"": false, ""item_no"": 3897366, ""period_sort"": ""ONE_DAY"", ""platform"": ""29cm"", ""ranking_category_code"": ""272103100"", ""ranking_category_name"": ""남성의류>상의"", ""review_avg"": 5.0, ""sale_percent"": 0, ""sale_price"": 78000, ""sold_out"": false, ""url"": ""https://product.29cm.co.kr/catalog/3897366""}",2026-10-10T13:00:06+00:00_caa68351
2026-10-10T22:00:06+09:00,2026-10-10T13:00:07+00:00,commerce_rank,"Washed Long Sleeve, Dark Navy",29cm:3897376,heart_count,228.0,"{""brand_eng"": ""BROWNYARD"", ""brand_kor"": ""브라운야드"", ""brand_no"": 2211, ""category1"": ""남성의류"", ""category2"": ""상의"", ""category3"": ""긴소매 티셔츠"", ""category3_code"": 272103102, ""is_new"": false, ""item_no"": 3897376, ""period_sort"": ""ONE_DAY"", ""platform"": ""29cm"", ""ranking_category_code"": ""272103100"", ""ranking_category_name"": ""남성의류>상의"", ""review_avg"": 5.0, ""sale_percent"": 0, ""sale_price"": 78000, ""sold_out"": false, ""url"": ""https://product.29cm.co.kr/catalog/3897376""}",2026-10-10T13:00:06+00:00_caa68351
2026-10-10T22:00:06+09:00,2026-10-10T13:00:07+00:00,commerce_rank,"Washed Long Sleeve, Dark Navy",29cm:3897376,review_count,5.0,"{""brand_eng"": ""BROWNYARD"", ""brand_kor"": ""브라운야드"", ""brand_no"": 2211, ""category1"": ""남성의류"", ""category2"": ""상의"", ""category3"": ""긴소매 티셔츠"", ""category3_code"": 272103102, ""is_new"": false, ""item_no"": 3897376, ""period_sort"": ""ONE_DAY"", ""platform"": ""29cm"", ""ranking_category_code"": ""272103100"", ""ranking_category_name"": ""남성의류>상의"", ""review_avg"": 5.0, ""sale_percent"": 0, ""sale_price"": 78000, ""sold_out"": false, ""url"": ""https://product.29cm.co.kr/catalog/3897376""}",2026-10-10T13:00:06+00:00_caa68351
2026-10-10T22:00:06+09:00,2026-10-10T13:00:07+00:00,commerce_rank,"Washed Long Sleeve, Dark Navy",29cm:3897376@272103100,rank,75.0,"{""brand_eng"": ""BROWNYARD"", ""brand_kor"": ""브라운야드"", ""brand_no"": 2211, ""category1"": ""남성의류"", ""category2"": ""상의"", ""category3"": ""긴소매 티셔츠"", ""category3_code"": 272103102, ""is_new"": false, ""item_no"": 3897376, ""period_sort"": ""ONE_DAY"", ""platform"": ""29cm"", ""ranking_category_code"": ""272103100"", ""ranking_category_name"": ""남성의류>상의"", ""review_avg"": 5.0, ""sale_percent"": 0, ""sale_price"": 78000, ""sold_out"": false, ""url"": ""https://product.29cm.co.kr/catalog/3897376""}",2026-10-10T13:00:06+00:00_caa68351
2026-10-10T22:00:06+09:00,2026-10-10T13:00:07+00:00,commerce_rank,LAUNDRY SMALL CHECK SHIRT [CHARCOAL BLACK],29cm:3945677,heart_count,696.0,"{""brand_eng"": ""UNION BLUE"", ""brand_kor"": ""유니온 블루"", ""brand_no"": 13510, ""category1"": ""남성의류"", ""category2"": ""상의"", ""category3"": ""긴소매 셔츠"", ""category3_code"": 272103106, ""is_new"": false, ""item_no"": 3945677, ""period_sort"": ""ONE_DAY"", ""platform"": ""29cm"", ""ranking_category_code"": ""272103100"", ""ranking_category_name"": ""남성의류>상의"", ""review_avg"": 5.0, ""sale_percent"": 5, ""sale_price"": 82650, ""sold_out"": false, ""url"": ""https://product.29cm.co.kr/catalog/3945677""}",2026-10-10T13:00:06+00:00_caa68351
2026-10-10T22:00:06+09:00,2026-10-10T13:00:07+00:00,commerce_rank,LAUNDRY SMALL CHECK SHIRT [CHARCOAL BLACK],29cm:3945677,review_count,47.0,"{""brand_eng"": ""UNION BLUE"", ""brand_kor"": ""유니온 블루"", ""brand_no"": 13510, ""category1"": ""남성의류"", ""category2"": ""상의"", ""category3"": ""긴소매 셔츠"", ""category3_code"": 272103106, ""is_new"": false, ""item_no"": 3945677, ""period_sort"": ""ONE_DAY"", ""platform"": ""29cm"", ""ranking_category_code"": ""272103100"", ""ranking_category_name"": ""남성의류>상의"", ""review_avg"": 5.0, ""sale_percent"": 5, ""sale_price"": 82650, ""sold_out"": false, ""url"": ""https://product.29cm.co.kr/catalog/3945677""}",2026-10-10T13:00:06+00:00_caa68351
2026-10-10T22:00:06+09:00,2026-10-10T13:00:07+00:00,commerce_rank,LAUNDRY SMALL CHECK SHIRT [CHARCOAL BLACK],29cm:3945677@272103100,rank,56.0,"{""brand_eng"": ""UNION BLUE"", ""brand_kor"": ""유니온 블루"", ""brand_no"": 13510, ""category1"": ""남성의류"", ""category2"": ""상의"", ""category3"": ""긴소매 셔츠"", ""category3_code"": 272103106, ""is_new"": false, ""item_no"": 3945677, ""period_sort"": ""ONE_DAY"", ""platform"": ""29cm"", ""ranking_category_code"": ""272103100"", ""ranking_category_name"": ""남성의류>상의"", ""review_avg"": 5.0, ""sale_percent"": 5, ""sale_price"": 82650, ""sold_out"": false, ""url"": ""https://product.29cm.co.kr/catalog/3945677""}",2026-10-10T13:00:06+00:00_caa68351
2026-10-10T22:00:06+09:00,2026-10-10T13:00:06+00:00,commerce_rank,[화사PICK] 에르고핏 베이직 홀터탑,29cm:3949081,heart_count,5145.0,"{""brand_eng"": ""COMFORTLAB"", ""brand_kor"": ""컴포트랩"", ""brand_no"": 4760, ""category1"": ""여성의류"", ""category2"": ""상의"", ""category3"": ""슬리브리스"", ""category3_code"": 268103103, ""is_new"": false, ""item_no"": 3949081, ""period_sort"": ""ONE_DAY"", ""platform"": ""29cm"", ""ranking_category_code"": ""268103100"", ""ranking_category_name"": ""여성의류>상의"", ""review_avg"": 4.5, ""sale_percent"": 42, ""sale_price"": 40400, ""sold_out"": false, ""url"": ""https://product.29cm.co.kr/catalog/3949081""}",2026-10-10T13:00:06+00:00_caa68351
2026-10-10T22:00:06+09:00,2026-10-10T13:00:06+00:00,commerce_rank,[화사PICK] 에르고핏 베이직 홀터탑,29cm:3949081,review_count,162.0,"{""brand_eng"": ""COMFORTLAB"", ""brand_kor"": ""컴포트랩"", ""brand_no"": 4760, ""category1"": ""여성의류"", ""category2"": ""상의"", ""category3"": ""슬리브리스"", ""category3_code"": 268103103, ""is_new"": false, ""item_no"": 3949081, ""period_sort"": ""ONE_DAY"", ""platform"": ""29cm"", ""ranking_category_code"": ""268103100"", ""ranking_category_name"": ""여성의류>상의"", ""review_avg"": 4.5, ""sale_percent"": 42, ""sale_price"": 40400, ""sold_out"": false, ""url"": ""https://product.29cm.co.kr/catalog/3949081""}",2026-10-10T13:00:06+00:00_caa68351
2026-10-10T22:00:06+09:00,2026-10-10T13:00:06+00:00,commerce_rank,[화사PICK] 에르고핏 베이직 홀터탑,29cm:3949081@268103100,rank,60.0,"{""brand_eng"": ""COMFORTLAB"", ""brand_kor"": ""컴포트랩"", ""brand_no"": 4760, ""category1"": ""여성의류"", ""category2"": ""상의"", ""category3"": ""슬리브리스"", ""category3_code"": 268103103, ""is_new"": false, ""item_no"": 3949081, ""period_sort"": ""ONE_DAY"", ""platform"": ""29cm"", ""ranking_category_code"": ""268103100"", ""ranking_category_name"": ""여성의류>상의"", ""review_avg"": 4.5, ""sale_percent"": 42, ""sale_price"": 40400, ""sold_out"": false, ""url"": ""https://product.29cm.co.kr/catalog/3949081""}",2026-10-10T13:00:06+00:00_caa68351
2026-10-10T22:00:06+09:00,2026-10-10T13:00:07+00:00,commerce_rank,Relaxed Half Stripe String Tee (Stripe Navy),29cm:4007549,heart_count,72.0,"{""brand_eng"": ""HAVE HAD"", ""brand_kor"": ""해브해드"", ""brand_no"": 2910, ""category1"": ""남성의류"", ""category2"": ""상의"", ""category3"": ""반소매 티셔츠"", ""category3_code"": 272103101, ""is_new"": false, ""item_no"": 4007549, ""period_sort"": ""ONE_DAY"", ""platform"": ""29cm"", ""ranking_category_code"": ""272103100"", ""ranking_category_name"": ""남성의류>상의"", ""review_avg"": 4.5, ""sale_percent"": 0, ""sale_price"": 69000, ""sold_out"": false, ""url"": ""https://product.29cm.co.kr/catalog/4007549""}",2026-10-10T13:00:06+00:00_caa68351
2026-10-10T22:00:06+09:00,2026-10-10T13:00:07+00:00,commerce_rank,Relaxed Half Stripe String Tee (Stripe Navy),29cm:4007549,review_count,5.0,"{""brand_eng"": ""HAVE HAD"", ""brand_kor"": ""해브해드"", ""brand_no"": 2910, ""category1"": ""남성의류"", ""category2"": ""상의"", ""category3"": ""반소매 티셔츠"", ""category3_code"": 272103101, ""is_new"": false, ""item_no"": 4007549, ""period_sort"": ""ONE_DAY"", ""platform"": ""29cm"", ""ranking_category_code"": ""272103100"", ""ranking_category_name"": ""남성의류>상의"", ""review_avg"": 4.5, ""sale_percent"": 0, ""sale_price"": 69000, ""sold_out"": false, ""url"": ""https://product.29cm.co.kr/catalog/4007549""}",2026-10-10T13:00:06+00:00_caa68351
2026-10-10T22:00:06+09:00,2026-10-10T13:00:07+00:00,commerce_rank,Relaxed Half Stripe String Tee (Stripe Navy),29cm:4007549@272103100,rank,68.0,"{""brand_eng"": ""HAVE HAD"", ""brand_kor"": ""해브해드"", ""brand_no"": 2910, ""category1"": ""남성의류"", ""category2"": ""상의"", ""category3"": ""반소매 티셔츠"", ""category3_code"": 272103101, ""is_new"": false, ""item_no"": 4007549, ""period_sort"": ""ONE_DAY"", ""platform"": ""29cm"", ""ranking_category_code"": ""272103100"", ""ranking_category_name"": ""남성의류>상의"", ""review_avg"": 4.5, ""sale_percent"": 0, ""sale_price"": 69000, ""sold_out"": false, ""url"": ""https://product.29cm.co.kr/catalog/4007549""}",2026-10-10T13:00:06+00:00_caa68351
2026-10-10T22:00:06+09:00,2026-10-10T13:00:07+00:00,commerce_rank,Relaxed Half Stripe String Tee (Stripe Charcoal),29cm:4007550,heart_count,26.0,"{""brand_eng"": ""HAVE HAD"", ""brand_kor"": ""해브해드"", ""brand_no"": 2910, ""category1"": ""남성의류"", ""category2"": ""상의"", ""category3"": ""반소매 티셔츠"", ""category3_code"": 272103101, ""is_new"": false, ""item_no"": 4007550, ""period_sort"": ""ONE_DAY"", ""platform"": ""29cm"", ""ranking_category_code"": ""272103100"", ""ranking_category_name"": ""남성의류>상의"", ""review_avg"": 5.0, ""sale_percent"": 0, ""sale_price"": 69000, ""sold_out"": false, ""url"": ""https://product.29cm.co.kr/catalog/4007550""}",2026-10-10T13:00:06+00:00_caa68351
2026-10-10T22:00:06+09:00,2026-10-10T13:00:07+00:00,commerce_rank,Relaxed Half Stripe String Tee (Stripe Charcoal),29cm:4007550,review_count,4.0,"{""brand_eng"": ""HAVE HAD"", ""brand_kor"": ""해브해드"", ""brand_no"": 2910, ""category1"": ""남성의류"", ""category2"": ""상의"", ""category3"": ""반소매 티셔츠"", ""category3_code"": 272103101, ""is_new"": false, ""item_no"": 4007550, ""period_sort"": ""ONE_DAY"", ""platform"": ""29cm"", ""ranking_category_code"": ""272103100"", ""ranking_category_name"": ""남성의류>상의"", ""review_avg"": 5.0, ""sale_percent"": 0, ""sale_price"": 69000, ""sold_out"": false, ""url"": ""https://product.29cm.co.kr/catalog/4007550""}",2026-10-10T13:00:06+00:00_caa68351
2026-10-10T22:00:06+09:00,2026-10-10T13:00:07+00:00,commerce_rank,Relaxed Half Stripe String Tee (Stripe Charcoal),29cm:4007550@272103100,rank,67.0,"{""brand_eng"": ""HAVE HAD"", ""brand_kor"": ""해브해드"", ""brand_no"": 2910, ""category1"": ""남성의류"", ""category2"": ""상의"", ""category3"": ""반소매 티셔츠"", ""category3_code"": 272103101, ""is_new"": false, ""item_no"": 4007550, ""period_sort"": ""ONE_DAY"", ""platform"": ""29cm"", ""ranking_category_code"": ""272103100"", ""ranking_category_name"": ""남성의류>상의"", ""review_avg"": 5.0, ""sale_percent"": 0, ""sale_price"": 69000, ""sold_out"": false, ""url"": ""https://product.29cm.co.kr/catalog/4007550""}",2026-10-10T13:00:06+00:00_caa68351
2026-10-10T22:00:06+09:00,2026-10-10T13:00:06+00:00,commerce_rank,소프트 레이어드 헨리넥 티셔츠 블랙,29cm:4068256,heart_count,2519.0,"{""brand_eng"": ""nunzsi"", ""brand_kor"": ""넌즈시"", ""brand_no"": 121028, ""category1"": ""여성의류"", ""category2"": ""상의"", ""category3"": ""긴소매 티셔츠"", ""category3_code"": 268103102, ""is_new"": false, ""item_no"": 4068256, ""period_sort"": ""ONE_DAY"", ""platform"": ""29cm"", ""ranking_category_code"": ""268103100"", ""ranking_category_name"": ""여성의류>상의"", ""review_avg"": 5.0, ""sale_percent"": 29, ""sale_price"": 44170, ""sold_out"": false, ""url"": ""https://product.29cm.co.kr/catalog/4068256""}",2026-10-10T13:00:06+00:00_caa68351
2026-10-10T22:00:06+09:00,2026-10-10T13:00:06+00:00,commerce_rank,소프트 레이어드 헨리넥 티셔츠 블랙,29cm:4068256,review_count,20.0,"{""brand_eng"": ""nunzsi"", ""brand_kor"": ""넌즈시"", ""brand_no"": 121028, ""category1"": ""여성의류"", ""category2"": ""상의"", ""category3"": ""긴소매 티셔츠"", ""category3_code"": 268103102, ""is_new"": false, ""item_no"": 4068256, ""period_sort"": ""ONE_DAY"", ""platform"": ""29cm"", ""ranking_category_code"": ""268103100"", ""ranking_category_name"": ""여성의류>상의"", ""review_avg"": 5.0, ""sale_percent"": 29, ""sale_price"": 44170, ""sold_out"": false, ""url"": ""https://product.29cm.co.kr/catalog/4068256""}",2026-10-10T13:00:06+00:00_caa68351
2026-10-10T22:00:06+09:00,2026-10-10T13:00:06+00:00,commerce_rank,소프트 레이어드 헨리넥 티셔츠 블랙,29cm:4068256@268103100,rank,81.0,"{""brand_eng"": ""nunzsi"", ""brand_kor"": ""넌즈시"", ""brand_no"": 121028, ""category1"": ""여성의류"", ""category2"": ""상의"", ""category3"": ""긴소매 티셔츠"", ""category3_code"": 268103102, ""is_new"": false, ""item_no"": 4068256, ""period_sort"": ""ONE_DAY"", ""platform"": ""29cm"", ""ranking_category_code"": ""268103100"", ""ranking_category_name"": ""여성의류>상의"", ""review_avg"": 5.0, ""sale_percent"": 29, ""sale_price"": 44170, ""sold_out"": false, ""url"": ""https://product.29cm.co.kr/catalog/4068256""}",2026-10-10T13:00:06+00:00_caa68351
2026-10-10T22:00:06+09:00,2026-10-10T13:00:07+00:00,commerce_rank,NH8SS07C 남성 마리스 반팔 셔츠 LIGHT BLUE,29cm:4070570,heart_count,14.0,"{""brand_eng"": ""THE NORTH FACE"", ""brand_kor"": ""노스페이스"", ""brand_no"": 7789, ""category1"": ""남성의류"", ""category2"": ""상의"", ""category3"": ""반소매 셔츠"", ""category3_code"": 272103105, ""is_new"": false, ""item_no"": 4070570, ""period_sort"": ""ONE_DAY"", ""platform"": ""29cm"", ""ranking_category_code"": ""272103100"", ""ranking_category_name"": ""남성의류>상의"", ""review_avg"": 0.0, ""sale_percent"": 49, ""sale_price"": 65790, ""sold_out"": false, ""url"": ""https://product.29cm.co.kr/catalog/4070570""}",2026-10-10T13:00:06+00:00_caa68351
2026-10-10T22:00:06+09:00,2026-10-10T13:00:07+00:00,commerce_rank,NH8SS07C 남성 마리스 반팔 셔츠 LIGHT BLUE,29cm:4070570,review_count,0.0,"{""brand_eng"": ""THE NORTH FACE"", ""brand_kor"": ""노스페이스"", ""brand_no"": 7789, ""category1"": ""남성의류"", ""category2"": ""상의"", ""category3"": ""반소매 셔츠"", ""category3_code"": 272103105, ""is_new"": false, ""item_no"": 4070570, ""period_sort"": ""ONE_DAY"", ""platform"": ""29cm"", ""ranking_category_code"": ""272103100"", ""ranking_category_name"": ""남성의류>상의"", ""review_avg"": 0.0, ""sale_percent"": 49, ""sale_price"": 65790, ""sold_out"": false, ""url"": ""https://product.29cm.co.kr/catalog/4070570""}",2026-10-10T13:00:06+00:00_caa68351
2026-10-10T22:00:06+09:00,2026-10-10T13:00:07+00:00,commerce_rank,NH8SS07C 남성 마리스 반팔 셔츠 LIGHT BLUE,29cm:4070570@272103100,rank,84.0,"{""brand_eng"": ""THE NORTH FACE"", ""brand_kor"": ""노스페이스"", ""brand_no"": 7789, ""category1"": ""남성의류"", ""category2"": ""상의"", ""category3"": ""반소매 셔츠"", ""category3_code"": 272103105, ""is_new"": false, ""item_no"": 4070570, ""period_sort"": ""ONE_DAY"", ""platform"": ""29cm"", ""ranking_category_code"": ""272103100"", ""ranking_category_name"": ""남성의류>상의"", ""review_avg"": 0.0, ""sale_percent"": 49, ""sale_price"": 65790, ""sold_out"": false, ""url"": ""https://product.29cm.co.kr/catalog/4070570""}",2026-10-10T13:00:06+00:00_caa68351
2026-10-10T22:00:06+09:00,2026-10-10T13:00:07+00:00,commerce_rank,[간절기 추천] NM5MS01J 화이트라벨 WL 스웨트셔츠 BLACK,29cm:4071745,heart_count,141.0,"{""brand_eng"": ""THE NORTH FACE"", ""brand_kor"": ""노스페이스"", ""brand_no"": 7789, ""category1"": ""여성의류"", ""category2"": ""상의"", ""category3"": ""스웨트셔츠"", ""category3_code"": 268103104, ""is_new"": false, ""item_no"": 4071745, ""period_sort"": ""ONE_DAY"", ""platform"": ""29cm"", ""ranking_category_code"": ""272103100"", ""ranking_category_name"": ""남성의류>상의"", ""review_avg"": 5.0, ""sale_percent"": 32, ""sale_price"": 59840, ""sold_out"": false, ""url"": ""https://product.29cm.co.kr/catalog/4071745""}",2026-10-10T13:00:06+00:00_caa68351
2026-10-10T22:00:06+09:00,2026-10-10T13:00:07+00:00,commerce_rank,[간절기 추천] NM5MS01J 화이트라벨 WL 스웨트셔츠 BLACK,29cm:4071745,review_count,2.0,"{""brand_eng"": ""THE NORTH FACE"", ""brand_kor"": ""노스페이스"", ""brand_no"": 7789, ""category1"": ""여성의류"", ""category2"": ""상의"", ""category3"": ""스웨트셔츠"", ""category3_code"": 268103104, ""is_new"": false, ""item_no"": 4071745, ""period_sort"": ""ONE_DAY"", ""platform"": ""29cm"", ""ranking_category_code"": ""272103100"", ""ranking_category_name"": ""남성의류>상의"", ""review_avg"": 5.0, ""sale_percent"": 32, ""sale_price"": 59840, ""sold_out"": false, ""url"": ""https://product.29cm.co.kr/catalog/4071745""}",2026-10-10T13:00:06+00:00_caa68351
2026-10-10T22:00:06+09:00,2026-10-10T13:00:07+00:00,commerce_rank,[간절기 추천] NM5MS01J 화이트라벨 WL 스웨트셔츠 BLACK,29cm:4071745@272103100,rank,76.0,"{""brand_eng"": ""THE NORTH FACE"", ""brand_kor"": ""노스페이스"", ""brand_no"": 7789, ""category1"": ""여성의류"", ""category2"": ""상의"", ""category3"": ""스웨트셔츠"", ""category3_code"": 268103104, ""is_new"": false, ""item_no"": 4071745, ""period_sort"": ""ONE_DAY"", ""platform"": ""29cm"", ""ranking_category_code"": ""272103100"", ""ranking_category_name"": ""남성의류>상의"", ""review_avg"": 5.0, ""sale_percent"": 32, ""sale_price"": 59840, ""sold_out"": false, ""url"": ""https://product.29cm.co.kr/catalog/4071745""}",2026-10-10T13:00:06+00:00_caa68351
2026-10-10T22:00:06+09:00,2026-10-10T13:00:06+00:00,commerce_rank,Flower Mid Sleeve Shirt_Blue,29cm:4081080,heart_count,6307.0,"{""brand_eng"": ""108POUND"", ""brand_kor"": ""108파운드"", ""brand_no"": 86198, ""category1"": ""여성의류"", ""category2"": ""상의"", ""category3"": ""셔츠"", ""category3_code"": 268103106, ""is_new"": false, ""item_no"": 4081080, ""period_sort"": ""ONE_DAY"", ""platform"": ""29cm"", ""ranking_category_code"": ""268103100"", ""ranking_category_name"": ""여성의류>상의"", ""review_avg"": 4.5, ""sale_percent"": 30, ""sale_price"": 61380, ""sold_out"": false, ""url"": ""https://product.29cm.co.kr/catalog/4081080""}",2026-10-10T13:00:06+00:00_caa68351
2026-10-10T22:00:06+09:00,2026-10-10T13:00:06+00:00,commerce_rank,Flower Mid Sleeve Shirt_Blue,29cm:4081080,review_count,24.0,"{""brand_eng"": ""108POUND"", ""brand_kor"": ""108파운드"", ""brand_no"": 86198, ""category1"": ""여성의류"", ""category2"": ""상의"", ""category3"": ""셔츠"", ""category3_code"": 268103106, ""is_new"": false, ""item_no"": 4081080, ""period_sort"": ""ONE_DAY"", ""platform"": ""29cm"", ""ranking_category_code"": ""268103100"", ""ranking_category_name"": ""여성의류>상의"", ""review_avg"": 4.5, ""sale_percent"": 30, ""sale_price"": 61380, ""sold_out"": false, ""url"": ""https://product.29cm.co.kr/catalog/4081080""}",2026-10-10T13:00:06+00:00_caa68351
2026-10-10T22:00:06+09:00,2026-10-10T13:00:06+00:00,commerce_rank,Flower Mid Sleeve Shirt_Blue,29cm:4081080@268103100,rank,84.0,"{""brand_eng"": ""108POUND"", ""brand_kor"": ""108파운드"", ""brand_no"": 86198, ""category1"": ""여성의류"", ""category2"": ""상의"", ""category3"": ""셔츠"", ""category3_code"": 268103106, ""is_new"": false, ""item_no"": 4081080, ""period_sort"": ""ONE_DAY"", ""platform"": ""29cm"", ""ranking_category_code"": ""268103100"", ""ranking_category_name"": ""여성의류>상의"", ""review_avg"": 4.5, ""sale_percent"": 30, ""sale_price"": 61380, ""sold_out"": false, ""url"": ""https://product.29cm.co.kr/catalog/4081080""}",2026-10-10T13:00:06+00:00_caa68351
2026-10-10T22:00:06+09:00,2026-10-10T13:00:06+00:00,commerce_rank,Corduroy Mid Sleeve Shirt_Khaki Beige,29cm:4081083,heart_count,9512.0,"{""brand_eng"": ""108POUND"", ""brand_kor"": ""108파운드"", ""brand_no"": 86198, ""category1"": ""여성의류"", ""category2"": ""상의"", ""category3"": ""셔츠"", ""category3_code"": 268103106, ""is_new"": false, ""item_no"": 4081083, ""period_sort"": ""ONE_DAY"", ""platform"": ""29cm"", ""ranking_category_code"": ""268103100"", ""ranking_category_name"": ""여성의류>상의"", ""review_avg"": 4.5, ""sale_percent"": 30, ""sale_price"": 64170, ""sold_out"": false, ""url"": ""https://product.29cm.co.kr/catalog/4081083""}",2026-10-10T13:00:06+00:00_caa68351
2026-10-10T22:00:06+09:00,2026-10-10T13:00:06+00:00,commerce_rank,Corduroy Mid Sleeve Shirt_Khaki Beige,29cm:4081083,review_count,125.0,"{""brand_eng"": ""108POUND"", ""brand_kor"": ""108파운드"", ""brand_no"": 86198, ""category1"": ""여성의류"", ""category2"": ""상의"", ""category3"": ""셔츠"", ""category3_code"": 268103106, ""is_new"": false, ""item_no"": 4081083, ""period_sort"": ""ONE_DAY"", ""platform"": ""29cm"", ""ranking_category_code"": ""268103100"", ""ranking_category_name"": ""여성의류>상의"", ""review_avg"": 4.5, ""sale_percent"": 30, ""sale_price"": 64170, ""sold_out"": false, ""url"": ""https://product.29cm.co.kr/catalog/4081083""}",2026-10-10T13:00:06+00:00_caa68351
2026-10-10T22:00:06+09:00,2026-10-10T13:00:06+00:00,commerce_rank,Corduroy Mid Sleeve Shirt_Khaki Beige,29cm:4081083@268103100,rank,64.0,"{""brand_eng"": ""108POUND"", ""brand_kor"": ""108파운드"", ""brand_no"": 86198, ""category1"": ""여성의류"", ""category2"": ""상의"", ""category3"": ""셔츠"", ""category3_code"": 268103106, ""is_new"": false, ""item_no"": 4081083, ""period_sort"": ""ONE_DAY"", ""platform"": ""29cm"", ""ranking_category_code"": ""268103100"", ""ranking_category_name"": ""여성의류>상의"", ""review_avg"": 4.5, ""sale_percent"": 30, ""sale_price"": 64170, ""sold_out"": false, ""url"": ""https://product.29cm.co.kr/catalog/4081083""}",2026-10-10T13:00:06+00:00_caa68351
2026-10-10T22:00:06+09:00,2026-10-10T13:00:06+00:00,commerce_rank,Dusty Raglan Tee_Beige,29cm:4081115,heart_count,13920.0,"{""brand_eng"": ""108POUND"", ""brand_kor"": ""108파운드"", ""brand_no"": 86198, ""category1"": ""여성의류"", ""category2"": ""상의"", ""category3"": ""긴소매 티셔츠"", ""category3_code"": 268103102, ""is_new"": false, ""item_no"": 4081115, ""period_sort"": ""ONE_DAY"", ""platform"": ""29cm"", ""ranking_category_code"": ""268103100"", ""ranking_category_name"": ""여성의류>상의"", ""review_avg"": 4.5, ""sale_percent"": 32, ""sale_price"": 33080, ""sold_out"": false, ""url"": ""https://product.29cm.co.kr/catalog/4081115""}",2026-10-10T13:00:06+00:00_caa68351
2026-10-10T22:00:06+09:00,2026-10-10T13:00:06+00:00,commerce_rank,Dusty Raglan Tee_Beige,29cm:4081115,review_count,216.0,"{""brand_eng"": ""108POUND"", ""brand_kor"": ""108파운드"", ""brand_no"": 86198, ""category1"": ""여성의류"", ""category2"": ""상의"", ""category3"": ""긴소매 티셔츠"", ""category3_code"": 268103102, ""is_new"": false, ""item_no"": 4081115, ""period_sort"": ""ONE_DAY"", ""platform"": ""29cm"", ""ranking_category_code"": ""268103100"", ""ranking_category_name"": ""여성의류>상의"", ""review_avg"": 4.5, ""sale_percent"": 32, ""sale_price"": 33080, ""sold_out"": false, ""url"": ""https://product.29cm.co.kr/catalog/4081115""}",2026-10-10T13:00:06+00:00_caa68351
2026-10-10T22:00:06+09:00,2026-10-10T13:00:06+00:00,commerce_rank,Dusty Raglan Tee_Beige,29cm:4081115@268103100,rank,36.0,"{""brand_eng"": ""108POUND"", ""brand_kor"": ""108파운드"", ""brand_no"": 86198, ""category1"": ""여성의류"", ""category2"": ""상의"", ""category3"": ""긴소매 티셔츠"", ""category3_code"": 268103102, ""is_new"": false, ""item_no"": 4081115, ""period_sort"": ""ONE_DAY"", ""platform"": ""29cm"", ""ranking_category_code"": ""268103100"", ""ranking_category_name"": ""여성의류>상의"", ""review_avg"": 4.5, ""sale_percent"": 32, ""sale_price"": 33080, ""sold_out"": false, ""url"": ""https://product.29cm.co.kr/catalog/4081115""}",2026-10-10T13:00:06+00:00_caa68351
2026-10-10T22:00:06+09:00,2026-10-10T13:00:06+00:00,commerce_rank,Henley 3/4 Sleeve Tee_Melange Gray,29cm:4081120,heart_count,10534.0,"{""brand_eng"": ""108POUND"", ""brand_kor"": ""108파운드"", ""brand_no"": 86198, ""category1"": ""여성의류"", ""category2"": ""상의"", ""category3"": ""긴소매 티셔츠"", ""category3_code"": 268103102, ""is_new"": false, ""item_no"": 4081120, ""period_sort"": ""ONE_DAY"", ""platform"": ""29cm"", ""ranking_category_code"": ""268103100"", ""ranking_category_name"": ""여성의류>상의"", ""review_avg"": 4.5, ""sale_percent"": 30, ""sale_price"": 40460, ""sold_out"": false, ""url"": ""https://product.29cm.co.kr/catalog/4081120""}",2026-10-10T13:00:06+00:00_caa68351
2026-10-10T22:00:06+09:00,2026-10-10T13:00:06+00:00,commerce_rank,Henley 3/4 Sleeve Tee_Melange Gray,29cm:4081120,review_count,106.0,"{""brand_eng"": ""108POUND"", ""brand_kor"": ""108파운드"", ""brand_no"": 86198, ""category1"": ""여성의류"", ""category2"": ""상의"", ""category3"": ""긴소매 티셔츠"", ""category3_code"": 268103102, ""is_new"": false, ""item_no"": 4081120, ""period_sort"": ""ONE_DAY"", ""platform"": ""29cm"", ""ranking_category_code"": ""268103100"", ""ranking_category_name"": ""여성의류>상의"", ""review_avg"": 4.5, ""sale_percent"": 30, ""sale_price"": 40460, ""sold_out"": false, ""url"": ""https://product.29cm.co.kr/catalog/4081120""}",2026-10-10T13:00:06+00:00_caa68351
2026-10-10T22:00:06+09:00,2026-10-10T13:00:06+00:00,commerce_rank,Henley 3/4 Sleeve Tee_Melange Gray,29cm:4081120@268103100,rank,82.0,"{""brand_eng"": ""108POUND"", ""brand_kor"": ""108파운드"", ""brand_no"": 86198, ""category1"": ""여성의류"", ""category2"": ""상의"", ""category3"": ""긴소매 티셔츠"", ""category3_code"": 268103102, ""is_new"": false, ""item_no"": 4081120, ""period_sort"": ""ONE_DAY"", ""platform"": ""29cm"", ""ranking_category_code"": ""268103100"", ""ranking_category_name"": ""여성의류>상의"", ""review_avg"": 4.5, ""sale_percent"": 30, ""sale_price"": 40460, ""sold_out"": false, ""url"": ""https://product.29cm.co.kr/catalog/4081120""}",2026-10-10T13:00:06+00:00_caa68351
2026-10-10T22:00:06+09:00,2026-10-10T13:00:07+00:00,commerce_rank,Palette Essential Shirt (8color),29cm:4082891,heart_count,110.0,"{""brand_eng"": ""Fabregat"", ""brand_kor"": ""파브레가"", ""brand_no"": 16255, ""category1"": ""남성의류"", ""category2"": ""상의"", ""category3"": ""긴소매 셔츠"", ""category3_code"": 272103106, ""is_new"": false, ""item_no"": 4082891, ""period_sort"": ""ONE_DAY"", ""platform"": ""29cm"", ""ranking_category_code"": ""272103100"", ""ranking_category_name"": ""남성의류>상의"", ""review_avg"": 5.0, ""sale_percent"": 10, ""sale_price"": 69300, ""sold_out"": false, ""url"": ""https://product.29cm.co.kr/catalog/4082891""}",2026-10-10T13:00:06+00:00_caa68351
2026-10-10T22:00:06+09:00,2026-10-10T13:00:07+00:00,commerce_rank,Palette Essential Shirt (8color),29cm:4082891,review_count,1.0,"{""brand_eng"": ""Fabregat"", ""brand_kor"": ""파브레가"", ""brand_no"": 16255, ""category1"": ""남성의류"", ""category2"": ""상의"", ""category3"": ""긴소매 셔츠"", ""category3_code"": 272103106, ""is_new"": false, ""item_no"": 4082891, ""period_sort"": ""ONE_DAY"", ""platform"": ""29cm"", ""ranking_category_code"": ""272103100"", ""ranking_category_name"": ""남성의류>상의"", ""review_avg"": 5.0, ""sale_percent"": 10, ""sale_price"": 69300, ""sold_out"": false, ""url"": ""https://product.29cm.co.kr/catalog/4082891""}",2026-10-10T13:00:06+00:00_caa68351
2026-10-10T22:00:06+09:00,2026-10-10T13:00:07+00:00,commerce_rank,Palette Essential Shirt (8color),29cm:4082891@272103100,rank,49.0,"{""brand_eng"": ""Fabregat"", ""brand_kor"": ""파브레가"", ""brand_no"": 16255, ""category1"": ""남성의류"", ""category2"": ""상의"", ""category3"": ""긴소매 셔츠"", ""category3_code"": 272103106, ""is_new"": false, ""item_no"": 4082891, ""period_sort"": ""ONE_DAY"", ""platform"": ""29cm"", ""ranking_category_code"": ""272103100"", ""ranking_category_name"": ""남성의류>상의"", ""review_avg"": 5.0, ""sale_percent"": 10, ""sale_price"": 69300, ""sold_out"": false, ""url"": ""https://product.29cm.co.kr/catalog/4082891""}",2026-10-10T13:00:06+00:00_caa68351
2026-10-10T22:00:06+09:00,2026-10-10T13:00:07+00:00,commerce_rank,오션 토템 폴라 후디드 풀오버(4colors) NFL2226,29cm:4095396,heart_count,1797.0,"{""brand_eng"": ""NAUTICA"", ""brand_kor"": ""노티카"", ""brand_no"": 17425, ""category1"": ""남성의류"", ""category2"": ""상의"", ""category3"": ""후디"", ""category3_code"": 272103108, ""is_new"": false, ""item_no"": 4095396, ""period_sort"": ""ONE_DAY"", ""platform"": ""29cm"", ""ranking_category_code"": ""272103100"", ""ranking_category_name"": ""남성의류>상의"", ""review_avg"": 5.0, ""sale_percent"": 10, ""sale_price"": 80100, ""sold_out"": false, ""url"": ""https://product.29cm.co.kr/catalog/4095396""}",2026-10-10T13:00:06+00:00_caa68351
2026-10-10T22:00:06+09:00,2026-10-10T13:00:07+00:00,commerce_rank,오션 토템 폴라 후디드 풀오버(4colors) NFL2226,29cm:4095396,review_count,14.0,"{""brand_eng"": ""NAUTICA"", ""brand_kor"": ""노티카"", ""brand_no"": 17425, ""category1"": ""남성의류"", ""category2"": ""상의"", ""category3"": ""후디"", ""category3_code"": 272103108, ""is_new"": false, ""item_no"": 4095396, ""period_sort"": ""ONE_DAY"", ""platform"": ""29cm"", ""ranking_category_code"": ""272103100"", ""ranking_category_name"": ""남성의류>상의"", ""review_avg"": 5.0, ""sale_percent"": 10, ""sale_price"": 80100, ""sold_out"": false, ""url"": ""https://product.29cm.co.kr/catalog/4095396""}",2026-10-10T13:00:06+00:00_caa68351
2026-10-10T22:00:06+09:00,2026-10-10T13:00:07+00:00,commerce_rank,오션 토템 폴라 후디드 풀오버(4colors) NFL2226,29cm:4095396@272103100,rank,69.0,"{""brand_eng"": ""NAUTICA"", ""brand_kor"": ""노티카"", ""brand_no"": 17425, ""category1"": ""남성의류"", ""category2"": ""상의"", ""category3"": ""후디"", ""category3_code"": 272103108, ""is_new"": false, ""item_no"": 4095396, ""period_sort"": ""ONE_DAY"", ""platform"": ""29cm"", ""ranking_category_code"": ""272103100"", ""ranking_category_name"": ""남성의류>상의"", ""review_avg"": 5.0, ""sale_percent"": 10, ""sale_price"": 80100, ""sold_out"": false, ""url"": ""https://product.29cm.co.kr/catalog/4095396""}",2026-10-10T13:00:06+00:00_caa68351
2026-10-10T22:00:06+09:00,2026-10-10T13:00:06+00:00,commerce_rank,[72H 특가] 50s RAGLAN GRAPHIC T-SHIRT_NAVY,29cm:4096889,heart_count,9419.0,"{""brand_eng"": ""TTUDEMENT"", ""brand_kor"": ""튜드먼트"", ""brand_no"": 36259, ""category1"": ""여성의류"", ""category2"": ""상의"", ""category3"": ""긴소매 티셔츠"", ""category3_code"": 268103102, ""is_new"": false, ""item_no"": 4096889, ""period_sort"": ""ONE_DAY"", ""platform"": ""29cm"", ""ranking_category_code"": ""268103100"", ""ranking_category_name"": ""여성의류>상의"", ""review_avg"": 5.0, ""sale_percent"": 30, ""sale_price"": 48650, ""sold_out"": false, ""url"": ""https://product.29cm.co.kr/catalog/4096889""}",2026-10-10T13:00:06+00:00_caa68351
2026-10-10T22:00:06+09:00,2026-10-10T13:00:06+00:00,commerce_rank,[72H 특가] 50s RAGLAN GRAPHIC T-SHIRT_NAVY,29cm:4096889,review_count,84.0,"{""brand_eng"": ""TTUDEMENT"", ""brand_kor"": ""튜드먼트"", ""brand_no"": 36259, ""category1"": ""여성의류"", ""category2"": ""상의"", ""category3"": ""긴소매 티셔츠"", ""category3_code"": 268103102, ""is_new"": false, ""item_no"": 4096889, ""period_sort"": ""ONE_DAY"", ""platform"": ""29cm"", ""ranking_category_code"": ""268103100"", ""ranking_category_name"": ""여성의류>상의"", ""review_avg"": 5.0, ""sale_percent"": 30, ""sale_price"": 48650, ""sold_out"": false, ""url"": ""https://product.29cm.co.kr/catalog/4096889""}",2026-10-10T13:00:06+00:00_caa68351
2026-10-10T22:00:06+09:00,2026-10-10T13:00:06+00:00,commerce_rank,[72H 특가] 50s RAGLAN GRAPHIC T-SHIRT_NAVY,29cm:4096889@268103100,rank,27.0,"{""brand_eng"": ""TTUDEMENT"", ""brand_kor"": ""튜드먼트"", ""brand_no"": 36259, ""category1"": ""여성의류"", ""category2"": ""상의"", ""category3"": ""긴소매 티셔츠"", ""category3_code"": 268103102, ""is_new"": false, ""item_no"": 4096889, ""period_sort"": ""ONE_DAY"", ""platform"": ""29cm"", ""ranking_category_code"": ""268103100"", ""ranking_category_name"": ""여성의류>상의"", ""review_avg"": 5.0, ""sale_percent"": 30, ""sale_price"": 48650, ""sold_out"": false, ""url"": ""https://product.29cm.co.kr/catalog/4096889""}",2026-10-10T13:00:06+00:00_caa68351
2026-10-10T22:00:06+09:00,2026-10-10T13:00:06+00:00,commerce_rank,"[디렉터픽][3차] DAMAGE WAFFLE LONG SLEEVE, CHARCOAL",29cm:4099045,heart_count,2373.0,"{""brand_eng"": ""PLZPROJECT"", ""brand_kor"": ""플리즈프로젝트"", ""brand_no"": 18645, ""category1"": ""여성의류"", ""category2"": ""상의"", ""category3"": ""긴소매 티셔츠"", ""category3_code"": 268103102, ""is_new"": false, ""item_no"": 4099045, ""period_sort"": ""ONE_DAY"", ""platform"": ""29cm"", ""ranking_category_code"": ""268103100"", ""ranking_category_name"": ""여성의류>상의"", ""review_avg"": 5.0, ""sale_percent"": 10, ""sale_price"": 53100, ""sold_out"": false, ""url"": ""https://product.29cm.co.kr/catalog/4099045""}",2026-10-10T13:00:06+00:00_caa68351
2026-10-10T22:00:06+09:00,2026-10-10T13:00:06+00:00,commerce_rank,"[디렉터픽][3차] DAMAGE WAFFLE LONG SLEEVE, CHARCOAL",29cm:4099045,review_count,26.0,"{""brand_eng"": ""PLZPROJECT"", ""brand_kor"": ""플리즈프로젝트"", ""brand_no"": 18645, ""category1"": ""여성의류"", ""category2"": ""상의"", ""category3"": ""긴소매 티셔츠"", ""category3_code"": 268103102, ""is_new"": false, ""item_no"": 4099045, ""period_sort"": ""ONE_DAY"", ""platform"": ""29cm"", ""ranking_category_code"": ""268103100"", ""ranking_category_name"": ""여성의류>상의"", ""review_avg"": 5.0, ""sale_percent"": 10, ""sale_price"": 53100, ""sold_out"": false, ""url"": ""https://product.29cm.co.kr/catalog/4099045""}",2026-10-10T13:00:06+00:00_caa68351
2026-10-10T22:00:06+09:00,2026-10-10T13:00:06+00:00,commerce_rank,"[디렉터픽][3차] DAMAGE WAFFLE LONG SLEEVE, CHARCOAL",29cm:4099045@268103100,rank,39.0,"{""brand_eng"": ""PLZPROJECT"", ""brand_kor"": ""플리즈프로젝트"", ""brand_no"": 18645, ""category1"": ""여성의류"", ""category2"": ""상의"", ""category3"": ""긴소매 티셔츠"", ""category3_code"": 268103102, ""is_new"": false, ""item_no"": 4099045, ""period_sort"": ""ONE_DAY"", ""platform"": ""29cm"", ""ranking_category_code"": ""268103100"", ""ranking_category_name"": ""여성의류>상의"", ""review_avg"": 5.0, ""sale_percent"": 10, ""sale_price"": 53100, ""sold_out"": false, ""url"": ""https://product.29cm.co.kr/catalog/4099045""}",2026-10-10T13:00:06+00:00_caa68351
2026-10-10T22:00:06+09:00,2026-10-10T13:00:07+00:00,commerce_rank,하프돔보이드 경량 소프트쉘 셔츠 BROWN,29cm:4111938,heart_count,7.0,"{""brand_eng"": ""SIERRA DESIGNS"", ""brand_kor"": ""시에라디자인"", ""brand_no"": 20333, ""category1"": ""남성의류"", ""category2"": ""상의"", ""category3"": ""긴소매 셔츠"", ""category3_code"": 272103106, ""is_new"": false, ""item_no"": 4111938, ""period_sort"": ""ONE_DAY"", ""platform"": ""29cm"", ""ranking_category_code"": ""272103100"", ""ranking_category_name"": ""남성의류>상의"", ""review_avg"": 0.0, ""sale_percent"": 0, ""sale_price"": 199000, ""sold_out"": false, ""url"": ""https://product.29cm.co.kr/catalog/4111938""}",2026-10-10T13:00:06+00:00_caa68351
2026-10-10T22:00:06+09:00,2026-10-10T13:00:07+00:00,commerce_rank,하프돔보이드 경량 소프트쉘 셔츠 BROWN,29cm:4111938,review_count,0.0,"{""brand_eng"": ""SIERRA DESIGNS"", ""brand_kor"": ""시에라디자인"", ""brand_no"": 20333, ""category1"": ""남성의류"", ""category2"": ""상의"", ""category3"": ""긴소매 셔츠"", ""category3_code"": 272103106, ""is_new"": false, ""item_no"": 4111938, ""period_sort"": ""ONE_DAY"", ""platform"": ""29cm"", ""ranking_category_code"": ""272103100"", ""ranking_category_name"": ""남성의류>상의"", ""review_avg"": 0.0, ""sale_percent"": 0, ""sale_price"": 199000, ""sold_out"": false, ""url"": ""https://product.29cm.co.kr/catalog/4111938""}",2026-10-10T13:00:06+00:00_caa68351
2026-10-10T22:00:06+09:00,2026-10-10T13:00:07+00:00,commerce_rank,하프돔보이드 경량 소프트쉘 셔츠 BROWN,29cm:4111938@272103100,rank,66.0,"{""brand_eng"": ""SIERRA DESIGNS"", ""brand_kor"": ""시에라디자인"", ""brand_no"": 20333, ""category1"": ""남성의류"", ""category2"": ""상의"", ""category3"": ""긴소매 셔츠"", ""category3_code"": 272103106, ""is_new"": false, ""item_no"": 4111938, ""period_sort"": ""ONE_DAY"", ""platform"": ""29cm"", ""ranking_category_code"": ""272103100"", ""ranking_category_name"": ""남성의류>상의"", ""review_avg"": 0.0, ""sale_percent"": 0, ""sale_price"": 199000, ""sold_out"": false, ""url"": ""https://product.29cm.co.kr/catalog/4111938""}",2026-10-10T13:00:06+00:00_caa68351
2026-10-10T22:00:06+09:00,2026-10-10T13:00:06+00:00,commerce_rank,Loose Fit Essential Sweat Shirt-Butter,29cm:4115351,heart_count,2298.0,"{""brand_eng"": ""BITTERCELLS"", ""brand_kor"": ""비터셀즈"", ""brand_no"": 15063, ""category1"": ""여성의류"", ""category2"": ""상의"", ""category3"": ""스웨트셔츠"", ""category3_code"": 268103104, ""is_new"": false, ""item_no"": 4115351, ""period_sort"": ""ONE_DAY"", ""platform"": ""29cm"", ""ranking_category_code"": ""268103100"", ""ranking_category_name"": ""여성의류>상의"", ""review_avg"": 5.0, ""sale_percent"": 10, ""sale_price"": 53100, ""sold_out"": false, ""url"": ""https://product.29cm.co.kr/catalog/4115351""}",2026-10-10T13:00:06+00:00_caa68351
2026-10-10T22:00:06+09:00,2026-10-10T13:00:06+00:00,commerce_rank,Loose Fit Essential Sweat Shirt-Butter,29cm:4115351,review_count,5.0,"{""brand_eng"": ""BITTERCELLS"", ""brand_kor"": ""비터셀즈"", ""brand_no"": 15063, ""category1"": ""여성의류"", ""category2"": ""상의"", ""category3"": ""스웨트셔츠"", ""category3_code"": 268103104, ""is_new"": false, ""item_no"": 4115351, ""period_sort"": ""ONE_DAY"", ""platform"": ""29cm"", ""ranking_category_code"": ""268103100"", ""ranking_category_name"": ""여성의류>상의"", ""review_avg"": 5.0, ""sale_percent"": 10, ""sale_price"": 53100, ""sold_out"": false, ""url"": ""https://product.29cm.co.kr/catalog/4115351""}",2026-10-10T13:00:06+00:00_caa68351
2026-10-10T22:00:06+09:00,2026-10-10T13:00:06+00:00,commerce_rank,Loose Fit Essential Sweat Shirt-Butter,29cm:4115351@268103100,rank,76.0,"{""brand_eng"": ""BITTERCELLS"", ""brand_kor"": ""비터셀즈"", ""brand_no"": 15063, ""category1"": ""여성의류"", ""category2"": ""상의"", ""category3"": ""스웨트셔츠"", ""category3_code"": 268103104, ""is_new"": false, ""item_no"": 4115351, ""period_sort"": ""ONE_DAY"", ""platform"": ""29cm"", ""ranking_category_code"": ""268103100"", ""ranking_category_name"": ""여성의류>상의"", ""review_avg"": 5.0, ""sale_percent"": 10, ""sale_price"": 53100, ""sold_out"": false, ""url"": ""https://product.29cm.co.kr/catalog/4115351""}",2026-10-10T13:00:06+00:00_caa68351
2026-10-10T22:00:06+09:00,2026-10-10T13:00:06+00:00,commerce_rank,"[소담,유미 pick]Daily Soft Slim Raglan Tee_CTT3039(6color)",29cm:4117309,heart_count,11796.0,"{""brand_eng"": ""CITTA"", ""brand_kor"": ""씨타"", ""brand_no"": 71833, ""category1"": ""여성의류"", ""category2"": ""상의"", ""category3"": ""긴소매 티셔츠"", ""category3_code"": 268103102, ""is_new"": false, ""item_no"": 4117309, ""period_sort"": ""ONE_DAY"", ""platform"": ""29cm"", ""ranking_category_code"": ""268103100"", ""ranking_category_name"": ""여성의류>상의"", ""review_avg"": 4.5, ""sale_percent"": 40, ""sale_price"": 27090, ""sold_out"": false, ""url"": ""https://product.29cm.co.kr/catalog/4117309""}",2026-10-10T13:00:06+00:00_caa68351
2026-10-10T22:00:06+09:00,2026-10-10T13:00:06+00:00,commerce_rank,"[소담,유미 pick]Daily Soft Slim Raglan Tee_CTT3039(6color)",29cm:4117309,review_count,88.0,"{""brand_eng"": ""CITTA"", ""brand_kor"": ""씨타"", ""brand_no"": 71833, ""category1"": ""여성의류"", ""category2"": ""상의"", ""category3"": ""긴소매 티셔츠"", ""category3_code"": 268103102, ""is_new"": false, ""item_no"": 4117309, ""period_sort"": ""ONE_DAY"", ""platform"": ""29cm"", ""ranking_category_code"": ""268103100"", ""ranking_category_name"": ""여성의류>상의"", ""review_avg"": 4.5, ""sale_percent"": 40, ""sale_price"": 27090, ""sold_out"": false, ""url"": ""https://product.29cm.co.kr/catalog/4117309""}",2026-10-10T13:00:06+00:00_caa68351
2026-10-10T22:00:06+09:00,2026-10-10T13:00:06+00:00,commerce_rank,"[소담,유미 pick]Daily Soft Slim Raglan Tee_CTT3039(6color)",29cm:4117309@268103100,rank,2.0,"{""brand_eng"": ""CITTA"", ""brand_kor"": ""씨타"", ""brand_no"": 71833, ""category1"": ""여성의류"", ""category2"": ""상의"", ""category3"": ""긴소매 티셔츠"", ""category3_code"": 268103102, ""is_new"": false, ""item_no"": 4117309, ""period_sort"": ""ONE_DAY"", ""platform"": ""29cm"", ""ranking_category_code"": ""268103100"", ""ranking_category_name"": ""여성의류>상의"", ""review_avg"": 4.5, ""sale_percent"": 40, ""sale_price"": 27090, ""sold_out"": false, ""url"": ""https://product.29cm.co.kr/catalog/4117309""}",2026-10-10T13:00:06+00:00_caa68351
2026-10-10T22:00:06+09:00,2026-10-10T13:00:07+00:00,commerce_rank,스웻 크롭 반집업_6Color,29cm:4118913,heart_count,977.0,"{""brand_eng"": ""MOODINSIDE"", ""brand_kor"": ""무드인사이드"", ""brand_no"": 98995, ""category1"": ""남성의류"", ""category2"": ""상의"", ""category3"": ""스웨트셔츠"", ""category3_code"": 272103107, ""is_new"": false, ""item_no"": 4118913, ""period_sort"": ""ONE_DAY"", ""platform"": ""29cm"", ""ranking_category_code"": ""272103100"", ""ranking_category_name"": ""남성의류>상의"", ""review_avg"": 5.0, ""sale_percent"": 54, ""sale_price"": 54900, ""sold_out"": false, ""url"": ""https://product.29cm.co.kr/catalog/4118913""}",2026-10-10T13:00:06+00:00_caa68351
2026-10-10T22:00:06+09:00,2026-10-10T13:00:07+00:00,commerce_rank,스웻 크롭 반집업_6Color,29cm:4118913,review_count,30.0,"{""brand_eng"": ""MOODINSIDE"", ""brand_kor"": ""무드인사이드"", ""brand_no"": 98995, ""category1"": ""남성의류"", ""category2"": ""상의"", ""category3"": ""스웨트셔츠"", ""category3_code"": 272103107, ""is_new"": false, ""item_no"": 4118913, ""period_sort"": ""ONE_DAY"", ""platform"": ""29cm"", ""ranking_category_code"": ""272103100"", ""ranking_category_name"": ""남성의류>상의"", ""review_avg"": 5.0, ""sale_percent"": 54, ""sale_price"": 54900, ""sold_out"": false, ""url"": ""https://product.29cm.co.kr/catalog/4118913""}",2026-10-10T13:00:06+00:00_caa68351
2026-10-10T22:00:06+09:00,2026-10-10T13:00:07+00:00,commerce_rank,스웻 크롭 반집업_6Color,29cm:4118913@272103100,rank,3.0,"{""brand_eng"": ""MOODINSIDE"", ""brand_kor"": ""무드인사이드"", ""brand_no"": 98995, ""category1"": ""남성의류"", ""category2"": ""상의"", ""category3"": ""스웨트셔츠"", ""category3_code"": 272103107, ""is_new"": false, ""item_no"": 4118913, ""period_sort"": ""ONE_DAY"", ""platform"": ""29cm"", ""ranking_category_code"": ""272103100"", ""ranking_category_name"": ""남성의류>상의"", ""review_avg"": 5.0, ""sale_percent"": 54, ""sale_price"": 54900, ""sold_out"": false, ""url"": ""https://product.29cm.co.kr/catalog/4118913""}",2026-10-10T13:00:06+00:00_caa68351
2026-10-10T22:00:06+09:00,2026-10-10T13:00:06+00:00,commerce_rank,[7th_10/15 예약배송] Marc waffle t-shirt_Navy&grey,29cm:4120280,heart_count,5001.0,"{""brand_eng"": ""Tekto"", ""brand_kor"": ""텍토"", ""brand_no"": 75938, ""category1"": ""여성의류"", ""category2"": ""상의"", ""category3"": ""긴소매 티셔츠"", ""category3_code"": 268103102, ""is_new"": false, ""item_no"": 4120280, ""period_sort"": ""ONE_DAY"", ""platform"": ""29cm"", ""ranking_category_code"": ""268103100"", ""ranking_category_name"": ""여성의류>상의"", ""review_avg"": 4.5, ""sale_percent"": 24, ""sale_price"": 57000, ""sold_out"": false, ""url"": ""https://product.29cm.co.kr/catalog/4120280""}",2026-10-10T13:00:06+00:00_caa68351
2026-10-10T22:00:06+09:00,2026-10-10T13:00:06+00:00,commerce_rank,[7th_10/15 예약배송] Marc waffle t-shirt_Navy&grey,29cm:4120280,review_count,62.0,"{""brand_eng"": ""Tekto"", ""brand_kor"": ""텍토"", ""brand_no"": 75938, ""category1"": ""여성의류"", ""category2"": ""상의"", ""category3"": ""긴소매 티셔츠"", ""category3_code"": 268103102, ""is_new"": false, ""item_no"": 4120280, ""period_sort"": ""ONE_DAY"", ""platform"": ""29cm"", ""ranking_category_code"": ""268103100"", ""ranking_category_name"": ""여성의류>상의"", ""review_avg"": 4.5, ""sale_percent"": 24, ""sale_price"": 57000, ""sold_out"": false, ""url"": ""https://product.29cm.co.kr/catalog/4120280""}",2026-10-10T13:00:06+00:00_caa68351
2026-10-10T22:00:06+09:00,2026-10-10T13:00:06+00:00,commerce_rank,[7th_10/15 예약배송] Marc waffle t-shirt_Navy&grey,29cm:4120280@268103100,rank,91.0,"{""brand_eng"": ""Tekto"", ""brand_kor"": ""텍토"", ""brand_no"": 75938, ""category1"": ""여성의류"", ""category2"": ""상의"", ""category3"": ""긴소매 티셔츠"", ""category3_code"": 268103102, ""is_new"": false, ""item_no"": 4120280, ""period_sort"": ""ONE_DAY"", ""platform"": ""29cm"", ""ranking_category_code"": ""268103100"", ""ranking_category_name"": ""여성의류>상의"", ""review_avg"": 4.5, ""sale_percent"": 24, ""sale_price"": 57000, ""sold_out"": false, ""url"": ""https://product.29cm.co.kr/catalog/4120280""}",2026-10-10T13:00:06+00:00_caa68351
2026-10-10T22:00:06+09:00,2026-10-10T13:00:06+00:00,commerce_rank,[26th] Hines deep v-neck sweatshirt - Purple,29cm:4120936,heart_count,6309.0,"{""brand_eng"": ""APPAREL ARCHIVE"", ""brand_kor"": ""어패럴아카이브"", ""brand_no"": 98593, ""category1"": ""남성의류"", ""category2"": ""상의"", ""category3"": ""스웨트셔츠"", ""category3_code"": 272103107, ""is_new"": false, ""item_no"": 4120936, ""period_sort"": ""ONE_DAY"", ""platform"": ""29cm"", ""ranking_category_code"": ""268103100"", ""ranking_category_name"": ""여성의류>상의"", ""review_avg"": 5.0, ""sale_percent"": 10, ""sale_price"": 71100, ""sold_out"": false, ""url"": ""https://product.29cm.co.kr/catalog/4120936""}",2026-10-10T13:00:06+00:00_caa68351
2026-10-10T22:00:06+09:00,2026-10-10T13:00:06+00:00,commerce_rank,[26th] Hines deep v-neck sweatshirt - Purple,29cm:4120936,review_count,43.0,"{""brand_eng"": ""APPAREL ARCHIVE"", ""brand_kor"": ""어패럴아카이브"", ""brand_no"": 98593, ""category1"": ""남성의류"", ""category2"": ""상의"", ""category3"": ""스웨트셔츠"", ""category3_code"": 272103107, ""is_new"": false, ""item_no"": 4120936, ""period_sort"": ""ONE_DAY"", ""platform"": ""29cm"", ""ranking_category_code"": ""268103100"", ""ranking_category_name"": ""여성의류>상의"", ""review_avg"": 5.0, ""sale_percent"": 10, ""sale_price"": 71100, ""sold_out"": false, ""url"": ""https://product.29cm.co.kr/catalog/4120936""}",2026-10-10T13:00:06+00:00_caa68351
2026-10-10T22:00:06+09:00,2026-10-10T13:00:06+00:00,commerce_rank,[26th] Hines deep v-neck sweatshirt - Purple,29cm:4120936@268103100,rank,69.0,"{""brand_eng"": ""APPAREL ARCHIVE"", ""brand_kor"": ""어패럴아카이브"", ""brand_no"": 98593, ""category1"": ""남성의류"", ""category2"": ""상의"", ""category3"": ""스웨트셔츠"", ""category3_code"": 272103107, ""is_new"": false, ""item_no"": 4120936, ""period_sort"": ""ONE_DAY"", ""platform"": ""29cm"", ""ranking_category_code"": ""268103100"", ""ranking_category_name"": ""여성의류>상의"", ""review_avg"": 5.0, ""sale_percent"": 10, ""sale_price"": 71100, ""sold_out"": false, ""url"": ""https://product.29cm.co.kr/catalog/4120936""}",2026-10-10T13:00:06+00:00_caa68351
2026-10-10T22:00:06+09:00,2026-10-10T13:00:06+00:00,commerce_rank,Angora U Neck T Shirts (5color),29cm:4125061,heart_count,4145.0,"{""brand_eng"": ""PROJECTWAVE"", ""brand_kor"": ""프로젝트 웨이브"", ""brand_no"": 52782, ""category1"": ""여성의류"", ""category2"": ""상의"", ""category3"": ""반소매 티셔츠"", ""category3_code"": 268103101, ""is_new"": false, ""item_no"": 4125061, ""period_sort"": ""ONE_DAY"", ""platform"": ""29cm"", ""ranking_category_code"": ""268103100"", ""ranking_category_name"": ""여성의류>상의"", ""review_avg"": 5.0, ""sale_percent"": 19, ""sale_price"": 32400, ""sold_out"": false, ""url"": ""https://product.29cm.co.kr/catalog/4125061""}",2026-10-10T13:00:06+00:00_caa68351
2026-10-10T22:00:06+09:00,2026-10-10T13:00:06+00:00,commerce_rank,Angora U Neck T Shirts (5color),29cm:4125061,review_count,5.0,"{""brand_eng"": ""PROJECTWAVE"", ""brand_kor"": ""프로젝트 웨이브"", ""brand_no"": 52782, ""category1"": ""여성의류"", ""category2"": ""상의"", ""category3"": ""반소매 티셔츠"", ""category3_code"": 268103101, ""is_new"": false, ""item_no"": 4125061, ""period_sort"": ""ONE_DAY"", ""platform"": ""29cm"", ""ranking_category_code"": ""268103100"", ""ranking_category_name"": ""여성의류>상의"", ""review_avg"": 5.0, ""sale_percent"": 19, ""sale_price"": 32400, ""sold_out"": false, ""url"": ""https://product.29cm.co.kr/catalog/4125061""}",2026-10-10T13:00:06+00:00_caa68351
2026-10-10T22:00:06+09:00,2026-10-10T13:00:06+00:00,commerce_rank,Angora U Neck T Shirts (5color),29cm:4125061@268103100,rank,79.0,"{""brand_eng"": ""PROJECTWAVE"", ""brand_kor"": ""프로젝트 웨이브"", ""brand_no"": 52782, ""category1"": ""여성의류"", ""category2"": ""상의"", ""category3"": ""반소매 티셔츠"", ""category3_code"": 268103101, ""is_new"": false, ""item_no"": 4125061, ""period_sort"": ""ONE_DAY"", ""platform"": ""29cm"", ""ranking_category_code"": ""268103100"", ""ranking_category_name"": ""여성의류>상의"", ""review_avg"": 5.0, ""sale_percent"": 19, ""sale_price"": 32400, ""sold_out"": false, ""url"": ""https://product.29cm.co.kr/catalog/4125061""}",2026-10-10T13:00:06+00:00_caa68351
2026-10-10T22:00:06+09:00,2026-10-10T13:00:07+00:00,commerce_rank,salt washed sweatshirt navy,29cm:4125187,heart_count,65.0,"{""brand_eng"": ""Uniform Bridge"", ""brand_kor"": ""유니폼브릿지"", ""brand_no"": 15084, ""category1"": ""남성의류"", ""category2"": ""상의"", ""category3"": ""스웨트셔츠"", ""category3_code"": 272103107, ""is_new"": false, ""item_no"": 4125187, ""period_sort"": ""ONE_DAY"", ""platform"": ""29cm"", ""ranking_category_code"": ""272103100"", ""ranking_category_name"": ""남성의류>상의"", ""review_avg"": 4.5, ""sale_percent"": 19, ""sale_price"": 72090, ""sold_out"": false, ""url"": ""https://product.29cm.co.kr/catalog/4125187""}",2026-10-10T13:00:06+00:00_caa68351
2026-10-10T22:00:06+09:00,2026-10-10T13:00:07+00:00,commerce_rank,salt washed sweatshirt navy,29cm:4125187,review_count,2.0,"{""brand_eng"": ""Uniform Bridge"", ""brand_kor"": ""유니폼브릿지"", ""brand_no"": 15084, ""category1"": ""남성의류"", ""category2"": ""상의"", ""category3"": ""스웨트셔츠"", ""category3_code"": 272103107, ""is_new"": false, ""item_no"": 4125187, ""period_sort"": ""ONE_DAY"", ""platform"": ""29cm"", ""ranking_category_code"": ""272103100"", ""ranking_category_name"": ""남성의류>상의"", ""review_avg"": 4.5, ""sale_percent"": 19, ""sale_price"": 72090, ""sold_out"": false, ""url"": ""https://product.29cm.co.kr/catalog/4125187""}",2026-10-10T13:00:06+00:00_caa68351
2026-10-10T22:00:06+09:00,2026-10-10T13:00:07+00:00,commerce_rank,salt washed sweatshirt navy,29cm:4125187@272103100,rank,50.0,"{""brand_eng"": ""Uniform Bridge"", ""brand_kor"": ""유니폼브릿지"", ""brand_no"": 15084, ""category1"": ""남성의류"", ""category2"": ""상의"", ""category3"": ""스웨트셔츠"", ""category3_code"": 272103107, ""is_new"": false, ""item_no"": 4125187, ""period_sort"": ""ONE_DAY"", ""platform"": ""29cm"", ""ranking_category_code"": ""272103100"", ""ranking_category_name"": ""남성의류>상의"", ""review_avg"": 4.5, ""sale_percent"": 19, ""sale_price"": 72090, ""sold_out"": false, ""url"": ""https://product.29cm.co.kr/catalog/4125187""}",2026-10-10T13:00:06+00:00_caa68351
2026-10-10T22:00:06+09:00,2026-10-10T13:00:06+00:00,commerce_rank,MORIN LACE SLEEVELESS (2COLOR),29cm:4125859,heart_count,6057.0,"{""brand_eng"": ""FOLNUA"", ""brand_kor"": ""폴뉴아"", ""brand_no"": 15359, ""category1"": ""여성의류"", ""category2"": ""상의"", ""category3"": ""슬리브리스"", ""category3_code"": 268103103, ""is_new"": false, ""item_no"": 4125859, ""period_sort"": ""ONE_DAY"", ""platform"": ""29cm"", ""ranking_category_code"": ""268103100"", ""ranking_category_name"": ""여성의류>상의"", ""review_avg"": 5.0, ""sale_percent"": 20, ""sale_price"": 36000, ""sold_out"": false, ""url"": ""https://product.29cm.co.kr/catalog/4125859""}",2026-10-10T13:00:06+00:00_caa68351
2026-10-10T22:00:06+09:00,2026-10-10T13:00:06+00:00,commerce_rank,MORIN LACE SLEEVELESS (2COLOR),29cm:4125859,review_count,29.0,"{""brand_eng"": ""FOLNUA"", ""brand_kor"": ""폴뉴아"", ""brand_no"": 15359, ""category1"": ""여성의류"", ""category2"": ""상의"", ""category3"": ""슬리브리스"", ""category3_code"": 268103103, ""is_new"": false, ""item_no"": 4125859, ""period_sort"": ""ONE_DAY"", ""platform"": ""29cm"", ""ranking_category_code"": ""268103100"", ""ranking_category_name"": ""여성의류>상의"", ""review_avg"": 5.0, ""sale_percent"": 20, ""sale_price"": 36000, ""sold_out"": false, ""url"": ""https://product.29cm.co.kr/catalog/4125859""}",2026-10-10T13:00:06+00:00_caa68351
2026-10-10T22:00:06+09:00,2026-10-10T13:00:06+00:00,commerce_rank,MORIN LACE SLEEVELESS (2COLOR),29cm:4125859@268103100,rank,29.0,"{""brand_eng"": ""FOLNUA"", ""brand_kor"": ""폴뉴아"", ""brand_no"": 15359, ""category1"": ""여성의류"", ""category2"": ""상의"", ""category3"": ""슬리브리스"", ""category3_code"": 268103103, ""is_new"": false, ""item_no"": 4125859, ""period_sort"": ""ONE_DAY"", ""platform"": ""29cm"", ""ranking_category_code"": ""268103100"", ""ranking_category_name"": ""여성의류>상의"", ""review_avg"": 5.0, ""sale_percent"": 20, ""sale_price"": 36000, ""sold_out"": false, ""url"": ""https://product.29cm.co.kr/catalog/4125859""}",2026-10-10T13:00:06+00:00_caa68351
2026-10-10T22:00:06+09:00,2026-10-10T13:00:07+00:00,commerce_rank,[1st Reorder] Raw Edge L/S Tee - 3 Color,29cm:4127841,heart_count,468.0,"{""brand_eng"": ""NWT"", ""brand_kor"": ""엔더블유티"", ""brand_no"": 1813, ""category1"": ""남성의류"", ""category2"": ""상의"", ""category3"": ""긴소매 티셔츠"", ""category3_code"": 272103102, ""is_new"": false, ""item_no"": 4127841, ""period_sort"": ""ONE_DAY"", ""platform"": ""29cm"", ""ranking_category_code"": ""272103100"", ""ranking_category_name"": ""남성의류>상의"", ""review_avg"": 0.0, ""sale_percent"": 0, ""sale_price"": 68000, ""sold_out"": false, ""url"": ""https://product.29cm.co.kr/catalog/4127841""}",2026-10-10T13:00:06+00:00_caa68351
2026-10-10T22:00:06+09:00,2026-10-10T13:00:07+00:00,commerce_rank,[1st Reorder] Raw Edge L/S Tee - 3 Color,29cm:4127841,review_count,0.0,"{""brand_eng"": ""NWT"", ""brand_kor"": ""엔더블유티"", ""brand_no"": 1813, ""category1"": ""남성의류"", ""category2"": ""상의"", ""category3"": ""긴소매 티셔츠"", ""category3_code"": 272103102, ""is_new"": false, ""item_no"": 4127841, ""period_sort"": ""ONE_DAY"", ""platform"": ""29cm"", ""ranking_category_code"": ""272103100"", ""ranking_category_name"": ""남성의류>상의"", ""review_avg"": 0.0, ""sale_percent"": 0, ""sale_price"": 68000, ""sold_out"": false, ""url"": ""https://product.29cm.co.kr/catalog/4127841""}",2026-10-10T13:00:06+00:00_caa68351
2026-10-10T22:00:06+09:00,2026-10-10T13:00:07+00:00,commerce_rank,[1st Reorder] Raw Edge L/S Tee - 3 Color,29cm:4127841@272103100,rank,11.0,"{""brand_eng"": ""NWT"", ""brand_kor"": ""엔더블유티"", ""brand_no"": 1813, ""category1"": ""남성의류"", ""category2"": ""상의"", ""category3"": ""긴소매 티셔츠"", ""category3_code"": 272103102, ""is_new"": false, ""item_no"": 4127841, ""period_sort"": ""ONE_DAY"", ""platform"": ""29cm"", ""ranking_category_code"": ""272103100"", ""ranking_category_name"": ""남성의류>상의"", ""review_avg"": 0.0, ""sale_percent"": 0, ""sale_price"": 68000, ""sold_out"": false, ""url"": ""https://product.29cm.co.kr/catalog/4127841""}",2026-10-10T13:00:06+00:00_caa68351
2026-10-10T22:00:06+09:00,2026-10-10T13:00:07+00:00,commerce_rank,TG3-SH02 그린 셔링 체크 셔츠,29cm:4128386,heart_count,274.0,"{""brand_eng"": ""THOMAS MORE"", ""brand_kor"": ""토마스모어"", ""brand_no"": 2111, ""category1"": ""여성의류"", ""category2"": ""상의"", ""category3"": ""셔츠"", ""category3_code"": 268103106, ""is_new"": false, ""item_no"": 4128386, ""period_sort"": ""ONE_DAY"", ""platform"": ""29cm"", ""ranking_category_code"": ""272103100"", ""ranking_category_name"": ""남성의류>상의"", ""review_avg"": 4.5, ""sale_percent"": 0, ""sale_price"": 63700, ""sold_out"": false, ""url"": ""https://product.29cm.co.kr/catalog/4128386""}",2026-10-10T13:00:06+00:00_caa68351
2026-10-10T22:00:06+09:00,2026-10-10T13:00:07+00:00,commerce_rank,TG3-SH02 그린 셔링 체크 셔츠,29cm:4128386,review_count,19.0,"{""brand_eng"": ""THOMAS MORE"", ""brand_kor"": ""토마스모어"", ""brand_no"": 2111, ""category1"": ""여성의류"", ""category2"": ""상의"", ""category3"": ""셔츠"", ""category3_code"": 268103106, ""is_new"": false, ""item_no"": 4128386, ""period_sort"": ""ONE_DAY"", ""platform"": ""29cm"", ""ranking_category_code"": ""272103100"", ""ranking_category_name"": ""남성의류>상의"", ""review_avg"": 4.5, ""sale_percent"": 0, ""sale_price"": 63700, ""sold_out"": false, ""url"": ""https://product.29cm.co.kr/catalog/4128386""}",2026-10-10T13:00:06+00:00_caa68351
2026-10-10T22:00:06+09:00,2026-10-10T13:00:07+00:00,commerce_rank,TG3-SH02 그린 셔링 체크 셔츠,29cm:4128386@272103100,rank,62.0,"{""brand_eng"": ""THOMAS MORE"", ""brand_kor"": ""토마스모어"", ""brand_no"": 2111, ""category1"": ""여성의류"", ""category2"": ""상의"", ""category3"": ""셔츠"", ""category3_code"": 268103106, ""is_new"": false, ""item_no"": 4128386, ""period_sort"": ""ONE_DAY"", ""platform"": ""29cm"", ""ranking_category_code"": ""272103100"", ""ranking_category_name"": ""남성의류>상의"", ""review_avg"": 4.5, ""sale_percent"": 0, ""sale_price"": 63700, ""sold_out"": false, ""url"": ""https://product.29cm.co.kr/catalog/4128386""}",2026-10-10T13:00:06+00:00_caa68351
2026-10-10T22:00:06+09:00,2026-10-10T13:00:07+00:00,commerce_rank,TG3-TS14 하이넥 하프집업 스웻셔츠 - [딥네이비],29cm:4128388,heart_count,458.0,"{""brand_eng"": ""THOMAS MORE"", ""brand_kor"": ""토마스모어"", ""brand_no"": 2111, ""category1"": ""남성의류"", ""category2"": ""상의"", ""category3"": ""스웨트셔츠"", ""category3_code"": 272103107, ""is_new"": false, ""item_no"": 4128388, ""period_sort"": ""ONE_DAY"", ""platform"": ""29cm"", ""ranking_category_code"": ""272103100"", ""ranking_category_name"": ""남성의류>상의"", ""review_avg"": 5.0, ""sale_percent"": 0, ""sale_price"": 73500, ""sold_out"": false, ""url"": ""https://product.29cm.co.kr/catalog/4128388""}",2026-10-10T13:00:06+00:00_caa68351
2026-10-10T22:00:06+09:00,2026-10-10T13:00:07+00:00,commerce_rank,TG3-TS14 하이넥 하프집업 스웻셔츠 - [딥네이비],29cm:4128388,review_count,39.0,"{""brand_eng"": ""THOMAS MORE"", ""brand_kor"": ""토마스모어"", ""brand_no"": 2111, ""category1"": ""남성의류"", ""category2"": ""상의"", ""category3"": ""스웨트셔츠"", ""category3_code"": 272103107, ""is_new"": false, ""item_no"": 4128388, ""period_sort"": ""ONE_DAY"", ""platform"": ""29cm"", ""ranking_category_code"": ""272103100"", ""ranking_category_name"": ""남성의류>상의"", ""review_avg"": 5.0, ""sale_percent"": 0, ""sale_price"": 73500, ""sold_out"": false, ""url"": ""https://product.29cm.co.kr/catalog/4128388""}",2026-10-10T13:00:06+00:00_caa68351
2026-10-10T22:00:06+09:00,2026-10-10T13:00:07+00:00,commerce_rank,TG3-TS14 하이넥 하프집업 스웻셔츠 - [딥네이비],29cm:4128388@272103100,rank,14.0,"{""brand_eng"": ""THOMAS MORE"", ""brand_kor"": ""토마스모어"", ""brand_no"": 2111, ""category1"": ""남성의류"", ""category2"": ""상의"", ""category3"": ""스웨트셔츠"", ""category3_code"": 272103107, ""is_new"": false, ""item_no"": 4128388, ""period_sort"": ""ONE_DAY"", ""platform"": ""29cm"", ""ranking_category_code"": ""272103100"", ""ranking_category_name"": ""남성의류>상의"", ""review_avg"": 5.0, ""sale_percent"": 0, ""sale_price"": 73500, ""sold_out"": false, ""url"": ""https://product.29cm.co.kr/catalog/4128388""}",2026-10-10T13:00:06+00:00_caa68351
2026-10-10T22:00:06+09:00,2026-10-10T13:00:07+00:00,commerce_rank,TG3-TS07 선 페이디드 스웻셔츠 - [퍼티베이지],29cm:4128392,heart_count,240.0,"{""brand_eng"": ""THOMAS MORE"", ""brand_kor"": ""토마스모어"", ""brand_no"": 2111, ""category1"": ""남성의류"", ""category2"": ""상의"", ""category3"": ""스웨트셔츠"", ""category3_code"": 272103107, ""is_new"": false, ""item_no"": 4128392, ""period_sort"": ""ONE_DAY"", ""platform"": ""29cm"", ""ranking_category_code"": ""272103100"", ""ranking_category_name"": ""남성의류>상의"", ""review_avg"": 4.5, ""sale_percent"": 0, ""sale_price"": 67000, ""sold_out"": false, ""url"": ""https://product.29cm.co.kr/catalog/4128392""}",2026-10-10T13:00:06+00:00_caa68351
2026-10-10T22:00:06+09:00,2026-10-10T13:00:07+00:00,commerce_rank,TG3-TS07 선 페이디드 스웻셔츠 - [퍼티베이지],29cm:4128392,review_count,15.0,"{""brand_eng"": ""THOMAS MORE"", ""brand_kor"": ""토마스모어"", ""brand_no"": 2111, ""category1"": ""남성의류"", ""category2"": ""상의"", ""category3"": ""스웨트셔츠"", ""category3_code"": 272103107, ""is_new"": false, ""item_no"": 4128392, ""period_sort"": ""ONE_DAY"", ""platform"": ""29cm"", ""ranking_category_code"": ""272103100"", ""ranking_category_name"": ""남성의류>상의"", ""review_avg"": 4.5, ""sale_percent"": 0, ""sale_price"": 67000, ""sold_out"": false, ""url"": ""https://product.29cm.co.kr/catalog/4128392""}",2026-10-10T13:00:06+00:00_caa68351
2026-10-10T22:00:06+09:00,2026-10-10T13:00:07+00:00,commerce_rank,TG3-TS07 선 페이디드 스웻셔츠 - [퍼티베이지],29cm:4128392@272103100,rank,44.0,"{""brand_eng"": ""THOMAS MORE"", ""brand_kor"": ""토마스모어"", ""brand_no"": 2111, ""category1"": ""남성의류"", ""category2"": ""상의"", ""category3"": ""스웨트셔츠"", ""category3_code"": 272103107, ""is_new"": false, ""item_no"": 4128392, ""period_sort"": ""ONE_DAY"", ""platform"": ""29cm"", ""ranking_category_code"": ""272103100"", ""ranking_category_name"": ""남성의류>상의"", ""review_avg"": 4.5, ""sale_percent"": 0, ""sale_price"": 67000, ""sold_out"": false, ""url"": ""https://product.29cm.co.kr/catalog/4128392""}",2026-10-10T13:00:06+00:00_caa68351
2026-10-10T22:00:06+09:00,2026-10-10T13:00:07+00:00,commerce_rank,TG3-TS07 선 페이디드 스웻셔츠 - [하버블루],29cm:4128394,heart_count,728.0,"{""brand_eng"": ""THOMAS MORE"", ""brand_kor"": ""토마스모어"", ""brand_no"": 2111, ""category1"": ""남성의류"", ""category2"": ""상의"", ""category3"": ""스웨트셔츠"", ""category3_code"": 272103107, ""is_new"": false, ""item_no"": 4128394, ""period_sort"": ""ONE_DAY"", ""platform"": ""29cm"", ""ranking_category_code"": ""272103100"", ""ranking_category_name"": ""남성의류>상의"", ""review_avg"": 5.0, ""sale_percent"": 0, ""sale_price"": 67000, ""sold_out"": false, ""url"": ""https://product.29cm.co.kr/catalog/4128394""}",2026-10-10T13:00:06+00:00_caa68351
2026-10-10T22:00:06+09:00,2026-10-10T13:00:07+00:00,commerce_rank,TG3-TS07 선 페이디드 스웻셔츠 - [하버블루],29cm:4128394,review_count,42.0,"{""brand_eng"": ""THOMAS MORE"", ""brand_kor"": ""토마스모어"", ""brand_no"": 2111, ""category1"": ""남성의류"", ""category2"": ""상의"", ""category3"": ""스웨트셔츠"", ""category3_code"": 272103107, ""is_new"": false, ""item_no"": 4128394, ""period_sort"": ""ONE_DAY"", ""platform"": ""29cm"", ""ranking_category_code"": ""272103100"", ""ranking_category_name"": ""남성의류>상의"", ""review_avg"": 5.0, ""sale_percent"": 0, ""sale_price"": 67000, ""sold_out"": false, ""url"": ""https://product.29cm.co.kr/catalog/4128394""}",2026-10-10T13:00:06+00:00_caa68351
2026-10-10T22:00:06+09:00,2026-10-10T13:00:07+00:00,commerce_rank,TG3-TS07 선 페이디드 스웻셔츠 - [하버블루],29cm:4128394@272103100,rank,21.0,"{""brand_eng"": ""THOMAS MORE"", ""brand_kor"": ""토마스모어"", ""brand_no"": 2111, ""category1"": ""남성의류"", ""category2"": ""상의"", ""category3"": ""스웨트셔츠"", ""category3_code"": 272103107, ""is_new"": false, ""item_no"": 4128394, ""period_sort"": ""ONE_DAY"", ""platform"": ""29cm"", ""ranking_category_code"": ""272103100"", ""ranking_category_name"": ""남성의류>상의"", ""review_avg"": 5.0, ""sale_percent"": 0, ""sale_price"": 67000, ""sold_out"": false, ""url"": ""https://product.29cm.co.kr/catalog/4128394""}",2026-10-10T13:00:06+00:00_caa68351
2026-10-10T22:00:06+09:00,2026-10-10T13:00:07+00:00,commerce_rank,TG3-TS07 선 페이디드 스웻셔츠 - [프룬그레이],29cm:4128395,heart_count,459.0,"{""brand_eng"": ""THOMAS MORE"", ""brand_kor"": ""토마스모어"", ""brand_no"": 2111, ""category1"": ""남성의류"", ""category2"": ""상의"", ""category3"": ""스웨트셔츠"", ""category3_code"": 272103107, ""is_new"": false, ""item_no"": 4128395, ""period_sort"": ""ONE_DAY"", ""platform"": ""29cm"", ""ranking_category_code"": ""272103100"", ""ranking_category_name"": ""남성의류>상의"", ""review_avg"": 4.5, ""sale_percent"": 0, ""sale_price"": 67000, ""sold_out"": false, ""url"": ""https://product.29cm.co.kr/catalog/4128395""}",2026-10-10T13:00:06+00:00_caa68351
2026-10-10T22:00:06+09:00,2026-10-10T13:00:07+00:00,commerce_rank,TG3-TS07 선 페이디드 스웻셔츠 - [프룬그레이],29cm:4128395,review_count,22.0,"{""brand_eng"": ""THOMAS MORE"", ""brand_kor"": ""토마스모어"", ""brand_no"": 2111, ""category1"": ""남성의류"", ""category2"": ""상의"", ""category3"": ""스웨트셔츠"", ""category3_code"": 272103107, ""is_new"": false, ""item_no"": 4128395, ""period_sort"": ""ONE_DAY"", ""platform"": ""29cm"", ""ranking_category_code"": ""272103100"", ""ranking_category_name"": ""남성의류>상의"", ""review_avg"": 4.5, ""sale_percent"": 0, ""sale_price"": 67000, ""sold_out"": false, ""url"": ""https://product.29cm.co.kr/catalog/4128395""}",2026-10-10T13:00:06+00:00_caa68351
2026-10-10T22:00:06+09:00,2026-10-10T13:00:07+00:00,commerce_rank,TG3-TS07 선 페이디드 스웻셔츠 - [프룬그레이],29cm:4128395@272103100,rank,40.0,"{""brand_eng"": ""THOMAS MORE"", ""brand_kor"": ""토마스모어"", ""brand_no"": 2111, ""category1"": ""남성의류"", ""category2"": ""상의"", ""category3"": ""스웨트셔츠"", ""category3_code"": 272103107, ""is_new"": false, ""item_no"": 4128395, ""period_sort"": ""ONE_DAY"", ""platform"": ""29cm"", ""ranking_category_code"": ""272103100"", ""ranking_category_name"": ""남성의류>상의"", ""review_avg"": 4.5, ""sale_percent"": 0, ""sale_price"": 67000, ""sold_out"": false, ""url"": ""https://product.29cm.co.kr/catalog/4128395""}",2026-10-10T13:00:06+00:00_caa68351
2026-10-10T22:00:06+09:00,2026-10-10T13:00:07+00:00,commerce_rank,TG3-TS07 선 페이디드 스웻셔츠 - [시그마레드],29cm:4128396,heart_count,428.0,"{""brand_eng"": ""THOMAS MORE"", ""brand_kor"": ""토마스모어"", ""brand_no"": 2111, ""category1"": ""남성의류"", ""category2"": ""상의"", ""category3"": ""스웨트셔츠"", ""category3_code"": 272103107, ""is_new"": false, ""item_no"": 4128396, ""period_sort"": ""ONE_DAY"", ""platform"": ""29cm"", ""ranking_category_code"": ""272103100"", ""ranking_category_name"": ""남성의류>상의"", ""review_avg"": 5.0, ""sale_percent"": 0, ""sale_price"": 67000, ""sold_out"": false, ""url"": ""https://product.29cm.co.kr/catalog/4128396""}",2026-10-10T13:00:06+00:00_caa68351
2026-10-10T22:00:06+09:00,2026-10-10T13:00:07+00:00,commerce_rank,TG3-TS07 선 페이디드 스웻셔츠 - [시그마레드],29cm:4128396,review_count,28.0,"{""brand_eng"": ""THOMAS MORE"", ""brand_kor"": ""토마스모어"", ""brand_no"": 2111, ""category1"": ""남성의류"", ""category2"": ""상의"", ""category3"": ""스웨트셔츠"", ""category3_code"": 272103107, ""is_new"": false, ""item_no"": 4128396, ""period_sort"": ""ONE_DAY"", ""platform"": ""29cm"", ""ranking_category_code"": ""272103100"", ""ranking_category_name"": ""남성의류>상의"", ""review_avg"": 5.0, ""sale_percent"": 0, ""sale_price"": 67000, ""sold_out"": false, ""url"": ""https://product.29cm.co.kr/catalog/4128396""}",2026-10-10T13:00:06+00:00_caa68351
2026-10-10T22:00:06+09:00,2026-10-10T13:00:07+00:00,commerce_rank,TG3-TS07 선 페이디드 스웻셔츠 - [시그마레드],29cm:4128396@272103100,rank,15.0,"{""brand_eng"": ""THOMAS MORE"", ""brand_kor"": ""토마스모어"", ""brand_no"": 2111, ""category1"": ""남성의류"", ""category2"": ""상의"", ""category3"": ""스웨트셔츠"", ""category3_code"": 272103107, ""is_new"": false, ""item_no"": 4128396, ""period_sort"": ""ONE_DAY"", ""platform"": ""29cm"", ""ranking_category_code"": ""272103100"", ""ranking_category_name"": ""남성의류>상의"", ""review_avg"": 5.0, ""sale_percent"": 0, ""sale_price"": 67000, ""sold_out"": false, ""url"": ""https://product.29cm.co.kr/catalog/4128396""}",2026-10-10T13:00:06+00:00_caa68351
2026-10-10T22:00:06+09:00,2026-10-10T13:00:07+00:00,commerce_rank,TG3-TS13 멀티 스트라이프 롱슬리브 티셔츠,29cm:4128404,heart_count,2920.0,"{""brand_eng"": ""THOMAS MORE"", ""brand_kor"": ""토마스모어"", ""brand_no"": 2111, ""category1"": ""남성의류"", ""category2"": ""상의"", ""category3"": ""긴소매 티셔츠"", ""category3_code"": 272103102, ""is_new"": false, ""item_no"": 4128404, ""period_sort"": ""ONE_DAY"", ""platform"": ""29cm"", ""ranking_category_code"": ""272103100"", ""ranking_category_name"": ""남성의류>상의"", ""review_avg"": 4.5, ""sale_percent"": 0, ""sale_price"": 39700, ""sold_out"": false, ""url"": ""https://product.29cm.co.kr/catalog/4128404""}",2026-10-10T13:00:06+00:00_caa68351
2026-10-10T22:00:06+09:00,2026-10-10T13:00:07+00:00,commerce_rank,TG3-TS13 멀티 스트라이프 롱슬리브 티셔츠,29cm:4128404,review_count,182.0,"{""brand_eng"": ""THOMAS MORE"", ""brand_kor"": ""토마스모어"", ""brand_no"": 2111, ""category1"": ""남성의류"", ""category2"": ""상의"", ""category3"": ""긴소매 티셔츠"", ""category3_code"": 272103102, ""is_new"": false, ""item_no"": 4128404, ""period_sort"": ""ONE_DAY"", ""platform"": ""29cm"", ""ranking_category_code"": ""272103100"", ""ranking_category_name"": ""남성의류>상의"", ""review_avg"": 4.5, ""sale_percent"": 0, ""sale_price"": 39700, ""sold_out"": false, ""url"": ""https://product.29cm.co.kr/catalog/4128404""}",2026-10-10T13:00:06+00:00_caa68351
2026-10-10T22:00:06+09:00,2026-10-10T13:00:07+00:00,commerce_rank,TG3-TS13 멀티 스트라이프 롱슬리브 티셔츠,29cm:4128404@272103100,rank,37.0,"{""brand_eng"": ""THOMAS MORE"", ""brand_kor"": ""토마스모어"", ""brand_no"": 2111, ""category1"": ""남성의류"", ""category2"": ""상의"", ""category3"": ""긴소매 티셔츠"", ""category3_code"": 272103102, ""is_new"": false, ""item_no"": 4128404, ""period_sort"": ""ONE_DAY"", ""platform"": ""29cm"", ""ranking_category_code"": ""272103100"", ""ranking_category_name"": ""남성의류>상의"", ""review_avg"": 4.5, ""sale_percent"": 0, ""sale_price"": 39700, ""sold_out"": false, ""url"": ""https://product.29cm.co.kr/catalog/4128404""}",2026-10-10T13:00:06+00:00_caa68351
2026-10-10T22:00:06+09:00,2026-10-10T13:00:07+00:00,commerce_rank,TG3-TS12 씬 스트라이프 롱슬리브 티셔츠,29cm:4128405,heart_count,983.0,"{""brand_eng"": ""THOMAS MORE"", ""brand_kor"": ""토마스모어"", ""brand_no"": 2111, ""category1"": ""남성의류"", ""category2"": ""상의"", ""category3"": ""긴소매 티셔츠"", ""category3_code"": 272103102, ""is_new"": false, ""item_no"": 4128405, ""period_sort"": ""ONE_DAY"", ""platform"": ""29cm"", ""ranking_category_code"": ""272103100"", ""ranking_category_name"": ""남성의류>상의"", ""review_avg"": 4.5, ""sale_percent"": 0, ""sale_price"": 35700, ""sold_out"": false, ""url"": ""https://product.29cm.co.kr/catalog/4128405""}",2026-10-10T13:00:06+00:00_caa68351
2026-10-10T22:00:06+09:00,2026-10-10T13:00:07+00:00,commerce_rank,TG3-TS12 씬 스트라이프 롱슬리브 티셔츠,29cm:4128405,review_count,51.0,"{""brand_eng"": ""THOMAS MORE"", ""brand_kor"": ""토마스모어"", ""brand_no"": 2111, ""category1"": ""남성의류"", ""category2"": ""상의"", ""category3"": ""긴소매 티셔츠"", ""category3_code"": 272103102, ""is_new"": false, ""item_no"": 4128405, ""period_sort"": ""ONE_DAY"", ""platform"": ""29cm"", ""ranking_category_code"": ""272103100"", ""ranking_category_name"": ""남성의류>상의"", ""review_avg"": 4.5, ""sale_percent"": 0, ""sale_price"": 35700, ""sold_out"": false, ""url"": ""https://product.29cm.co.kr/catalog/4128405""}",2026-10-10T13:00:06+00:00_caa68351
2026-10-10T22:00:06+09:00,2026-10-10T13:00:07+00:00,commerce_rank,TG3-TS12 씬 스트라이프 롱슬리브 티셔츠,29cm:4128405@272103100,rank,9.0,"{""brand_eng"": ""THOMAS MORE"", ""brand_kor"": ""토마스모어"", ""brand_no"": 2111, ""category1"": ""남성의류"", ""category2"": ""상의"", ""category3"": ""긴소매 티셔츠"", ""category3_code"": 272103102, ""is_new"": false, ""item_no"": 4128405, ""period_sort"": ""ONE_DAY"", ""platform"": ""29cm"", ""ranking_category_code"": ""272103100"", ""ranking_category_name"": ""남성의류>상의"", ""review_avg"": 4.5, ""sale_percent"": 0, ""sale_price"": 35700, ""sold_out"": false, ""url"": ""https://product.29cm.co.kr/catalog/4128405""}",2026-10-10T13:00:06+00:00_caa68351
2026-10-10T22:00:06+09:00,2026-10-10T13:00:06+00:00,commerce_rank,Essential V Neck Tee-Grey,29cm:4128735,heart_count,1094.0,"{""brand_eng"": ""BITTERCELLS"", ""brand_kor"": ""비터셀즈"", ""brand_no"": 15063, ""category1"": ""여성의류"", ""category2"": ""상의"", ""category3"": ""긴소매 티셔츠"", ""category3_code"": 268103102, ""is_new"": false, ""item_no"": 4128735, ""period_sort"": ""ONE_DAY"", ""platform"": ""29cm"", ""ranking_category_code"": ""268103100"", ""ranking_category_name"": ""여성의류>상의"", ""review_avg"": 5.0, ""sale_percent"": 10, ""sale_price"": 39600, ""sold_out"": false, ""url"": ""https://product.29cm.co.kr/catalog/4128735""}",2026-10-10T13:00:06+00:00_caa68351
2026-10-10T22:00:06+09:00,2026-10-10T13:00:06+00:00,commerce_rank,Essential V Neck Tee-Grey,29cm:4128735,review_count,9.0,"{""brand_eng"": ""BITTERCELLS"", ""brand_kor"": ""비터셀즈"", ""brand_no"": 15063, ""category1"": ""여성의류"", ""category2"": ""상의"", ""category3"": ""긴소매 티셔츠"", ""category3_code"": 268103102, ""is_new"": false, ""item_no"": 4128735, ""period_sort"": ""ONE_DAY"", ""platform"": ""29cm"", ""ranking_category_code"": ""268103100"", ""ranking_category_name"": ""여성의류>상의"", ""review_avg"": 5.0, ""sale_percent"": 10, ""sale_price"": 39600, ""sold_out"": false, ""url"": ""https://product.29cm.co.kr/catalog/4128735""}",2026-10-10T13:00:06+00:00_caa68351
2026-10-10T22:00:06+09:00,2026-10-10T13:00:06+00:00,commerce_rank,Essential V Neck Tee-Grey,29cm:4128735@268103100,rank,92.0,"{""brand_eng"": ""BITTERCELLS"", ""brand_kor"": ""비터셀즈"", ""brand_no"": 15063, ""category1"": ""여성의류"", ""category2"": ""상의"", ""category3"": ""긴소매 티셔츠"", ""category3_code"": 268103102, ""is_new"": false, ""item_no"": 4128735, ""period_sort"": ""ONE_DAY"", ""platform"": ""29cm"", ""ranking_category_code"": ""268103100"", ""ranking_category_name"": ""여성의류>상의"", ""review_avg"": 5.0, ""sale_percent"": 10, ""sale_price"": 39600, ""sold_out"": false, ""url"": ""https://product.29cm.co.kr/catalog/4128735""}",2026-10-10T13:00:06+00:00_caa68351
2026-10-10T22:00:06+09:00,2026-10-10T13:00:07+00:00,commerce_rank,Fine Stripe Long Sleeve Graphite,29cm:4128782,heart_count,135.0,"{""brand_eng"": ""rough side"", ""brand_kor"": ""러프사이드"", ""brand_no"": 3821, ""category1"": ""남성의류"", ""category2"": ""상의"", ""category3"": ""긴소매 티셔츠"", ""category3_code"": 272103102, ""is_new"": false, ""item_no"": 4128782, ""period_sort"": ""ONE_DAY"", ""platform"": ""29cm"", ""ranking_category_code"": ""272103100"", ""ranking_category_name"": ""남성의류>상의"", ""review_avg"": 5.0, ""sale_percent"": 5, ""sale_price"": 75100, ""sold_out"": false, ""url"": ""https://product.29cm.co.kr/catalog/4128782""}",2026-10-10T13:00:06+00:00_caa68351
2026-10-10T22:00:06+09:00,2026-10-10T13:00:07+00:00,commerce_rank,Fine Stripe Long Sleeve Graphite,29cm:4128782,review_count,1.0,"{""brand_eng"": ""rough side"", ""brand_kor"": ""러프사이드"", ""brand_no"": 3821, ""category1"": ""남성의류"", ""category2"": ""상의"", ""category3"": ""긴소매 티셔츠"", ""category3_code"": 272103102, ""is_new"": false, ""item_no"": 4128782, ""period_sort"": ""ONE_DAY"", ""platform"": ""29cm"", ""ranking_category_code"": ""272103100"", ""ranking_category_name"": ""남성의류>상의"", ""review_avg"": 5.0, ""sale_percent"": 5, ""sale_price"": 75100, ""sold_out"": false, ""url"": ""https://product.29cm.co.kr/catalog/4128782""}",2026-10-10T13:00:06+00:00_caa68351
2026-10-10T22:00:06+09:00,2026-10-10T13:00:07+00:00,commerce_rank,Fine Stripe Long Sleeve Graphite,29cm:4128782@272103100,rank,10.0,"{""brand_eng"": ""rough side"", ""brand_kor"": ""러프사이드"", ""brand_no"": 3821, ""category1"": ""남성의류"", ""category2"": ""상의"", ""category3"": ""긴소매 티셔츠"", ""category3_code"": 272103102, ""is_new"": false, ""item_no"": 4128782, ""period_sort"": ""ONE_DAY"", ""platform"": ""29cm"", ""ranking_category_code"": ""272103100"", ""ranking_category_name"": ""남성의류>상의"", ""review_avg"": 5.0, ""sale_percent"": 5, ""sale_price"": 75100, ""sold_out"": false, ""url"": ""https://product.29cm.co.kr/catalog/4128782""}",2026-10-10T13:00:06+00:00_caa68351
2026-10-10T22:00:06+09:00,2026-10-10T13:00:06+00:00,commerce_rank,[쁨이 PICK] Essential Button Hoodie-Butter,29cm:4129128,heart_count,3036.0,"{""brand_eng"": ""BITTERCELLS"", ""brand_kor"": ""비터셀즈"", ""brand_no"": 15063, ""category1"": ""여성의류"", ""category2"": ""상의"", ""category3"": ""후디"", ""category3_code"": 268103105, ""is_new"": false, ""item_no"": 4129128, ""period_sort"": ""ONE_DAY"", ""platform"": ""29cm"", ""ranking_category_code"": ""268103100"", ""ranking_category_name"": ""여성의류>상의"", ""review_avg"": 5.0, ""sale_percent"": 10, ""sale_price"": 71100, ""sold_out"": false, ""url"": ""https://product.29cm.co.kr/catalog/4129128""}",2026-10-10T13:00:06+00:00_caa68351
2026-10-10T22:00:06+09:00,2026-10-10T13:00:06+00:00,commerce_rank,[쁨이 PICK] Essential Button Hoodie-Butter,29cm:4129128,review_count,9.0,"{""brand_eng"": ""BITTERCELLS"", ""brand_kor"": ""비터셀즈"", ""brand_no"": 15063, ""category1"": ""여성의류"", ""category2"": ""상의"", ""category3"": ""후디"", ""category3_code"": 268103105, ""is_new"": false, ""item_no"": 4129128, ""period_sort"": ""ONE_DAY"", ""platform"": ""29cm"", ""ranking_category_code"": ""268103100"", ""ranking_category_name"": ""여성의류>상의"", ""review_avg"": 5.0, ""sale_percent"": 10, ""sale_price"": 71100, ""sold_out"": false, ""url"": ""https://product.29cm.co.kr/catalog/4129128""}",2026-10-10T13:00:06+00:00_caa68351
2026-10-10T22:00:06+09:00,2026-10-10T13:00:06+00:00,commerce_rank,[쁨이 PICK] Essential Button Hoodie-Butter,29cm:4129128@268103100,rank,47.0,"{""brand_eng"": ""BITTERCELLS"", ""brand_kor"": ""비터셀즈"", ""brand_no"": 15063, ""category1"": ""여성의류"", ""category2"": ""상의"", ""category3"": ""후디"", ""category3_code"": 268103105, ""is_new"": false, ""item_no"": 4129128, ""period_sort"": ""ONE_DAY"", ""platform"": ""29cm"", ""ranking_category_code"": ""268103100"", ""ranking_category_name"": ""여성의류>상의"", ""review_avg"": 5.0, ""sale_percent"": 10, ""sale_price"": 71100, ""sold_out"": false, ""url"": ""https://product.29cm.co.kr/catalog/4129128""}",2026-10-10T13:00:06+00:00_caa68351
2026-10-10T22:00:06+09:00,2026-10-10T13:00:06+00:00,commerce_rank,[쁨이 PICK] Gradation Knit Hood Zip Up-Olive,29cm:4129140,heart_count,3244.0,"{""brand_eng"": ""BITTERCELLS"", ""brand_kor"": ""비터셀즈"", ""brand_no"": 15063, ""category1"": ""여성의류"", ""category2"": ""상의"", ""category3"": ""후디"", ""category3_code"": 268103105, ""is_new"": false, ""item_no"": 4129140, ""period_sort"": ""ONE_DAY"", ""platform"": ""29cm"", ""ranking_category_code"": ""268103100"", ""ranking_category_name"": ""여성의류>상의"", ""review_avg"": 5.0, ""sale_percent"": 10, ""sale_price"": 88200, ""sold_out"": false, ""url"": ""https://product.29cm.co.kr/catalog/4129140""}",2026-10-10T13:00:06+00:00_caa68351
2026-10-10T22:00:06+09:00,2026-10-10T13:00:06+00:00,commerce_rank,[쁨이 PICK] Gradation Knit Hood Zip Up-Olive,29cm:4129140,review_count,9.0,"{""brand_eng"": ""BITTERCELLS"", ""brand_kor"": ""비터셀즈"", ""brand_no"": 15063, ""category1"": ""여성의류"", ""category2"": ""상의"", ""category3"": ""후디"", ""category3_code"": 268103105, ""is_new"": false, ""item_no"": 4129140, ""period_sort"": ""ONE_DAY"", ""platform"": ""29cm"", ""ranking_category_code"": ""268103100"", ""ranking_category_name"": ""여성의류>상의"", ""review_avg"": 5.0, ""sale_percent"": 10, ""sale_price"": 88200, ""sold_out"": false, ""url"": ""https://product.29cm.co.kr/catalog/4129140""}",2026-10-10T13:00:06+00:00_caa68351
2026-10-10T22:00:06+09:00,2026-10-10T13:00:06+00:00,commerce_rank,[쁨이 PICK] Gradation Knit Hood Zip Up-Olive,29cm:4129140@268103100,rank,77.0,"{""brand_eng"": ""BITTERCELLS"", ""brand_kor"": ""비터셀즈"", ""brand_no"": 15063, ""category1"": ""여성의류"", ""category2"": ""상의"", ""category3"": ""후디"", ""category3_code"": 268103105, ""is_new"": false, ""item_no"": 4129140, ""period_sort"": ""ONE_DAY"", ""platform"": ""29cm"", ""ranking_category_code"": ""268103100"", ""ranking_category_name"": ""여성의류>상의"", ""review_avg"": 5.0, ""sale_percent"": 10, ""sale_price"": 88200, ""sold_out"": false, ""url"": ""https://product.29cm.co.kr/catalog/4129140""}",2026-10-10T13:00:06+00:00_caa68351
2026-10-10T22:00:06+09:00,2026-10-10T13:00:07+00:00,commerce_rank,소프트 브러쉬드 멀티핀 스트라이프 티셔츠 (차콜),29cm:4129305,heart_count,178.0,"{""brand_eng"": ""COOR"", ""brand_kor"": ""쿠어"", ""brand_no"": 15326, ""category1"": ""남성의류"", ""category2"": ""상의"", ""category3"": ""긴소매 티셔츠"", ""category3_code"": 272103102, ""is_new"": false, ""item_no"": 4129305, ""period_sort"": ""ONE_DAY"", ""platform"": ""29cm"", ""ranking_category_code"": ""272103100"", ""ranking_category_name"": ""남성의류>상의"", ""review_avg"": 5.0, ""sale_percent"": 10, ""sale_price"": 76500, ""sold_out"": false, ""url"": ""https://product.29cm.co.kr/catalog/4129305""}",2026-10-10T13:00:06+00:00_caa68351
2026-10-10T22:00:06+09:00,2026-10-10T13:00:07+00:00,commerce_rank,소프트 브러쉬드 멀티핀 스트라이프 티셔츠 (차콜),29cm:4129305,review_count,5.0,"{""brand_eng"": ""COOR"", ""brand_kor"": ""쿠어"", ""brand_no"": 15326, ""category1"": ""남성의류"", ""category2"": ""상의"", ""category3"": ""긴소매 티셔츠"", ""category3_code"": 272103102, ""is_new"": false, ""item_no"": 4129305, ""period_sort"": ""ONE_DAY"", ""platform"": ""29cm"", ""ranking_category_code"": ""272103100"", ""ranking_category_name"": ""남성의류>상의"", ""review_avg"": 5.0, ""sale_percent"": 10, ""sale_price"": 76500, ""sold_out"": false, ""url"": ""https://product.29cm.co.kr/catalog/4129305""}",2026-10-10T13:00:06+00:00_caa68351
2026-10-10T22:00:06+09:00,2026-10-10T13:00:07+00:00,commerce_rank,소프트 브러쉬드 멀티핀 스트라이프 티셔츠 (차콜),29cm:4129305@272103100,rank,46.0,"{""brand_eng"": ""COOR"", ""brand_kor"": ""쿠어"", ""brand_no"": 15326, ""category1"": ""남성의류"", ""category2"": ""상의"", ""category3"": ""긴소매 티셔츠"", ""category3_code"": 272103102, ""is_new"": false, ""item_no"": 4129305, ""period_sort"": ""ONE_DAY"", ""platform"": ""29cm"", ""ranking_category_code"": ""272103100"", ""ranking_category_name"": ""남성의류>상의"", ""review_avg"": 5.0, ""sale_percent"": 10, ""sale_price"": 76500, ""sold_out"": false, ""url"": ""https://product.29cm.co.kr/catalog/4129305""}",2026-10-10T13:00:06+00:00_caa68351
2026-10-10T22:00:06+09:00,2026-10-10T13:00:07+00:00,commerce_rank,멀티핀 스트라이프 포켓 티셔츠 (블루),29cm:4129310,heart_count,39.0,"{""brand_eng"": ""COOR"", ""brand_kor"": ""쿠어"", ""brand_no"": 15326, ""category1"": ""남성의류"", ""category2"": ""상의"", ""category3"": ""긴소매 티셔츠"", ""category3_code"": 272103102, ""is_new"": false, ""item_no"": 4129310, ""period_sort"": ""ONE_DAY"", ""platform"": ""29cm"", ""ranking_category_code"": ""272103100"", ""ranking_category_name"": ""남성의류>상의"", ""review_avg"": 5.0, ""sale_percent"": 10, ""sale_price"": 76500, ""sold_out"": false, ""url"": ""https://product.29cm.co.kr/catalog/4129310""}",2026-10-10T13:00:06+00:00_caa68351
2026-10-10T22:00:06+09:00,2026-10-10T13:00:07+00:00,commerce_rank,멀티핀 스트라이프 포켓 티셔츠 (블루),29cm:4129310,review_count,2.0,"{""brand_eng"": ""COOR"", ""brand_kor"": ""쿠어"", ""brand_no"": 15326, ""category1"": ""남성의류"", ""category2"": ""상의"", ""category3"": ""긴소매 티셔츠"", ""category3_code"": 272103102, ""is_new"": false, ""item_no"": 4129310, ""period_sort"": ""ONE_DAY"", ""platform"": ""29cm"", ""ranking_category_code"": ""272103100"", ""ranking_category_name"": ""남성의류>상의"", ""review_avg"": 5.0, ""sale_percent"": 10, ""sale_price"": 76500, ""sold_out"": false, ""url"": ""https://product.29cm.co.kr/catalog/4129310""}",2026-10-10T13:00:06+00:00_caa68351
2026-10-10T22:00:06+09:00,2026-10-10T13:00:07+00:00,commerce_rank,멀티핀 스트라이프 포켓 티셔츠 (블루),29cm:4129310@272103100,rank,36.0,"{""brand_eng"": ""COOR"", ""brand_kor"": ""쿠어"", ""brand_no"": 15326, ""category1"": ""남성의류"", ""category2"": ""상의"", ""category3"": ""긴소매 티셔츠"", ""category3_code"": 272103102, ""is_new"": false, ""item_no"": 4129310, ""period_sort"": ""ONE_DAY"", ""platform"": ""29cm"", ""ranking_category_code"": ""272103100"", ""ranking_category_name"": ""남성의류>상의"", ""review_avg"": 5.0, ""sale_percent"": 10, ""sale_price"": 76500, ""sold_out"": false, ""url"": ""https://product.29cm.co.kr/catalog/4129310""}",2026-10-10T13:00:06+00:00_caa68351
2026-10-10T22:00:06+09:00,2026-10-10T13:00:07+00:00,commerce_rank,레귤러핏 와플 롱 슬리브 (블랙),29cm:4129324,heart_count,53.0,"{""brand_eng"": ""COOR"", ""brand_kor"": ""쿠어"", ""brand_no"": 15326, ""category1"": ""남성의류"", ""category2"": ""상의"", ""category3"": ""긴소매 티셔츠"", ""category3_code"": 272103102, ""is_new"": false, ""item_no"": 4129324, ""period_sort"": ""ONE_DAY"", ""platform"": ""29cm"", ""ranking_category_code"": ""272103100"", ""ranking_category_name"": ""남성의류>상의"", ""review_avg"": 5.0, ""sale_percent"": 10, ""sale_price"": 68400, ""sold_out"": false, ""url"": ""https://product.29cm.co.kr/catalog/4129324""}",2026-10-10T13:00:06+00:00_caa68351
2026-10-10T22:00:06+09:00,2026-10-10T13:00:07+00:00,commerce_rank,레귤러핏 와플 롱 슬리브 (블랙),29cm:4129324,review_count,1.0,"{""brand_eng"": ""COOR"", ""brand_kor"": ""쿠어"", ""brand_no"": 15326, ""category1"": ""남성의류"", ""category2"": ""상의"", ""category3"": ""긴소매 티셔츠"", ""category3_code"": 272103102, ""is_new"": false, ""item_no"": 4129324, ""period_sort"": ""ONE_DAY"", ""platform"": ""29cm"", ""ranking_category_code"": ""272103100"", ""ranking_category_name"": ""남성의류>상의"", ""review_avg"": 5.0, ""sale_percent"": 10, ""sale_price"": 68400, ""sold_out"": false, ""url"": ""https://product.29cm.co.kr/catalog/4129324""}",2026-10-10T13:00:06+00:00_caa68351
2026-10-10T22:00:06+09:00,2026-10-10T13:00:07+00:00,commerce_rank,레귤러핏 와플 롱 슬리브 (블랙),29cm:4129324@272103100,rank,64.0,"{""brand_eng"": ""COOR"", ""brand_kor"": ""쿠어"", ""brand_no"": 15326, ""category1"": ""남성의류"", ""category2"": ""상의"", ""category3"": ""긴소매 티셔츠"", ""category3_code"": 272103102, ""is_new"": false, ""item_no"": 4129324, ""period_sort"": ""ONE_DAY"", ""platform"": ""29cm"", ""ranking_category_code"": ""272103100"", ""ranking_category_name"": ""남성의류>상의"", ""review_avg"": 5.0, ""sale_percent"": 10, ""sale_price"": 68400, ""sold_out"": false, ""url"": ""https://product.29cm.co.kr/catalog/4129324""}",2026-10-10T13:00:06+00:00_caa68351
2026-10-10T22:00:06+09:00,2026-10-10T13:00:07+00:00,commerce_rank,레귤러핏 와플 롱 슬리브 (차콜),29cm:4129325,heart_count,93.0,"{""brand_eng"": ""COOR"", ""brand_kor"": ""쿠어"", ""brand_no"": 15326, ""category1"": ""남성의류"", ""category2"": ""상의"", ""category3"": ""긴소매 티셔츠"", ""category3_code"": 272103102, ""is_new"": false, ""item_no"": 4129325, ""period_sort"": ""ONE_DAY"", ""platform"": ""29cm"", ""ranking_category_code"": ""272103100"", ""ranking_category_name"": ""남성의류>상의"", ""review_avg"": 0.0, ""sale_percent"": 10, ""sale_price"": 68400, ""sold_out"": false, ""url"": ""https://product.29cm.co.kr/catalog/4129325""}",2026-10-10T13:00:06+00:00_caa68351
2026-10-10T22:00:06+09:00,2026-10-10T13:00:07+00:00,commerce_rank,레귤러핏 와플 롱 슬리브 (차콜),29cm:4129325,review_count,0.0,"{""brand_eng"": ""COOR"", ""brand_kor"": ""쿠어"", ""brand_no"": 15326, ""category1"": ""남성의류"", ""category2"": ""상의"", ""category3"": ""긴소매 티셔츠"", ""category3_code"": 272103102, ""is_new"": false, ""item_no"": 4129325, ""period_sort"": ""ONE_DAY"", ""platform"": ""29cm"", ""ranking_category_code"": ""272103100"", ""ranking_category_name"": ""남성의류>상의"", ""review_avg"": 0.0, ""sale_percent"": 10, ""sale_price"": 68400, ""sold_out"": false, ""url"": ""https://product.29cm.co.kr/catalog/4129325""}",2026-10-10T13:00:06+00:00_caa68351
2026-10-10T22:00:06+09:00,2026-10-10T13:00:07+00:00,commerce_rank,레귤러핏 와플 롱 슬리브 (차콜),29cm:4129325@272103100,rank,16.0,"{""brand_eng"": ""COOR"", ""brand_kor"": ""쿠어"", ""brand_no"": 15326, ""category1"": ""남성의류"", ""category2"": ""상의"", ""category3"": ""긴소매 티셔츠"", ""category3_code"": 272103102, ""is_new"": false, ""item_no"": 4129325, ""period_sort"": ""ONE_DAY"", ""platform"": ""29cm"", ""ranking_category_code"": ""272103100"", ""ranking_category_name"": ""남성의류>상의"", ""review_avg"": 0.0, ""sale_percent"": 10, ""sale_price"": 68400, ""sold_out"": false, ""url"": ""https://product.29cm.co.kr/catalog/4129325""}",2026-10-10T13:00:06+00:00_caa68351
2026-10-10T22:00:06+09:00,2026-10-10T13:00:07+00:00,commerce_rank,레귤러핏 와플 롱 슬리브 (멜란지그레이),29cm:4129326,heart_count,155.0,"{""brand_eng"": ""COOR"", ""brand_kor"": ""쿠어"", ""brand_no"": 15326, ""category1"": ""남성의류"", ""category2"": ""상의"", ""category3"": ""긴소매 티셔츠"", ""category3_code"": 272103102, ""is_new"": false, ""item_no"": 4129326, ""period_sort"": ""ONE_DAY"", ""platform"": ""29cm"", ""ranking_category_code"": ""272103100"", ""ranking_category_name"": ""남성의류>상의"", ""review_avg"": 5.0, ""sale_percent"": 10, ""sale_price"": 68400, ""sold_out"": false, ""url"": ""https://product.29cm.co.kr/catalog/4129326""}",2026-10-10T13:00:06+00:00_caa68351
2026-10-10T22:00:06+09:00,2026-10-10T13:00:07+00:00,commerce_rank,레귤러핏 와플 롱 슬리브 (멜란지그레이),29cm:4129326,review_count,3.0,"{""brand_eng"": ""COOR"", ""brand_kor"": ""쿠어"", ""brand_no"": 15326, ""category1"": ""남성의류"", ""category2"": ""상의"", ""category3"": ""긴소매 티셔츠"", ""category3_code"": 272103102, ""is_new"": false, ""item_no"": 4129326, ""period_sort"": ""ONE_DAY"", ""platform"": ""29cm"", ""ranking_category_code"": ""272103100"", ""ranking_category_name"": ""남성의류>상의"", ""review_avg"": 5.0, ""sale_percent"": 10, ""sale_price"": 68400, ""sold_out"": false, ""url"": ""https://product.29cm.co.kr/catalog/4129326""}",2026-10-10T13:00:06+00:00_caa68351
2026-10-10T22:00:06+09:00,2026-10-10T13:00:07+00:00,commerce_rank,레귤러핏 와플 롱 슬리브 (멜란지그레이),29cm:4129326@272103100,rank,6.0,"{""brand_eng"": ""COOR"", ""brand_kor"": ""쿠어"", ""brand_no"": 15326, ""category1"": ""남성의류"", ""category2"": ""상의"", ""category3"": ""긴소매 티셔츠"", ""category3_code"": 272103102, ""is_new"": false, ""item_no"": 4129326, ""period_sort"": ""ONE_DAY"", ""platform"": ""29cm"", ""ranking_category_code"": ""272103100"", ""ranking_category_name"": ""남성의류>상의"", ""review_avg"": 5.0, ""sale_percent"": 10, ""sale_price"": 68400, ""sold_out"": false, ""url"": ""https://product.29cm.co.kr/catalog/4129326""}",2026-10-10T13:00:06+00:00_caa68351
2026-10-10T22:00:06+09:00,2026-10-10T13:00:06+00:00,commerce_rank,[29EDITION X 알로하]Oasis Blooming Sweatshirt_CLOUD,29cm:4130049,heart_count,6299.0,"{""brand_eng"": ""WEDNESDAYOASIS"", ""brand_kor"": ""웬즈데이오아시스"", ""brand_no"": 69104, ""category1"": ""여성의류"", ""category2"": ""상의"", ""category3"": ""스웨트셔츠"", ""category3_code"": 268103104, ""is_new"": false, ""item_no"": 4130049, ""period_sort"": ""ONE_DAY"", ""platform"": ""29cm"", ""ranking_category_code"": ""268103100"", ""ranking_category_name"": ""여성의류>상의"", ""review_avg"": 5.0, ""sale_percent"": 37, ""sale_price"": 39690, ""sold_out"": false, ""url"": ""https://product.29cm.co.kr/catalog/4130049""}",2026-10-10T13:00:06+00:00_caa68351
2026-10-10T22:00:06+09:00,2026-10-10T13:00:06+00:00,commerce_rank,[29EDITION X 알로하]Oasis Blooming Sweatshirt_CLOUD,29cm:4130049,review_count,113.0,"{""brand_eng"": ""WEDNESDAYOASIS"", ""brand_kor"": ""웬즈데이오아시스"", ""brand_no"": 69104, ""category1"": ""여성의류"", ""category2"": ""상의"", ""category3"": ""스웨트셔츠"", ""category3_code"": 268103104, ""is_new"": false, ""item_no"": 4130049, ""period_sort"": ""ONE_DAY"", ""platform"": ""29cm"", ""ranking_category_code"": ""268103100"", ""ranking_category_name"": ""여성의류>상의"", ""review_avg"": 5.0, ""sale_percent"": 37, ""sale_price"": 39690, ""sold_out"": false, ""url"": ""https://product.29cm.co.kr/catalog/4130049""}",2026-10-10T13:00:06+00:00_caa68351
2026-10-10T22:00:06+09:00,2026-10-10T13:00:06+00:00,commerce_rank,[29EDITION X 알로하]Oasis Blooming Sweatshirt_CLOUD,29cm:4130049@268103100,rank,20.0,"{""brand_eng"": ""WEDNESDAYOASIS"", ""brand_kor"": ""웬즈데이오아시스"", ""brand_no"": 69104, ""category1"": ""여성의류"", ""category2"": ""상의"", ""category3"": ""스웨트셔츠"", ""category3_code"": 268103104, ""is_new"": false, ""item_no"": 4130049, ""period_sort"": ""ONE_DAY"", ""platform"": ""29cm"", ""ranking_category_code"": ""268103100"", ""ranking_category_name"": ""여성의류>상의"", ""review_avg"": 5.0, ""sale_percent"": 37, ""sale_price"": 39690, ""sold_out"": false, ""url"": ""https://product.29cm.co.kr/catalog/4130049""}",2026-10-10T13:00:06+00:00_caa68351
2026-10-10T22:00:06+09:00,2026-10-10T13:00:06+00:00,commerce_rank,[29EDITION X 알로하]Oasis Blooming Sweatshirt_OATMEAL,29cm:4130050,heart_count,1822.0,"{""brand_eng"": ""WEDNESDAYOASIS"", ""brand_kor"": ""웬즈데이오아시스"", ""brand_no"": 69104, ""category1"": ""여성의류"", ""category2"": ""상의"", ""category3"": ""스웨트셔츠"", ""category3_code"": 268103104, ""is_new"": false, ""item_no"": 4130050, ""period_sort"": ""ONE_DAY"", ""platform"": ""29cm"", ""ranking_category_code"": ""268103100"", ""ranking_category_name"": ""여성의류>상의"", ""review_avg"": 4.5, ""sale_percent"": 37, ""sale_price"": 39690, ""sold_out"": false, ""url"": ""https://product.29cm.co.kr/catalog/4130050""}",2026-10-10T13:00:06+00:00_caa68351
2026-10-10T22:00:06+09:00,2026-10-10T13:00:06+00:00,commerce_rank,[29EDITION X 알로하]Oasis Blooming Sweatshirt_OATMEAL,29cm:4130050,review_count,78.0,"{""brand_eng"": ""WEDNESDAYOASIS"", ""brand_kor"": ""웬즈데이오아시스"", ""brand_no"": 69104, ""category1"": ""여성의류"", ""category2"": ""상의"", ""category3"": ""스웨트셔츠"", ""category3_code"": 268103104, ""is_new"": false, ""item_no"": 4130050, ""period_sort"": ""ONE_DAY"", ""platform"": ""29cm"", ""ranking_category_code"": ""268103100"", ""ranking_category_name"": ""여성의류>상의"", ""review_avg"": 4.5, ""sale_percent"": 37, ""sale_price"": 39690, ""sold_out"": false, ""url"": ""https://product.29cm.co.kr/catalog/4130050""}",2026-10-10T13:00:06+00:00_caa68351
2026-10-10T22:00:06+09:00,2026-10-10T13:00:06+00:00,commerce_rank,[29EDITION X 알로하]Oasis Blooming Sweatshirt_OATMEAL,29cm:4130050@268103100,rank,97.0,"{""brand_eng"": ""WEDNESDAYOASIS"", ""brand_kor"": ""웬즈데이오아시스"", ""brand_no"": 69104, ""category1"": ""여성의류"", ""category2"": ""상의"", ""category3"": ""스웨트셔츠"", ""category3_code"": 268103104, ""is_new"": false, ""item_no"": 4130050, ""period_sort"": ""ONE_DAY"", ""platform"": ""29cm"", ""ranking_category_code"": ""268103100"", ""ranking_category_name"": ""여성의류>상의"", ""review_avg"": 4.5, ""sale_percent"": 37, ""sale_price"": 39690, ""sold_out"": false, ""url"": ""https://product.29cm.co.kr/catalog/4130050""}",2026-10-10T13:00:06+00:00_caa68351
2026-10-10T22:00:06+09:00,2026-10-10T13:00:07+00:00,commerce_rank,Comfort Shirt_Stripe - 4 Color,29cm:4131380,heart_count,101.0,"{""brand_eng"": ""POTTERY"", ""brand_kor"": ""포터리"", ""brand_no"": 3453, ""category1"": ""남성의류"", ""category2"": ""상의"", ""category3"": ""긴소매 셔츠"", ""category3_code"": 272103106, ""is_new"": false, ""item_no"": 4131380, ""period_sort"": ""ONE_DAY"", ""platform"": ""29cm"", ""ranking_category_code"": ""272103100"", ""ranking_category_name"": ""남성의류>상의"", ""review_avg"": 5.0, ""sale_percent"": 10, ""sale_price"": 170280, ""sold_out"": false, ""url"": ""https://product.29cm.co.kr/catalog/4131380""}",2026-10-10T13:00:06+00:00_caa68351
2026-10-10T22:00:06+09:00,2026-10-10T13:00:07+00:00,commerce_rank,Comfort Shirt_Stripe - 4 Color,29cm:4131380,review_count,7.0,"{""brand_eng"": ""POTTERY"", ""brand_kor"": ""포터리"", ""brand_no"": 3453, ""category1"": ""남성의류"", ""category2"": ""상의"", ""category3"": ""긴소매 셔츠"", ""category3_code"": 272103106, ""is_new"": false, ""item_no"": 4131380, ""period_sort"": ""ONE_DAY"", ""platform"": ""29cm"", ""ranking_category_code"": ""272103100"", ""ranking_category_name"": ""남성의류>상의"", ""review_avg"": 5.0, ""sale_percent"": 10, ""sale_price"": 170280, ""sold_out"": false, ""url"": ""https://product.29cm.co.kr/catalog/4131380""}",2026-10-10T13:00:06+00:00_caa68351
2026-10-10T22:00:06+09:00,2026-10-10T13:00:07+00:00,commerce_rank,Comfort Shirt_Stripe - 4 Color,29cm:4131380@272103100,rank,89.0,"{""brand_eng"": ""POTTERY"", ""brand_kor"": ""포터리"", ""brand_no"": 3453, ""category1"": ""남성의류"", ""category2"": ""상의"", ""category3"": ""긴소매 셔츠"", ""category3_code"": 272103106, ""is_new"": false, ""item_no"": 4131380, ""period_sort"": ""ONE_DAY"", ""platform"": ""29cm"", ""ranking_category_code"": ""272103100"", ""ranking_category_name"": ""남성의류>상의"", ""review_avg"": 5.0, ""sale_percent"": 10, ""sale_price"": 170280, ""sold_out"": false, ""url"": ""https://product.29cm.co.kr/catalog/4131380""}",2026-10-10T13:00:06+00:00_caa68351
2026-10-10T22:00:06+09:00,2026-10-10T13:00:06+00:00,commerce_rank,[9th] Pecan Waffle Raglan Long Top - Grey(Navy),29cm:4132890,heart_count,2094.0,"{""brand_eng"": ""SOMEWHEREBUTTER"", ""brand_kor"": ""썸웨어버터"", ""brand_no"": 18640, ""category1"": ""여성의류"", ""category2"": ""상의"", ""category3"": ""긴소매 티셔츠"", ""category3_code"": 268103102, ""is_new"": false, ""item_no"": 4132890, ""period_sort"": ""ONE_DAY"", ""platform"": ""29cm"", ""ranking_category_code"": ""268103100"", ""ranking_category_name"": ""여성의류>상의"", ""review_avg"": 5.0, ""sale_percent"": 10, ""sale_price"": 71100, ""sold_out"": false, ""url"": ""https://product.29cm.co.kr/catalog/4132890""}",2026-10-10T13:00:06+00:00_caa68351
2026-10-10T22:00:06+09:00,2026-10-10T13:00:06+00:00,commerce_rank,[9th] Pecan Waffle Raglan Long Top - Grey(Navy),29cm:4132890,review_count,43.0,"{""brand_eng"": ""SOMEWHEREBUTTER"", ""brand_kor"": ""썸웨어버터"", ""brand_no"": 18640, ""category1"": ""여성의류"", ""category2"": ""상의"", ""category3"": ""긴소매 티셔츠"", ""category3_code"": 268103102, ""is_new"": false, ""item_no"": 4132890, ""period_sort"": ""ONE_DAY"", ""platform"": ""29cm"", ""ranking_category_code"": ""268103100"", ""ranking_category_name"": ""여성의류>상의"", ""review_avg"": 5.0, ""sale_percent"": 10, ""sale_price"": 71100, ""sold_out"": false, ""url"": ""https://product.29cm.co.kr/catalog/4132890""}",2026-10-10T13:00:06+00:00_caa68351
2026-10-10T22:00:06+09:00,2026-10-10T13:00:06+00:00,commerce_rank,[9th] Pecan Waffle Raglan Long Top - Grey(Navy),29cm:4132890@268103100,rank,45.0,"{""brand_eng"": ""SOMEWHEREBUTTER"", ""brand_kor"": ""썸웨어버터"", ""brand_no"": 18640, ""category1"": ""여성의류"", ""category2"": ""상의"", ""category3"": ""긴소매 티셔츠"", ""category3_code"": 268103102, ""is_new"": false, ""item_no"": 4132890, ""period_sort"": ""ONE_DAY"", ""platform"": ""29cm"", ""ranking_category_code"": ""268103100"", ""ranking_category_name"": ""여성의류>상의"", ""review_avg"": 5.0, ""sale_percent"": 10, ""sale_price"": 71100, ""sold_out"": false, ""url"": ""https://product.29cm.co.kr/catalog/4132890""}",2026-10-10T13:00:06+00:00_caa68351
2026-10-10T22:00:06+09:00,2026-10-10T13:00:06+00:00,commerce_rank,[8th] Pecan Waffle Raglan Long Top - Light Blue(Black),29cm:4132891,heart_count,1217.0,"{""brand_eng"": ""SOMEWHEREBUTTER"", ""brand_kor"": ""썸웨어버터"", ""brand_no"": 18640, ""category1"": ""여성의류"", ""category2"": ""상의"", ""category3"": ""긴소매 티셔츠"", ""category3_code"": 268103102, ""is_new"": false, ""item_no"": 4132891, ""period_sort"": ""ONE_DAY"", ""platform"": ""29cm"", ""ranking_category_code"": ""268103100"", ""ranking_category_name"": ""여성의류>상의"", ""review_avg"": 5.0, ""sale_percent"": 10, ""sale_price"": 71100, ""sold_out"": false, ""url"": ""https://product.29cm.co.kr/catalog/4132891""}",2026-10-10T13:00:06+00:00_caa68351
2026-10-10T22:00:06+09:00,2026-10-10T13:00:06+00:00,commerce_rank,[8th] Pecan Waffle Raglan Long Top - Light Blue(Black),29cm:4132891,review_count,10.0,"{""brand_eng"": ""SOMEWHEREBUTTER"", ""brand_kor"": ""썸웨어버터"", ""brand_no"": 18640, ""category1"": ""여성의류"", ""category2"": ""상의"", ""category3"": ""긴소매 티셔츠"", ""category3_code"": 268103102, ""is_new"": false, ""item_no"": 4132891, ""period_sort"": ""ONE_DAY"", ""platform"": ""29cm"", ""ranking_category_code"": ""268103100"", ""ranking_category_name"": ""여성의류>상의"", ""review_avg"": 5.0, ""sale_percent"": 10, ""sale_price"": 71100, ""sold_out"": false, ""url"": ""https://product.29cm.co.kr/catalog/4132891""}",2026-10-10T13:00:06+00:00_caa68351
2026-10-10T22:00:06+09:00,2026-10-10T13:00:06+00:00,commerce_rank,[8th] Pecan Waffle Raglan Long Top - Light Blue(Black),29cm:4132891@268103100,rank,80.0,"{""brand_eng"": ""SOMEWHEREBUTTER"", ""brand_kor"": ""썸웨어버터"", ""brand_no"": 18640, ""category1"": ""여성의류"", ""category2"": ""상의"", ""category3"": ""긴소매 티셔츠"", ""category3_code"": 268103102, ""is_new"": false, ""item_no"": 4132891, ""period_sort"": ""ONE_DAY"", ""platform"": ""29cm"", ""ranking_category_code"": ""268103100"", ""ranking_category_name"": ""여성의류>상의"", ""review_avg"": 5.0, ""sale_percent"": 10, ""sale_price"": 71100, ""sold_out"": false, ""url"": ""https://product.29cm.co.kr/catalog/4132891""}",2026-10-10T13:00:06+00:00_caa68351
2026-10-10T22:00:06+09:00,2026-10-10T13:00:07+00:00,commerce_rank,DISTRESSED BASEBALL L/S SHIRTS d.purple/heather,29cm:4132943,heart_count,134.0,"{""brand_eng"": ""beheavyer"", ""brand_kor"": ""비헤비어"", ""brand_no"": 1897, ""category1"": ""남성의류"", ""category2"": ""상의"", ""category3"": ""긴소매 티셔츠"", ""category3_code"": 272103102, ""is_new"": false, ""item_no"": 4132943, ""period_sort"": ""ONE_DAY"", ""platform"": ""29cm"", ""ranking_category_code"": ""272103100"", ""ranking_category_name"": ""남성의류>상의"", ""review_avg"": 0.0, ""sale_percent"": 0, ""sale_price"": 119000, ""sold_out"": false, ""url"": ""https://product.29cm.co.kr/catalog/4132943""}",2026-10-10T13:00:06+00:00_caa68351
2026-10-10T22:00:06+09:00,2026-10-10T13:00:07+00:00,commerce_rank,DISTRESSED BASEBALL L/S SHIRTS d.purple/heather,29cm:4132943,review_count,0.0,"{""brand_eng"": ""beheavyer"", ""brand_kor"": ""비헤비어"", ""brand_no"": 1897, ""category1"": ""남성의류"", ""category2"": ""상의"", ""category3"": ""긴소매 티셔츠"", ""category3_code"": 272103102, ""is_new"": false, ""item_no"": 4132943, ""period_sort"": ""ONE_DAY"", ""platform"": ""29cm"", ""ranking_category_code"": ""272103100"", ""ranking_category_name"": ""남성의류>상의"", ""review_avg"": 0.0, ""sale_percent"": 0, ""sale_price"": 119000, ""sold_out"": false, ""url"": ""https://product.29cm.co.kr/catalog/4132943""}",2026-10-10T13:00:06+00:00_caa68351
2026-10-10T22:00:06+09:00,2026-10-10T13:00:07+00:00,commerce_rank,DISTRESSED BASEBALL L/S SHIRTS d.purple/heather,29cm:4132943@272103100,rank,24.0,"{""brand_eng"": ""beheavyer"", ""brand_kor"": ""비헤비어"", ""brand_no"": 1897, ""category1"": ""남성의류"", ""category2"": ""상의"", ""category3"": ""긴소매 티셔츠"", ""category3_code"": 272103102, ""is_new"": false, ""item_no"": 4132943, ""period_sort"": ""ONE_DAY"", ""platform"": ""29cm"", ""ranking_category_code"": ""272103100"", ""ranking_category_name"": ""남성의류>상의"", ""review_avg"": 0.0, ""sale_percent"": 0, ""sale_price"": 119000, ""sold_out"": false, ""url"": ""https://product.29cm.co.kr/catalog/4132943""}",2026-10-10T13:00:06+00:00_caa68351
2026-10-10T22:00:06+09:00,2026-10-10T13:00:06+00:00,commerce_rank,V Layered Tee Purple,29cm:4134050,heart_count,1528.0,"{""brand_eng"": ""RENSE"", ""brand_kor"": ""렌세"", ""brand_no"": 72648, ""category1"": ""여성의류"", ""category2"": ""상의"", ""category3"": ""긴소매 티셔츠"", ""category3_code"": 268103102, ""is_new"": false, ""item_no"": 4134050, ""period_sort"": ""ONE_DAY"", ""platform"": ""29cm"", ""ranking_category_code"": ""268103100"", ""ranking_category_name"": ""여성의류>상의"", ""review_avg"": 4.5, ""sale_percent"": 28, ""sale_price"": 33840, ""sold_out"": false, ""url"": ""https://product.29cm.co.kr/catalog/4134050""}",2026-10-10T13:00:06+00:00_caa68351
2026-10-10T22:00:06+09:00,2026-10-10T13:00:06+00:00,commerce_rank,V Layered Tee Purple,29cm:4134050,review_count,26.0,"{""brand_eng"": ""RENSE"", ""brand_kor"": ""렌세"", ""brand_no"": 72648, ""category1"": ""여성의류"", ""category2"": ""상의"", ""category3"": ""긴소매 티셔츠"", ""category3_code"": 268103102, ""is_new"": false, ""item_no"": 4134050, ""period_sort"": ""ONE_DAY"", ""platform"": ""29cm"", ""ranking_category_code"": ""268103100"", ""ranking_category_name"": ""여성의류>상의"", ""review_avg"": 4.5, ""sale_percent"": 28, ""sale_price"": 33840, ""sold_out"": false, ""url"": ""https://product.29cm.co.kr/catalog/4134050""}",2026-10-10T13:00:06+00:00_caa68351
2026-10-10T22:00:06+09:00,2026-10-10T13:00:06+00:00,commerce_rank,V Layered Tee Purple,29cm:4134050@268103100,rank,74.0,"{""brand_eng"": ""RENSE"", ""brand_kor"": ""렌세"", ""brand_no"": 72648, ""category1"": ""여성의류"", ""category2"": ""상의"", ""category3"": ""긴소매 티셔츠"", ""category3_code"": 268103102, ""is_new"": false, ""item_no"": 4134050, ""period_sort"": ""ONE_DAY"", ""platform"": ""29cm"", ""ranking_category_code"": ""268103100"", ""ranking_category_name"": ""여성의류>상의"", ""review_avg"": 4.5, ""sale_percent"": 28, ""sale_price"": 33840, ""sold_out"": false, ""url"": ""https://product.29cm.co.kr/catalog/4134050""}",2026-10-10T13:00:06+00:00_caa68351
2026-10-10T22:00:06+09:00,2026-10-10T13:00:07+00:00,commerce_rank,GUSSET RAGLAN L/S T-SHIRT [BLUE],29cm:4134340,heart_count,714.0,"{""brand_eng"": ""UNION BLUE"", ""brand_kor"": ""유니온 블루"", ""brand_no"": 13510, ""category1"": ""남성의류"", ""category2"": ""상의"", ""category3"": ""긴소매 티셔츠"", ""category3_code"": 272103102, ""is_new"": false, ""item_no"": 4134340, ""period_sort"": ""ONE_DAY"", ""platform"": ""29cm"", ""ranking_category_code"": ""272103100"", ""ranking_category_name"": ""남성의류>상의"", ""review_avg"": 5.0, ""sale_percent"": 10, ""sale_price"": 70200, ""sold_out"": false, ""url"": ""https://product.29cm.co.kr/catalog/4134340""}",2026-10-10T13:00:06+00:00_caa68351
2026-10-10T22:00:06+09:00,2026-10-10T13:00:07+00:00,commerce_rank,GUSSET RAGLAN L/S T-SHIRT [BLUE],29cm:4134340,review_count,5.0,"{""brand_eng"": ""UNION BLUE"", ""brand_kor"": ""유니온 블루"", ""brand_no"": 13510, ""category1"": ""남성의류"", ""category2"": ""상의"", ""category3"": ""긴소매 티셔츠"", ""category3_code"": 272103102, ""is_new"": false, ""item_no"": 4134340, ""period_sort"": ""ONE_DAY"", ""platform"": ""29cm"", ""ranking_category_code"": ""272103100"", ""ranking_category_name"": ""남성의류>상의"", ""review_avg"": 5.0, ""sale_percent"": 10, ""sale_price"": 70200, ""sold_out"": false, ""url"": ""https://product.29cm.co.kr/catalog/4134340""}",2026-10-10T13:00:06+00:00_caa68351
2026-10-10T22:00:06+09:00,2026-10-10T13:00:07+00:00,commerce_rank,GUSSET RAGLAN L/S T-SHIRT [BLUE],29cm:4134340@272103100,rank,19.0,"{""brand_eng"": ""UNION BLUE"", ""brand_kor"": ""유니온 블루"", ""brand_no"": 13510, ""category1"": ""남성의류"", ""category2"": ""상의"", ""category3"": ""긴소매 티셔츠"", ""category3_code"": 272103102, ""is_new"": false, ""item_no"": 4134340, ""period_sort"": ""ONE_DAY"", ""platform"": ""29cm"", ""ranking_category_code"": ""272103100"", ""ranking_category_name"": ""남성의류>상의"", ""review_avg"": 5.0, ""sale_percent"": 10, ""sale_price"": 70200, ""sold_out"": false, ""url"": ""https://product.29cm.co.kr/catalog/4134340""}",2026-10-10T13:00:06+00:00_caa68351
2026-10-10T22:00:06+09:00,2026-10-10T13:00:06+00:00,commerce_rank,"[4th REORDER, 10/19 예약배송] LACE-DETAILED SLEEVELESS TOP (GREY)",29cm:4135019,heart_count,3962.0,"{""brand_eng"": ""LCDC TM"", ""brand_kor"": ""엘씨디씨 티엠"", ""brand_no"": 20882, ""category1"": ""여성의류"", ""category2"": ""상의"", ""category3"": ""긴소매 티셔츠"", ""category3_code"": 268103102, ""is_new"": false, ""item_no"": 4135019, ""period_sort"": ""ONE_DAY"", ""platform"": ""29cm"", ""ranking_category_code"": ""268103100"", ""ranking_category_name"": ""여성의류>상의"", ""review_avg"": 5.0, ""sale_percent"": 10, ""sale_price"": 116100, ""sold_out"": false, ""url"": ""https://product.29cm.co.kr/catalog/4135019""}",2026-10-10T13:00:06+00:00_caa68351
2026-10-10T22:00:06+09:00,2026-10-10T13:00:06+00:00,commerce_rank,"[4th REORDER, 10/19 예약배송] LACE-DETAILED SLEEVELESS TOP (GREY)",29cm:4135019,review_count,23.0,"{""brand_eng"": ""LCDC TM"", ""brand_kor"": ""엘씨디씨 티엠"", ""brand_no"": 20882, ""category1"": ""여성의류"", ""category2"": ""상의"", ""category3"": ""긴소매 티셔츠"", ""category3_code"": 268103102, ""is_new"": false, ""item_no"": 4135019, ""period_sort"": ""ONE_DAY"", ""platform"": ""29cm"", ""ranking_category_code"": ""268103100"", ""ranking_category_name"": ""여성의류>상의"", ""review_avg"": 5.0, ""sale_percent"": 10, ""sale_price"": 116100, ""sold_out"": false, ""url"": ""https://product.29cm.co.kr/catalog/4135019""}",2026-10-10T13:00:06+00:00_caa68351
2026-10-10T22:00:06+09:00,2026-10-10T13:00:06+00:00,commerce_rank,"[4th REORDER, 10/19 예약배송] LACE-DETAILED SLEEVELESS TOP (GREY)",29cm:4135019@268103100,rank,71.0,"{""brand_eng"": ""LCDC TM"", ""brand_kor"": ""엘씨디씨 티엠"", ""brand_no"": 20882, ""category1"": ""여성의류"", ""category2"": ""상의"", ""category3"": ""긴소매 티셔츠"", ""category3_code"": 268103102, ""is_new"": false, ""item_no"": 4135019, ""period_sort"": ""ONE_DAY"", ""platform"": ""29cm"", ""ranking_category_code"": ""268103100"", ""ranking_category_name"": ""여성의류>상의"", ""review_avg"": 5.0, ""sale_percent"": 10, ""sale_price"": 116100, ""sold_out"": false, ""url"": ""https://product.29cm.co.kr/catalog/4135019""}",2026-10-10T13:00:06+00:00_caa68351
2026-10-10T22:00:06+09:00,2026-10-10T13:00:07+00:00,commerce_rank,Raw Edge Pocket Long Sleeve Melange Gray,29cm:4135206,heart_count,837.0,"{""brand_eng"": ""partimento"", ""brand_kor"": ""파르티멘토"", ""brand_no"": 1588, ""category1"": ""여성의류"", ""category2"": ""상의"", ""category3"": ""긴소매 티셔츠"", ""category3_code"": 268103102, ""is_new"": false, ""item_no"": 4135206, ""period_sort"": ""ONE_DAY"", ""platform"": ""29cm"", ""ranking_category_code"": ""272103100"", ""ranking_category_name"": ""남성의류>상의"", ""review_avg"": 4.5, ""sale_percent"": 28, ""sale_price"": 29610, ""sold_out"": false, ""url"": ""https://product.29cm.co.kr/catalog/4135206""}",2026-10-10T13:00:06+00:00_caa68351
2026-10-10T22:00:06+09:00,2026-10-10T13:00:07+00:00,commerce_rank,Raw Edge Pocket Long Sleeve Melange Gray,29cm:4135206,review_count,30.0,"{""brand_eng"": ""partimento"", ""brand_kor"": ""파르티멘토"", ""brand_no"": 1588, ""category1"": ""여성의류"", ""category2"": ""상의"", ""category3"": ""긴소매 티셔츠"", ""category3_code"": 268103102, ""is_new"": false, ""item_no"": 4135206, ""period_sort"": ""ONE_DAY"", ""platform"": ""29cm"", ""ranking_category_code"": ""272103100"", ""ranking_category_name"": ""남성의류>상의"", ""review_avg"": 4.5, ""sale_percent"": 28, ""sale_price"": 29610, ""sold_out"": false, ""url"": ""https://product.29cm.co.kr/catalog/4135206""}",2026-10-10T13:00:06+00:00_caa68351
2026-10-10T22:00:06+09:00,2026-10-10T13:00:07+00:00,commerce_rank,Raw Edge Pocket Long Sleeve Melange Gray,29cm:4135206@272103100,rank,18.0,"{""brand_eng"": ""partimento"", ""brand_kor"": ""파르티멘토"", ""brand_no"": 1588, ""category1"": ""여성의류"", ""category2"": ""상의"", ""category3"": ""긴소매 티셔츠"", ""category3_code"": 268103102, ""is_new"": false, ""item_no"": 4135206, ""period_sort"": ""ONE_DAY"", ""platform"": ""29cm"", ""ranking_category_code"": ""272103100"", ""ranking_category_name"": ""남성의류>상의"", ""review_avg"": 4.5, ""sale_percent"": 28, ""sale_price"": 29610, ""sold_out"": false, ""url"": ""https://product.29cm.co.kr/catalog/4135206""}",2026-10-10T13:00:06+00:00_caa68351
2026-10-10T22:00:06+09:00,2026-10-10T13:00:07+00:00,commerce_rank,Raw Edge Pocket Long Sleeve Black,29cm:4135210,heart_count,238.0,"{""brand_eng"": ""partimento"", ""brand_kor"": ""파르티멘토"", ""brand_no"": 1588, ""category1"": ""여성의류"", ""category2"": ""상의"", ""category3"": ""긴소매 티셔츠"", ""category3_code"": 268103102, ""is_new"": false, ""item_no"": 4135210, ""period_sort"": ""ONE_DAY"", ""platform"": ""29cm"", ""ranking_category_code"": ""272103100"", ""ranking_category_name"": ""남성의류>상의"", ""review_avg"": 5.0, ""sale_percent"": 28, ""sale_price"": 29610, ""sold_out"": false, ""url"": ""https://product.29cm.co.kr/catalog/4135210""}",2026-10-10T13:00:06+00:00_caa68351
2026-10-10T22:00:06+09:00,2026-10-10T13:00:07+00:00,commerce_rank,Raw Edge Pocket Long Sleeve Black,29cm:4135210,review_count,17.0,"{""brand_eng"": ""partimento"", ""brand_kor"": ""파르티멘토"", ""brand_no"": 1588, ""category1"": ""여성의류"", ""category2"": ""상의"", ""category3"": ""긴소매 티셔츠"", ""category3_code"": 268103102, ""is_new"": false, ""item_no"": 4135210, ""period_sort"": ""ONE_DAY"", ""platform"": ""29cm"", ""ranking_category_code"": ""272103100"", ""ranking_category_name"": ""남성의류>상의"", ""review_avg"": 5.0, ""sale_percent"": 28, ""sale_price"": 29610, ""sold_out"": false, ""url"": ""https://product.29cm.co.kr/catalog/4135210""}",2026-10-10T13:00:06+00:00_caa68351
2026-10-10T22:00:06+09:00,2026-10-10T13:00:07+00:00,commerce_rank,Raw Edge Pocket Long Sleeve Black,29cm:4135210@272103100,rank,13.0,"{""brand_eng"": ""partimento"", ""brand_kor"": ""파르티멘토"", ""brand_no"": 1588, ""category1"": ""여성의류"", ""category2"": ""상의"", ""category3"": ""긴소매 티셔츠"", ""category3_code"": 268103102, ""is_new"": false, ""item_no"": 4135210, ""period_sort"": ""ONE_DAY"", ""platform"": ""29cm"", ""ranking_category_code"": ""272103100"", ""ranking_category_name"": ""남성의류>상의"", ""review_avg"": 5.0, ""sale_percent"": 28, ""sale_price"": 29610, ""sold_out"": false, ""url"": ""https://product.29cm.co.kr/catalog/4135210""}",2026-10-10T13:00:06+00:00_caa68351
2026-10-10T22:00:06+09:00,2026-10-10T13:00:06+00:00,commerce_rank,[29CM 단독] (8차_10/13 순차배송) 데일리 레글런 티셔츠 (라벤더),29cm:4135750,heart_count,4115.0,"{""brand_eng"": ""FOREU"", ""brand_kor"": ""포르어"", ""brand_no"": 95874, ""category1"": ""여성의류"", ""category2"": ""상의"", ""category3"": ""긴소매 티셔츠"", ""category3_code"": 268103102, ""is_new"": false, ""item_no"": 4135750, ""period_sort"": ""ONE_DAY"", ""platform"": ""29cm"", ""ranking_category_code"": ""268103100"", ""ranking_category_name"": ""여성의류>상의"", ""review_avg"": 5.0, ""sale_percent"": 25, ""sale_price"": 48000, ""sold_out"": false, ""url"": ""https://product.29cm.co.kr/catalog/4135750""}",2026-10-10T13:00:06+00:00_caa68351
2026-10-10T22:00:06+09:00,2026-10-10T13:00:06+00:00,commerce_rank,[29CM 단독] (8차_10/13 순차배송) 데일리 레글런 티셔츠 (라벤더),29cm:4135750,review_count,81.0,"{""brand_eng"": ""FOREU"", ""brand_kor"": ""포르어"", ""brand_no"": 95874, ""category1"": ""여성의류"", ""category2"": ""상의"", ""category3"": ""긴소매 티셔츠"", ""category3_code"": 268103102, ""is_new"": false, ""item_no"": 4135750, ""period_sort"": ""ONE_DAY"", ""platform"": ""29cm"", ""ranking_category_code"": ""268103100"", ""ranking_category_name"": ""여성의류>상의"", ""review_avg"": 5.0, ""sale_percent"": 25, ""sale_price"": 48000, ""sold_out"": false, ""url"": ""https://product.29cm.co.kr/catalog/4135750""}",2026-10-10T13:00:06+00:00_caa68351
2026-10-10T22:00:06+09:00,2026-10-10T13:00:06+00:00,commerce_rank,[29CM 단독] (8차_10/13 순차배송) 데일리 레글런 티셔츠 (라벤더),29cm:4135750@268103100,rank,66.0,"{""brand_eng"": ""FOREU"", ""brand_kor"": ""포르어"", ""brand_no"": 95874, ""category1"": ""여성의류"", ""category2"": ""상의"", ""category3"": ""긴소매 티셔츠"", ""category3_code"": 268103102, ""is_new"": false, ""item_no"": 4135750, ""period_sort"": ""ONE_DAY"", ""platform"": ""29cm"", ""ranking_category_code"": ""268103100"", ""ranking_category_name"": ""여성의류>상의"", ""review_avg"": 5.0, ""sale_percent"": 25, ""sale_price"": 48000, ""sold_out"": false, ""url"": ""https://product.29cm.co.kr/catalog/4135750""}",2026-10-10T13:00:06+00:00_caa68351
2026-10-10T22:00:06+09:00,2026-10-10T13:00:07+00:00,commerce_rank,멘즈 라이트웨이트 신칠라 스냅-티 풀오버 25551R7,29cm:4136312,heart_count,1129.0,"{""brand_eng"": ""PATAGONIA"", ""brand_kor"": ""파타고니아"", ""brand_no"": 34278, ""category1"": ""남성의류"", ""category2"": ""상의"", ""category3"": ""스웨트셔츠"", ""category3_code"": 272103107, ""is_new"": false, ""item_no"": 4136312, ""period_sort"": ""ONE_DAY"", ""platform"": ""29cm"", ""ranking_category_code"": ""272103100"", ""ranking_category_name"": ""남성의류>상의"", ""review_avg"": 5.0, ""sale_percent"": 5, ""sale_price"": 227050, ""sold_out"": false, ""url"": ""https://product.29cm.co.kr/catalog/4136312""}",2026-10-10T13:00:06+00:00_caa68351
2026-10-10T22:00:06+09:00,2026-10-10T13:00:07+00:00,commerce_rank,멘즈 라이트웨이트 신칠라 스냅-티 풀오버 25551R7,29cm:4136312,review_count,9.0,"{""brand_eng"": ""PATAGONIA"", ""brand_kor"": ""파타고니아"", ""brand_no"": 34278, ""category1"": ""남성의류"", ""category2"": ""상의"", ""category3"": ""스웨트셔츠"", ""category3_code"": 272103107, ""is_new"": false, ""item_no"": 4136312, ""period_sort"": ""ONE_DAY"", ""platform"": ""29cm"", ""ranking_category_code"": ""272103100"", ""ranking_category_name"": ""남성의류>상의"", ""review_avg"": 5.0, ""sale_percent"": 5, ""sale_price"": 227050, ""sold_out"": false, ""url"": ""https://product.29cm.co.kr/catalog/4136312""}",2026-10-10T13:00:06+00:00_caa68351
2026-10-10T22:00:06+09:00,2026-10-10T13:00:07+00:00,commerce_rank,멘즈 라이트웨이트 신칠라 스냅-티 풀오버 25551R7,29cm:4136312@272103100,rank,54.0,"{""brand_eng"": ""PATAGONIA"", ""brand_kor"": ""파타고니아"", ""brand_no"": 34278, ""category1"": ""남성의류"", ""category2"": ""상의"", ""category3"": ""스웨트셔츠"", ""category3_code"": 272103107, ""is_new"": false, ""item_no"": 4136312, ""period_sort"": ""ONE_DAY"", ""platform"": ""29cm"", ""ranking_category_code"": ""272103100"", ""ranking_category_name"": ""남성의류>상의"", ""review_avg"": 5.0, ""sale_percent"": 5, ""sale_price"": 227050, ""sold_out"": false, ""url"": ""https://product.29cm.co.kr/catalog/4136312""}",2026-10-10T13:00:06+00:00_caa68351
2026-10-10T22:00:06+09:00,2026-10-10T13:00:06+00:00,commerce_rank,[1차 리오더] Sheer boatneck raglan t-shirt_4colors,29cm:4137017,heart_count,3191.0,"{""brand_eng"": ""URAGO"", ""brand_kor"": ""유라고"", ""brand_no"": 2221, ""category1"": ""여성의류"", ""category2"": ""상의"", ""category3"": ""긴소매 티셔츠"", ""category3_code"": 268103102, ""is_new"": false, ""item_no"": 4137017, ""period_sort"": ""ONE_DAY"", ""platform"": ""29cm"", ""ranking_category_code"": ""268103100"", ""ranking_category_name"": ""여성의류>상의"", ""review_avg"": 4.5, ""sale_percent"": 10, ""sale_price"": 52200, ""sold_out"": false, ""url"": ""https://product.29cm.co.kr/catalog/4137017""}",2026-10-10T13:00:06+00:00_caa68351
2026-10-10T22:00:06+09:00,2026-10-10T13:00:06+00:00,commerce_rank,[1차 리오더] Sheer boatneck raglan t-shirt_4colors,29cm:4137017,review_count,23.0,"{""brand_eng"": ""URAGO"", ""brand_kor"": ""유라고"", ""brand_no"": 2221, ""category1"": ""여성의류"", ""category2"": ""상의"", ""category3"": ""긴소매 티셔츠"", ""category3_code"": 268103102, ""is_new"": false, ""item_no"": 4137017, ""period_sort"": ""ONE_DAY"", ""platform"": ""29cm"", ""ranking_category_code"": ""268103100"", ""ranking_category_name"": ""여성의류>상의"", ""review_avg"": 4.5, ""sale_percent"": 10, ""sale_price"": 52200, ""sold_out"": false, ""url"": ""https://product.29cm.co.kr/catalog/4137017""}",2026-10-10T13:00:06+00:00_caa68351
2026-10-10T22:00:06+09:00,2026-10-10T13:00:06+00:00,commerce_rank,[1차 리오더] Sheer boatneck raglan t-shirt_4colors,29cm:4137017@268103100,rank,51.0,"{""brand_eng"": ""URAGO"", ""brand_kor"": ""유라고"", ""brand_no"": 2221, ""category1"": ""여성의류"", ""category2"": ""상의"", ""category3"": ""긴소매 티셔츠"", ""category3_code"": 268103102, ""is_new"": false, ""item_no"": 4137017, ""period_sort"": ""ONE_DAY"", ""platform"": ""29cm"", ""ranking_category_code"": ""268103100"", ""ranking_category_name"": ""여성의류>상의"", ""review_avg"": 4.5, ""sale_percent"": 10, ""sale_price"": 52200, ""sold_out"": false, ""url"": ""https://product.29cm.co.kr/catalog/4137017""}",2026-10-10T13:00:06+00:00_caa68351
2026-10-10T22:00:06+09:00,2026-10-10T13:00:07+00:00,commerce_rank,남녀공용 오리진 헨리넥 무지 롱 슬리브 세미 크롭 긴팔 티셔츠_6colors,29cm:4142830,heart_count,75.0,"{""brand_eng"": ""NUARTSTUDIO"", ""brand_kor"": ""누아트스튜디오"", ""brand_no"": 21874, ""category1"": ""남성의류"", ""category2"": ""상의"", ""category3"": ""긴소매 티셔츠"", ""category3_code"": 272103102, ""is_new"": false, ""item_no"": 4142830, ""period_sort"": ""ONE_DAY"", ""platform"": ""29cm"", ""ranking_category_code"": ""272103100"", ""ranking_category_name"": ""남성의류>상의"", ""review_avg"": 3.0, ""sale_percent"": 70, ""sale_price"": 11920, ""sold_out"": false, ""url"": ""https://product.29cm.co.kr/catalog/4142830""}",2026-10-10T13:00:06+00:00_caa68351
2026-10-10T22:00:06+09:00,2026-10-10T13:00:07+00:00,commerce_rank,남녀공용 오리진 헨리넥 무지 롱 슬리브 세미 크롭 긴팔 티셔츠_6colors,29cm:4142830,review_count,2.0,"{""brand_eng"": ""NUARTSTUDIO"", ""brand_kor"": ""누아트스튜디오"", ""brand_no"": 21874, ""category1"": ""남성의류"", ""category2"": ""상의"", ""category3"": ""긴소매 티셔츠"", ""category3_code"": 272103102, ""is_new"": false, ""item_no"": 4142830, ""period_sort"": ""ONE_DAY"", ""platform"": ""29cm"", ""ranking_category_code"": ""272103100"", ""ranking_category_name"": ""남성의류>상의"", ""review_avg"": 3.0, ""sale_percent"": 70, ""sale_price"": 11920, ""sold_out"": false, ""url"": ""https://product.29cm.co.kr/catalog/4142830""}",2026-10-10T13:00:06+00:00_caa68351
2026-10-10T22:00:06+09:00,2026-10-10T13:00:07+00:00,commerce_rank,남녀공용 오리진 헨리넥 무지 롱 슬리브 세미 크롭 긴팔 티셔츠_6colors,29cm:4142830@272103100,rank,12.0,"{""brand_eng"": ""NUARTSTUDIO"", ""brand_kor"": ""누아트스튜디오"", ""brand_no"": 21874, ""category1"": ""남성의류"", ""category2"": ""상의"", ""category3"": ""긴소매 티셔츠"", ""category3_code"": 272103102, ""is_new"": false, ""item_no"": 4142830, ""period_sort"": ""ONE_DAY"", ""platform"": ""29cm"", ""ranking_category_code"": ""272103100"", ""ranking_category_name"": ""남성의류>상의"", ""review_avg"": 3.0, ""sale_percent"": 70, ""sale_price"": 11920, ""sold_out"": false, ""url"": ""https://product.29cm.co.kr/catalog/4142830""}",2026-10-10T13:00:06+00:00_caa68351
2026-10-10T22:00:06+09:00,2026-10-10T13:00:06+00:00,commerce_rank,"[토모토모, 여울 PICK] 울 텐셀 라운드넥 긴팔 티셔츠 MDTS111_6 Colors",29cm:4147742,heart_count,932.0,"{""brand_eng"": ""MONGDOL"", ""brand_kor"": ""몽돌"", ""brand_no"": 10654, ""category1"": ""여성의류"", ""category2"": ""상의"", ""category3"": ""긴소매 티셔츠"", ""category3_code"": 268103102, ""is_new"": false, ""item_no"": 4147742, ""period_sort"": ""ONE_DAY"", ""platform"": ""29cm"", ""ranking_category_code"": ""268103100"", ""ranking_category_name"": ""여성의류>상의"", ""review_avg"": 5.0, ""sale_percent"": 36, ""sale_price"": 30920, ""sold_out"": false, ""url"": ""https://product.29cm.co.kr/catalog/4147742""}",2026-10-10T13:00:06+00:00_caa68351
2026-10-10T22:00:06+09:00,2026-10-10T13:00:06+00:00,commerce_rank,"[토모토모, 여울 PICK] 울 텐셀 라운드넥 긴팔 티셔츠 MDTS111_6 Colors",29cm:4147742,review_count,10.0,"{""brand_eng"": ""MONGDOL"", ""brand_kor"": ""몽돌"", ""brand_no"": 10654, ""category1"": ""여성의류"", ""category2"": ""상의"", ""category3"": ""긴소매 티셔츠"", ""category3_code"": 268103102, ""is_new"": false, ""item_no"": 4147742, ""period_sort"": ""ONE_DAY"", ""platform"": ""29cm"", ""ranking_category_code"": ""268103100"", ""ranking_category_name"": ""여성의류>상의"", ""review_avg"": 5.0, ""sale_percent"": 36, ""sale_price"": 30920, ""sold_out"": false, ""url"": ""https://product.29cm.co.kr/catalog/4147742""}",2026-10-10T13:00:06+00:00_caa68351
2026-10-10T22:00:06+09:00,2026-10-10T13:00:06+00:00,commerce_rank,"[토모토모, 여울 PICK] 울 텐셀 라운드넥 긴팔 티셔츠 MDTS111_6 Colors",29cm:4147742@268103100,rank,18.0,"{""brand_eng"": ""MONGDOL"", ""brand_kor"": ""몽돌"", ""brand_no"": 10654, ""category1"": ""여성의류"", ""category2"": ""상의"", ""category3"": ""긴소매 티셔츠"", ""category3_code"": 268103102, ""is_new"": false, ""item_no"": 4147742, ""period_sort"": ""ONE_DAY"", ""platform"": ""29cm"", ""ranking_category_code"": ""268103100"", ""ranking_category_name"": ""여성의류>상의"", ""review_avg"": 5.0, ""sale_percent"": 36, ""sale_price"": 30920, ""sold_out"": false, ""url"": ""https://product.29cm.co.kr/catalog/4147742""}",2026-10-10T13:00:06+00:00_caa68351
2026-10-10T22:00:06+09:00,2026-10-10T13:00:07+00:00,commerce_rank,LOGO AIR LONG SLEEVE (Black),29cm:4149648,heart_count,67.0,"{""brand_eng"": ""CAYL"", ""brand_kor"": ""케일"", ""brand_no"": 8928, ""category1"": ""남성의류"", ""category2"": ""상의"", ""category3"": ""반소매 티셔츠"", ""category3_code"": 272103101, ""is_new"": false, ""item_no"": 4149648, ""period_sort"": ""ONE_DAY"", ""platform"": ""29cm"", ""ranking_category_code"": ""272103100"", ""ranking_category_name"": ""남성의류>상의"", ""review_avg"": 5.0, ""sale_percent"": 10, ""sale_price"": 58500, ""sold_out"": false, ""url"": ""https://product.29cm.co.kr/catalog/4149648""}",2026-10-10T13:00:06+00:00_caa68351
2026-10-10T22:00:06+09:00,2026-10-10T13:00:07+00:00,commerce_rank,LOGO AIR LONG SLEEVE (Black),29cm:4149648,review_count,2.0,"{""brand_eng"": ""CAYL"", ""brand_kor"": ""케일"", ""brand_no"": 8928, ""category1"": ""남성의류"", ""category2"": ""상의"", ""category3"": ""반소매 티셔츠"", ""category3_code"": 272103101, ""is_new"": false, ""item_no"": 4149648, ""period_sort"": ""ONE_DAY"", ""platform"": ""29cm"", ""ranking_category_code"": ""272103100"", ""ranking_category_name"": ""남성의류>상의"", ""review_avg"": 5.0, ""sale_percent"": 10, ""sale_price"": 58500, ""sold_out"": false, ""url"": ""https://product.29cm.co.kr/catalog/4149648""}",2026-10-10T13:00:06+00:00_caa68351
2026-10-10T22:00:06+09:00,2026-10-10T13:00:07+00:00,commerce_rank,LOGO AIR LONG SLEEVE (Black),29cm:4149648@272103100,rank,55.0,"{""brand_eng"": ""CAYL"", ""brand_kor"": ""케일"", ""brand_no"": 8928, ""category1"": ""남성의류"", ""category2"": ""상의"", ""category3"": ""반소매 티셔츠"", ""category3_code"": 272103101, ""is_new"": false, ""item_no"": 4149648, ""period_sort"": ""ONE_DAY"", ""platform"": ""29cm"", ""ranking_category_code"": ""272103100"", ""ranking_category_name"": ""남성의류>상의"", ""review_avg"": 5.0, ""sale_percent"": 10, ""sale_price"": 58500, ""sold_out"": false, ""url"": ""https://product.29cm.co.kr/catalog/4149648""}",2026-10-10T13:00:06+00:00_caa68351
2026-10-10T22:00:06+09:00,2026-10-10T13:00:07+00:00,commerce_rank,LOGO AIR LONG SLEEVE (Light Grey),29cm:4149653,heart_count,47.0,"{""brand_eng"": ""CAYL"", ""brand_kor"": ""케일"", ""brand_no"": 8928, ""category1"": ""남성의류"", ""category2"": ""상의"", ""category3"": ""반소매 티셔츠"", ""category3_code"": 272103101, ""is_new"": false, ""item_no"": 4149653, ""period_sort"": ""ONE_DAY"", ""platform"": ""29cm"", ""ranking_category_code"": ""272103100"", ""ranking_category_name"": ""남성의류>상의"", ""review_avg"": 4.5, ""sale_percent"": 10, ""sale_price"": 58500, ""sold_out"": false, ""url"": ""https://product.29cm.co.kr/catalog/4149653""}",2026-10-10T13:00:06+00:00_caa68351
2026-10-10T22:00:06+09:00,2026-10-10T13:00:07+00:00,commerce_rank,LOGO AIR LONG SLEEVE (Light Grey),29cm:4149653,review_count,2.0,"{""brand_eng"": ""CAYL"", ""brand_kor"": ""케일"", ""brand_no"": 8928, ""category1"": ""남성의류"", ""category2"": ""상의"", ""category3"": ""반소매 티셔츠"", ""category3_code"": 272103101, ""is_new"": false, ""item_no"": 4149653, ""period_sort"": ""ONE_DAY"", ""platform"": ""29cm"", ""ranking_category_code"": ""272103100"", ""ranking_category_name"": ""남성의류>상의"", ""review_avg"": 4.5, ""sale_percent"": 10, ""sale_price"": 58500, ""sold_out"": false, ""url"": ""https://product.29cm.co.kr/catalog/4149653""}",2026-10-10T13:00:06+00:00_caa68351
2026-10-10T22:00:06+09:00,2026-10-10T13:00:07+00:00,commerce_rank,LOGO AIR LONG SLEEVE (Light Grey),29cm:4149653@272103100,rank,80.0,"{""brand_eng"": ""CAYL"", ""brand_kor"": ""케일"", ""brand_no"": 8928, ""category1"": ""남성의류"", ""category2"": ""상의"", ""category3"": ""반소매 티셔츠"", ""category3_code"": 272103101, ""is_new"": false, ""item_no"": 4149653, ""period_sort"": ""ONE_DAY"", ""platform"": ""29cm"", ""ranking_category_code"": ""272103100"", ""ranking_category_name"": ""남성의류>상의"", ""review_avg"": 4.5, ""sale_percent"": 10, ""sale_price"": 58500, ""sold_out"": false, ""url"": ""https://product.29cm.co.kr/catalog/4149653""}",2026-10-10T13:00:06+00:00_caa68351
2026-10-10T22:00:06+09:00,2026-10-10T13:00:06+00:00,commerce_rank,[주미니 Pick]Raglan oversized modal tee [TIFA06LT06]_Navy,29cm:4149711,heart_count,4527.0,"{""brand_eng"": ""TILLIDIE"", ""brand_kor"": ""틸아이다이"", ""brand_no"": 3421, ""category1"": ""여성의류"", ""category2"": ""상의"", ""category3"": ""긴소매 티셔츠"", ""category3_code"": 268103102, ""is_new"": false, ""item_no"": 4149711, ""period_sort"": ""ONE_DAY"", ""platform"": ""29cm"", ""ranking_category_code"": ""268103100"", ""ranking_category_name"": ""여성의류>상의"", ""review_avg"": 5.0, ""sale_percent"": 17, ""sale_price"": 63310, ""sold_out"": false, ""url"": ""https://product.29cm.co.kr/catalog/4149711""}",2026-10-10T13:00:06+00:00_caa68351
2026-10-10T22:00:06+09:00,2026-10-10T13:00:06+00:00,commerce_rank,[주미니 Pick]Raglan oversized modal tee [TIFA06LT06]_Navy,29cm:4149711,review_count,129.0,"{""brand_eng"": ""TILLIDIE"", ""brand_kor"": ""틸아이다이"", ""brand_no"": 3421, ""category1"": ""여성의류"", ""category2"": ""상의"", ""category3"": ""긴소매 티셔츠"", ""category3_code"": 268103102, ""is_new"": false, ""item_no"": 4149711, ""period_sort"": ""ONE_DAY"", ""platform"": ""29cm"", ""ranking_category_code"": ""268103100"", ""ranking_category_name"": ""여성의류>상의"", ""review_avg"": 5.0, ""sale_percent"": 17, ""sale_price"": 63310, ""sold_out"": false, ""url"": ""https://product.29cm.co.kr/catalog/4149711""}",2026-10-10T13:00:06+00:00_caa68351
2026-10-10T22:00:06+09:00,2026-10-10T13:00:06+00:00,commerce_rank,[주미니 Pick]Raglan oversized modal tee [TIFA06LT06]_Navy,29cm:4149711@268103100,rank,28.0,"{""brand_eng"": ""TILLIDIE"", ""brand_kor"": ""틸아이다이"", ""brand_no"": 3421, ""category1"": ""여성의류"", ""category2"": ""상의"", ""category3"": ""긴소매 티셔츠"", ""category3_code"": 268103102, ""is_new"": false, ""item_no"": 4149711, ""period_sort"": ""ONE_DAY"", ""platform"": ""29cm"", ""ranking_category_code"": ""268103100"", ""ranking_category_name"": ""여성의류>상의"", ""review_avg"": 5.0, ""sale_percent"": 17, ""sale_price"": 63310, ""sold_out"": false, ""url"": ""https://product.29cm.co.kr/catalog/4149711""}",2026-10-10T13:00:06+00:00_caa68351
2026-10-10T22:00:06+09:00,2026-10-10T13:00:06+00:00,commerce_rank,[4차 재입고] 로우엣지 래글런 롱슬리브 티셔츠_라이트 그레이,29cm:4150335,heart_count,1164.0,"{""brand_eng"": ""URBANDTYPE"", ""brand_kor"": ""어반디타입"", ""brand_no"": 2295, ""category1"": ""여성의류"", ""category2"": ""상의"", ""category3"": ""긴소매 티셔츠"", ""category3_code"": 268103102, ""is_new"": false, ""item_no"": 4150335, ""period_sort"": ""ONE_DAY"", ""platform"": ""29cm"", ""ranking_category_code"": ""268103100"", ""ranking_category_name"": ""여성의류>상의"", ""review_avg"": 5.0, ""sale_percent"": 19, ""sale_price"": 31500, ""sold_out"": false, ""url"": ""https://product.29cm.co.kr/catalog/4150335""}",2026-10-10T13:00:06+00:00_caa68351
2026-10-10T22:00:06+09:00,2026-10-10T13:00:06+00:00,commerce_rank,[4차 재입고] 로우엣지 래글런 롱슬리브 티셔츠_라이트 그레이,29cm:4150335,review_count,17.0,"{""brand_eng"": ""URBANDTYPE"", ""brand_kor"": ""어반디타입"", ""brand_no"": 2295, ""category1"": ""여성의류"", ""category2"": ""상의"", ""category3"": ""긴소매 티셔츠"", ""category3_code"": 268103102, ""is_new"": false, ""item_no"": 4150335, ""period_sort"": ""ONE_DAY"", ""platform"": ""29cm"", ""ranking_category_code"": ""268103100"", ""ranking_category_name"": ""여성의류>상의"", ""review_avg"": 5.0, ""sale_percent"": 19, ""sale_price"": 31500, ""sold_out"": false, ""url"": ""https://product.29cm.co.kr/catalog/4150335""}",2026-10-10T13:00:06+00:00_caa68351
2026-10-10T22:00:06+09:00,2026-10-10T13:00:06+00:00,commerce_rank,[4차 재입고] 로우엣지 래글런 롱슬리브 티셔츠_라이트 그레이,29cm:4150335@268103100,rank,85.0,"{""brand_eng"": ""URBANDTYPE"", ""brand_kor"": ""어반디타입"", ""brand_no"": 2295, ""category1"": ""여성의류"", ""category2"": ""상의"", ""category3"": ""긴소매 티셔츠"", ""category3_code"": 268103102, ""is_new"": false, ""item_no"": 4150335, ""period_sort"": ""ONE_DAY"", ""platform"": ""29cm"", ""ranking_category_code"": ""268103100"", ""ranking_category_name"": ""여성의류>상의"", ""review_avg"": 5.0, ""sale_percent"": 19, ""sale_price"": 31500, ""sold_out"": false, ""url"": ""https://product.29cm.co.kr/catalog/4150335""}",2026-10-10T13:00:06+00:00_caa68351
2026-10-10T22:00:06+09:00,2026-10-10T13:00:07+00:00,commerce_rank,Double Stripe String Tee (Khaki),29cm:4151979,heart_count,104.0,"{""brand_eng"": ""HAVE HAD"", ""brand_kor"": ""해브해드"", ""brand_no"": 2910, ""category1"": ""여성의류"", ""category2"": ""상의"", ""category3"": ""긴소매 티셔츠"", ""category3_code"": 268103102, ""is_new"": false, ""item_no"": 4151979, ""period_sort"": ""ONE_DAY"", ""platform"": ""29cm"", ""ranking_category_code"": ""272103100"", ""ranking_category_name"": ""남성의류>상의"", ""review_avg"": 4.5, ""sale_percent"": 15, ""sale_price"": 61560, ""sold_out"": false, ""url"": ""https://product.29cm.co.kr/catalog/4151979""}",2026-10-10T13:00:06+00:00_caa68351
2026-10-10T22:00:06+09:00,2026-10-10T13:00:07+00:00,commerce_rank,Double Stripe String Tee (Khaki),29cm:4151979,review_count,2.0,"{""brand_eng"": ""HAVE HAD"", ""brand_kor"": ""해브해드"", ""brand_no"": 2910, ""category1"": ""여성의류"", ""category2"": ""상의"", ""category3"": ""긴소매 티셔츠"", ""category3_code"": 268103102, ""is_new"": false, ""item_no"": 4151979, ""period_sort"": ""ONE_DAY"", ""platform"": ""29cm"", ""ranking_category_code"": ""272103100"", ""ranking_category_name"": ""남성의류>상의"", ""review_avg"": 4.5, ""sale_percent"": 15, ""sale_price"": 61560, ""sold_out"": false, ""url"": ""https://product.29cm.co.kr/catalog/4151979""}",2026-10-10T13:00:06+00:00_caa68351
2026-10-10T22:00:06+09:00,2026-10-10T13:00:07+00:00,commerce_rank,Double Stripe String Tee (Khaki),29cm:4151979@272103100,rank,61.0,"{""brand_eng"": ""HAVE HAD"", ""brand_kor"": ""해브해드"", ""brand_no"": 2910, ""category1"": ""여성의류"", ""category2"": ""상의"", ""category3"": ""긴소매 티셔츠"", ""category3_code"": 268103102, ""is_new"": false, ""item_no"": 4151979, ""period_sort"": ""ONE_DAY"", ""platform"": ""29cm"", ""ranking_category_code"": ""272103100"", ""ranking_category_name"": ""남성의류>상의"", ""review_avg"": 4.5, ""sale_percent"": 15, ""sale_price"": 61560, ""sold_out"": false, ""url"": ""https://product.29cm.co.kr/catalog/4151979""}",2026-10-10T13:00:06+00:00_caa68351
2026-10-10T22:00:06+09:00,2026-10-10T13:00:06+00:00,commerce_rank,[7부/오버핏] Vintage Essential Raglan Tee,29cm:4152302,heart_count,17351.0,"{""brand_eng"": ""BITTERCELLS"", ""brand_kor"": ""비터셀즈"", ""brand_no"": 15063, ""category1"": ""여성의류"", ""category2"": ""상의"", ""category3"": ""긴소매 티셔츠"", ""category3_code"": 268103102, ""is_new"": false, ""item_no"": 4152302, ""period_sort"": ""ONE_DAY"", ""platform"": ""29cm"", ""ranking_category_code"": ""268103100"", ""ranking_category_name"": ""여성의류>상의"", ""review_avg"": 4.5, ""sale_percent"": 21, ""sale_price"": 34850, ""sold_out"": false, ""url"": ""https://product.29cm.co.kr/catalog/4152302""}",2026-10-10T13:00:06+00:00_caa68351
2026-10-10T22:00:06+09:00,2026-10-10T13:00:06+00:00,commerce_rank,[7부/오버핏] Vintage Essential Raglan Tee,29cm:4152302,review_count,425.0,"{""brand_eng"": ""BITTERCELLS"", ""brand_kor"": ""비터셀즈"", ""brand_no"": 15063, ""category1"": ""여성의류"", ""category2"": ""상의"", ""category3"": ""긴소매 티셔츠"", ""category3_code"": 268103102, ""is_new"": false, ""item_no"": 4152302, ""period_sort"": ""ONE_DAY"", ""platform"": ""29cm"", ""ranking_category_code"": ""268103100"", ""ranking_category_name"": ""여성의류>상의"", ""review_avg"": 4.5, ""sale_percent"": 21, ""sale_price"": 34850, ""sold_out"": false, ""url"": ""https://product.29cm.co.kr/catalog/4152302""}",2026-10-10T13:00:06+00:00_caa68351
2026-10-10T22:00:06+09:00,2026-10-10T13:00:06+00:00,commerce_rank,[7부/오버핏] Vintage Essential Raglan Tee,29cm:4152302@268103100,rank,4.0,"{""brand_eng"": ""BITTERCELLS"", ""brand_kor"": ""비터셀즈"", ""brand_no"": 15063, ""category1"": ""여성의류"", ""category2"": ""상의"", ""category3"": ""긴소매 티셔츠"", ""category3_code"": 268103102, ""is_new"": false, ""item_no"": 4152302, ""period_sort"": ""ONE_DAY"", ""platform"": ""29cm"", ""ranking_category_code"": ""268103100"", ""ranking_category_name"": ""여성의류>상의"", ""review_avg"": 4.5, ""sale_percent"": 21, ""sale_price"": 34850, ""sold_out"": false, ""url"": ""https://product.29cm.co.kr/catalog/4152302""}",2026-10-10T13:00:06+00:00_caa68351
2026-10-10T22:00:06+09:00,2026-10-10T13:00:06+00:00,commerce_rank,SHIRRING WRAP LAYERED BLOUSE [ SAND BEIGE ],29cm:4153219,heart_count,982.0,"{""brand_eng"": ""OURO"", ""brand_kor"": ""아우로"", ""brand_no"": 16452, ""category1"": ""여성의류"", ""category2"": ""상의"", ""category3"": ""블라우스"", ""category3_code"": 268103107, ""is_new"": false, ""item_no"": 4153219, ""period_sort"": ""ONE_DAY"", ""platform"": ""29cm"", ""ranking_category_code"": ""268103100"", ""ranking_category_name"": ""여성의류>상의"", ""review_avg"": 5.0, ""sale_percent"": 19, ""sale_price"": 99330, ""sold_out"": false, ""url"": ""https://product.29cm.co.kr/catalog/4153219""}",2026-10-10T13:00:06+00:00_caa68351
2026-10-10T22:00:06+09:00,2026-10-10T13:00:06+00:00,commerce_rank,SHIRRING WRAP LAYERED BLOUSE [ SAND BEIGE ],29cm:4153219,review_count,5.0,"{""brand_eng"": ""OURO"", ""brand_kor"": ""아우로"", ""brand_no"": 16452, ""category1"": ""여성의류"", ""category2"": ""상의"", ""category3"": ""블라우스"", ""category3_code"": 268103107, ""is_new"": false, ""item_no"": 4153219, ""period_sort"": ""ONE_DAY"", ""platform"": ""29cm"", ""ranking_category_code"": ""268103100"", ""ranking_category_name"": ""여성의류>상의"", ""review_avg"": 5.0, ""sale_percent"": 19, ""sale_price"": 99330, ""sold_out"": false, ""url"": ""https://product.29cm.co.kr/catalog/4153219""}",2026-10-10T13:00:06+00:00_caa68351
2026-10-10T22:00:06+09:00,2026-10-10T13:00:06+00:00,commerce_rank,SHIRRING WRAP LAYERED BLOUSE [ SAND BEIGE ],29cm:4153219@268103100,rank,73.0,"{""brand_eng"": ""OURO"", ""brand_kor"": ""아우로"", ""brand_no"": 16452, ""category1"": ""여성의류"", ""category2"": ""상의"", ""category3"": ""블라우스"", ""category3_code"": 268103107, ""is_new"": false, ""item_no"": 4153219, ""period_sort"": ""ONE_DAY"", ""platform"": ""29cm"", ""ranking_category_code"": ""268103100"", ""ranking_category_name"": ""여성의류>상의"", ""review_avg"": 5.0, ""sale_percent"": 19, ""sale_price"": 99330, ""sold_out"": false, ""url"": ""https://product.29cm.co.kr/catalog/4153219""}",2026-10-10T13:00:06+00:00_caa68351
2026-10-10T22:00:06+09:00,2026-10-10T13:00:07+00:00,commerce_rank,VINTAGE OXFORD BD SHIRT_BLUE,29cm:4153724,heart_count,37.0,"{""brand_eng"": ""OUTSTANDING"", ""brand_kor"": ""아웃스탠딩"", ""brand_no"": 1657, ""category1"": ""남성의류"", ""category2"": ""상의"", ""category3"": ""긴소매 셔츠"", ""category3_code"": 272103106, ""is_new"": false, ""item_no"": 4153724, ""period_sort"": ""ONE_DAY"", ""platform"": ""29cm"", ""ranking_category_code"": ""272103100"", ""ranking_category_name"": ""남성의류>상의"", ""review_avg"": 5.0, ""sale_percent"": 10, ""sale_price"": 80100, ""sold_out"": false, ""url"": ""https://product.29cm.co.kr/catalog/4153724""}",2026-10-10T13:00:06+00:00_caa68351
2026-10-10T22:00:06+09:00,2026-10-10T13:00:07+00:00,commerce_rank,VINTAGE OXFORD BD SHIRT_BLUE,29cm:4153724,review_count,3.0,"{""brand_eng"": ""OUTSTANDING"", ""brand_kor"": ""아웃스탠딩"", ""brand_no"": 1657, ""category1"": ""남성의류"", ""category2"": ""상의"", ""category3"": ""긴소매 셔츠"", ""category3_code"": 272103106, ""is_new"": false, ""item_no"": 4153724, ""period_sort"": ""ONE_DAY"", ""platform"": ""29cm"", ""ranking_category_code"": ""272103100"", ""ranking_category_name"": ""남성의류>상의"", ""review_avg"": 5.0, ""sale_percent"": 10, ""sale_price"": 80100, ""sold_out"": false, ""url"": ""https://product.29cm.co.kr/catalog/4153724""}",2026-10-10T13:00:06+00:00_caa68351
2026-10-10T22:00:06+09:00,2026-10-10T13:00:07+00:00,commerce_rank,VINTAGE OXFORD BD SHIRT_BLUE,29cm:4153724@272103100,rank,60.0,"{""brand_eng"": ""OUTSTANDING"", ""brand_kor"": ""아웃스탠딩"", ""brand_no"": 1657, ""category1"": ""남성의류"", ""category2"": ""상의"", ""category3"": ""긴소매 셔츠"", ""category3_code"": 272103106, ""is_new"": false, ""item_no"": 4153724, ""period_sort"": ""ONE_DAY"", ""platform"": ""29cm"", ""ranking_category_code"": ""272103100"", ""ranking_category_name"": ""남성의류>상의"", ""review_avg"": 5.0, ""sale_percent"": 10, ""sale_price"": 80100, ""sold_out"": false, ""url"": ""https://product.29cm.co.kr/catalog/4153724""}",2026-10-10T13:00:06+00:00_caa68351
2026-10-10T22:00:06+09:00,2026-10-10T13:00:06+00:00,commerce_rank,[3차] Waffle henley neck t-shirt (3colors),29cm:4163816,heart_count,1267.0,"{""brand_eng"": ""BLUE BRICK"", ""brand_kor"": ""블루브릭"", ""brand_no"": 13213, ""category1"": ""여성의류"", ""category2"": ""상의"", ""category3"": ""긴소매 티셔츠"", ""category3_code"": 268103102, ""is_new"": false, ""item_no"": 4163816, ""period_sort"": ""ONE_DAY"", ""platform"": ""29cm"", ""ranking_category_code"": ""268103100"", ""ranking_category_name"": ""여성의류>상의"", ""review_avg"": 5.0, ""sale_percent"": 10, ""sale_price"": 64800, ""sold_out"": false, ""url"": ""https://product.29cm.co.kr/catalog/4163816""}",2026-10-10T13:00:06+00:00_caa68351
2026-10-10T22:00:06+09:00,2026-10-10T13:00:06+00:00,commerce_rank,[3차] Waffle henley neck t-shirt (3colors),29cm:4163816,review_count,14.0,"{""brand_eng"": ""BLUE BRICK"", ""brand_kor"": ""블루브릭"", ""brand_no"": 13213, ""category1"": ""여성의류"", ""category2"": ""상의"", ""category3"": ""긴소매 티셔츠"", ""category3_code"": 268103102, ""is_new"": false, ""item_no"": 4163816, ""period_sort"": ""ONE_DAY"", ""platform"": ""29cm"", ""ranking_category_code"": ""268103100"", ""ranking_category_name"": ""여성의류>상의"", ""review_avg"": 5.0, ""sale_percent"": 10, ""sale_price"": 64800, ""sold_out"": false, ""url"": ""https://product.29cm.co.kr/catalog/4163816""}",2026-10-10T13:00:06+00:00_caa68351
2026-10-10T22:00:06+09:00,2026-10-10T13:00:06+00:00,commerce_rank,[3차] Waffle henley neck t-shirt (3colors),29cm:4163816@268103100,rank,70.0,"{""brand_eng"": ""BLUE BRICK"", ""brand_kor"": ""블루브릭"", ""brand_no"": 13213, ""category1"": ""여성의류"", ""category2"": ""상의"", ""category3"": ""긴소매 티셔츠"", ""category3_code"": 268103102, ""is_new"": false, ""item_no"": 4163816, ""period_sort"": ""ONE_DAY"", ""platform"": ""29cm"", ""ranking_category_code"": ""268103100"", ""ranking_category_name"": ""여성의류>상의"", ""review_avg"": 5.0, ""sale_percent"": 10, ""sale_price"": 64800, ""sold_out"": false, ""url"": ""https://product.29cm.co.kr/catalog/4163816""}",2026-10-10T13:00:06+00:00_caa68351
2026-10-10T22:00:06+09:00,2026-10-10T13:00:06+00:00,commerce_rank,[8th] 200 Base 3/4 tee (v-neck ver.)(5 color),29cm:4165065,heart_count,2952.0,"{""brand_eng"": ""FOETO"", ""brand_kor"": ""포에토"", ""brand_no"": 53520, ""category1"": ""여성의류"", ""category2"": ""상의"", ""category3"": ""반소매 티셔츠"", ""category3_code"": 268103101, ""is_new"": false, ""item_no"": 4165065, ""period_sort"": ""ONE_DAY"", ""platform"": ""29cm"", ""ranking_category_code"": ""268103100"", ""ranking_category_name"": ""여성의류>상의"", ""review_avg"": 5.0, ""sale_percent"": 19, ""sale_price"": 33210, ""sold_out"": false, ""url"": ""https://product.29cm.co.kr/catalog/4165065""}",2026-10-10T13:00:06+00:00_caa68351
2026-10-10T22:00:06+09:00,2026-10-10T13:00:06+00:00,commerce_rank,[8th] 200 Base 3/4 tee (v-neck ver.)(5 color),29cm:4165065,review_count,36.0,"{""brand_eng"": ""FOETO"", ""brand_kor"": ""포에토"", ""brand_no"": 53520, ""category1"": ""여성의류"", ""category2"": ""상의"", ""category3"": ""반소매 티셔츠"", ""category3_code"": 268103101, ""is_new"": false, ""item_no"": 4165065, ""period_sort"": ""ONE_DAY"", ""platform"": ""29cm"", ""ranking_category_code"": ""268103100"", ""ranking_category_name"": ""여성의류>상의"", ""review_avg"": 5.0, ""sale_percent"": 19, ""sale_price"": 33210, ""sold_out"": false, ""url"": ""https://product.29cm.co.kr/catalog/4165065""}",2026-10-10T13:00:06+00:00_caa68351
2026-10-10T22:00:06+09:00,2026-10-10T13:00:06+00:00,commerce_rank,[8th] 200 Base 3/4 tee (v-neck ver.)(5 color),29cm:4165065@268103100,rank,12.0,"{""brand_eng"": ""FOETO"", ""brand_kor"": ""포에토"", ""brand_no"": 53520, ""category1"": ""여성의류"", ""category2"": ""상의"", ""category3"": ""반소매 티셔츠"", ""category3_code"": 268103101, ""is_new"": false, ""item_no"": 4165065, ""period_sort"": ""ONE_DAY"", ""platform"": ""29cm"", ""ranking_category_code"": ""268103100"", ""ranking_category_name"": ""여성의류>상의"", ""review_avg"": 5.0, ""sale_percent"": 19, ""sale_price"": 33210, ""sold_out"": false, ""url"": ""https://product.29cm.co.kr/catalog/4165065""}",2026-10-10T13:00:06+00:00_caa68351
2026-10-10T22:00:06+09:00,2026-10-10T13:00:07+00:00,commerce_rank,히트나비 긴팔 티셔츠 SR323TTL92,29cm:4166738,heart_count,3.0,"{""brand_eng"": ""DESCENTE"", ""brand_kor"": ""데상트"", ""brand_no"": 23025, ""category1"": ""남성의류"", ""category2"": ""상의"", ""category3"": ""긴소매 티셔츠"", ""category3_code"": 272103102, ""is_new"": false, ""item_no"": 4166738, ""period_sort"": ""ONE_DAY"", ""platform"": ""29cm"", ""ranking_category_code"": ""272103100"", ""ranking_category_name"": ""남성의류>상의"", ""review_avg"": 0.0, ""sale_percent"": 5, ""sale_price"": 94050, ""sold_out"": false, ""url"": ""https://product.29cm.co.kr/catalog/4166738""}",2026-10-10T13:00:06+00:00_caa68351
2026-10-10T22:00:06+09:00,2026-10-10T13:00:07+00:00,commerce_rank,히트나비 긴팔 티셔츠 SR323TTL92,29cm:4166738,review_count,0.0,"{""brand_eng"": ""DESCENTE"", ""brand_kor"": ""데상트"", ""brand_no"": 23025, ""category1"": ""남성의류"", ""category2"": ""상의"", ""category3"": ""긴소매 티셔츠"", ""category3_code"": 272103102, ""is_new"": false, ""item_no"": 4166738, ""period_sort"": ""ONE_DAY"", ""platform"": ""29cm"", ""ranking_category_code"": ""272103100"", ""ranking_category_name"": ""남성의류>상의"", ""review_avg"": 0.0, ""sale_percent"": 5, ""sale_price"": 94050, ""sold_out"": false, ""url"": ""https://product.29cm.co.kr/catalog/4166738""}",2026-10-10T13:00:06+00:00_caa68351
2026-10-10T22:00:06+09:00,2026-10-10T13:00:07+00:00,commerce_rank,히트나비 긴팔 티셔츠 SR323TTL92,29cm:4166738@272103100,rank,81.0,"{""brand_eng"": ""DESCENTE"", ""brand_kor"": ""데상트"", ""brand_no"": 23025, ""category1"": ""남성의류"", ""category2"": ""상의"", ""category3"": ""긴소매 티셔츠"", ""category3_code"": 272103102, ""is_new"": false, ""item_no"": 4166738, ""period_sort"": ""ONE_DAY"", ""platform"": ""29cm"", ""ranking_category_code"": ""272103100"", ""ranking_category_name"": ""남성의류>상의"", ""review_avg"": 0.0, ""sale_percent"": 5, ""sale_price"": 94050, ""sold_out"": false, ""url"": ""https://product.29cm.co.kr/catalog/4166738""}",2026-10-10T13:00:06+00:00_caa68351
2026-10-10T22:00:06+09:00,2026-10-10T13:00:06+00:00,commerce_rank,[2차]Frill Pintuck Blouse _Cream,29cm:4170796,heart_count,2136.0,"{""brand_eng"": ""SLIE"", ""brand_kor"": ""슬리"", ""brand_no"": 112713, ""category1"": ""여성의류"", ""category2"": ""상의"", ""category3"": ""블라우스"", ""category3_code"": 268103107, ""is_new"": false, ""item_no"": 4170796, ""period_sort"": ""ONE_DAY"", ""platform"": ""29cm"", ""ranking_category_code"": ""268103100"", ""ranking_category_name"": ""여성의류>상의"", ""review_avg"": 4.5, ""sale_percent"": 19, ""sale_price"": 72090, ""sold_out"": false, ""url"": ""https://product.29cm.co.kr/catalog/4170796""}",2026-10-10T13:00:06+00:00_caa68351
2026-10-10T22:00:06+09:00,2026-10-10T13:00:06+00:00,commerce_rank,[2차]Frill Pintuck Blouse _Cream,29cm:4170796,review_count,3.0,"{""brand_eng"": ""SLIE"", ""brand_kor"": ""슬리"", ""brand_no"": 112713, ""category1"": ""여성의류"", ""category2"": ""상의"", ""category3"": ""블라우스"", ""category3_code"": 268103107, ""is_new"": false, ""item_no"": 4170796, ""period_sort"": ""ONE_DAY"", ""platform"": ""29cm"", ""ranking_category_code"": ""268103100"", ""ranking_category_name"": ""여성의류>상의"", ""review_avg"": 4.5, ""sale_percent"": 19, ""sale_price"": 72090, ""sold_out"": false, ""url"": ""https://product.29cm.co.kr/catalog/4170796""}",2026-10-10T13:00:06+00:00_caa68351
2026-10-10T22:00:06+09:00,2026-10-10T13:00:06+00:00,commerce_rank,[2차]Frill Pintuck Blouse _Cream,29cm:4170796@268103100,rank,23.0,"{""brand_eng"": ""SLIE"", ""brand_kor"": ""슬리"", ""brand_no"": 112713, ""category1"": ""여성의류"", ""category2"": ""상의"", ""category3"": ""블라우스"", ""category3_code"": 268103107, ""is_new"": false, ""item_no"": 4170796, ""period_sort"": ""ONE_DAY"", ""platform"": ""29cm"", ""ranking_category_code"": ""268103100"", ""ranking_category_name"": ""여성의류>상의"", ""review_avg"": 4.5, ""sale_percent"": 19, ""sale_price"": 72090, ""sold_out"": false, ""url"": ""https://product.29cm.co.kr/catalog/4170796""}",2026-10-10T13:00:06+00:00_caa68351
2026-10-10T22:00:06+09:00,2026-10-10T13:00:07+00:00,commerce_rank,Stripe Layered Long Sleeve Charcoal,29cm:4177750,heart_count,115.0,"{""brand_eng"": ""partimento"", ""brand_kor"": ""파르티멘토"", ""brand_no"": 1588, ""category1"": ""여성의류"", ""category2"": ""상의"", ""category3"": ""긴소매 티셔츠"", ""category3_code"": 268103102, ""is_new"": false, ""item_no"": 4177750, ""period_sort"": ""ONE_DAY"", ""platform"": ""29cm"", ""ranking_category_code"": ""272103100"", ""ranking_category_name"": ""남성의류>상의"", ""review_avg"": 5.0, ""sale_percent"": 28, ""sale_price"": 35910, ""sold_out"": false, ""url"": ""https://product.29cm.co.kr/catalog/4177750""}",2026-10-10T13:00:06+00:00_caa68351
2026-10-10T22:00:06+09:00,2026-10-10T13:00:07+00:00,commerce_rank,Stripe Layered Long Sleeve Charcoal,29cm:4177750,review_count,2.0,"{""brand_eng"": ""partimento"", ""brand_kor"": ""파르티멘토"", ""brand_no"": 1588, ""category1"": ""여성의류"", ""category2"": ""상의"", ""category3"": ""긴소매 티셔츠"", ""category3_code"": 268103102, ""is_new"": false, ""item_no"": 4177750, ""period_sort"": ""ONE_DAY"", ""platform"": ""29cm"", ""ranking_category_code"": ""272103100"", ""ranking_category_name"": ""남성의류>상의"", ""review_avg"": 5.0, ""sale_percent"": 28, ""sale_price"": 35910, ""sold_out"": false, ""url"": ""https://product.29cm.co.kr/catalog/4177750""}",2026-10-10T13:00:06+00:00_caa68351
2026-10-10T22:00:06+09:00,2026-10-10T13:00:07+00:00,commerce_rank,Stripe Layered Long Sleeve Charcoal,29cm:4177750@272103100,rank,95.0,"{""brand_eng"": ""partimento"", ""brand_kor"": ""파르티멘토"", ""brand_no"": 1588, ""category1"": ""여성의류"", ""category2"": ""상의"", ""category3"": ""긴소매 티셔츠"", ""category3_code"": 268103102, ""is_new"": false, ""item_no"": 4177750, ""period_sort"": ""ONE_DAY"", ""platform"": ""29cm"", ""ranking_category_code"": ""272103100"", ""ranking_category_name"": ""남성의류>상의"", ""review_avg"": 5.0, ""sale_percent"": 28, ""sale_price"": 35910, ""sold_out"": false, ""url"": ""https://product.29cm.co.kr/catalog/4177750""}",2026-10-10T13:00:06+00:00_caa68351
2026-10-10T22:00:06+09:00,2026-10-10T13:00:06+00:00,commerce_rank,[3차 10/30 예약배송] Loose Mock Neck Tee (Charcoal),29cm:4183648,heart_count,1447.0,"{""brand_eng"": ""NOD"", ""brand_kor"": ""엔오디"", ""brand_no"": 34806, ""category1"": ""여성의류"", ""category2"": ""상의"", ""category3"": ""반소매 티셔츠"", ""category3_code"": 268103101, ""is_new"": false, ""item_no"": 4183648, ""period_sort"": ""ONE_DAY"", ""platform"": ""29cm"", ""ranking_category_code"": ""268103100"", ""ranking_category_name"": ""여성의류>상의"", ""review_avg"": 5.0, ""sale_percent"": 15, ""sale_price"": 47880, ""sold_out"": false, ""url"": ""https://product.29cm.co.kr/catalog/4183648""}",2026-10-10T13:00:06+00:00_caa68351
2026-10-10T22:00:06+09:00,2026-10-10T13:00:06+00:00,commerce_rank,[3차 10/30 예약배송] Loose Mock Neck Tee (Charcoal),29cm:4183648,review_count,29.0,"{""brand_eng"": ""NOD"", ""brand_kor"": ""엔오디"", ""brand_no"": 34806, ""category1"": ""여성의류"", ""category2"": ""상의"", ""category3"": ""반소매 티셔츠"", ""category3_code"": 268103101, ""is_new"": false, ""item_no"": 4183648, ""period_sort"": ""ONE_DAY"", ""platform"": ""29cm"", ""ranking_category_code"": ""268103100"", ""ranking_category_name"": ""여성의류>상의"", ""review_avg"": 5.0, ""sale_percent"": 15, ""sale_price"": 47880, ""sold_out"": false, ""url"": ""https://product.29cm.co.kr/catalog/4183648""}",2026-10-10T13:00:06+00:00_caa68351
2026-10-10T22:00:06+09:00,2026-10-10T13:00:06+00:00,commerce_rank,[3차 10/30 예약배송] Loose Mock Neck Tee (Charcoal),29cm:4183648@268103100,rank,32.0,"{""brand_eng"": ""NOD"", ""brand_kor"": ""엔오디"", ""brand_no"": 34806, ""category1"": ""여성의류"", ""category2"": ""상의"", ""category3"": ""반소매 티셔츠"", ""category3_code"": 268103101, ""is_new"": false, ""item_no"": 4183648, ""period_sort"": ""ONE_DAY"", ""platform"": ""29cm"", ""ranking_category_code"": ""268103100"", ""ranking_category_name"": ""여성의류>상의"", ""review_avg"": 5.0, ""sale_percent"": 15, ""sale_price"": 47880, ""sold_out"": false, ""url"": ""https://product.29cm.co.kr/catalog/4183648""}",2026-10-10T13:00:06+00:00_caa68351
2026-10-10T22:00:06+09:00,2026-10-10T13:00:06+00:00,commerce_rank,[7th]Wrinkle Tie Pintuck Blouse Cream,29cm:4184227,heart_count,1042.0,"{""brand_eng"": ""TORTE"", ""brand_kor"": ""토르테"", ""brand_no"": 104998, ""category1"": ""여성의류"", ""category2"": ""상의"", ""category3"": ""블라우스"", ""category3_code"": 268103107, ""is_new"": false, ""item_no"": 4184227, ""period_sort"": ""ONE_DAY"", ""platform"": ""29cm"", ""ranking_category_code"": ""268103100"", ""ranking_category_name"": ""여성의류>상의"", ""review_avg"": 5.0, ""sale_percent"": 28, ""sale_price"": 66240, ""sold_out"": false, ""url"": ""https://product.29cm.co.kr/catalog/4184227""}",2026-10-10T13:00:06+00:00_caa68351
2026-10-10T22:00:06+09:00,2026-10-10T13:00:06+00:00,commerce_rank,[7th]Wrinkle Tie Pintuck Blouse Cream,29cm:4184227,review_count,13.0,"{""brand_eng"": ""TORTE"", ""brand_kor"": ""토르테"", ""brand_no"": 104998, ""category1"": ""여성의류"", ""category2"": ""상의"", ""category3"": ""블라우스"", ""category3_code"": 268103107, ""is_new"": false, ""item_no"": 4184227, ""period_sort"": ""ONE_DAY"", ""platform"": ""29cm"", ""ranking_category_code"": ""268103100"", ""ranking_category_name"": ""여성의류>상의"", ""review_avg"": 5.0, ""sale_percent"": 28, ""sale_price"": 66240, ""sold_out"": false, ""url"": ""https://product.29cm.co.kr/catalog/4184227""}",2026-10-10T13:00:06+00:00_caa68351
2026-10-10T22:00:06+09:00,2026-10-10T13:00:06+00:00,commerce_rank,[7th]Wrinkle Tie Pintuck Blouse Cream,29cm:4184227@268103100,rank,46.0,"{""brand_eng"": ""TORTE"", ""brand_kor"": ""토르테"", ""brand_no"": 104998, ""category1"": ""여성의류"", ""category2"": ""상의"", ""category3"": ""블라우스"", ""category3_code"": 268103107, ""is_new"": false, ""item_no"": 4184227, ""period_sort"": ""ONE_DAY"", ""platform"": ""29cm"", ""ranking_category_code"": ""268103100"", ""ranking_category_name"": ""여성의류>상의"", ""review_avg"": 5.0, ""sale_percent"": 28, ""sale_price"": 66240, ""sold_out"": false, ""url"": ""https://product.29cm.co.kr/catalog/4184227""}",2026-10-10T13:00:06+00:00_caa68351
2026-10-10T22:00:06+09:00,2026-10-10T13:00:06+00:00,commerce_rank,[3차]PLEATED TIE BLOUSE_CHARCOAL,29cm:4187039,heart_count,743.0,"{""brand_eng"": ""SYS"", ""brand_kor"": ""시스"", ""brand_no"": 113379, ""category1"": ""여성의류"", ""category2"": ""상의"", ""category3"": ""블라우스"", ""category3_code"": 268103107, ""is_new"": false, ""item_no"": 4187039, ""period_sort"": ""ONE_DAY"", ""platform"": ""29cm"", ""ranking_category_code"": ""268103100"", ""ranking_category_name"": ""여성의류>상의"", ""review_avg"": 5.0, ""sale_percent"": 25, ""sale_price"": 59250, ""sold_out"": false, ""url"": ""https://product.29cm.co.kr/catalog/4187039""}",2026-10-10T13:00:06+00:00_caa68351
2026-10-10T22:00:06+09:00,2026-10-10T13:00:06+00:00,commerce_rank,[3차]PLEATED TIE BLOUSE_CHARCOAL,29cm:4187039,review_count,4.0,"{""brand_eng"": ""SYS"", ""brand_kor"": ""시스"", ""brand_no"": 113379, ""category1"": ""여성의류"", ""category2"": ""상의"", ""category3"": ""블라우스"", ""category3_code"": 268103107, ""is_new"": false, ""item_no"": 4187039, ""period_sort"": ""ONE_DAY"", ""platform"": ""29cm"", ""ranking_category_code"": ""268103100"", ""ranking_category_name"": ""여성의류>상의"", ""review_avg"": 5.0, ""sale_percent"": 25, ""sale_price"": 59250, ""sold_out"": false, ""url"": ""https://product.29cm.co.kr/catalog/4187039""}",2026-10-10T13:00:06+00:00_caa68351
2026-10-10T22:00:06+09:00,2026-10-10T13:00:06+00:00,commerce_rank,[3차]PLEATED TIE BLOUSE_CHARCOAL,29cm:4187039@268103100,rank,21.0,"{""brand_eng"": ""SYS"", ""brand_kor"": ""시스"", ""brand_no"": 113379, ""category1"": ""여성의류"", ""category2"": ""상의"", ""category3"": ""블라우스"", ""category3_code"": 268103107, ""is_new"": false, ""item_no"": 4187039, ""period_sort"": ""ONE_DAY"", ""platform"": ""29cm"", ""ranking_category_code"": ""268103100"", ""ranking_category_name"": ""여성의류>상의"", ""review_avg"": 5.0, ""sale_percent"": 25, ""sale_price"": 59250, ""sold_out"": false, ""url"": ""https://product.29cm.co.kr/catalog/4187039""}",2026-10-10T13:00:06+00:00_caa68351
2026-10-10T22:00:06+09:00,2026-10-10T13:00:06+00:00,commerce_rank,[2차 리오더] Muse Lace V-neck Long Sleeve - Misty Grey,29cm:4188339,heart_count,984.0,"{""brand_eng"": ""RHEME"", ""brand_kor"": ""리임"", ""brand_no"": 80266, ""category1"": ""여성의류"", ""category2"": ""상의"", ""category3"": ""긴소매 티셔츠"", ""category3_code"": 268103102, ""is_new"": false, ""item_no"": 4188339, ""period_sort"": ""ONE_DAY"", ""platform"": ""29cm"", ""ranking_category_code"": ""268103100"", ""ranking_category_name"": ""여성의류>상의"", ""review_avg"": 0.0, ""sale_percent"": 26, ""sale_price"": 87720, ""sold_out"": false, ""url"": ""https://product.29cm.co.kr/catalog/4188339""}",2026-10-10T13:00:06+00:00_caa68351
2026-10-10T22:00:06+09:00,2026-10-10T13:00:06+00:00,commerce_rank,[2차 리오더] Muse Lace V-neck Long Sleeve - Misty Grey,29cm:4188339,review_count,0.0,"{""brand_eng"": ""RHEME"", ""brand_kor"": ""리임"", ""brand_no"": 80266, ""category1"": ""여성의류"", ""category2"": ""상의"", ""category3"": ""긴소매 티셔츠"", ""category3_code"": 268103102, ""is_new"": false, ""item_no"": 4188339, ""period_sort"": ""ONE_DAY"", ""platform"": ""29cm"", ""ranking_category_code"": ""268103100"", ""ranking_category_name"": ""여성의류>상의"", ""review_avg"": 0.0, ""sale_percent"": 26, ""sale_price"": 87720, ""sold_out"": false, ""url"": ""https://product.29cm.co.kr/catalog/4188339""}",2026-10-10T13:00:06+00:00_caa68351
2026-10-10T22:00:06+09:00,2026-10-10T13:00:06+00:00,commerce_rank,[2차 리오더] Muse Lace V-neck Long Sleeve - Misty Grey,29cm:4188339@268103100,rank,34.0,"{""brand_eng"": ""RHEME"", ""brand_kor"": ""리임"", ""brand_no"": 80266, ""category1"": ""여성의류"", ""category2"": ""상의"", ""category3"": ""긴소매 티셔츠"", ""category3_code"": 268103102, ""is_new"": false, ""item_no"": 4188339, ""period_sort"": ""ONE_DAY"", ""platform"": ""29cm"", ""ranking_category_code"": ""268103100"", ""ranking_category_name"": ""여성의류>상의"", ""review_avg"": 0.0, ""sale_percent"": 26, ""sale_price"": 87720, ""sold_out"": false, ""url"": ""https://product.29cm.co.kr/catalog/4188339""}",2026-10-10T13:00:06+00:00_caa68351
2026-10-10T22:00:06+09:00,2026-10-10T13:00:06+00:00,commerce_rank,Two-way Button Neck Top Charcoal,29cm:4190361,heart_count,7027.0,"{""brand_eng"": ""MICHIKO LONDON KOSHINO"", ""brand_kor"": ""미치코런던 코시노"", ""brand_no"": 26100, ""category1"": ""여성의류"", ""category2"": ""상의"", ""category3"": ""반소매 티셔츠"", ""category3_code"": 268103101, ""is_new"": false, ""item_no"": 4190361, ""period_sort"": ""ONE_DAY"", ""platform"": ""29cm"", ""ranking_category_code"": ""268103100"", ""ranking_category_name"": ""여성의류>상의"", ""review_avg"": 4.5, ""sale_percent"": 5, ""sale_price"": 55100, ""sold_out"": false, ""url"": ""https://product.29cm.co.kr/catalog/4190361""}",2026-10-10T13:00:06+00:00_caa68351
2026-10-10T22:00:06+09:00,2026-10-10T13:00:06+00:00,commerce_rank,Two-way Button Neck Top Charcoal,29cm:4190361,review_count,7.0,"{""brand_eng"": ""MICHIKO LONDON KOSHINO"", ""brand_kor"": ""미치코런던 코시노"", ""brand_no"": 26100, ""category1"": ""여성의류"", ""category2"": ""상의"", ""category3"": ""반소매 티셔츠"", ""category3_code"": 268103101, ""is_new"": false, ""item_no"": 4190361, ""period_sort"": ""ONE_DAY"", ""platform"": ""29cm"", ""ranking_category_code"": ""268103100"", ""ranking_category_name"": ""여성의류>상의"", ""review_avg"": 4.5, ""sale_percent"": 5, ""sale_price"": 55100, ""sold_out"": false, ""url"": ""https://product.29cm.co.kr/catalog/4190361""}",2026-10-10T13:00:06+00:00_caa68351
2026-10-10T22:00:06+09:00,2026-10-10T13:00:06+00:00,commerce_rank,Two-way Button Neck Top Charcoal,29cm:4190361@268103100,rank,78.0,"{""brand_eng"": ""MICHIKO LONDON KOSHINO"", ""brand_kor"": ""미치코런던 코시노"", ""brand_no"": 26100, ""category1"": ""여성의류"", ""category2"": ""상의"", ""category3"": ""반소매 티셔츠"", ""category3_code"": 268103101, ""is_new"": false, ""item_no"": 4190361, ""period_sort"": ""ONE_DAY"", ""platform"": ""29cm"", ""ranking_category_code"": ""268103100"", ""ranking_category_name"": ""여성의류>상의"", ""review_avg"": 4.5, ""sale_percent"": 5, ""sale_price"": 55100, ""sold_out"": false, ""url"": ""https://product.29cm.co.kr/catalog/4190361""}",2026-10-10T13:00:06+00:00_caa68351
2026-10-10T22:00:06+09:00,2026-10-10T13:00:06+00:00,commerce_rank,[11st]Wool Halter Neck Sleeveless Top,29cm:4192333,heart_count,2290.0,"{""brand_eng"": ""TORTE"", ""brand_kor"": ""토르테"", ""brand_no"": 104998, ""category1"": ""여성의류"", ""category2"": ""상의"", ""category3"": ""슬리브리스"", ""category3_code"": 268103103, ""is_new"": false, ""item_no"": 4192333, ""period_sort"": ""ONE_DAY"", ""platform"": ""29cm"", ""ranking_category_code"": ""268103100"", ""ranking_category_name"": ""여성의류>상의"", ""review_avg"": 5.0, ""sale_percent"": 28, ""sale_price"": 28080, ""sold_out"": false, ""url"": ""https://product.29cm.co.kr/catalog/4192333""}",2026-10-10T13:00:06+00:00_caa68351
2026-10-10T22:00:06+09:00,2026-10-10T13:00:06+00:00,commerce_rank,[11st]Wool Halter Neck Sleeveless Top,29cm:4192333,review_count,32.0,"{""brand_eng"": ""TORTE"", ""brand_kor"": ""토르테"", ""brand_no"": 104998, ""category1"": ""여성의류"", ""category2"": ""상의"", ""category3"": ""슬리브리스"", ""category3_code"": 268103103, ""is_new"": false, ""item_no"": 4192333, ""period_sort"": ""ONE_DAY"", ""platform"": ""29cm"", ""ranking_category_code"": ""268103100"", ""ranking_category_name"": ""여성의류>상의"", ""review_avg"": 5.0, ""sale_percent"": 28, ""sale_price"": 28080, ""sold_out"": false, ""url"": ""https://product.29cm.co.kr/catalog/4192333""}",2026-10-10T13:00:06+00:00_caa68351
2026-10-10T22:00:06+09:00,2026-10-10T13:00:06+00:00,commerce_rank,[11st]Wool Halter Neck Sleeveless Top,29cm:4192333@268103100,rank,53.0,"{""brand_eng"": ""TORTE"", ""brand_kor"": ""토르테"", ""brand_no"": 104998, ""category1"": ""여성의류"", ""category2"": ""상의"", ""category3"": ""슬리브리스"", ""category3_code"": 268103103, ""is_new"": false, ""item_no"": 4192333, ""period_sort"": ""ONE_DAY"", ""platform"": ""29cm"", ""ranking_category_code"": ""268103100"", ""ranking_category_name"": ""여성의류>상의"", ""review_avg"": 5.0, ""sale_percent"": 28, ""sale_price"": 28080, ""sold_out"": false, ""url"": ""https://product.29cm.co.kr/catalog/4192333""}",2026-10-10T13:00:06+00:00_caa68351
2026-10-10T22:00:06+09:00,2026-10-10T13:00:07+00:00,commerce_rank,로우 엣지 레이어드 롱 슬리브 [차콜],29cm:4192481,heart_count,61.0,"{""brand_eng"": ""Millo Archive"", ""brand_kor"": ""밀로 아카이브"", ""brand_no"": 9191, ""category1"": ""여성의류"", ""category2"": ""상의"", ""category3"": ""긴소매 티셔츠"", ""category3_code"": 268103102, ""is_new"": false, ""item_no"": 4192481, ""period_sort"": ""ONE_DAY"", ""platform"": ""29cm"", ""ranking_category_code"": ""272103100"", ""ranking_category_name"": ""남성의류>상의"", ""review_avg"": 0.0, ""sale_percent"": 19, ""sale_price"": 74520, ""sold_out"": false, ""url"": ""https://product.29cm.co.kr/catalog/4192481""}",2026-10-10T13:00:06+00:00_caa68351
2026-10-10T22:00:06+09:00,2026-10-10T13:00:07+00:00,commerce_rank,로우 엣지 레이어드 롱 슬리브 [차콜],29cm:4192481,review_count,0.0,"{""brand_eng"": ""Millo Archive"", ""brand_kor"": ""밀로 아카이브"", ""brand_no"": 9191, ""category1"": ""여성의류"", ""category2"": ""상의"", ""category3"": ""긴소매 티셔츠"", ""category3_code"": 268103102, ""is_new"": false, ""item_no"": 4192481, ""period_sort"": ""ONE_DAY"", ""platform"": ""29cm"", ""ranking_category_code"": ""272103100"", ""ranking_category_name"": ""남성의류>상의"", ""review_avg"": 0.0, ""sale_percent"": 19, ""sale_price"": 74520, ""sold_out"": false, ""url"": ""https://product.29cm.co.kr/catalog/4192481""}",2026-10-10T13:00:06+00:00_caa68351
2026-10-10T22:00:06+09:00,2026-10-10T13:00:07+00:00,commerce_rank,로우 엣지 레이어드 롱 슬리브 [차콜],29cm:4192481@272103100,rank,57.0,"{""brand_eng"": ""Millo Archive"", ""brand_kor"": ""밀로 아카이브"", ""brand_no"": 9191, ""category1"": ""여성의류"", ""category2"": ""상의"", ""category3"": ""긴소매 티셔츠"", ""category3_code"": 268103102, ""is_new"": false, ""item_no"": 4192481, ""period_sort"": ""ONE_DAY"", ""platform"": ""29cm"", ""ranking_category_code"": ""272103100"", ""ranking_category_name"": ""남성의류>상의"", ""review_avg"": 0.0, ""sale_percent"": 19, ""sale_price"": 74520, ""sold_out"": false, ""url"": ""https://product.29cm.co.kr/catalog/4192481""}",2026-10-10T13:00:06+00:00_caa68351
2026-10-10T22:00:06+09:00,2026-10-10T13:00:07+00:00,commerce_rank,플래드 체크 셔츠 (네이비),29cm:4197284,heart_count,12.0,"{""brand_eng"": ""INDUST"", ""brand_kor"": ""인더스트"", ""brand_no"": 15333, ""category1"": ""남성의류"", ""category2"": ""상의"", ""category3"": ""긴소매 셔츠"", ""category3_code"": 272103106, ""is_new"": false, ""item_no"": 4197284, ""period_sort"": ""ONE_DAY"", ""platform"": ""29cm"", ""ranking_category_code"": ""272103100"", ""ranking_category_name"": ""남성의류>상의"", ""review_avg"": 0.0, ""sale_percent"": 34, ""sale_price"": 42680, ""sold_out"": false, ""url"": ""https://product.29cm.co.kr/catalog/4197284""}",2026-10-10T13:00:06+00:00_caa68351
2026-10-10T22:00:06+09:00,2026-10-10T13:00:07+00:00,commerce_rank,플래드 체크 셔츠 (네이비),29cm:4197284,review_count,0.0,"{""brand_eng"": ""INDUST"", ""brand_kor"": ""인더스트"", ""brand_no"": 15333, ""category1"": ""남성의류"", ""category2"": ""상의"", ""category3"": ""긴소매 셔츠"", ""category3_code"": 272103106, ""is_new"": false, ""item_no"": 4197284, ""period_sort"": ""ONE_DAY"", ""platform"": ""29cm"", ""ranking_category_code"": ""272103100"", ""ranking_category_name"": ""남성의류>상의"", ""review_avg"": 0.0, ""sale_percent"": 34, ""sale_price"": 42680, ""sold_out"": false, ""url"": ""https://product.29cm.co.kr/catalog/4197284""}",2026-10-10T13:00:06+00:00_caa68351
2026-10-10T22:00:06+09:00,2026-10-10T13:00:07+00:00,commerce_rank,플래드 체크 셔츠 (네이비),29cm:4197284@272103100,rank,58.0,"{""brand_eng"": ""INDUST"", ""brand_kor"": ""인더스트"", ""brand_no"": 15333, ""category1"": ""남성의류"", ""category2"": ""상의"", ""category3"": ""긴소매 셔츠"", ""category3_code"": 272103106, ""is_new"": false, ""item_no"": 4197284, ""period_sort"": ""ONE_DAY"", ""platform"": ""29cm"", ""ranking_category_code"": ""272103100"", ""ranking_category_name"": ""남성의류>상의"", ""review_avg"": 0.0, ""sale_percent"": 34, ""sale_price"": 42680, ""sold_out"": false, ""url"": ""https://product.29cm.co.kr/catalog/4197284""}",2026-10-10T13:00:06+00:00_caa68351
2026-10-10T22:00:06+09:00,2026-10-10T13:00:06+00:00,commerce_rank,[예약발송] Hetti 헤티 스카프 셔츠 - charcoal,29cm:4204283,heart_count,470.0,"{""brand_eng"": ""NOMELET"", ""brand_kor"": ""노멜렛"", ""brand_no"": 123883, ""category1"": ""여성의류"", ""category2"": ""상의"", ""category3"": ""블라우스"", ""category3_code"": 268103107, ""is_new"": true, ""item_no"": 4204283, ""period_sort"": ""ONE_DAY"", ""platform"": ""29cm"", ""ranking_category_code"": ""268103100"", ""ranking_category_name"": ""여성의류>상의"", ""review_avg"": 0.0, ""sale_percent"": 20, ""sale_price"": 76000, ""sold_out"": false, ""url"": ""https://product.29cm.co.kr/catalog/4204283""}",2026-10-10T13:00:06+00:00_caa68351
2026-10-10T22:00:06+09:00,2026-10-10T13:00:06+00:00,commerce_rank,[예약발송] Hetti 헤티 스카프 셔츠 - charcoal,29cm:4204283,review_count,0.0,"{""brand_eng"": ""NOMELET"", ""brand_kor"": ""노멜렛"", ""brand_no"": 123883, ""category1"": ""여성의류"", ""category2"": ""상의"", ""category3"": ""블라우스"", ""category3_code"": 268103107, ""is_new"": true, ""item_no"": 4204283, ""period_sort"": ""ONE_DAY"", ""platform"": ""29cm"", ""ranking_category_code"": ""268103100"", ""ranking_category_name"": ""여성의류>상의"", ""review_avg"": 0.0, ""sale_percent"": 20, ""sale_price"": 76000, ""sold_out"": false, ""url"": ""https://product.29cm.co.kr/catalog/4204283""}",2026-10-10T13:00:06+00:00_caa68351
2026-10-10T22:00:06+09:00,2026-10-10T13:00:06+00:00,commerce_rank,[예약발송] Hetti 헤티 스카프 셔츠 - charcoal,29cm:4204283@268103100,rank,1.0,"{""brand_eng"": ""NOMELET"", ""brand_kor"": ""노멜렛"", ""brand_no"": 123883, ""category1"": ""여성의류"", ""category2"": ""상의"", ""category3"": ""블라우스"", ""category3_code"": 268103107, ""is_new"": true, ""item_no"": 4204283, ""period_sort"": ""ONE_DAY"", ""platform"": ""29cm"", ""ranking_category_code"": ""268103100"", ""ranking_category_name"": ""여성의류>상의"", ""review_avg"": 0.0, ""sale_percent"": 20, ""sale_price"": 76000, ""sold_out"": false, ""url"": ""https://product.29cm.co.kr/catalog/4204283""}",2026-10-10T13:00:06+00:00_caa68351
2026-10-10T22:00:06+09:00,2026-10-10T13:00:06+00:00,commerce_rank,Setta 세타 레이어드 티셔츠 - 2colors,29cm:4204357,heart_count,383.0,"{""brand_eng"": ""NOMELET"", ""brand_kor"": ""노멜렛"", ""brand_no"": 123883, ""category1"": ""여성의류"", ""category2"": ""상의"", ""category3"": ""긴소매 티셔츠"", ""category3_code"": 268103102, ""is_new"": false, ""item_no"": 4204357, ""period_sort"": ""ONE_DAY"", ""platform"": ""29cm"", ""ranking_category_code"": ""268103100"", ""ranking_category_name"": ""여성의류>상의"", ""review_avg"": 4.5, ""sale_percent"": 0, ""sale_price"": 53000, ""sold_out"": false, ""url"": ""https://product.29cm.co.kr/catalog/4204357""}",2026-10-10T13:00:06+00:00_caa68351
2026-10-10T22:00:06+09:00,2026-10-10T13:00:06+00:00,commerce_rank,Setta 세타 레이어드 티셔츠 - 2colors,29cm:4204357,review_count,6.0,"{""brand_eng"": ""NOMELET"", ""brand_kor"": ""노멜렛"", ""brand_no"": 123883, ""category1"": ""여성의류"", ""category2"": ""상의"", ""category3"": ""긴소매 티셔츠"", ""category3_code"": 268103102, ""is_new"": false, ""item_no"": 4204357, ""period_sort"": ""ONE_DAY"", ""platform"": ""29cm"", ""ranking_category_code"": ""268103100"", ""ranking_category_name"": ""여성의류>상의"", ""review_avg"": 4.5, ""sale_percent"": 0, ""sale_price"": 53000, ""sold_out"": false, ""url"": ""https://product.29cm.co.kr/catalog/4204357""}",2026-10-10T13:00:06+00:00_caa68351
2026-10-10T22:00:06+09:00,2026-10-10T13:00:06+00:00,commerce_rank,Setta 세타 레이어드 티셔츠 - 2colors,29cm:4204357@268103100,rank,37.0,"{""brand_eng"": ""NOMELET"", ""brand_kor"": ""노멜렛"", ""brand_no"": 123883, ""category1"": ""여성의류"", ""category2"": ""상의"", ""category3"": ""긴소매 티셔츠"", ""category3_code"": 268103102, ""is_new"": false, ""item_no"": 4204357, ""period_sort"": ""ONE_DAY"", ""platform"": ""29cm"", ""ranking_category_code"": ""268103100"", ""ranking_category_name"": ""여성의류>상의"", ""review_avg"": 4.5, ""sale_percent"": 0, ""sale_price"": 53000, ""sold_out"": false, ""url"": ""https://product.29cm.co.kr/catalog/4204357""}",2026-10-10T13:00:06+00:00_caa68351
2026-10-10T22:00:06+09:00,2026-10-10T13:00:06+00:00,commerce_rank,Thea 테아 티셔츠 - 2 colors,29cm:4204390,heart_count,242.0,"{""brand_eng"": ""NOMELET"", ""brand_kor"": ""노멜렛"", ""brand_no"": 123883, ""category1"": ""여성의류"", ""category2"": ""상의"", ""category3"": ""긴소매 티셔츠"", ""category3_code"": 268103102, ""is_new"": false, ""item_no"": 4204390, ""period_sort"": ""ONE_DAY"", ""platform"": ""29cm"", ""ranking_category_code"": ""268103100"", ""ranking_category_name"": ""여성의류>상의"", ""review_avg"": 5.0, ""sale_percent"": 0, ""sale_price"": 79000, ""sold_out"": false, ""url"": ""https://product.29cm.co.kr/catalog/4204390""}",2026-10-10T13:00:06+00:00_caa68351
2026-10-10T22:00:06+09:00,2026-10-10T13:00:06+00:00,commerce_rank,Thea 테아 티셔츠 - 2 colors,29cm:4204390,review_count,9.0,"{""brand_eng"": ""NOMELET"", ""brand_kor"": ""노멜렛"", ""brand_no"": 123883, ""category1"": ""여성의류"", ""category2"": ""상의"", ""category3"": ""긴소매 티셔츠"", ""category3_code"": 268103102, ""is_new"": false, ""item_no"": 4204390, ""period_sort"": ""ONE_DAY"", ""platform"": ""29cm"", ""ranking_category_code"": ""268103100"", ""ranking_category_name"": ""여성의류>상의"", ""review_avg"": 5.0, ""sale_percent"": 0, ""sale_price"": 79000, ""sold_out"": false, ""url"": ""https://product.29cm.co.kr/catalog/4204390""}",2026-10-10T13:00:06+00:00_caa68351
2026-10-10T22:00:06+09:00,2026-10-10T13:00:06+00:00,commerce_rank,Thea 테아 티셔츠 - 2 colors,29cm:4204390@268103100,rank,100.0,"{""brand_eng"": ""NOMELET"", ""brand_kor"": ""노멜렛"", ""brand_no"": 123883, ""category1"": ""여성의류"", ""category2"": ""상의"", ""category3"": ""긴소매 티셔츠"", ""category3_code"": 268103102, ""is_new"": false, ""item_no"": 4204390, ""period_sort"": ""ONE_DAY"", ""platform"": ""29cm"", ""ranking_category_code"": ""268103100"", ""ranking_category_name"": ""여성의류>상의"", ""review_avg"": 5.0, ""sale_percent"": 0, ""sale_price"": 79000, ""sold_out"": false, ""url"": ""https://product.29cm.co.kr/catalog/4204390""}",2026-10-10T13:00:06+00:00_caa68351
2026-10-10T22:00:06+09:00,2026-10-10T13:00:07+00:00,commerce_rank,JAPANESE URAKE JERSEY TUBULAR SWEAT_VINTAGE NAVY,29cm:4205649,heart_count,82.0,"{""brand_eng"": ""OUTSTANDING"", ""brand_kor"": ""아웃스탠딩"", ""brand_no"": 1657, ""category1"": ""남성의류"", ""category2"": ""상의"", ""category3"": ""스웨트셔츠"", ""category3_code"": 272103107, ""is_new"": false, ""item_no"": 4205649, ""period_sort"": ""ONE_DAY"", ""platform"": ""29cm"", ""ranking_category_code"": ""272103100"", ""ranking_category_name"": ""남성의류>상의"", ""review_avg"": 5.0, ""sale_percent"": 10, ""sale_price"": 88200, ""sold_out"": false, ""url"": ""https://product.29cm.co.kr/catalog/4205649""}",2026-10-10T13:00:06+00:00_caa68351
2026-10-10T22:00:06+09:00,2026-10-10T13:00:07+00:00,commerce_rank,JAPANESE URAKE JERSEY TUBULAR SWEAT_VINTAGE NAVY,29cm:4205649,review_count,1.0,"{""brand_eng"": ""OUTSTANDING"", ""brand_kor"": ""아웃스탠딩"", ""brand_no"": 1657, ""category1"": ""남성의류"", ""category2"": ""상의"", ""category3"": ""스웨트셔츠"", ""category3_code"": 272103107, ""is_new"": false, ""item_no"": 4205649, ""period_sort"": ""ONE_DAY"", ""platform"": ""29cm"", ""ranking_category_code"": ""272103100"", ""ranking_category_name"": ""남성의류>상의"", ""review_avg"": 5.0, ""sale_percent"": 10, ""sale_price"": 88200, ""sold_out"": false, ""url"": ""https://product.29cm.co.kr/catalog/4205649""}",2026-10-10T13:00:06+00:00_caa68351
2026-10-10T22:00:06+09:00,2026-10-10T13:00:07+00:00,commerce_rank,JAPANESE URAKE JERSEY TUBULAR SWEAT_VINTAGE NAVY,29cm:4205649@272103100,rank,41.0,"{""brand_eng"": ""OUTSTANDING"", ""brand_kor"": ""아웃스탠딩"", ""brand_no"": 1657, ""category1"": ""남성의류"", ""category2"": ""상의"", ""category3"": ""스웨트셔츠"", ""category3_code"": 272103107, ""is_new"": false, ""item_no"": 4205649, ""period_sort"": ""ONE_DAY"", ""platform"": ""29cm"", ""ranking_category_code"": ""272103100"", ""ranking_category_name"": ""남성의류>상의"", ""review_avg"": 5.0, ""sale_percent"": 10, ""sale_price"": 88200, ""sold_out"": false, ""url"": ""https://product.29cm.co.kr/catalog/4205649""}",2026-10-10T13:00:06+00:00_caa68351
2026-10-10T22:00:06+09:00,2026-10-10T13:00:06+00:00,commerce_rank,Milo Stripe Tee_Blue,29cm:4205822,heart_count,939.0,"{""brand_eng"": ""108POUND"", ""brand_kor"": ""108파운드"", ""brand_no"": 86198, ""category1"": ""여성의류"", ""category2"": ""상의"", ""category3"": ""긴소매 티셔츠"", ""category3_code"": 268103102, ""is_new"": false, ""item_no"": 4205822, ""period_sort"": ""ONE_DAY"", ""platform"": ""29cm"", ""ranking_category_code"": ""268103100"", ""ranking_category_name"": ""여성의류>상의"", ""review_avg"": 4.5, ""sale_percent"": 33, ""sale_price"": 48600, ""sold_out"": false, ""url"": ""https://product.29cm.co.kr/catalog/4205822""}",2026-10-10T13:00:06+00:00_caa68351
2026-10-10T22:00:06+09:00,2026-10-10T13:00:06+00:00,commerce_rank,Milo Stripe Tee_Blue,29cm:4205822,review_count,11.0,"{""brand_eng"": ""108POUND"", ""brand_kor"": ""108파운드"", ""brand_no"": 86198, ""category1"": ""여성의류"", ""category2"": ""상의"", ""category3"": ""긴소매 티셔츠"", ""category3_code"": 268103102, ""is_new"": false, ""item_no"": 4205822, ""period_sort"": ""ONE_DAY"", ""platform"": ""29cm"", ""ranking_category_code"": ""268103100"", ""ranking_category_name"": ""여성의류>상의"", ""review_avg"": 4.5, ""sale_percent"": 33, ""sale_price"": 48600, ""sold_out"": false, ""url"": ""https://product.29cm.co.kr/catalog/4205822""}",2026-10-10T13:00:06+00:00_caa68351
2026-10-10T22:00:06+09:00,2026-10-10T13:00:06+00:00,commerce_rank,Milo Stripe Tee_Blue,29cm:4205822@268103100,rank,57.0,"{""brand_eng"": ""108POUND"", ""brand_kor"": ""108파운드"", ""brand_no"": 86198, ""category1"": ""여성의류"", ""category2"": ""상의"", ""category3"": ""긴소매 티셔츠"", ""category3_code"": 268103102, ""is_new"": false, ""item_no"": 4205822, ""period_sort"": ""ONE_DAY"", ""platform"": ""29cm"", ""ranking_category_code"": ""268103100"", ""ranking_category_name"": ""여성의류>상의"", ""review_avg"": 4.5, ""sale_percent"": 33, ""sale_price"": 48600, ""sold_out"": false, ""url"": ""https://product.29cm.co.kr/catalog/4205822""}",2026-10-10T13:00:06+00:00_caa68351
2026-10-10T22:00:06+09:00,2026-10-10T13:00:06+00:00,commerce_rank,Milo Stripe Tee_Oatmeal,29cm:4205823,heart_count,1334.0,"{""brand_eng"": ""108POUND"", ""brand_kor"": ""108파운드"", ""brand_no"": 86198, ""category1"": ""여성의류"", ""category2"": ""상의"", ""category3"": ""긴소매 티셔츠"", ""category3_code"": 268103102, ""is_new"": false, ""item_no"": 4205823, ""period_sort"": ""ONE_DAY"", ""platform"": ""29cm"", ""ranking_category_code"": ""268103100"", ""ranking_category_name"": ""여성의류>상의"", ""review_avg"": 4.5, ""sale_percent"": 33, ""sale_price"": 48600, ""sold_out"": false, ""url"": ""https://product.29cm.co.kr/catalog/4205823""}",2026-10-10T13:00:06+00:00_caa68351
2026-10-10T22:00:06+09:00,2026-10-10T13:00:06+00:00,commerce_rank,Milo Stripe Tee_Oatmeal,29cm:4205823,review_count,6.0,"{""brand_eng"": ""108POUND"", ""brand_kor"": ""108파운드"", ""brand_no"": 86198, ""category1"": ""여성의류"", ""category2"": ""상의"", ""category3"": ""긴소매 티셔츠"", ""category3_code"": 268103102, ""is_new"": false, ""item_no"": 4205823, ""period_sort"": ""ONE_DAY"", ""platform"": ""29cm"", ""ranking_category_code"": ""268103100"", ""ranking_category_name"": ""여성의류>상의"", ""review_avg"": 4.5, ""sale_percent"": 33, ""sale_price"": 48600, ""sold_out"": false, ""url"": ""https://product.29cm.co.kr/catalog/4205823""}",2026-10-10T13:00:06+00:00_caa68351
2026-10-10T22:00:06+09:00,2026-10-10T13:00:06+00:00,commerce_rank,Milo Stripe Tee_Oatmeal,29cm:4205823@268103100,rank,41.0,"{""brand_eng"": ""108POUND"", ""brand_kor"": ""108파운드"", ""brand_no"": 86198, ""category1"": ""여성의류"", ""category2"": ""상의"", ""category3"": ""긴소매 티셔츠"", ""category3_code"": 268103102, ""is_new"": false, ""item_no"": 4205823, ""period_sort"": ""ONE_DAY"", ""platform"": ""29cm"", ""ranking_category_code"": ""268103100"", ""ranking_category_name"": ""여성의류>상의"", ""review_avg"": 4.5, ""sale_percent"": 33, ""sale_price"": 48600, ""sold_out"": false, ""url"": ""https://product.29cm.co.kr/catalog/4205823""}",2026-10-10T13:00:06+00:00_caa68351
2026-10-10T22:00:06+09:00,2026-10-10T13:00:06+00:00,commerce_rank,Henley 3/4 Sleeve Tee_Stripe Blue,29cm:4205826,heart_count,1583.0,"{""brand_eng"": ""108POUND"", ""brand_kor"": ""108파운드"", ""brand_no"": 86198, ""category1"": ""여성의류"", ""category2"": ""상의"", ""category3"": ""반소매 티셔츠"", ""category3_code"": 268103101, ""is_new"": false, ""item_no"": 4205826, ""period_sort"": ""ONE_DAY"", ""platform"": ""29cm"", ""ranking_category_code"": ""268103100"", ""ranking_category_name"": ""여성의류>상의"", ""review_avg"": 5.0, ""sale_percent"": 33, ""sale_price"": 43200, ""sold_out"": false, ""url"": ""https://product.29cm.co.kr/catalog/4205826""}",2026-10-10T13:00:06+00:00_caa68351
2026-10-10T22:00:06+09:00,2026-10-10T13:00:06+00:00,commerce_rank,Henley 3/4 Sleeve Tee_Stripe Blue,29cm:4205826,review_count,4.0,"{""brand_eng"": ""108POUND"", ""brand_kor"": ""108파운드"", ""brand_no"": 86198, ""category1"": ""여성의류"", ""category2"": ""상의"", ""category3"": ""반소매 티셔츠"", ""category3_code"": 268103101, ""is_new"": false, ""item_no"": 4205826, ""period_sort"": ""ONE_DAY"", ""platform"": ""29cm"", ""ranking_category_code"": ""268103100"", ""ranking_category_name"": ""여성의류>상의"", ""review_avg"": 5.0, ""sale_percent"": 33, ""sale_price"": 43200, ""sold_out"": false, ""url"": ""https://product.29cm.co.kr/catalog/4205826""}",2026-10-10T13:00:06+00:00_caa68351
2026-10-10T22:00:06+09:00,2026-10-10T13:00:06+00:00,commerce_rank,Henley 3/4 Sleeve Tee_Stripe Blue,29cm:4205826@268103100,rank,54.0,"{""brand_eng"": ""108POUND"", ""brand_kor"": ""108파운드"", ""brand_no"": 86198, ""category1"": ""여성의류"", ""category2"": ""상의"", ""category3"": ""반소매 티셔츠"", ""category3_code"": 268103101, ""is_new"": false, ""item_no"": 4205826, ""period_sort"": ""ONE_DAY"", ""platform"": ""29cm"", ""ranking_category_code"": ""268103100"", ""ranking_category_name"": ""여성의류>상의"", ""review_avg"": 5.0, ""sale_percent"": 33, ""sale_price"": 43200, ""sold_out"": false, ""url"": ""https://product.29cm.co.kr/catalog/4205826""}",2026-10-10T13:00:06+00:00_caa68351
2026-10-10T22:00:06+09:00,2026-10-10T13:00:06+00:00,commerce_rank,Henley 3/4 Sleeve Tee_Stripe Gray,29cm:4205827,heart_count,1916.0,"{""brand_eng"": ""108POUND"", ""brand_kor"": ""108파운드"", ""brand_no"": 86198, ""category1"": ""여성의류"", ""category2"": ""상의"", ""category3"": ""반소매 티셔츠"", ""category3_code"": 268103101, ""is_new"": false, ""item_no"": 4205827, ""period_sort"": ""ONE_DAY"", ""platform"": ""29cm"", ""ranking_category_code"": ""268103100"", ""ranking_category_name"": ""여성의류>상의"", ""review_avg"": 5.0, ""sale_percent"": 33, ""sale_price"": 43200, ""sold_out"": false, ""url"": ""https://product.29cm.co.kr/catalog/4205827""}",2026-10-10T13:00:06+00:00_caa68351
2026-10-10T22:00:06+09:00,2026-10-10T13:00:06+00:00,commerce_rank,Henley 3/4 Sleeve Tee_Stripe Gray,29cm:4205827,review_count,4.0,"{""brand_eng"": ""108POUND"", ""brand_kor"": ""108파운드"", ""brand_no"": 86198, ""category1"": ""여성의류"", ""category2"": ""상의"", ""category3"": ""반소매 티셔츠"", ""category3_code"": 268103101, ""is_new"": false, ""item_no"": 4205827, ""period_sort"": ""ONE_DAY"", ""platform"": ""29cm"", ""ranking_category_code"": ""268103100"", ""ranking_category_name"": ""여성의류>상의"", ""review_avg"": 5.0, ""sale_percent"": 33, ""sale_price"": 43200, ""sold_out"": false, ""url"": ""https://product.29cm.co.kr/catalog/4205827""}",2026-10-10T13:00:06+00:00_caa68351
2026-10-10T22:00:06+09:00,2026-10-10T13:00:06+00:00,commerce_rank,Henley 3/4 Sleeve Tee_Stripe Gray,29cm:4205827@268103100,rank,68.0,"{""brand_eng"": ""108POUND"", ""brand_kor"": ""108파운드"", ""brand_no"": 86198, ""category1"": ""여성의류"", ""category2"": ""상의"", ""category3"": ""반소매 티셔츠"", ""category3_code"": 268103101, ""is_new"": false, ""item_no"": 4205827, ""period_sort"": ""ONE_DAY"", ""platform"": ""29cm"", ""ranking_category_code"": ""268103100"", ""ranking_category_name"": ""여성의류>상의"", ""review_avg"": 5.0, ""sale_percent"": 33, ""sale_price"": 43200, ""sold_out"": false, ""url"": ""https://product.29cm.co.kr/catalog/4205827""}",2026-10-10T13:00:06+00:00_caa68351
2026-10-10T22:00:06+09:00,2026-10-10T13:00:07+00:00,commerce_rank,Bumpy Slub Double Neck Long Sleeve Black,29cm:4209631,heart_count,93.0,"{""brand_eng"": ""partimento"", ""brand_kor"": ""파르티멘토"", ""brand_no"": 1588, ""category1"": ""여성의류"", ""category2"": ""상의"", ""category3"": ""긴소매 티셔츠"", ""category3_code"": 268103102, ""is_new"": false, ""item_no"": 4209631, ""period_sort"": ""ONE_DAY"", ""platform"": ""29cm"", ""ranking_category_code"": ""272103100"", ""ranking_category_name"": ""남성의류>상의"", ""review_avg"": 0.0, ""sale_percent"": 28, ""sale_price"": 31410, ""sold_out"": false, ""url"": ""https://product.29cm.co.kr/catalog/4209631""}",2026-10-10T13:00:06+00:00_caa68351
2026-10-10T22:00:06+09:00,2026-10-10T13:00:07+00:00,commerce_rank,Bumpy Slub Double Neck Long Sleeve Black,29cm:4209631,review_count,0.0,"{""brand_eng"": ""partimento"", ""brand_kor"": ""파르티멘토"", ""brand_no"": 1588, ""category1"": ""여성의류"", ""category2"": ""상의"", ""category3"": ""긴소매 티셔츠"", ""category3_code"": 268103102, ""is_new"": false, ""item_no"": 4209631, ""period_sort"": ""ONE_DAY"", ""platform"": ""29cm"", ""ranking_category_code"": ""272103100"", ""ranking_category_name"": ""남성의류>상의"", ""review_avg"": 0.0, ""sale_percent"": 28, ""sale_price"": 31410, ""sold_out"": false, ""url"": ""https://product.29cm.co.kr/catalog/4209631""}",2026-10-10T13:00:06+00:00_caa68351
2026-10-10T22:00:06+09:00,2026-10-10T13:00:07+00:00,commerce_rank,Bumpy Slub Double Neck Long Sleeve Black,29cm:4209631@272103100,rank,87.0,"{""brand_eng"": ""partimento"", ""brand_kor"": ""파르티멘토"", ""brand_no"": 1588, ""category1"": ""여성의류"", ""category2"": ""상의"", ""category3"": ""긴소매 티셔츠"", ""category3_code"": 268103102, ""is_new"": false, ""item_no"": 4209631, ""period_sort"": ""ONE_DAY"", ""platform"": ""29cm"", ""ranking_category_code"": ""272103100"", ""ranking_category_name"": ""남성의류>상의"", ""review_avg"": 0.0, ""sale_percent"": 28, ""sale_price"": 31410, ""sold_out"": false, ""url"": ""https://product.29cm.co.kr/catalog/4209631""}",2026-10-10T13:00:06+00:00_caa68351
2026-10-10T22:00:06+09:00,2026-10-10T13:00:06+00:00,commerce_rank,Valery 발레리 보트넥 롱슬리브 - 5 colors,29cm:4210525,heart_count,408.0,"{""brand_eng"": ""NOMELET"", ""brand_kor"": ""노멜렛"", ""brand_no"": 123883, ""category1"": ""여성의류"", ""category2"": ""상의"", ""category3"": ""긴소매 티셔츠"", ""category3_code"": 268103102, ""is_new"": false, ""item_no"": 4210525, ""period_sort"": ""ONE_DAY"", ""platform"": ""29cm"", ""ranking_category_code"": ""268103100"", ""ranking_category_name"": ""여성의류>상의"", ""review_avg"": 4.5, ""sale_percent"": 0, ""sale_price"": 45000, ""sold_out"": false, ""url"": ""https://product.29cm.co.kr/catalog/4210525""}",2026-10-10T13:00:06+00:00_caa68351
2026-10-10T22:00:06+09:00,2026-10-10T13:00:06+00:00,commerce_rank,Valery 발레리 보트넥 롱슬리브 - 5 colors,29cm:4210525,review_count,7.0,"{""brand_eng"": ""NOMELET"", ""brand_kor"": ""노멜렛"", ""brand_no"": 123883, ""category1"": ""여성의류"", ""category2"": ""상의"", ""category3"": ""긴소매 티셔츠"", ""category3_code"": 268103102, ""is_new"": false, ""item_no"": 4210525, ""period_sort"": ""ONE_DAY"", ""platform"": ""29cm"", ""ranking_category_code"": ""268103100"", ""ranking_category_name"": ""여성의류>상의"", ""review_avg"": 4.5, ""sale_percent"": 0, ""sale_price"": 45000, ""sold_out"": false, ""url"": ""https://product.29cm.co.kr/catalog/4210525""}",2026-10-10T13:00:06+00:00_caa68351
2026-10-10T22:00:06+09:00,2026-10-10T13:00:06+00:00,commerce_rank,Valery 발레리 보트넥 롱슬리브 - 5 colors,29cm:4210525@268103100,rank,16.0,"{""brand_eng"": ""NOMELET"", ""brand_kor"": ""노멜렛"", ""brand_no"": 123883, ""category1"": ""여성의류"", ""category2"": ""상의"", ""category3"": ""긴소매 티셔츠"", ""category3_code"": 268103102, ""is_new"": false, ""item_no"": 4210525, ""period_sort"": ""ONE_DAY"", ""platform"": ""29cm"", ""ranking_category_code"": ""268103100"", ""ranking_category_name"": ""여성의류>상의"", ""review_avg"": 4.5, ""sale_percent"": 0, ""sale_price"": 45000, ""sold_out"": false, ""url"": ""https://product.29cm.co.kr/catalog/4210525""}",2026-10-10T13:00:06+00:00_caa68351
2026-10-10T22:00:06+09:00,2026-10-10T13:00:06+00:00,commerce_rank,Days Multi Check Shirt_Berry Mix,29cm:4218760,heart_count,524.0,"{""brand_eng"": ""108POUND"", ""brand_kor"": ""108파운드"", ""brand_no"": 86198, ""category1"": ""여성의류"", ""category2"": ""상의"", ""category3"": ""셔츠"", ""category3_code"": 268103106, ""is_new"": false, ""item_no"": 4218760, ""period_sort"": ""ONE_DAY"", ""platform"": ""29cm"", ""ranking_category_code"": ""268103100"", ""ranking_category_name"": ""여성의류>상의"", ""review_avg"": 5.0, ""sale_percent"": 29, ""sale_price"": 88350, ""sold_out"": false, ""url"": ""https://product.29cm.co.kr/catalog/4218760""}",2026-10-10T13:00:06+00:00_caa68351
2026-10-10T22:00:06+09:00,2026-10-10T13:00:06+00:00,commerce_rank,Days Multi Check Shirt_Berry Mix,29cm:4218760,review_count,3.0,"{""brand_eng"": ""108POUND"", ""brand_kor"": ""108파운드"", ""brand_no"": 86198, ""category1"": ""여성의류"", ""category2"": ""상의"", ""category3"": ""셔츠"", ""category3_code"": 268103106, ""is_new"": false, ""item_no"": 4218760, ""period_sort"": ""ONE_DAY"", ""platform"": ""29cm"", ""ranking_category_code"": ""268103100"", ""ranking_category_name"": ""여성의류>상의"", ""review_avg"": 5.0, ""sale_percent"": 29, ""sale_price"": 88350, ""sold_out"": false, ""url"": ""https://product.29cm.co.kr/catalog/4218760""}",2026-10-10T13:00:06+00:00_caa68351
2026-10-10T22:00:06+09:00,2026-10-10T13:00:06+00:00,commerce_rank,Days Multi Check Shirt_Berry Mix,29cm:4218760@268103100,rank,33.0,"{""brand_eng"": ""108POUND"", ""brand_kor"": ""108파운드"", ""brand_no"": 86198, ""category1"": ""여성의류"", ""category2"": ""상의"", ""category3"": ""셔츠"", ""category3_code"": 268103106, ""is_new"": false, ""item_no"": 4218760, ""period_sort"": ""ONE_DAY"", ""platform"": ""29cm"", ""ranking_category_code"": ""268103100"", ""ranking_category_name"": ""여성의류>상의"", ""review_avg"": 5.0, ""sale_percent"": 29, ""sale_price"": 88350, ""sold_out"": false, ""url"": ""https://product.29cm.co.kr/catalog/4218760""}",2026-10-10T13:00:06+00:00_caa68351
2026-10-10T22:00:06+09:00,2026-10-10T13:00:06+00:00,commerce_rank,[4th] Kid pocket henry tee - beige,29cm:4219801,heart_count,868.0,"{""brand_eng"": ""FOETO"", ""brand_kor"": ""포에토"", ""brand_no"": 53520, ""category1"": ""여성의류"", ""category2"": ""상의"", ""category3"": ""반소매 티셔츠"", ""category3_code"": 268103101, ""is_new"": false, ""item_no"": 4219801, ""period_sort"": ""ONE_DAY"", ""platform"": ""29cm"", ""ranking_category_code"": ""268103100"", ""ranking_category_name"": ""여성의류>상의"", ""review_avg"": 5.0, ""sale_percent"": 19, ""sale_price"": 65610, ""sold_out"": false, ""url"": ""https://product.29cm.co.kr/catalog/4219801""}",2026-10-10T13:00:06+00:00_caa68351
2026-10-10T22:00:06+09:00,2026-10-10T13:00:06+00:00,commerce_rank,[4th] Kid pocket henry tee - beige,29cm:4219801,review_count,6.0,"{""brand_eng"": ""FOETO"", ""brand_kor"": ""포에토"", ""brand_no"": 53520, ""category1"": ""여성의류"", ""category2"": ""상의"", ""category3"": ""반소매 티셔츠"", ""category3_code"": 268103101, ""is_new"": false, ""item_no"": 4219801, ""period_sort"": ""ONE_DAY"", ""platform"": ""29cm"", ""ranking_category_code"": ""268103100"", ""ranking_category_name"": ""여성의류>상의"", ""review_avg"": 5.0, ""sale_percent"": 19, ""sale_price"": 65610, ""sold_out"": false, ""url"": ""https://product.29cm.co.kr/catalog/4219801""}",2026-10-10T13:00:06+00:00_caa68351
2026-10-10T22:00:06+09:00,2026-10-10T13:00:06+00:00,commerce_rank,[4th] Kid pocket henry tee - beige,29cm:4219801@268103100,rank,95.0,"{""brand_eng"": ""FOETO"", ""brand_kor"": ""포에토"", ""brand_no"": 53520, ""category1"": ""여성의류"", ""category2"": ""상의"", ""category3"": ""반소매 티셔츠"", ""category3_code"": 268103101, ""is_new"": false, ""item_no"": 4219801, ""period_sort"": ""ONE_DAY"", ""platform"": ""29cm"", ""ranking_category_code"": ""268103100"", ""ranking_category_name"": ""여성의류>상의"", ""review_avg"": 5.0, ""sale_percent"": 19, ""sale_price"": 65610, ""sold_out"": false, ""url"": ""https://product.29cm.co.kr/catalog/4219801""}",2026-10-10T13:00:06+00:00_caa68351
2026-10-10T22:00:06+09:00,2026-10-10T13:00:06+00:00,commerce_rank,[5th] Kid pocket henry tee - charcoal,29cm:4219804,heart_count,1308.0,"{""brand_eng"": ""FOETO"", ""brand_kor"": ""포에토"", ""brand_no"": 53520, ""category1"": ""여성의류"", ""category2"": ""상의"", ""category3"": ""반소매 티셔츠"", ""category3_code"": 268103101, ""is_new"": false, ""item_no"": 4219804, ""period_sort"": ""ONE_DAY"", ""platform"": ""29cm"", ""ranking_category_code"": ""268103100"", ""ranking_category_name"": ""여성의류>상의"", ""review_avg"": 5.0, ""sale_percent"": 19, ""sale_price"": 65610, ""sold_out"": false, ""url"": ""https://product.29cm.co.kr/catalog/4219804""}",2026-10-10T13:00:06+00:00_caa68351
2026-10-10T22:00:06+09:00,2026-10-10T13:00:06+00:00,commerce_rank,[5th] Kid pocket henry tee - charcoal,29cm:4219804,review_count,4.0,"{""brand_eng"": ""FOETO"", ""brand_kor"": ""포에토"", ""brand_no"": 53520, ""category1"": ""여성의류"", ""category2"": ""상의"", ""category3"": ""반소매 티셔츠"", ""category3_code"": 268103101, ""is_new"": false, ""item_no"": 4219804, ""period_sort"": ""ONE_DAY"", ""platform"": ""29cm"", ""ranking_category_code"": ""268103100"", ""ranking_category_name"": ""여성의류>상의"", ""review_avg"": 5.0, ""sale_percent"": 19, ""sale_price"": 65610, ""sold_out"": false, ""url"": ""https://product.29cm.co.kr/catalog/4219804""}",2026-10-10T13:00:06+00:00_caa68351
2026-10-10T22:00:06+09:00,2026-10-10T13:00:06+00:00,commerce_rank,[5th] Kid pocket henry tee - charcoal,29cm:4219804@268103100,rank,40.0,"{""brand_eng"": ""FOETO"", ""brand_kor"": ""포에토"", ""brand_no"": 53520, ""category1"": ""여성의류"", ""category2"": ""상의"", ""category3"": ""반소매 티셔츠"", ""category3_code"": 268103101, ""is_new"": false, ""item_no"": 4219804, ""period_sort"": ""ONE_DAY"", ""platform"": ""29cm"", ""ranking_category_code"": ""268103100"", ""ranking_category_name"": ""여성의류>상의"", ""review_avg"": 5.0, ""sale_percent"": 19, ""sale_price"": 65610, ""sold_out"": false, ""url"": ""https://product.29cm.co.kr/catalog/4219804""}",2026-10-10T13:00:06+00:00_caa68351
2026-10-10T22:00:06+09:00,2026-10-10T13:00:06+00:00,commerce_rank,오디세이 VTG 롱슬리브 (차콜),29cm:4225704,heart_count,4351.0,"{""brand_eng"": ""FINDOUBT"", ""brand_kor"": ""핀다웃"", ""brand_no"": 81719, ""category1"": ""여성의류"", ""category2"": ""상의"", ""category3"": ""긴소매 티셔츠"", ""category3_code"": 268103102, ""is_new"": false, ""item_no"": 4225704, ""period_sort"": ""ONE_DAY"", ""platform"": ""29cm"", ""ranking_category_code"": ""268103100"", ""ranking_category_name"": ""여성의류>상의"", ""review_avg"": 5.0, ""sale_percent"": 0, ""sale_price"": 92000, ""sold_out"": false, ""url"": ""https://product.29cm.co.kr/catalog/4225704""}",2026-10-10T13:00:06+00:00_caa68351
2026-10-10T22:00:06+09:00,2026-10-10T13:00:06+00:00,commerce_rank,오디세이 VTG 롱슬리브 (차콜),29cm:4225704,review_count,1.0,"{""brand_eng"": ""FINDOUBT"", ""brand_kor"": ""핀다웃"", ""brand_no"": 81719, ""category1"": ""여성의류"", ""category2"": ""상의"", ""category3"": ""긴소매 티셔츠"", ""category3_code"": 268103102, ""is_new"": false, ""item_no"": 4225704, ""period_sort"": ""ONE_DAY"", ""platform"": ""29cm"", ""ranking_category_code"": ""268103100"", ""ranking_category_name"": ""여성의류>상의"", ""review_avg"": 5.0, ""sale_percent"": 0, ""sale_price"": 92000, ""sold_out"": false, ""url"": ""https://product.29cm.co.kr/catalog/4225704""}",2026-10-10T13:00:06+00:00_caa68351
2026-10-10T22:00:06+09:00,2026-10-10T13:00:06+00:00,commerce_rank,오디세이 VTG 롱슬리브 (차콜),29cm:4225704@268103100,rank,44.0,"{""brand_eng"": ""FINDOUBT"", ""brand_kor"": ""핀다웃"", ""brand_no"": 81719, ""category1"": ""여성의류"", ""category2"": ""상의"", ""category3"": ""긴소매 티셔츠"", ""category3_code"": 268103102, ""is_new"": false, ""item_no"": 4225704, ""period_sort"": ""ONE_DAY"", ""platform"": ""29cm"", ""ranking_category_code"": ""268103100"", ""ranking_category_name"": ""여성의류>상의"", ""review_avg"": 5.0, ""sale_percent"": 0, ""sale_price"": 92000, ""sold_out"": false, ""url"": ""https://product.29cm.co.kr/catalog/4225704""}",2026-10-10T13:00:06+00:00_caa68351
2026-10-10T22:00:06+09:00,2026-10-10T13:00:07+00:00,commerce_rank,슬럽 컷 오프 롱슬리브_4Color,29cm:4232628,heart_count,68.0,"{""brand_eng"": ""MOODINSIDE"", ""brand_kor"": ""무드인사이드"", ""brand_no"": 98995, ""category1"": ""남성의류"", ""category2"": ""상의"", ""category3"": ""긴소매 티셔츠"", ""category3_code"": 272103102, ""is_new"": false, ""item_no"": 4232628, ""period_sort"": ""ONE_DAY"", ""platform"": ""29cm"", ""ranking_category_code"": ""272103100"", ""ranking_category_name"": ""남성의류>상의"", ""review_avg"": 0.0, ""sale_percent"": 50, ""sale_price"": 29900, ""sold_out"": false, ""url"": ""https://product.29cm.co.kr/catalog/4232628""}",2026-10-10T13:00:06+00:00_caa68351
2026-10-10T22:00:06+09:00,2026-10-10T13:00:07+00:00,commerce_rank,슬럽 컷 오프 롱슬리브_4Color,29cm:4232628,review_count,0.0,"{""brand_eng"": ""MOODINSIDE"", ""brand_kor"": ""무드인사이드"", ""brand_no"": 98995, ""category1"": ""남성의류"", ""category2"": ""상의"", ""category3"": ""긴소매 티셔츠"", ""category3_code"": 272103102, ""is_new"": false, ""item_no"": 4232628, ""period_sort"": ""ONE_DAY"", ""platform"": ""29cm"", ""ranking_category_code"": ""272103100"", ""ranking_category_name"": ""남성의류>상의"", ""review_avg"": 0.0, ""sale_percent"": 50, ""sale_price"": 29900, ""sold_out"": false, ""url"": ""https://product.29cm.co.kr/catalog/4232628""}",2026-10-10T13:00:06+00:00_caa68351
2026-10-10T22:00:06+09:00,2026-10-10T13:00:07+00:00,commerce_rank,슬럽 컷 오프 롱슬리브_4Color,29cm:4232628@272103100,rank,25.0,"{""brand_eng"": ""MOODINSIDE"", ""brand_kor"": ""무드인사이드"", ""brand_no"": 98995, ""category1"": ""남성의류"", ""category2"": ""상의"", ""category3"": ""긴소매 티셔츠"", ""category3_code"": 272103102, ""is_new"": false, ""item_no"": 4232628, ""period_sort"": ""ONE_DAY"", ""platform"": ""29cm"", ""ranking_category_code"": ""272103100"", ""ranking_category_name"": ""남성의류>상의"", ""review_avg"": 0.0, ""sale_percent"": 50, ""sale_price"": 29900, ""sold_out"": false, ""url"": ""https://product.29cm.co.kr/catalog/4232628""}",2026-10-10T13:00:06+00:00_caa68351
2026-10-10T22:00:06+09:00,2026-10-10T13:00:07+00:00,commerce_rank,피그다잉 포켓 롱슬리브_3Color,29cm:4232634,heart_count,6.0,"{""brand_eng"": ""MOODINSIDE"", ""brand_kor"": ""무드인사이드"", ""brand_no"": 98995, ""category1"": ""남성의류"", ""category2"": ""상의"", ""category3"": ""긴소매 티셔츠"", ""category3_code"": 272103102, ""is_new"": false, ""item_no"": 4232634, ""period_sort"": ""ONE_DAY"", ""platform"": ""29cm"", ""ranking_category_code"": ""272103100"", ""ranking_category_name"": ""남성의류>상의"", ""review_avg"": 0.0, ""sale_percent"": 50, ""sale_price"": 39900, ""sold_out"": false, ""url"": ""https://product.29cm.co.kr/catalog/4232634""}",2026-10-10T13:00:06+00:00_caa68351
2026-10-10T22:00:06+09:00,2026-10-10T13:00:07+00:00,commerce_rank,피그다잉 포켓 롱슬리브_3Color,29cm:4232634,review_count,0.0,"{""brand_eng"": ""MOODINSIDE"", ""brand_kor"": ""무드인사이드"", ""brand_no"": 98995, ""category1"": ""남성의류"", ""category2"": ""상의"", ""category3"": ""긴소매 티셔츠"", ""category3_code"": 272103102, ""is_new"": false, ""item_no"": 4232634, ""period_sort"": ""ONE_DAY"", ""platform"": ""29cm"", ""ranking_category_code"": ""272103100"", ""ranking_category_name"": ""남성의류>상의"", ""review_avg"": 0.0, ""sale_percent"": 50, ""sale_price"": 39900, ""sold_out"": false, ""url"": ""https://product.29cm.co.kr/catalog/4232634""}",2026-10-10T13:00:06+00:00_caa68351
2026-10-10T22:00:06+09:00,2026-10-10T13:00:07+00:00,commerce_rank,피그다잉 포켓 롱슬리브_3Color,29cm:4232634@272103100,rank,53.0,"{""brand_eng"": ""MOODINSIDE"", ""brand_kor"": ""무드인사이드"", ""brand_no"": 98995, ""category1"": ""남성의류"", ""category2"": ""상의"", ""category3"": ""긴소매 티셔츠"", ""category3_code"": 272103102, ""is_new"": false, ""item_no"": 4232634, ""period_sort"": ""ONE_DAY"", ""platform"": ""29cm"", ""ranking_category_code"": ""272103100"", ""ranking_category_name"": ""남성의류>상의"", ""review_avg"": 0.0, ""sale_percent"": 50, ""sale_price"": 39900, ""sold_out"": false, ""url"": ""https://product.29cm.co.kr/catalog/4232634""}",2026-10-10T13:00:06+00:00_caa68351
2026-10-10T22:00:06+09:00,2026-10-10T13:00:06+00:00,commerce_rank,Washed Raglan T-Shirt Mint,29cm:4235734,heart_count,689.0,"{""brand_eng"": ""RENSE"", ""brand_kor"": ""렌세"", ""brand_no"": 72648, ""category1"": ""여성의류"", ""category2"": ""상의"", ""category3"": ""긴소매 티셔츠"", ""category3_code"": 268103102, ""is_new"": false, ""item_no"": 4235734, ""period_sort"": ""ONE_DAY"", ""platform"": ""29cm"", ""ranking_category_code"": ""268103100"", ""ranking_category_name"": ""여성의류>상의"", ""review_avg"": 5.0, ""sale_percent"": 28, ""sale_price"": 38880, ""sold_out"": false, ""url"": ""https://product.29cm.co.kr/catalog/4235734""}",2026-10-10T13:00:06+00:00_caa68351
2026-10-10T22:00:06+09:00,2026-10-10T13:00:06+00:00,commerce_rank,Washed Raglan T-Shirt Mint,29cm:4235734,review_count,5.0,"{""brand_eng"": ""RENSE"", ""brand_kor"": ""렌세"", ""brand_no"": 72648, ""category1"": ""여성의류"", ""category2"": ""상의"", ""category3"": ""긴소매 티셔츠"", ""category3_code"": 268103102, ""is_new"": false, ""item_no"": 4235734, ""period_sort"": ""ONE_DAY"", ""platform"": ""29cm"", ""ranking_category_code"": ""268103100"", ""ranking_category_name"": ""여성의류>상의"", ""review_avg"": 5.0, ""sale_percent"": 28, ""sale_price"": 38880, ""sold_out"": false, ""url"": ""https://product.29cm.co.kr/catalog/4235734""}",2026-10-10T13:00:06+00:00_caa68351
2026-10-10T22:00:06+09:00,2026-10-10T13:00:06+00:00,commerce_rank,Washed Raglan T-Shirt Mint,29cm:4235734@268103100,rank,61.0,"{""brand_eng"": ""RENSE"", ""brand_kor"": ""렌세"", ""brand_no"": 72648, ""category1"": ""여성의류"", ""category2"": ""상의"", ""category3"": ""긴소매 티셔츠"", ""category3_code"": 268103102, ""is_new"": false, ""item_no"": 4235734, ""period_sort"": ""ONE_DAY"", ""platform"": ""29cm"", ""ranking_category_code"": ""268103100"", ""ranking_category_name"": ""여성의류>상의"", ""review_avg"": 5.0, ""sale_percent"": 28, ""sale_price"": 38880, ""sold_out"": false, ""url"": ""https://product.29cm.co.kr/catalog/4235734""}",2026-10-10T13:00:06+00:00_caa68351
2026-10-10T22:00:06+09:00,2026-10-10T13:00:07+00:00,commerce_rank,THERMAL SW HOODIE / NAVY,29cm:4235958,heart_count,8.0,"{""brand_eng"": ""HUMOROUS_ACCOUNT"", ""brand_kor"": ""휴머러스 어카운트"", ""brand_no"": 80883, ""category1"": ""남성의류"", ""category2"": ""상의"", ""category3"": ""후디"", ""category3_code"": 272103108, ""is_new"": false, ""item_no"": 4235958, ""period_sort"": ""ONE_DAY"", ""platform"": ""29cm"", ""ranking_category_code"": ""272103100"", ""ranking_category_name"": ""남성의류>상의"", ""review_avg"": 0.0, ""sale_percent"": 0, ""sale_price"": 168000, ""sold_out"": false, ""url"": ""https://product.29cm.co.kr/catalog/4235958""}",2026-10-10T13:00:06+00:00_caa68351
2026-10-10T22:00:06+09:00,2026-10-10T13:00:07+00:00,commerce_rank,THERMAL SW HOODIE / NAVY,29cm:4235958,review_count,0.0,"{""brand_eng"": ""HUMOROUS_ACCOUNT"", ""brand_kor"": ""휴머러스 어카운트"", ""brand_no"": 80883, ""category1"": ""남성의류"", ""category2"": ""상의"", ""category3"": ""후디"", ""category3_code"": 272103108, ""is_new"": false, ""item_no"": 4235958, ""period_sort"": ""ONE_DAY"", ""platform"": ""29cm"", ""ranking_category_code"": ""272103100"", ""ranking_category_name"": ""남성의류>상의"", ""review_avg"": 0.0, ""sale_percent"": 0, ""sale_price"": 168000, ""sold_out"": false, ""url"": ""https://product.29cm.co.kr/catalog/4235958""}",2026-10-10T13:00:06+00:00_caa68351
2026-10-10T22:00:06+09:00,2026-10-10T13:00:07+00:00,commerce_rank,THERMAL SW HOODIE / NAVY,29cm:4235958@272103100,rank,90.0,"{""brand_eng"": ""HUMOROUS_ACCOUNT"", ""brand_kor"": ""휴머러스 어카운트"", ""brand_no"": 80883, ""category1"": ""남성의류"", ""category2"": ""상의"", ""category3"": ""후디"", ""category3_code"": 272103108, ""is_new"": false, ""item_no"": 4235958, ""period_sort"": ""ONE_DAY"", ""platform"": ""29cm"", ""ranking_category_code"": ""272103100"", ""ranking_category_name"": ""남성의류>상의"", ""review_avg"": 0.0, ""sale_percent"": 0, ""sale_price"": 168000, ""sold_out"": false, ""url"": ""https://product.29cm.co.kr/catalog/4235958""}",2026-10-10T13:00:06+00:00_caa68351
2026-10-10T22:00:06+09:00,2026-10-10T13:00:07+00:00,commerce_rank,"Garment Dyed Corduroy Shirt, Navy",29cm:4237306,heart_count,8.0,"{""brand_eng"": ""BROWNYARD"", ""brand_kor"": ""브라운야드"", ""brand_no"": 2211, ""category1"": ""남성의류"", ""category2"": ""상의"", ""category3"": ""긴소매 셔츠"", ""category3_code"": 272103106, ""is_new"": false, ""item_no"": 4237306, ""period_sort"": ""ONE_DAY"", ""platform"": ""29cm"", ""ranking_category_code"": ""272103100"", ""ranking_category_name"": ""남성의류>상의"", ""review_avg"": 0.0, ""sale_percent"": 0, ""sale_price"": 178000, ""sold_out"": false, ""url"": ""https://product.29cm.co.kr/catalog/4237306""}",2026-10-10T13:00:06+00:00_caa68351
2026-10-10T22:00:06+09:00,2026-10-10T13:00:07+00:00,commerce_rank,"Garment Dyed Corduroy Shirt, Navy",29cm:4237306,review_count,0.0,"{""brand_eng"": ""BROWNYARD"", ""brand_kor"": ""브라운야드"", ""brand_no"": 2211, ""category1"": ""남성의류"", ""category2"": ""상의"", ""category3"": ""긴소매 셔츠"", ""category3_code"": 272103106, ""is_new"": false, ""item_no"": 4237306, ""period_sort"": ""ONE_DAY"", ""platform"": ""29cm"", ""ranking_category_code"": ""272103100"", ""ranking_category_name"": ""남성의류>상의"", ""review_avg"": 0.0, ""sale_percent"": 0, ""sale_price"": 178000, ""sold_out"": false, ""url"": ""https://product.29cm.co.kr/catalog/4237306""}",2026-10-10T13:00:06+00:00_caa68351
2026-10-10T22:00:06+09:00,2026-10-10T13:00:07+00:00,commerce_rank,"Garment Dyed Corduroy Shirt, Navy",29cm:4237306@272103100,rank,73.0,"{""brand_eng"": ""BROWNYARD"", ""brand_kor"": ""브라운야드"", ""brand_no"": 2211, ""category1"": ""남성의류"", ""category2"": ""상의"", ""category3"": ""긴소매 셔츠"", ""category3_code"": 272103106, ""is_new"": false, ""item_no"": 4237306, ""period_sort"": ""ONE_DAY"", ""platform"": ""29cm"", ""ranking_category_code"": ""272103100"", ""ranking_category_name"": ""남성의류>상의"", ""review_avg"": 0.0, ""sale_percent"": 0, ""sale_price"": 178000, ""sold_out"": false, ""url"": ""https://product.29cm.co.kr/catalog/4237306""}",2026-10-10T13:00:06+00:00_caa68351
2026-10-10T22:00:06+09:00,2026-10-10T13:00:07+00:00,commerce_rank,MANMADE FLEECE SNAP TEE / FOLIAGE GREEN,29cm:4237661,heart_count,31.0,"{""brand_eng"": ""HUMOROUS_ACCOUNT"", ""brand_kor"": ""휴머러스 어카운트"", ""brand_no"": 80883, ""category1"": ""남성의류"", ""category2"": ""상의"", ""category3"": ""후디"", ""category3_code"": 272103108, ""is_new"": false, ""item_no"": 4237661, ""period_sort"": ""ONE_DAY"", ""platform"": ""29cm"", ""ranking_category_code"": ""272103100"", ""ranking_category_name"": ""남성의류>상의"", ""review_avg"": 0.0, ""sale_percent"": 0, ""sale_price"": 215000, ""sold_out"": false, ""url"": ""https://product.29cm.co.kr/catalog/4237661""}",2026-10-10T13:00:06+00:00_caa68351
2026-10-10T22:00:06+09:00,2026-10-10T13:00:07+00:00,commerce_rank,MANMADE FLEECE SNAP TEE / FOLIAGE GREEN,29cm:4237661,review_count,0.0,"{""brand_eng"": ""HUMOROUS_ACCOUNT"", ""brand_kor"": ""휴머러스 어카운트"", ""brand_no"": 80883, ""category1"": ""남성의류"", ""category2"": ""상의"", ""category3"": ""후디"", ""category3_code"": 272103108, ""is_new"": false, ""item_no"": 4237661, ""period_sort"": ""ONE_DAY"", ""platform"": ""29cm"", ""ranking_category_code"": ""272103100"", ""ranking_category_name"": ""남성의류>상의"", ""review_avg"": 0.0, ""sale_percent"": 0, ""sale_price"": 215000, ""sold_out"": false, ""url"": ""https://product.29cm.co.kr/catalog/4237661""}",2026-10-10T13:00:06+00:00_caa68351
2026-10-10T22:00:06+09:00,2026-10-10T13:00:07+00:00,commerce_rank,MANMADE FLEECE SNAP TEE / FOLIAGE GREEN,29cm:4237661@272103100,rank,94.0,"{""brand_eng"": ""HUMOROUS_ACCOUNT"", ""brand_kor"": ""휴머러스 어카운트"", ""brand_no"": 80883, ""category1"": ""남성의류"", ""category2"": ""상의"", ""category3"": ""후디"", ""category3_code"": 272103108, ""is_new"": false, ""item_no"": 4237661, ""period_sort"": ""ONE_DAY"", ""platform"": ""29cm"", ""ranking_category_code"": ""272103100"", ""ranking_category_name"": ""남성의류>상의"", ""review_avg"": 0.0, ""sale_percent"": 0, ""sale_price"": 215000, ""sold_out"": false, ""url"": ""https://product.29cm.co.kr/catalog/4237661""}",2026-10-10T13:00:06+00:00_caa68351
2026-10-10T22:00:06+09:00,2026-10-10T13:00:07+00:00,commerce_rank,DELTA LONG SLEEVE (Black),29cm:4241544,heart_count,5.0,"{""brand_eng"": ""CAYL"", ""brand_kor"": ""케일"", ""brand_no"": 8928, ""category1"": ""여성의류"", ""category2"": ""상의"", ""category3"": ""긴소매 티셔츠"", ""category3_code"": 268103102, ""is_new"": false, ""item_no"": 4241544, ""period_sort"": ""ONE_DAY"", ""platform"": ""29cm"", ""ranking_category_code"": ""272103100"", ""ranking_category_name"": ""남성의류>상의"", ""review_avg"": 0.0, ""sale_percent"": 0, ""sale_price"": 76000, ""sold_out"": false, ""url"": ""https://product.29cm.co.kr/catalog/4241544""}",2026-10-10T13:00:06+00:00_caa68351
2026-10-10T22:00:06+09:00,2026-10-10T13:00:07+00:00,commerce_rank,DELTA LONG SLEEVE (Black),29cm:4241544,review_count,0.0,"{""brand_eng"": ""CAYL"", ""brand_kor"": ""케일"", ""brand_no"": 8928, ""category1"": ""여성의류"", ""category2"": ""상의"", ""category3"": ""긴소매 티셔츠"", ""category3_code"": 268103102, ""is_new"": false, ""item_no"": 4241544, ""period_sort"": ""ONE_DAY"", ""platform"": ""29cm"", ""ranking_category_code"": ""272103100"", ""ranking_category_name"": ""남성의류>상의"", ""review_avg"": 0.0, ""sale_percent"": 0, ""sale_price"": 76000, ""sold_out"": false, ""url"": ""https://product.29cm.co.kr/catalog/4241544""}",2026-10-10T13:00:06+00:00_caa68351
2026-10-10T22:00:06+09:00,2026-10-10T13:00:07+00:00,commerce_rank,DELTA LONG SLEEVE (Black),29cm:4241544@272103100,rank,96.0,"{""brand_eng"": ""CAYL"", ""brand_kor"": ""케일"", ""brand_no"": 8928, ""category1"": ""여성의류"", ""category2"": ""상의"", ""category3"": ""긴소매 티셔츠"", ""category3_code"": 268103102, ""is_new"": false, ""item_no"": 4241544, ""period_sort"": ""ONE_DAY"", ""platform"": ""29cm"", ""ranking_category_code"": ""272103100"", ""ranking_category_name"": ""남성의류>상의"", ""review_avg"": 0.0, ""sale_percent"": 0, ""sale_price"": 76000, ""sold_out"": false, ""url"": ""https://product.29cm.co.kr/catalog/4241544""}",2026-10-10T13:00:06+00:00_caa68351
2026-10-10T22:00:06+09:00,2026-10-10T13:00:07+00:00,commerce_rank,WOOL STRIPE HOODY (Grey),29cm:4241551,heart_count,5.0,"{""brand_eng"": ""CAYL"", ""brand_kor"": ""케일"", ""brand_no"": 8928, ""category1"": ""남성의류"", ""category2"": ""상의"", ""category3"": ""후디"", ""category3_code"": 272103108, ""is_new"": false, ""item_no"": 4241551, ""period_sort"": ""ONE_DAY"", ""platform"": ""29cm"", ""ranking_category_code"": ""272103100"", ""ranking_category_name"": ""남성의류>상의"", ""review_avg"": 0.0, ""sale_percent"": 0, ""sale_price"": 158000, ""sold_out"": false, ""url"": ""https://product.29cm.co.kr/catalog/4241551""}",2026-10-10T13:00:06+00:00_caa68351
2026-10-10T22:00:06+09:00,2026-10-10T13:00:07+00:00,commerce_rank,WOOL STRIPE HOODY (Grey),29cm:4241551,review_count,0.0,"{""brand_eng"": ""CAYL"", ""brand_kor"": ""케일"", ""brand_no"": 8928, ""category1"": ""남성의류"", ""category2"": ""상의"", ""category3"": ""후디"", ""category3_code"": 272103108, ""is_new"": false, ""item_no"": 4241551, ""period_sort"": ""ONE_DAY"", ""platform"": ""29cm"", ""ranking_category_code"": ""272103100"", ""ranking_category_name"": ""남성의류>상의"", ""review_avg"": 0.0, ""sale_percent"": 0, ""sale_price"": 158000, ""sold_out"": false, ""url"": ""https://product.29cm.co.kr/catalog/4241551""}",2026-10-10T13:00:06+00:00_caa68351
2026-10-10T22:00:06+09:00,2026-10-10T13:00:07+00:00,commerce_rank,WOOL STRIPE HOODY (Grey),29cm:4241551@272103100,rank,97.0,"{""brand_eng"": ""CAYL"", ""brand_kor"": ""케일"", ""brand_no"": 8928, ""category1"": ""남성의류"", ""category2"": ""상의"", ""category3"": ""후디"", ""category3_code"": 272103108, ""is_new"": false, ""item_no"": 4241551, ""period_sort"": ""ONE_DAY"", ""platform"": ""29cm"", ""ranking_category_code"": ""272103100"", ""ranking_category_name"": ""남성의류>상의"", ""review_avg"": 0.0, ""sale_percent"": 0, ""sale_price"": 158000, ""sold_out"": false, ""url"": ""https://product.29cm.co.kr/catalog/4241551""}",2026-10-10T13:00:06+00:00_caa68351
2026-10-10T22:00:06+09:00,2026-10-10T13:00:06+00:00,commerce_rank,카울 레이스 롱슬리브 베이지,29cm:4245611,heart_count,309.0,"{""brand_eng"": ""ILLIGO"", ""brand_kor"": ""일리고"", ""brand_no"": 13364, ""category1"": ""여성의류"", ""category2"": ""상의"", ""category3"": ""긴소매 티셔츠"", ""category3_code"": 268103102, ""is_new"": true, ""item_no"": 4245611, ""period_sort"": ""ONE_DAY"", ""platform"": ""29cm"", ""ranking_category_code"": ""268103100"", ""ranking_category_name"": ""여성의류>상의"", ""review_avg"": 4.0, ""sale_percent"": 23, ""sale_price"": 64800, ""sold_out"": false, ""url"": ""https://product.29cm.co.kr/catalog/4245611""}",2026-10-10T13:00:06+00:00_caa68351
2026-10-10T22:00:06+09:00,2026-10-10T13:00:06+00:00,commerce_rank,카울 레이스 롱슬리브 베이지,29cm:4245611,review_count,1.0,"{""brand_eng"": ""ILLIGO"", ""brand_kor"": ""일리고"", ""brand_no"": 13364, ""category1"": ""여성의류"", ""category2"": ""상의"", ""category3"": ""긴소매 티셔츠"", ""category3_code"": 268103102, ""is_new"": true, ""item_no"": 4245611, ""period_sort"": ""ONE_DAY"", ""platform"": ""29cm"", ""ranking_category_code"": ""268103100"", ""ranking_category_name"": ""여성의류>상의"", ""review_avg"": 4.0, ""sale_percent"": 23, ""sale_price"": 64800, ""sold_out"": false, ""url"": ""https://product.29cm.co.kr/catalog/4245611""}",2026-10-10T13:00:06+00:00_caa68351
2026-10-10T22:00:06+09:00,2026-10-10T13:00:06+00:00,commerce_rank,카울 레이스 롱슬리브 베이지,29cm:4245611@268103100,rank,48.0,"{""brand_eng"": ""ILLIGO"", ""brand_kor"": ""일리고"", ""brand_no"": 13364, ""category1"": ""여성의류"", ""category2"": ""상의"", ""category3"": ""긴소매 티셔츠"", ""category3_code"": 268103102, ""is_new"": true, ""item_no"": 4245611, ""period_sort"": ""ONE_DAY"", ""platform"": ""29cm"", ""ranking_category_code"": ""268103100"", ""ranking_category_name"": ""여성의류>상의"", ""review_avg"": 4.0, ""sale_percent"": 23, ""sale_price"": 64800, ""sold_out"": false, ""url"": ""https://product.29cm.co.kr/catalog/4245611""}",2026-10-10T13:00:06+00:00_caa68351
2026-10-10T22:00:06+09:00,2026-10-10T13:00:06+00:00,commerce_rank,[예약주문 11/03 순차배송] Miro v-neck pullover (Camel orange),29cm:4257866,heart_count,556.0,"{""brand_eng"": ""Nothing written"", ""brand_kor"": ""낫띵리튼"", ""brand_no"": 4279, ""category1"": ""여성의류"", ""category2"": ""상의"", ""category3"": ""셔츠"", ""category3_code"": 268103106, ""is_new"": false, ""item_no"": 4257866, ""period_sort"": ""ONE_DAY"", ""platform"": ""29cm"", ""ranking_category_code"": ""268103100"", ""ranking_category_name"": ""여성의류>상의"", ""review_avg"": 5.0, ""sale_percent"": 5, ""sale_price"": 227050, ""sold_out"": false, ""url"": ""https://product.29cm.co.kr/catalog/4257866""}",2026-10-10T13:00:06+00:00_caa68351
2026-10-10T22:00:06+09:00,2026-10-10T13:00:06+00:00,commerce_rank,[예약주문 11/03 순차배송] Miro v-neck pullover (Camel orange),29cm:4257866,review_count,1.0,"{""brand_eng"": ""Nothing written"", ""brand_kor"": ""낫띵리튼"", ""brand_no"": 4279, ""category1"": ""여성의류"", ""category2"": ""상의"", ""category3"": ""셔츠"", ""category3_code"": 268103106, ""is_new"": false, ""item_no"": 4257866, ""period_sort"": ""ONE_DAY"", ""platform"": ""29cm"", ""ranking_category_code"": ""268103100"", ""ranking_category_name"": ""여성의류>상의"", ""review_avg"": 5.0, ""sale_percent"": 5, ""sale_price"": 227050, ""sold_out"": false, ""url"": ""https://product.29cm.co.kr/catalog/4257866""}",2026-10-10T13:00:06+00:00_caa68351
2026-10-10T22:00:06+09:00,2026-10-10T13:00:06+00:00,commerce_rank,[예약주문 11/03 순차배송] Miro v-neck pullover (Camel orange),29cm:4257866@268103100,rank,35.0,"{""brand_eng"": ""Nothing written"", ""brand_kor"": ""낫띵리튼"", ""brand_no"": 4279, ""category1"": ""여성의류"", ""category2"": ""상의"", ""category3"": ""셔츠"", ""category3_code"": 268103106, ""is_new"": false, ""item_no"": 4257866, ""period_sort"": ""ONE_DAY"", ""platform"": ""29cm"", ""ranking_category_code"": ""268103100"", ""ranking_category_name"": ""여성의류>상의"", ""review_avg"": 5.0, ""sale_percent"": 5, ""sale_price"": 227050, ""sold_out"": false, ""url"": ""https://product.29cm.co.kr/catalog/4257866""}",2026-10-10T13:00:06+00:00_caa68351
2026-10-10T22:00:06+09:00,2026-10-10T13:00:07+00:00,commerce_rank,SEMI CROP SMALL CHECK SHIRT [BLACK PINK],29cm:4273443,heart_count,4.0,"{""brand_eng"": ""UNION BLUE"", ""brand_kor"": ""유니온 블루"", ""brand_no"": 13510, ""category1"": ""남성의류"", ""category2"": ""상의"", ""category3"": ""긴소매 셔츠"", ""category3_code"": 272103106, ""is_new"": true, ""item_no"": 4273443, ""period_sort"": ""ONE_DAY"", ""platform"": ""29cm"", ""ranking_category_code"": ""272103100"", ""ranking_category_name"": ""남성의류>상의"", ""review_avg"": 0.0, ""sale_percent"": 15, ""sale_price"": 69700, ""sold_out"": false, ""url"": ""https://product.29cm.co.kr/catalog/4273443""}",2026-10-10T13:00:06+00:00_caa68351
2026-10-10T22:00:06+09:00,2026-10-10T13:00:07+00:00,commerce_rank,SEMI CROP SMALL CHECK SHIRT [BLACK PINK],29cm:4273443,review_count,0.0,"{""brand_eng"": ""UNION BLUE"", ""brand_kor"": ""유니온 블루"", ""brand_no"": 13510, ""category1"": ""남성의류"", ""category2"": ""상의"", ""category3"": ""긴소매 셔츠"", ""category3_code"": 272103106, ""is_new"": true, ""item_no"": 4273443, ""period_sort"": ""ONE_DAY"", ""platform"": ""29cm"", ""ranking_category_code"": ""272103100"", ""ranking_category_name"": ""남성의류>상의"", ""review_avg"": 0.0, ""sale_percent"": 15, ""sale_price"": 69700, ""sold_out"": false, ""url"": ""https://product.29cm.co.kr/catalog/4273443""}",2026-10-10T13:00:06+00:00_caa68351
2026-10-10T22:00:06+09:00,2026-10-10T13:00:07+00:00,commerce_rank,SEMI CROP SMALL CHECK SHIRT [BLACK PINK],29cm:4273443@272103100,rank,52.0,"{""brand_eng"": ""UNION BLUE"", ""brand_kor"": ""유니온 블루"", ""brand_no"": 13510, ""category1"": ""남성의류"", ""category2"": ""상의"", ""category3"": ""긴소매 셔츠"", ""category3_code"": 272103106, ""is_new"": true, ""item_no"": 4273443, ""period_sort"": ""ONE_DAY"", ""platform"": ""29cm"", ""ranking_category_code"": ""272103100"", ""ranking_category_name"": ""남성의류>상의"", ""review_avg"": 0.0, ""sale_percent"": 15, ""sale_price"": 69700, ""sold_out"": false, ""url"": ""https://product.29cm.co.kr/catalog/4273443""}",2026-10-10T13:00:06+00:00_caa68351
2026-10-10T22:00:06+09:00,2026-10-10T13:00:07+00:00,commerce_rank,SEMI CROP SMALL CHECK SHIRT [DEEP GREEN],29cm:4273447,heart_count,19.0,"{""brand_eng"": ""UNION BLUE"", ""brand_kor"": ""유니온 블루"", ""brand_no"": 13510, ""category1"": ""남성의류"", ""category2"": ""상의"", ""category3"": ""긴소매 셔츠"", ""category3_code"": 272103106, ""is_new"": true, ""item_no"": 4273447, ""period_sort"": ""ONE_DAY"", ""platform"": ""29cm"", ""ranking_category_code"": ""272103100"", ""ranking_category_name"": ""남성의류>상의"", ""review_avg"": 0.0, ""sale_percent"": 15, ""sale_price"": 69700, ""sold_out"": false, ""url"": ""https://product.29cm.co.kr/catalog/4273447""}",2026-10-10T13:00:06+00:00_caa68351
2026-10-10T22:00:06+09:00,2026-10-10T13:00:07+00:00,commerce_rank,SEMI CROP SMALL CHECK SHIRT [DEEP GREEN],29cm:4273447,review_count,0.0,"{""brand_eng"": ""UNION BLUE"", ""brand_kor"": ""유니온 블루"", ""brand_no"": 13510, ""category1"": ""남성의류"", ""category2"": ""상의"", ""category3"": ""긴소매 셔츠"", ""category3_code"": 272103106, ""is_new"": true, ""item_no"": 4273447, ""period_sort"": ""ONE_DAY"", ""platform"": ""29cm"", ""ranking_category_code"": ""272103100"", ""ranking_category_name"": ""남성의류>상의"", ""review_avg"": 0.0, ""sale_percent"": 15, ""sale_price"": 69700, ""sold_out"": false, ""url"": ""https://product.29cm.co.kr/catalog/4273447""}",2026-10-10T13:00:06+00:00_caa68351
2026-10-10T22:00:06+09:00,2026-10-10T13:00:07+00:00,commerce_rank,SEMI CROP SMALL CHECK SHIRT [DEEP GREEN],29cm:4273447@272103100,rank,82.0,"{""brand_eng"": ""UNION BLUE"", ""brand_kor"": ""유니온 블루"", ""brand_no"": 13510, ""category1"": ""남성의류"", ""category2"": ""상의"", ""category3"": ""긴소매 셔츠"", ""category3_code"": 272103106, ""is_new"": true, ""item_no"": 4273447, ""period_sort"": ""ONE_DAY"", ""platform"": ""29cm"", ""ranking_category_code"": ""272103100"", ""ranking_category_name"": ""남성의류>상의"", ""review_avg"": 0.0, ""sale_percent"": 15, ""sale_price"": 69700, ""sold_out"": false, ""url"": ""https://product.29cm.co.kr/catalog/4273447""}",2026-10-10T13:00:06+00:00_caa68351
2026-10-10T22:00:06+09:00,2026-10-10T13:00:07+00:00,commerce_rank,SEMI CROP SMALL CHECK SHIRT [LEAF GRAY],29cm:4273527,heart_count,6.0,"{""brand_eng"": ""UNION BLUE"", ""brand_kor"": ""유니온 블루"", ""brand_no"": 13510, ""category1"": ""남성의류"", ""category2"": ""상의"", ""category3"": ""긴소매 셔츠"", ""category3_code"": 272103106, ""is_new"": true, ""item_no"": 4273527, ""period_sort"": ""ONE_DAY"", ""platform"": ""29cm"", ""ranking_category_code"": ""272103100"", ""ranking_category_name"": ""남성의류>상의"", ""review_avg"": 0.0, ""sale_percent"": 15, ""sale_price"": 69700, ""sold_out"": false, ""url"": ""https://product.29cm.co.kr/catalog/4273527""}",2026-10-10T13:00:06+00:00_caa68351
2026-10-10T22:00:06+09:00,2026-10-10T13:00:07+00:00,commerce_rank,SEMI CROP SMALL CHECK SHIRT [LEAF GRAY],29cm:4273527,review_count,0.0,"{""brand_eng"": ""UNION BLUE"", ""brand_kor"": ""유니온 블루"", ""brand_no"": 13510, ""category1"": ""남성의류"", ""category2"": ""상의"", ""category3"": ""긴소매 셔츠"", ""category3_code"": 272103106, ""is_new"": true, ""item_no"": 4273527, ""period_sort"": ""ONE_DAY"", ""platform"": ""29cm"", ""ranking_category_code"": ""272103100"", ""ranking_category_name"": ""남성의류>상의"", ""review_avg"": 0.0, ""sale_percent"": 15, ""sale_price"": 69700, ""sold_out"": false, ""url"": ""https://product.29cm.co.kr/catalog/4273527""}",2026-10-10T13:00:06+00:00_caa68351
2026-10-10T22:00:06+09:00,2026-10-10T13:00:07+00:00,commerce_rank,SEMI CROP SMALL CHECK SHIRT [LEAF GRAY],29cm:4273527@272103100,rank,31.0,"{""brand_eng"": ""UNION BLUE"", ""brand_kor"": ""유니온 블루"", ""brand_no"": 13510, ""category1"": ""남성의류"", ""category2"": ""상의"", ""category3"": ""긴소매 셔츠"", ""category3_code"": 272103106, ""is_new"": true, ""item_no"": 4273527, ""period_sort"": ""ONE_DAY"", ""platform"": ""29cm"", ""ranking_category_code"": ""272103100"", ""ranking_category_name"": ""남성의류>상의"", ""review_avg"": 0.0, ""sale_percent"": 15, ""sale_price"": 69700, ""sold_out"": false, ""url"": ""https://product.29cm.co.kr/catalog/4273527""}",2026-10-10T13:00:06+00:00_caa68351
2026-10-10T22:00:06+09:00,2026-10-10T13:00:07+00:00,commerce_rank,Oversized Sweat Shirt (8color),29cm:642847,heart_count,6948.0,"{""brand_eng"": ""rough side"", ""brand_kor"": ""러프사이드"", ""brand_no"": 3821, ""category1"": ""남성의류"", ""category2"": ""상의"", ""category3"": ""스웨트셔츠"", ""category3_code"": 272103107, ""is_new"": false, ""item_no"": 642847, ""period_sort"": ""ONE_DAY"", ""platform"": ""29cm"", ""ranking_category_code"": ""272103100"", ""ranking_category_name"": ""남성의류>상의"", ""review_avg"": 5.0, ""sale_percent"": 0, ""sale_price"": 98000, ""sold_out"": false, ""url"": ""https://product.29cm.co.kr/catalog/642847""}",2026-10-10T13:00:06+00:00_caa68351
2026-10-10T22:00:06+09:00,2026-10-10T13:00:07+00:00,commerce_rank,Oversized Sweat Shirt (8color),29cm:642847,review_count,839.0,"{""brand_eng"": ""rough side"", ""brand_kor"": ""러프사이드"", ""brand_no"": 3821, ""category1"": ""남성의류"", ""category2"": ""상의"", ""category3"": ""스웨트셔츠"", ""category3_code"": 272103107, ""is_new"": false, ""item_no"": 642847, ""period_sort"": ""ONE_DAY"", ""platform"": ""29cm"", ""ranking_category_code"": ""272103100"", ""ranking_category_name"": ""남성의류>상의"", ""review_avg"": 5.0, ""sale_percent"": 0, ""sale_price"": 98000, ""sold_out"": false, ""url"": ""https://product.29cm.co.kr/catalog/642847""}",2026-10-10T13:00:06+00:00_caa68351
2026-10-10T22:00:06+09:00,2026-10-10T13:00:07+00:00,commerce_rank,Oversized Sweat Shirt (8color),29cm:642847@272103100,rank,43.0,"{""brand_eng"": ""rough side"", ""brand_kor"": ""러프사이드"", ""brand_no"": 3821, ""category1"": ""남성의류"", ""category2"": ""상의"", ""category3"": ""스웨트셔츠"", ""category3_code"": 272103107, ""is_new"": false, ""item_no"": 642847, ""period_sort"": ""ONE_DAY"", ""platform"": ""29cm"", ""ranking_category_code"": ""272103100"", ""ranking_category_name"": ""남성의류>상의"", ""review_avg"": 5.0, ""sale_percent"": 0, ""sale_price"": 98000, ""sold_out"": false, ""url"": ""https://product.29cm.co.kr/catalog/642847""}",2026-10-10T13:00:06+00:00_caa68351
2026-10-10T22:00:06+09:00,2026-10-10T13:00:07+00:00,commerce_rank,[스페셜오더] ONE POCKET T-SHIRT new ver. (12 COLORS),29cm:993892,heart_count,11789.0,"{""brand_eng"": ""EASTLOGUE PERMANENT"", ""brand_kor"": ""이스트로그 퍼머넌트"", ""brand_no"": 9323, ""category1"": ""여성의류"", ""category2"": ""상의"", ""category3"": ""반소매 티셔츠"", ""category3_code"": 268103101, ""is_new"": false, ""item_no"": 993892, ""period_sort"": ""ONE_DAY"", ""platform"": ""29cm"", ""ranking_category_code"": ""272103100"", ""ranking_category_name"": ""남성의류>상의"", ""review_avg"": 5.0, ""sale_percent"": 5, ""sale_price"": 45600, ""sold_out"": false, ""url"": ""https://product.29cm.co.kr/catalog/993892""}",2026-10-10T13:00:06+00:00_caa68351
2026-10-10T22:00:06+09:00,2026-10-10T13:00:07+00:00,commerce_rank,[스페셜오더] ONE POCKET T-SHIRT new ver. (12 COLORS),29cm:993892,review_count,2400.0,"{""brand_eng"": ""EASTLOGUE PERMANENT"", ""brand_kor"": ""이스트로그 퍼머넌트"", ""brand_no"": 9323, ""category1"": ""여성의류"", ""category2"": ""상의"", ""category3"": ""반소매 티셔츠"", ""category3_code"": 268103101, ""is_new"": false, ""item_no"": 993892, ""period_sort"": ""ONE_DAY"", ""platform"": ""29cm"", ""ranking_category_code"": ""272103100"", ""ranking_category_name"": ""남성의류>상의"", ""review_avg"": 5.0, ""sale_percent"": 5, ""sale_price"": 45600, ""sold_out"": false, ""url"": ""https://product.29cm.co.kr/catalog/993892""}",2026-10-10T13:00:06+00:00_caa68351
2026-10-10T22:00:06+09:00,2026-10-10T13:00:07+00:00,commerce_rank,[스페셜오더] ONE POCKET T-SHIRT new ver. (12 COLORS),29cm:993892@272103100,rank,4.0,"{""brand_eng"": ""EASTLOGUE PERMANENT"", ""brand_kor"": ""이스트로그 퍼머넌트"", ""brand_no"": 9323, ""category1"": ""여성의류"", ""category2"": ""상의"", ""category3"": ""반소매 티셔츠"", ""category3_code"": 268103101, ""is_new"": false, ""item_no"": 993892, ""period_sort"": ""ONE_DAY"", ""platform"": ""29cm"", ""ranking_category_code"": ""272103100"", ""ranking_category_name"": ""남성의류>상의"", ""review_avg"": 5.0, ""sale_percent"": 5, ""sale_price"": 45600, ""sold_out"": false, ""url"": ""https://product.29cm.co.kr/catalog/993892""}",2026-10-10T13:00:06+00:00_caa68351
