observed_at,collected_at,channel,keyword_raw,entity,metric_type,metric_value,metadata,run_id
2026-10-03T10:00:02+09:00,2026-10-03T01:00:03+00:00,commerce_rank,TG1-SH08 프렌치 스트라이프 셔츠 - [네이비],29cm:1678466,heart_count,6278.0,"{""brand_eng"": ""THOMAS MORE"", ""brand_kor"": ""토마스모어"", ""brand_no"": 2111, ""category1"": ""남성의류"", ""category2"": ""상의"", ""category3"": ""긴소매 셔츠"", ""category3_code"": 272103106, ""is_new"": false, ""item_no"": 1678466, ""period_sort"": ""ONE_DAY"", ""platform"": ""29cm"", ""ranking_category_code"": ""272103100"", ""ranking_category_name"": ""남성의류>상의"", ""review_avg"": 5.0, ""sale_percent"": 0, ""sale_price"": 59700, ""sold_out"": false, ""url"": ""https://product.29cm.co.kr/catalog/1678466""}",2026-10-03T01:00:02+00:00_62faa0ae
2026-10-03T10:00:02+09:00,2026-10-03T01:00:03+00:00,commerce_rank,TG1-SH08 프렌치 스트라이프 셔츠 - [네이비],29cm:1678466,review_count,1712.0,"{""brand_eng"": ""THOMAS MORE"", ""brand_kor"": ""토마스모어"", ""brand_no"": 2111, ""category1"": ""남성의류"", ""category2"": ""상의"", ""category3"": ""긴소매 셔츠"", ""category3_code"": 272103106, ""is_new"": false, ""item_no"": 1678466, ""period_sort"": ""ONE_DAY"", ""platform"": ""29cm"", ""ranking_category_code"": ""272103100"", ""ranking_category_name"": ""남성의류>상의"", ""review_avg"": 5.0, ""sale_percent"": 0, ""sale_price"": 59700, ""sold_out"": false, ""url"": ""https://product.29cm.co.kr/catalog/1678466""}",2026-10-03T01:00:02+00:00_62faa0ae
2026-10-03T10:00:02+09:00,2026-10-03T01:00:03+00:00,commerce_rank,TG1-SH08 프렌치 스트라이프 셔츠 - [네이비],29cm:1678466@272103100,rank,6.0,"{""brand_eng"": ""THOMAS MORE"", ""brand_kor"": ""토마스모어"", ""brand_no"": 2111, ""category1"": ""남성의류"", ""category2"": ""상의"", ""category3"": ""긴소매 셔츠"", ""category3_code"": 272103106, ""is_new"": false, ""item_no"": 1678466, ""period_sort"": ""ONE_DAY"", ""platform"": ""29cm"", ""ranking_category_code"": ""272103100"", ""ranking_category_name"": ""남성의류>상의"", ""review_avg"": 5.0, ""sale_percent"": 0, ""sale_price"": 59700, ""sold_out"": false, ""url"": ""https://product.29cm.co.kr/catalog/1678466""}",2026-10-03T01:00:02+00:00_62faa0ae
2026-10-03T10:00:02+09:00,2026-10-03T01:00:03+00:00,commerce_rank,TG1-SH08 프렌치 스트라이프 셔츠 - [그레이 그린],29cm:1678501,heart_count,10432.0,"{""brand_eng"": ""THOMAS MORE"", ""brand_kor"": ""토마스모어"", ""brand_no"": 2111, ""category1"": ""남성의류"", ""category2"": ""상의"", ""category3"": ""긴소매 셔츠"", ""category3_code"": 272103106, ""is_new"": false, ""item_no"": 1678501, ""period_sort"": ""ONE_DAY"", ""platform"": ""29cm"", ""ranking_category_code"": ""272103100"", ""ranking_category_name"": ""남성의류>상의"", ""review_avg"": 5.0, ""sale_percent"": 0, ""sale_price"": 59700, ""sold_out"": false, ""url"": ""https://product.29cm.co.kr/catalog/1678501""}",2026-10-03T01:00:02+00:00_62faa0ae
2026-10-03T10:00:02+09:00,2026-10-03T01:00:03+00:00,commerce_rank,TG1-SH08 프렌치 스트라이프 셔츠 - [그레이 그린],29cm:1678501,review_count,1597.0,"{""brand_eng"": ""THOMAS MORE"", ""brand_kor"": ""토마스모어"", ""brand_no"": 2111, ""category1"": ""남성의류"", ""category2"": ""상의"", ""category3"": ""긴소매 셔츠"", ""category3_code"": 272103106, ""is_new"": false, ""item_no"": 1678501, ""period_sort"": ""ONE_DAY"", ""platform"": ""29cm"", ""ranking_category_code"": ""272103100"", ""ranking_category_name"": ""남성의류>상의"", ""review_avg"": 5.0, ""sale_percent"": 0, ""sale_price"": 59700, ""sold_out"": false, ""url"": ""https://product.29cm.co.kr/catalog/1678501""}",2026-10-03T01:00:02+00:00_62faa0ae
2026-10-03T10:00:02+09:00,2026-10-03T01:00:03+00:00,commerce_rank,TG1-SH08 프렌치 스트라이프 셔츠 - [그레이 그린],29cm:1678501@272103100,rank,76.0,"{""brand_eng"": ""THOMAS MORE"", ""brand_kor"": ""토마스모어"", ""brand_no"": 2111, ""category1"": ""남성의류"", ""category2"": ""상의"", ""category3"": ""긴소매 셔츠"", ""category3_code"": 272103106, ""is_new"": false, ""item_no"": 1678501, ""period_sort"": ""ONE_DAY"", ""platform"": ""29cm"", ""ranking_category_code"": ""272103100"", ""ranking_category_name"": ""남성의류>상의"", ""review_avg"": 5.0, ""sale_percent"": 0, ""sale_price"": 59700, ""sold_out"": false, ""url"": ""https://product.29cm.co.kr/catalog/1678501""}",2026-10-03T01:00:02+00:00_62faa0ae
2026-10-03T10:00:02+09:00,2026-10-03T01:00:02+00:00,commerce_rank,a birthday sweatshirt (grey),29cm:1841835,heart_count,35500.0,"{""brand_eng"": ""HAAG"", ""brand_kor"": ""헤이그"", ""brand_no"": 19972, ""category1"": ""여성의류"", ""category2"": ""상의"", ""category3"": ""스웨트셔츠"", ""category3_code"": 268103104, ""is_new"": false, ""item_no"": 1841835, ""period_sort"": ""ONE_DAY"", ""platform"": ""29cm"", ""ranking_category_code"": ""268103100"", ""ranking_category_name"": ""여성의류>상의"", ""review_avg"": 5.0, ""sale_percent"": 5, ""sale_price"": 103550, ""sold_out"": false, ""url"": ""https://product.29cm.co.kr/catalog/1841835""}",2026-10-03T01:00:02+00:00_62faa0ae
2026-10-03T10:00:02+09:00,2026-10-03T01:00:02+00:00,commerce_rank,a birthday sweatshirt (grey),29cm:1841835,review_count,2533.0,"{""brand_eng"": ""HAAG"", ""brand_kor"": ""헤이그"", ""brand_no"": 19972, ""category1"": ""여성의류"", ""category2"": ""상의"", ""category3"": ""스웨트셔츠"", ""category3_code"": 268103104, ""is_new"": false, ""item_no"": 1841835, ""period_sort"": ""ONE_DAY"", ""platform"": ""29cm"", ""ranking_category_code"": ""268103100"", ""ranking_category_name"": ""여성의류>상의"", ""review_avg"": 5.0, ""sale_percent"": 5, ""sale_price"": 103550, ""sold_out"": false, ""url"": ""https://product.29cm.co.kr/catalog/1841835""}",2026-10-03T01:00:02+00:00_62faa0ae
2026-10-03T10:00:02+09:00,2026-10-03T01:00:02+00:00,commerce_rank,a birthday sweatshirt (grey),29cm:1841835@268103100,rank,76.0,"{""brand_eng"": ""HAAG"", ""brand_kor"": ""헤이그"", ""brand_no"": 19972, ""category1"": ""여성의류"", ""category2"": ""상의"", ""category3"": ""스웨트셔츠"", ""category3_code"": 268103104, ""is_new"": false, ""item_no"": 1841835, ""period_sort"": ""ONE_DAY"", ""platform"": ""29cm"", ""ranking_category_code"": ""268103100"", ""ranking_category_name"": ""여성의류>상의"", ""review_avg"": 5.0, ""sale_percent"": 5, ""sale_price"": 103550, ""sold_out"": false, ""url"": ""https://product.29cm.co.kr/catalog/1841835""}",2026-10-03T01:00:02+00:00_62faa0ae
2026-10-03T10:00:02+09:00,2026-10-03T01:00:03+00:00,commerce_rank,TF5-SH07 페이퍼셔츠 (12 Color),29cm:1911054,heart_count,66324.0,"{""brand_eng"": ""THOMAS MORE"", ""brand_kor"": ""토마스모어"", ""brand_no"": 2111, ""category1"": ""남성의류"", ""category2"": ""상의"", ""category3"": ""긴소매 셔츠"", ""category3_code"": 272103106, ""is_new"": false, ""item_no"": 1911054, ""period_sort"": ""ONE_DAY"", ""platform"": ""29cm"", ""ranking_category_code"": ""272103100"", ""ranking_category_name"": ""남성의류>상의"", ""review_avg"": 5.0, ""sale_percent"": 20, ""sale_price"": 47760, ""sold_out"": false, ""url"": ""https://product.29cm.co.kr/catalog/1911054""}",2026-10-03T01:00:02+00:00_62faa0ae
2026-10-03T10:00:02+09:00,2026-10-03T01:00:03+00:00,commerce_rank,TF5-SH07 페이퍼셔츠 (12 Color),29cm:1911054,review_count,21888.0,"{""brand_eng"": ""THOMAS MORE"", ""brand_kor"": ""토마스모어"", ""brand_no"": 2111, ""category1"": ""남성의류"", ""category2"": ""상의"", ""category3"": ""긴소매 셔츠"", ""category3_code"": 272103106, ""is_new"": false, ""item_no"": 1911054, ""period_sort"": ""ONE_DAY"", ""platform"": ""29cm"", ""ranking_category_code"": ""272103100"", ""ranking_category_name"": ""남성의류>상의"", ""review_avg"": 5.0, ""sale_percent"": 20, ""sale_price"": 47760, ""sold_out"": false, ""url"": ""https://product.29cm.co.kr/catalog/1911054""}",2026-10-03T01:00:02+00:00_62faa0ae
2026-10-03T10:00:02+09:00,2026-10-03T01:00:03+00:00,commerce_rank,TF5-SH07 페이퍼셔츠 (12 Color),29cm:1911054@272103100,rank,13.0,"{""brand_eng"": ""THOMAS MORE"", ""brand_kor"": ""토마스모어"", ""brand_no"": 2111, ""category1"": ""남성의류"", ""category2"": ""상의"", ""category3"": ""긴소매 셔츠"", ""category3_code"": 272103106, ""is_new"": false, ""item_no"": 1911054, ""period_sort"": ""ONE_DAY"", ""platform"": ""29cm"", ""ranking_category_code"": ""272103100"", ""ranking_category_name"": ""남성의류>상의"", ""review_avg"": 5.0, ""sale_percent"": 20, ""sale_price"": 47760, ""sold_out"": false, ""url"": ""https://product.29cm.co.kr/catalog/1911054""}",2026-10-03T01:00:02+00:00_62faa0ae
2026-10-03T10:00:02+09:00,2026-10-03T01:00:03+00:00,commerce_rank,C로고 크루넥 스웨트셔츠 Normal Navy,29cm:2202764,heart_count,555.0,"{""brand_eng"": ""CHAMPION"", ""brand_kor"": ""챔피온"", ""brand_no"": 71185, ""category1"": ""남성의류"", ""category2"": ""상의"", ""category3"": ""스웨트셔츠"", ""category3_code"": 272103107, ""is_new"": false, ""item_no"": 2202764, ""period_sort"": ""ONE_DAY"", ""platform"": ""29cm"", ""ranking_category_code"": ""272103100"", ""ranking_category_name"": ""남성의류>상의"", ""review_avg"": 4.5, ""sale_percent"": 45, ""sale_price"": 43400, ""sold_out"": false, ""url"": ""https://product.29cm.co.kr/catalog/2202764""}",2026-10-03T01:00:02+00:00_62faa0ae
2026-10-03T10:00:02+09:00,2026-10-03T01:00:03+00:00,commerce_rank,C로고 크루넥 스웨트셔츠 Normal Navy,29cm:2202764,review_count,17.0,"{""brand_eng"": ""CHAMPION"", ""brand_kor"": ""챔피온"", ""brand_no"": 71185, ""category1"": ""남성의류"", ""category2"": ""상의"", ""category3"": ""스웨트셔츠"", ""category3_code"": 272103107, ""is_new"": false, ""item_no"": 2202764, ""period_sort"": ""ONE_DAY"", ""platform"": ""29cm"", ""ranking_category_code"": ""272103100"", ""ranking_category_name"": ""남성의류>상의"", ""review_avg"": 4.5, ""sale_percent"": 45, ""sale_price"": 43400, ""sold_out"": false, ""url"": ""https://product.29cm.co.kr/catalog/2202764""}",2026-10-03T01:00:02+00:00_62faa0ae
2026-10-03T10:00:02+09:00,2026-10-03T01:00:03+00:00,commerce_rank,C로고 크루넥 스웨트셔츠 Normal Navy,29cm:2202764@272103100,rank,66.0,"{""brand_eng"": ""CHAMPION"", ""brand_kor"": ""챔피온"", ""brand_no"": 71185, ""category1"": ""남성의류"", ""category2"": ""상의"", ""category3"": ""스웨트셔츠"", ""category3_code"": 272103107, ""is_new"": false, ""item_no"": 2202764, ""period_sort"": ""ONE_DAY"", ""platform"": ""29cm"", ""ranking_category_code"": ""272103100"", ""ranking_category_name"": ""남성의류>상의"", ""review_avg"": 4.5, ""sale_percent"": 45, ""sale_price"": 43400, ""sold_out"": false, ""url"": ""https://product.29cm.co.kr/catalog/2202764""}",2026-10-03T01:00:02+00:00_62faa0ae
2026-10-03T10:00:02+09:00,2026-10-03T01:00:03+00:00,commerce_rank,Banding snap sweatshirt _ white melange,29cm:2277828,heart_count,47.0,"{""brand_eng"": ""FrizmWORKS"", ""brand_kor"": ""프리즘웍스"", ""brand_no"": 1502, ""category1"": ""남성의류"", ""category2"": ""상의"", ""category3"": ""스웨트셔츠"", ""category3_code"": 272103107, ""is_new"": false, ""item_no"": 2277828, ""period_sort"": ""ONE_DAY"", ""platform"": ""29cm"", ""ranking_category_code"": ""272103100"", ""ranking_category_name"": ""남성의류>상의"", ""review_avg"": 5.0, ""sale_percent"": 50, ""sale_price"": 44500, ""sold_out"": false, ""url"": ""https://product.29cm.co.kr/catalog/2277828""}",2026-10-03T01:00:02+00:00_62faa0ae
2026-10-03T10:00:02+09:00,2026-10-03T01:00:03+00:00,commerce_rank,Banding snap sweatshirt _ white melange,29cm:2277828,review_count,2.0,"{""brand_eng"": ""FrizmWORKS"", ""brand_kor"": ""프리즘웍스"", ""brand_no"": 1502, ""category1"": ""남성의류"", ""category2"": ""상의"", ""category3"": ""스웨트셔츠"", ""category3_code"": 272103107, ""is_new"": false, ""item_no"": 2277828, ""period_sort"": ""ONE_DAY"", ""platform"": ""29cm"", ""ranking_category_code"": ""272103100"", ""ranking_category_name"": ""남성의류>상의"", ""review_avg"": 5.0, ""sale_percent"": 50, ""sale_price"": 44500, ""sold_out"": false, ""url"": ""https://product.29cm.co.kr/catalog/2277828""}",2026-10-03T01:00:02+00:00_62faa0ae
2026-10-03T10:00:02+09:00,2026-10-03T01:00:03+00:00,commerce_rank,Banding snap sweatshirt _ white melange,29cm:2277828@272103100,rank,78.0,"{""brand_eng"": ""FrizmWORKS"", ""brand_kor"": ""프리즘웍스"", ""brand_no"": 1502, ""category1"": ""남성의류"", ""category2"": ""상의"", ""category3"": ""스웨트셔츠"", ""category3_code"": 272103107, ""is_new"": false, ""item_no"": 2277828, ""period_sort"": ""ONE_DAY"", ""platform"": ""29cm"", ""ranking_category_code"": ""272103100"", ""ranking_category_name"": ""남성의류>상의"", ""review_avg"": 5.0, ""sale_percent"": 50, ""sale_price"": 44500, ""sold_out"": false, ""url"": ""https://product.29cm.co.kr/catalog/2277828""}",2026-10-03T01:00:02+00:00_62faa0ae
2026-10-03T10:00:02+09:00,2026-10-03T01:00:03+00:00,commerce_rank,MG FUNKY HOTDOG GRAPHIC HOODIE - D/BLUE,29cm:2426129,heart_count,3.0,"{""brand_eng"": ""MARKGONZALES"", ""brand_kor"": ""마크곤잘레스"", ""brand_no"": 26722, ""category1"": ""남성의류"", ""category2"": ""상의"", ""category3"": ""후디"", ""category3_code"": 272103108, ""is_new"": false, ""item_no"": 2426129, ""period_sort"": ""ONE_DAY"", ""platform"": ""29cm"", ""ranking_category_code"": ""272103100"", ""ranking_category_name"": ""남성의류>상의"", ""review_avg"": 5.0, ""sale_percent"": 55, ""sale_price"": 38250, ""sold_out"": false, ""url"": ""https://product.29cm.co.kr/catalog/2426129""}",2026-10-03T01:00:02+00:00_62faa0ae
2026-10-03T10:00:02+09:00,2026-10-03T01:00:03+00:00,commerce_rank,MG FUNKY HOTDOG GRAPHIC HOODIE - D/BLUE,29cm:2426129,review_count,2.0,"{""brand_eng"": ""MARKGONZALES"", ""brand_kor"": ""마크곤잘레스"", ""brand_no"": 26722, ""category1"": ""남성의류"", ""category2"": ""상의"", ""category3"": ""후디"", ""category3_code"": 272103108, ""is_new"": false, ""item_no"": 2426129, ""period_sort"": ""ONE_DAY"", ""platform"": ""29cm"", ""ranking_category_code"": ""272103100"", ""ranking_category_name"": ""남성의류>상의"", ""review_avg"": 5.0, ""sale_percent"": 55, ""sale_price"": 38250, ""sold_out"": false, ""url"": ""https://product.29cm.co.kr/catalog/2426129""}",2026-10-03T01:00:02+00:00_62faa0ae
2026-10-03T10:00:02+09:00,2026-10-03T01:00:03+00:00,commerce_rank,MG FUNKY HOTDOG GRAPHIC HOODIE - D/BLUE,29cm:2426129@272103100,rank,81.0,"{""brand_eng"": ""MARKGONZALES"", ""brand_kor"": ""마크곤잘레스"", ""brand_no"": 26722, ""category1"": ""남성의류"", ""category2"": ""상의"", ""category3"": ""후디"", ""category3_code"": 272103108, ""is_new"": false, ""item_no"": 2426129, ""period_sort"": ""ONE_DAY"", ""platform"": ""29cm"", ""ranking_category_code"": ""272103100"", ""ranking_category_name"": ""남성의류>상의"", ""review_avg"": 5.0, ""sale_percent"": 55, ""sale_price"": 38250, ""sold_out"": false, ""url"": ""https://product.29cm.co.kr/catalog/2426129""}",2026-10-03T01:00:02+00:00_62faa0ae
2026-10-03T10:00:02+09:00,2026-10-03T01:00:02+00:00,commerce_rank,Boat-neck Color Patch Tee (Cream/Blue),29cm:2469578,heart_count,7490.0,"{""brand_eng"": ""GREENBUTTER"", ""brand_kor"": ""그린버터"", ""brand_no"": 19819, ""category1"": ""여성의류"", ""category2"": ""상의"", ""category3"": ""긴소매 티셔츠"", ""category3_code"": 268103102, ""is_new"": false, ""item_no"": 2469578, ""period_sort"": ""ONE_DAY"", ""platform"": ""29cm"", ""ranking_category_code"": ""268103100"", ""ranking_category_name"": ""여성의류>상의"", ""review_avg"": 5.0, ""sale_percent"": 19, ""sale_price"": 42120, ""sold_out"": false, ""url"": ""https://product.29cm.co.kr/catalog/2469578""}",2026-10-03T01:00:02+00:00_62faa0ae
2026-10-03T10:00:02+09:00,2026-10-03T01:00:02+00:00,commerce_rank,Boat-neck Color Patch Tee (Cream/Blue),29cm:2469578,review_count,767.0,"{""brand_eng"": ""GREENBUTTER"", ""brand_kor"": ""그린버터"", ""brand_no"": 19819, ""category1"": ""여성의류"", ""category2"": ""상의"", ""category3"": ""긴소매 티셔츠"", ""category3_code"": 268103102, ""is_new"": false, ""item_no"": 2469578, ""period_sort"": ""ONE_DAY"", ""platform"": ""29cm"", ""ranking_category_code"": ""268103100"", ""ranking_category_name"": ""여성의류>상의"", ""review_avg"": 5.0, ""sale_percent"": 19, ""sale_price"": 42120, ""sold_out"": false, ""url"": ""https://product.29cm.co.kr/catalog/2469578""}",2026-10-03T01:00:02+00:00_62faa0ae
2026-10-03T10:00:02+09:00,2026-10-03T01:00:02+00:00,commerce_rank,Boat-neck Color Patch Tee (Cream/Blue),29cm:2469578@268103100,rank,5.0,"{""brand_eng"": ""GREENBUTTER"", ""brand_kor"": ""그린버터"", ""brand_no"": 19819, ""category1"": ""여성의류"", ""category2"": ""상의"", ""category3"": ""긴소매 티셔츠"", ""category3_code"": 268103102, ""is_new"": false, ""item_no"": 2469578, ""period_sort"": ""ONE_DAY"", ""platform"": ""29cm"", ""ranking_category_code"": ""268103100"", ""ranking_category_name"": ""여성의류>상의"", ""review_avg"": 5.0, ""sale_percent"": 19, ""sale_price"": 42120, ""sold_out"": false, ""url"": ""https://product.29cm.co.kr/catalog/2469578""}",2026-10-03T01:00:02+00:00_62faa0ae
2026-10-03T10:00:02+09:00,2026-10-03T01:00:02+00:00,commerce_rank,빅 트위치 로고 후드 티셔츠 오트밀,29cm:2737573,heart_count,519.0,"{""brand_eng"": ""Lee"", ""brand_kor"": ""리"", ""brand_no"": 15263, ""category1"": ""남성의류"", ""category2"": ""상의"", ""category3"": ""후디"", ""category3_code"": 272103108, ""is_new"": false, ""item_no"": 2737573, ""period_sort"": ""ONE_DAY"", ""platform"": ""29cm"", ""ranking_category_code"": ""268103100"", ""ranking_category_name"": ""여성의류>상의"", ""review_avg"": 5.0, ""sale_percent"": 63, ""sale_price"": 28980, ""sold_out"": false, ""url"": ""https://product.29cm.co.kr/catalog/2737573""}",2026-10-03T01:00:02+00:00_62faa0ae
2026-10-03T10:00:02+09:00,2026-10-03T01:00:02+00:00,commerce_rank,빅 트위치 로고 후드 티셔츠 오트밀,29cm:2737573,review_count,30.0,"{""brand_eng"": ""Lee"", ""brand_kor"": ""리"", ""brand_no"": 15263, ""category1"": ""남성의류"", ""category2"": ""상의"", ""category3"": ""후디"", ""category3_code"": 272103108, ""is_new"": false, ""item_no"": 2737573, ""period_sort"": ""ONE_DAY"", ""platform"": ""29cm"", ""ranking_category_code"": ""268103100"", ""ranking_category_name"": ""여성의류>상의"", ""review_avg"": 5.0, ""sale_percent"": 63, ""sale_price"": 28980, ""sold_out"": false, ""url"": ""https://product.29cm.co.kr/catalog/2737573""}",2026-10-03T01:00:02+00:00_62faa0ae
2026-10-03T10:00:02+09:00,2026-10-03T01:00:02+00:00,commerce_rank,빅 트위치 로고 후드 티셔츠 오트밀,29cm:2737573@268103100,rank,90.0,"{""brand_eng"": ""Lee"", ""brand_kor"": ""리"", ""brand_no"": 15263, ""category1"": ""남성의류"", ""category2"": ""상의"", ""category3"": ""후디"", ""category3_code"": 272103108, ""is_new"": false, ""item_no"": 2737573, ""period_sort"": ""ONE_DAY"", ""platform"": ""29cm"", ""ranking_category_code"": ""268103100"", ""ranking_category_name"": ""여성의류>상의"", ""review_avg"": 5.0, ""sale_percent"": 63, ""sale_price"": 28980, ""sold_out"": false, ""url"": ""https://product.29cm.co.kr/catalog/2737573""}",2026-10-03T01:00:02+00:00_62faa0ae
2026-10-03T10:00:02+09:00,2026-10-03T01:00:02+00:00,commerce_rank,Essential Boat Neck Tee_4 Colors,29cm:2746755,heart_count,28792.0,"{""brand_eng"": ""ARTTO"", ""brand_kor"": ""아르토"", ""brand_no"": 57017, ""category1"": ""여성의류"", ""category2"": ""단독"", ""category3"": ""상의"", ""category3_code"": 268116101, ""is_new"": false, ""item_no"": 2746755, ""period_sort"": ""ONE_DAY"", ""platform"": ""29cm"", ""ranking_category_code"": ""268103100"", ""ranking_category_name"": ""여성의류>상의"", ""review_avg"": 5.0, ""sale_percent"": 0, ""sale_price"": 36000, ""sold_out"": false, ""url"": ""https://product.29cm.co.kr/catalog/2746755""}",2026-10-03T01:00:02+00:00_62faa0ae
2026-10-03T10:00:02+09:00,2026-10-03T01:00:02+00:00,commerce_rank,Essential Boat Neck Tee_4 Colors,29cm:2746755,review_count,1998.0,"{""brand_eng"": ""ARTTO"", ""brand_kor"": ""아르토"", ""brand_no"": 57017, ""category1"": ""여성의류"", ""category2"": ""단독"", ""category3"": ""상의"", ""category3_code"": 268116101, ""is_new"": false, ""item_no"": 2746755, ""period_sort"": ""ONE_DAY"", ""platform"": ""29cm"", ""ranking_category_code"": ""268103100"", ""ranking_category_name"": ""여성의류>상의"", ""review_avg"": 5.0, ""sale_percent"": 0, ""sale_price"": 36000, ""sold_out"": false, ""url"": ""https://product.29cm.co.kr/catalog/2746755""}",2026-10-03T01:00:02+00:00_62faa0ae
2026-10-03T10:00:02+09:00,2026-10-03T01:00:02+00:00,commerce_rank,Essential Boat Neck Tee_4 Colors,29cm:2746755@268103100,rank,40.0,"{""brand_eng"": ""ARTTO"", ""brand_kor"": ""아르토"", ""brand_no"": 57017, ""category1"": ""여성의류"", ""category2"": ""단독"", ""category3"": ""상의"", ""category3_code"": 268116101, ""is_new"": false, ""item_no"": 2746755, ""period_sort"": ""ONE_DAY"", ""platform"": ""29cm"", ""ranking_category_code"": ""268103100"", ""ranking_category_name"": ""여성의류>상의"", ""review_avg"": 5.0, ""sale_percent"": 0, ""sale_price"": 36000, ""sold_out"": false, ""url"": ""https://product.29cm.co.kr/catalog/2746755""}",2026-10-03T01:00:02+00:00_62faa0ae
2026-10-03T10:00:02+09:00,2026-10-03T01:00:02+00:00,commerce_rank,[오제 PICK] 에센셜 롱 슬리브 티셔츠 MDTS063_6 Colors,29cm:2753432,heart_count,7751.0,"{""brand_eng"": ""MONGDOL"", ""brand_kor"": ""몽돌"", ""brand_no"": 10654, ""category1"": ""여성의류"", ""category2"": ""상의"", ""category3"": ""긴소매 티셔츠"", ""category3_code"": 268103102, ""is_new"": false, ""item_no"": 2753432, ""period_sort"": ""ONE_DAY"", ""platform"": ""29cm"", ""ranking_category_code"": ""268103100"", ""ranking_category_name"": ""여성의류>상의"", ""review_avg"": 4.5, ""sale_percent"": 37, ""sale_price"": 23310, ""sold_out"": false, ""url"": ""https://product.29cm.co.kr/catalog/2753432""}",2026-10-03T01:00:02+00:00_62faa0ae
2026-10-03T10:00:02+09:00,2026-10-03T01:00:02+00:00,commerce_rank,[오제 PICK] 에센셜 롱 슬리브 티셔츠 MDTS063_6 Colors,29cm:2753432,review_count,763.0,"{""brand_eng"": ""MONGDOL"", ""brand_kor"": ""몽돌"", ""brand_no"": 10654, ""category1"": ""여성의류"", ""category2"": ""상의"", ""category3"": ""긴소매 티셔츠"", ""category3_code"": 268103102, ""is_new"": false, ""item_no"": 2753432, ""period_sort"": ""ONE_DAY"", ""platform"": ""29cm"", ""ranking_category_code"": ""268103100"", ""ranking_category_name"": ""여성의류>상의"", ""review_avg"": 4.5, ""sale_percent"": 37, ""sale_price"": 23310, ""sold_out"": false, ""url"": ""https://product.29cm.co.kr/catalog/2753432""}",2026-10-03T01:00:02+00:00_62faa0ae
2026-10-03T10:00:02+09:00,2026-10-03T01:00:02+00:00,commerce_rank,[오제 PICK] 에센셜 롱 슬리브 티셔츠 MDTS063_6 Colors,29cm:2753432@268103100,rank,34.0,"{""brand_eng"": ""MONGDOL"", ""brand_kor"": ""몽돌"", ""brand_no"": 10654, ""category1"": ""여성의류"", ""category2"": ""상의"", ""category3"": ""긴소매 티셔츠"", ""category3_code"": 268103102, ""is_new"": false, ""item_no"": 2753432, ""period_sort"": ""ONE_DAY"", ""platform"": ""29cm"", ""ranking_category_code"": ""268103100"", ""ranking_category_name"": ""여성의류>상의"", ""review_avg"": 4.5, ""sale_percent"": 37, ""sale_price"": 23310, ""sold_out"": false, ""url"": ""https://product.29cm.co.kr/catalog/2753432""}",2026-10-03T01:00:02+00:00_62faa0ae
2026-10-03T10:00:02+09:00,2026-10-03T01:00:03+00:00,commerce_rank,VLAD 피그먼트 슬래쉬 롱슬리브 티셔츠_차콜,29cm:2758772,heart_count,149.0,"{""brand_eng"": ""DIMITRI BLACK"", ""brand_kor"": ""디미트리블랙"", ""brand_no"": 1883, ""category1"": ""남성의류"", ""category2"": ""상의"", ""category3"": ""긴소매 티셔츠"", ""category3_code"": 272103102, ""is_new"": false, ""item_no"": 2758772, ""period_sort"": ""ONE_DAY"", ""platform"": ""29cm"", ""ranking_category_code"": ""272103100"", ""ranking_category_name"": ""남성의류>상의"", ""review_avg"": 5.0, ""sale_percent"": 15, ""sale_price"": 38900, ""sold_out"": false, ""url"": ""https://product.29cm.co.kr/catalog/2758772""}",2026-10-03T01:00:02+00:00_62faa0ae
2026-10-03T10:00:02+09:00,2026-10-03T01:00:03+00:00,commerce_rank,VLAD 피그먼트 슬래쉬 롱슬리브 티셔츠_차콜,29cm:2758772,review_count,10.0,"{""brand_eng"": ""DIMITRI BLACK"", ""brand_kor"": ""디미트리블랙"", ""brand_no"": 1883, ""category1"": ""남성의류"", ""category2"": ""상의"", ""category3"": ""긴소매 티셔츠"", ""category3_code"": 272103102, ""is_new"": false, ""item_no"": 2758772, ""period_sort"": ""ONE_DAY"", ""platform"": ""29cm"", ""ranking_category_code"": ""272103100"", ""ranking_category_name"": ""남성의류>상의"", ""review_avg"": 5.0, ""sale_percent"": 15, ""sale_price"": 38900, ""sold_out"": false, ""url"": ""https://product.29cm.co.kr/catalog/2758772""}",2026-10-03T01:00:02+00:00_62faa0ae
2026-10-03T10:00:02+09:00,2026-10-03T01:00:03+00:00,commerce_rank,VLAD 피그먼트 슬래쉬 롱슬리브 티셔츠_차콜,29cm:2758772@272103100,rank,39.0,"{""brand_eng"": ""DIMITRI BLACK"", ""brand_kor"": ""디미트리블랙"", ""brand_no"": 1883, ""category1"": ""남성의류"", ""category2"": ""상의"", ""category3"": ""긴소매 티셔츠"", ""category3_code"": 272103102, ""is_new"": false, ""item_no"": 2758772, ""period_sort"": ""ONE_DAY"", ""platform"": ""29cm"", ""ranking_category_code"": ""272103100"", ""ranking_category_name"": ""남성의류>상의"", ""review_avg"": 5.0, ""sale_percent"": 15, ""sale_price"": 38900, ""sold_out"": false, ""url"": ""https://product.29cm.co.kr/catalog/2758772""}",2026-10-03T01:00:02+00:00_62faa0ae
2026-10-03T10:00:02+09:00,2026-10-03T01:00:03+00:00,commerce_rank,83플래그 하프 집업 스웨트셔츠(기모)(4colors) NSW6036,29cm:2779685,heart_count,2312.0,"{""brand_eng"": ""NAUTICA"", ""brand_kor"": ""노티카"", ""brand_no"": 17425, ""category1"": ""남성의류"", ""category2"": ""상의"", ""category3"": ""스웨트셔츠"", ""category3_code"": 272103107, ""is_new"": false, ""item_no"": 2779685, ""period_sort"": ""ONE_DAY"", ""platform"": ""29cm"", ""ranking_category_code"": ""272103100"", ""ranking_category_name"": ""남성의류>상의"", ""review_avg"": 5.0, ""sale_percent"": 20, ""sale_price"": 71100, ""sold_out"": false, ""url"": ""https://product.29cm.co.kr/catalog/2779685""}",2026-10-03T01:00:02+00:00_62faa0ae
2026-10-03T10:00:02+09:00,2026-10-03T01:00:03+00:00,commerce_rank,83플래그 하프 집업 스웨트셔츠(기모)(4colors) NSW6036,29cm:2779685,review_count,191.0,"{""brand_eng"": ""NAUTICA"", ""brand_kor"": ""노티카"", ""brand_no"": 17425, ""category1"": ""남성의류"", ""category2"": ""상의"", ""category3"": ""스웨트셔츠"", ""category3_code"": 272103107, ""is_new"": false, ""item_no"": 2779685, ""period_sort"": ""ONE_DAY"", ""platform"": ""29cm"", ""ranking_category_code"": ""272103100"", ""ranking_category_name"": ""남성의류>상의"", ""review_avg"": 5.0, ""sale_percent"": 20, ""sale_price"": 71100, ""sold_out"": false, ""url"": ""https://product.29cm.co.kr/catalog/2779685""}",2026-10-03T01:00:02+00:00_62faa0ae
2026-10-03T10:00:02+09:00,2026-10-03T01:00:03+00:00,commerce_rank,83플래그 하프 집업 스웨트셔츠(기모)(4colors) NSW6036,29cm:2779685@272103100,rank,69.0,"{""brand_eng"": ""NAUTICA"", ""brand_kor"": ""노티카"", ""brand_no"": 17425, ""category1"": ""남성의류"", ""category2"": ""상의"", ""category3"": ""스웨트셔츠"", ""category3_code"": 272103107, ""is_new"": false, ""item_no"": 2779685, ""period_sort"": ""ONE_DAY"", ""platform"": ""29cm"", ""ranking_category_code"": ""272103100"", ""ranking_category_name"": ""남성의류>상의"", ""review_avg"": 5.0, ""sale_percent"": 20, ""sale_price"": 71100, ""sold_out"": false, ""url"": ""https://product.29cm.co.kr/catalog/2779685""}",2026-10-03T01:00:02+00:00_62faa0ae
2026-10-03T10:00:02+09:00,2026-10-03T01:00:02+00:00,commerce_rank,[13차]Wool tencel round Tee (Ivory),29cm:2794388,heart_count,4640.0,"{""brand_eng"": ""NOEUD"", ""brand_kor"": ""노우드"", ""brand_no"": 22234, ""category1"": ""여성의류"", ""category2"": ""상의"", ""category3"": ""긴소매 티셔츠"", ""category3_code"": 268103102, ""is_new"": false, ""item_no"": 2794388, ""period_sort"": ""ONE_DAY"", ""platform"": ""29cm"", ""ranking_category_code"": ""268103100"", ""ranking_category_name"": ""여성의류>상의"", ""review_avg"": 5.0, ""sale_percent"": 15, ""sale_price"": 35700, ""sold_out"": false, ""url"": ""https://product.29cm.co.kr/catalog/2794388""}",2026-10-03T01:00:02+00:00_62faa0ae
2026-10-03T10:00:02+09:00,2026-10-03T01:00:02+00:00,commerce_rank,[13차]Wool tencel round Tee (Ivory),29cm:2794388,review_count,477.0,"{""brand_eng"": ""NOEUD"", ""brand_kor"": ""노우드"", ""brand_no"": 22234, ""category1"": ""여성의류"", ""category2"": ""상의"", ""category3"": ""긴소매 티셔츠"", ""category3_code"": 268103102, ""is_new"": false, ""item_no"": 2794388, ""period_sort"": ""ONE_DAY"", ""platform"": ""29cm"", ""ranking_category_code"": ""268103100"", ""ranking_category_name"": ""여성의류>상의"", ""review_avg"": 5.0, ""sale_percent"": 15, ""sale_price"": 35700, ""sold_out"": false, ""url"": ""https://product.29cm.co.kr/catalog/2794388""}",2026-10-03T01:00:02+00:00_62faa0ae
2026-10-03T10:00:02+09:00,2026-10-03T01:00:02+00:00,commerce_rank,[13차]Wool tencel round Tee (Ivory),29cm:2794388@268103100,rank,54.0,"{""brand_eng"": ""NOEUD"", ""brand_kor"": ""노우드"", ""brand_no"": 22234, ""category1"": ""여성의류"", ""category2"": ""상의"", ""category3"": ""긴소매 티셔츠"", ""category3_code"": 268103102, ""is_new"": false, ""item_no"": 2794388, ""period_sort"": ""ONE_DAY"", ""platform"": ""29cm"", ""ranking_category_code"": ""268103100"", ""ranking_category_name"": ""여성의류>상의"", ""review_avg"": 5.0, ""sale_percent"": 15, ""sale_price"": 35700, ""sold_out"": false, ""url"": ""https://product.29cm.co.kr/catalog/2794388""}",2026-10-03T01:00:02+00:00_62faa0ae
2026-10-03T10:00:02+09:00,2026-10-03T01:00:02+00:00,commerce_rank,LOND2 WAIST TUCK BLOUSE (Z-BL-4287),29cm:2809438,heart_count,41436.0,"{""brand_eng"": ""ATELIER NAIN"", ""brand_kor"": ""아틀리에 나인"", ""brand_no"": 27282, ""category1"": ""여성의류"", ""category2"": ""상의"", ""category3"": ""블라우스"", ""category3_code"": 268103107, ""is_new"": false, ""item_no"": 2809438, ""period_sort"": ""ONE_DAY"", ""platform"": ""29cm"", ""ranking_category_code"": ""268103100"", ""ranking_category_name"": ""여성의류>상의"", ""review_avg"": 4.5, ""sale_percent"": 35, ""sale_price"": 38410, ""sold_out"": false, ""url"": ""https://product.29cm.co.kr/catalog/2809438""}",2026-10-03T01:00:02+00:00_62faa0ae
2026-10-03T10:00:02+09:00,2026-10-03T01:00:02+00:00,commerce_rank,LOND2 WAIST TUCK BLOUSE (Z-BL-4287),29cm:2809438,review_count,691.0,"{""brand_eng"": ""ATELIER NAIN"", ""brand_kor"": ""아틀리에 나인"", ""brand_no"": 27282, ""category1"": ""여성의류"", ""category2"": ""상의"", ""category3"": ""블라우스"", ""category3_code"": 268103107, ""is_new"": false, ""item_no"": 2809438, ""period_sort"": ""ONE_DAY"", ""platform"": ""29cm"", ""ranking_category_code"": ""268103100"", ""ranking_category_name"": ""여성의류>상의"", ""review_avg"": 4.5, ""sale_percent"": 35, ""sale_price"": 38410, ""sold_out"": false, ""url"": ""https://product.29cm.co.kr/catalog/2809438""}",2026-10-03T01:00:02+00:00_62faa0ae
2026-10-03T10:00:02+09:00,2026-10-03T01:00:02+00:00,commerce_rank,LOND2 WAIST TUCK BLOUSE (Z-BL-4287),29cm:2809438@268103100,rank,23.0,"{""brand_eng"": ""ATELIER NAIN"", ""brand_kor"": ""아틀리에 나인"", ""brand_no"": 27282, ""category1"": ""여성의류"", ""category2"": ""상의"", ""category3"": ""블라우스"", ""category3_code"": 268103107, ""is_new"": false, ""item_no"": 2809438, ""period_sort"": ""ONE_DAY"", ""platform"": ""29cm"", ""ranking_category_code"": ""268103100"", ""ranking_category_name"": ""여성의류>상의"", ""review_avg"": 4.5, ""sale_percent"": 35, ""sale_price"": 38410, ""sold_out"": false, ""url"": ""https://product.29cm.co.kr/catalog/2809438""}",2026-10-03T01:00:02+00:00_62faa0ae
2026-10-03T10:00:02+09:00,2026-10-03T01:00:03+00:00,commerce_rank,[스페셜오더] SWEAT SHIRT (5 COLOR),29cm:2816996,heart_count,1903.0,"{""brand_eng"": ""EASTLOGUE PERMANENT"", ""brand_kor"": ""이스트로그 퍼머넌트"", ""brand_no"": 9323, ""category1"": ""남성의류"", ""category2"": ""상의"", ""category3"": ""스웨트셔츠"", ""category3_code"": 272103107, ""is_new"": false, ""item_no"": 2816996, ""period_sort"": ""ONE_DAY"", ""platform"": ""29cm"", ""ranking_category_code"": ""272103100"", ""ranking_category_name"": ""남성의류>상의"", ""review_avg"": 5.0, ""sale_percent"": 24, ""sale_price"": 82620, ""sold_out"": false, ""url"": ""https://product.29cm.co.kr/catalog/2816996""}",2026-10-03T01:00:02+00:00_62faa0ae
2026-10-03T10:00:02+09:00,2026-10-03T01:00:03+00:00,commerce_rank,[스페셜오더] SWEAT SHIRT (5 COLOR),29cm:2816996,review_count,471.0,"{""brand_eng"": ""EASTLOGUE PERMANENT"", ""brand_kor"": ""이스트로그 퍼머넌트"", ""brand_no"": 9323, ""category1"": ""남성의류"", ""category2"": ""상의"", ""category3"": ""스웨트셔츠"", ""category3_code"": 272103107, ""is_new"": false, ""item_no"": 2816996, ""period_sort"": ""ONE_DAY"", ""platform"": ""29cm"", ""ranking_category_code"": ""272103100"", ""ranking_category_name"": ""남성의류>상의"", ""review_avg"": 5.0, ""sale_percent"": 24, ""sale_price"": 82620, ""sold_out"": false, ""url"": ""https://product.29cm.co.kr/catalog/2816996""}",2026-10-03T01:00:02+00:00_62faa0ae
2026-10-03T10:00:02+09:00,2026-10-03T01:00:03+00:00,commerce_rank,[스페셜오더] SWEAT SHIRT (5 COLOR),29cm:2816996@272103100,rank,50.0,"{""brand_eng"": ""EASTLOGUE PERMANENT"", ""brand_kor"": ""이스트로그 퍼머넌트"", ""brand_no"": 9323, ""category1"": ""남성의류"", ""category2"": ""상의"", ""category3"": ""스웨트셔츠"", ""category3_code"": 272103107, ""is_new"": false, ""item_no"": 2816996, ""period_sort"": ""ONE_DAY"", ""platform"": ""29cm"", ""ranking_category_code"": ""272103100"", ""ranking_category_name"": ""남성의류>상의"", ""review_avg"": 5.0, ""sale_percent"": 24, ""sale_price"": 82620, ""sold_out"": false, ""url"": ""https://product.29cm.co.kr/catalog/2816996""}",2026-10-03T01:00:02+00:00_62faa0ae
2026-10-03T10:00:02+09:00,2026-10-03T01:00:03+00:00,commerce_rank,스몰 스크립트 로고 크루넥 스웨트셔츠 Normal Grey,29cm:2824024,heart_count,823.0,"{""brand_eng"": ""CHAMPION"", ""brand_kor"": ""챔피온"", ""brand_no"": 71185, ""category1"": ""남성의류"", ""category2"": ""상의"", ""category3"": ""스웨트셔츠"", ""category3_code"": 272103107, ""is_new"": false, ""item_no"": 2824024, ""period_sort"": ""ONE_DAY"", ""platform"": ""29cm"", ""ranking_category_code"": ""272103100"", ""ranking_category_name"": ""남성의류>상의"", ""review_avg"": 5.0, ""sale_percent"": 45, ""sale_price"": 32400, ""sold_out"": false, ""url"": ""https://product.29cm.co.kr/catalog/2824024""}",2026-10-03T01:00:02+00:00_62faa0ae
2026-10-03T10:00:02+09:00,2026-10-03T01:00:03+00:00,commerce_rank,스몰 스크립트 로고 크루넥 스웨트셔츠 Normal Grey,29cm:2824024,review_count,26.0,"{""brand_eng"": ""CHAMPION"", ""brand_kor"": ""챔피온"", ""brand_no"": 71185, ""category1"": ""남성의류"", ""category2"": ""상의"", ""category3"": ""스웨트셔츠"", ""category3_code"": 272103107, ""is_new"": false, ""item_no"": 2824024, ""period_sort"": ""ONE_DAY"", ""platform"": ""29cm"", ""ranking_category_code"": ""272103100"", ""ranking_category_name"": ""남성의류>상의"", ""review_avg"": 5.0, ""sale_percent"": 45, ""sale_price"": 32400, ""sold_out"": false, ""url"": ""https://product.29cm.co.kr/catalog/2824024""}",2026-10-03T01:00:02+00:00_62faa0ae
2026-10-03T10:00:02+09:00,2026-10-03T01:00:03+00:00,commerce_rank,스몰 스크립트 로고 크루넥 스웨트셔츠 Normal Grey,29cm:2824024@272103100,rank,58.0,"{""brand_eng"": ""CHAMPION"", ""brand_kor"": ""챔피온"", ""brand_no"": 71185, ""category1"": ""남성의류"", ""category2"": ""상의"", ""category3"": ""스웨트셔츠"", ""category3_code"": 272103107, ""is_new"": false, ""item_no"": 2824024, ""period_sort"": ""ONE_DAY"", ""platform"": ""29cm"", ""ranking_category_code"": ""272103100"", ""ranking_category_name"": ""남성의류>상의"", ""review_avg"": 5.0, ""sale_percent"": 45, ""sale_price"": 32400, ""sold_out"": false, ""url"": ""https://product.29cm.co.kr/catalog/2824024""}",2026-10-03T01:00:02+00:00_62faa0ae
2026-10-03T10:00:02+09:00,2026-10-03T01:00:03+00:00,commerce_rank,스몰 스크립트 로고 크루넥 스웨트셔츠 Black,29cm:2824036,heart_count,146.0,"{""brand_eng"": ""CHAMPION"", ""brand_kor"": ""챔피온"", ""brand_no"": 71185, ""category1"": ""남성의류"", ""category2"": ""상의"", ""category3"": ""스웨트셔츠"", ""category3_code"": 272103107, ""is_new"": false, ""item_no"": 2824036, ""period_sort"": ""ONE_DAY"", ""platform"": ""29cm"", ""ranking_category_code"": ""272103100"", ""ranking_category_name"": ""남성의류>상의"", ""review_avg"": 5.0, ""sale_percent"": 45, ""sale_price"": 32400, ""sold_out"": false, ""url"": ""https://product.29cm.co.kr/catalog/2824036""}",2026-10-03T01:00:02+00:00_62faa0ae
2026-10-03T10:00:02+09:00,2026-10-03T01:00:03+00:00,commerce_rank,스몰 스크립트 로고 크루넥 스웨트셔츠 Black,29cm:2824036,review_count,19.0,"{""brand_eng"": ""CHAMPION"", ""brand_kor"": ""챔피온"", ""brand_no"": 71185, ""category1"": ""남성의류"", ""category2"": ""상의"", ""category3"": ""스웨트셔츠"", ""category3_code"": 272103107, ""is_new"": false, ""item_no"": 2824036, ""period_sort"": ""ONE_DAY"", ""platform"": ""29cm"", ""ranking_category_code"": ""272103100"", ""ranking_category_name"": ""남성의류>상의"", ""review_avg"": 5.0, ""sale_percent"": 45, ""sale_price"": 32400, ""sold_out"": false, ""url"": ""https://product.29cm.co.kr/catalog/2824036""}",2026-10-03T01:00:02+00:00_62faa0ae
2026-10-03T10:00:02+09:00,2026-10-03T01:00:03+00:00,commerce_rank,스몰 스크립트 로고 크루넥 스웨트셔츠 Black,29cm:2824036@272103100,rank,48.0,"{""brand_eng"": ""CHAMPION"", ""brand_kor"": ""챔피온"", ""brand_no"": 71185, ""category1"": ""남성의류"", ""category2"": ""상의"", ""category3"": ""스웨트셔츠"", ""category3_code"": 272103107, ""is_new"": false, ""item_no"": 2824036, ""period_sort"": ""ONE_DAY"", ""platform"": ""29cm"", ""ranking_category_code"": ""272103100"", ""ranking_category_name"": ""남성의류>상의"", ""review_avg"": 5.0, ""sale_percent"": 45, ""sale_price"": 32400, ""sold_out"": false, ""url"": ""https://product.29cm.co.kr/catalog/2824036""}",2026-10-03T01:00:02+00:00_62faa0ae
2026-10-03T10:00:02+09:00,2026-10-03T01:00:03+00:00,commerce_rank,로고 타이포 그래픽 맨투맨 블루,29cm:2844829,heart_count,11.0,"{""brand_eng"": ""Wacky Willy"", ""brand_kor"": ""와키윌리"", ""brand_no"": 15237, ""category1"": ""남성의류"", ""category2"": ""상의"", ""category3"": ""스웨트셔츠"", ""category3_code"": 272103107, ""is_new"": false, ""item_no"": 2844829, ""period_sort"": ""ONE_DAY"", ""platform"": ""29cm"", ""ranking_category_code"": ""272103100"", ""ranking_category_name"": ""남성의류>상의"", ""review_avg"": 5.0, ""sale_percent"": 67, ""sale_price"": 26100, ""sold_out"": false, ""url"": ""https://product.29cm.co.kr/catalog/2844829""}",2026-10-03T01:00:02+00:00_62faa0ae
2026-10-03T10:00:02+09:00,2026-10-03T01:00:03+00:00,commerce_rank,로고 타이포 그래픽 맨투맨 블루,29cm:2844829,review_count,1.0,"{""brand_eng"": ""Wacky Willy"", ""brand_kor"": ""와키윌리"", ""brand_no"": 15237, ""category1"": ""남성의류"", ""category2"": ""상의"", ""category3"": ""스웨트셔츠"", ""category3_code"": 272103107, ""is_new"": false, ""item_no"": 2844829, ""period_sort"": ""ONE_DAY"", ""platform"": ""29cm"", ""ranking_category_code"": ""272103100"", ""ranking_category_name"": ""남성의류>상의"", ""review_avg"": 5.0, ""sale_percent"": 67, ""sale_price"": 26100, ""sold_out"": false, ""url"": ""https://product.29cm.co.kr/catalog/2844829""}",2026-10-03T01:00:02+00:00_62faa0ae
2026-10-03T10:00:02+09:00,2026-10-03T01:00:03+00:00,commerce_rank,로고 타이포 그래픽 맨투맨 블루,29cm:2844829@272103100,rank,4.0,"{""brand_eng"": ""Wacky Willy"", ""brand_kor"": ""와키윌리"", ""brand_no"": 15237, ""category1"": ""남성의류"", ""category2"": ""상의"", ""category3"": ""스웨트셔츠"", ""category3_code"": 272103107, ""is_new"": false, ""item_no"": 2844829, ""period_sort"": ""ONE_DAY"", ""platform"": ""29cm"", ""ranking_category_code"": ""272103100"", ""ranking_category_name"": ""남성의류>상의"", ""review_avg"": 5.0, ""sale_percent"": 67, ""sale_price"": 26100, ""sold_out"": false, ""url"": ""https://product.29cm.co.kr/catalog/2844829""}",2026-10-03T01:00:02+00:00_62faa0ae
2026-10-03T10:00:02+09:00,2026-10-03T01:00:03+00:00,commerce_rank,UA덴마크 프린팅 기모 후드티 그레이,29cm:2846701,heart_count,5.0,"{""brand_eng"": ""UNIAPPAREL"", ""brand_kor"": ""유니어패럴"", ""brand_no"": 10865, ""category1"": ""남성의류"", ""category2"": ""상의"", ""category3"": ""후디"", ""category3_code"": 272103108, ""is_new"": false, ""item_no"": 2846701, ""period_sort"": ""ONE_DAY"", ""platform"": ""29cm"", ""ranking_category_code"": ""272103100"", ""ranking_category_name"": ""남성의류>상의"", ""review_avg"": 0.0, ""sale_percent"": 41, ""sale_price"": 27120, ""sold_out"": false, ""url"": ""https://product.29cm.co.kr/catalog/2846701""}",2026-10-03T01:00:02+00:00_62faa0ae
2026-10-03T10:00:02+09:00,2026-10-03T01:00:03+00:00,commerce_rank,UA덴마크 프린팅 기모 후드티 그레이,29cm:2846701,review_count,0.0,"{""brand_eng"": ""UNIAPPAREL"", ""brand_kor"": ""유니어패럴"", ""brand_no"": 10865, ""category1"": ""남성의류"", ""category2"": ""상의"", ""category3"": ""후디"", ""category3_code"": 272103108, ""is_new"": false, ""item_no"": 2846701, ""period_sort"": ""ONE_DAY"", ""platform"": ""29cm"", ""ranking_category_code"": ""272103100"", ""ranking_category_name"": ""남성의류>상의"", ""review_avg"": 0.0, ""sale_percent"": 41, ""sale_price"": 27120, ""sold_out"": false, ""url"": ""https://product.29cm.co.kr/catalog/2846701""}",2026-10-03T01:00:02+00:00_62faa0ae
2026-10-03T10:00:02+09:00,2026-10-03T01:00:03+00:00,commerce_rank,UA덴마크 프린팅 기모 후드티 그레이,29cm:2846701@272103100,rank,80.0,"{""brand_eng"": ""UNIAPPAREL"", ""brand_kor"": ""유니어패럴"", ""brand_no"": 10865, ""category1"": ""남성의류"", ""category2"": ""상의"", ""category3"": ""후디"", ""category3_code"": 272103108, ""is_new"": false, ""item_no"": 2846701, ""period_sort"": ""ONE_DAY"", ""platform"": ""29cm"", ""ranking_category_code"": ""272103100"", ""ranking_category_name"": ""남성의류>상의"", ""review_avg"": 0.0, ""sale_percent"": 41, ""sale_price"": 27120, ""sold_out"": false, ""url"": ""https://product.29cm.co.kr/catalog/2846701""}",2026-10-03T01:00:02+00:00_62faa0ae
2026-10-03T10:00:02+09:00,2026-10-03T01:00:03+00:00,commerce_rank,(FW24) Arch-Logo Crewneck Heather Grey,29cm:2853492,heart_count,166.0,"{""brand_eng"": ""thisisneverthat"", ""brand_kor"": ""디스이즈네버댓"", ""brand_no"": 70, ""category1"": ""남성의류"", ""category2"": ""상의"", ""category3"": ""스웨트셔츠"", ""category3_code"": 272103107, ""is_new"": false, ""item_no"": 2853492, ""period_sort"": ""ONE_DAY"", ""platform"": ""29cm"", ""ranking_category_code"": ""272103100"", ""ranking_category_name"": ""남성의류>상의"", ""review_avg"": 4.5, ""sale_percent"": 30, ""sale_price"": 59500, ""sold_out"": false, ""url"": ""https://product.29cm.co.kr/catalog/2853492""}",2026-10-03T01:00:02+00:00_62faa0ae
2026-10-03T10:00:02+09:00,2026-10-03T01:00:03+00:00,commerce_rank,(FW24) Arch-Logo Crewneck Heather Grey,29cm:2853492,review_count,11.0,"{""brand_eng"": ""thisisneverthat"", ""brand_kor"": ""디스이즈네버댓"", ""brand_no"": 70, ""category1"": ""남성의류"", ""category2"": ""상의"", ""category3"": ""스웨트셔츠"", ""category3_code"": 272103107, ""is_new"": false, ""item_no"": 2853492, ""period_sort"": ""ONE_DAY"", ""platform"": ""29cm"", ""ranking_category_code"": ""272103100"", ""ranking_category_name"": ""남성의류>상의"", ""review_avg"": 4.5, ""sale_percent"": 30, ""sale_price"": 59500, ""sold_out"": false, ""url"": ""https://product.29cm.co.kr/catalog/2853492""}",2026-10-03T01:00:02+00:00_62faa0ae
2026-10-03T10:00:02+09:00,2026-10-03T01:00:03+00:00,commerce_rank,(FW24) Arch-Logo Crewneck Heather Grey,29cm:2853492@272103100,rank,79.0,"{""brand_eng"": ""thisisneverthat"", ""brand_kor"": ""디스이즈네버댓"", ""brand_no"": 70, ""category1"": ""남성의류"", ""category2"": ""상의"", ""category3"": ""스웨트셔츠"", ""category3_code"": 272103107, ""is_new"": false, ""item_no"": 2853492, ""period_sort"": ""ONE_DAY"", ""platform"": ""29cm"", ""ranking_category_code"": ""272103100"", ""ranking_category_name"": ""남성의류>상의"", ""review_avg"": 4.5, ""sale_percent"": 30, ""sale_price"": 59500, ""sold_out"": false, ""url"": ""https://product.29cm.co.kr/catalog/2853492""}",2026-10-03T01:00:02+00:00_62faa0ae
2026-10-03T10:00:02+09:00,2026-10-03T01:00:02+00:00,commerce_rank,a haag half zip-up (grey),29cm:2883822,heart_count,14926.0,"{""brand_eng"": ""HAAG"", ""brand_kor"": ""헤이그"", ""brand_no"": 19972, ""category1"": ""여성의류"", ""category2"": ""상의"", ""category3"": ""스웨트셔츠"", ""category3_code"": 268103104, ""is_new"": false, ""item_no"": 2883822, ""period_sort"": ""ONE_DAY"", ""platform"": ""29cm"", ""ranking_category_code"": ""268103100"", ""ranking_category_name"": ""여성의류>상의"", ""review_avg"": 5.0, ""sale_percent"": 5, ""sale_price"": 112100, ""sold_out"": false, ""url"": ""https://product.29cm.co.kr/catalog/2883822""}",2026-10-03T01:00:02+00:00_62faa0ae
2026-10-03T10:00:02+09:00,2026-10-03T01:00:02+00:00,commerce_rank,a haag half zip-up (grey),29cm:2883822,review_count,833.0,"{""brand_eng"": ""HAAG"", ""brand_kor"": ""헤이그"", ""brand_no"": 19972, ""category1"": ""여성의류"", ""category2"": ""상의"", ""category3"": ""스웨트셔츠"", ""category3_code"": 268103104, ""is_new"": false, ""item_no"": 2883822, ""period_sort"": ""ONE_DAY"", ""platform"": ""29cm"", ""ranking_category_code"": ""268103100"", ""ranking_category_name"": ""여성의류>상의"", ""review_avg"": 5.0, ""sale_percent"": 5, ""sale_price"": 112100, ""sold_out"": false, ""url"": ""https://product.29cm.co.kr/catalog/2883822""}",2026-10-03T01:00:02+00:00_62faa0ae
2026-10-03T10:00:02+09:00,2026-10-03T01:00:02+00:00,commerce_rank,a haag half zip-up (grey),29cm:2883822@268103100,rank,53.0,"{""brand_eng"": ""HAAG"", ""brand_kor"": ""헤이그"", ""brand_no"": 19972, ""category1"": ""여성의류"", ""category2"": ""상의"", ""category3"": ""스웨트셔츠"", ""category3_code"": 268103104, ""is_new"": false, ""item_no"": 2883822, ""period_sort"": ""ONE_DAY"", ""platform"": ""29cm"", ""ranking_category_code"": ""268103100"", ""ranking_category_name"": ""여성의류>상의"", ""review_avg"": 5.0, ""sale_percent"": 5, ""sale_price"": 112100, ""sold_out"": false, ""url"": ""https://product.29cm.co.kr/catalog/2883822""}",2026-10-03T01:00:02+00:00_62faa0ae
2026-10-03T10:00:02+09:00,2026-10-03T01:00:02+00:00,commerce_rank,a haag half zip-up (navy),29cm:2883823,heart_count,6843.0,"{""brand_eng"": ""HAAG"", ""brand_kor"": ""헤이그"", ""brand_no"": 19972, ""category1"": ""여성의류"", ""category2"": ""상의"", ""category3"": ""스웨트셔츠"", ""category3_code"": 268103104, ""is_new"": false, ""item_no"": 2883823, ""period_sort"": ""ONE_DAY"", ""platform"": ""29cm"", ""ranking_category_code"": ""268103100"", ""ranking_category_name"": ""여성의류>상의"", ""review_avg"": 5.0, ""sale_percent"": 5, ""sale_price"": 112100, ""sold_out"": false, ""url"": ""https://product.29cm.co.kr/catalog/2883823""}",2026-10-03T01:00:02+00:00_62faa0ae
2026-10-03T10:00:02+09:00,2026-10-03T01:00:02+00:00,commerce_rank,a haag half zip-up (navy),29cm:2883823,review_count,585.0,"{""brand_eng"": ""HAAG"", ""brand_kor"": ""헤이그"", ""brand_no"": 19972, ""category1"": ""여성의류"", ""category2"": ""상의"", ""category3"": ""스웨트셔츠"", ""category3_code"": 268103104, ""is_new"": false, ""item_no"": 2883823, ""period_sort"": ""ONE_DAY"", ""platform"": ""29cm"", ""ranking_category_code"": ""268103100"", ""ranking_category_name"": ""여성의류>상의"", ""review_avg"": 5.0, ""sale_percent"": 5, ""sale_price"": 112100, ""sold_out"": false, ""url"": ""https://product.29cm.co.kr/catalog/2883823""}",2026-10-03T01:00:02+00:00_62faa0ae
2026-10-03T10:00:02+09:00,2026-10-03T01:00:02+00:00,commerce_rank,a haag half zip-up (navy),29cm:2883823@268103100,rank,81.0,"{""brand_eng"": ""HAAG"", ""brand_kor"": ""헤이그"", ""brand_no"": 19972, ""category1"": ""여성의류"", ""category2"": ""상의"", ""category3"": ""스웨트셔츠"", ""category3_code"": 268103104, ""is_new"": false, ""item_no"": 2883823, ""period_sort"": ""ONE_DAY"", ""platform"": ""29cm"", ""ranking_category_code"": ""268103100"", ""ranking_category_name"": ""여성의류>상의"", ""review_avg"": 5.0, ""sale_percent"": 5, ""sale_price"": 112100, ""sold_out"": false, ""url"": ""https://product.29cm.co.kr/catalog/2883823""}",2026-10-03T01:00:02+00:00_62faa0ae
2026-10-03T10:00:02+09:00,2026-10-03T01:00:03+00:00,commerce_rank,원포인트 그래픽 후드 블루,29cm:2970257,heart_count,2.0,"{""brand_eng"": ""Wacky Willy"", ""brand_kor"": ""와키윌리"", ""brand_no"": 15237, ""category1"": ""남성의류"", ""category2"": ""상의"", ""category3"": ""후디"", ""category3_code"": 272103108, ""is_new"": false, ""item_no"": 2970257, ""period_sort"": ""ONE_DAY"", ""platform"": ""29cm"", ""ranking_category_code"": ""272103100"", ""ranking_category_name"": ""남성의류>상의"", ""review_avg"": 0.0, ""sale_percent"": 74, ""sale_price"": 26100, ""sold_out"": true, ""url"": ""https://product.29cm.co.kr/catalog/2970257""}",2026-10-03T01:00:02+00:00_62faa0ae
2026-10-03T10:00:02+09:00,2026-10-03T01:00:03+00:00,commerce_rank,원포인트 그래픽 후드 블루,29cm:2970257,review_count,0.0,"{""brand_eng"": ""Wacky Willy"", ""brand_kor"": ""와키윌리"", ""brand_no"": 15237, ""category1"": ""남성의류"", ""category2"": ""상의"", ""category3"": ""후디"", ""category3_code"": 272103108, ""is_new"": false, ""item_no"": 2970257, ""period_sort"": ""ONE_DAY"", ""platform"": ""29cm"", ""ranking_category_code"": ""272103100"", ""ranking_category_name"": ""남성의류>상의"", ""review_avg"": 0.0, ""sale_percent"": 74, ""sale_price"": 26100, ""sold_out"": true, ""url"": ""https://product.29cm.co.kr/catalog/2970257""}",2026-10-03T01:00:02+00:00_62faa0ae
2026-10-03T10:00:02+09:00,2026-10-03T01:00:03+00:00,commerce_rank,원포인트 그래픽 후드 블루,29cm:2970257@272103100,rank,1.0,"{""brand_eng"": ""Wacky Willy"", ""brand_kor"": ""와키윌리"", ""brand_no"": 15237, ""category1"": ""남성의류"", ""category2"": ""상의"", ""category3"": ""후디"", ""category3_code"": 272103108, ""is_new"": false, ""item_no"": 2970257, ""period_sort"": ""ONE_DAY"", ""platform"": ""29cm"", ""ranking_category_code"": ""272103100"", ""ranking_category_name"": ""남성의류>상의"", ""review_avg"": 0.0, ""sale_percent"": 74, ""sale_price"": 26100, ""sold_out"": true, ""url"": ""https://product.29cm.co.kr/catalog/2970257""}",2026-10-03T01:00:02+00:00_62faa0ae
2026-10-03T10:00:02+09:00,2026-10-03T01:00:03+00:00,commerce_rank,원포인트 그래픽 후드 크림,29cm:2970258,heart_count,14.0,"{""brand_eng"": ""Wacky Willy"", ""brand_kor"": ""와키윌리"", ""brand_no"": 15237, ""category1"": ""남성의류"", ""category2"": ""상의"", ""category3"": ""후디"", ""category3_code"": 272103108, ""is_new"": false, ""item_no"": 2970258, ""period_sort"": ""ONE_DAY"", ""platform"": ""29cm"", ""ranking_category_code"": ""272103100"", ""ranking_category_name"": ""남성의류>상의"", ""review_avg"": 0.0, ""sale_percent"": 74, ""sale_price"": 26100, ""sold_out"": true, ""url"": ""https://product.29cm.co.kr/catalog/2970258""}",2026-10-03T01:00:02+00:00_62faa0ae
2026-10-03T10:00:02+09:00,2026-10-03T01:00:03+00:00,commerce_rank,원포인트 그래픽 후드 크림,29cm:2970258,review_count,0.0,"{""brand_eng"": ""Wacky Willy"", ""brand_kor"": ""와키윌리"", ""brand_no"": 15237, ""category1"": ""남성의류"", ""category2"": ""상의"", ""category3"": ""후디"", ""category3_code"": 272103108, ""is_new"": false, ""item_no"": 2970258, ""period_sort"": ""ONE_DAY"", ""platform"": ""29cm"", ""ranking_category_code"": ""272103100"", ""ranking_category_name"": ""남성의류>상의"", ""review_avg"": 0.0, ""sale_percent"": 74, ""sale_price"": 26100, ""sold_out"": true, ""url"": ""https://product.29cm.co.kr/catalog/2970258""}",2026-10-03T01:00:02+00:00_62faa0ae
2026-10-03T10:00:02+09:00,2026-10-03T01:00:03+00:00,commerce_rank,원포인트 그래픽 후드 크림,29cm:2970258@272103100,rank,7.0,"{""brand_eng"": ""Wacky Willy"", ""brand_kor"": ""와키윌리"", ""brand_no"": 15237, ""category1"": ""남성의류"", ""category2"": ""상의"", ""category3"": ""후디"", ""category3_code"": 272103108, ""is_new"": false, ""item_no"": 2970258, ""period_sort"": ""ONE_DAY"", ""platform"": ""29cm"", ""ranking_category_code"": ""272103100"", ""ranking_category_name"": ""남성의류>상의"", ""review_avg"": 0.0, ""sale_percent"": 74, ""sale_price"": 26100, ""sold_out"": true, ""url"": ""https://product.29cm.co.kr/catalog/2970258""}",2026-10-03T01:00:02+00:00_62faa0ae
2026-10-03T10:00:02+09:00,2026-10-03T01:00:03+00:00,commerce_rank,AUTHENTIC COMFORT SWEAT_1%OATMEAL,29cm:2981578,heart_count,367.0,"{""brand_eng"": ""OUTSTANDING"", ""brand_kor"": ""아웃스탠딩"", ""brand_no"": 1657, ""category1"": ""남성의류"", ""category2"": ""상의"", ""category3"": ""스웨트셔츠"", ""category3_code"": 272103107, ""is_new"": false, ""item_no"": 2981578, ""period_sort"": ""ONE_DAY"", ""platform"": ""29cm"", ""ranking_category_code"": ""272103100"", ""ranking_category_name"": ""남성의류>상의"", ""review_avg"": 5.0, ""sale_percent"": 10, ""sale_price"": 66600, ""sold_out"": false, ""url"": ""https://product.29cm.co.kr/catalog/2981578""}",2026-10-03T01:00:02+00:00_62faa0ae
2026-10-03T10:00:02+09:00,2026-10-03T01:00:03+00:00,commerce_rank,AUTHENTIC COMFORT SWEAT_1%OATMEAL,29cm:2981578,review_count,36.0,"{""brand_eng"": ""OUTSTANDING"", ""brand_kor"": ""아웃스탠딩"", ""brand_no"": 1657, ""category1"": ""남성의류"", ""category2"": ""상의"", ""category3"": ""스웨트셔츠"", ""category3_code"": 272103107, ""is_new"": false, ""item_no"": 2981578, ""period_sort"": ""ONE_DAY"", ""platform"": ""29cm"", ""ranking_category_code"": ""272103100"", ""ranking_category_name"": ""남성의류>상의"", ""review_avg"": 5.0, ""sale_percent"": 10, ""sale_price"": 66600, ""sold_out"": false, ""url"": ""https://product.29cm.co.kr/catalog/2981578""}",2026-10-03T01:00:02+00:00_62faa0ae
2026-10-03T10:00:02+09:00,2026-10-03T01:00:03+00:00,commerce_rank,AUTHENTIC COMFORT SWEAT_1%OATMEAL,29cm:2981578@272103100,rank,64.0,"{""brand_eng"": ""OUTSTANDING"", ""brand_kor"": ""아웃스탠딩"", ""brand_no"": 1657, ""category1"": ""남성의류"", ""category2"": ""상의"", ""category3"": ""스웨트셔츠"", ""category3_code"": 272103107, ""is_new"": false, ""item_no"": 2981578, ""period_sort"": ""ONE_DAY"", ""platform"": ""29cm"", ""ranking_category_code"": ""272103100"", ""ranking_category_name"": ""남성의류>상의"", ""review_avg"": 5.0, ""sale_percent"": 10, ""sale_price"": 66600, ""sold_out"": false, ""url"": ""https://product.29cm.co.kr/catalog/2981578""}",2026-10-03T01:00:02+00:00_62faa0ae
2026-10-03T10:00:02+09:00,2026-10-03T01:00:03+00:00,commerce_rank,AUTHENTIC COMFORT SWEAT_BLACK,29cm:2981581,heart_count,232.0,"{""brand_eng"": ""OUTSTANDING"", ""brand_kor"": ""아웃스탠딩"", ""brand_no"": 1657, ""category1"": ""남성의류"", ""category2"": ""상의"", ""category3"": ""스웨트셔츠"", ""category3_code"": 272103107, ""is_new"": false, ""item_no"": 2981581, ""period_sort"": ""ONE_DAY"", ""platform"": ""29cm"", ""ranking_category_code"": ""272103100"", ""ranking_category_name"": ""남성의류>상의"", ""review_avg"": 5.0, ""sale_percent"": 10, ""sale_price"": 66600, ""sold_out"": false, ""url"": ""https://product.29cm.co.kr/catalog/2981581""}",2026-10-03T01:00:02+00:00_62faa0ae
2026-10-03T10:00:02+09:00,2026-10-03T01:00:03+00:00,commerce_rank,AUTHENTIC COMFORT SWEAT_BLACK,29cm:2981581,review_count,12.0,"{""brand_eng"": ""OUTSTANDING"", ""brand_kor"": ""아웃스탠딩"", ""brand_no"": 1657, ""category1"": ""남성의류"", ""category2"": ""상의"", ""category3"": ""스웨트셔츠"", ""category3_code"": 272103107, ""is_new"": false, ""item_no"": 2981581, ""period_sort"": ""ONE_DAY"", ""platform"": ""29cm"", ""ranking_category_code"": ""272103100"", ""ranking_category_name"": ""남성의류>상의"", ""review_avg"": 5.0, ""sale_percent"": 10, ""sale_price"": 66600, ""sold_out"": false, ""url"": ""https://product.29cm.co.kr/catalog/2981581""}",2026-10-03T01:00:02+00:00_62faa0ae
2026-10-03T10:00:02+09:00,2026-10-03T01:00:03+00:00,commerce_rank,AUTHENTIC COMFORT SWEAT_BLACK,29cm:2981581@272103100,rank,24.0,"{""brand_eng"": ""OUTSTANDING"", ""brand_kor"": ""아웃스탠딩"", ""brand_no"": 1657, ""category1"": ""남성의류"", ""category2"": ""상의"", ""category3"": ""스웨트셔츠"", ""category3_code"": 272103107, ""is_new"": false, ""item_no"": 2981581, ""period_sort"": ""ONE_DAY"", ""platform"": ""29cm"", ""ranking_category_code"": ""272103100"", ""ranking_category_name"": ""남성의류>상의"", ""review_avg"": 5.0, ""sale_percent"": 10, ""sale_price"": 66600, ""sold_out"": false, ""url"": ""https://product.29cm.co.kr/catalog/2981581""}",2026-10-03T01:00:02+00:00_62faa0ae
2026-10-03T10:00:02+09:00,2026-10-03T01:00:02+00:00,commerce_rank,[29CM 단독/컬러추가] SIKN2136 클래식 스트라이프 카라 니트_Navy,29cm:3033257,heart_count,22365.0,"{""brand_eng"": ""Siyazu"", ""brand_kor"": ""시야쥬"", ""brand_no"": 10005, ""category1"": ""여성의류"", ""category2"": ""상의"", ""category3"": ""피케/카라 티셔츠"", ""category3_code"": 268103109, ""is_new"": false, ""item_no"": 3033257, ""period_sort"": ""ONE_DAY"", ""platform"": ""29cm"", ""ranking_category_code"": ""268103100"", ""ranking_category_name"": ""여성의류>상의"", ""review_avg"": 5.0, ""sale_percent"": 21, ""sale_price"": 76830, ""sold_out"": false, ""url"": ""https://product.29cm.co.kr/catalog/3033257""}",2026-10-03T01:00:02+00:00_62faa0ae
2026-10-03T10:00:02+09:00,2026-10-03T01:00:02+00:00,commerce_rank,[29CM 단독/컬러추가] SIKN2136 클래식 스트라이프 카라 니트_Navy,29cm:3033257,review_count,533.0,"{""brand_eng"": ""Siyazu"", ""brand_kor"": ""시야쥬"", ""brand_no"": 10005, ""category1"": ""여성의류"", ""category2"": ""상의"", ""category3"": ""피케/카라 티셔츠"", ""category3_code"": 268103109, ""is_new"": false, ""item_no"": 3033257, ""period_sort"": ""ONE_DAY"", ""platform"": ""29cm"", ""ranking_category_code"": ""268103100"", ""ranking_category_name"": ""여성의류>상의"", ""review_avg"": 5.0, ""sale_percent"": 21, ""sale_price"": 76830, ""sold_out"": false, ""url"": ""https://product.29cm.co.kr/catalog/3033257""}",2026-10-03T01:00:02+00:00_62faa0ae
2026-10-03T10:00:02+09:00,2026-10-03T01:00:02+00:00,commerce_rank,[29CM 단독/컬러추가] SIKN2136 클래식 스트라이프 카라 니트_Navy,29cm:3033257@268103100,rank,3.0,"{""brand_eng"": ""Siyazu"", ""brand_kor"": ""시야쥬"", ""brand_no"": 10005, ""category1"": ""여성의류"", ""category2"": ""상의"", ""category3"": ""피케/카라 티셔츠"", ""category3_code"": 268103109, ""is_new"": false, ""item_no"": 3033257, ""period_sort"": ""ONE_DAY"", ""platform"": ""29cm"", ""ranking_category_code"": ""268103100"", ""ranking_category_name"": ""여성의류>상의"", ""review_avg"": 5.0, ""sale_percent"": 21, ""sale_price"": 76830, ""sold_out"": false, ""url"": ""https://product.29cm.co.kr/catalog/3033257""}",2026-10-03T01:00:02+00:00_62faa0ae
2026-10-03T10:00:02+09:00,2026-10-03T01:00:03+00:00,commerce_rank,Waffle Long Sleeve Ash Black,29cm:3041934,heart_count,91.0,"{""brand_eng"": ""rough side"", ""brand_kor"": ""러프사이드"", ""brand_no"": 3821, ""category1"": ""남성의류"", ""category2"": ""상의"", ""category3"": ""반소매 티셔츠"", ""category3_code"": 272103101, ""is_new"": false, ""item_no"": 3041934, ""period_sort"": ""ONE_DAY"", ""platform"": ""29cm"", ""ranking_category_code"": ""272103100"", ""ranking_category_name"": ""남성의류>상의"", ""review_avg"": 4.0, ""sale_percent"": 5, ""sale_price"": 90250, ""sold_out"": false, ""url"": ""https://product.29cm.co.kr/catalog/3041934""}",2026-10-03T01:00:02+00:00_62faa0ae
2026-10-03T10:00:02+09:00,2026-10-03T01:00:03+00:00,commerce_rank,Waffle Long Sleeve Ash Black,29cm:3041934,review_count,6.0,"{""brand_eng"": ""rough side"", ""brand_kor"": ""러프사이드"", ""brand_no"": 3821, ""category1"": ""남성의류"", ""category2"": ""상의"", ""category3"": ""반소매 티셔츠"", ""category3_code"": 272103101, ""is_new"": false, ""item_no"": 3041934, ""period_sort"": ""ONE_DAY"", ""platform"": ""29cm"", ""ranking_category_code"": ""272103100"", ""ranking_category_name"": ""남성의류>상의"", ""review_avg"": 4.0, ""sale_percent"": 5, ""sale_price"": 90250, ""sold_out"": false, ""url"": ""https://product.29cm.co.kr/catalog/3041934""}",2026-10-03T01:00:02+00:00_62faa0ae
2026-10-03T10:00:02+09:00,2026-10-03T01:00:03+00:00,commerce_rank,Waffle Long Sleeve Ash Black,29cm:3041934@272103100,rank,73.0,"{""brand_eng"": ""rough side"", ""brand_kor"": ""러프사이드"", ""brand_no"": 3821, ""category1"": ""남성의류"", ""category2"": ""상의"", ""category3"": ""반소매 티셔츠"", ""category3_code"": 272103101, ""is_new"": false, ""item_no"": 3041934, ""period_sort"": ""ONE_DAY"", ""platform"": ""29cm"", ""ranking_category_code"": ""272103100"", ""ranking_category_name"": ""남성의류>상의"", ""review_avg"": 4.0, ""sale_percent"": 5, ""sale_price"": 90250, ""sold_out"": false, ""url"": ""https://product.29cm.co.kr/catalog/3041934""}",2026-10-03T01:00:02+00:00_62faa0ae
2026-10-03T10:00:02+09:00,2026-10-03T01:00:02+00:00,commerce_rank,[11차] Draped tie blouse_brown,29cm:3079603,heart_count,45452.0,"{""brand_eng"": ""AARAN"", ""brand_kor"": ""어랜"", ""brand_no"": 25864, ""category1"": ""여성의류"", ""category2"": ""단독"", ""category3"": ""상의"", ""category3_code"": 268116101, ""is_new"": false, ""item_no"": 3079603, ""period_sort"": ""ONE_DAY"", ""platform"": ""29cm"", ""ranking_category_code"": ""268103100"", ""ranking_category_name"": ""여성의류>상의"", ""review_avg"": 4.5, ""sale_percent"": 10, ""sale_price"": 136800, ""sold_out"": false, ""url"": ""https://product.29cm.co.kr/catalog/3079603""}",2026-10-03T01:00:02+00:00_62faa0ae
2026-10-03T10:00:02+09:00,2026-10-03T01:00:02+00:00,commerce_rank,[11차] Draped tie blouse_brown,29cm:3079603,review_count,651.0,"{""brand_eng"": ""AARAN"", ""brand_kor"": ""어랜"", ""brand_no"": 25864, ""category1"": ""여성의류"", ""category2"": ""단독"", ""category3"": ""상의"", ""category3_code"": 268116101, ""is_new"": false, ""item_no"": 3079603, ""period_sort"": ""ONE_DAY"", ""platform"": ""29cm"", ""ranking_category_code"": ""268103100"", ""ranking_category_name"": ""여성의류>상의"", ""review_avg"": 4.5, ""sale_percent"": 10, ""sale_price"": 136800, ""sold_out"": false, ""url"": ""https://product.29cm.co.kr/catalog/3079603""}",2026-10-03T01:00:02+00:00_62faa0ae
2026-10-03T10:00:02+09:00,2026-10-03T01:00:02+00:00,commerce_rank,[11차] Draped tie blouse_brown,29cm:3079603@268103100,rank,15.0,"{""brand_eng"": ""AARAN"", ""brand_kor"": ""어랜"", ""brand_no"": 25864, ""category1"": ""여성의류"", ""category2"": ""단독"", ""category3"": ""상의"", ""category3_code"": 268116101, ""is_new"": false, ""item_no"": 3079603, ""period_sort"": ""ONE_DAY"", ""platform"": ""29cm"", ""ranking_category_code"": ""268103100"", ""ranking_category_name"": ""여성의류>상의"", ""review_avg"": 4.5, ""sale_percent"": 10, ""sale_price"": 136800, ""sold_out"": false, ""url"": ""https://product.29cm.co.kr/catalog/3079603""}",2026-10-03T01:00:02+00:00_62faa0ae
2026-10-03T10:00:02+09:00,2026-10-03T01:00:03+00:00,commerce_rank,Pigment Dyed Stripe Shirt_Cliff,29cm:3146591,heart_count,30.0,"{""brand_eng"": ""Art if acts"", ""brand_kor"": ""아트 이프 액츠"", ""brand_no"": 2911, ""category1"": ""남성의류"", ""category2"": ""상의"", ""category3"": ""긴소매 셔츠"", ""category3_code"": 272103106, ""is_new"": false, ""item_no"": 3146591, ""period_sort"": ""ONE_DAY"", ""platform"": ""29cm"", ""ranking_category_code"": ""272103100"", ""ranking_category_name"": ""남성의류>상의"", ""review_avg"": 0.0, ""sale_percent"": 0, ""sale_price"": 125000, ""sold_out"": false, ""url"": ""https://product.29cm.co.kr/catalog/3146591""}",2026-10-03T01:00:02+00:00_62faa0ae
2026-10-03T10:00:02+09:00,2026-10-03T01:00:03+00:00,commerce_rank,Pigment Dyed Stripe Shirt_Cliff,29cm:3146591,review_count,0.0,"{""brand_eng"": ""Art if acts"", ""brand_kor"": ""아트 이프 액츠"", ""brand_no"": 2911, ""category1"": ""남성의류"", ""category2"": ""상의"", ""category3"": ""긴소매 셔츠"", ""category3_code"": 272103106, ""is_new"": false, ""item_no"": 3146591, ""period_sort"": ""ONE_DAY"", ""platform"": ""29cm"", ""ranking_category_code"": ""272103100"", ""ranking_category_name"": ""남성의류>상의"", ""review_avg"": 0.0, ""sale_percent"": 0, ""sale_price"": 125000, ""sold_out"": false, ""url"": ""https://product.29cm.co.kr/catalog/3146591""}",2026-10-03T01:00:02+00:00_62faa0ae
2026-10-03T10:00:02+09:00,2026-10-03T01:00:03+00:00,commerce_rank,Pigment Dyed Stripe Shirt_Cliff,29cm:3146591@272103100,rank,87.0,"{""brand_eng"": ""Art if acts"", ""brand_kor"": ""아트 이프 액츠"", ""brand_no"": 2911, ""category1"": ""남성의류"", ""category2"": ""상의"", ""category3"": ""긴소매 셔츠"", ""category3_code"": 272103106, ""is_new"": false, ""item_no"": 3146591, ""period_sort"": ""ONE_DAY"", ""platform"": ""29cm"", ""ranking_category_code"": ""272103100"", ""ranking_category_name"": ""남성의류>상의"", ""review_avg"": 0.0, ""sale_percent"": 0, ""sale_price"": 125000, ""sold_out"": false, ""url"": ""https://product.29cm.co.kr/catalog/3146591""}",2026-10-03T01:00:02+00:00_62faa0ae
2026-10-03T10:00:02+09:00,2026-10-03T01:00:03+00:00,commerce_rank,[2PACK] 오리지널 16수 무지 반팔티 5종 OGST1900,29cm:3195180,heart_count,241.0,"{""brand_eng"": ""FP142"", ""brand_kor"": ""페플"", ""brand_no"": 11289, ""category1"": ""남성의류"", ""category2"": ""상의"", ""category3"": ""반소매 티셔츠"", ""category3_code"": 272103101, ""is_new"": false, ""item_no"": 3195180, ""period_sort"": ""ONE_DAY"", ""platform"": ""29cm"", ""ranking_category_code"": ""272103100"", ""ranking_category_name"": ""남성의류>상의"", ""review_avg"": 4.5, ""sale_percent"": 35, ""sale_price"": 33900, ""sold_out"": false, ""url"": ""https://product.29cm.co.kr/catalog/3195180""}",2026-10-03T01:00:02+00:00_62faa0ae
2026-10-03T10:00:02+09:00,2026-10-03T01:00:03+00:00,commerce_rank,[2PACK] 오리지널 16수 무지 반팔티 5종 OGST1900,29cm:3195180,review_count,42.0,"{""brand_eng"": ""FP142"", ""brand_kor"": ""페플"", ""brand_no"": 11289, ""category1"": ""남성의류"", ""category2"": ""상의"", ""category3"": ""반소매 티셔츠"", ""category3_code"": 272103101, ""is_new"": false, ""item_no"": 3195180, ""period_sort"": ""ONE_DAY"", ""platform"": ""29cm"", ""ranking_category_code"": ""272103100"", ""ranking_category_name"": ""남성의류>상의"", ""review_avg"": 4.5, ""sale_percent"": 35, ""sale_price"": 33900, ""sold_out"": false, ""url"": ""https://product.29cm.co.kr/catalog/3195180""}",2026-10-03T01:00:02+00:00_62faa0ae
2026-10-03T10:00:02+09:00,2026-10-03T01:00:03+00:00,commerce_rank,[2PACK] 오리지널 16수 무지 반팔티 5종 OGST1900,29cm:3195180@272103100,rank,38.0,"{""brand_eng"": ""FP142"", ""brand_kor"": ""페플"", ""brand_no"": 11289, ""category1"": ""남성의류"", ""category2"": ""상의"", ""category3"": ""반소매 티셔츠"", ""category3_code"": 272103101, ""is_new"": false, ""item_no"": 3195180, ""period_sort"": ""ONE_DAY"", ""platform"": ""29cm"", ""ranking_category_code"": ""272103100"", ""ranking_category_name"": ""남성의류>상의"", ""review_avg"": 4.5, ""sale_percent"": 35, ""sale_price"": 33900, ""sold_out"": false, ""url"": ""https://product.29cm.co.kr/catalog/3195180""}",2026-10-03T01:00:02+00:00_62faa0ae
2026-10-03T10:00:02+09:00,2026-10-03T01:00:03+00:00,commerce_rank,UNISEX HEART MESSAGE T-SHIRT atb1251u(ECRU),29cm:3226602,heart_count,16756.0,"{""brand_eng"": ""ADSB ANDERSSON BELL"", ""brand_kor"": ""앤더슨벨"", ""brand_no"": 1556, ""category1"": ""남성의류"", ""category2"": ""상의"", ""category3"": ""반소매 티셔츠"", ""category3_code"": 272103101, ""is_new"": false, ""item_no"": 3226602, ""period_sort"": ""ONE_DAY"", ""platform"": ""29cm"", ""ranking_category_code"": ""272103100"", ""ranking_category_name"": ""남성의류>상의"", ""review_avg"": 5.0, ""sale_percent"": 5, ""sale_price"": 69350, ""sold_out"": false, ""url"": ""https://product.29cm.co.kr/catalog/3226602""}",2026-10-03T01:00:02+00:00_62faa0ae
2026-10-03T10:00:02+09:00,2026-10-03T01:00:03+00:00,commerce_rank,UNISEX HEART MESSAGE T-SHIRT atb1251u(ECRU),29cm:3226602,review_count,312.0,"{""brand_eng"": ""ADSB ANDERSSON BELL"", ""brand_kor"": ""앤더슨벨"", ""brand_no"": 1556, ""category1"": ""남성의류"", ""category2"": ""상의"", ""category3"": ""반소매 티셔츠"", ""category3_code"": 272103101, ""is_new"": false, ""item_no"": 3226602, ""period_sort"": ""ONE_DAY"", ""platform"": ""29cm"", ""ranking_category_code"": ""272103100"", ""ranking_category_name"": ""남성의류>상의"", ""review_avg"": 5.0, ""sale_percent"": 5, ""sale_price"": 69350, ""sold_out"": false, ""url"": ""https://product.29cm.co.kr/catalog/3226602""}",2026-10-03T01:00:02+00:00_62faa0ae
2026-10-03T10:00:02+09:00,2026-10-03T01:00:03+00:00,commerce_rank,UNISEX HEART MESSAGE T-SHIRT atb1251u(ECRU),29cm:3226602@272103100,rank,12.0,"{""brand_eng"": ""ADSB ANDERSSON BELL"", ""brand_kor"": ""앤더슨벨"", ""brand_no"": 1556, ""category1"": ""남성의류"", ""category2"": ""상의"", ""category3"": ""반소매 티셔츠"", ""category3_code"": 272103101, ""is_new"": false, ""item_no"": 3226602, ""period_sort"": ""ONE_DAY"", ""platform"": ""29cm"", ""ranking_category_code"": ""272103100"", ""ranking_category_name"": ""남성의류>상의"", ""review_avg"": 5.0, ""sale_percent"": 5, ""sale_price"": 69350, ""sold_out"": false, ""url"": ""https://product.29cm.co.kr/catalog/3226602""}",2026-10-03T01:00:02+00:00_62faa0ae
2026-10-03T10:00:02+09:00,2026-10-03T01:00:03+00:00,commerce_rank,[XXL 추가]쿨 코튼 워셔블 카라 하프 니트 - 6 COLOR,29cm:3240133,heart_count,567.0,"{""brand_eng"": ""SUARE"", ""brand_kor"": ""수아레"", ""brand_no"": 5548, ""category1"": ""남성의류"", ""category2"": ""상의"", ""category3"": ""피케/카라 티셔츠"", ""category3_code"": 272103104, ""is_new"": false, ""item_no"": 3240133, ""period_sort"": ""ONE_DAY"", ""platform"": ""29cm"", ""ranking_category_code"": ""272103100"", ""ranking_category_name"": ""남성의류>상의"", ""review_avg"": 5.0, ""sale_percent"": 39, ""sale_price"": 29900, ""sold_out"": false, ""url"": ""https://product.29cm.co.kr/catalog/3240133""}",2026-10-03T01:00:02+00:00_62faa0ae
2026-10-03T10:00:02+09:00,2026-10-03T01:00:03+00:00,commerce_rank,[XXL 추가]쿨 코튼 워셔블 카라 하프 니트 - 6 COLOR,29cm:3240133,review_count,64.0,"{""brand_eng"": ""SUARE"", ""brand_kor"": ""수아레"", ""brand_no"": 5548, ""category1"": ""남성의류"", ""category2"": ""상의"", ""category3"": ""피케/카라 티셔츠"", ""category3_code"": 272103104, ""is_new"": false, ""item_no"": 3240133, ""period_sort"": ""ONE_DAY"", ""platform"": ""29cm"", ""ranking_category_code"": ""272103100"", ""ranking_category_name"": ""남성의류>상의"", ""review_avg"": 5.0, ""sale_percent"": 39, ""sale_price"": 29900, ""sold_out"": false, ""url"": ""https://product.29cm.co.kr/catalog/3240133""}",2026-10-03T01:00:02+00:00_62faa0ae
2026-10-03T10:00:02+09:00,2026-10-03T01:00:03+00:00,commerce_rank,[XXL 추가]쿨 코튼 워셔블 카라 하프 니트 - 6 COLOR,29cm:3240133@272103100,rank,65.0,"{""brand_eng"": ""SUARE"", ""brand_kor"": ""수아레"", ""brand_no"": 5548, ""category1"": ""남성의류"", ""category2"": ""상의"", ""category3"": ""피케/카라 티셔츠"", ""category3_code"": 272103104, ""is_new"": false, ""item_no"": 3240133, ""period_sort"": ""ONE_DAY"", ""platform"": ""29cm"", ""ranking_category_code"": ""272103100"", ""ranking_category_name"": ""남성의류>상의"", ""review_avg"": 5.0, ""sale_percent"": 39, ""sale_price"": 29900, ""sold_out"": false, ""url"": ""https://product.29cm.co.kr/catalog/3240133""}",2026-10-03T01:00:02+00:00_62faa0ae
2026-10-03T10:00:02+09:00,2026-10-03T01:00:03+00:00,commerce_rank,빅핏 스트라이프 저지 럭비 셔츠 (BLUE),29cm:3262129,heart_count,466.0,"{""brand_eng"": ""POLO RALPH LAUREN"", ""brand_kor"": ""폴로 랄프 로렌"", ""brand_no"": 6890, ""category1"": ""남성의류"", ""category2"": ""상의"", ""category3"": ""피케/카라 티셔츠"", ""category3_code"": 272103104, ""is_new"": false, ""item_no"": 3262129, ""period_sort"": ""ONE_DAY"", ""platform"": ""29cm"", ""ranking_category_code"": ""272103100"", ""ranking_category_name"": ""남성의류>상의"", ""review_avg"": 5.0, ""sale_percent"": 0, ""sale_price"": 259000, ""sold_out"": false, ""url"": ""https://product.29cm.co.kr/catalog/3262129""}",2026-10-03T01:00:02+00:00_62faa0ae
2026-10-03T10:00:02+09:00,2026-10-03T01:00:03+00:00,commerce_rank,빅핏 스트라이프 저지 럭비 셔츠 (BLUE),29cm:3262129,review_count,5.0,"{""brand_eng"": ""POLO RALPH LAUREN"", ""brand_kor"": ""폴로 랄프 로렌"", ""brand_no"": 6890, ""category1"": ""남성의류"", ""category2"": ""상의"", ""category3"": ""피케/카라 티셔츠"", ""category3_code"": 272103104, ""is_new"": false, ""item_no"": 3262129, ""period_sort"": ""ONE_DAY"", ""platform"": ""29cm"", ""ranking_category_code"": ""272103100"", ""ranking_category_name"": ""남성의류>상의"", ""review_avg"": 5.0, ""sale_percent"": 0, ""sale_price"": 259000, ""sold_out"": false, ""url"": ""https://product.29cm.co.kr/catalog/3262129""}",2026-10-03T01:00:02+00:00_62faa0ae
2026-10-03T10:00:02+09:00,2026-10-03T01:00:03+00:00,commerce_rank,빅핏 스트라이프 저지 럭비 셔츠 (BLUE),29cm:3262129@272103100,rank,30.0,"{""brand_eng"": ""POLO RALPH LAUREN"", ""brand_kor"": ""폴로 랄프 로렌"", ""brand_no"": 6890, ""category1"": ""남성의류"", ""category2"": ""상의"", ""category3"": ""피케/카라 티셔츠"", ""category3_code"": 272103104, ""is_new"": false, ""item_no"": 3262129, ""period_sort"": ""ONE_DAY"", ""platform"": ""29cm"", ""ranking_category_code"": ""272103100"", ""ranking_category_name"": ""남성의류>상의"", ""review_avg"": 5.0, ""sale_percent"": 0, ""sale_price"": 259000, ""sold_out"": false, ""url"": ""https://product.29cm.co.kr/catalog/3262129""}",2026-10-03T01:00:02+00:00_62faa0ae
2026-10-03T10:00:02+09:00,2026-10-03T01:00:03+00:00,commerce_rank,ORBT 974OG 실켓 반팔티셔츠 블랙 SJST1526,29cm:3285513,heart_count,29.0,"{""brand_eng"": ""FP142"", ""brand_kor"": ""페플"", ""brand_no"": 11289, ""category1"": ""남성의류"", ""category2"": ""상의"", ""category3"": ""반소매 티셔츠"", ""category3_code"": 272103101, ""is_new"": false, ""item_no"": 3285513, ""period_sort"": ""ONE_DAY"", ""platform"": ""29cm"", ""ranking_category_code"": ""272103100"", ""ranking_category_name"": ""남성의류>상의"", ""review_avg"": 5.0, ""sale_percent"": 34, ""sale_price"": 19800, ""sold_out"": false, ""url"": ""https://product.29cm.co.kr/catalog/3285513""}",2026-10-03T01:00:02+00:00_62faa0ae
2026-10-03T10:00:02+09:00,2026-10-03T01:00:03+00:00,commerce_rank,ORBT 974OG 실켓 반팔티셔츠 블랙 SJST1526,29cm:3285513,review_count,1.0,"{""brand_eng"": ""FP142"", ""brand_kor"": ""페플"", ""brand_no"": 11289, ""category1"": ""남성의류"", ""category2"": ""상의"", ""category3"": ""반소매 티셔츠"", ""category3_code"": 272103101, ""is_new"": false, ""item_no"": 3285513, ""period_sort"": ""ONE_DAY"", ""platform"": ""29cm"", ""ranking_category_code"": ""272103100"", ""ranking_category_name"": ""남성의류>상의"", ""review_avg"": 5.0, ""sale_percent"": 34, ""sale_price"": 19800, ""sold_out"": false, ""url"": ""https://product.29cm.co.kr/catalog/3285513""}",2026-10-03T01:00:02+00:00_62faa0ae
2026-10-03T10:00:02+09:00,2026-10-03T01:00:03+00:00,commerce_rank,ORBT 974OG 실켓 반팔티셔츠 블랙 SJST1526,29cm:3285513@272103100,rank,90.0,"{""brand_eng"": ""FP142"", ""brand_kor"": ""페플"", ""brand_no"": 11289, ""category1"": ""남성의류"", ""category2"": ""상의"", ""category3"": ""반소매 티셔츠"", ""category3_code"": 272103101, ""is_new"": false, ""item_no"": 3285513, ""period_sort"": ""ONE_DAY"", ""platform"": ""29cm"", ""ranking_category_code"": ""272103100"", ""ranking_category_name"": ""남성의류>상의"", ""review_avg"": 5.0, ""sale_percent"": 34, ""sale_price"": 19800, ""sold_out"": false, ""url"": ""https://product.29cm.co.kr/catalog/3285513""}",2026-10-03T01:00:02+00:00_62faa0ae
2026-10-03T10:00:02+09:00,2026-10-03T01:00:03+00:00,commerce_rank,Tompkins Loopwheeled Tubular Tee 4 Color,29cm:3354267,heart_count,5288.0,"{""brand_eng"": ""BRONSON"", ""brand_kor"": ""브론슨"", ""brand_no"": 89408, ""category1"": ""여성의류"", ""category2"": ""상의"", ""category3"": ""반소매 티셔츠"", ""category3_code"": 268103101, ""is_new"": false, ""item_no"": 3354267, ""period_sort"": ""ONE_DAY"", ""platform"": ""29cm"", ""ranking_category_code"": ""272103100"", ""ranking_category_name"": ""남성의류>상의"", ""review_avg"": 5.0, ""sale_percent"": 10, ""sale_price"": 40500, ""sold_out"": false, ""url"": ""https://product.29cm.co.kr/catalog/3354267""}",2026-10-03T01:00:02+00:00_62faa0ae
2026-10-03T10:00:02+09:00,2026-10-03T01:00:03+00:00,commerce_rank,Tompkins Loopwheeled Tubular Tee 4 Color,29cm:3354267,review_count,852.0,"{""brand_eng"": ""BRONSON"", ""brand_kor"": ""브론슨"", ""brand_no"": 89408, ""category1"": ""여성의류"", ""category2"": ""상의"", ""category3"": ""반소매 티셔츠"", ""category3_code"": 268103101, ""is_new"": false, ""item_no"": 3354267, ""period_sort"": ""ONE_DAY"", ""platform"": ""29cm"", ""ranking_category_code"": ""272103100"", ""ranking_category_name"": ""남성의류>상의"", ""review_avg"": 5.0, ""sale_percent"": 10, ""sale_price"": 40500, ""sold_out"": false, ""url"": ""https://product.29cm.co.kr/catalog/3354267""}",2026-10-03T01:00:02+00:00_62faa0ae
2026-10-03T10:00:02+09:00,2026-10-03T01:00:03+00:00,commerce_rank,Tompkins Loopwheeled Tubular Tee 4 Color,29cm:3354267@272103100,rank,27.0,"{""brand_eng"": ""BRONSON"", ""brand_kor"": ""브론슨"", ""brand_no"": 89408, ""category1"": ""여성의류"", ""category2"": ""상의"", ""category3"": ""반소매 티셔츠"", ""category3_code"": 268103101, ""is_new"": false, ""item_no"": 3354267, ""period_sort"": ""ONE_DAY"", ""platform"": ""29cm"", ""ranking_category_code"": ""272103100"", ""ranking_category_name"": ""남성의류>상의"", ""review_avg"": 5.0, ""sale_percent"": 10, ""sale_price"": 40500, ""sold_out"": false, ""url"": ""https://product.29cm.co.kr/catalog/3354267""}",2026-10-03T01:00:02+00:00_62faa0ae
2026-10-03T10:00:02+09:00,2026-10-03T01:00:03+00:00,commerce_rank,Vintage Long Sleeve Henley Shirt Black,29cm:3354340,heart_count,2303.0,"{""brand_eng"": ""BRONSON"", ""brand_kor"": ""브론슨"", ""brand_no"": 89408, ""category1"": ""여성의류"", ""category2"": ""상의"", ""category3"": ""긴소매 티셔츠"", ""category3_code"": 268103102, ""is_new"": false, ""item_no"": 3354340, ""period_sort"": ""ONE_DAY"", ""platform"": ""29cm"", ""ranking_category_code"": ""272103100"", ""ranking_category_name"": ""남성의류>상의"", ""review_avg"": 5.0, ""sale_percent"": 10, ""sale_price"": 55800, ""sold_out"": false, ""url"": ""https://product.29cm.co.kr/catalog/3354340""}",2026-10-03T01:00:02+00:00_62faa0ae
2026-10-03T10:00:02+09:00,2026-10-03T01:00:03+00:00,commerce_rank,Vintage Long Sleeve Henley Shirt Black,29cm:3354340,review_count,249.0,"{""brand_eng"": ""BRONSON"", ""brand_kor"": ""브론슨"", ""brand_no"": 89408, ""category1"": ""여성의류"", ""category2"": ""상의"", ""category3"": ""긴소매 티셔츠"", ""category3_code"": 268103102, ""is_new"": false, ""item_no"": 3354340, ""period_sort"": ""ONE_DAY"", ""platform"": ""29cm"", ""ranking_category_code"": ""272103100"", ""ranking_category_name"": ""남성의류>상의"", ""review_avg"": 5.0, ""sale_percent"": 10, ""sale_price"": 55800, ""sold_out"": false, ""url"": ""https://product.29cm.co.kr/catalog/3354340""}",2026-10-03T01:00:02+00:00_62faa0ae
2026-10-03T10:00:02+09:00,2026-10-03T01:00:03+00:00,commerce_rank,Vintage Long Sleeve Henley Shirt Black,29cm:3354340@272103100,rank,11.0,"{""brand_eng"": ""BRONSON"", ""brand_kor"": ""브론슨"", ""brand_no"": 89408, ""category1"": ""여성의류"", ""category2"": ""상의"", ""category3"": ""긴소매 티셔츠"", ""category3_code"": 268103102, ""is_new"": false, ""item_no"": 3354340, ""period_sort"": ""ONE_DAY"", ""platform"": ""29cm"", ""ranking_category_code"": ""272103100"", ""ranking_category_name"": ""남성의류>상의"", ""review_avg"": 5.0, ""sale_percent"": 10, ""sale_price"": 55800, ""sold_out"": false, ""url"": ""https://product.29cm.co.kr/catalog/3354340""}",2026-10-03T01:00:02+00:00_62faa0ae
2026-10-03T10:00:02+09:00,2026-10-03T01:00:03+00:00,commerce_rank,Vintage Long Sleeve Henley Shirt Navy,29cm:3354342,heart_count,721.0,"{""brand_eng"": ""BRONSON"", ""brand_kor"": ""브론슨"", ""brand_no"": 89408, ""category1"": ""여성의류"", ""category2"": ""상의"", ""category3"": ""긴소매 티셔츠"", ""category3_code"": 268103102, ""is_new"": false, ""item_no"": 3354342, ""period_sort"": ""ONE_DAY"", ""platform"": ""29cm"", ""ranking_category_code"": ""272103100"", ""ranking_category_name"": ""남성의류>상의"", ""review_avg"": 5.0, ""sale_percent"": 10, ""sale_price"": 55800, ""sold_out"": false, ""url"": ""https://product.29cm.co.kr/catalog/3354342""}",2026-10-03T01:00:02+00:00_62faa0ae
2026-10-03T10:00:02+09:00,2026-10-03T01:00:03+00:00,commerce_rank,Vintage Long Sleeve Henley Shirt Navy,29cm:3354342,review_count,118.0,"{""brand_eng"": ""BRONSON"", ""brand_kor"": ""브론슨"", ""brand_no"": 89408, ""category1"": ""여성의류"", ""category2"": ""상의"", ""category3"": ""긴소매 티셔츠"", ""category3_code"": 268103102, ""is_new"": false, ""item_no"": 3354342, ""period_sort"": ""ONE_DAY"", ""platform"": ""29cm"", ""ranking_category_code"": ""272103100"", ""ranking_category_name"": ""남성의류>상의"", ""review_avg"": 5.0, ""sale_percent"": 10, ""sale_price"": 55800, ""sold_out"": false, ""url"": ""https://product.29cm.co.kr/catalog/3354342""}",2026-10-03T01:00:02+00:00_62faa0ae
2026-10-03T10:00:02+09:00,2026-10-03T01:00:03+00:00,commerce_rank,Vintage Long Sleeve Henley Shirt Navy,29cm:3354342@272103100,rank,49.0,"{""brand_eng"": ""BRONSON"", ""brand_kor"": ""브론슨"", ""brand_no"": 89408, ""category1"": ""여성의류"", ""category2"": ""상의"", ""category3"": ""긴소매 티셔츠"", ""category3_code"": 268103102, ""is_new"": false, ""item_no"": 3354342, ""period_sort"": ""ONE_DAY"", ""platform"": ""29cm"", ""ranking_category_code"": ""272103100"", ""ranking_category_name"": ""남성의류>상의"", ""review_avg"": 5.0, ""sale_percent"": 10, ""sale_price"": 55800, ""sold_out"": false, ""url"": ""https://product.29cm.co.kr/catalog/3354342""}",2026-10-03T01:00:02+00:00_62faa0ae
2026-10-03T10:00:02+09:00,2026-10-03T01:00:03+00:00,commerce_rank,Vintage Long Sleeve Henley Shirt White,29cm:3354346,heart_count,495.0,"{""brand_eng"": ""BRONSON"", ""brand_kor"": ""브론슨"", ""brand_no"": 89408, ""category1"": ""여성의류"", ""category2"": ""상의"", ""category3"": ""긴소매 티셔츠"", ""category3_code"": 268103102, ""is_new"": false, ""item_no"": 3354346, ""period_sort"": ""ONE_DAY"", ""platform"": ""29cm"", ""ranking_category_code"": ""272103100"", ""ranking_category_name"": ""남성의류>상의"", ""review_avg"": 5.0, ""sale_percent"": 10, ""sale_price"": 55800, ""sold_out"": false, ""url"": ""https://product.29cm.co.kr/catalog/3354346""}",2026-10-03T01:00:02+00:00_62faa0ae
2026-10-03T10:00:02+09:00,2026-10-03T01:00:03+00:00,commerce_rank,Vintage Long Sleeve Henley Shirt White,29cm:3354346,review_count,150.0,"{""brand_eng"": ""BRONSON"", ""brand_kor"": ""브론슨"", ""brand_no"": 89408, ""category1"": ""여성의류"", ""category2"": ""상의"", ""category3"": ""긴소매 티셔츠"", ""category3_code"": 268103102, ""is_new"": false, ""item_no"": 3354346, ""period_sort"": ""ONE_DAY"", ""platform"": ""29cm"", ""ranking_category_code"": ""272103100"", ""ranking_category_name"": ""남성의류>상의"", ""review_avg"": 5.0, ""sale_percent"": 10, ""sale_price"": 55800, ""sold_out"": false, ""url"": ""https://product.29cm.co.kr/catalog/3354346""}",2026-10-03T01:00:02+00:00_62faa0ae
2026-10-03T10:00:02+09:00,2026-10-03T01:00:03+00:00,commerce_rank,Vintage Long Sleeve Henley Shirt White,29cm:3354346@272103100,rank,37.0,"{""brand_eng"": ""BRONSON"", ""brand_kor"": ""브론슨"", ""brand_no"": 89408, ""category1"": ""여성의류"", ""category2"": ""상의"", ""category3"": ""긴소매 티셔츠"", ""category3_code"": 268103102, ""is_new"": false, ""item_no"": 3354346, ""period_sort"": ""ONE_DAY"", ""platform"": ""29cm"", ""ranking_category_code"": ""272103100"", ""ranking_category_name"": ""남성의류>상의"", ""review_avg"": 5.0, ""sale_percent"": 10, ""sale_price"": 55800, ""sold_out"": false, ""url"": ""https://product.29cm.co.kr/catalog/3354346""}",2026-10-03T01:00:02+00:00_62faa0ae
2026-10-03T10:00:02+09:00,2026-10-03T01:00:03+00:00,commerce_rank,Breton Stripe Long Sleeve Tee KR ver. A/N,29cm:3354355,heart_count,923.0,"{""brand_eng"": ""BRONSON"", ""brand_kor"": ""브론슨"", ""brand_no"": 89408, ""category1"": ""여성의류"", ""category2"": ""상의"", ""category3"": ""긴소매 티셔츠"", ""category3_code"": 268103102, ""is_new"": false, ""item_no"": 3354355, ""period_sort"": ""ONE_DAY"", ""platform"": ""29cm"", ""ranking_category_code"": ""272103100"", ""ranking_category_name"": ""남성의류>상의"", ""review_avg"": 5.0, ""sale_percent"": 10, ""sale_price"": 46800, ""sold_out"": false, ""url"": ""https://product.29cm.co.kr/catalog/3354355""}",2026-10-03T01:00:02+00:00_62faa0ae
2026-10-03T10:00:02+09:00,2026-10-03T01:00:03+00:00,commerce_rank,Breton Stripe Long Sleeve Tee KR ver. A/N,29cm:3354355,review_count,106.0,"{""brand_eng"": ""BRONSON"", ""brand_kor"": ""브론슨"", ""brand_no"": 89408, ""category1"": ""여성의류"", ""category2"": ""상의"", ""category3"": ""긴소매 티셔츠"", ""category3_code"": 268103102, ""is_new"": false, ""item_no"": 3354355, ""period_sort"": ""ONE_DAY"", ""platform"": ""29cm"", ""ranking_category_code"": ""272103100"", ""ranking_category_name"": ""남성의류>상의"", ""review_avg"": 5.0, ""sale_percent"": 10, ""sale_price"": 46800, ""sold_out"": false, ""url"": ""https://product.29cm.co.kr/catalog/3354355""}",2026-10-03T01:00:02+00:00_62faa0ae
2026-10-03T10:00:02+09:00,2026-10-03T01:00:03+00:00,commerce_rank,Breton Stripe Long Sleeve Tee KR ver. A/N,29cm:3354355@272103100,rank,42.0,"{""brand_eng"": ""BRONSON"", ""brand_kor"": ""브론슨"", ""brand_no"": 89408, ""category1"": ""여성의류"", ""category2"": ""상의"", ""category3"": ""긴소매 티셔츠"", ""category3_code"": 268103102, ""is_new"": false, ""item_no"": 3354355, ""period_sort"": ""ONE_DAY"", ""platform"": ""29cm"", ""ranking_category_code"": ""272103100"", ""ranking_category_name"": ""남성의류>상의"", ""review_avg"": 5.0, ""sale_percent"": 10, ""sale_price"": 46800, ""sold_out"": false, ""url"": ""https://product.29cm.co.kr/catalog/3354355""}",2026-10-03T01:00:02+00:00_62faa0ae
2026-10-03T10:00:02+09:00,2026-10-03T01:00:03+00:00,commerce_rank,9oz USA Cotton Tubular Tee Black,29cm:3355100,heart_count,528.0,"{""brand_eng"": ""BRONSON"", ""brand_kor"": ""브론슨"", ""brand_no"": 89408, ""category1"": ""여성의류"", ""category2"": ""상의"", ""category3"": ""반소매 티셔츠"", ""category3_code"": 268103101, ""is_new"": false, ""item_no"": 3355100, ""period_sort"": ""ONE_DAY"", ""platform"": ""29cm"", ""ranking_category_code"": ""272103100"", ""ranking_category_name"": ""남성의류>상의"", ""review_avg"": 5.0, ""sale_percent"": 28, ""sale_price"": 25200, ""sold_out"": false, ""url"": ""https://product.29cm.co.kr/catalog/3355100""}",2026-10-03T01:00:02+00:00_62faa0ae
2026-10-03T10:00:02+09:00,2026-10-03T01:00:03+00:00,commerce_rank,9oz USA Cotton Tubular Tee Black,29cm:3355100,review_count,106.0,"{""brand_eng"": ""BRONSON"", ""brand_kor"": ""브론슨"", ""brand_no"": 89408, ""category1"": ""여성의류"", ""category2"": ""상의"", ""category3"": ""반소매 티셔츠"", ""category3_code"": 268103101, ""is_new"": false, ""item_no"": 3355100, ""period_sort"": ""ONE_DAY"", ""platform"": ""29cm"", ""ranking_category_code"": ""272103100"", ""ranking_category_name"": ""남성의류>상의"", ""review_avg"": 5.0, ""sale_percent"": 28, ""sale_price"": 25200, ""sold_out"": false, ""url"": ""https://product.29cm.co.kr/catalog/3355100""}",2026-10-03T01:00:02+00:00_62faa0ae
2026-10-03T10:00:02+09:00,2026-10-03T01:00:03+00:00,commerce_rank,9oz USA Cotton Tubular Tee Black,29cm:3355100@272103100,rank,23.0,"{""brand_eng"": ""BRONSON"", ""brand_kor"": ""브론슨"", ""brand_no"": 89408, ""category1"": ""여성의류"", ""category2"": ""상의"", ""category3"": ""반소매 티셔츠"", ""category3_code"": 268103101, ""is_new"": false, ""item_no"": 3355100, ""period_sort"": ""ONE_DAY"", ""platform"": ""29cm"", ""ranking_category_code"": ""272103100"", ""ranking_category_name"": ""남성의류>상의"", ""review_avg"": 5.0, ""sale_percent"": 28, ""sale_price"": 25200, ""sold_out"": false, ""url"": ""https://product.29cm.co.kr/catalog/3355100""}",2026-10-03T01:00:02+00:00_62faa0ae
2026-10-03T10:00:02+09:00,2026-10-03T01:00:03+00:00,commerce_rank,9oz USA Cotton Tubular Tee White,29cm:3355216,heart_count,1284.0,"{""brand_eng"": ""BRONSON"", ""brand_kor"": ""브론슨"", ""brand_no"": 89408, ""category1"": ""여성의류"", ""category2"": ""상의"", ""category3"": ""반소매 티셔츠"", ""category3_code"": 268103101, ""is_new"": false, ""item_no"": 3355216, ""period_sort"": ""ONE_DAY"", ""platform"": ""29cm"", ""ranking_category_code"": ""272103100"", ""ranking_category_name"": ""남성의류>상의"", ""review_avg"": 5.0, ""sale_percent"": 28, ""sale_price"": 25200, ""sold_out"": false, ""url"": ""https://product.29cm.co.kr/catalog/3355216""}",2026-10-03T01:00:02+00:00_62faa0ae
2026-10-03T10:00:02+09:00,2026-10-03T01:00:03+00:00,commerce_rank,9oz USA Cotton Tubular Tee White,29cm:3355216,review_count,222.0,"{""brand_eng"": ""BRONSON"", ""brand_kor"": ""브론슨"", ""brand_no"": 89408, ""category1"": ""여성의류"", ""category2"": ""상의"", ""category3"": ""반소매 티셔츠"", ""category3_code"": 268103101, ""is_new"": false, ""item_no"": 3355216, ""period_sort"": ""ONE_DAY"", ""platform"": ""29cm"", ""ranking_category_code"": ""272103100"", ""ranking_category_name"": ""남성의류>상의"", ""review_avg"": 5.0, ""sale_percent"": 28, ""sale_price"": 25200, ""sold_out"": false, ""url"": ""https://product.29cm.co.kr/catalog/3355216""}",2026-10-03T01:00:02+00:00_62faa0ae
2026-10-03T10:00:02+09:00,2026-10-03T01:00:03+00:00,commerce_rank,9oz USA Cotton Tubular Tee White,29cm:3355216@272103100,rank,2.0,"{""brand_eng"": ""BRONSON"", ""brand_kor"": ""브론슨"", ""brand_no"": 89408, ""category1"": ""여성의류"", ""category2"": ""상의"", ""category3"": ""반소매 티셔츠"", ""category3_code"": 268103101, ""is_new"": false, ""item_no"": 3355216, ""period_sort"": ""ONE_DAY"", ""platform"": ""29cm"", ""ranking_category_code"": ""272103100"", ""ranking_category_name"": ""남성의류>상의"", ""review_avg"": 5.0, ""sale_percent"": 28, ""sale_price"": 25200, ""sold_out"": false, ""url"": ""https://product.29cm.co.kr/catalog/3355216""}",2026-10-03T01:00:02+00:00_62faa0ae
2026-10-03T10:00:02+09:00,2026-10-03T01:00:02+00:00,commerce_rank,[닝닝 착용] 3/4 BUTTON FLY TEE_3 Colors,29cm:3364834,heart_count,22777.0,"{""brand_eng"": ""GLOWNY"", ""brand_kor"": ""글로니"", ""brand_no"": 16723, ""category1"": ""여성의류"", ""category2"": ""단독"", ""category3"": ""상의"", ""category3_code"": 268116101, ""is_new"": false, ""item_no"": 3364834, ""period_sort"": ""ONE_DAY"", ""platform"": ""29cm"", ""ranking_category_code"": ""268103100"", ""ranking_category_name"": ""여성의류>상의"", ""review_avg"": 5.0, ""sale_percent"": 0, ""sale_price"": 50000, ""sold_out"": false, ""url"": ""https://product.29cm.co.kr/catalog/3364834""}",2026-10-03T01:00:02+00:00_62faa0ae
2026-10-03T10:00:02+09:00,2026-10-03T01:00:02+00:00,commerce_rank,[닝닝 착용] 3/4 BUTTON FLY TEE_3 Colors,29cm:3364834,review_count,1008.0,"{""brand_eng"": ""GLOWNY"", ""brand_kor"": ""글로니"", ""brand_no"": 16723, ""category1"": ""여성의류"", ""category2"": ""단독"", ""category3"": ""상의"", ""category3_code"": 268116101, ""is_new"": false, ""item_no"": 3364834, ""period_sort"": ""ONE_DAY"", ""platform"": ""29cm"", ""ranking_category_code"": ""268103100"", ""ranking_category_name"": ""여성의류>상의"", ""review_avg"": 5.0, ""sale_percent"": 0, ""sale_price"": 50000, ""sold_out"": false, ""url"": ""https://product.29cm.co.kr/catalog/3364834""}",2026-10-03T01:00:02+00:00_62faa0ae
2026-10-03T10:00:02+09:00,2026-10-03T01:00:02+00:00,commerce_rank,[닝닝 착용] 3/4 BUTTON FLY TEE_3 Colors,29cm:3364834@268103100,rank,24.0,"{""brand_eng"": ""GLOWNY"", ""brand_kor"": ""글로니"", ""brand_no"": 16723, ""category1"": ""여성의류"", ""category2"": ""단독"", ""category3"": ""상의"", ""category3_code"": 268116101, ""is_new"": false, ""item_no"": 3364834, ""period_sort"": ""ONE_DAY"", ""platform"": ""29cm"", ""ranking_category_code"": ""268103100"", ""ranking_category_name"": ""여성의류>상의"", ""review_avg"": 5.0, ""sale_percent"": 0, ""sale_price"": 50000, ""sold_out"": false, ""url"": ""https://product.29cm.co.kr/catalog/3364834""}",2026-10-03T01:00:02+00:00_62faa0ae
2026-10-03T10:00:02+09:00,2026-10-03T01:00:03+00:00,commerce_rank,Heavyweight Waffle Cotton Underwear Grey,29cm:3388472,heart_count,484.0,"{""brand_eng"": ""BRONSON"", ""brand_kor"": ""브론슨"", ""brand_no"": 89408, ""category1"": ""여성의류"", ""category2"": ""상의"", ""category3"": ""긴소매 티셔츠"", ""category3_code"": 268103102, ""is_new"": false, ""item_no"": 3388472, ""period_sort"": ""ONE_DAY"", ""platform"": ""29cm"", ""ranking_category_code"": ""272103100"", ""ranking_category_name"": ""남성의류>상의"", ""review_avg"": 5.0, ""sale_percent"": 10, ""sale_price"": 48600, ""sold_out"": false, ""url"": ""https://product.29cm.co.kr/catalog/3388472""}",2026-10-03T01:00:02+00:00_62faa0ae
2026-10-03T10:00:02+09:00,2026-10-03T01:00:03+00:00,commerce_rank,Heavyweight Waffle Cotton Underwear Grey,29cm:3388472,review_count,32.0,"{""brand_eng"": ""BRONSON"", ""brand_kor"": ""브론슨"", ""brand_no"": 89408, ""category1"": ""여성의류"", ""category2"": ""상의"", ""category3"": ""긴소매 티셔츠"", ""category3_code"": 268103102, ""is_new"": false, ""item_no"": 3388472, ""period_sort"": ""ONE_DAY"", ""platform"": ""29cm"", ""ranking_category_code"": ""272103100"", ""ranking_category_name"": ""남성의류>상의"", ""review_avg"": 5.0, ""sale_percent"": 10, ""sale_price"": 48600, ""sold_out"": false, ""url"": ""https://product.29cm.co.kr/catalog/3388472""}",2026-10-03T01:00:02+00:00_62faa0ae
2026-10-03T10:00:02+09:00,2026-10-03T01:00:03+00:00,commerce_rank,Heavyweight Waffle Cotton Underwear Grey,29cm:3388472@272103100,rank,15.0,"{""brand_eng"": ""BRONSON"", ""brand_kor"": ""브론슨"", ""brand_no"": 89408, ""category1"": ""여성의류"", ""category2"": ""상의"", ""category3"": ""긴소매 티셔츠"", ""category3_code"": 268103102, ""is_new"": false, ""item_no"": 3388472, ""period_sort"": ""ONE_DAY"", ""platform"": ""29cm"", ""ranking_category_code"": ""272103100"", ""ranking_category_name"": ""남성의류>상의"", ""review_avg"": 5.0, ""sale_percent"": 10, ""sale_price"": 48600, ""sold_out"": false, ""url"": ""https://product.29cm.co.kr/catalog/3388472""}",2026-10-03T01:00:02+00:00_62faa0ae
2026-10-03T10:00:02+09:00,2026-10-03T01:00:02+00:00,commerce_rank,Reversible 3/4 Sleeve Tee_Ivory,29cm:3410565,heart_count,21161.0,"{""brand_eng"": ""108POUND"", ""brand_kor"": ""108파운드"", ""brand_no"": 86198, ""category1"": ""여성의류"", ""category2"": ""상의"", ""category3"": ""긴소매 티셔츠"", ""category3_code"": 268103102, ""is_new"": false, ""item_no"": 3410565, ""period_sort"": ""ONE_DAY"", ""platform"": ""29cm"", ""ranking_category_code"": ""268103100"", ""ranking_category_name"": ""여성의류>상의"", ""review_avg"": 4.5, ""sale_percent"": 23, ""sale_price"": 29840, ""sold_out"": false, ""url"": ""https://product.29cm.co.kr/catalog/3410565""}",2026-10-03T01:00:02+00:00_62faa0ae
2026-10-03T10:00:02+09:00,2026-10-03T01:00:02+00:00,commerce_rank,Reversible 3/4 Sleeve Tee_Ivory,29cm:3410565,review_count,958.0,"{""brand_eng"": ""108POUND"", ""brand_kor"": ""108파운드"", ""brand_no"": 86198, ""category1"": ""여성의류"", ""category2"": ""상의"", ""category3"": ""긴소매 티셔츠"", ""category3_code"": 268103102, ""is_new"": false, ""item_no"": 3410565, ""period_sort"": ""ONE_DAY"", ""platform"": ""29cm"", ""ranking_category_code"": ""268103100"", ""ranking_category_name"": ""여성의류>상의"", ""review_avg"": 4.5, ""sale_percent"": 23, ""sale_price"": 29840, ""sold_out"": false, ""url"": ""https://product.29cm.co.kr/catalog/3410565""}",2026-10-03T01:00:02+00:00_62faa0ae
2026-10-03T10:00:02+09:00,2026-10-03T01:00:02+00:00,commerce_rank,Reversible 3/4 Sleeve Tee_Ivory,29cm:3410565@268103100,rank,16.0,"{""brand_eng"": ""108POUND"", ""brand_kor"": ""108파운드"", ""brand_no"": 86198, ""category1"": ""여성의류"", ""category2"": ""상의"", ""category3"": ""긴소매 티셔츠"", ""category3_code"": 268103102, ""is_new"": false, ""item_no"": 3410565, ""period_sort"": ""ONE_DAY"", ""platform"": ""29cm"", ""ranking_category_code"": ""268103100"", ""ranking_category_name"": ""여성의류>상의"", ""review_avg"": 4.5, ""sale_percent"": 23, ""sale_price"": 29840, ""sold_out"": false, ""url"": ""https://product.29cm.co.kr/catalog/3410565""}",2026-10-03T01:00:02+00:00_62faa0ae
2026-10-03T10:00:02+09:00,2026-10-03T01:00:03+00:00,commerce_rank,FLIGHT ZIP UP SWEAT / BLEACHED BLACK,29cm:3414379,heart_count,41.0,"{""brand_eng"": ""EASTLOGUE"", ""brand_kor"": ""이스트로그"", ""brand_no"": 12556, ""category1"": ""남성의류"", ""category2"": ""상의"", ""category3"": ""집업"", ""category3_code"": 272103109, ""is_new"": false, ""item_no"": 3414379, ""period_sort"": ""ONE_DAY"", ""platform"": ""29cm"", ""ranking_category_code"": ""272103100"", ""ranking_category_name"": ""남성의류>상의"", ""review_avg"": 0.0, ""sale_percent"": 20, ""sale_price"": 214400, ""sold_out"": true, ""url"": ""https://product.29cm.co.kr/catalog/3414379""}",2026-10-03T01:00:02+00:00_62faa0ae
2026-10-03T10:00:02+09:00,2026-10-03T01:00:03+00:00,commerce_rank,FLIGHT ZIP UP SWEAT / BLEACHED BLACK,29cm:3414379,review_count,0.0,"{""brand_eng"": ""EASTLOGUE"", ""brand_kor"": ""이스트로그"", ""brand_no"": 12556, ""category1"": ""남성의류"", ""category2"": ""상의"", ""category3"": ""집업"", ""category3_code"": 272103109, ""is_new"": false, ""item_no"": 3414379, ""period_sort"": ""ONE_DAY"", ""platform"": ""29cm"", ""ranking_category_code"": ""272103100"", ""ranking_category_name"": ""남성의류>상의"", ""review_avg"": 0.0, ""sale_percent"": 20, ""sale_price"": 214400, ""sold_out"": true, ""url"": ""https://product.29cm.co.kr/catalog/3414379""}",2026-10-03T01:00:02+00:00_62faa0ae
2026-10-03T10:00:02+09:00,2026-10-03T01:00:03+00:00,commerce_rank,FLIGHT ZIP UP SWEAT / BLEACHED BLACK,29cm:3414379@272103100,rank,91.0,"{""brand_eng"": ""EASTLOGUE"", ""brand_kor"": ""이스트로그"", ""brand_no"": 12556, ""category1"": ""남성의류"", ""category2"": ""상의"", ""category3"": ""집업"", ""category3_code"": 272103109, ""is_new"": false, ""item_no"": 3414379, ""period_sort"": ""ONE_DAY"", ""platform"": ""29cm"", ""ranking_category_code"": ""272103100"", ""ranking_category_name"": ""남성의류>상의"", ""review_avg"": 0.0, ""sale_percent"": 20, ""sale_price"": 214400, ""sold_out"": true, ""url"": ""https://product.29cm.co.kr/catalog/3414379""}",2026-10-03T01:00:02+00:00_62faa0ae
2026-10-03T10:00:02+09:00,2026-10-03T01:00:02+00:00,commerce_rank,Henley Neck Stripe Long Sleeve Black,29cm:3429540,heart_count,8599.0,"{""brand_eng"": ""partimento"", ""brand_kor"": ""파르티멘토"", ""brand_no"": 1588, ""category1"": ""여성의류"", ""category2"": ""상의"", ""category3"": ""긴소매 티셔츠"", ""category3_code"": 268103102, ""is_new"": false, ""item_no"": 3429540, ""period_sort"": ""ONE_DAY"", ""platform"": ""29cm"", ""ranking_category_code"": ""268103100"", ""ranking_category_name"": ""여성의류>상의"", ""review_avg"": 5.0, ""sale_percent"": 33, ""sale_price"": 32850, ""sold_out"": false, ""url"": ""https://product.29cm.co.kr/catalog/3429540""}",2026-10-03T01:00:02+00:00_62faa0ae
2026-10-03T10:00:02+09:00,2026-10-03T01:00:02+00:00,commerce_rank,Henley Neck Stripe Long Sleeve Black,29cm:3429540,review_count,433.0,"{""brand_eng"": ""partimento"", ""brand_kor"": ""파르티멘토"", ""brand_no"": 1588, ""category1"": ""여성의류"", ""category2"": ""상의"", ""category3"": ""긴소매 티셔츠"", ""category3_code"": 268103102, ""is_new"": false, ""item_no"": 3429540, ""period_sort"": ""ONE_DAY"", ""platform"": ""29cm"", ""ranking_category_code"": ""268103100"", ""ranking_category_name"": ""여성의류>상의"", ""review_avg"": 5.0, ""sale_percent"": 33, ""sale_price"": 32850, ""sold_out"": false, ""url"": ""https://product.29cm.co.kr/catalog/3429540""}",2026-10-03T01:00:02+00:00_62faa0ae
2026-10-03T10:00:02+09:00,2026-10-03T01:00:02+00:00,commerce_rank,Henley Neck Stripe Long Sleeve Black,29cm:3429540@268103100,rank,2.0,"{""brand_eng"": ""partimento"", ""brand_kor"": ""파르티멘토"", ""brand_no"": 1588, ""category1"": ""여성의류"", ""category2"": ""상의"", ""category3"": ""긴소매 티셔츠"", ""category3_code"": 268103102, ""is_new"": false, ""item_no"": 3429540, ""period_sort"": ""ONE_DAY"", ""platform"": ""29cm"", ""ranking_category_code"": ""268103100"", ""ranking_category_name"": ""여성의류>상의"", ""review_avg"": 5.0, ""sale_percent"": 33, ""sale_price"": 32850, ""sold_out"": false, ""url"": ""https://product.29cm.co.kr/catalog/3429540""}",2026-10-03T01:00:02+00:00_62faa0ae
2026-10-03T10:00:02+09:00,2026-10-03T01:00:02+00:00,commerce_rank,Circle Star Layered Long Sleeve Black,29cm:3429552,heart_count,7176.0,"{""brand_eng"": ""partimento"", ""brand_kor"": ""파르티멘토"", ""brand_no"": 1588, ""category1"": ""여성의류"", ""category2"": ""상의"", ""category3"": ""긴소매 티셔츠"", ""category3_code"": 268103102, ""is_new"": false, ""item_no"": 3429552, ""period_sort"": ""ONE_DAY"", ""platform"": ""29cm"", ""ranking_category_code"": ""268103100"", ""ranking_category_name"": ""여성의류>상의"", ""review_avg"": 5.0, ""sale_percent"": 33, ""sale_price"": 32850, ""sold_out"": false, ""url"": ""https://product.29cm.co.kr/catalog/3429552""}",2026-10-03T01:00:02+00:00_62faa0ae
2026-10-03T10:00:02+09:00,2026-10-03T01:00:02+00:00,commerce_rank,Circle Star Layered Long Sleeve Black,29cm:3429552,review_count,490.0,"{""brand_eng"": ""partimento"", ""brand_kor"": ""파르티멘토"", ""brand_no"": 1588, ""category1"": ""여성의류"", ""category2"": ""상의"", ""category3"": ""긴소매 티셔츠"", ""category3_code"": 268103102, ""is_new"": false, ""item_no"": 3429552, ""period_sort"": ""ONE_DAY"", ""platform"": ""29cm"", ""ranking_category_code"": ""268103100"", ""ranking_category_name"": ""여성의류>상의"", ""review_avg"": 5.0, ""sale_percent"": 33, ""sale_price"": 32850, ""sold_out"": false, ""url"": ""https://product.29cm.co.kr/catalog/3429552""}",2026-10-03T01:00:02+00:00_62faa0ae
2026-10-03T10:00:02+09:00,2026-10-03T01:00:02+00:00,commerce_rank,Circle Star Layered Long Sleeve Black,29cm:3429552@268103100,rank,61.0,"{""brand_eng"": ""partimento"", ""brand_kor"": ""파르티멘토"", ""brand_no"": 1588, ""category1"": ""여성의류"", ""category2"": ""상의"", ""category3"": ""긴소매 티셔츠"", ""category3_code"": 268103102, ""is_new"": false, ""item_no"": 3429552, ""period_sort"": ""ONE_DAY"", ""platform"": ""29cm"", ""ranking_category_code"": ""268103100"", ""ranking_category_name"": ""여성의류>상의"", ""review_avg"": 5.0, ""sale_percent"": 33, ""sale_price"": 32850, ""sold_out"": false, ""url"": ""https://product.29cm.co.kr/catalog/3429552""}",2026-10-03T01:00:02+00:00_62faa0ae
2026-10-03T10:00:02+09:00,2026-10-03T01:00:02+00:00,commerce_rank,[2 PACK-컬러추가]Essential Golgi Tee-11 colors,29cm:3442256,heart_count,51034.0,"{""brand_eng"": ""BITTERCELLS"", ""brand_kor"": ""비터셀즈"", ""brand_no"": 15063, ""category1"": ""여성의류"", ""category2"": ""상의"", ""category3"": ""긴소매 티셔츠"", ""category3_code"": 268103102, ""is_new"": false, ""item_no"": 3442256, ""period_sort"": ""ONE_DAY"", ""platform"": ""29cm"", ""ranking_category_code"": ""268103100"", ""ranking_category_name"": ""여성의류>상의"", ""review_avg"": 5.0, ""sale_percent"": 19, ""sale_price"": 63180, ""sold_out"": false, ""url"": ""https://product.29cm.co.kr/catalog/3442256""}",2026-10-03T01:00:02+00:00_62faa0ae
2026-10-03T10:00:02+09:00,2026-10-03T01:00:02+00:00,commerce_rank,[2 PACK-컬러추가]Essential Golgi Tee-11 colors,29cm:3442256,review_count,2794.0,"{""brand_eng"": ""BITTERCELLS"", ""brand_kor"": ""비터셀즈"", ""brand_no"": 15063, ""category1"": ""여성의류"", ""category2"": ""상의"", ""category3"": ""긴소매 티셔츠"", ""category3_code"": 268103102, ""is_new"": false, ""item_no"": 3442256, ""period_sort"": ""ONE_DAY"", ""platform"": ""29cm"", ""ranking_category_code"": ""268103100"", ""ranking_category_name"": ""여성의류>상의"", ""review_avg"": 5.0, ""sale_percent"": 19, ""sale_price"": 63180, ""sold_out"": false, ""url"": ""https://product.29cm.co.kr/catalog/3442256""}",2026-10-03T01:00:02+00:00_62faa0ae
2026-10-03T10:00:02+09:00,2026-10-03T01:00:02+00:00,commerce_rank,[2 PACK-컬러추가]Essential Golgi Tee-11 colors,29cm:3442256@268103100,rank,18.0,"{""brand_eng"": ""BITTERCELLS"", ""brand_kor"": ""비터셀즈"", ""brand_no"": 15063, ""category1"": ""여성의류"", ""category2"": ""상의"", ""category3"": ""긴소매 티셔츠"", ""category3_code"": 268103102, ""is_new"": false, ""item_no"": 3442256, ""period_sort"": ""ONE_DAY"", ""platform"": ""29cm"", ""ranking_category_code"": ""268103100"", ""ranking_category_name"": ""여성의류>상의"", ""review_avg"": 5.0, ""sale_percent"": 19, ""sale_price"": 63180, ""sold_out"": false, ""url"": ""https://product.29cm.co.kr/catalog/3442256""}",2026-10-03T01:00:02+00:00_62faa0ae
2026-10-03T10:00:02+09:00,2026-10-03T01:00:02+00:00,commerce_rank,Oversized Essential Shirt-Ivory,29cm:3442316,heart_count,24099.0,"{""brand_eng"": ""BITTERCELLS"", ""brand_kor"": ""비터셀즈"", ""brand_no"": 15063, ""category1"": ""여성의류"", ""category2"": ""상의"", ""category3"": ""셔츠"", ""category3_code"": 268103106, ""is_new"": false, ""item_no"": 3442316, ""period_sort"": ""ONE_DAY"", ""platform"": ""29cm"", ""ranking_category_code"": ""268103100"", ""ranking_category_name"": ""여성의류>상의"", ""review_avg"": 5.0, ""sale_percent"": 10, ""sale_price"": 53100, ""sold_out"": false, ""url"": ""https://product.29cm.co.kr/catalog/3442316""}",2026-10-03T01:00:02+00:00_62faa0ae
2026-10-03T10:00:02+09:00,2026-10-03T01:00:02+00:00,commerce_rank,Oversized Essential Shirt-Ivory,29cm:3442316,review_count,681.0,"{""brand_eng"": ""BITTERCELLS"", ""brand_kor"": ""비터셀즈"", ""brand_no"": 15063, ""category1"": ""여성의류"", ""category2"": ""상의"", ""category3"": ""셔츠"", ""category3_code"": 268103106, ""is_new"": false, ""item_no"": 3442316, ""period_sort"": ""ONE_DAY"", ""platform"": ""29cm"", ""ranking_category_code"": ""268103100"", ""ranking_category_name"": ""여성의류>상의"", ""review_avg"": 5.0, ""sale_percent"": 10, ""sale_price"": 53100, ""sold_out"": false, ""url"": ""https://product.29cm.co.kr/catalog/3442316""}",2026-10-03T01:00:02+00:00_62faa0ae
2026-10-03T10:00:02+09:00,2026-10-03T01:00:02+00:00,commerce_rank,Oversized Essential Shirt-Ivory,29cm:3442316@268103100,rank,62.0,"{""brand_eng"": ""BITTERCELLS"", ""brand_kor"": ""비터셀즈"", ""brand_no"": 15063, ""category1"": ""여성의류"", ""category2"": ""상의"", ""category3"": ""셔츠"", ""category3_code"": 268103106, ""is_new"": false, ""item_no"": 3442316, ""period_sort"": ""ONE_DAY"", ""platform"": ""29cm"", ""ranking_category_code"": ""268103100"", ""ranking_category_name"": ""여성의류>상의"", ""review_avg"": 5.0, ""sale_percent"": 10, ""sale_price"": 53100, ""sold_out"": false, ""url"": ""https://product.29cm.co.kr/catalog/3442316""}",2026-10-03T01:00:02+00:00_62faa0ae
2026-10-03T10:00:02+09:00,2026-10-03T01:00:03+00:00,commerce_rank,Ordinary Multi Stripe T (Mild brown),29cm:3448050,heart_count,172.0,"{""brand_eng"": ""ANOTHER OFFICE"", ""brand_kor"": ""어나더오피스"", ""brand_no"": 1708, ""category1"": ""남성의류"", ""category2"": ""상의"", ""category3"": ""긴소매 티셔츠"", ""category3_code"": 272103102, ""is_new"": false, ""item_no"": 3448050, ""period_sort"": ""ONE_DAY"", ""platform"": ""29cm"", ""ranking_category_code"": ""272103100"", ""ranking_category_name"": ""남성의류>상의"", ""review_avg"": 5.0, ""sale_percent"": 0, ""sale_price"": 98000, ""sold_out"": false, ""url"": ""https://product.29cm.co.kr/catalog/3448050""}",2026-10-03T01:00:02+00:00_62faa0ae
2026-10-03T10:00:02+09:00,2026-10-03T01:00:03+00:00,commerce_rank,Ordinary Multi Stripe T (Mild brown),29cm:3448050,review_count,9.0,"{""brand_eng"": ""ANOTHER OFFICE"", ""brand_kor"": ""어나더오피스"", ""brand_no"": 1708, ""category1"": ""남성의류"", ""category2"": ""상의"", ""category3"": ""긴소매 티셔츠"", ""category3_code"": 272103102, ""is_new"": false, ""item_no"": 3448050, ""period_sort"": ""ONE_DAY"", ""platform"": ""29cm"", ""ranking_category_code"": ""272103100"", ""ranking_category_name"": ""남성의류>상의"", ""review_avg"": 5.0, ""sale_percent"": 0, ""sale_price"": 98000, ""sold_out"": false, ""url"": ""https://product.29cm.co.kr/catalog/3448050""}",2026-10-03T01:00:02+00:00_62faa0ae
2026-10-03T10:00:02+09:00,2026-10-03T01:00:03+00:00,commerce_rank,Ordinary Multi Stripe T (Mild brown),29cm:3448050@272103100,rank,99.0,"{""brand_eng"": ""ANOTHER OFFICE"", ""brand_kor"": ""어나더오피스"", ""brand_no"": 1708, ""category1"": ""남성의류"", ""category2"": ""상의"", ""category3"": ""긴소매 티셔츠"", ""category3_code"": 272103102, ""is_new"": false, ""item_no"": 3448050, ""period_sort"": ""ONE_DAY"", ""platform"": ""29cm"", ""ranking_category_code"": ""272103100"", ""ranking_category_name"": ""남성의류>상의"", ""review_avg"": 5.0, ""sale_percent"": 0, ""sale_price"": 98000, ""sold_out"": false, ""url"": ""https://product.29cm.co.kr/catalog/3448050""}",2026-10-03T01:00:02+00:00_62faa0ae
2026-10-03T10:00:02+09:00,2026-10-03T01:00:02+00:00,commerce_rank,[8COLORS] 라인드 와플 롱 슬리브,29cm:3450583,heart_count,4251.0,"{""brand_eng"": ""MADDEN"", ""brand_kor"": ""매든"", ""brand_no"": 28008, ""category1"": ""여성의류"", ""category2"": ""상의"", ""category3"": ""긴소매 티셔츠"", ""category3_code"": 268103102, ""is_new"": false, ""item_no"": 3450583, ""period_sort"": ""ONE_DAY"", ""platform"": ""29cm"", ""ranking_category_code"": ""268103100"", ""ranking_category_name"": ""여성의류>상의"", ""review_avg"": 5.0, ""sale_percent"": 20, ""sale_price"": 47980, ""sold_out"": false, ""url"": ""https://product.29cm.co.kr/catalog/3450583""}",2026-10-03T01:00:02+00:00_62faa0ae
2026-10-03T10:00:02+09:00,2026-10-03T01:00:02+00:00,commerce_rank,[8COLORS] 라인드 와플 롱 슬리브,29cm:3450583,review_count,221.0,"{""brand_eng"": ""MADDEN"", ""brand_kor"": ""매든"", ""brand_no"": 28008, ""category1"": ""여성의류"", ""category2"": ""상의"", ""category3"": ""긴소매 티셔츠"", ""category3_code"": 268103102, ""is_new"": false, ""item_no"": 3450583, ""period_sort"": ""ONE_DAY"", ""platform"": ""29cm"", ""ranking_category_code"": ""268103100"", ""ranking_category_name"": ""여성의류>상의"", ""review_avg"": 5.0, ""sale_percent"": 20, ""sale_price"": 47980, ""sold_out"": false, ""url"": ""https://product.29cm.co.kr/catalog/3450583""}",2026-10-03T01:00:02+00:00_62faa0ae
2026-10-03T10:00:02+09:00,2026-10-03T01:00:02+00:00,commerce_rank,[8COLORS] 라인드 와플 롱 슬리브,29cm:3450583@268103100,rank,12.0,"{""brand_eng"": ""MADDEN"", ""brand_kor"": ""매든"", ""brand_no"": 28008, ""category1"": ""여성의류"", ""category2"": ""상의"", ""category3"": ""긴소매 티셔츠"", ""category3_code"": 268103102, ""is_new"": false, ""item_no"": 3450583, ""period_sort"": ""ONE_DAY"", ""platform"": ""29cm"", ""ranking_category_code"": ""268103100"", ""ranking_category_name"": ""여성의류>상의"", ""review_avg"": 5.0, ""sale_percent"": 20, ""sale_price"": 47980, ""sold_out"": false, ""url"": ""https://product.29cm.co.kr/catalog/3450583""}",2026-10-03T01:00:02+00:00_62faa0ae
2026-10-03T10:00:02+09:00,2026-10-03T01:00:02+00:00,commerce_rank,[6th] Nov raglan t-shirt (melange gray),29cm:3460541,heart_count,3050.0,"{""brand_eng"": ""THE MITTEN"", ""brand_kor"": ""더미튼"", ""brand_no"": 25573, ""category1"": ""여성의류"", ""category2"": ""상의"", ""category3"": ""긴소매 티셔츠"", ""category3_code"": 268103102, ""is_new"": false, ""item_no"": 3460541, ""period_sort"": ""ONE_DAY"", ""platform"": ""29cm"", ""ranking_category_code"": ""268103100"", ""ranking_category_name"": ""여성의류>상의"", ""review_avg"": 5.0, ""sale_percent"": 24, ""sale_price"": 64310, ""sold_out"": false, ""url"": ""https://product.29cm.co.kr/catalog/3460541""}",2026-10-03T01:00:02+00:00_62faa0ae
2026-10-03T10:00:02+09:00,2026-10-03T01:00:02+00:00,commerce_rank,[6th] Nov raglan t-shirt (melange gray),29cm:3460541,review_count,80.0,"{""brand_eng"": ""THE MITTEN"", ""brand_kor"": ""더미튼"", ""brand_no"": 25573, ""category1"": ""여성의류"", ""category2"": ""상의"", ""category3"": ""긴소매 티셔츠"", ""category3_code"": 268103102, ""is_new"": false, ""item_no"": 3460541, ""period_sort"": ""ONE_DAY"", ""platform"": ""29cm"", ""ranking_category_code"": ""268103100"", ""ranking_category_name"": ""여성의류>상의"", ""review_avg"": 5.0, ""sale_percent"": 24, ""sale_price"": 64310, ""sold_out"": false, ""url"": ""https://product.29cm.co.kr/catalog/3460541""}",2026-10-03T01:00:02+00:00_62faa0ae
2026-10-03T10:00:02+09:00,2026-10-03T01:00:02+00:00,commerce_rank,[6th] Nov raglan t-shirt (melange gray),29cm:3460541@268103100,rank,74.0,"{""brand_eng"": ""THE MITTEN"", ""brand_kor"": ""더미튼"", ""brand_no"": 25573, ""category1"": ""여성의류"", ""category2"": ""상의"", ""category3"": ""긴소매 티셔츠"", ""category3_code"": 268103102, ""is_new"": false, ""item_no"": 3460541, ""period_sort"": ""ONE_DAY"", ""platform"": ""29cm"", ""ranking_category_code"": ""268103100"", ""ranking_category_name"": ""여성의류>상의"", ""review_avg"": 5.0, ""sale_percent"": 24, ""sale_price"": 64310, ""sold_out"": false, ""url"": ""https://product.29cm.co.kr/catalog/3460541""}",2026-10-03T01:00:02+00:00_62faa0ae
2026-10-03T10:00:02+09:00,2026-10-03T01:00:02+00:00,commerce_rank,"[26th][오제,소진pick]Molly hoodie t-shirt (melange gray)",29cm:3460559,heart_count,10626.0,"{""brand_eng"": ""THE MITTEN"", ""brand_kor"": ""더미튼"", ""brand_no"": 25573, ""category1"": ""여성의류"", ""category2"": ""상의"", ""category3"": ""후디"", ""category3_code"": 268103105, ""is_new"": false, ""item_no"": 3460559, ""period_sort"": ""ONE_DAY"", ""platform"": ""29cm"", ""ranking_category_code"": ""268103100"", ""ranking_category_name"": ""여성의류>상의"", ""review_avg"": 5.0, ""sale_percent"": 24, ""sale_price"": 67330, ""sold_out"": false, ""url"": ""https://product.29cm.co.kr/catalog/3460559""}",2026-10-03T01:00:02+00:00_62faa0ae
2026-10-03T10:00:02+09:00,2026-10-03T01:00:02+00:00,commerce_rank,"[26th][오제,소진pick]Molly hoodie t-shirt (melange gray)",29cm:3460559,review_count,382.0,"{""brand_eng"": ""THE MITTEN"", ""brand_kor"": ""더미튼"", ""brand_no"": 25573, ""category1"": ""여성의류"", ""category2"": ""상의"", ""category3"": ""후디"", ""category3_code"": 268103105, ""is_new"": false, ""item_no"": 3460559, ""period_sort"": ""ONE_DAY"", ""platform"": ""29cm"", ""ranking_category_code"": ""268103100"", ""ranking_category_name"": ""여성의류>상의"", ""review_avg"": 5.0, ""sale_percent"": 24, ""sale_price"": 67330, ""sold_out"": false, ""url"": ""https://product.29cm.co.kr/catalog/3460559""}",2026-10-03T01:00:02+00:00_62faa0ae
2026-10-03T10:00:02+09:00,2026-10-03T01:00:02+00:00,commerce_rank,"[26th][오제,소진pick]Molly hoodie t-shirt (melange gray)",29cm:3460559@268103100,rank,78.0,"{""brand_eng"": ""THE MITTEN"", ""brand_kor"": ""더미튼"", ""brand_no"": 25573, ""category1"": ""여성의류"", ""category2"": ""상의"", ""category3"": ""후디"", ""category3_code"": 268103105, ""is_new"": false, ""item_no"": 3460559, ""period_sort"": ""ONE_DAY"", ""platform"": ""29cm"", ""ranking_category_code"": ""268103100"", ""ranking_category_name"": ""여성의류>상의"", ""review_avg"": 5.0, ""sale_percent"": 24, ""sale_price"": 67330, ""sold_out"": false, ""url"": ""https://product.29cm.co.kr/catalog/3460559""}",2026-10-03T01:00:02+00:00_62faa0ae
2026-10-03T10:00:02+09:00,2026-10-03T01:00:02+00:00,commerce_rank,[3차] Lang Stripe Overfit T-shirt_Grey,29cm:3462452,heart_count,14868.0,"{""brand_eng"": ""THE BARNNET"", ""brand_kor"": ""더바넷"", ""brand_no"": 76630, ""category1"": ""여성의류"", ""category2"": ""상의"", ""category3"": ""긴소매 티셔츠"", ""category3_code"": 268103102, ""is_new"": false, ""item_no"": 3462452, ""period_sort"": ""ONE_DAY"", ""platform"": ""29cm"", ""ranking_category_code"": ""268103100"", ""ranking_category_name"": ""여성의류>상의"", ""review_avg"": 5.0, ""sale_percent"": 0, ""sale_price"": 98000, ""sold_out"": false, ""url"": ""https://product.29cm.co.kr/catalog/3462452""}",2026-10-03T01:00:02+00:00_62faa0ae
2026-10-03T10:00:02+09:00,2026-10-03T01:00:02+00:00,commerce_rank,[3차] Lang Stripe Overfit T-shirt_Grey,29cm:3462452,review_count,679.0,"{""brand_eng"": ""THE BARNNET"", ""brand_kor"": ""더바넷"", ""brand_no"": 76630, ""category1"": ""여성의류"", ""category2"": ""상의"", ""category3"": ""긴소매 티셔츠"", ""category3_code"": 268103102, ""is_new"": false, ""item_no"": 3462452, ""period_sort"": ""ONE_DAY"", ""platform"": ""29cm"", ""ranking_category_code"": ""268103100"", ""ranking_category_name"": ""여성의류>상의"", ""review_avg"": 5.0, ""sale_percent"": 0, ""sale_price"": 98000, ""sold_out"": false, ""url"": ""https://product.29cm.co.kr/catalog/3462452""}",2026-10-03T01:00:02+00:00_62faa0ae
2026-10-03T10:00:02+09:00,2026-10-03T01:00:02+00:00,commerce_rank,[3차] Lang Stripe Overfit T-shirt_Grey,29cm:3462452@268103100,rank,87.0,"{""brand_eng"": ""THE BARNNET"", ""brand_kor"": ""더바넷"", ""brand_no"": 76630, ""category1"": ""여성의류"", ""category2"": ""상의"", ""category3"": ""긴소매 티셔츠"", ""category3_code"": 268103102, ""is_new"": false, ""item_no"": 3462452, ""period_sort"": ""ONE_DAY"", ""platform"": ""29cm"", ""ranking_category_code"": ""268103100"", ""ranking_category_name"": ""여성의류>상의"", ""review_avg"": 5.0, ""sale_percent"": 0, ""sale_price"": 98000, ""sold_out"": false, ""url"": ""https://product.29cm.co.kr/catalog/3462452""}",2026-10-03T01:00:02+00:00_62faa0ae
2026-10-03T10:00:02+09:00,2026-10-03T01:00:03+00:00,commerce_rank,(uni)아이러브홈 패치워크 스탠다드핏 티셔츠,29cm:3508461,heart_count,13921.0,"{""brand_eng"": ""OGGITT"", ""brand_kor"": ""오끼뜨"", ""brand_no"": 16082, ""category1"": ""남성의류"", ""category2"": ""상의"", ""category3"": ""반소매 티셔츠"", ""category3_code"": 272103101, ""is_new"": false, ""item_no"": 3508461, ""period_sort"": ""ONE_DAY"", ""platform"": ""29cm"", ""ranking_category_code"": ""272103100"", ""ranking_category_name"": ""남성의류>상의"", ""review_avg"": 5.0, ""sale_percent"": 15, ""sale_price"": 30780, ""sold_out"": false, ""url"": ""https://product.29cm.co.kr/catalog/3508461""}",2026-10-03T01:00:02+00:00_62faa0ae
2026-10-03T10:00:02+09:00,2026-10-03T01:00:03+00:00,commerce_rank,(uni)아이러브홈 패치워크 스탠다드핏 티셔츠,29cm:3508461,review_count,958.0,"{""brand_eng"": ""OGGITT"", ""brand_kor"": ""오끼뜨"", ""brand_no"": 16082, ""category1"": ""남성의류"", ""category2"": ""상의"", ""category3"": ""반소매 티셔츠"", ""category3_code"": 272103101, ""is_new"": false, ""item_no"": 3508461, ""period_sort"": ""ONE_DAY"", ""platform"": ""29cm"", ""ranking_category_code"": ""272103100"", ""ranking_category_name"": ""남성의류>상의"", ""review_avg"": 5.0, ""sale_percent"": 15, ""sale_price"": 30780, ""sold_out"": false, ""url"": ""https://product.29cm.co.kr/catalog/3508461""}",2026-10-03T01:00:02+00:00_62faa0ae
2026-10-03T10:00:02+09:00,2026-10-03T01:00:03+00:00,commerce_rank,(uni)아이러브홈 패치워크 스탠다드핏 티셔츠,29cm:3508461@272103100,rank,88.0,"{""brand_eng"": ""OGGITT"", ""brand_kor"": ""오끼뜨"", ""brand_no"": 16082, ""category1"": ""남성의류"", ""category2"": ""상의"", ""category3"": ""반소매 티셔츠"", ""category3_code"": 272103101, ""is_new"": false, ""item_no"": 3508461, ""period_sort"": ""ONE_DAY"", ""platform"": ""29cm"", ""ranking_category_code"": ""272103100"", ""ranking_category_name"": ""남성의류>상의"", ""review_avg"": 5.0, ""sale_percent"": 15, ""sale_price"": 30780, ""sold_out"": false, ""url"": ""https://product.29cm.co.kr/catalog/3508461""}",2026-10-03T01:00:02+00:00_62faa0ae
2026-10-03T10:00:02+09:00,2026-10-03T01:00:02+00:00,commerce_rank,Folder L/S Tee (4 Colors),29cm:3522545,heart_count,8020.0,"{""brand_eng"": ""TEKET"", ""brand_kor"": ""테켓"", ""brand_no"": 34509, ""category1"": ""여성의류"", ""category2"": ""상의"", ""category3"": ""긴소매 티셔츠"", ""category3_code"": 268103102, ""is_new"": false, ""item_no"": 3522545, ""period_sort"": ""ONE_DAY"", ""platform"": ""29cm"", ""ranking_category_code"": ""268103100"", ""ranking_category_name"": ""여성의류>상의"", ""review_avg"": 5.0, ""sale_percent"": 0, ""sale_price"": 65000, ""sold_out"": false, ""url"": ""https://product.29cm.co.kr/catalog/3522545""}",2026-10-03T01:00:02+00:00_62faa0ae
2026-10-03T10:00:02+09:00,2026-10-03T01:00:02+00:00,commerce_rank,Folder L/S Tee (4 Colors),29cm:3522545,review_count,599.0,"{""brand_eng"": ""TEKET"", ""brand_kor"": ""테켓"", ""brand_no"": 34509, ""category1"": ""여성의류"", ""category2"": ""상의"", ""category3"": ""긴소매 티셔츠"", ""category3_code"": 268103102, ""is_new"": false, ""item_no"": 3522545, ""period_sort"": ""ONE_DAY"", ""platform"": ""29cm"", ""ranking_category_code"": ""268103100"", ""ranking_category_name"": ""여성의류>상의"", ""review_avg"": 5.0, ""sale_percent"": 0, ""sale_price"": 65000, ""sold_out"": false, ""url"": ""https://product.29cm.co.kr/catalog/3522545""}",2026-10-03T01:00:02+00:00_62faa0ae
2026-10-03T10:00:02+09:00,2026-10-03T01:00:02+00:00,commerce_rank,Folder L/S Tee (4 Colors),29cm:3522545@268103100,rank,43.0,"{""brand_eng"": ""TEKET"", ""brand_kor"": ""테켓"", ""brand_no"": 34509, ""category1"": ""여성의류"", ""category2"": ""상의"", ""category3"": ""긴소매 티셔츠"", ""category3_code"": 268103102, ""is_new"": false, ""item_no"": 3522545, ""period_sort"": ""ONE_DAY"", ""platform"": ""29cm"", ""ranking_category_code"": ""268103100"", ""ranking_category_name"": ""여성의류>상의"", ""review_avg"": 5.0, ""sale_percent"": 0, ""sale_price"": 65000, ""sold_out"": false, ""url"": ""https://product.29cm.co.kr/catalog/3522545""}",2026-10-03T01:00:02+00:00_62faa0ae
2026-10-03T10:00:02+09:00,2026-10-03T01:00:02+00:00,commerce_rank,Raye Pocket Shirt_Navy,29cm:3523834,heart_count,10509.0,"{""brand_eng"": ""THE BARNNET"", ""brand_kor"": ""더바넷"", ""brand_no"": 76630, ""category1"": ""여성의류"", ""category2"": ""상의"", ""category3"": ""셔츠"", ""category3_code"": 268103106, ""is_new"": false, ""item_no"": 3523834, ""period_sort"": ""ONE_DAY"", ""platform"": ""29cm"", ""ranking_category_code"": ""268103100"", ""ranking_category_name"": ""여성의류>상의"", ""review_avg"": 5.0, ""sale_percent"": 33, ""sale_price"": 92480, ""sold_out"": false, ""url"": ""https://product.29cm.co.kr/catalog/3523834""}",2026-10-03T01:00:02+00:00_62faa0ae
2026-10-03T10:00:02+09:00,2026-10-03T01:00:02+00:00,commerce_rank,Raye Pocket Shirt_Navy,29cm:3523834,review_count,189.0,"{""brand_eng"": ""THE BARNNET"", ""brand_kor"": ""더바넷"", ""brand_no"": 76630, ""category1"": ""여성의류"", ""category2"": ""상의"", ""category3"": ""셔츠"", ""category3_code"": 268103106, ""is_new"": false, ""item_no"": 3523834, ""period_sort"": ""ONE_DAY"", ""platform"": ""29cm"", ""ranking_category_code"": ""268103100"", ""ranking_category_name"": ""여성의류>상의"", ""review_avg"": 5.0, ""sale_percent"": 33, ""sale_price"": 92480, ""sold_out"": false, ""url"": ""https://product.29cm.co.kr/catalog/3523834""}",2026-10-03T01:00:02+00:00_62faa0ae
2026-10-03T10:00:02+09:00,2026-10-03T01:00:02+00:00,commerce_rank,Raye Pocket Shirt_Navy,29cm:3523834@268103100,rank,51.0,"{""brand_eng"": ""THE BARNNET"", ""brand_kor"": ""더바넷"", ""brand_no"": 76630, ""category1"": ""여성의류"", ""category2"": ""상의"", ""category3"": ""셔츠"", ""category3_code"": 268103106, ""is_new"": false, ""item_no"": 3523834, ""period_sort"": ""ONE_DAY"", ""platform"": ""29cm"", ""ranking_category_code"": ""268103100"", ""ranking_category_name"": ""여성의류>상의"", ""review_avg"": 5.0, ""sale_percent"": 33, ""sale_price"": 92480, ""sold_out"": false, ""url"": ""https://product.29cm.co.kr/catalog/3523834""}",2026-10-03T01:00:02+00:00_62faa0ae
2026-10-03T10:00:02+09:00,2026-10-03T01:00:02+00:00,commerce_rank,[57th] Curve scarf blouse (stone gray),29cm:3535240,heart_count,33329.0,"{""brand_eng"": ""PREP FOR THE"", ""brand_kor"": ""프렙포더"", ""brand_no"": 86845, ""category1"": ""여성의류"", ""category2"": ""상의"", ""category3"": ""블라우스"", ""category3_code"": 268103107, ""is_new"": false, ""item_no"": 3535240, ""period_sort"": ""ONE_DAY"", ""platform"": ""29cm"", ""ranking_category_code"": ""268103100"", ""ranking_category_name"": ""여성의류>상의"", ""review_avg"": 5.0, ""sale_percent"": 14, ""sale_price"": 125690, ""sold_out"": false, ""url"": ""https://product.29cm.co.kr/catalog/3535240""}",2026-10-03T01:00:02+00:00_62faa0ae
2026-10-03T10:00:02+09:00,2026-10-03T01:00:02+00:00,commerce_rank,[57th] Curve scarf blouse (stone gray),29cm:3535240,review_count,412.0,"{""brand_eng"": ""PREP FOR THE"", ""brand_kor"": ""프렙포더"", ""brand_no"": 86845, ""category1"": ""여성의류"", ""category2"": ""상의"", ""category3"": ""블라우스"", ""category3_code"": 268103107, ""is_new"": false, ""item_no"": 3535240, ""period_sort"": ""ONE_DAY"", ""platform"": ""29cm"", ""ranking_category_code"": ""268103100"", ""ranking_category_name"": ""여성의류>상의"", ""review_avg"": 5.0, ""sale_percent"": 14, ""sale_price"": 125690, ""sold_out"": false, ""url"": ""https://product.29cm.co.kr/catalog/3535240""}",2026-10-03T01:00:02+00:00_62faa0ae
2026-10-03T10:00:02+09:00,2026-10-03T01:00:02+00:00,commerce_rank,[57th] Curve scarf blouse (stone gray),29cm:3535240@268103100,rank,20.0,"{""brand_eng"": ""PREP FOR THE"", ""brand_kor"": ""프렙포더"", ""brand_no"": 86845, ""category1"": ""여성의류"", ""category2"": ""상의"", ""category3"": ""블라우스"", ""category3_code"": 268103107, ""is_new"": false, ""item_no"": 3535240, ""period_sort"": ""ONE_DAY"", ""platform"": ""29cm"", ""ranking_category_code"": ""268103100"", ""ranking_category_name"": ""여성의류>상의"", ""review_avg"": 5.0, ""sale_percent"": 14, ""sale_price"": 125690, ""sold_out"": false, ""url"": ""https://product.29cm.co.kr/catalog/3535240""}",2026-10-03T01:00:02+00:00_62faa0ae
2026-10-03T10:00:02+09:00,2026-10-03T01:00:02+00:00,commerce_rank,Easy long sleeve_5 Colors,29cm:3540872,heart_count,616.0,"{""brand_eng"": ""BUDHI MUDRA"", ""brand_kor"": ""부디무드라"", ""brand_no"": 20781, ""category1"": ""여성의류"", ""category2"": ""상의"", ""category3"": ""긴소매 티셔츠"", ""category3_code"": 268103102, ""is_new"": false, ""item_no"": 3540872, ""period_sort"": ""ONE_DAY"", ""platform"": ""29cm"", ""ranking_category_code"": ""268103100"", ""ranking_category_name"": ""여성의류>상의"", ""review_avg"": 4.5, ""sale_percent"": 12, ""sale_price"": 48400, ""sold_out"": false, ""url"": ""https://product.29cm.co.kr/catalog/3540872""}",2026-10-03T01:00:02+00:00_62faa0ae
2026-10-03T10:00:02+09:00,2026-10-03T01:00:02+00:00,commerce_rank,Easy long sleeve_5 Colors,29cm:3540872,review_count,84.0,"{""brand_eng"": ""BUDHI MUDRA"", ""brand_kor"": ""부디무드라"", ""brand_no"": 20781, ""category1"": ""여성의류"", ""category2"": ""상의"", ""category3"": ""긴소매 티셔츠"", ""category3_code"": 268103102, ""is_new"": false, ""item_no"": 3540872, ""period_sort"": ""ONE_DAY"", ""platform"": ""29cm"", ""ranking_category_code"": ""268103100"", ""ranking_category_name"": ""여성의류>상의"", ""review_avg"": 4.5, ""sale_percent"": 12, ""sale_price"": 48400, ""sold_out"": false, ""url"": ""https://product.29cm.co.kr/catalog/3540872""}",2026-10-03T01:00:02+00:00_62faa0ae
2026-10-03T10:00:02+09:00,2026-10-03T01:00:02+00:00,commerce_rank,Easy long sleeve_5 Colors,29cm:3540872@268103100,rank,49.0,"{""brand_eng"": ""BUDHI MUDRA"", ""brand_kor"": ""부디무드라"", ""brand_no"": 20781, ""category1"": ""여성의류"", ""category2"": ""상의"", ""category3"": ""긴소매 티셔츠"", ""category3_code"": 268103102, ""is_new"": false, ""item_no"": 3540872, ""period_sort"": ""ONE_DAY"", ""platform"": ""29cm"", ""ranking_category_code"": ""268103100"", ""ranking_category_name"": ""여성의류>상의"", ""review_avg"": 4.5, ""sale_percent"": 12, ""sale_price"": 48400, ""sold_out"": false, ""url"": ""https://product.29cm.co.kr/catalog/3540872""}",2026-10-03T01:00:02+00:00_62faa0ae
2026-10-03T10:00:02+09:00,2026-10-03T01:00:02+00:00,commerce_rank,044 레글런 롱 슬리브 티셔츠,29cm:3545920,heart_count,10414.0,"{""brand_eng"": ""VIVA LA VIDA"", ""brand_kor"": ""비바라비다"", ""brand_no"": 100816, ""category1"": ""여성의류"", ""category2"": ""상의"", ""category3"": ""긴소매 티셔츠"", ""category3_code"": 268103102, ""is_new"": false, ""item_no"": 3545920, ""period_sort"": ""ONE_DAY"", ""platform"": ""29cm"", ""ranking_category_code"": ""268103100"", ""ranking_category_name"": ""여성의류>상의"", ""review_avg"": 5.0, ""sale_percent"": 31, ""sale_price"": 32310, ""sold_out"": false, ""url"": ""https://product.29cm.co.kr/catalog/3545920""}",2026-10-03T01:00:02+00:00_62faa0ae
2026-10-03T10:00:02+09:00,2026-10-03T01:00:02+00:00,commerce_rank,044 레글런 롱 슬리브 티셔츠,29cm:3545920,review_count,228.0,"{""brand_eng"": ""VIVA LA VIDA"", ""brand_kor"": ""비바라비다"", ""brand_no"": 100816, ""category1"": ""여성의류"", ""category2"": ""상의"", ""category3"": ""긴소매 티셔츠"", ""category3_code"": 268103102, ""is_new"": false, ""item_no"": 3545920, ""period_sort"": ""ONE_DAY"", ""platform"": ""29cm"", ""ranking_category_code"": ""268103100"", ""ranking_category_name"": ""여성의류>상의"", ""review_avg"": 5.0, ""sale_percent"": 31, ""sale_price"": 32310, ""sold_out"": false, ""url"": ""https://product.29cm.co.kr/catalog/3545920""}",2026-10-03T01:00:02+00:00_62faa0ae
2026-10-03T10:00:02+09:00,2026-10-03T01:00:02+00:00,commerce_rank,044 레글런 롱 슬리브 티셔츠,29cm:3545920@268103100,rank,14.0,"{""brand_eng"": ""VIVA LA VIDA"", ""brand_kor"": ""비바라비다"", ""brand_no"": 100816, ""category1"": ""여성의류"", ""category2"": ""상의"", ""category3"": ""긴소매 티셔츠"", ""category3_code"": 268103102, ""is_new"": false, ""item_no"": 3545920, ""period_sort"": ""ONE_DAY"", ""platform"": ""29cm"", ""ranking_category_code"": ""268103100"", ""ranking_category_name"": ""여성의류>상의"", ""review_avg"": 5.0, ""sale_percent"": 31, ""sale_price"": 32310, ""sold_out"": false, ""url"": ""https://product.29cm.co.kr/catalog/3545920""}",2026-10-03T01:00:02+00:00_62faa0ae
2026-10-03T10:00:02+09:00,2026-10-03T01:00:03+00:00,commerce_rank,ASKIN LOGO LONG SLEEVE (BROWN GREY),29cm:3549850,heart_count,498.0,"{""brand_eng"": ""GOYOWEAR"", ""brand_kor"": ""고요웨어"", ""brand_no"": 16187, ""category1"": ""남성의류"", ""category2"": ""상의"", ""category3"": ""긴소매 티셔츠"", ""category3_code"": 272103102, ""is_new"": false, ""item_no"": 3549850, ""period_sort"": ""ONE_DAY"", ""platform"": ""29cm"", ""ranking_category_code"": ""272103100"", ""ranking_category_name"": ""남성의류>상의"", ""review_avg"": 5.0, ""sale_percent"": 5, ""sale_price"": 46550, ""sold_out"": false, ""url"": ""https://product.29cm.co.kr/catalog/3549850""}",2026-10-03T01:00:02+00:00_62faa0ae
2026-10-03T10:00:02+09:00,2026-10-03T01:00:03+00:00,commerce_rank,ASKIN LOGO LONG SLEEVE (BROWN GREY),29cm:3549850,review_count,35.0,"{""brand_eng"": ""GOYOWEAR"", ""brand_kor"": ""고요웨어"", ""brand_no"": 16187, ""category1"": ""남성의류"", ""category2"": ""상의"", ""category3"": ""긴소매 티셔츠"", ""category3_code"": 272103102, ""is_new"": false, ""item_no"": 3549850, ""period_sort"": ""ONE_DAY"", ""platform"": ""29cm"", ""ranking_category_code"": ""272103100"", ""ranking_category_name"": ""남성의류>상의"", ""review_avg"": 5.0, ""sale_percent"": 5, ""sale_price"": 46550, ""sold_out"": false, ""url"": ""https://product.29cm.co.kr/catalog/3549850""}",2026-10-03T01:00:02+00:00_62faa0ae
2026-10-03T10:00:02+09:00,2026-10-03T01:00:03+00:00,commerce_rank,ASKIN LOGO LONG SLEEVE (BROWN GREY),29cm:3549850@272103100,rank,74.0,"{""brand_eng"": ""GOYOWEAR"", ""brand_kor"": ""고요웨어"", ""brand_no"": 16187, ""category1"": ""남성의류"", ""category2"": ""상의"", ""category3"": ""긴소매 티셔츠"", ""category3_code"": 272103102, ""is_new"": false, ""item_no"": 3549850, ""period_sort"": ""ONE_DAY"", ""platform"": ""29cm"", ""ranking_category_code"": ""272103100"", ""ranking_category_name"": ""남성의류>상의"", ""review_avg"": 5.0, ""sale_percent"": 5, ""sale_price"": 46550, ""sold_out"": false, ""url"": ""https://product.29cm.co.kr/catalog/3549850""}",2026-10-03T01:00:02+00:00_62faa0ae
2026-10-03T10:00:02+09:00,2026-10-03T01:00:02+00:00,commerce_rank,[41th] Raglan Campus Logo Long Top - Grey(Navy),29cm:3628013,heart_count,22380.0,"{""brand_eng"": ""SOMEWHEREBUTTER"", ""brand_kor"": ""썸웨어버터"", ""brand_no"": 18640, ""category1"": ""여성의류"", ""category2"": ""상의"", ""category3"": ""긴소매 티셔츠"", ""category3_code"": 268103102, ""is_new"": false, ""item_no"": 3628013, ""period_sort"": ""ONE_DAY"", ""platform"": ""29cm"", ""ranking_category_code"": ""268103100"", ""ranking_category_name"": ""여성의류>상의"", ""review_avg"": 5.0, ""sale_percent"": 10, ""sale_price"": 44100, ""sold_out"": false, ""url"": ""https://product.29cm.co.kr/catalog/3628013""}",2026-10-03T01:00:02+00:00_62faa0ae
2026-10-03T10:00:02+09:00,2026-10-03T01:00:02+00:00,commerce_rank,[41th] Raglan Campus Logo Long Top - Grey(Navy),29cm:3628013,review_count,633.0,"{""brand_eng"": ""SOMEWHEREBUTTER"", ""brand_kor"": ""썸웨어버터"", ""brand_no"": 18640, ""category1"": ""여성의류"", ""category2"": ""상의"", ""category3"": ""긴소매 티셔츠"", ""category3_code"": 268103102, ""is_new"": false, ""item_no"": 3628013, ""period_sort"": ""ONE_DAY"", ""platform"": ""29cm"", ""ranking_category_code"": ""268103100"", ""ranking_category_name"": ""여성의류>상의"", ""review_avg"": 5.0, ""sale_percent"": 10, ""sale_price"": 44100, ""sold_out"": false, ""url"": ""https://product.29cm.co.kr/catalog/3628013""}",2026-10-03T01:00:02+00:00_62faa0ae
2026-10-03T10:00:02+09:00,2026-10-03T01:00:02+00:00,commerce_rank,[41th] Raglan Campus Logo Long Top - Grey(Navy),29cm:3628013@268103100,rank,8.0,"{""brand_eng"": ""SOMEWHEREBUTTER"", ""brand_kor"": ""썸웨어버터"", ""brand_no"": 18640, ""category1"": ""여성의류"", ""category2"": ""상의"", ""category3"": ""긴소매 티셔츠"", ""category3_code"": 268103102, ""is_new"": false, ""item_no"": 3628013, ""period_sort"": ""ONE_DAY"", ""platform"": ""29cm"", ""ranking_category_code"": ""268103100"", ""ranking_category_name"": ""여성의류>상의"", ""review_avg"": 5.0, ""sale_percent"": 10, ""sale_price"": 44100, ""sold_out"": false, ""url"": ""https://product.29cm.co.kr/catalog/3628013""}",2026-10-03T01:00:02+00:00_62faa0ae
2026-10-03T10:00:02+09:00,2026-10-03T01:00:03+00:00,commerce_rank,Blue Chambray Work Shirt KR Ver. Dark Indigo,29cm:3628796,heart_count,981.0,"{""brand_eng"": ""BRONSON"", ""brand_kor"": ""브론슨"", ""brand_no"": 89408, ""category1"": ""남성의류"", ""category2"": ""상의"", ""category3"": ""긴소매 셔츠"", ""category3_code"": 272103106, ""is_new"": false, ""item_no"": 3628796, ""period_sort"": ""ONE_DAY"", ""platform"": ""29cm"", ""ranking_category_code"": ""272103100"", ""ranking_category_name"": ""남성의류>상의"", ""review_avg"": 4.5, ""sale_percent"": 10, ""sale_price"": 66600, ""sold_out"": false, ""url"": ""https://product.29cm.co.kr/catalog/3628796""}",2026-10-03T01:00:02+00:00_62faa0ae
2026-10-03T10:00:02+09:00,2026-10-03T01:00:03+00:00,commerce_rank,Blue Chambray Work Shirt KR Ver. Dark Indigo,29cm:3628796,review_count,40.0,"{""brand_eng"": ""BRONSON"", ""brand_kor"": ""브론슨"", ""brand_no"": 89408, ""category1"": ""남성의류"", ""category2"": ""상의"", ""category3"": ""긴소매 셔츠"", ""category3_code"": 272103106, ""is_new"": false, ""item_no"": 3628796, ""period_sort"": ""ONE_DAY"", ""platform"": ""29cm"", ""ranking_category_code"": ""272103100"", ""ranking_category_name"": ""남성의류>상의"", ""review_avg"": 4.5, ""sale_percent"": 10, ""sale_price"": 66600, ""sold_out"": false, ""url"": ""https://product.29cm.co.kr/catalog/3628796""}",2026-10-03T01:00:02+00:00_62faa0ae
2026-10-03T10:00:02+09:00,2026-10-03T01:00:03+00:00,commerce_rank,Blue Chambray Work Shirt KR Ver. Dark Indigo,29cm:3628796@272103100,rank,51.0,"{""brand_eng"": ""BRONSON"", ""brand_kor"": ""브론슨"", ""brand_no"": 89408, ""category1"": ""남성의류"", ""category2"": ""상의"", ""category3"": ""긴소매 셔츠"", ""category3_code"": 272103106, ""is_new"": false, ""item_no"": 3628796, ""period_sort"": ""ONE_DAY"", ""platform"": ""29cm"", ""ranking_category_code"": ""272103100"", ""ranking_category_name"": ""남성의류>상의"", ""review_avg"": 4.5, ""sale_percent"": 10, ""sale_price"": 66600, ""sold_out"": false, ""url"": ""https://product.29cm.co.kr/catalog/3628796""}",2026-10-03T01:00:02+00:00_62faa0ae
2026-10-03T10:00:02+09:00,2026-10-03T01:00:03+00:00,commerce_rank,[건조기가능] 컴포트 크롭 긴팔티 ( 5Color ),29cm:3657349,heart_count,74.0,"{""brand_eng"": ""BRENSON"", ""brand_kor"": ""브렌슨"", ""brand_no"": 8969, ""category1"": ""남성의류"", ""category2"": ""상의"", ""category3"": ""긴소매 티셔츠"", ""category3_code"": 272103102, ""is_new"": false, ""item_no"": 3657349, ""period_sort"": ""ONE_DAY"", ""platform"": ""29cm"", ""ranking_category_code"": ""272103100"", ""ranking_category_name"": ""남성의류>상의"", ""review_avg"": 5.0, ""sale_percent"": 11, ""sale_price"": 28900, ""sold_out"": false, ""url"": ""https://product.29cm.co.kr/catalog/3657349""}",2026-10-03T01:00:02+00:00_62faa0ae
2026-10-03T10:00:02+09:00,2026-10-03T01:00:03+00:00,commerce_rank,[건조기가능] 컴포트 크롭 긴팔티 ( 5Color ),29cm:3657349,review_count,1.0,"{""brand_eng"": ""BRENSON"", ""brand_kor"": ""브렌슨"", ""brand_no"": 8969, ""category1"": ""남성의류"", ""category2"": ""상의"", ""category3"": ""긴소매 티셔츠"", ""category3_code"": 272103102, ""is_new"": false, ""item_no"": 3657349, ""period_sort"": ""ONE_DAY"", ""platform"": ""29cm"", ""ranking_category_code"": ""272103100"", ""ranking_category_name"": ""남성의류>상의"", ""review_avg"": 5.0, ""sale_percent"": 11, ""sale_price"": 28900, ""sold_out"": false, ""url"": ""https://product.29cm.co.kr/catalog/3657349""}",2026-10-03T01:00:02+00:00_62faa0ae
2026-10-03T10:00:02+09:00,2026-10-03T01:00:03+00:00,commerce_rank,[건조기가능] 컴포트 크롭 긴팔티 ( 5Color ),29cm:3657349@272103100,rank,18.0,"{""brand_eng"": ""BRENSON"", ""brand_kor"": ""브렌슨"", ""brand_no"": 8969, ""category1"": ""남성의류"", ""category2"": ""상의"", ""category3"": ""긴소매 티셔츠"", ""category3_code"": 272103102, ""is_new"": false, ""item_no"": 3657349, ""period_sort"": ""ONE_DAY"", ""platform"": ""29cm"", ""ranking_category_code"": ""272103100"", ""ranking_category_name"": ""남성의류>상의"", ""review_avg"": 5.0, ""sale_percent"": 11, ""sale_price"": 28900, ""sold_out"": false, ""url"": ""https://product.29cm.co.kr/catalog/3657349""}",2026-10-03T01:00:02+00:00_62faa0ae
2026-10-03T10:00:02+09:00,2026-10-03T01:00:02+00:00,commerce_rank,[13th]Tie Blouse T shirt (Gray),29cm:3678736,heart_count,9521.0,"{""brand_eng"": ""GARDER"", ""brand_kor"": ""가더"", ""brand_no"": 86164, ""category1"": ""여성의류"", ""category2"": ""상의"", ""category3"": ""긴소매 티셔츠"", ""category3_code"": 268103102, ""is_new"": false, ""item_no"": 3678736, ""period_sort"": ""ONE_DAY"", ""platform"": ""29cm"", ""ranking_category_code"": ""268103100"", ""ranking_category_name"": ""여성의류>상의"", ""review_avg"": 5.0, ""sale_percent"": 14, ""sale_price"": 59000, ""sold_out"": false, ""url"": ""https://product.29cm.co.kr/catalog/3678736""}",2026-10-03T01:00:02+00:00_62faa0ae
2026-10-03T10:00:02+09:00,2026-10-03T01:00:02+00:00,commerce_rank,[13th]Tie Blouse T shirt (Gray),29cm:3678736,review_count,245.0,"{""brand_eng"": ""GARDER"", ""brand_kor"": ""가더"", ""brand_no"": 86164, ""category1"": ""여성의류"", ""category2"": ""상의"", ""category3"": ""긴소매 티셔츠"", ""category3_code"": 268103102, ""is_new"": false, ""item_no"": 3678736, ""period_sort"": ""ONE_DAY"", ""platform"": ""29cm"", ""ranking_category_code"": ""268103100"", ""ranking_category_name"": ""여성의류>상의"", ""review_avg"": 5.0, ""sale_percent"": 14, ""sale_price"": 59000, ""sold_out"": false, ""url"": ""https://product.29cm.co.kr/catalog/3678736""}",2026-10-03T01:00:02+00:00_62faa0ae
2026-10-03T10:00:02+09:00,2026-10-03T01:00:02+00:00,commerce_rank,[13th]Tie Blouse T shirt (Gray),29cm:3678736@268103100,rank,96.0,"{""brand_eng"": ""GARDER"", ""brand_kor"": ""가더"", ""brand_no"": 86164, ""category1"": ""여성의류"", ""category2"": ""상의"", ""category3"": ""긴소매 티셔츠"", ""category3_code"": 268103102, ""is_new"": false, ""item_no"": 3678736, ""period_sort"": ""ONE_DAY"", ""platform"": ""29cm"", ""ranking_category_code"": ""268103100"", ""ranking_category_name"": ""여성의류>상의"", ""review_avg"": 5.0, ""sale_percent"": 14, ""sale_price"": 59000, ""sold_out"": false, ""url"": ""https://product.29cm.co.kr/catalog/3678736""}",2026-10-03T01:00:02+00:00_62faa0ae
2026-10-03T10:00:02+09:00,2026-10-03T01:00:02+00:00,commerce_rank,원 클래식 드라이 핏 긴소매 탑 W - [블랙:화이트 / FN2802-013],29cm:3679452,heart_count,3919.0,"{""brand_eng"": ""NIKE"", ""brand_kor"": ""나이키"", ""brand_no"": 95369, ""category1"": ""레저"", ""category2"": ""피트니스"", ""category3"": ""상의"", ""category3_code"": 286106101, ""is_new"": false, ""item_no"": 3679452, ""period_sort"": ""ONE_DAY"", ""platform"": ""29cm"", ""ranking_category_code"": ""268103100"", ""ranking_category_name"": ""여성의류>상의"", ""review_avg"": 5.0, ""sale_percent"": 10, ""sale_price"": 49500, ""sold_out"": false, ""url"": ""https://product.29cm.co.kr/catalog/3679452""}",2026-10-03T01:00:02+00:00_62faa0ae
2026-10-03T10:00:02+09:00,2026-10-03T01:00:02+00:00,commerce_rank,원 클래식 드라이 핏 긴소매 탑 W - [블랙:화이트 / FN2802-013],29cm:3679452,review_count,116.0,"{""brand_eng"": ""NIKE"", ""brand_kor"": ""나이키"", ""brand_no"": 95369, ""category1"": ""레저"", ""category2"": ""피트니스"", ""category3"": ""상의"", ""category3_code"": 286106101, ""is_new"": false, ""item_no"": 3679452, ""period_sort"": ""ONE_DAY"", ""platform"": ""29cm"", ""ranking_category_code"": ""268103100"", ""ranking_category_name"": ""여성의류>상의"", ""review_avg"": 5.0, ""sale_percent"": 10, ""sale_price"": 49500, ""sold_out"": false, ""url"": ""https://product.29cm.co.kr/catalog/3679452""}",2026-10-03T01:00:02+00:00_62faa0ae
2026-10-03T10:00:02+09:00,2026-10-03T01:00:02+00:00,commerce_rank,원 클래식 드라이 핏 긴소매 탑 W - [블랙:화이트 / FN2802-013],29cm:3679452@268103100,rank,6.0,"{""brand_eng"": ""NIKE"", ""brand_kor"": ""나이키"", ""brand_no"": 95369, ""category1"": ""레저"", ""category2"": ""피트니스"", ""category3"": ""상의"", ""category3_code"": 286106101, ""is_new"": false, ""item_no"": 3679452, ""period_sort"": ""ONE_DAY"", ""platform"": ""29cm"", ""ranking_category_code"": ""268103100"", ""ranking_category_name"": ""여성의류>상의"", ""review_avg"": 5.0, ""sale_percent"": 10, ""sale_price"": 49500, ""sold_out"": false, ""url"": ""https://product.29cm.co.kr/catalog/3679452""}",2026-10-03T01:00:02+00:00_62faa0ae
2026-10-03T10:00:02+09:00,2026-10-03T01:00:03+00:00,commerce_rank,VINTAGE HENLEY NECK LONG SLEEVE TEE_1%OATMEAL,29cm:3718732,heart_count,85.0,"{""brand_eng"": ""OUTSTANDING"", ""brand_kor"": ""아웃스탠딩"", ""brand_no"": 1657, ""category1"": ""남성의류"", ""category2"": ""상의"", ""category3"": ""긴소매 티셔츠"", ""category3_code"": 272103102, ""is_new"": false, ""item_no"": 3718732, ""period_sort"": ""ONE_DAY"", ""platform"": ""29cm"", ""ranking_category_code"": ""272103100"", ""ranking_category_name"": ""남성의류>상의"", ""review_avg"": 5.0, ""sale_percent"": 10, ""sale_price"": 43200, ""sold_out"": false, ""url"": ""https://product.29cm.co.kr/catalog/3718732""}",2026-10-03T01:00:02+00:00_62faa0ae
2026-10-03T10:00:02+09:00,2026-10-03T01:00:03+00:00,commerce_rank,VINTAGE HENLEY NECK LONG SLEEVE TEE_1%OATMEAL,29cm:3718732,review_count,4.0,"{""brand_eng"": ""OUTSTANDING"", ""brand_kor"": ""아웃스탠딩"", ""brand_no"": 1657, ""category1"": ""남성의류"", ""category2"": ""상의"", ""category3"": ""긴소매 티셔츠"", ""category3_code"": 272103102, ""is_new"": false, ""item_no"": 3718732, ""period_sort"": ""ONE_DAY"", ""platform"": ""29cm"", ""ranking_category_code"": ""272103100"", ""ranking_category_name"": ""남성의류>상의"", ""review_avg"": 5.0, ""sale_percent"": 10, ""sale_price"": 43200, ""sold_out"": false, ""url"": ""https://product.29cm.co.kr/catalog/3718732""}",2026-10-03T01:00:02+00:00_62faa0ae
2026-10-03T10:00:02+09:00,2026-10-03T01:00:03+00:00,commerce_rank,VINTAGE HENLEY NECK LONG SLEEVE TEE_1%OATMEAL,29cm:3718732@272103100,rank,72.0,"{""brand_eng"": ""OUTSTANDING"", ""brand_kor"": ""아웃스탠딩"", ""brand_no"": 1657, ""category1"": ""남성의류"", ""category2"": ""상의"", ""category3"": ""긴소매 티셔츠"", ""category3_code"": 272103102, ""is_new"": false, ""item_no"": 3718732, ""period_sort"": ""ONE_DAY"", ""platform"": ""29cm"", ""ranking_category_code"": ""272103100"", ""ranking_category_name"": ""남성의류>상의"", ""review_avg"": 5.0, ""sale_percent"": 10, ""sale_price"": 43200, ""sold_out"": false, ""url"": ""https://product.29cm.co.kr/catalog/3718732""}",2026-10-03T01:00:02+00:00_62faa0ae
2026-10-03T10:00:02+09:00,2026-10-03T01:00:02+00:00,commerce_rank,마티니 프릴 블라우스,29cm:3719533,heart_count,5346.0,"{""brand_eng"": ""MERRYON"", ""brand_kor"": ""메리온"", ""brand_no"": 108383, ""category1"": ""여성의류"", ""category2"": ""상의"", ""category3"": ""블라우스"", ""category3_code"": 268103107, ""is_new"": false, ""item_no"": 3719533, ""period_sort"": ""ONE_DAY"", ""platform"": ""29cm"", ""ranking_category_code"": ""268103100"", ""ranking_category_name"": ""여성의류>상의"", ""review_avg"": 5.0, ""sale_percent"": 28, ""sale_price"": 84960, ""sold_out"": false, ""url"": ""https://product.29cm.co.kr/catalog/3719533""}",2026-10-03T01:00:02+00:00_62faa0ae
2026-10-03T10:00:02+09:00,2026-10-03T01:00:02+00:00,commerce_rank,마티니 프릴 블라우스,29cm:3719533,review_count,37.0,"{""brand_eng"": ""MERRYON"", ""brand_kor"": ""메리온"", ""brand_no"": 108383, ""category1"": ""여성의류"", ""category2"": ""상의"", ""category3"": ""블라우스"", ""category3_code"": 268103107, ""is_new"": false, ""item_no"": 3719533, ""period_sort"": ""ONE_DAY"", ""platform"": ""29cm"", ""ranking_category_code"": ""268103100"", ""ranking_category_name"": ""여성의류>상의"", ""review_avg"": 5.0, ""sale_percent"": 28, ""sale_price"": 84960, ""sold_out"": false, ""url"": ""https://product.29cm.co.kr/catalog/3719533""}",2026-10-03T01:00:02+00:00_62faa0ae
2026-10-03T10:00:02+09:00,2026-10-03T01:00:02+00:00,commerce_rank,마티니 프릴 블라우스,29cm:3719533@268103100,rank,32.0,"{""brand_eng"": ""MERRYON"", ""brand_kor"": ""메리온"", ""brand_no"": 108383, ""category1"": ""여성의류"", ""category2"": ""상의"", ""category3"": ""블라우스"", ""category3_code"": 268103107, ""is_new"": false, ""item_no"": 3719533, ""period_sort"": ""ONE_DAY"", ""platform"": ""29cm"", ""ranking_category_code"": ""268103100"", ""ranking_category_name"": ""여성의류>상의"", ""review_avg"": 5.0, ""sale_percent"": 28, ""sale_price"": 84960, ""sold_out"": false, ""url"": ""https://product.29cm.co.kr/catalog/3719533""}",2026-10-03T01:00:02+00:00_62faa0ae
2026-10-03T10:00:02+09:00,2026-10-03T01:00:03+00:00,commerce_rank,TG1-TS04 마일드 크루 스웻셔츠 - [네이비],29cm:3724264,heart_count,1740.0,"{""brand_eng"": ""THOMAS MORE"", ""brand_kor"": ""토마스모어"", ""brand_no"": 2111, ""category1"": ""남성의류"", ""category2"": ""상의"", ""category3"": ""스웨트셔츠"", ""category3_code"": 272103107, ""is_new"": false, ""item_no"": 3724264, ""period_sort"": ""ONE_DAY"", ""platform"": ""29cm"", ""ranking_category_code"": ""272103100"", ""ranking_category_name"": ""남성의류>상의"", ""review_avg"": 4.5, ""sale_percent"": 0, ""sale_price"": 59700, ""sold_out"": false, ""url"": ""https://product.29cm.co.kr/catalog/3724264""}",2026-10-03T01:00:02+00:00_62faa0ae
2026-10-03T10:00:02+09:00,2026-10-03T01:00:03+00:00,commerce_rank,TG1-TS04 마일드 크루 스웻셔츠 - [네이비],29cm:3724264,review_count,79.0,"{""brand_eng"": ""THOMAS MORE"", ""brand_kor"": ""토마스모어"", ""brand_no"": 2111, ""category1"": ""남성의류"", ""category2"": ""상의"", ""category3"": ""스웨트셔츠"", ""category3_code"": 272103107, ""is_new"": false, ""item_no"": 3724264, ""period_sort"": ""ONE_DAY"", ""platform"": ""29cm"", ""ranking_category_code"": ""272103100"", ""ranking_category_name"": ""남성의류>상의"", ""review_avg"": 4.5, ""sale_percent"": 0, ""sale_price"": 59700, ""sold_out"": false, ""url"": ""https://product.29cm.co.kr/catalog/3724264""}",2026-10-03T01:00:02+00:00_62faa0ae
2026-10-03T10:00:02+09:00,2026-10-03T01:00:03+00:00,commerce_rank,TG1-TS04 마일드 크루 스웻셔츠 - [네이비],29cm:3724264@272103100,rank,47.0,"{""brand_eng"": ""THOMAS MORE"", ""brand_kor"": ""토마스모어"", ""brand_no"": 2111, ""category1"": ""남성의류"", ""category2"": ""상의"", ""category3"": ""스웨트셔츠"", ""category3_code"": 272103107, ""is_new"": false, ""item_no"": 3724264, ""period_sort"": ""ONE_DAY"", ""platform"": ""29cm"", ""ranking_category_code"": ""272103100"", ""ranking_category_name"": ""남성의류>상의"", ""review_avg"": 4.5, ""sale_percent"": 0, ""sale_price"": 59700, ""sold_out"": false, ""url"": ""https://product.29cm.co.kr/catalog/3724264""}",2026-10-03T01:00:02+00:00_62faa0ae
2026-10-03T10:00:02+09:00,2026-10-03T01:00:03+00:00,commerce_rank,PULL UP HOODIE (CREAM),29cm:3730254,heart_count,8.0,"{""brand_eng"": ""BIRTHDAYSUIT"", ""brand_kor"": ""벌스데이수트"", ""brand_no"": 46554, ""category1"": ""남성의류"", ""category2"": ""상의"", ""category3"": ""후디"", ""category3_code"": 272103108, ""is_new"": false, ""item_no"": 3730254, ""period_sort"": ""ONE_DAY"", ""platform"": ""29cm"", ""ranking_category_code"": ""272103100"", ""ranking_category_name"": ""남성의류>상의"", ""review_avg"": 0.0, ""sale_percent"": 14, ""sale_price"": 125690, ""sold_out"": false, ""url"": ""https://product.29cm.co.kr/catalog/3730254""}",2026-10-03T01:00:02+00:00_62faa0ae
2026-10-03T10:00:02+09:00,2026-10-03T01:00:03+00:00,commerce_rank,PULL UP HOODIE (CREAM),29cm:3730254,review_count,0.0,"{""brand_eng"": ""BIRTHDAYSUIT"", ""brand_kor"": ""벌스데이수트"", ""brand_no"": 46554, ""category1"": ""남성의류"", ""category2"": ""상의"", ""category3"": ""후디"", ""category3_code"": 272103108, ""is_new"": false, ""item_no"": 3730254, ""period_sort"": ""ONE_DAY"", ""platform"": ""29cm"", ""ranking_category_code"": ""272103100"", ""ranking_category_name"": ""남성의류>상의"", ""review_avg"": 0.0, ""sale_percent"": 14, ""sale_price"": 125690, ""sold_out"": false, ""url"": ""https://product.29cm.co.kr/catalog/3730254""}",2026-10-03T01:00:02+00:00_62faa0ae
2026-10-03T10:00:02+09:00,2026-10-03T01:00:03+00:00,commerce_rank,PULL UP HOODIE (CREAM),29cm:3730254@272103100,rank,57.0,"{""brand_eng"": ""BIRTHDAYSUIT"", ""brand_kor"": ""벌스데이수트"", ""brand_no"": 46554, ""category1"": ""남성의류"", ""category2"": ""상의"", ""category3"": ""후디"", ""category3_code"": 272103108, ""is_new"": false, ""item_no"": 3730254, ""period_sort"": ""ONE_DAY"", ""platform"": ""29cm"", ""ranking_category_code"": ""272103100"", ""ranking_category_name"": ""남성의류>상의"", ""review_avg"": 0.0, ""sale_percent"": 14, ""sale_price"": 125690, ""sold_out"": false, ""url"": ""https://product.29cm.co.kr/catalog/3730254""}",2026-10-03T01:00:02+00:00_62faa0ae
2026-10-03T10:00:02+09:00,2026-10-03T01:00:03+00:00,commerce_rank,워크 소매 포켓 긴팔 티셔츠 V4 2ATAX26002BKW,29cm:3731054,heart_count,2.0,"{""brand_eng"": ""BOLDEST"", ""brand_kor"": ""볼디스트"", ""brand_no"": 20702, ""category1"": ""남성의류"", ""category2"": ""상의"", ""category3"": ""긴소매 티셔츠"", ""category3_code"": 272103102, ""is_new"": false, ""item_no"": 3731054, ""period_sort"": ""ONE_DAY"", ""platform"": ""29cm"", ""ranking_category_code"": ""272103100"", ""ranking_category_name"": ""남성의류>상의"", ""review_avg"": 5.0, ""sale_percent"": 15, ""sale_price"": 67540, ""sold_out"": false, ""url"": ""https://product.29cm.co.kr/catalog/3731054""}",2026-10-03T01:00:02+00:00_62faa0ae
2026-10-03T10:00:02+09:00,2026-10-03T01:00:03+00:00,commerce_rank,워크 소매 포켓 긴팔 티셔츠 V4 2ATAX26002BKW,29cm:3731054,review_count,1.0,"{""brand_eng"": ""BOLDEST"", ""brand_kor"": ""볼디스트"", ""brand_no"": 20702, ""category1"": ""남성의류"", ""category2"": ""상의"", ""category3"": ""긴소매 티셔츠"", ""category3_code"": 272103102, ""is_new"": false, ""item_no"": 3731054, ""period_sort"": ""ONE_DAY"", ""platform"": ""29cm"", ""ranking_category_code"": ""272103100"", ""ranking_category_name"": ""남성의류>상의"", ""review_avg"": 5.0, ""sale_percent"": 15, ""sale_price"": 67540, ""sold_out"": false, ""url"": ""https://product.29cm.co.kr/catalog/3731054""}",2026-10-03T01:00:02+00:00_62faa0ae
2026-10-03T10:00:02+09:00,2026-10-03T01:00:03+00:00,commerce_rank,워크 소매 포켓 긴팔 티셔츠 V4 2ATAX26002BKW,29cm:3731054@272103100,rank,56.0,"{""brand_eng"": ""BOLDEST"", ""brand_kor"": ""볼디스트"", ""brand_no"": 20702, ""category1"": ""남성의류"", ""category2"": ""상의"", ""category3"": ""긴소매 티셔츠"", ""category3_code"": 272103102, ""is_new"": false, ""item_no"": 3731054, ""period_sort"": ""ONE_DAY"", ""platform"": ""29cm"", ""ranking_category_code"": ""272103100"", ""ranking_category_name"": ""남성의류>상의"", ""review_avg"": 5.0, ""sale_percent"": 15, ""sale_price"": 67540, ""sold_out"": false, ""url"": ""https://product.29cm.co.kr/catalog/3731054""}",2026-10-03T01:00:02+00:00_62faa0ae
2026-10-03T10:00:02+09:00,2026-10-03T01:00:02+00:00,commerce_rank,[13차] 오버 스트라이프 티셔츠_네이비,29cm:3748318,heart_count,4595.0,"{""brand_eng"": ""YUPPE"", ""brand_kor"": ""엽페"", ""brand_no"": 2856, ""category1"": ""여성의류"", ""category2"": ""상의"", ""category3"": ""긴소매 티셔츠"", ""category3_code"": 268103102, ""is_new"": false, ""item_no"": 3748318, ""period_sort"": ""ONE_DAY"", ""platform"": ""29cm"", ""ranking_category_code"": ""268103100"", ""ranking_category_name"": ""여성의류>상의"", ""review_avg"": 5.0, ""sale_percent"": 32, ""sale_price"": 53720, ""sold_out"": false, ""url"": ""https://product.29cm.co.kr/catalog/3748318""}",2026-10-03T01:00:02+00:00_62faa0ae
2026-10-03T10:00:02+09:00,2026-10-03T01:00:02+00:00,commerce_rank,[13차] 오버 스트라이프 티셔츠_네이비,29cm:3748318,review_count,123.0,"{""brand_eng"": ""YUPPE"", ""brand_kor"": ""엽페"", ""brand_no"": 2856, ""category1"": ""여성의류"", ""category2"": ""상의"", ""category3"": ""긴소매 티셔츠"", ""category3_code"": 268103102, ""is_new"": false, ""item_no"": 3748318, ""period_sort"": ""ONE_DAY"", ""platform"": ""29cm"", ""ranking_category_code"": ""268103100"", ""ranking_category_name"": ""여성의류>상의"", ""review_avg"": 5.0, ""sale_percent"": 32, ""sale_price"": 53720, ""sold_out"": false, ""url"": ""https://product.29cm.co.kr/catalog/3748318""}",2026-10-03T01:00:02+00:00_62faa0ae
2026-10-03T10:00:02+09:00,2026-10-03T01:00:02+00:00,commerce_rank,[13차] 오버 스트라이프 티셔츠_네이비,29cm:3748318@268103100,rank,21.0,"{""brand_eng"": ""YUPPE"", ""brand_kor"": ""엽페"", ""brand_no"": 2856, ""category1"": ""여성의류"", ""category2"": ""상의"", ""category3"": ""긴소매 티셔츠"", ""category3_code"": 268103102, ""is_new"": false, ""item_no"": 3748318, ""period_sort"": ""ONE_DAY"", ""platform"": ""29cm"", ""ranking_category_code"": ""268103100"", ""ranking_category_name"": ""여성의류>상의"", ""review_avg"": 5.0, ""sale_percent"": 32, ""sale_price"": 53720, ""sold_out"": false, ""url"": ""https://product.29cm.co.kr/catalog/3748318""}",2026-10-03T01:00:02+00:00_62faa0ae
2026-10-03T10:00:02+09:00,2026-10-03T01:00:02+00:00,commerce_rank,Light Oversized Check Shirts Blue / Black,29cm:3748753,heart_count,21257.0,"{""brand_eng"": ""MICHIKO LONDON KOSHINO"", ""brand_kor"": ""미치코런던 코시노"", ""brand_no"": 26100, ""category1"": ""여성의류"", ""category2"": ""상의"", ""category3"": ""셔츠"", ""category3_code"": 268103106, ""is_new"": false, ""item_no"": 3748753, ""period_sort"": ""ONE_DAY"", ""platform"": ""29cm"", ""ranking_category_code"": ""268103100"", ""ranking_category_name"": ""여성의류>상의"", ""review_avg"": 5.0, ""sale_percent"": 19, ""sale_price"": 58320, ""sold_out"": false, ""url"": ""https://product.29cm.co.kr/catalog/3748753""}",2026-10-03T01:00:02+00:00_62faa0ae
2026-10-03T10:00:02+09:00,2026-10-03T01:00:02+00:00,commerce_rank,Light Oversized Check Shirts Blue / Black,29cm:3748753,review_count,639.0,"{""brand_eng"": ""MICHIKO LONDON KOSHINO"", ""brand_kor"": ""미치코런던 코시노"", ""brand_no"": 26100, ""category1"": ""여성의류"", ""category2"": ""상의"", ""category3"": ""셔츠"", ""category3_code"": 268103106, ""is_new"": false, ""item_no"": 3748753, ""period_sort"": ""ONE_DAY"", ""platform"": ""29cm"", ""ranking_category_code"": ""268103100"", ""ranking_category_name"": ""여성의류>상의"", ""review_avg"": 5.0, ""sale_percent"": 19, ""sale_price"": 58320, ""sold_out"": false, ""url"": ""https://product.29cm.co.kr/catalog/3748753""}",2026-10-03T01:00:02+00:00_62faa0ae
2026-10-03T10:00:02+09:00,2026-10-03T01:00:02+00:00,commerce_rank,Light Oversized Check Shirts Blue / Black,29cm:3748753@268103100,rank,52.0,"{""brand_eng"": ""MICHIKO LONDON KOSHINO"", ""brand_kor"": ""미치코런던 코시노"", ""brand_no"": 26100, ""category1"": ""여성의류"", ""category2"": ""상의"", ""category3"": ""셔츠"", ""category3_code"": 268103106, ""is_new"": false, ""item_no"": 3748753, ""period_sort"": ""ONE_DAY"", ""platform"": ""29cm"", ""ranking_category_code"": ""268103100"", ""ranking_category_name"": ""여성의류>상의"", ""review_avg"": 5.0, ""sale_percent"": 19, ""sale_price"": 58320, ""sold_out"": false, ""url"": ""https://product.29cm.co.kr/catalog/3748753""}",2026-10-03T01:00:02+00:00_62faa0ae
2026-10-03T10:00:02+09:00,2026-10-03T01:00:02+00:00,commerce_rank,3/4 Sleeve Slim Fit Shirts White,29cm:3748861,heart_count,6226.0,"{""brand_eng"": ""MICHIKO LONDON KOSHINO"", ""brand_kor"": ""미치코런던 코시노"", ""brand_no"": 26100, ""category1"": ""여성의류"", ""category2"": ""상의"", ""category3"": ""셔츠"", ""category3_code"": 268103106, ""is_new"": false, ""item_no"": 3748861, ""period_sort"": ""ONE_DAY"", ""platform"": ""29cm"", ""ranking_category_code"": ""268103100"", ""ranking_category_name"": ""여성의류>상의"", ""review_avg"": 4.5, ""sale_percent"": 19, ""sale_price"": 51030, ""sold_out"": false, ""url"": ""https://product.29cm.co.kr/catalog/3748861""}",2026-10-03T01:00:02+00:00_62faa0ae
2026-10-03T10:00:02+09:00,2026-10-03T01:00:02+00:00,commerce_rank,3/4 Sleeve Slim Fit Shirts White,29cm:3748861,review_count,109.0,"{""brand_eng"": ""MICHIKO LONDON KOSHINO"", ""brand_kor"": ""미치코런던 코시노"", ""brand_no"": 26100, ""category1"": ""여성의류"", ""category2"": ""상의"", ""category3"": ""셔츠"", ""category3_code"": 268103106, ""is_new"": false, ""item_no"": 3748861, ""period_sort"": ""ONE_DAY"", ""platform"": ""29cm"", ""ranking_category_code"": ""268103100"", ""ranking_category_name"": ""여성의류>상의"", ""review_avg"": 4.5, ""sale_percent"": 19, ""sale_price"": 51030, ""sold_out"": false, ""url"": ""https://product.29cm.co.kr/catalog/3748861""}",2026-10-03T01:00:02+00:00_62faa0ae
2026-10-03T10:00:02+09:00,2026-10-03T01:00:02+00:00,commerce_rank,3/4 Sleeve Slim Fit Shirts White,29cm:3748861@268103100,rank,7.0,"{""brand_eng"": ""MICHIKO LONDON KOSHINO"", ""brand_kor"": ""미치코런던 코시노"", ""brand_no"": 26100, ""category1"": ""여성의류"", ""category2"": ""상의"", ""category3"": ""셔츠"", ""category3_code"": 268103106, ""is_new"": false, ""item_no"": 3748861, ""period_sort"": ""ONE_DAY"", ""platform"": ""29cm"", ""ranking_category_code"": ""268103100"", ""ranking_category_name"": ""여성의류>상의"", ""review_avg"": 4.5, ""sale_percent"": 19, ""sale_price"": 51030, ""sold_out"": false, ""url"": ""https://product.29cm.co.kr/catalog/3748861""}",2026-10-03T01:00:02+00:00_62faa0ae
2026-10-03T10:00:02+09:00,2026-10-03T01:00:02+00:00,commerce_rank,[슈멍 PICK] N HALTER SLEEVELESS LAYERED BLOUSE (BL-4404),29cm:3751107,heart_count,7865.0,"{""brand_eng"": ""ATELIER NAIN"", ""brand_kor"": ""아틀리에 나인"", ""brand_no"": 27282, ""category1"": ""여성의류"", ""category2"": ""상의"", ""category3"": ""블라우스"", ""category3_code"": 268103107, ""is_new"": false, ""item_no"": 3751107, ""period_sort"": ""ONE_DAY"", ""platform"": ""29cm"", ""ranking_category_code"": ""268103100"", ""ranking_category_name"": ""여성의류>상의"", ""review_avg"": 5.0, ""sale_percent"": 30, ""sale_price"": 104300, ""sold_out"": false, ""url"": ""https://product.29cm.co.kr/catalog/3751107""}",2026-10-03T01:00:02+00:00_62faa0ae
2026-10-03T10:00:02+09:00,2026-10-03T01:00:02+00:00,commerce_rank,[슈멍 PICK] N HALTER SLEEVELESS LAYERED BLOUSE (BL-4404),29cm:3751107,review_count,57.0,"{""brand_eng"": ""ATELIER NAIN"", ""brand_kor"": ""아틀리에 나인"", ""brand_no"": 27282, ""category1"": ""여성의류"", ""category2"": ""상의"", ""category3"": ""블라우스"", ""category3_code"": 268103107, ""is_new"": false, ""item_no"": 3751107, ""period_sort"": ""ONE_DAY"", ""platform"": ""29cm"", ""ranking_category_code"": ""268103100"", ""ranking_category_name"": ""여성의류>상의"", ""review_avg"": 5.0, ""sale_percent"": 30, ""sale_price"": 104300, ""sold_out"": false, ""url"": ""https://product.29cm.co.kr/catalog/3751107""}",2026-10-03T01:00:02+00:00_62faa0ae
2026-10-03T10:00:02+09:00,2026-10-03T01:00:02+00:00,commerce_rank,[슈멍 PICK] N HALTER SLEEVELESS LAYERED BLOUSE (BL-4404),29cm:3751107@268103100,rank,83.0,"{""brand_eng"": ""ATELIER NAIN"", ""brand_kor"": ""아틀리에 나인"", ""brand_no"": 27282, ""category1"": ""여성의류"", ""category2"": ""상의"", ""category3"": ""블라우스"", ""category3_code"": 268103107, ""is_new"": false, ""item_no"": 3751107, ""period_sort"": ""ONE_DAY"", ""platform"": ""29cm"", ""ranking_category_code"": ""268103100"", ""ranking_category_name"": ""여성의류>상의"", ""review_avg"": 5.0, ""sale_percent"": 30, ""sale_price"": 104300, ""sold_out"": false, ""url"": ""https://product.29cm.co.kr/catalog/3751107""}",2026-10-03T01:00:02+00:00_62faa0ae
2026-10-03T10:00:02+09:00,2026-10-03T01:00:02+00:00,commerce_rank,[2nd] Long Sleeve Tie T-shirts E201_2color,29cm:3752697,heart_count,1640.0,"{""brand_eng"": ""TENUVE"", ""brand_kor"": ""테누브"", ""brand_no"": 97132, ""category1"": ""여성의류"", ""category2"": ""단독"", ""category3"": ""상의"", ""category3_code"": 268116101, ""is_new"": false, ""item_no"": 3752697, ""period_sort"": ""ONE_DAY"", ""platform"": ""29cm"", ""ranking_category_code"": ""268103100"", ""ranking_category_name"": ""여성의류>상의"", ""review_avg"": 4.5, ""sale_percent"": 28, ""sale_price"": 64080, ""sold_out"": false, ""url"": ""https://product.29cm.co.kr/catalog/3752697""}",2026-10-03T01:00:02+00:00_62faa0ae
2026-10-03T10:00:02+09:00,2026-10-03T01:00:02+00:00,commerce_rank,[2nd] Long Sleeve Tie T-shirts E201_2color,29cm:3752697,review_count,33.0,"{""brand_eng"": ""TENUVE"", ""brand_kor"": ""테누브"", ""brand_no"": 97132, ""category1"": ""여성의류"", ""category2"": ""단독"", ""category3"": ""상의"", ""category3_code"": 268116101, ""is_new"": false, ""item_no"": 3752697, ""period_sort"": ""ONE_DAY"", ""platform"": ""29cm"", ""ranking_category_code"": ""268103100"", ""ranking_category_name"": ""여성의류>상의"", ""review_avg"": 4.5, ""sale_percent"": 28, ""sale_price"": 64080, ""sold_out"": false, ""url"": ""https://product.29cm.co.kr/catalog/3752697""}",2026-10-03T01:00:02+00:00_62faa0ae
2026-10-03T10:00:02+09:00,2026-10-03T01:00:02+00:00,commerce_rank,[2nd] Long Sleeve Tie T-shirts E201_2color,29cm:3752697@268103100,rank,50.0,"{""brand_eng"": ""TENUVE"", ""brand_kor"": ""테누브"", ""brand_no"": 97132, ""category1"": ""여성의류"", ""category2"": ""단독"", ""category3"": ""상의"", ""category3_code"": 268116101, ""is_new"": false, ""item_no"": 3752697, ""period_sort"": ""ONE_DAY"", ""platform"": ""29cm"", ""ranking_category_code"": ""268103100"", ""ranking_category_name"": ""여성의류>상의"", ""review_avg"": 4.5, ""sale_percent"": 28, ""sale_price"": 64080, ""sold_out"": false, ""url"": ""https://product.29cm.co.kr/catalog/3752697""}",2026-10-03T01:00:02+00:00_62faa0ae
2026-10-03T10:00:02+09:00,2026-10-03T01:00:02+00:00,commerce_rank,[12th_10/15 예약배송] Marc waffle t-shirt_melange,29cm:3762890,heart_count,3867.0,"{""brand_eng"": ""Tekto"", ""brand_kor"": ""텍토"", ""brand_no"": 75938, ""category1"": ""여성의류"", ""category2"": ""상의"", ""category3"": ""긴소매 티셔츠"", ""category3_code"": 268103102, ""is_new"": false, ""item_no"": 3762890, ""period_sort"": ""ONE_DAY"", ""platform"": ""29cm"", ""ranking_category_code"": ""268103100"", ""ranking_category_name"": ""여성의류>상의"", ""review_avg"": 5.0, ""sale_percent"": 21, ""sale_price"": 59000, ""sold_out"": false, ""url"": ""https://product.29cm.co.kr/catalog/3762890""}",2026-10-03T01:00:02+00:00_62faa0ae
2026-10-03T10:00:02+09:00,2026-10-03T01:00:02+00:00,commerce_rank,[12th_10/15 예약배송] Marc waffle t-shirt_melange,29cm:3762890,review_count,172.0,"{""brand_eng"": ""Tekto"", ""brand_kor"": ""텍토"", ""brand_no"": 75938, ""category1"": ""여성의류"", ""category2"": ""상의"", ""category3"": ""긴소매 티셔츠"", ""category3_code"": 268103102, ""is_new"": false, ""item_no"": 3762890, ""period_sort"": ""ONE_DAY"", ""platform"": ""29cm"", ""ranking_category_code"": ""268103100"", ""ranking_category_name"": ""여성의류>상의"", ""review_avg"": 5.0, ""sale_percent"": 21, ""sale_price"": 59000, ""sold_out"": false, ""url"": ""https://product.29cm.co.kr/catalog/3762890""}",2026-10-03T01:00:02+00:00_62faa0ae
2026-10-03T10:00:02+09:00,2026-10-03T01:00:02+00:00,commerce_rank,[12th_10/15 예약배송] Marc waffle t-shirt_melange,29cm:3762890@268103100,rank,99.0,"{""brand_eng"": ""Tekto"", ""brand_kor"": ""텍토"", ""brand_no"": 75938, ""category1"": ""여성의류"", ""category2"": ""상의"", ""category3"": ""긴소매 티셔츠"", ""category3_code"": 268103102, ""is_new"": false, ""item_no"": 3762890, ""period_sort"": ""ONE_DAY"", ""platform"": ""29cm"", ""ranking_category_code"": ""268103100"", ""ranking_category_name"": ""여성의류>상의"", ""review_avg"": 5.0, ""sale_percent"": 21, ""sale_price"": 59000, ""sold_out"": false, ""url"": ""https://product.29cm.co.kr/catalog/3762890""}",2026-10-03T01:00:02+00:00_62faa0ae
2026-10-03T10:00:02+09:00,2026-10-03T01:00:02+00:00,commerce_rank,Born Slit Top [BLACK],29cm:3772745,heart_count,1448.0,"{""brand_eng"": ""PROJECTWAVE"", ""brand_kor"": ""프로젝트 웨이브"", ""brand_no"": 52782, ""category1"": ""여성의류"", ""category2"": ""상의"", ""category3"": ""슬리브리스"", ""category3_code"": 268103103, ""is_new"": false, ""item_no"": 3772745, ""period_sort"": ""ONE_DAY"", ""platform"": ""29cm"", ""ranking_category_code"": ""268103100"", ""ranking_category_name"": ""여성의류>상의"", ""review_avg"": 4.5, ""sale_percent"": 10, ""sale_price"": 67320, ""sold_out"": false, ""url"": ""https://product.29cm.co.kr/catalog/3772745""}",2026-10-03T01:00:02+00:00_62faa0ae
2026-10-03T10:00:02+09:00,2026-10-03T01:00:02+00:00,commerce_rank,Born Slit Top [BLACK],29cm:3772745,review_count,4.0,"{""brand_eng"": ""PROJECTWAVE"", ""brand_kor"": ""프로젝트 웨이브"", ""brand_no"": 52782, ""category1"": ""여성의류"", ""category2"": ""상의"", ""category3"": ""슬리브리스"", ""category3_code"": 268103103, ""is_new"": false, ""item_no"": 3772745, ""period_sort"": ""ONE_DAY"", ""platform"": ""29cm"", ""ranking_category_code"": ""268103100"", ""ranking_category_name"": ""여성의류>상의"", ""review_avg"": 4.5, ""sale_percent"": 10, ""sale_price"": 67320, ""sold_out"": false, ""url"": ""https://product.29cm.co.kr/catalog/3772745""}",2026-10-03T01:00:02+00:00_62faa0ae
2026-10-03T10:00:02+09:00,2026-10-03T01:00:02+00:00,commerce_rank,Born Slit Top [BLACK],29cm:3772745@268103100,rank,11.0,"{""brand_eng"": ""PROJECTWAVE"", ""brand_kor"": ""프로젝트 웨이브"", ""brand_no"": 52782, ""category1"": ""여성의류"", ""category2"": ""상의"", ""category3"": ""슬리브리스"", ""category3_code"": 268103103, ""is_new"": false, ""item_no"": 3772745, ""period_sort"": ""ONE_DAY"", ""platform"": ""29cm"", ""ranking_category_code"": ""268103100"", ""ranking_category_name"": ""여성의류>상의"", ""review_avg"": 4.5, ""sale_percent"": 10, ""sale_price"": 67320, ""sold_out"": false, ""url"": ""https://product.29cm.co.kr/catalog/3772745""}",2026-10-03T01:00:02+00:00_62faa0ae
2026-10-03T10:00:02+09:00,2026-10-03T01:00:02+00:00,commerce_rank,[29CM 단독컬러][재이 pick]Number 23 Raglan Off-Shoulder T-Shirt_CTT3002(5color),29cm:3781911,heart_count,10675.0,"{""brand_eng"": ""CITTA"", ""brand_kor"": ""씨타"", ""brand_no"": 71833, ""category1"": ""여성의류"", ""category2"": ""상의"", ""category3"": ""긴소매 티셔츠"", ""category3_code"": 268103102, ""is_new"": false, ""item_no"": 3781911, ""period_sort"": ""ONE_DAY"", ""platform"": ""29cm"", ""ranking_category_code"": ""268103100"", ""ranking_category_name"": ""여성의류>상의"", ""review_avg"": 5.0, ""sale_percent"": 29, ""sale_price"": 39820, ""sold_out"": false, ""url"": ""https://product.29cm.co.kr/catalog/3781911""}",2026-10-03T01:00:02+00:00_62faa0ae
2026-10-03T10:00:02+09:00,2026-10-03T01:00:02+00:00,commerce_rank,[29CM 단독컬러][재이 pick]Number 23 Raglan Off-Shoulder T-Shirt_CTT3002(5color),29cm:3781911,review_count,379.0,"{""brand_eng"": ""CITTA"", ""brand_kor"": ""씨타"", ""brand_no"": 71833, ""category1"": ""여성의류"", ""category2"": ""상의"", ""category3"": ""긴소매 티셔츠"", ""category3_code"": 268103102, ""is_new"": false, ""item_no"": 3781911, ""period_sort"": ""ONE_DAY"", ""platform"": ""29cm"", ""ranking_category_code"": ""268103100"", ""ranking_category_name"": ""여성의류>상의"", ""review_avg"": 5.0, ""sale_percent"": 29, ""sale_price"": 39820, ""sold_out"": false, ""url"": ""https://product.29cm.co.kr/catalog/3781911""}",2026-10-03T01:00:02+00:00_62faa0ae
2026-10-03T10:00:02+09:00,2026-10-03T01:00:02+00:00,commerce_rank,[29CM 단독컬러][재이 pick]Number 23 Raglan Off-Shoulder T-Shirt_CTT3002(5color),29cm:3781911@268103100,rank,46.0,"{""brand_eng"": ""CITTA"", ""brand_kor"": ""씨타"", ""brand_no"": 71833, ""category1"": ""여성의류"", ""category2"": ""상의"", ""category3"": ""긴소매 티셔츠"", ""category3_code"": 268103102, ""is_new"": false, ""item_no"": 3781911, ""period_sort"": ""ONE_DAY"", ""platform"": ""29cm"", ""ranking_category_code"": ""268103100"", ""ranking_category_name"": ""여성의류>상의"", ""review_avg"": 5.0, ""sale_percent"": 29, ""sale_price"": 39820, ""sold_out"": false, ""url"": ""https://product.29cm.co.kr/catalog/3781911""}",2026-10-03T01:00:02+00:00_62faa0ae
2026-10-03T10:00:02+09:00,2026-10-03T01:00:03+00:00,commerce_rank,리브드 크롭 헨리넥 롱슬리브 ( 4Color ),29cm:3787186,heart_count,148.0,"{""brand_eng"": ""BRENSON"", ""brand_kor"": ""브렌슨"", ""brand_no"": 8969, ""category1"": ""남성의류"", ""category2"": ""상의"", ""category3"": ""긴소매 티셔츠"", ""category3_code"": 272103102, ""is_new"": false, ""item_no"": 3787186, ""period_sort"": ""ONE_DAY"", ""platform"": ""29cm"", ""ranking_category_code"": ""272103100"", ""ranking_category_name"": ""남성의류>상의"", ""review_avg"": 5.0, ""sale_percent"": 11, ""sale_price"": 31100, ""sold_out"": false, ""url"": ""https://product.29cm.co.kr/catalog/3787186""}",2026-10-03T01:00:02+00:00_62faa0ae
2026-10-03T10:00:02+09:00,2026-10-03T01:00:03+00:00,commerce_rank,리브드 크롭 헨리넥 롱슬리브 ( 4Color ),29cm:3787186,review_count,1.0,"{""brand_eng"": ""BRENSON"", ""brand_kor"": ""브렌슨"", ""brand_no"": 8969, ""category1"": ""남성의류"", ""category2"": ""상의"", ""category3"": ""긴소매 티셔츠"", ""category3_code"": 272103102, ""is_new"": false, ""item_no"": 3787186, ""period_sort"": ""ONE_DAY"", ""platform"": ""29cm"", ""ranking_category_code"": ""272103100"", ""ranking_category_name"": ""남성의류>상의"", ""review_avg"": 5.0, ""sale_percent"": 11, ""sale_price"": 31100, ""sold_out"": false, ""url"": ""https://product.29cm.co.kr/catalog/3787186""}",2026-10-03T01:00:02+00:00_62faa0ae
2026-10-03T10:00:02+09:00,2026-10-03T01:00:03+00:00,commerce_rank,리브드 크롭 헨리넥 롱슬리브 ( 4Color ),29cm:3787186@272103100,rank,17.0,"{""brand_eng"": ""BRENSON"", ""brand_kor"": ""브렌슨"", ""brand_no"": 8969, ""category1"": ""남성의류"", ""category2"": ""상의"", ""category3"": ""긴소매 티셔츠"", ""category3_code"": 272103102, ""is_new"": false, ""item_no"": 3787186, ""period_sort"": ""ONE_DAY"", ""platform"": ""29cm"", ""ranking_category_code"": ""272103100"", ""ranking_category_name"": ""남성의류>상의"", ""review_avg"": 5.0, ""sale_percent"": 11, ""sale_price"": 31100, ""sold_out"": false, ""url"": ""https://product.29cm.co.kr/catalog/3787186""}",2026-10-03T01:00:02+00:00_62faa0ae
2026-10-03T10:00:02+09:00,2026-10-03T01:00:03+00:00,commerce_rank,ARC CORE LONG SLEEVE TEE - WASHED BLACK,29cm:3793959,heart_count,6.0,"{""brand_eng"": ""NOMANUAL"", ""brand_kor"": ""노매뉴얼"", ""brand_no"": 4625, ""category1"": ""남성의류"", ""category2"": ""상의"", ""category3"": ""긴소매 티셔츠"", ""category3_code"": 272103102, ""is_new"": false, ""item_no"": 3793959, ""period_sort"": ""ONE_DAY"", ""platform"": ""29cm"", ""ranking_category_code"": ""272103100"", ""ranking_category_name"": ""남성의류>상의"", ""review_avg"": 0.0, ""sale_percent"": 30, ""sale_price"": 58800, ""sold_out"": false, ""url"": ""https://product.29cm.co.kr/catalog/3793959""}",2026-10-03T01:00:02+00:00_62faa0ae
2026-10-03T10:00:02+09:00,2026-10-03T01:00:03+00:00,commerce_rank,ARC CORE LONG SLEEVE TEE - WASHED BLACK,29cm:3793959,review_count,0.0,"{""brand_eng"": ""NOMANUAL"", ""brand_kor"": ""노매뉴얼"", ""brand_no"": 4625, ""category1"": ""남성의류"", ""category2"": ""상의"", ""category3"": ""긴소매 티셔츠"", ""category3_code"": 272103102, ""is_new"": false, ""item_no"": 3793959, ""period_sort"": ""ONE_DAY"", ""platform"": ""29cm"", ""ranking_category_code"": ""272103100"", ""ranking_category_name"": ""남성의류>상의"", ""review_avg"": 0.0, ""sale_percent"": 30, ""sale_price"": 58800, ""sold_out"": false, ""url"": ""https://product.29cm.co.kr/catalog/3793959""}",2026-10-03T01:00:02+00:00_62faa0ae
2026-10-03T10:00:02+09:00,2026-10-03T01:00:03+00:00,commerce_rank,ARC CORE LONG SLEEVE TEE - WASHED BLACK,29cm:3793959@272103100,rank,82.0,"{""brand_eng"": ""NOMANUAL"", ""brand_kor"": ""노매뉴얼"", ""brand_no"": 4625, ""category1"": ""남성의류"", ""category2"": ""상의"", ""category3"": ""긴소매 티셔츠"", ""category3_code"": 272103102, ""is_new"": false, ""item_no"": 3793959, ""period_sort"": ""ONE_DAY"", ""platform"": ""29cm"", ""ranking_category_code"": ""272103100"", ""ranking_category_name"": ""남성의류>상의"", ""review_avg"": 0.0, ""sale_percent"": 30, ""sale_price"": 58800, ""sold_out"": false, ""url"": ""https://product.29cm.co.kr/catalog/3793959""}",2026-10-03T01:00:02+00:00_62faa0ae
2026-10-03T10:00:02+09:00,2026-10-03T01:00:03+00:00,commerce_rank,15 WORK SHIRT (white),29cm:3795835,heart_count,30.0,"{""brand_eng"": ""boogieholiday"", ""brand_kor"": ""부기홀리데이"", ""brand_no"": 11709, ""category1"": ""남성의류"", ""category2"": ""상의"", ""category3"": ""긴소매 셔츠"", ""category3_code"": 272103106, ""is_new"": false, ""item_no"": 3795835, ""period_sort"": ""ONE_DAY"", ""platform"": ""29cm"", ""ranking_category_code"": ""272103100"", ""ranking_category_name"": ""남성의류>상의"", ""review_avg"": 4.5, ""sale_percent"": 0, ""sale_price"": 178000, ""sold_out"": false, ""url"": ""https://product.29cm.co.kr/catalog/3795835""}",2026-10-03T01:00:02+00:00_62faa0ae
2026-10-03T10:00:02+09:00,2026-10-03T01:00:03+00:00,commerce_rank,15 WORK SHIRT (white),29cm:3795835,review_count,2.0,"{""brand_eng"": ""boogieholiday"", ""brand_kor"": ""부기홀리데이"", ""brand_no"": 11709, ""category1"": ""남성의류"", ""category2"": ""상의"", ""category3"": ""긴소매 셔츠"", ""category3_code"": 272103106, ""is_new"": false, ""item_no"": 3795835, ""period_sort"": ""ONE_DAY"", ""platform"": ""29cm"", ""ranking_category_code"": ""272103100"", ""ranking_category_name"": ""남성의류>상의"", ""review_avg"": 4.5, ""sale_percent"": 0, ""sale_price"": 178000, ""sold_out"": false, ""url"": ""https://product.29cm.co.kr/catalog/3795835""}",2026-10-03T01:00:02+00:00_62faa0ae
2026-10-03T10:00:02+09:00,2026-10-03T01:00:03+00:00,commerce_rank,15 WORK SHIRT (white),29cm:3795835@272103100,rank,97.0,"{""brand_eng"": ""boogieholiday"", ""brand_kor"": ""부기홀리데이"", ""brand_no"": 11709, ""category1"": ""남성의류"", ""category2"": ""상의"", ""category3"": ""긴소매 셔츠"", ""category3_code"": 272103106, ""is_new"": false, ""item_no"": 3795835, ""period_sort"": ""ONE_DAY"", ""platform"": ""29cm"", ""ranking_category_code"": ""272103100"", ""ranking_category_name"": ""남성의류>상의"", ""review_avg"": 4.5, ""sale_percent"": 0, ""sale_price"": 178000, ""sold_out"": false, ""url"": ""https://product.29cm.co.kr/catalog/3795835""}",2026-10-03T01:00:02+00:00_62faa0ae
2026-10-03T10:00:02+09:00,2026-10-03T01:00:02+00:00,commerce_rank,[14차/경리님 착용]Cut-off one shoulder sweatshirt_melange pink,29cm:3798217,heart_count,12888.0,"{""brand_eng"": ""AARAN"", ""brand_kor"": ""어랜"", ""brand_no"": 25864, ""category1"": ""여성의류"", ""category2"": ""상의"", ""category3"": ""스웨트셔츠"", ""category3_code"": 268103104, ""is_new"": false, ""item_no"": 3798217, ""period_sort"": ""ONE_DAY"", ""platform"": ""29cm"", ""ranking_category_code"": ""268103100"", ""ranking_category_name"": ""여성의류>상의"", ""review_avg"": 4.5, ""sale_percent"": 10, ""sale_price"": 76500, ""sold_out"": false, ""url"": ""https://product.29cm.co.kr/catalog/3798217""}",2026-10-03T01:00:02+00:00_62faa0ae
2026-10-03T10:00:02+09:00,2026-10-03T01:00:02+00:00,commerce_rank,[14차/경리님 착용]Cut-off one shoulder sweatshirt_melange pink,29cm:3798217,review_count,255.0,"{""brand_eng"": ""AARAN"", ""brand_kor"": ""어랜"", ""brand_no"": 25864, ""category1"": ""여성의류"", ""category2"": ""상의"", ""category3"": ""스웨트셔츠"", ""category3_code"": 268103104, ""is_new"": false, ""item_no"": 3798217, ""period_sort"": ""ONE_DAY"", ""platform"": ""29cm"", ""ranking_category_code"": ""268103100"", ""ranking_category_name"": ""여성의류>상의"", ""review_avg"": 4.5, ""sale_percent"": 10, ""sale_price"": 76500, ""sold_out"": false, ""url"": ""https://product.29cm.co.kr/catalog/3798217""}",2026-10-03T01:00:02+00:00_62faa0ae
2026-10-03T10:00:02+09:00,2026-10-03T01:00:02+00:00,commerce_rank,[14차/경리님 착용]Cut-off one shoulder sweatshirt_melange pink,29cm:3798217@268103100,rank,19.0,"{""brand_eng"": ""AARAN"", ""brand_kor"": ""어랜"", ""brand_no"": 25864, ""category1"": ""여성의류"", ""category2"": ""상의"", ""category3"": ""스웨트셔츠"", ""category3_code"": 268103104, ""is_new"": false, ""item_no"": 3798217, ""period_sort"": ""ONE_DAY"", ""platform"": ""29cm"", ""ranking_category_code"": ""268103100"", ""ranking_category_name"": ""여성의류>상의"", ""review_avg"": 4.5, ""sale_percent"": 10, ""sale_price"": 76500, ""sold_out"": false, ""url"": ""https://product.29cm.co.kr/catalog/3798217""}",2026-10-03T01:00:02+00:00_62faa0ae
2026-10-03T10:00:02+09:00,2026-10-03T01:00:02+00:00,commerce_rank,[16차/예약배송] Multi raglan sweatshirt (oatmeal+navy),29cm:3804547,heart_count,4966.0,"{""brand_eng"": ""CORE DE"", ""brand_kor"": ""코어드"", ""brand_no"": 49308, ""category1"": ""여성의류"", ""category2"": ""상의"", ""category3"": ""스웨트셔츠"", ""category3_code"": 268103104, ""is_new"": false, ""item_no"": 3804547, ""period_sort"": ""ONE_DAY"", ""platform"": ""29cm"", ""ranking_category_code"": ""268103100"", ""ranking_category_name"": ""여성의류>상의"", ""review_avg"": 5.0, ""sale_percent"": 0, ""sale_price"": 89000, ""sold_out"": false, ""url"": ""https://product.29cm.co.kr/catalog/3804547""}",2026-10-03T01:00:02+00:00_62faa0ae
2026-10-03T10:00:02+09:00,2026-10-03T01:00:02+00:00,commerce_rank,[16차/예약배송] Multi raglan sweatshirt (oatmeal+navy),29cm:3804547,review_count,113.0,"{""brand_eng"": ""CORE DE"", ""brand_kor"": ""코어드"", ""brand_no"": 49308, ""category1"": ""여성의류"", ""category2"": ""상의"", ""category3"": ""스웨트셔츠"", ""category3_code"": 268103104, ""is_new"": false, ""item_no"": 3804547, ""period_sort"": ""ONE_DAY"", ""platform"": ""29cm"", ""ranking_category_code"": ""268103100"", ""ranking_category_name"": ""여성의류>상의"", ""review_avg"": 5.0, ""sale_percent"": 0, ""sale_price"": 89000, ""sold_out"": false, ""url"": ""https://product.29cm.co.kr/catalog/3804547""}",2026-10-03T01:00:02+00:00_62faa0ae
2026-10-03T10:00:02+09:00,2026-10-03T01:00:02+00:00,commerce_rank,[16차/예약배송] Multi raglan sweatshirt (oatmeal+navy),29cm:3804547@268103100,rank,56.0,"{""brand_eng"": ""CORE DE"", ""brand_kor"": ""코어드"", ""brand_no"": 49308, ""category1"": ""여성의류"", ""category2"": ""상의"", ""category3"": ""스웨트셔츠"", ""category3_code"": 268103104, ""is_new"": false, ""item_no"": 3804547, ""period_sort"": ""ONE_DAY"", ""platform"": ""29cm"", ""ranking_category_code"": ""268103100"", ""ranking_category_name"": ""여성의류>상의"", ""review_avg"": 5.0, ""sale_percent"": 0, ""sale_price"": 89000, ""sold_out"": false, ""url"": ""https://product.29cm.co.kr/catalog/3804547""}",2026-10-03T01:00:02+00:00_62faa0ae
2026-10-03T10:00:02+09:00,2026-10-03T01:00:03+00:00,commerce_rank,TG2-SH10 피마 스냅다운 셔츠 - [시티블루],29cm:3805523,heart_count,370.0,"{""brand_eng"": ""THOMAS MORE"", ""brand_kor"": ""토마스모어"", ""brand_no"": 2111, ""category1"": ""남성의류"", ""category2"": ""상의"", ""category3"": ""긴소매 셔츠"", ""category3_code"": 272103106, ""is_new"": false, ""item_no"": 3805523, ""period_sort"": ""ONE_DAY"", ""platform"": ""29cm"", ""ranking_category_code"": ""272103100"", ""ranking_category_name"": ""남성의류>상의"", ""review_avg"": 4.5, ""sale_percent"": 0, ""sale_price"": 79500, ""sold_out"": false, ""url"": ""https://product.29cm.co.kr/catalog/3805523""}",2026-10-03T01:00:02+00:00_62faa0ae
2026-10-03T10:00:02+09:00,2026-10-03T01:00:03+00:00,commerce_rank,TG2-SH10 피마 스냅다운 셔츠 - [시티블루],29cm:3805523,review_count,38.0,"{""brand_eng"": ""THOMAS MORE"", ""brand_kor"": ""토마스모어"", ""brand_no"": 2111, ""category1"": ""남성의류"", ""category2"": ""상의"", ""category3"": ""긴소매 셔츠"", ""category3_code"": 272103106, ""is_new"": false, ""item_no"": 3805523, ""period_sort"": ""ONE_DAY"", ""platform"": ""29cm"", ""ranking_category_code"": ""272103100"", ""ranking_category_name"": ""남성의류>상의"", ""review_avg"": 4.5, ""sale_percent"": 0, ""sale_price"": 79500, ""sold_out"": false, ""url"": ""https://product.29cm.co.kr/catalog/3805523""}",2026-10-03T01:00:02+00:00_62faa0ae
2026-10-03T10:00:02+09:00,2026-10-03T01:00:03+00:00,commerce_rank,TG2-SH10 피마 스냅다운 셔츠 - [시티블루],29cm:3805523@272103100,rank,70.0,"{""brand_eng"": ""THOMAS MORE"", ""brand_kor"": ""토마스모어"", ""brand_no"": 2111, ""category1"": ""남성의류"", ""category2"": ""상의"", ""category3"": ""긴소매 셔츠"", ""category3_code"": 272103106, ""is_new"": false, ""item_no"": 3805523, ""period_sort"": ""ONE_DAY"", ""platform"": ""29cm"", ""ranking_category_code"": ""272103100"", ""ranking_category_name"": ""남성의류>상의"", ""review_avg"": 4.5, ""sale_percent"": 0, ""sale_price"": 79500, ""sold_out"": false, ""url"": ""https://product.29cm.co.kr/catalog/3805523""}",2026-10-03T01:00:02+00:00_62faa0ae
2026-10-03T10:00:02+09:00,2026-10-03T01:00:03+00:00,commerce_rank,"Washed Long Sleeve, Black",29cm:3897381,heart_count,443.0,"{""brand_eng"": ""BROWNYARD"", ""brand_kor"": ""브라운야드"", ""brand_no"": 2211, ""category1"": ""남성의류"", ""category2"": ""상의"", ""category3"": ""긴소매 티셔츠"", ""category3_code"": 272103102, ""is_new"": false, ""item_no"": 3897381, ""period_sort"": ""ONE_DAY"", ""platform"": ""29cm"", ""ranking_category_code"": ""272103100"", ""ranking_category_name"": ""남성의류>상의"", ""review_avg"": 5.0, ""sale_percent"": 0, ""sale_price"": 78000, ""sold_out"": false, ""url"": ""https://product.29cm.co.kr/catalog/3897381""}",2026-10-03T01:00:02+00:00_62faa0ae
2026-10-03T10:00:02+09:00,2026-10-03T01:00:03+00:00,commerce_rank,"Washed Long Sleeve, Black",29cm:3897381,review_count,26.0,"{""brand_eng"": ""BROWNYARD"", ""brand_kor"": ""브라운야드"", ""brand_no"": 2211, ""category1"": ""남성의류"", ""category2"": ""상의"", ""category3"": ""긴소매 티셔츠"", ""category3_code"": 272103102, ""is_new"": false, ""item_no"": 3897381, ""period_sort"": ""ONE_DAY"", ""platform"": ""29cm"", ""ranking_category_code"": ""272103100"", ""ranking_category_name"": ""남성의류>상의"", ""review_avg"": 5.0, ""sale_percent"": 0, ""sale_price"": 78000, ""sold_out"": false, ""url"": ""https://product.29cm.co.kr/catalog/3897381""}",2026-10-03T01:00:02+00:00_62faa0ae
2026-10-03T10:00:02+09:00,2026-10-03T01:00:03+00:00,commerce_rank,"Washed Long Sleeve, Black",29cm:3897381@272103100,rank,45.0,"{""brand_eng"": ""BROWNYARD"", ""brand_kor"": ""브라운야드"", ""brand_no"": 2211, ""category1"": ""남성의류"", ""category2"": ""상의"", ""category3"": ""긴소매 티셔츠"", ""category3_code"": 272103102, ""is_new"": false, ""item_no"": 3897381, ""period_sort"": ""ONE_DAY"", ""platform"": ""29cm"", ""ranking_category_code"": ""272103100"", ""ranking_category_name"": ""남성의류>상의"", ""review_avg"": 5.0, ""sale_percent"": 0, ""sale_price"": 78000, ""sold_out"": false, ""url"": ""https://product.29cm.co.kr/catalog/3897381""}",2026-10-03T01:00:02+00:00_62faa0ae
2026-10-03T10:00:02+09:00,2026-10-03T01:00:03+00:00,commerce_rank,"Chambray Shirt, Ivory",29cm:3930363,heart_count,183.0,"{""brand_eng"": ""BROWNYARD"", ""brand_kor"": ""브라운야드"", ""brand_no"": 2211, ""category1"": ""남성의류"", ""category2"": ""상의"", ""category3"": ""긴소매 셔츠"", ""category3_code"": 272103106, ""is_new"": false, ""item_no"": 3930363, ""period_sort"": ""ONE_DAY"", ""platform"": ""29cm"", ""ranking_category_code"": ""272103100"", ""ranking_category_name"": ""남성의류>상의"", ""review_avg"": 5.0, ""sale_percent"": 30, ""sale_price"": 124600, ""sold_out"": false, ""url"": ""https://product.29cm.co.kr/catalog/3930363""}",2026-10-03T01:00:02+00:00_62faa0ae
2026-10-03T10:00:02+09:00,2026-10-03T01:00:03+00:00,commerce_rank,"Chambray Shirt, Ivory",29cm:3930363,review_count,9.0,"{""brand_eng"": ""BROWNYARD"", ""brand_kor"": ""브라운야드"", ""brand_no"": 2211, ""category1"": ""남성의류"", ""category2"": ""상의"", ""category3"": ""긴소매 셔츠"", ""category3_code"": 272103106, ""is_new"": false, ""item_no"": 3930363, ""period_sort"": ""ONE_DAY"", ""platform"": ""29cm"", ""ranking_category_code"": ""272103100"", ""ranking_category_name"": ""남성의류>상의"", ""review_avg"": 5.0, ""sale_percent"": 30, ""sale_price"": 124600, ""sold_out"": false, ""url"": ""https://product.29cm.co.kr/catalog/3930363""}",2026-10-03T01:00:02+00:00_62faa0ae
2026-10-03T10:00:02+09:00,2026-10-03T01:00:03+00:00,commerce_rank,"Chambray Shirt, Ivory",29cm:3930363@272103100,rank,75.0,"{""brand_eng"": ""BROWNYARD"", ""brand_kor"": ""브라운야드"", ""brand_no"": 2211, ""category1"": ""남성의류"", ""category2"": ""상의"", ""category3"": ""긴소매 셔츠"", ""category3_code"": 272103106, ""is_new"": false, ""item_no"": 3930363, ""period_sort"": ""ONE_DAY"", ""platform"": ""29cm"", ""ranking_category_code"": ""272103100"", ""ranking_category_name"": ""남성의류>상의"", ""review_avg"": 5.0, ""sale_percent"": 30, ""sale_price"": 124600, ""sold_out"": false, ""url"": ""https://product.29cm.co.kr/catalog/3930363""}",2026-10-03T01:00:02+00:00_62faa0ae
2026-10-03T10:00:02+09:00,2026-10-03T01:00:03+00:00,commerce_rank,LAUNDRY SMALL CHECK SHIRT [CHARCOAL BLACK],29cm:3945677,heart_count,668.0,"{""brand_eng"": ""UNION BLUE"", ""brand_kor"": ""유니온 블루"", ""brand_no"": 13510, ""category1"": ""남성의류"", ""category2"": ""상의"", ""category3"": ""긴소매 셔츠"", ""category3_code"": 272103106, ""is_new"": false, ""item_no"": 3945677, ""period_sort"": ""ONE_DAY"", ""platform"": ""29cm"", ""ranking_category_code"": ""272103100"", ""ranking_category_name"": ""남성의류>상의"", ""review_avg"": 5.0, ""sale_percent"": 5, ""sale_price"": 82650, ""sold_out"": false, ""url"": ""https://product.29cm.co.kr/catalog/3945677""}",2026-10-03T01:00:02+00:00_62faa0ae
2026-10-03T10:00:02+09:00,2026-10-03T01:00:03+00:00,commerce_rank,LAUNDRY SMALL CHECK SHIRT [CHARCOAL BLACK],29cm:3945677,review_count,46.0,"{""brand_eng"": ""UNION BLUE"", ""brand_kor"": ""유니온 블루"", ""brand_no"": 13510, ""category1"": ""남성의류"", ""category2"": ""상의"", ""category3"": ""긴소매 셔츠"", ""category3_code"": 272103106, ""is_new"": false, ""item_no"": 3945677, ""period_sort"": ""ONE_DAY"", ""platform"": ""29cm"", ""ranking_category_code"": ""272103100"", ""ranking_category_name"": ""남성의류>상의"", ""review_avg"": 5.0, ""sale_percent"": 5, ""sale_price"": 82650, ""sold_out"": false, ""url"": ""https://product.29cm.co.kr/catalog/3945677""}",2026-10-03T01:00:02+00:00_62faa0ae
2026-10-03T10:00:02+09:00,2026-10-03T01:00:03+00:00,commerce_rank,LAUNDRY SMALL CHECK SHIRT [CHARCOAL BLACK],29cm:3945677@272103100,rank,14.0,"{""brand_eng"": ""UNION BLUE"", ""brand_kor"": ""유니온 블루"", ""brand_no"": 13510, ""category1"": ""남성의류"", ""category2"": ""상의"", ""category3"": ""긴소매 셔츠"", ""category3_code"": 272103106, ""is_new"": false, ""item_no"": 3945677, ""period_sort"": ""ONE_DAY"", ""platform"": ""29cm"", ""ranking_category_code"": ""272103100"", ""ranking_category_name"": ""남성의류>상의"", ""review_avg"": 5.0, ""sale_percent"": 5, ""sale_price"": 82650, ""sold_out"": false, ""url"": ""https://product.29cm.co.kr/catalog/3945677""}",2026-10-03T01:00:02+00:00_62faa0ae
2026-10-03T10:00:02+09:00,2026-10-03T01:00:03+00:00,commerce_rank,Inside Curve Raglan L/S Tee Orange,29cm:4001951,heart_count,261.0,"{""brand_eng"": ""TEKET"", ""brand_kor"": ""테켓"", ""brand_no"": 34509, ""category1"": ""여성의류"", ""category2"": ""상의"", ""category3"": ""긴소매 티셔츠"", ""category3_code"": 268103102, ""is_new"": false, ""item_no"": 4001951, ""period_sort"": ""ONE_DAY"", ""platform"": ""29cm"", ""ranking_category_code"": ""272103100"", ""ranking_category_name"": ""남성의류>상의"", ""review_avg"": 5.0, ""sale_percent"": 5, ""sale_price"": 65550, ""sold_out"": false, ""url"": ""https://product.29cm.co.kr/catalog/4001951""}",2026-10-03T01:00:02+00:00_62faa0ae
2026-10-03T10:00:02+09:00,2026-10-03T01:00:03+00:00,commerce_rank,Inside Curve Raglan L/S Tee Orange,29cm:4001951,review_count,3.0,"{""brand_eng"": ""TEKET"", ""brand_kor"": ""테켓"", ""brand_no"": 34509, ""category1"": ""여성의류"", ""category2"": ""상의"", ""category3"": ""긴소매 티셔츠"", ""category3_code"": 268103102, ""is_new"": false, ""item_no"": 4001951, ""period_sort"": ""ONE_DAY"", ""platform"": ""29cm"", ""ranking_category_code"": ""272103100"", ""ranking_category_name"": ""남성의류>상의"", ""review_avg"": 5.0, ""sale_percent"": 5, ""sale_price"": 65550, ""sold_out"": false, ""url"": ""https://product.29cm.co.kr/catalog/4001951""}",2026-10-03T01:00:02+00:00_62faa0ae
2026-10-03T10:00:02+09:00,2026-10-03T01:00:03+00:00,commerce_rank,Inside Curve Raglan L/S Tee Orange,29cm:4001951@272103100,rank,94.0,"{""brand_eng"": ""TEKET"", ""brand_kor"": ""테켓"", ""brand_no"": 34509, ""category1"": ""여성의류"", ""category2"": ""상의"", ""category3"": ""긴소매 티셔츠"", ""category3_code"": 268103102, ""is_new"": false, ""item_no"": 4001951, ""period_sort"": ""ONE_DAY"", ""platform"": ""29cm"", ""ranking_category_code"": ""272103100"", ""ranking_category_name"": ""남성의류>상의"", ""review_avg"": 5.0, ""sale_percent"": 5, ""sale_price"": 65550, ""sold_out"": false, ""url"": ""https://product.29cm.co.kr/catalog/4001951""}",2026-10-03T01:00:02+00:00_62faa0ae
2026-10-03T10:00:02+09:00,2026-10-03T01:00:03+00:00,commerce_rank,SEMI CROP CHECK SHIRT [SLATE],29cm:4040012,heart_count,303.0,"{""brand_eng"": ""UNION BLUE"", ""brand_kor"": ""유니온 블루"", ""brand_no"": 13510, ""category1"": ""남성의류"", ""category2"": ""상의"", ""category3"": ""긴소매 셔츠"", ""category3_code"": 272103106, ""is_new"": false, ""item_no"": 4040012, ""period_sort"": ""ONE_DAY"", ""platform"": ""29cm"", ""ranking_category_code"": ""272103100"", ""ranking_category_name"": ""남성의류>상의"", ""review_avg"": 5.0, ""sale_percent"": 5, ""sale_price"": 77900, ""sold_out"": false, ""url"": ""https://product.29cm.co.kr/catalog/4040012""}",2026-10-03T01:00:02+00:00_62faa0ae
2026-10-03T10:00:02+09:00,2026-10-03T01:00:03+00:00,commerce_rank,SEMI CROP CHECK SHIRT [SLATE],29cm:4040012,review_count,24.0,"{""brand_eng"": ""UNION BLUE"", ""brand_kor"": ""유니온 블루"", ""brand_no"": 13510, ""category1"": ""남성의류"", ""category2"": ""상의"", ""category3"": ""긴소매 셔츠"", ""category3_code"": 272103106, ""is_new"": false, ""item_no"": 4040012, ""period_sort"": ""ONE_DAY"", ""platform"": ""29cm"", ""ranking_category_code"": ""272103100"", ""ranking_category_name"": ""남성의류>상의"", ""review_avg"": 5.0, ""sale_percent"": 5, ""sale_price"": 77900, ""sold_out"": false, ""url"": ""https://product.29cm.co.kr/catalog/4040012""}",2026-10-03T01:00:02+00:00_62faa0ae
2026-10-03T10:00:02+09:00,2026-10-03T01:00:03+00:00,commerce_rank,SEMI CROP CHECK SHIRT [SLATE],29cm:4040012@272103100,rank,52.0,"{""brand_eng"": ""UNION BLUE"", ""brand_kor"": ""유니온 블루"", ""brand_no"": 13510, ""category1"": ""남성의류"", ""category2"": ""상의"", ""category3"": ""긴소매 셔츠"", ""category3_code"": 272103106, ""is_new"": false, ""item_no"": 4040012, ""period_sort"": ""ONE_DAY"", ""platform"": ""29cm"", ""ranking_category_code"": ""272103100"", ""ranking_category_name"": ""남성의류>상의"", ""review_avg"": 5.0, ""sale_percent"": 5, ""sale_price"": 77900, ""sold_out"": false, ""url"": ""https://product.29cm.co.kr/catalog/4040012""}",2026-10-03T01:00:02+00:00_62faa0ae
2026-10-03T10:00:02+09:00,2026-10-03T01:00:02+00:00,commerce_rank,Corduroy Mid Sleeve Shirt_Khaki Beige,29cm:4081083,heart_count,9285.0,"{""brand_eng"": ""108POUND"", ""brand_kor"": ""108파운드"", ""brand_no"": 86198, ""category1"": ""여성의류"", ""category2"": ""상의"", ""category3"": ""셔츠"", ""category3_code"": 268103106, ""is_new"": false, ""item_no"": 4081083, ""period_sort"": ""ONE_DAY"", ""platform"": ""29cm"", ""ranking_category_code"": ""268103100"", ""ranking_category_name"": ""여성의류>상의"", ""review_avg"": 4.5, ""sale_percent"": 21, ""sale_price"": 72730, ""sold_out"": false, ""url"": ""https://product.29cm.co.kr/catalog/4081083""}",2026-10-03T01:00:02+00:00_62faa0ae
2026-10-03T10:00:02+09:00,2026-10-03T01:00:02+00:00,commerce_rank,Corduroy Mid Sleeve Shirt_Khaki Beige,29cm:4081083,review_count,105.0,"{""brand_eng"": ""108POUND"", ""brand_kor"": ""108파운드"", ""brand_no"": 86198, ""category1"": ""여성의류"", ""category2"": ""상의"", ""category3"": ""셔츠"", ""category3_code"": 268103106, ""is_new"": false, ""item_no"": 4081083, ""period_sort"": ""ONE_DAY"", ""platform"": ""29cm"", ""ranking_category_code"": ""268103100"", ""ranking_category_name"": ""여성의류>상의"", ""review_avg"": 4.5, ""sale_percent"": 21, ""sale_price"": 72730, ""sold_out"": false, ""url"": ""https://product.29cm.co.kr/catalog/4081083""}",2026-10-03T01:00:02+00:00_62faa0ae
2026-10-03T10:00:02+09:00,2026-10-03T01:00:02+00:00,commerce_rank,Corduroy Mid Sleeve Shirt_Khaki Beige,29cm:4081083@268103100,rank,57.0,"{""brand_eng"": ""108POUND"", ""brand_kor"": ""108파운드"", ""brand_no"": 86198, ""category1"": ""여성의류"", ""category2"": ""상의"", ""category3"": ""셔츠"", ""category3_code"": 268103106, ""is_new"": false, ""item_no"": 4081083, ""period_sort"": ""ONE_DAY"", ""platform"": ""29cm"", ""ranking_category_code"": ""268103100"", ""ranking_category_name"": ""여성의류>상의"", ""review_avg"": 4.5, ""sale_percent"": 21, ""sale_price"": 72730, ""sold_out"": false, ""url"": ""https://product.29cm.co.kr/catalog/4081083""}",2026-10-03T01:00:02+00:00_62faa0ae
2026-10-03T10:00:02+09:00,2026-10-03T01:00:02+00:00,commerce_rank,Corduroy Mid Sleeve Shirt_Navy,29cm:4081084,heart_count,3713.0,"{""brand_eng"": ""108POUND"", ""brand_kor"": ""108파운드"", ""brand_no"": 86198, ""category1"": ""여성의류"", ""category2"": ""상의"", ""category3"": ""셔츠"", ""category3_code"": 268103106, ""is_new"": false, ""item_no"": 4081084, ""period_sort"": ""ONE_DAY"", ""platform"": ""29cm"", ""ranking_category_code"": ""268103100"", ""ranking_category_name"": ""여성의류>상의"", ""review_avg"": 4.5, ""sale_percent"": 21, ""sale_price"": 72730, ""sold_out"": false, ""url"": ""https://product.29cm.co.kr/catalog/4081084""}",2026-10-03T01:00:02+00:00_62faa0ae
2026-10-03T10:00:02+09:00,2026-10-03T01:00:02+00:00,commerce_rank,Corduroy Mid Sleeve Shirt_Navy,29cm:4081084,review_count,82.0,"{""brand_eng"": ""108POUND"", ""brand_kor"": ""108파운드"", ""brand_no"": 86198, ""category1"": ""여성의류"", ""category2"": ""상의"", ""category3"": ""셔츠"", ""category3_code"": 268103106, ""is_new"": false, ""item_no"": 4081084, ""period_sort"": ""ONE_DAY"", ""platform"": ""29cm"", ""ranking_category_code"": ""268103100"", ""ranking_category_name"": ""여성의류>상의"", ""review_avg"": 4.5, ""sale_percent"": 21, ""sale_price"": 72730, ""sold_out"": false, ""url"": ""https://product.29cm.co.kr/catalog/4081084""}",2026-10-03T01:00:02+00:00_62faa0ae
2026-10-03T10:00:02+09:00,2026-10-03T01:00:02+00:00,commerce_rank,Corduroy Mid Sleeve Shirt_Navy,29cm:4081084@268103100,rank,71.0,"{""brand_eng"": ""108POUND"", ""brand_kor"": ""108파운드"", ""brand_no"": 86198, ""category1"": ""여성의류"", ""category2"": ""상의"", ""category3"": ""셔츠"", ""category3_code"": 268103106, ""is_new"": false, ""item_no"": 4081084, ""period_sort"": ""ONE_DAY"", ""platform"": ""29cm"", ""ranking_category_code"": ""268103100"", ""ranking_category_name"": ""여성의류>상의"", ""review_avg"": 4.5, ""sale_percent"": 21, ""sale_price"": 72730, ""sold_out"": false, ""url"": ""https://product.29cm.co.kr/catalog/4081084""}",2026-10-03T01:00:02+00:00_62faa0ae
2026-10-03T10:00:02+09:00,2026-10-03T01:00:02+00:00,commerce_rank,Dusty Raglan Tee_Beige,29cm:4081115,heart_count,13715.0,"{""brand_eng"": ""108POUND"", ""brand_kor"": ""108파운드"", ""brand_no"": 86198, ""category1"": ""여성의류"", ""category2"": ""상의"", ""category3"": ""긴소매 티셔츠"", ""category3_code"": 268103102, ""is_new"": false, ""item_no"": 4081115, ""period_sort"": ""ONE_DAY"", ""platform"": ""29cm"", ""ranking_category_code"": ""268103100"", ""ranking_category_name"": ""여성의류>상의"", ""review_avg"": 4.5, ""sale_percent"": 23, ""sale_price"": 37490, ""sold_out"": false, ""url"": ""https://product.29cm.co.kr/catalog/4081115""}",2026-10-03T01:00:02+00:00_62faa0ae
2026-10-03T10:00:02+09:00,2026-10-03T01:00:02+00:00,commerce_rank,Dusty Raglan Tee_Beige,29cm:4081115,review_count,193.0,"{""brand_eng"": ""108POUND"", ""brand_kor"": ""108파운드"", ""brand_no"": 86198, ""category1"": ""여성의류"", ""category2"": ""상의"", ""category3"": ""긴소매 티셔츠"", ""category3_code"": 268103102, ""is_new"": false, ""item_no"": 4081115, ""period_sort"": ""ONE_DAY"", ""platform"": ""29cm"", ""ranking_category_code"": ""268103100"", ""ranking_category_name"": ""여성의류>상의"", ""review_avg"": 4.5, ""sale_percent"": 23, ""sale_price"": 37490, ""sold_out"": false, ""url"": ""https://product.29cm.co.kr/catalog/4081115""}",2026-10-03T01:00:02+00:00_62faa0ae
2026-10-03T10:00:02+09:00,2026-10-03T01:00:02+00:00,commerce_rank,Dusty Raglan Tee_Beige,29cm:4081115@268103100,rank,85.0,"{""brand_eng"": ""108POUND"", ""brand_kor"": ""108파운드"", ""brand_no"": 86198, ""category1"": ""여성의류"", ""category2"": ""상의"", ""category3"": ""긴소매 티셔츠"", ""category3_code"": 268103102, ""is_new"": false, ""item_no"": 4081115, ""period_sort"": ""ONE_DAY"", ""platform"": ""29cm"", ""ranking_category_code"": ""268103100"", ""ranking_category_name"": ""여성의류>상의"", ""review_avg"": 4.5, ""sale_percent"": 23, ""sale_price"": 37490, ""sold_out"": false, ""url"": ""https://product.29cm.co.kr/catalog/4081115""}",2026-10-03T01:00:02+00:00_62faa0ae
2026-10-03T10:00:02+09:00,2026-10-03T01:00:02+00:00,commerce_rank,Henley 3/4 Sleeve Tee_Melange Gray,29cm:4081120,heart_count,10124.0,"{""brand_eng"": ""108POUND"", ""brand_kor"": ""108파운드"", ""brand_no"": 86198, ""category1"": ""여성의류"", ""category2"": ""상의"", ""category3"": ""긴소매 티셔츠"", ""category3_code"": 268103102, ""is_new"": false, ""item_no"": 4081120, ""period_sort"": ""ONE_DAY"", ""platform"": ""29cm"", ""ranking_category_code"": ""268103100"", ""ranking_category_name"": ""여성의류>상의"", ""review_avg"": 4.5, ""sale_percent"": 21, ""sale_price"": 45850, ""sold_out"": false, ""url"": ""https://product.29cm.co.kr/catalog/4081120""}",2026-10-03T01:00:02+00:00_62faa0ae
2026-10-03T10:00:02+09:00,2026-10-03T01:00:02+00:00,commerce_rank,Henley 3/4 Sleeve Tee_Melange Gray,29cm:4081120,review_count,95.0,"{""brand_eng"": ""108POUND"", ""brand_kor"": ""108파운드"", ""brand_no"": 86198, ""category1"": ""여성의류"", ""category2"": ""상의"", ""category3"": ""긴소매 티셔츠"", ""category3_code"": 268103102, ""is_new"": false, ""item_no"": 4081120, ""period_sort"": ""ONE_DAY"", ""platform"": ""29cm"", ""ranking_category_code"": ""268103100"", ""ranking_category_name"": ""여성의류>상의"", ""review_avg"": 4.5, ""sale_percent"": 21, ""sale_price"": 45850, ""sold_out"": false, ""url"": ""https://product.29cm.co.kr/catalog/4081120""}",2026-10-03T01:00:02+00:00_62faa0ae
2026-10-03T10:00:02+09:00,2026-10-03T01:00:02+00:00,commerce_rank,Henley 3/4 Sleeve Tee_Melange Gray,29cm:4081120@268103100,rank,42.0,"{""brand_eng"": ""108POUND"", ""brand_kor"": ""108파운드"", ""brand_no"": 86198, ""category1"": ""여성의류"", ""category2"": ""상의"", ""category3"": ""긴소매 티셔츠"", ""category3_code"": 268103102, ""is_new"": false, ""item_no"": 4081120, ""period_sort"": ""ONE_DAY"", ""platform"": ""29cm"", ""ranking_category_code"": ""268103100"", ""ranking_category_name"": ""여성의류>상의"", ""review_avg"": 4.5, ""sale_percent"": 21, ""sale_price"": 45850, ""sold_out"": false, ""url"": ""https://product.29cm.co.kr/catalog/4081120""}",2026-10-03T01:00:02+00:00_62faa0ae
2026-10-03T10:00:02+09:00,2026-10-03T01:00:02+00:00,commerce_rank,와플 래글런 LST (Dark Navy),29cm:4088282,heart_count,2346.0,"{""brand_eng"": ""ENZO BLUES"", ""brand_kor"": ""엔조블루스"", ""brand_no"": 1549, ""category1"": ""여성의류"", ""category2"": ""상의"", ""category3"": ""긴소매 티셔츠"", ""category3_code"": 268103102, ""is_new"": false, ""item_no"": 4088282, ""period_sort"": ""ONE_DAY"", ""platform"": ""29cm"", ""ranking_category_code"": ""268103100"", ""ranking_category_name"": ""여성의류>상의"", ""review_avg"": 5.0, ""sale_percent"": 19, ""sale_price"": 63990, ""sold_out"": false, ""url"": ""https://product.29cm.co.kr/catalog/4088282""}",2026-10-03T01:00:02+00:00_62faa0ae
2026-10-03T10:00:02+09:00,2026-10-03T01:00:02+00:00,commerce_rank,와플 래글런 LST (Dark Navy),29cm:4088282,review_count,16.0,"{""brand_eng"": ""ENZO BLUES"", ""brand_kor"": ""엔조블루스"", ""brand_no"": 1549, ""category1"": ""여성의류"", ""category2"": ""상의"", ""category3"": ""긴소매 티셔츠"", ""category3_code"": 268103102, ""is_new"": false, ""item_no"": 4088282, ""period_sort"": ""ONE_DAY"", ""platform"": ""29cm"", ""ranking_category_code"": ""268103100"", ""ranking_category_name"": ""여성의류>상의"", ""review_avg"": 5.0, ""sale_percent"": 19, ""sale_price"": 63990, ""sold_out"": false, ""url"": ""https://product.29cm.co.kr/catalog/4088282""}",2026-10-03T01:00:02+00:00_62faa0ae
2026-10-03T10:00:02+09:00,2026-10-03T01:00:02+00:00,commerce_rank,와플 래글런 LST (Dark Navy),29cm:4088282@268103100,rank,29.0,"{""brand_eng"": ""ENZO BLUES"", ""brand_kor"": ""엔조블루스"", ""brand_no"": 1549, ""category1"": ""여성의류"", ""category2"": ""상의"", ""category3"": ""긴소매 티셔츠"", ""category3_code"": 268103102, ""is_new"": false, ""item_no"": 4088282, ""period_sort"": ""ONE_DAY"", ""platform"": ""29cm"", ""ranking_category_code"": ""268103100"", ""ranking_category_name"": ""여성의류>상의"", ""review_avg"": 5.0, ""sale_percent"": 19, ""sale_price"": 63990, ""sold_out"": false, ""url"": ""https://product.29cm.co.kr/catalog/4088282""}",2026-10-03T01:00:02+00:00_62faa0ae
2026-10-03T10:00:02+09:00,2026-10-03T01:00:03+00:00,commerce_rank,크리스피 타슬란 긴팔티 블랙 UR321CRL91,29cm:4092512,heart_count,41.0,"{""brand_eng"": ""UMBRO"", ""brand_kor"": ""엄브로"", ""brand_no"": 3206, ""category1"": ""남성의류"", ""category2"": ""상의"", ""category3"": ""긴소매 티셔츠"", ""category3_code"": 272103102, ""is_new"": false, ""item_no"": 4092512, ""period_sort"": ""ONE_DAY"", ""platform"": ""29cm"", ""ranking_category_code"": ""272103100"", ""ranking_category_name"": ""남성의류>상의"", ""review_avg"": 5.0, ""sale_percent"": 5, ""sale_price"": 75900, ""sold_out"": false, ""url"": ""https://product.29cm.co.kr/catalog/4092512""}",2026-10-03T01:00:02+00:00_62faa0ae
2026-10-03T10:00:02+09:00,2026-10-03T01:00:03+00:00,commerce_rank,크리스피 타슬란 긴팔티 블랙 UR321CRL91,29cm:4092512,review_count,1.0,"{""brand_eng"": ""UMBRO"", ""brand_kor"": ""엄브로"", ""brand_no"": 3206, ""category1"": ""남성의류"", ""category2"": ""상의"", ""category3"": ""긴소매 티셔츠"", ""category3_code"": 272103102, ""is_new"": false, ""item_no"": 4092512, ""period_sort"": ""ONE_DAY"", ""platform"": ""29cm"", ""ranking_category_code"": ""272103100"", ""ranking_category_name"": ""남성의류>상의"", ""review_avg"": 5.0, ""sale_percent"": 5, ""sale_price"": 75900, ""sold_out"": false, ""url"": ""https://product.29cm.co.kr/catalog/4092512""}",2026-10-03T01:00:02+00:00_62faa0ae
2026-10-03T10:00:02+09:00,2026-10-03T01:00:03+00:00,commerce_rank,크리스피 타슬란 긴팔티 블랙 UR321CRL91,29cm:4092512@272103100,rank,68.0,"{""brand_eng"": ""UMBRO"", ""brand_kor"": ""엄브로"", ""brand_no"": 3206, ""category1"": ""남성의류"", ""category2"": ""상의"", ""category3"": ""긴소매 티셔츠"", ""category3_code"": 272103102, ""is_new"": false, ""item_no"": 4092512, ""period_sort"": ""ONE_DAY"", ""platform"": ""29cm"", ""ranking_category_code"": ""272103100"", ""ranking_category_name"": ""남성의류>상의"", ""review_avg"": 5.0, ""sale_percent"": 5, ""sale_price"": 75900, ""sold_out"": false, ""url"": ""https://product.29cm.co.kr/catalog/4092512""}",2026-10-03T01:00:02+00:00_62faa0ae
2026-10-03T10:00:02+09:00,2026-10-03T01:00:02+00:00,commerce_rank,50s RAGLAN GRAPHIC T-SHIRT_NAVY,29cm:4096889,heart_count,8995.0,"{""brand_eng"": ""TTUDEMENT"", ""brand_kor"": ""튜드먼트"", ""brand_no"": 36259, ""category1"": ""여성의류"", ""category2"": ""상의"", ""category3"": ""긴소매 티셔츠"", ""category3_code"": 268103102, ""is_new"": false, ""item_no"": 4096889, ""period_sort"": ""ONE_DAY"", ""platform"": ""29cm"", ""ranking_category_code"": ""268103100"", ""ranking_category_name"": ""여성의류>상의"", ""review_avg"": 5.0, ""sale_percent"": 28, ""sale_price"": 50510, ""sold_out"": false, ""url"": ""https://product.29cm.co.kr/catalog/4096889""}",2026-10-03T01:00:02+00:00_62faa0ae
2026-10-03T10:00:02+09:00,2026-10-03T01:00:02+00:00,commerce_rank,50s RAGLAN GRAPHIC T-SHIRT_NAVY,29cm:4096889,review_count,68.0,"{""brand_eng"": ""TTUDEMENT"", ""brand_kor"": ""튜드먼트"", ""brand_no"": 36259, ""category1"": ""여성의류"", ""category2"": ""상의"", ""category3"": ""긴소매 티셔츠"", ""category3_code"": 268103102, ""is_new"": false, ""item_no"": 4096889, ""period_sort"": ""ONE_DAY"", ""platform"": ""29cm"", ""ranking_category_code"": ""268103100"", ""ranking_category_name"": ""여성의류>상의"", ""review_avg"": 5.0, ""sale_percent"": 28, ""sale_price"": 50510, ""sold_out"": false, ""url"": ""https://product.29cm.co.kr/catalog/4096889""}",2026-10-03T01:00:02+00:00_62faa0ae
2026-10-03T10:00:02+09:00,2026-10-03T01:00:02+00:00,commerce_rank,50s RAGLAN GRAPHIC T-SHIRT_NAVY,29cm:4096889@268103100,rank,22.0,"{""brand_eng"": ""TTUDEMENT"", ""brand_kor"": ""튜드먼트"", ""brand_no"": 36259, ""category1"": ""여성의류"", ""category2"": ""상의"", ""category3"": ""긴소매 티셔츠"", ""category3_code"": 268103102, ""is_new"": false, ""item_no"": 4096889, ""period_sort"": ""ONE_DAY"", ""platform"": ""29cm"", ""ranking_category_code"": ""268103100"", ""ranking_category_name"": ""여성의류>상의"", ""review_avg"": 5.0, ""sale_percent"": 28, ""sale_price"": 50510, ""sold_out"": false, ""url"": ""https://product.29cm.co.kr/catalog/4096889""}",2026-10-03T01:00:02+00:00_62faa0ae
2026-10-03T10:00:02+09:00,2026-10-03T01:00:02+00:00,commerce_rank,"[디렉터픽] REGULAR WAFFLE HENLEY LONG SLEEVE, GRAY",29cm:4099039,heart_count,2918.0,"{""brand_eng"": ""PLZPROJECT"", ""brand_kor"": ""플리즈프로젝트"", ""brand_no"": 18645, ""category1"": ""여성의류"", ""category2"": ""상의"", ""category3"": ""긴소매 티셔츠"", ""category3_code"": 268103102, ""is_new"": false, ""item_no"": 4099039, ""period_sort"": ""ONE_DAY"", ""platform"": ""29cm"", ""ranking_category_code"": ""268103100"", ""ranking_category_name"": ""여성의류>상의"", ""review_avg"": 4.5, ""sale_percent"": 10, ""sale_price"": 52200, ""sold_out"": false, ""url"": ""https://product.29cm.co.kr/catalog/4099039""}",2026-10-03T01:00:02+00:00_62faa0ae
2026-10-03T10:00:02+09:00,2026-10-03T01:00:02+00:00,commerce_rank,"[디렉터픽] REGULAR WAFFLE HENLEY LONG SLEEVE, GRAY",29cm:4099039,review_count,18.0,"{""brand_eng"": ""PLZPROJECT"", ""brand_kor"": ""플리즈프로젝트"", ""brand_no"": 18645, ""category1"": ""여성의류"", ""category2"": ""상의"", ""category3"": ""긴소매 티셔츠"", ""category3_code"": 268103102, ""is_new"": false, ""item_no"": 4099039, ""period_sort"": ""ONE_DAY"", ""platform"": ""29cm"", ""ranking_category_code"": ""268103100"", ""ranking_category_name"": ""여성의류>상의"", ""review_avg"": 4.5, ""sale_percent"": 10, ""sale_price"": 52200, ""sold_out"": false, ""url"": ""https://product.29cm.co.kr/catalog/4099039""}",2026-10-03T01:00:02+00:00_62faa0ae
2026-10-03T10:00:02+09:00,2026-10-03T01:00:02+00:00,commerce_rank,"[디렉터픽] REGULAR WAFFLE HENLEY LONG SLEEVE, GRAY",29cm:4099039@268103100,rank,45.0,"{""brand_eng"": ""PLZPROJECT"", ""brand_kor"": ""플리즈프로젝트"", ""brand_no"": 18645, ""category1"": ""여성의류"", ""category2"": ""상의"", ""category3"": ""긴소매 티셔츠"", ""category3_code"": 268103102, ""is_new"": false, ""item_no"": 4099039, ""period_sort"": ""ONE_DAY"", ""platform"": ""29cm"", ""ranking_category_code"": ""268103100"", ""ranking_category_name"": ""여성의류>상의"", ""review_avg"": 4.5, ""sale_percent"": 10, ""sale_price"": 52200, ""sold_out"": false, ""url"": ""https://product.29cm.co.kr/catalog/4099039""}",2026-10-03T01:00:02+00:00_62faa0ae
2026-10-03T10:00:02+09:00,2026-10-03T01:00:02+00:00,commerce_rank,"[디렉터픽][2차] DAMAGE WAFFLE LONG SLEEVE, CHARCOAL",29cm:4099045,heart_count,1892.0,"{""brand_eng"": ""PLZPROJECT"", ""brand_kor"": ""플리즈프로젝트"", ""brand_no"": 18645, ""category1"": ""여성의류"", ""category2"": ""상의"", ""category3"": ""긴소매 티셔츠"", ""category3_code"": 268103102, ""is_new"": false, ""item_no"": 4099045, ""period_sort"": ""ONE_DAY"", ""platform"": ""29cm"", ""ranking_category_code"": ""268103100"", ""ranking_category_name"": ""여성의류>상의"", ""review_avg"": 5.0, ""sale_percent"": 10, ""sale_price"": 53100, ""sold_out"": false, ""url"": ""https://product.29cm.co.kr/catalog/4099045""}",2026-10-03T01:00:02+00:00_62faa0ae
2026-10-03T10:00:02+09:00,2026-10-03T01:00:02+00:00,commerce_rank,"[디렉터픽][2차] DAMAGE WAFFLE LONG SLEEVE, CHARCOAL",29cm:4099045,review_count,24.0,"{""brand_eng"": ""PLZPROJECT"", ""brand_kor"": ""플리즈프로젝트"", ""brand_no"": 18645, ""category1"": ""여성의류"", ""category2"": ""상의"", ""category3"": ""긴소매 티셔츠"", ""category3_code"": 268103102, ""is_new"": false, ""item_no"": 4099045, ""period_sort"": ""ONE_DAY"", ""platform"": ""29cm"", ""ranking_category_code"": ""268103100"", ""ranking_category_name"": ""여성의류>상의"", ""review_avg"": 5.0, ""sale_percent"": 10, ""sale_price"": 53100, ""sold_out"": false, ""url"": ""https://product.29cm.co.kr/catalog/4099045""}",2026-10-03T01:00:02+00:00_62faa0ae
2026-10-03T10:00:02+09:00,2026-10-03T01:00:02+00:00,commerce_rank,"[디렉터픽][2차] DAMAGE WAFFLE LONG SLEEVE, CHARCOAL",29cm:4099045@268103100,rank,33.0,"{""brand_eng"": ""PLZPROJECT"", ""brand_kor"": ""플리즈프로젝트"", ""brand_no"": 18645, ""category1"": ""여성의류"", ""category2"": ""상의"", ""category3"": ""긴소매 티셔츠"", ""category3_code"": 268103102, ""is_new"": false, ""item_no"": 4099045, ""period_sort"": ""ONE_DAY"", ""platform"": ""29cm"", ""ranking_category_code"": ""268103100"", ""ranking_category_name"": ""여성의류>상의"", ""review_avg"": 5.0, ""sale_percent"": 10, ""sale_price"": 53100, ""sold_out"": false, ""url"": ""https://product.29cm.co.kr/catalog/4099045""}",2026-10-03T01:00:02+00:00_62faa0ae
2026-10-03T10:00:02+09:00,2026-10-03T01:00:03+00:00,commerce_rank,봉봉 엘보 패치 스웻셔츠 (OTM) ASJU2G3KR74-OTM,29cm:4108651,heart_count,577.0,"{""brand_eng"": ""SAINT JAMES"", ""brand_kor"": ""세인트제임스"", ""brand_no"": 5724, ""category1"": ""남성의류"", ""category2"": ""상의"", ""category3"": ""스웨트셔츠"", ""category3_code"": 272103107, ""is_new"": false, ""item_no"": 4108651, ""period_sort"": ""ONE_DAY"", ""platform"": ""29cm"", ""ranking_category_code"": ""272103100"", ""ranking_category_name"": ""남성의류>상의"", ""review_avg"": 5.0, ""sale_percent"": 19, ""sale_price"": 143730, ""sold_out"": false, ""url"": ""https://product.29cm.co.kr/catalog/4108651""}",2026-10-03T01:00:02+00:00_62faa0ae
2026-10-03T10:00:02+09:00,2026-10-03T01:00:03+00:00,commerce_rank,봉봉 엘보 패치 스웻셔츠 (OTM) ASJU2G3KR74-OTM,29cm:4108651,review_count,7.0,"{""brand_eng"": ""SAINT JAMES"", ""brand_kor"": ""세인트제임스"", ""brand_no"": 5724, ""category1"": ""남성의류"", ""category2"": ""상의"", ""category3"": ""스웨트셔츠"", ""category3_code"": 272103107, ""is_new"": false, ""item_no"": 4108651, ""period_sort"": ""ONE_DAY"", ""platform"": ""29cm"", ""ranking_category_code"": ""272103100"", ""ranking_category_name"": ""남성의류>상의"", ""review_avg"": 5.0, ""sale_percent"": 19, ""sale_price"": 143730, ""sold_out"": false, ""url"": ""https://product.29cm.co.kr/catalog/4108651""}",2026-10-03T01:00:02+00:00_62faa0ae
2026-10-03T10:00:02+09:00,2026-10-03T01:00:03+00:00,commerce_rank,봉봉 엘보 패치 스웻셔츠 (OTM) ASJU2G3KR74-OTM,29cm:4108651@272103100,rank,84.0,"{""brand_eng"": ""SAINT JAMES"", ""brand_kor"": ""세인트제임스"", ""brand_no"": 5724, ""category1"": ""남성의류"", ""category2"": ""상의"", ""category3"": ""스웨트셔츠"", ""category3_code"": 272103107, ""is_new"": false, ""item_no"": 4108651, ""period_sort"": ""ONE_DAY"", ""platform"": ""29cm"", ""ranking_category_code"": ""272103100"", ""ranking_category_name"": ""남성의류>상의"", ""review_avg"": 5.0, ""sale_percent"": 19, ""sale_price"": 143730, ""sold_out"": false, ""url"": ""https://product.29cm.co.kr/catalog/4108651""}",2026-10-03T01:00:02+00:00_62faa0ae
2026-10-03T10:00:02+09:00,2026-10-03T01:00:02+00:00,commerce_rank,[지나정PICK][29CM 단독][6th] 제인 루즈핏 슬럽 티셔츠 (3col)_2GFUTS06,29cm:4112616,heart_count,1970.0,"{""brand_eng"": ""AND YOU"", ""brand_kor"": ""앤유"", ""brand_no"": 56043, ""category1"": ""여성의류"", ""category2"": ""상의"", ""category3"": ""긴소매 티셔츠"", ""category3_code"": 268103102, ""is_new"": false, ""item_no"": 4112616, ""period_sort"": ""ONE_DAY"", ""platform"": ""29cm"", ""ranking_category_code"": ""268103100"", ""ranking_category_name"": ""여성의류>상의"", ""review_avg"": 4.5, ""sale_percent"": 10, ""sale_price"": 61200, ""sold_out"": false, ""url"": ""https://product.29cm.co.kr/catalog/4112616""}",2026-10-03T01:00:02+00:00_62faa0ae
2026-10-03T10:00:02+09:00,2026-10-03T01:00:02+00:00,commerce_rank,[지나정PICK][29CM 단독][6th] 제인 루즈핏 슬럽 티셔츠 (3col)_2GFUTS06,29cm:4112616,review_count,29.0,"{""brand_eng"": ""AND YOU"", ""brand_kor"": ""앤유"", ""brand_no"": 56043, ""category1"": ""여성의류"", ""category2"": ""상의"", ""category3"": ""긴소매 티셔츠"", ""category3_code"": 268103102, ""is_new"": false, ""item_no"": 4112616, ""period_sort"": ""ONE_DAY"", ""platform"": ""29cm"", ""ranking_category_code"": ""268103100"", ""ranking_category_name"": ""여성의류>상의"", ""review_avg"": 4.5, ""sale_percent"": 10, ""sale_price"": 61200, ""sold_out"": false, ""url"": ""https://product.29cm.co.kr/catalog/4112616""}",2026-10-03T01:00:02+00:00_62faa0ae
2026-10-03T10:00:02+09:00,2026-10-03T01:00:02+00:00,commerce_rank,[지나정PICK][29CM 단독][6th] 제인 루즈핏 슬럽 티셔츠 (3col)_2GFUTS06,29cm:4112616@268103100,rank,79.0,"{""brand_eng"": ""AND YOU"", ""brand_kor"": ""앤유"", ""brand_no"": 56043, ""category1"": ""여성의류"", ""category2"": ""상의"", ""category3"": ""긴소매 티셔츠"", ""category3_code"": 268103102, ""is_new"": false, ""item_no"": 4112616, ""period_sort"": ""ONE_DAY"", ""platform"": ""29cm"", ""ranking_category_code"": ""268103100"", ""ranking_category_name"": ""여성의류>상의"", ""review_avg"": 4.5, ""sale_percent"": 10, ""sale_price"": 61200, ""sold_out"": false, ""url"": ""https://product.29cm.co.kr/catalog/4112616""}",2026-10-03T01:00:02+00:00_62faa0ae
2026-10-03T10:00:02+09:00,2026-10-03T01:00:02+00:00,commerce_rank,[29Edition] [2nd] Pleats Jersey Blouse B506_2color,29cm:4114479,heart_count,3077.0,"{""brand_eng"": ""VAN ROHE"", ""brand_kor"": ""반로에"", ""brand_no"": 73260, ""category1"": ""여성의류"", ""category2"": ""상의"", ""category3"": ""블라우스"", ""category3_code"": 268103107, ""is_new"": false, ""item_no"": 4114479, ""period_sort"": ""ONE_DAY"", ""platform"": ""29cm"", ""ranking_category_code"": ""268103100"", ""ranking_category_name"": ""여성의류>상의"", ""review_avg"": 5.0, ""sale_percent"": 10, ""sale_price"": 80100, ""sold_out"": false, ""url"": ""https://product.29cm.co.kr/catalog/4114479""}",2026-10-03T01:00:02+00:00_62faa0ae
2026-10-03T10:00:02+09:00,2026-10-03T01:00:02+00:00,commerce_rank,[29Edition] [2nd] Pleats Jersey Blouse B506_2color,29cm:4114479,review_count,42.0,"{""brand_eng"": ""VAN ROHE"", ""brand_kor"": ""반로에"", ""brand_no"": 73260, ""category1"": ""여성의류"", ""category2"": ""상의"", ""category3"": ""블라우스"", ""category3_code"": 268103107, ""is_new"": false, ""item_no"": 4114479, ""period_sort"": ""ONE_DAY"", ""platform"": ""29cm"", ""ranking_category_code"": ""268103100"", ""ranking_category_name"": ""여성의류>상의"", ""review_avg"": 5.0, ""sale_percent"": 10, ""sale_price"": 80100, ""sold_out"": false, ""url"": ""https://product.29cm.co.kr/catalog/4114479""}",2026-10-03T01:00:02+00:00_62faa0ae
2026-10-03T10:00:02+09:00,2026-10-03T01:00:02+00:00,commerce_rank,[29Edition] [2nd] Pleats Jersey Blouse B506_2color,29cm:4114479@268103100,rank,64.0,"{""brand_eng"": ""VAN ROHE"", ""brand_kor"": ""반로에"", ""brand_no"": 73260, ""category1"": ""여성의류"", ""category2"": ""상의"", ""category3"": ""블라우스"", ""category3_code"": 268103107, ""is_new"": false, ""item_no"": 4114479, ""period_sort"": ""ONE_DAY"", ""platform"": ""29cm"", ""ranking_category_code"": ""268103100"", ""ranking_category_name"": ""여성의류>상의"", ""review_avg"": 5.0, ""sale_percent"": 10, ""sale_price"": 80100, ""sold_out"": false, ""url"": ""https://product.29cm.co.kr/catalog/4114479""}",2026-10-03T01:00:02+00:00_62faa0ae
2026-10-03T10:00:02+09:00,2026-10-03T01:00:02+00:00,commerce_rank,MAISON DE ROLA EMBROIDERY STRIPE LONG SLEEVE L/GR+NV,29cm:4115527,heart_count,918.0,"{""brand_eng"": ""rolarola"", ""brand_kor"": ""로라로라"", ""brand_no"": 2250, ""category1"": ""여성의류"", ""category2"": ""상의"", ""category3"": ""긴소매 티셔츠"", ""category3_code"": 268103102, ""is_new"": false, ""item_no"": 4115527, ""period_sort"": ""ONE_DAY"", ""platform"": ""29cm"", ""ranking_category_code"": ""268103100"", ""ranking_category_name"": ""여성의류>상의"", ""review_avg"": 5.0, ""sale_percent"": 19, ""sale_price"": 55890, ""sold_out"": false, ""url"": ""https://product.29cm.co.kr/catalog/4115527""}",2026-10-03T01:00:02+00:00_62faa0ae
2026-10-03T10:00:02+09:00,2026-10-03T01:00:02+00:00,commerce_rank,MAISON DE ROLA EMBROIDERY STRIPE LONG SLEEVE L/GR+NV,29cm:4115527,review_count,9.0,"{""brand_eng"": ""rolarola"", ""brand_kor"": ""로라로라"", ""brand_no"": 2250, ""category1"": ""여성의류"", ""category2"": ""상의"", ""category3"": ""긴소매 티셔츠"", ""category3_code"": 268103102, ""is_new"": false, ""item_no"": 4115527, ""period_sort"": ""ONE_DAY"", ""platform"": ""29cm"", ""ranking_category_code"": ""268103100"", ""ranking_category_name"": ""여성의류>상의"", ""review_avg"": 5.0, ""sale_percent"": 19, ""sale_price"": 55890, ""sold_out"": false, ""url"": ""https://product.29cm.co.kr/catalog/4115527""}",2026-10-03T01:00:02+00:00_62faa0ae
2026-10-03T10:00:02+09:00,2026-10-03T01:00:02+00:00,commerce_rank,MAISON DE ROLA EMBROIDERY STRIPE LONG SLEEVE L/GR+NV,29cm:4115527@268103100,rank,55.0,"{""brand_eng"": ""rolarola"", ""brand_kor"": ""로라로라"", ""brand_no"": 2250, ""category1"": ""여성의류"", ""category2"": ""상의"", ""category3"": ""긴소매 티셔츠"", ""category3_code"": 268103102, ""is_new"": false, ""item_no"": 4115527, ""period_sort"": ""ONE_DAY"", ""platform"": ""29cm"", ""ranking_category_code"": ""268103100"", ""ranking_category_name"": ""여성의류>상의"", ""review_avg"": 5.0, ""sale_percent"": 19, ""sale_price"": 55890, ""sold_out"": false, ""url"": ""https://product.29cm.co.kr/catalog/4115527""}",2026-10-03T01:00:02+00:00_62faa0ae
2026-10-03T10:00:02+09:00,2026-10-03T01:00:02+00:00,commerce_rank,"[소담,유미 pick]Daily Soft Slim Raglan Tee_CTT3039(6color)",29cm:4117309,heart_count,11049.0,"{""brand_eng"": ""CITTA"", ""brand_kor"": ""씨타"", ""brand_no"": 71833, ""category1"": ""여성의류"", ""category2"": ""상의"", ""category3"": ""긴소매 티셔츠"", ""category3_code"": 268103102, ""is_new"": false, ""item_no"": 4117309, ""period_sort"": ""ONE_DAY"", ""platform"": ""29cm"", ""ranking_category_code"": ""268103100"", ""ranking_category_name"": ""여성의류>상의"", ""review_avg"": 4.5, ""sale_percent"": 17, ""sale_price"": 37260, ""sold_out"": false, ""url"": ""https://product.29cm.co.kr/catalog/4117309""}",2026-10-03T01:00:02+00:00_62faa0ae
2026-10-03T10:00:02+09:00,2026-10-03T01:00:02+00:00,commerce_rank,"[소담,유미 pick]Daily Soft Slim Raglan Tee_CTT3039(6color)",29cm:4117309,review_count,58.0,"{""brand_eng"": ""CITTA"", ""brand_kor"": ""씨타"", ""brand_no"": 71833, ""category1"": ""여성의류"", ""category2"": ""상의"", ""category3"": ""긴소매 티셔츠"", ""category3_code"": 268103102, ""is_new"": false, ""item_no"": 4117309, ""period_sort"": ""ONE_DAY"", ""platform"": ""29cm"", ""ranking_category_code"": ""268103100"", ""ranking_category_name"": ""여성의류>상의"", ""review_avg"": 4.5, ""sale_percent"": 17, ""sale_price"": 37260, ""sold_out"": false, ""url"": ""https://product.29cm.co.kr/catalog/4117309""}",2026-10-03T01:00:02+00:00_62faa0ae
2026-10-03T10:00:02+09:00,2026-10-03T01:00:02+00:00,commerce_rank,"[소담,유미 pick]Daily Soft Slim Raglan Tee_CTT3039(6color)",29cm:4117309@268103100,rank,13.0,"{""brand_eng"": ""CITTA"", ""brand_kor"": ""씨타"", ""brand_no"": 71833, ""category1"": ""여성의류"", ""category2"": ""상의"", ""category3"": ""긴소매 티셔츠"", ""category3_code"": 268103102, ""is_new"": false, ""item_no"": 4117309, ""period_sort"": ""ONE_DAY"", ""platform"": ""29cm"", ""ranking_category_code"": ""268103100"", ""ranking_category_name"": ""여성의류>상의"", ""review_avg"": 4.5, ""sale_percent"": 17, ""sale_price"": 37260, ""sold_out"": false, ""url"": ""https://product.29cm.co.kr/catalog/4117309""}",2026-10-03T01:00:02+00:00_62faa0ae
2026-10-03T10:00:02+09:00,2026-10-03T01:00:03+00:00,commerce_rank,리브드 헨리넥 롱슬리브_8Color,29cm:4118543,heart_count,46.0,"{""brand_eng"": ""MOODINSIDE"", ""brand_kor"": ""무드인사이드"", ""brand_no"": 98995, ""category1"": ""남성의류"", ""category2"": ""상의"", ""category3"": ""긴소매 티셔츠"", ""category3_code"": 272103102, ""is_new"": false, ""item_no"": 4118543, ""period_sort"": ""ONE_DAY"", ""platform"": ""29cm"", ""ranking_category_code"": ""272103100"", ""ranking_category_name"": ""남성의류>상의"", ""review_avg"": 0.0, ""sale_percent"": 33, ""sale_price"": 39900, ""sold_out"": false, ""url"": ""https://product.29cm.co.kr/catalog/4118543""}",2026-10-03T01:00:02+00:00_62faa0ae
2026-10-03T10:00:02+09:00,2026-10-03T01:00:03+00:00,commerce_rank,리브드 헨리넥 롱슬리브_8Color,29cm:4118543,review_count,0.0,"{""brand_eng"": ""MOODINSIDE"", ""brand_kor"": ""무드인사이드"", ""brand_no"": 98995, ""category1"": ""남성의류"", ""category2"": ""상의"", ""category3"": ""긴소매 티셔츠"", ""category3_code"": 272103102, ""is_new"": false, ""item_no"": 4118543, ""period_sort"": ""ONE_DAY"", ""platform"": ""29cm"", ""ranking_category_code"": ""272103100"", ""ranking_category_name"": ""남성의류>상의"", ""review_avg"": 0.0, ""sale_percent"": 33, ""sale_price"": 39900, ""sold_out"": false, ""url"": ""https://product.29cm.co.kr/catalog/4118543""}",2026-10-03T01:00:02+00:00_62faa0ae
2026-10-03T10:00:02+09:00,2026-10-03T01:00:03+00:00,commerce_rank,리브드 헨리넥 롱슬리브_8Color,29cm:4118543@272103100,rank,59.0,"{""brand_eng"": ""MOODINSIDE"", ""brand_kor"": ""무드인사이드"", ""brand_no"": 98995, ""category1"": ""남성의류"", ""category2"": ""상의"", ""category3"": ""긴소매 티셔츠"", ""category3_code"": 272103102, ""is_new"": false, ""item_no"": 4118543, ""period_sort"": ""ONE_DAY"", ""platform"": ""29cm"", ""ranking_category_code"": ""272103100"", ""ranking_category_name"": ""남성의류>상의"", ""review_avg"": 0.0, ""sale_percent"": 33, ""sale_price"": 39900, ""sold_out"": false, ""url"": ""https://product.29cm.co.kr/catalog/4118543""}",2026-10-03T01:00:02+00:00_62faa0ae
2026-10-03T10:00:02+09:00,2026-10-03T01:00:03+00:00,commerce_rank,세미 크롭 롱슬리브_5Color,29cm:4118566,heart_count,35.0,"{""brand_eng"": ""MOODINSIDE"", ""brand_kor"": ""무드인사이드"", ""brand_no"": 98995, ""category1"": ""남성의류"", ""category2"": ""상의"", ""category3"": ""긴소매 티셔츠"", ""category3_code"": 272103102, ""is_new"": false, ""item_no"": 4118566, ""period_sort"": ""ONE_DAY"", ""platform"": ""29cm"", ""ranking_category_code"": ""272103100"", ""ranking_category_name"": ""남성의류>상의"", ""review_avg"": 5.0, ""sale_percent"": 57, ""sale_price"": 25900, ""sold_out"": false, ""url"": ""https://product.29cm.co.kr/catalog/4118566""}",2026-10-03T01:00:02+00:00_62faa0ae
2026-10-03T10:00:02+09:00,2026-10-03T01:00:03+00:00,commerce_rank,세미 크롭 롱슬리브_5Color,29cm:4118566,review_count,1.0,"{""brand_eng"": ""MOODINSIDE"", ""brand_kor"": ""무드인사이드"", ""brand_no"": 98995, ""category1"": ""남성의류"", ""category2"": ""상의"", ""category3"": ""긴소매 티셔츠"", ""category3_code"": 272103102, ""is_new"": false, ""item_no"": 4118566, ""period_sort"": ""ONE_DAY"", ""platform"": ""29cm"", ""ranking_category_code"": ""272103100"", ""ranking_category_name"": ""남성의류>상의"", ""review_avg"": 5.0, ""sale_percent"": 57, ""sale_price"": 25900, ""sold_out"": false, ""url"": ""https://product.29cm.co.kr/catalog/4118566""}",2026-10-03T01:00:02+00:00_62faa0ae
2026-10-03T10:00:02+09:00,2026-10-03T01:00:03+00:00,commerce_rank,세미 크롭 롱슬리브_5Color,29cm:4118566@272103100,rank,25.0,"{""brand_eng"": ""MOODINSIDE"", ""brand_kor"": ""무드인사이드"", ""brand_no"": 98995, ""category1"": ""남성의류"", ""category2"": ""상의"", ""category3"": ""긴소매 티셔츠"", ""category3_code"": 272103102, ""is_new"": false, ""item_no"": 4118566, ""period_sort"": ""ONE_DAY"", ""platform"": ""29cm"", ""ranking_category_code"": ""272103100"", ""ranking_category_name"": ""남성의류>상의"", ""review_avg"": 5.0, ""sale_percent"": 57, ""sale_price"": 25900, ""sold_out"": false, ""url"": ""https://product.29cm.co.kr/catalog/4118566""}",2026-10-03T01:00:02+00:00_62faa0ae
2026-10-03T10:00:02+09:00,2026-10-03T01:00:03+00:00,commerce_rank,워시드 슬럽 포켓 롱슬리브_5Color,29cm:4118575,heart_count,41.0,"{""brand_eng"": ""MOODINSIDE"", ""brand_kor"": ""무드인사이드"", ""brand_no"": 98995, ""category1"": ""남성의류"", ""category2"": ""상의"", ""category3"": ""긴소매 티셔츠"", ""category3_code"": 272103102, ""is_new"": false, ""item_no"": 4118575, ""period_sort"": ""ONE_DAY"", ""platform"": ""29cm"", ""ranking_category_code"": ""272103100"", ""ranking_category_name"": ""남성의류>상의"", ""review_avg"": 5.0, ""sale_percent"": 50, ""sale_price"": 29900, ""sold_out"": false, ""url"": ""https://product.29cm.co.kr/catalog/4118575""}",2026-10-03T01:00:02+00:00_62faa0ae
2026-10-03T10:00:02+09:00,2026-10-03T01:00:03+00:00,commerce_rank,워시드 슬럽 포켓 롱슬리브_5Color,29cm:4118575,review_count,2.0,"{""brand_eng"": ""MOODINSIDE"", ""brand_kor"": ""무드인사이드"", ""brand_no"": 98995, ""category1"": ""남성의류"", ""category2"": ""상의"", ""category3"": ""긴소매 티셔츠"", ""category3_code"": 272103102, ""is_new"": false, ""item_no"": 4118575, ""period_sort"": ""ONE_DAY"", ""platform"": ""29cm"", ""ranking_category_code"": ""272103100"", ""ranking_category_name"": ""남성의류>상의"", ""review_avg"": 5.0, ""sale_percent"": 50, ""sale_price"": 29900, ""sold_out"": false, ""url"": ""https://product.29cm.co.kr/catalog/4118575""}",2026-10-03T01:00:02+00:00_62faa0ae
2026-10-03T10:00:02+09:00,2026-10-03T01:00:03+00:00,commerce_rank,워시드 슬럽 포켓 롱슬리브_5Color,29cm:4118575@272103100,rank,10.0,"{""brand_eng"": ""MOODINSIDE"", ""brand_kor"": ""무드인사이드"", ""brand_no"": 98995, ""category1"": ""남성의류"", ""category2"": ""상의"", ""category3"": ""긴소매 티셔츠"", ""category3_code"": 272103102, ""is_new"": false, ""item_no"": 4118575, ""period_sort"": ""ONE_DAY"", ""platform"": ""29cm"", ""ranking_category_code"": ""272103100"", ""ranking_category_name"": ""남성의류>상의"", ""review_avg"": 5.0, ""sale_percent"": 50, ""sale_price"": 29900, ""sold_out"": false, ""url"": ""https://product.29cm.co.kr/catalog/4118575""}",2026-10-03T01:00:02+00:00_62faa0ae
2026-10-03T10:00:02+09:00,2026-10-03T01:00:03+00:00,commerce_rank,스웻 크롭 반집업_6Color,29cm:4118913,heart_count,679.0,"{""brand_eng"": ""MOODINSIDE"", ""brand_kor"": ""무드인사이드"", ""brand_no"": 98995, ""category1"": ""남성의류"", ""category2"": ""상의"", ""category3"": ""스웨트셔츠"", ""category3_code"": 272103107, ""is_new"": false, ""item_no"": 4118913, ""period_sort"": ""ONE_DAY"", ""platform"": ""29cm"", ""ranking_category_code"": ""272103100"", ""ranking_category_name"": ""남성의류>상의"", ""review_avg"": 5.0, ""sale_percent"": 54, ""sale_price"": 54900, ""sold_out"": false, ""url"": ""https://product.29cm.co.kr/catalog/4118913""}",2026-10-03T01:00:02+00:00_62faa0ae
2026-10-03T10:00:02+09:00,2026-10-03T01:00:03+00:00,commerce_rank,스웻 크롭 반집업_6Color,29cm:4118913,review_count,21.0,"{""brand_eng"": ""MOODINSIDE"", ""brand_kor"": ""무드인사이드"", ""brand_no"": 98995, ""category1"": ""남성의류"", ""category2"": ""상의"", ""category3"": ""스웨트셔츠"", ""category3_code"": 272103107, ""is_new"": false, ""item_no"": 4118913, ""period_sort"": ""ONE_DAY"", ""platform"": ""29cm"", ""ranking_category_code"": ""272103100"", ""ranking_category_name"": ""남성의류>상의"", ""review_avg"": 5.0, ""sale_percent"": 54, ""sale_price"": 54900, ""sold_out"": false, ""url"": ""https://product.29cm.co.kr/catalog/4118913""}",2026-10-03T01:00:02+00:00_62faa0ae
2026-10-03T10:00:02+09:00,2026-10-03T01:00:03+00:00,commerce_rank,스웻 크롭 반집업_6Color,29cm:4118913@272103100,rank,61.0,"{""brand_eng"": ""MOODINSIDE"", ""brand_kor"": ""무드인사이드"", ""brand_no"": 98995, ""category1"": ""남성의류"", ""category2"": ""상의"", ""category3"": ""스웨트셔츠"", ""category3_code"": 272103107, ""is_new"": false, ""item_no"": 4118913, ""period_sort"": ""ONE_DAY"", ""platform"": ""29cm"", ""ranking_category_code"": ""272103100"", ""ranking_category_name"": ""남성의류>상의"", ""review_avg"": 5.0, ""sale_percent"": 54, ""sale_price"": 54900, ""sold_out"": false, ""url"": ""https://product.29cm.co.kr/catalog/4118913""}",2026-10-03T01:00:02+00:00_62faa0ae
2026-10-03T10:00:02+09:00,2026-10-03T01:00:02+00:00,commerce_rank,[7th_10/15 예약배송] Marc waffle t-shirt_Navy&grey,29cm:4120280,heart_count,4794.0,"{""brand_eng"": ""Tekto"", ""brand_kor"": ""텍토"", ""brand_no"": 75938, ""category1"": ""여성의류"", ""category2"": ""상의"", ""category3"": ""긴소매 티셔츠"", ""category3_code"": 268103102, ""is_new"": false, ""item_no"": 4120280, ""period_sort"": ""ONE_DAY"", ""platform"": ""29cm"", ""ranking_category_code"": ""268103100"", ""ranking_category_name"": ""여성의류>상의"", ""review_avg"": 4.5, ""sale_percent"": 14, ""sale_price"": 64130, ""sold_out"": false, ""url"": ""https://product.29cm.co.kr/catalog/4120280""}",2026-10-03T01:00:02+00:00_62faa0ae
2026-10-03T10:00:02+09:00,2026-10-03T01:00:02+00:00,commerce_rank,[7th_10/15 예약배송] Marc waffle t-shirt_Navy&grey,29cm:4120280,review_count,52.0,"{""brand_eng"": ""Tekto"", ""brand_kor"": ""텍토"", ""brand_no"": 75938, ""category1"": ""여성의류"", ""category2"": ""상의"", ""category3"": ""긴소매 티셔츠"", ""category3_code"": 268103102, ""is_new"": false, ""item_no"": 4120280, ""period_sort"": ""ONE_DAY"", ""platform"": ""29cm"", ""ranking_category_code"": ""268103100"", ""ranking_category_name"": ""여성의류>상의"", ""review_avg"": 4.5, ""sale_percent"": 14, ""sale_price"": 64130, ""sold_out"": false, ""url"": ""https://product.29cm.co.kr/catalog/4120280""}",2026-10-03T01:00:02+00:00_62faa0ae
2026-10-03T10:00:02+09:00,2026-10-03T01:00:02+00:00,commerce_rank,[7th_10/15 예약배송] Marc waffle t-shirt_Navy&grey,29cm:4120280@268103100,rank,66.0,"{""brand_eng"": ""Tekto"", ""brand_kor"": ""텍토"", ""brand_no"": 75938, ""category1"": ""여성의류"", ""category2"": ""상의"", ""category3"": ""긴소매 티셔츠"", ""category3_code"": 268103102, ""is_new"": false, ""item_no"": 4120280, ""period_sort"": ""ONE_DAY"", ""platform"": ""29cm"", ""ranking_category_code"": ""268103100"", ""ranking_category_name"": ""여성의류>상의"", ""review_avg"": 4.5, ""sale_percent"": 14, ""sale_price"": 64130, ""sold_out"": false, ""url"": ""https://product.29cm.co.kr/catalog/4120280""}",2026-10-03T01:00:02+00:00_62faa0ae
2026-10-03T10:00:02+09:00,2026-10-03T01:00:02+00:00,commerce_rank,[26th] Hines deep v-neck sweatshirt - Purple,29cm:4120936,heart_count,5902.0,"{""brand_eng"": ""APPAREL ARCHIVE"", ""brand_kor"": ""어패럴아카이브"", ""brand_no"": 98593, ""category1"": ""남성의류"", ""category2"": ""상의"", ""category3"": ""스웨트셔츠"", ""category3_code"": 272103107, ""is_new"": false, ""item_no"": 4120936, ""period_sort"": ""ONE_DAY"", ""platform"": ""29cm"", ""ranking_category_code"": ""268103100"", ""ranking_category_name"": ""여성의류>상의"", ""review_avg"": 5.0, ""sale_percent"": 10, ""sale_price"": 71100, ""sold_out"": false, ""url"": ""https://product.29cm.co.kr/catalog/4120936""}",2026-10-03T01:00:02+00:00_62faa0ae
2026-10-03T10:00:02+09:00,2026-10-03T01:00:02+00:00,commerce_rank,[26th] Hines deep v-neck sweatshirt - Purple,29cm:4120936,review_count,26.0,"{""brand_eng"": ""APPAREL ARCHIVE"", ""brand_kor"": ""어패럴아카이브"", ""brand_no"": 98593, ""category1"": ""남성의류"", ""category2"": ""상의"", ""category3"": ""스웨트셔츠"", ""category3_code"": 272103107, ""is_new"": false, ""item_no"": 4120936, ""period_sort"": ""ONE_DAY"", ""platform"": ""29cm"", ""ranking_category_code"": ""268103100"", ""ranking_category_name"": ""여성의류>상의"", ""review_avg"": 5.0, ""sale_percent"": 10, ""sale_price"": 71100, ""sold_out"": false, ""url"": ""https://product.29cm.co.kr/catalog/4120936""}",2026-10-03T01:00:02+00:00_62faa0ae
2026-10-03T10:00:02+09:00,2026-10-03T01:00:02+00:00,commerce_rank,[26th] Hines deep v-neck sweatshirt - Purple,29cm:4120936@268103100,rank,30.0,"{""brand_eng"": ""APPAREL ARCHIVE"", ""brand_kor"": ""어패럴아카이브"", ""brand_no"": 98593, ""category1"": ""남성의류"", ""category2"": ""상의"", ""category3"": ""스웨트셔츠"", ""category3_code"": 272103107, ""is_new"": false, ""item_no"": 4120936, ""period_sort"": ""ONE_DAY"", ""platform"": ""29cm"", ""ranking_category_code"": ""268103100"", ""ranking_category_name"": ""여성의류>상의"", ""review_avg"": 5.0, ""sale_percent"": 10, ""sale_price"": 71100, ""sold_out"": false, ""url"": ""https://product.29cm.co.kr/catalog/4120936""}",2026-10-03T01:00:02+00:00_62faa0ae
2026-10-03T10:00:02+09:00,2026-10-03T01:00:02+00:00,commerce_rank,"ARU LOGO PATCH STRIPE SWEATSHIRT, MELANGE GREY",29cm:4125017,heart_count,3069.0,"{""brand_eng"": ""AREYOU SEOUL"", ""brand_kor"": ""아유서울"", ""brand_no"": 49275, ""category1"": ""여성의류"", ""category2"": ""상의"", ""category3"": ""스웨트셔츠"", ""category3_code"": 268103104, ""is_new"": false, ""item_no"": 4125017, ""period_sort"": ""ONE_DAY"", ""platform"": ""29cm"", ""ranking_category_code"": ""268103100"", ""ranking_category_name"": ""여성의류>상의"", ""review_avg"": 5.0, ""sale_percent"": 10, ""sale_price"": 103500, ""sold_out"": false, ""url"": ""https://product.29cm.co.kr/catalog/4125017""}",2026-10-03T01:00:02+00:00_62faa0ae
2026-10-03T10:00:02+09:00,2026-10-03T01:00:02+00:00,commerce_rank,"ARU LOGO PATCH STRIPE SWEATSHIRT, MELANGE GREY",29cm:4125017,review_count,28.0,"{""brand_eng"": ""AREYOU SEOUL"", ""brand_kor"": ""아유서울"", ""brand_no"": 49275, ""category1"": ""여성의류"", ""category2"": ""상의"", ""category3"": ""스웨트셔츠"", ""category3_code"": 268103104, ""is_new"": false, ""item_no"": 4125017, ""period_sort"": ""ONE_DAY"", ""platform"": ""29cm"", ""ranking_category_code"": ""268103100"", ""ranking_category_name"": ""여성의류>상의"", ""review_avg"": 5.0, ""sale_percent"": 10, ""sale_price"": 103500, ""sold_out"": false, ""url"": ""https://product.29cm.co.kr/catalog/4125017""}",2026-10-03T01:00:02+00:00_62faa0ae
2026-10-03T10:00:02+09:00,2026-10-03T01:00:02+00:00,commerce_rank,"ARU LOGO PATCH STRIPE SWEATSHIRT, MELANGE GREY",29cm:4125017@268103100,rank,98.0,"{""brand_eng"": ""AREYOU SEOUL"", ""brand_kor"": ""아유서울"", ""brand_no"": 49275, ""category1"": ""여성의류"", ""category2"": ""상의"", ""category3"": ""스웨트셔츠"", ""category3_code"": 268103104, ""is_new"": false, ""item_no"": 4125017, ""period_sort"": ""ONE_DAY"", ""platform"": ""29cm"", ""ranking_category_code"": ""268103100"", ""ranking_category_name"": ""여성의류>상의"", ""review_avg"": 5.0, ""sale_percent"": 10, ""sale_price"": 103500, ""sold_out"": false, ""url"": ""https://product.29cm.co.kr/catalog/4125017""}",2026-10-03T01:00:02+00:00_62faa0ae
2026-10-03T10:00:02+09:00,2026-10-03T01:00:02+00:00,commerce_rank,Angora U Neck T Shirts (5color),29cm:4125061,heart_count,3838.0,"{""brand_eng"": ""PROJECTWAVE"", ""brand_kor"": ""프로젝트 웨이브"", ""brand_no"": 52782, ""category1"": ""여성의류"", ""category2"": ""상의"", ""category3"": ""반소매 티셔츠"", ""category3_code"": 268103101, ""is_new"": false, ""item_no"": 4125061, ""period_sort"": ""ONE_DAY"", ""platform"": ""29cm"", ""ranking_category_code"": ""268103100"", ""ranking_category_name"": ""여성의류>상의"", ""review_avg"": 5.0, ""sale_percent"": 19, ""sale_price"": 32400, ""sold_out"": false, ""url"": ""https://product.29cm.co.kr/catalog/4125061""}",2026-10-03T01:00:02+00:00_62faa0ae
2026-10-03T10:00:02+09:00,2026-10-03T01:00:02+00:00,commerce_rank,Angora U Neck T Shirts (5color),29cm:4125061,review_count,4.0,"{""brand_eng"": ""PROJECTWAVE"", ""brand_kor"": ""프로젝트 웨이브"", ""brand_no"": 52782, ""category1"": ""여성의류"", ""category2"": ""상의"", ""category3"": ""반소매 티셔츠"", ""category3_code"": 268103101, ""is_new"": false, ""item_no"": 4125061, ""period_sort"": ""ONE_DAY"", ""platform"": ""29cm"", ""ranking_category_code"": ""268103100"", ""ranking_category_name"": ""여성의류>상의"", ""review_avg"": 5.0, ""sale_percent"": 19, ""sale_price"": 32400, ""sold_out"": false, ""url"": ""https://product.29cm.co.kr/catalog/4125061""}",2026-10-03T01:00:02+00:00_62faa0ae
2026-10-03T10:00:02+09:00,2026-10-03T01:00:02+00:00,commerce_rank,Angora U Neck T Shirts (5color),29cm:4125061@268103100,rank,44.0,"{""brand_eng"": ""PROJECTWAVE"", ""brand_kor"": ""프로젝트 웨이브"", ""brand_no"": 52782, ""category1"": ""여성의류"", ""category2"": ""상의"", ""category3"": ""반소매 티셔츠"", ""category3_code"": 268103101, ""is_new"": false, ""item_no"": 4125061, ""period_sort"": ""ONE_DAY"", ""platform"": ""29cm"", ""ranking_category_code"": ""268103100"", ""ranking_category_name"": ""여성의류>상의"", ""review_avg"": 5.0, ""sale_percent"": 19, ""sale_price"": 32400, ""sold_out"": false, ""url"": ""https://product.29cm.co.kr/catalog/4125061""}",2026-10-03T01:00:02+00:00_62faa0ae
2026-10-03T10:00:02+09:00,2026-10-03T01:00:02+00:00,commerce_rank,MORIN LACE SLEEVELESS (2COLOR),29cm:4125859,heart_count,4746.0,"{""brand_eng"": ""FOLNUA"", ""brand_kor"": ""폴뉴아"", ""brand_no"": 15359, ""category1"": ""여성의류"", ""category2"": ""상의"", ""category3"": ""슬리브리스"", ""category3_code"": 268103103, ""is_new"": false, ""item_no"": 4125859, ""period_sort"": ""ONE_DAY"", ""platform"": ""29cm"", ""ranking_category_code"": ""268103100"", ""ranking_category_name"": ""여성의류>상의"", ""review_avg"": 5.0, ""sale_percent"": 19, ""sale_price"": 36330, ""sold_out"": false, ""url"": ""https://product.29cm.co.kr/catalog/4125859""}",2026-10-03T01:00:02+00:00_62faa0ae
2026-10-03T10:00:02+09:00,2026-10-03T01:00:02+00:00,commerce_rank,MORIN LACE SLEEVELESS (2COLOR),29cm:4125859,review_count,23.0,"{""brand_eng"": ""FOLNUA"", ""brand_kor"": ""폴뉴아"", ""brand_no"": 15359, ""category1"": ""여성의류"", ""category2"": ""상의"", ""category3"": ""슬리브리스"", ""category3_code"": 268103103, ""is_new"": false, ""item_no"": 4125859, ""period_sort"": ""ONE_DAY"", ""platform"": ""29cm"", ""ranking_category_code"": ""268103100"", ""ranking_category_name"": ""여성의류>상의"", ""review_avg"": 5.0, ""sale_percent"": 19, ""sale_price"": 36330, ""sold_out"": false, ""url"": ""https://product.29cm.co.kr/catalog/4125859""}",2026-10-03T01:00:02+00:00_62faa0ae
2026-10-03T10:00:02+09:00,2026-10-03T01:00:02+00:00,commerce_rank,MORIN LACE SLEEVELESS (2COLOR),29cm:4125859@268103100,rank,9.0,"{""brand_eng"": ""FOLNUA"", ""brand_kor"": ""폴뉴아"", ""brand_no"": 15359, ""category1"": ""여성의류"", ""category2"": ""상의"", ""category3"": ""슬리브리스"", ""category3_code"": 268103103, ""is_new"": false, ""item_no"": 4125859, ""period_sort"": ""ONE_DAY"", ""platform"": ""29cm"", ""ranking_category_code"": ""268103100"", ""ranking_category_name"": ""여성의류>상의"", ""review_avg"": 5.0, ""sale_percent"": 19, ""sale_price"": 36330, ""sold_out"": false, ""url"": ""https://product.29cm.co.kr/catalog/4125859""}",2026-10-03T01:00:02+00:00_62faa0ae
2026-10-03T10:00:02+09:00,2026-10-03T01:00:03+00:00,commerce_rank,Slub Pocket Tee - 4 Color,29cm:4127785,heart_count,102.0,"{""brand_eng"": ""NWT"", ""brand_kor"": ""엔더블유티"", ""brand_no"": 1813, ""category1"": ""남성의류"", ""category2"": ""상의"", ""category3"": ""긴소매 티셔츠"", ""category3_code"": 272103102, ""is_new"": false, ""item_no"": 4127785, ""period_sort"": ""ONE_DAY"", ""platform"": ""29cm"", ""ranking_category_code"": ""272103100"", ""ranking_category_name"": ""남성의류>상의"", ""review_avg"": 5.0, ""sale_percent"": 0, ""sale_price"": 68000, ""sold_out"": false, ""url"": ""https://product.29cm.co.kr/catalog/4127785""}",2026-10-03T01:00:02+00:00_62faa0ae
2026-10-03T10:00:02+09:00,2026-10-03T01:00:03+00:00,commerce_rank,Slub Pocket Tee - 4 Color,29cm:4127785,review_count,1.0,"{""brand_eng"": ""NWT"", ""brand_kor"": ""엔더블유티"", ""brand_no"": 1813, ""category1"": ""남성의류"", ""category2"": ""상의"", ""category3"": ""긴소매 티셔츠"", ""category3_code"": 272103102, ""is_new"": false, ""item_no"": 4127785, ""period_sort"": ""ONE_DAY"", ""platform"": ""29cm"", ""ranking_category_code"": ""272103100"", ""ranking_category_name"": ""남성의류>상의"", ""review_avg"": 5.0, ""sale_percent"": 0, ""sale_price"": 68000, ""sold_out"": false, ""url"": ""https://product.29cm.co.kr/catalog/4127785""}",2026-10-03T01:00:02+00:00_62faa0ae
2026-10-03T10:00:02+09:00,2026-10-03T01:00:03+00:00,commerce_rank,Slub Pocket Tee - 4 Color,29cm:4127785@272103100,rank,85.0,"{""brand_eng"": ""NWT"", ""brand_kor"": ""엔더블유티"", ""brand_no"": 1813, ""category1"": ""남성의류"", ""category2"": ""상의"", ""category3"": ""긴소매 티셔츠"", ""category3_code"": 272103102, ""is_new"": false, ""item_no"": 4127785, ""period_sort"": ""ONE_DAY"", ""platform"": ""29cm"", ""ranking_category_code"": ""272103100"", ""ranking_category_name"": ""남성의류>상의"", ""review_avg"": 5.0, ""sale_percent"": 0, ""sale_price"": 68000, ""sold_out"": false, ""url"": ""https://product.29cm.co.kr/catalog/4127785""}",2026-10-03T01:00:02+00:00_62faa0ae
2026-10-03T10:00:02+09:00,2026-10-03T01:00:03+00:00,commerce_rank,[1st Reorder] Full Stripe L/S Tee - 3 Color,29cm:4127835,heart_count,84.0,"{""brand_eng"": ""NWT"", ""brand_kor"": ""엔더블유티"", ""brand_no"": 1813, ""category1"": ""남성의류"", ""category2"": ""상의"", ""category3"": ""긴소매 티셔츠"", ""category3_code"": 272103102, ""is_new"": false, ""item_no"": 4127835, ""period_sort"": ""ONE_DAY"", ""platform"": ""29cm"", ""ranking_category_code"": ""272103100"", ""ranking_category_name"": ""남성의류>상의"", ""review_avg"": 5.0, ""sale_percent"": 0, ""sale_price"": 78000, ""sold_out"": false, ""url"": ""https://product.29cm.co.kr/catalog/4127835""}",2026-10-03T01:00:02+00:00_62faa0ae
2026-10-03T10:00:02+09:00,2026-10-03T01:00:03+00:00,commerce_rank,[1st Reorder] Full Stripe L/S Tee - 3 Color,29cm:4127835,review_count,3.0,"{""brand_eng"": ""NWT"", ""brand_kor"": ""엔더블유티"", ""brand_no"": 1813, ""category1"": ""남성의류"", ""category2"": ""상의"", ""category3"": ""긴소매 티셔츠"", ""category3_code"": 272103102, ""is_new"": false, ""item_no"": 4127835, ""period_sort"": ""ONE_DAY"", ""platform"": ""29cm"", ""ranking_category_code"": ""272103100"", ""ranking_category_name"": ""남성의류>상의"", ""review_avg"": 5.0, ""sale_percent"": 0, ""sale_price"": 78000, ""sold_out"": false, ""url"": ""https://product.29cm.co.kr/catalog/4127835""}",2026-10-03T01:00:02+00:00_62faa0ae
2026-10-03T10:00:02+09:00,2026-10-03T01:00:03+00:00,commerce_rank,[1st Reorder] Full Stripe L/S Tee - 3 Color,29cm:4127835@272103100,rank,33.0,"{""brand_eng"": ""NWT"", ""brand_kor"": ""엔더블유티"", ""brand_no"": 1813, ""category1"": ""남성의류"", ""category2"": ""상의"", ""category3"": ""긴소매 티셔츠"", ""category3_code"": 272103102, ""is_new"": false, ""item_no"": 4127835, ""period_sort"": ""ONE_DAY"", ""platform"": ""29cm"", ""ranking_category_code"": ""272103100"", ""ranking_category_name"": ""남성의류>상의"", ""review_avg"": 5.0, ""sale_percent"": 0, ""sale_price"": 78000, ""sold_out"": false, ""url"": ""https://product.29cm.co.kr/catalog/4127835""}",2026-10-03T01:00:02+00:00_62faa0ae
2026-10-03T10:00:02+09:00,2026-10-03T01:00:03+00:00,commerce_rank,[1st Reorder] Raw Edge L/S Tee - 3 Color,29cm:4127841,heart_count,415.0,"{""brand_eng"": ""NWT"", ""brand_kor"": ""엔더블유티"", ""brand_no"": 1813, ""category1"": ""남성의류"", ""category2"": ""상의"", ""category3"": ""긴소매 티셔츠"", ""category3_code"": 272103102, ""is_new"": false, ""item_no"": 4127841, ""period_sort"": ""ONE_DAY"", ""platform"": ""29cm"", ""ranking_category_code"": ""272103100"", ""ranking_category_name"": ""남성의류>상의"", ""review_avg"": 0.0, ""sale_percent"": 0, ""sale_price"": 68000, ""sold_out"": false, ""url"": ""https://product.29cm.co.kr/catalog/4127841""}",2026-10-03T01:00:02+00:00_62faa0ae
2026-10-03T10:00:02+09:00,2026-10-03T01:00:03+00:00,commerce_rank,[1st Reorder] Raw Edge L/S Tee - 3 Color,29cm:4127841,review_count,0.0,"{""brand_eng"": ""NWT"", ""brand_kor"": ""엔더블유티"", ""brand_no"": 1813, ""category1"": ""남성의류"", ""category2"": ""상의"", ""category3"": ""긴소매 티셔츠"", ""category3_code"": 272103102, ""is_new"": false, ""item_no"": 4127841, ""period_sort"": ""ONE_DAY"", ""platform"": ""29cm"", ""ranking_category_code"": ""272103100"", ""ranking_category_name"": ""남성의류>상의"", ""review_avg"": 0.0, ""sale_percent"": 0, ""sale_price"": 68000, ""sold_out"": false, ""url"": ""https://product.29cm.co.kr/catalog/4127841""}",2026-10-03T01:00:02+00:00_62faa0ae
2026-10-03T10:00:02+09:00,2026-10-03T01:00:03+00:00,commerce_rank,[1st Reorder] Raw Edge L/S Tee - 3 Color,29cm:4127841@272103100,rank,3.0,"{""brand_eng"": ""NWT"", ""brand_kor"": ""엔더블유티"", ""brand_no"": 1813, ""category1"": ""남성의류"", ""category2"": ""상의"", ""category3"": ""긴소매 티셔츠"", ""category3_code"": 272103102, ""is_new"": false, ""item_no"": 4127841, ""period_sort"": ""ONE_DAY"", ""platform"": ""29cm"", ""ranking_category_code"": ""272103100"", ""ranking_category_name"": ""남성의류>상의"", ""review_avg"": 0.0, ""sale_percent"": 0, ""sale_price"": 68000, ""sold_out"": false, ""url"": ""https://product.29cm.co.kr/catalog/4127841""}",2026-10-03T01:00:02+00:00_62faa0ae
2026-10-03T10:00:02+09:00,2026-10-03T01:00:03+00:00,commerce_rank,TG3-TS07 선 페이디드 스웻셔츠 - [퍼티베이지],29cm:4128392,heart_count,196.0,"{""brand_eng"": ""THOMAS MORE"", ""brand_kor"": ""토마스모어"", ""brand_no"": 2111, ""category1"": ""남성의류"", ""category2"": ""상의"", ""category3"": ""스웨트셔츠"", ""category3_code"": 272103107, ""is_new"": false, ""item_no"": 4128392, ""period_sort"": ""ONE_DAY"", ""platform"": ""29cm"", ""ranking_category_code"": ""272103100"", ""ranking_category_name"": ""남성의류>상의"", ""review_avg"": 4.5, ""sale_percent"": 0, ""sale_price"": 67000, ""sold_out"": false, ""url"": ""https://product.29cm.co.kr/catalog/4128392""}",2026-10-03T01:00:02+00:00_62faa0ae
2026-10-03T10:00:02+09:00,2026-10-03T01:00:03+00:00,commerce_rank,TG3-TS07 선 페이디드 스웻셔츠 - [퍼티베이지],29cm:4128392,review_count,11.0,"{""brand_eng"": ""THOMAS MORE"", ""brand_kor"": ""토마스모어"", ""brand_no"": 2111, ""category1"": ""남성의류"", ""category2"": ""상의"", ""category3"": ""스웨트셔츠"", ""category3_code"": 272103107, ""is_new"": false, ""item_no"": 4128392, ""period_sort"": ""ONE_DAY"", ""platform"": ""29cm"", ""ranking_category_code"": ""272103100"", ""ranking_category_name"": ""남성의류>상의"", ""review_avg"": 4.5, ""sale_percent"": 0, ""sale_price"": 67000, ""sold_out"": false, ""url"": ""https://product.29cm.co.kr/catalog/4128392""}",2026-10-03T01:00:02+00:00_62faa0ae
2026-10-03T10:00:02+09:00,2026-10-03T01:00:03+00:00,commerce_rank,TG3-TS07 선 페이디드 스웻셔츠 - [퍼티베이지],29cm:4128392@272103100,rank,21.0,"{""brand_eng"": ""THOMAS MORE"", ""brand_kor"": ""토마스모어"", ""brand_no"": 2111, ""category1"": ""남성의류"", ""category2"": ""상의"", ""category3"": ""스웨트셔츠"", ""category3_code"": 272103107, ""is_new"": false, ""item_no"": 4128392, ""period_sort"": ""ONE_DAY"", ""platform"": ""29cm"", ""ranking_category_code"": ""272103100"", ""ranking_category_name"": ""남성의류>상의"", ""review_avg"": 4.5, ""sale_percent"": 0, ""sale_price"": 67000, ""sold_out"": false, ""url"": ""https://product.29cm.co.kr/catalog/4128392""}",2026-10-03T01:00:02+00:00_62faa0ae
2026-10-03T10:00:02+09:00,2026-10-03T01:00:03+00:00,commerce_rank,TG3-TS07 선 페이디드 스웻셔츠 - [시그마레드],29cm:4128396,heart_count,342.0,"{""brand_eng"": ""THOMAS MORE"", ""brand_kor"": ""토마스모어"", ""brand_no"": 2111, ""category1"": ""남성의류"", ""category2"": ""상의"", ""category3"": ""스웨트셔츠"", ""category3_code"": 272103107, ""is_new"": false, ""item_no"": 4128396, ""period_sort"": ""ONE_DAY"", ""platform"": ""29cm"", ""ranking_category_code"": ""272103100"", ""ranking_category_name"": ""남성의류>상의"", ""review_avg"": 5.0, ""sale_percent"": 0, ""sale_price"": 67000, ""sold_out"": false, ""url"": ""https://product.29cm.co.kr/catalog/4128396""}",2026-10-03T01:00:02+00:00_62faa0ae
2026-10-03T10:00:02+09:00,2026-10-03T01:00:03+00:00,commerce_rank,TG3-TS07 선 페이디드 스웻셔츠 - [시그마레드],29cm:4128396,review_count,23.0,"{""brand_eng"": ""THOMAS MORE"", ""brand_kor"": ""토마스모어"", ""brand_no"": 2111, ""category1"": ""남성의류"", ""category2"": ""상의"", ""category3"": ""스웨트셔츠"", ""category3_code"": 272103107, ""is_new"": false, ""item_no"": 4128396, ""period_sort"": ""ONE_DAY"", ""platform"": ""29cm"", ""ranking_category_code"": ""272103100"", ""ranking_category_name"": ""남성의류>상의"", ""review_avg"": 5.0, ""sale_percent"": 0, ""sale_price"": 67000, ""sold_out"": false, ""url"": ""https://product.29cm.co.kr/catalog/4128396""}",2026-10-03T01:00:02+00:00_62faa0ae
2026-10-03T10:00:02+09:00,2026-10-03T01:00:03+00:00,commerce_rank,TG3-TS07 선 페이디드 스웻셔츠 - [시그마레드],29cm:4128396@272103100,rank,54.0,"{""brand_eng"": ""THOMAS MORE"", ""brand_kor"": ""토마스모어"", ""brand_no"": 2111, ""category1"": ""남성의류"", ""category2"": ""상의"", ""category3"": ""스웨트셔츠"", ""category3_code"": 272103107, ""is_new"": false, ""item_no"": 4128396, ""period_sort"": ""ONE_DAY"", ""platform"": ""29cm"", ""ranking_category_code"": ""272103100"", ""ranking_category_name"": ""남성의류>상의"", ""review_avg"": 5.0, ""sale_percent"": 0, ""sale_price"": 67000, ""sold_out"": false, ""url"": ""https://product.29cm.co.kr/catalog/4128396""}",2026-10-03T01:00:02+00:00_62faa0ae
2026-10-03T10:00:02+09:00,2026-10-03T01:00:03+00:00,commerce_rank,TG3-TS09 립 트림 롱슬리브 티셔츠 - [블랙],29cm:4128402,heart_count,97.0,"{""brand_eng"": ""THOMAS MORE"", ""brand_kor"": ""토마스모어"", ""brand_no"": 2111, ""category1"": ""남성의류"", ""category2"": ""상의"", ""category3"": ""긴소매 티셔츠"", ""category3_code"": 272103102, ""is_new"": false, ""item_no"": 4128402, ""period_sort"": ""ONE_DAY"", ""platform"": ""29cm"", ""ranking_category_code"": ""272103100"", ""ranking_category_name"": ""남성의류>상의"", ""review_avg"": 5.0, ""sale_percent"": 0, ""sale_price"": 39700, ""sold_out"": false, ""url"": ""https://product.29cm.co.kr/catalog/4128402""}",2026-10-03T01:00:02+00:00_62faa0ae
2026-10-03T10:00:02+09:00,2026-10-03T01:00:03+00:00,commerce_rank,TG3-TS09 립 트림 롱슬리브 티셔츠 - [블랙],29cm:4128402,review_count,4.0,"{""brand_eng"": ""THOMAS MORE"", ""brand_kor"": ""토마스모어"", ""brand_no"": 2111, ""category1"": ""남성의류"", ""category2"": ""상의"", ""category3"": ""긴소매 티셔츠"", ""category3_code"": 272103102, ""is_new"": false, ""item_no"": 4128402, ""period_sort"": ""ONE_DAY"", ""platform"": ""29cm"", ""ranking_category_code"": ""272103100"", ""ranking_category_name"": ""남성의류>상의"", ""review_avg"": 5.0, ""sale_percent"": 0, ""sale_price"": 39700, ""sold_out"": false, ""url"": ""https://product.29cm.co.kr/catalog/4128402""}",2026-10-03T01:00:02+00:00_62faa0ae
2026-10-03T10:00:02+09:00,2026-10-03T01:00:03+00:00,commerce_rank,TG3-TS09 립 트림 롱슬리브 티셔츠 - [블랙],29cm:4128402@272103100,rank,40.0,"{""brand_eng"": ""THOMAS MORE"", ""brand_kor"": ""토마스모어"", ""brand_no"": 2111, ""category1"": ""남성의류"", ""category2"": ""상의"", ""category3"": ""긴소매 티셔츠"", ""category3_code"": 272103102, ""is_new"": false, ""item_no"": 4128402, ""period_sort"": ""ONE_DAY"", ""platform"": ""29cm"", ""ranking_category_code"": ""272103100"", ""ranking_category_name"": ""남성의류>상의"", ""review_avg"": 5.0, ""sale_percent"": 0, ""sale_price"": 39700, ""sold_out"": false, ""url"": ""https://product.29cm.co.kr/catalog/4128402""}",2026-10-03T01:00:02+00:00_62faa0ae
2026-10-03T10:00:02+09:00,2026-10-03T01:00:03+00:00,commerce_rank,TG3-TS13 멀티 스트라이프 롱슬리브 티셔츠,29cm:4128404,heart_count,2754.0,"{""brand_eng"": ""THOMAS MORE"", ""brand_kor"": ""토마스모어"", ""brand_no"": 2111, ""category1"": ""남성의류"", ""category2"": ""상의"", ""category3"": ""긴소매 티셔츠"", ""category3_code"": 272103102, ""is_new"": false, ""item_no"": 4128404, ""period_sort"": ""ONE_DAY"", ""platform"": ""29cm"", ""ranking_category_code"": ""272103100"", ""ranking_category_name"": ""남성의류>상의"", ""review_avg"": 4.5, ""sale_percent"": 0, ""sale_price"": 39700, ""sold_out"": false, ""url"": ""https://product.29cm.co.kr/catalog/4128404""}",2026-10-03T01:00:02+00:00_62faa0ae
2026-10-03T10:00:02+09:00,2026-10-03T01:00:03+00:00,commerce_rank,TG3-TS13 멀티 스트라이프 롱슬리브 티셔츠,29cm:4128404,review_count,158.0,"{""brand_eng"": ""THOMAS MORE"", ""brand_kor"": ""토마스모어"", ""brand_no"": 2111, ""category1"": ""남성의류"", ""category2"": ""상의"", ""category3"": ""긴소매 티셔츠"", ""category3_code"": 272103102, ""is_new"": false, ""item_no"": 4128404, ""period_sort"": ""ONE_DAY"", ""platform"": ""29cm"", ""ranking_category_code"": ""272103100"", ""ranking_category_name"": ""남성의류>상의"", ""review_avg"": 4.5, ""sale_percent"": 0, ""sale_price"": 39700, ""sold_out"": false, ""url"": ""https://product.29cm.co.kr/catalog/4128404""}",2026-10-03T01:00:02+00:00_62faa0ae
2026-10-03T10:00:02+09:00,2026-10-03T01:00:03+00:00,commerce_rank,TG3-TS13 멀티 스트라이프 롱슬리브 티셔츠,29cm:4128404@272103100,rank,26.0,"{""brand_eng"": ""THOMAS MORE"", ""brand_kor"": ""토마스모어"", ""brand_no"": 2111, ""category1"": ""남성의류"", ""category2"": ""상의"", ""category3"": ""긴소매 티셔츠"", ""category3_code"": 272103102, ""is_new"": false, ""item_no"": 4128404, ""period_sort"": ""ONE_DAY"", ""platform"": ""29cm"", ""ranking_category_code"": ""272103100"", ""ranking_category_name"": ""남성의류>상의"", ""review_avg"": 4.5, ""sale_percent"": 0, ""sale_price"": 39700, ""sold_out"": false, ""url"": ""https://product.29cm.co.kr/catalog/4128404""}",2026-10-03T01:00:02+00:00_62faa0ae
2026-10-03T10:00:02+09:00,2026-10-03T01:00:03+00:00,commerce_rank,TG3-TS12 씬 스트라이프 롱슬리브 티셔츠,29cm:4128405,heart_count,871.0,"{""brand_eng"": ""THOMAS MORE"", ""brand_kor"": ""토마스모어"", ""brand_no"": 2111, ""category1"": ""남성의류"", ""category2"": ""상의"", ""category3"": ""긴소매 티셔츠"", ""category3_code"": 272103102, ""is_new"": false, ""item_no"": 4128405, ""period_sort"": ""ONE_DAY"", ""platform"": ""29cm"", ""ranking_category_code"": ""272103100"", ""ranking_category_name"": ""남성의류>상의"", ""review_avg"": 4.5, ""sale_percent"": 0, ""sale_price"": 35700, ""sold_out"": false, ""url"": ""https://product.29cm.co.kr/catalog/4128405""}",2026-10-03T01:00:02+00:00_62faa0ae
2026-10-03T10:00:02+09:00,2026-10-03T01:00:03+00:00,commerce_rank,TG3-TS12 씬 스트라이프 롱슬리브 티셔츠,29cm:4128405,review_count,40.0,"{""brand_eng"": ""THOMAS MORE"", ""brand_kor"": ""토마스모어"", ""brand_no"": 2111, ""category1"": ""남성의류"", ""category2"": ""상의"", ""category3"": ""긴소매 티셔츠"", ""category3_code"": 272103102, ""is_new"": false, ""item_no"": 4128405, ""period_sort"": ""ONE_DAY"", ""platform"": ""29cm"", ""ranking_category_code"": ""272103100"", ""ranking_category_name"": ""남성의류>상의"", ""review_avg"": 4.5, ""sale_percent"": 0, ""sale_price"": 35700, ""sold_out"": false, ""url"": ""https://product.29cm.co.kr/catalog/4128405""}",2026-10-03T01:00:02+00:00_62faa0ae
2026-10-03T10:00:02+09:00,2026-10-03T01:00:03+00:00,commerce_rank,TG3-TS12 씬 스트라이프 롱슬리브 티셔츠,29cm:4128405@272103100,rank,8.0,"{""brand_eng"": ""THOMAS MORE"", ""brand_kor"": ""토마스모어"", ""brand_no"": 2111, ""category1"": ""남성의류"", ""category2"": ""상의"", ""category3"": ""긴소매 티셔츠"", ""category3_code"": 272103102, ""is_new"": false, ""item_no"": 4128405, ""period_sort"": ""ONE_DAY"", ""platform"": ""29cm"", ""ranking_category_code"": ""272103100"", ""ranking_category_name"": ""남성의류>상의"", ""review_avg"": 4.5, ""sale_percent"": 0, ""sale_price"": 35700, ""sold_out"": false, ""url"": ""https://product.29cm.co.kr/catalog/4128405""}",2026-10-03T01:00:02+00:00_62faa0ae
2026-10-03T10:00:02+09:00,2026-10-03T01:00:03+00:00,commerce_rank,Fine Stripe Long Sleeve Graphite,29cm:4128782,heart_count,71.0,"{""brand_eng"": ""rough side"", ""brand_kor"": ""러프사이드"", ""brand_no"": 3821, ""category1"": ""남성의류"", ""category2"": ""상의"", ""category3"": ""긴소매 티셔츠"", ""category3_code"": 272103102, ""is_new"": false, ""item_no"": 4128782, ""period_sort"": ""ONE_DAY"", ""platform"": ""29cm"", ""ranking_category_code"": ""272103100"", ""ranking_category_name"": ""남성의류>상의"", ""review_avg"": 5.0, ""sale_percent"": 5, ""sale_price"": 75100, ""sold_out"": false, ""url"": ""https://product.29cm.co.kr/catalog/4128782""}",2026-10-03T01:00:02+00:00_62faa0ae
2026-10-03T10:00:02+09:00,2026-10-03T01:00:03+00:00,commerce_rank,Fine Stripe Long Sleeve Graphite,29cm:4128782,review_count,1.0,"{""brand_eng"": ""rough side"", ""brand_kor"": ""러프사이드"", ""brand_no"": 3821, ""category1"": ""남성의류"", ""category2"": ""상의"", ""category3"": ""긴소매 티셔츠"", ""category3_code"": 272103102, ""is_new"": false, ""item_no"": 4128782, ""period_sort"": ""ONE_DAY"", ""platform"": ""29cm"", ""ranking_category_code"": ""272103100"", ""ranking_category_name"": ""남성의류>상의"", ""review_avg"": 5.0, ""sale_percent"": 5, ""sale_price"": 75100, ""sold_out"": false, ""url"": ""https://product.29cm.co.kr/catalog/4128782""}",2026-10-03T01:00:02+00:00_62faa0ae
2026-10-03T10:00:02+09:00,2026-10-03T01:00:03+00:00,commerce_rank,Fine Stripe Long Sleeve Graphite,29cm:4128782@272103100,rank,29.0,"{""brand_eng"": ""rough side"", ""brand_kor"": ""러프사이드"", ""brand_no"": 3821, ""category1"": ""남성의류"", ""category2"": ""상의"", ""category3"": ""긴소매 티셔츠"", ""category3_code"": 272103102, ""is_new"": false, ""item_no"": 4128782, ""period_sort"": ""ONE_DAY"", ""platform"": ""29cm"", ""ranking_category_code"": ""272103100"", ""ranking_category_name"": ""남성의류>상의"", ""review_avg"": 5.0, ""sale_percent"": 5, ""sale_price"": 75100, ""sold_out"": false, ""url"": ""https://product.29cm.co.kr/catalog/4128782""}",2026-10-03T01:00:02+00:00_62faa0ae
2026-10-03T10:00:02+09:00,2026-10-03T01:00:02+00:00,commerce_rank,[쁨이 PICK] Essential Button Hoodie-Butter,29cm:4129128,heart_count,2508.0,"{""brand_eng"": ""BITTERCELLS"", ""brand_kor"": ""비터셀즈"", ""brand_no"": 15063, ""category1"": ""여성의류"", ""category2"": ""상의"", ""category3"": ""후디"", ""category3_code"": 268103105, ""is_new"": false, ""item_no"": 4129128, ""period_sort"": ""ONE_DAY"", ""platform"": ""29cm"", ""ranking_category_code"": ""268103100"", ""ranking_category_name"": ""여성의류>상의"", ""review_avg"": 5.0, ""sale_percent"": 10, ""sale_price"": 71100, ""sold_out"": false, ""url"": ""https://product.29cm.co.kr/catalog/4129128""}",2026-10-03T01:00:02+00:00_62faa0ae
2026-10-03T10:00:02+09:00,2026-10-03T01:00:02+00:00,commerce_rank,[쁨이 PICK] Essential Button Hoodie-Butter,29cm:4129128,review_count,6.0,"{""brand_eng"": ""BITTERCELLS"", ""brand_kor"": ""비터셀즈"", ""brand_no"": 15063, ""category1"": ""여성의류"", ""category2"": ""상의"", ""category3"": ""후디"", ""category3_code"": 268103105, ""is_new"": false, ""item_no"": 4129128, ""period_sort"": ""ONE_DAY"", ""platform"": ""29cm"", ""ranking_category_code"": ""268103100"", ""ranking_category_name"": ""여성의류>상의"", ""review_avg"": 5.0, ""sale_percent"": 10, ""sale_price"": 71100, ""sold_out"": false, ""url"": ""https://product.29cm.co.kr/catalog/4129128""}",2026-10-03T01:00:02+00:00_62faa0ae
2026-10-03T10:00:02+09:00,2026-10-03T01:00:02+00:00,commerce_rank,[쁨이 PICK] Essential Button Hoodie-Butter,29cm:4129128@268103100,rank,38.0,"{""brand_eng"": ""BITTERCELLS"", ""brand_kor"": ""비터셀즈"", ""brand_no"": 15063, ""category1"": ""여성의류"", ""category2"": ""상의"", ""category3"": ""후디"", ""category3_code"": 268103105, ""is_new"": false, ""item_no"": 4129128, ""period_sort"": ""ONE_DAY"", ""platform"": ""29cm"", ""ranking_category_code"": ""268103100"", ""ranking_category_name"": ""여성의류>상의"", ""review_avg"": 5.0, ""sale_percent"": 10, ""sale_price"": 71100, ""sold_out"": false, ""url"": ""https://product.29cm.co.kr/catalog/4129128""}",2026-10-03T01:00:02+00:00_62faa0ae
2026-10-03T10:00:02+09:00,2026-10-03T01:00:02+00:00,commerce_rank,[쁨이 PICK] Gradation Knit Hood Zip Up-Olive,29cm:4129140,heart_count,2621.0,"{""brand_eng"": ""BITTERCELLS"", ""brand_kor"": ""비터셀즈"", ""brand_no"": 15063, ""category1"": ""여성의류"", ""category2"": ""상의"", ""category3"": ""후디"", ""category3_code"": 268103105, ""is_new"": false, ""item_no"": 4129140, ""period_sort"": ""ONE_DAY"", ""platform"": ""29cm"", ""ranking_category_code"": ""268103100"", ""ranking_category_name"": ""여성의류>상의"", ""review_avg"": 5.0, ""sale_percent"": 10, ""sale_price"": 88200, ""sold_out"": false, ""url"": ""https://product.29cm.co.kr/catalog/4129140""}",2026-10-03T01:00:02+00:00_62faa0ae
2026-10-03T10:00:02+09:00,2026-10-03T01:00:02+00:00,commerce_rank,[쁨이 PICK] Gradation Knit Hood Zip Up-Olive,29cm:4129140,review_count,5.0,"{""brand_eng"": ""BITTERCELLS"", ""brand_kor"": ""비터셀즈"", ""brand_no"": 15063, ""category1"": ""여성의류"", ""category2"": ""상의"", ""category3"": ""후디"", ""category3_code"": 268103105, ""is_new"": false, ""item_no"": 4129140, ""period_sort"": ""ONE_DAY"", ""platform"": ""29cm"", ""ranking_category_code"": ""268103100"", ""ranking_category_name"": ""여성의류>상의"", ""review_avg"": 5.0, ""sale_percent"": 10, ""sale_price"": 88200, ""sold_out"": false, ""url"": ""https://product.29cm.co.kr/catalog/4129140""}",2026-10-03T01:00:02+00:00_62faa0ae
2026-10-03T10:00:02+09:00,2026-10-03T01:00:02+00:00,commerce_rank,[쁨이 PICK] Gradation Knit Hood Zip Up-Olive,29cm:4129140@268103100,rank,60.0,"{""brand_eng"": ""BITTERCELLS"", ""brand_kor"": ""비터셀즈"", ""brand_no"": 15063, ""category1"": ""여성의류"", ""category2"": ""상의"", ""category3"": ""후디"", ""category3_code"": 268103105, ""is_new"": false, ""item_no"": 4129140, ""period_sort"": ""ONE_DAY"", ""platform"": ""29cm"", ""ranking_category_code"": ""268103100"", ""ranking_category_name"": ""여성의류>상의"", ""review_avg"": 5.0, ""sale_percent"": 10, ""sale_price"": 88200, ""sold_out"": false, ""url"": ""https://product.29cm.co.kr/catalog/4129140""}",2026-10-03T01:00:02+00:00_62faa0ae
2026-10-03T10:00:02+09:00,2026-10-03T01:00:03+00:00,commerce_rank,소프트 브러쉬드 멀티핀 스트라이프 티셔츠 (차콜),29cm:4129305,heart_count,152.0,"{""brand_eng"": ""COOR"", ""brand_kor"": ""쿠어"", ""brand_no"": 15326, ""category1"": ""남성의류"", ""category2"": ""상의"", ""category3"": ""긴소매 티셔츠"", ""category3_code"": 272103102, ""is_new"": false, ""item_no"": 4129305, ""period_sort"": ""ONE_DAY"", ""platform"": ""29cm"", ""ranking_category_code"": ""272103100"", ""ranking_category_name"": ""남성의류>상의"", ""review_avg"": 5.0, ""sale_percent"": 10, ""sale_price"": 76500, ""sold_out"": false, ""url"": ""https://product.29cm.co.kr/catalog/4129305""}",2026-10-03T01:00:02+00:00_62faa0ae
2026-10-03T10:00:02+09:00,2026-10-03T01:00:03+00:00,commerce_rank,소프트 브러쉬드 멀티핀 스트라이프 티셔츠 (차콜),29cm:4129305,review_count,2.0,"{""brand_eng"": ""COOR"", ""brand_kor"": ""쿠어"", ""brand_no"": 15326, ""category1"": ""남성의류"", ""category2"": ""상의"", ""category3"": ""긴소매 티셔츠"", ""category3_code"": 272103102, ""is_new"": false, ""item_no"": 4129305, ""period_sort"": ""ONE_DAY"", ""platform"": ""29cm"", ""ranking_category_code"": ""272103100"", ""ranking_category_name"": ""남성의류>상의"", ""review_avg"": 5.0, ""sale_percent"": 10, ""sale_price"": 76500, ""sold_out"": false, ""url"": ""https://product.29cm.co.kr/catalog/4129305""}",2026-10-03T01:00:02+00:00_62faa0ae
2026-10-03T10:00:02+09:00,2026-10-03T01:00:03+00:00,commerce_rank,소프트 브러쉬드 멀티핀 스트라이프 티셔츠 (차콜),29cm:4129305@272103100,rank,34.0,"{""brand_eng"": ""COOR"", ""brand_kor"": ""쿠어"", ""brand_no"": 15326, ""category1"": ""남성의류"", ""category2"": ""상의"", ""category3"": ""긴소매 티셔츠"", ""category3_code"": 272103102, ""is_new"": false, ""item_no"": 4129305, ""period_sort"": ""ONE_DAY"", ""platform"": ""29cm"", ""ranking_category_code"": ""272103100"", ""ranking_category_name"": ""남성의류>상의"", ""review_avg"": 5.0, ""sale_percent"": 10, ""sale_price"": 76500, ""sold_out"": false, ""url"": ""https://product.29cm.co.kr/catalog/4129305""}",2026-10-03T01:00:02+00:00_62faa0ae
2026-10-03T10:00:02+09:00,2026-10-03T01:00:03+00:00,commerce_rank,레귤러핏 와플 롱 슬리브 (멜란지그레이),29cm:4129326,heart_count,113.0,"{""brand_eng"": ""COOR"", ""brand_kor"": ""쿠어"", ""brand_no"": 15326, ""category1"": ""남성의류"", ""category2"": ""상의"", ""category3"": ""긴소매 티셔츠"", ""category3_code"": 272103102, ""is_new"": false, ""item_no"": 4129326, ""period_sort"": ""ONE_DAY"", ""platform"": ""29cm"", ""ranking_category_code"": ""272103100"", ""ranking_category_name"": ""남성의류>상의"", ""review_avg"": 5.0, ""sale_percent"": 10, ""sale_price"": 68400, ""sold_out"": false, ""url"": ""https://product.29cm.co.kr/catalog/4129326""}",2026-10-03T01:00:02+00:00_62faa0ae
2026-10-03T10:00:02+09:00,2026-10-03T01:00:03+00:00,commerce_rank,레귤러핏 와플 롱 슬리브 (멜란지그레이),29cm:4129326,review_count,2.0,"{""brand_eng"": ""COOR"", ""brand_kor"": ""쿠어"", ""brand_no"": 15326, ""category1"": ""남성의류"", ""category2"": ""상의"", ""category3"": ""긴소매 티셔츠"", ""category3_code"": 272103102, ""is_new"": false, ""item_no"": 4129326, ""period_sort"": ""ONE_DAY"", ""platform"": ""29cm"", ""ranking_category_code"": ""272103100"", ""ranking_category_name"": ""남성의류>상의"", ""review_avg"": 5.0, ""sale_percent"": 10, ""sale_price"": 68400, ""sold_out"": false, ""url"": ""https://product.29cm.co.kr/catalog/4129326""}",2026-10-03T01:00:02+00:00_62faa0ae
2026-10-03T10:00:02+09:00,2026-10-03T01:00:03+00:00,commerce_rank,레귤러핏 와플 롱 슬리브 (멜란지그레이),29cm:4129326@272103100,rank,19.0,"{""brand_eng"": ""COOR"", ""brand_kor"": ""쿠어"", ""brand_no"": 15326, ""category1"": ""남성의류"", ""category2"": ""상의"", ""category3"": ""긴소매 티셔츠"", ""category3_code"": 272103102, ""is_new"": false, ""item_no"": 4129326, ""period_sort"": ""ONE_DAY"", ""platform"": ""29cm"", ""ranking_category_code"": ""272103100"", ""ranking_category_name"": ""남성의류>상의"", ""review_avg"": 5.0, ""sale_percent"": 10, ""sale_price"": 68400, ""sold_out"": false, ""url"": ""https://product.29cm.co.kr/catalog/4129326""}",2026-10-03T01:00:02+00:00_62faa0ae
2026-10-03T10:00:02+09:00,2026-10-03T01:00:02+00:00,commerce_rank,[29EDITION X 알로하]Oasis Blooming Sweatshirt_CLOUD,29cm:4130049,heart_count,5832.0,"{""brand_eng"": ""WEDNESDAYOASIS"", ""brand_kor"": ""웬즈데이오아시스"", ""brand_no"": 69104, ""category1"": ""여성의류"", ""category2"": ""상의"", ""category3"": ""스웨트셔츠"", ""category3_code"": 268103104, ""is_new"": false, ""item_no"": 4130049, ""period_sort"": ""ONE_DAY"", ""platform"": ""29cm"", ""ranking_category_code"": ""268103100"", ""ranking_category_name"": ""여성의류>상의"", ""review_avg"": 5.0, ""sale_percent"": 19, ""sale_price"": 51030, ""sold_out"": false, ""url"": ""https://product.29cm.co.kr/catalog/4130049""}",2026-10-03T01:00:02+00:00_62faa0ae
2026-10-03T10:00:02+09:00,2026-10-03T01:00:02+00:00,commerce_rank,[29EDITION X 알로하]Oasis Blooming Sweatshirt_CLOUD,29cm:4130049,review_count,86.0,"{""brand_eng"": ""WEDNESDAYOASIS"", ""brand_kor"": ""웬즈데이오아시스"", ""brand_no"": 69104, ""category1"": ""여성의류"", ""category2"": ""상의"", ""category3"": ""스웨트셔츠"", ""category3_code"": 268103104, ""is_new"": false, ""item_no"": 4130049, ""period_sort"": ""ONE_DAY"", ""platform"": ""29cm"", ""ranking_category_code"": ""268103100"", ""ranking_category_name"": ""여성의류>상의"", ""review_avg"": 5.0, ""sale_percent"": 19, ""sale_price"": 51030, ""sold_out"": false, ""url"": ""https://product.29cm.co.kr/catalog/4130049""}",2026-10-03T01:00:02+00:00_62faa0ae
2026-10-03T10:00:02+09:00,2026-10-03T01:00:02+00:00,commerce_rank,[29EDITION X 알로하]Oasis Blooming Sweatshirt_CLOUD,29cm:4130049@268103100,rank,63.0,"{""brand_eng"": ""WEDNESDAYOASIS"", ""brand_kor"": ""웬즈데이오아시스"", ""brand_no"": 69104, ""category1"": ""여성의류"", ""category2"": ""상의"", ""category3"": ""스웨트셔츠"", ""category3_code"": 268103104, ""is_new"": false, ""item_no"": 4130049, ""period_sort"": ""ONE_DAY"", ""platform"": ""29cm"", ""ranking_category_code"": ""268103100"", ""ranking_category_name"": ""여성의류>상의"", ""review_avg"": 5.0, ""sale_percent"": 19, ""sale_price"": 51030, ""sold_out"": false, ""url"": ""https://product.29cm.co.kr/catalog/4130049""}",2026-10-03T01:00:02+00:00_62faa0ae
2026-10-03T10:00:02+09:00,2026-10-03T01:00:03+00:00,commerce_rank,[29CM 선발매] 망키에르 18 긴팔 티셔츠 (060) ASJM2G34326-060,29cm:4130901,heart_count,459.0,"{""brand_eng"": ""SAINT JAMES"", ""brand_kor"": ""세인트제임스"", ""brand_no"": 5724, ""category1"": ""여성의류"", ""category2"": ""상의"", ""category3"": ""반소매 티셔츠"", ""category3_code"": 268103101, ""is_new"": false, ""item_no"": 4130901, ""period_sort"": ""ONE_DAY"", ""platform"": ""29cm"", ""ranking_category_code"": ""272103100"", ""ranking_category_name"": ""남성의류>상의"", ""review_avg"": 4.5, ""sale_percent"": 5, ""sale_price"": 131100, ""sold_out"": false, ""url"": ""https://product.29cm.co.kr/catalog/4130901""}",2026-10-03T01:00:02+00:00_62faa0ae
2026-10-03T10:00:02+09:00,2026-10-03T01:00:03+00:00,commerce_rank,[29CM 선발매] 망키에르 18 긴팔 티셔츠 (060) ASJM2G34326-060,29cm:4130901,review_count,27.0,"{""brand_eng"": ""SAINT JAMES"", ""brand_kor"": ""세인트제임스"", ""brand_no"": 5724, ""category1"": ""여성의류"", ""category2"": ""상의"", ""category3"": ""반소매 티셔츠"", ""category3_code"": 268103101, ""is_new"": false, ""item_no"": 4130901, ""period_sort"": ""ONE_DAY"", ""platform"": ""29cm"", ""ranking_category_code"": ""272103100"", ""ranking_category_name"": ""남성의류>상의"", ""review_avg"": 4.5, ""sale_percent"": 5, ""sale_price"": 131100, ""sold_out"": false, ""url"": ""https://product.29cm.co.kr/catalog/4130901""}",2026-10-03T01:00:02+00:00_62faa0ae
2026-10-03T10:00:02+09:00,2026-10-03T01:00:03+00:00,commerce_rank,[29CM 선발매] 망키에르 18 긴팔 티셔츠 (060) ASJM2G34326-060,29cm:4130901@272103100,rank,43.0,"{""brand_eng"": ""SAINT JAMES"", ""brand_kor"": ""세인트제임스"", ""brand_no"": 5724, ""category1"": ""여성의류"", ""category2"": ""상의"", ""category3"": ""반소매 티셔츠"", ""category3_code"": 268103101, ""is_new"": false, ""item_no"": 4130901, ""period_sort"": ""ONE_DAY"", ""platform"": ""29cm"", ""ranking_category_code"": ""272103100"", ""ranking_category_name"": ""남성의류>상의"", ""review_avg"": 4.5, ""sale_percent"": 5, ""sale_price"": 131100, ""sold_out"": false, ""url"": ""https://product.29cm.co.kr/catalog/4130901""}",2026-10-03T01:00:02+00:00_62faa0ae
2026-10-03T10:00:02+09:00,2026-10-03T01:00:03+00:00,commerce_rank,Button Down Shirt - 4 Color,29cm:4131378,heart_count,9.0,"{""brand_eng"": ""POTTERY"", ""brand_kor"": ""포터리"", ""brand_no"": 3453, ""category1"": ""남성의류"", ""category2"": ""상의"", ""category3"": ""긴소매 셔츠"", ""category3_code"": 272103106, ""is_new"": false, ""item_no"": 4131378, ""period_sort"": ""ONE_DAY"", ""platform"": ""29cm"", ""ranking_category_code"": ""272103100"", ""ranking_category_name"": ""남성의류>상의"", ""review_avg"": 5.0, ""sale_percent"": 0, ""sale_price"": 189000, ""sold_out"": false, ""url"": ""https://product.29cm.co.kr/catalog/4131378""}",2026-10-03T01:00:02+00:00_62faa0ae
2026-10-03T10:00:02+09:00,2026-10-03T01:00:03+00:00,commerce_rank,Button Down Shirt - 4 Color,29cm:4131378,review_count,1.0,"{""brand_eng"": ""POTTERY"", ""brand_kor"": ""포터리"", ""brand_no"": 3453, ""category1"": ""남성의류"", ""category2"": ""상의"", ""category3"": ""긴소매 셔츠"", ""category3_code"": 272103106, ""is_new"": false, ""item_no"": 4131378, ""period_sort"": ""ONE_DAY"", ""platform"": ""29cm"", ""ranking_category_code"": ""272103100"", ""ranking_category_name"": ""남성의류>상의"", ""review_avg"": 5.0, ""sale_percent"": 0, ""sale_price"": 189000, ""sold_out"": false, ""url"": ""https://product.29cm.co.kr/catalog/4131378""}",2026-10-03T01:00:02+00:00_62faa0ae
2026-10-03T10:00:02+09:00,2026-10-03T01:00:03+00:00,commerce_rank,Button Down Shirt - 4 Color,29cm:4131378@272103100,rank,35.0,"{""brand_eng"": ""POTTERY"", ""brand_kor"": ""포터리"", ""brand_no"": 3453, ""category1"": ""남성의류"", ""category2"": ""상의"", ""category3"": ""긴소매 셔츠"", ""category3_code"": 272103106, ""is_new"": false, ""item_no"": 4131378, ""period_sort"": ""ONE_DAY"", ""platform"": ""29cm"", ""ranking_category_code"": ""272103100"", ""ranking_category_name"": ""남성의류>상의"", ""review_avg"": 5.0, ""sale_percent"": 0, ""sale_price"": 189000, ""sold_out"": false, ""url"": ""https://product.29cm.co.kr/catalog/4131378""}",2026-10-03T01:00:02+00:00_62faa0ae
2026-10-03T10:00:02+09:00,2026-10-03T01:00:03+00:00,commerce_rank,DISTRESSED BASEBALL L/S SHIRTS d.purple/heather,29cm:4132943,heart_count,113.0,"{""brand_eng"": ""beheavyer"", ""brand_kor"": ""비헤비어"", ""brand_no"": 1897, ""category1"": ""남성의류"", ""category2"": ""상의"", ""category3"": ""긴소매 티셔츠"", ""category3_code"": 272103102, ""is_new"": false, ""item_no"": 4132943, ""period_sort"": ""ONE_DAY"", ""platform"": ""29cm"", ""ranking_category_code"": ""272103100"", ""ranking_category_name"": ""남성의류>상의"", ""review_avg"": 0.0, ""sale_percent"": 0, ""sale_price"": 119000, ""sold_out"": false, ""url"": ""https://product.29cm.co.kr/catalog/4132943""}",2026-10-03T01:00:02+00:00_62faa0ae
2026-10-03T10:00:02+09:00,2026-10-03T01:00:03+00:00,commerce_rank,DISTRESSED BASEBALL L/S SHIRTS d.purple/heather,29cm:4132943,review_count,0.0,"{""brand_eng"": ""beheavyer"", ""brand_kor"": ""비헤비어"", ""brand_no"": 1897, ""category1"": ""남성의류"", ""category2"": ""상의"", ""category3"": ""긴소매 티셔츠"", ""category3_code"": 272103102, ""is_new"": false, ""item_no"": 4132943, ""period_sort"": ""ONE_DAY"", ""platform"": ""29cm"", ""ranking_category_code"": ""272103100"", ""ranking_category_name"": ""남성의류>상의"", ""review_avg"": 0.0, ""sale_percent"": 0, ""sale_price"": 119000, ""sold_out"": false, ""url"": ""https://product.29cm.co.kr/catalog/4132943""}",2026-10-03T01:00:02+00:00_62faa0ae
2026-10-03T10:00:02+09:00,2026-10-03T01:00:03+00:00,commerce_rank,DISTRESSED BASEBALL L/S SHIRTS d.purple/heather,29cm:4132943@272103100,rank,93.0,"{""brand_eng"": ""beheavyer"", ""brand_kor"": ""비헤비어"", ""brand_no"": 1897, ""category1"": ""남성의류"", ""category2"": ""상의"", ""category3"": ""긴소매 티셔츠"", ""category3_code"": 272103102, ""is_new"": false, ""item_no"": 4132943, ""period_sort"": ""ONE_DAY"", ""platform"": ""29cm"", ""ranking_category_code"": ""272103100"", ""ranking_category_name"": ""남성의류>상의"", ""review_avg"": 0.0, ""sale_percent"": 0, ""sale_price"": 119000, ""sold_out"": false, ""url"": ""https://product.29cm.co.kr/catalog/4132943""}",2026-10-03T01:00:02+00:00_62faa0ae
2026-10-03T10:00:02+09:00,2026-10-03T01:00:02+00:00,commerce_rank,V Layered Tee Purple,29cm:4134050,heart_count,1224.0,"{""brand_eng"": ""RENSE"", ""brand_kor"": ""렌세"", ""brand_no"": 72648, ""category1"": ""여성의류"", ""category2"": ""상의"", ""category3"": ""긴소매 티셔츠"", ""category3_code"": 268103102, ""is_new"": false, ""item_no"": 4134050, ""period_sort"": ""ONE_DAY"", ""platform"": ""29cm"", ""ranking_category_code"": ""268103100"", ""ranking_category_name"": ""여성의류>상의"", ""review_avg"": 5.0, ""sale_percent"": 28, ""sale_price"": 33840, ""sold_out"": false, ""url"": ""https://product.29cm.co.kr/catalog/4134050""}",2026-10-03T01:00:02+00:00_62faa0ae
2026-10-03T10:00:02+09:00,2026-10-03T01:00:02+00:00,commerce_rank,V Layered Tee Purple,29cm:4134050,review_count,22.0,"{""brand_eng"": ""RENSE"", ""brand_kor"": ""렌세"", ""brand_no"": 72648, ""category1"": ""여성의류"", ""category2"": ""상의"", ""category3"": ""긴소매 티셔츠"", ""category3_code"": 268103102, ""is_new"": false, ""item_no"": 4134050, ""period_sort"": ""ONE_DAY"", ""platform"": ""29cm"", ""ranking_category_code"": ""268103100"", ""ranking_category_name"": ""여성의류>상의"", ""review_avg"": 5.0, ""sale_percent"": 28, ""sale_price"": 33840, ""sold_out"": false, ""url"": ""https://product.29cm.co.kr/catalog/4134050""}",2026-10-03T01:00:02+00:00_62faa0ae
2026-10-03T10:00:02+09:00,2026-10-03T01:00:02+00:00,commerce_rank,V Layered Tee Purple,29cm:4134050@268103100,rank,70.0,"{""brand_eng"": ""RENSE"", ""brand_kor"": ""렌세"", ""brand_no"": 72648, ""category1"": ""여성의류"", ""category2"": ""상의"", ""category3"": ""긴소매 티셔츠"", ""category3_code"": 268103102, ""is_new"": false, ""item_no"": 4134050, ""period_sort"": ""ONE_DAY"", ""platform"": ""29cm"", ""ranking_category_code"": ""268103100"", ""ranking_category_name"": ""여성의류>상의"", ""review_avg"": 5.0, ""sale_percent"": 28, ""sale_price"": 33840, ""sold_out"": false, ""url"": ""https://product.29cm.co.kr/catalog/4134050""}",2026-10-03T01:00:02+00:00_62faa0ae
2026-10-03T10:00:02+09:00,2026-10-03T01:00:03+00:00,commerce_rank,GUSSET RAGLAN L/S T-SHIRT [BLUE],29cm:4134340,heart_count,657.0,"{""brand_eng"": ""UNION BLUE"", ""brand_kor"": ""유니온 블루"", ""brand_no"": 13510, ""category1"": ""남성의류"", ""category2"": ""상의"", ""category3"": ""긴소매 티셔츠"", ""category3_code"": 272103102, ""is_new"": false, ""item_no"": 4134340, ""period_sort"": ""ONE_DAY"", ""platform"": ""29cm"", ""ranking_category_code"": ""272103100"", ""ranking_category_name"": ""남성의류>상의"", ""review_avg"": 5.0, ""sale_percent"": 10, ""sale_price"": 70200, ""sold_out"": false, ""url"": ""https://product.29cm.co.kr/catalog/4134340""}",2026-10-03T01:00:02+00:00_62faa0ae
2026-10-03T10:00:02+09:00,2026-10-03T01:00:03+00:00,commerce_rank,GUSSET RAGLAN L/S T-SHIRT [BLUE],29cm:4134340,review_count,5.0,"{""brand_eng"": ""UNION BLUE"", ""brand_kor"": ""유니온 블루"", ""brand_no"": 13510, ""category1"": ""남성의류"", ""category2"": ""상의"", ""category3"": ""긴소매 티셔츠"", ""category3_code"": 272103102, ""is_new"": false, ""item_no"": 4134340, ""period_sort"": ""ONE_DAY"", ""platform"": ""29cm"", ""ranking_category_code"": ""272103100"", ""ranking_category_name"": ""남성의류>상의"", ""review_avg"": 5.0, ""sale_percent"": 10, ""sale_price"": 70200, ""sold_out"": false, ""url"": ""https://product.29cm.co.kr/catalog/4134340""}",2026-10-03T01:00:02+00:00_62faa0ae
2026-10-03T10:00:02+09:00,2026-10-03T01:00:03+00:00,commerce_rank,GUSSET RAGLAN L/S T-SHIRT [BLUE],29cm:4134340@272103100,rank,20.0,"{""brand_eng"": ""UNION BLUE"", ""brand_kor"": ""유니온 블루"", ""brand_no"": 13510, ""category1"": ""남성의류"", ""category2"": ""상의"", ""category3"": ""긴소매 티셔츠"", ""category3_code"": 272103102, ""is_new"": false, ""item_no"": 4134340, ""period_sort"": ""ONE_DAY"", ""platform"": ""29cm"", ""ranking_category_code"": ""272103100"", ""ranking_category_name"": ""남성의류>상의"", ""review_avg"": 5.0, ""sale_percent"": 10, ""sale_price"": 70200, ""sold_out"": false, ""url"": ""https://product.29cm.co.kr/catalog/4134340""}",2026-10-03T01:00:02+00:00_62faa0ae
2026-10-03T10:00:02+09:00,2026-10-03T01:00:02+00:00,commerce_rank,셀즈 셔츠 블라우스_2COLORS,29cm:4134563,heart_count,5090.0,"{""brand_eng"": ""MERRYON"", ""brand_kor"": ""메리온"", ""brand_no"": 108383, ""category1"": ""여성의류"", ""category2"": ""상의"", ""category3"": ""셔츠"", ""category3_code"": 268103106, ""is_new"": false, ""item_no"": 4134563, ""period_sort"": ""ONE_DAY"", ""platform"": ""29cm"", ""ranking_category_code"": ""268103100"", ""ranking_category_name"": ""여성의류>상의"", ""review_avg"": 4.5, ""sale_percent"": 28, ""sale_price"": 85680, ""sold_out"": false, ""url"": ""https://product.29cm.co.kr/catalog/4134563""}",2026-10-03T01:00:02+00:00_62faa0ae
2026-10-03T10:00:02+09:00,2026-10-03T01:00:02+00:00,commerce_rank,셀즈 셔츠 블라우스_2COLORS,29cm:4134563,review_count,20.0,"{""brand_eng"": ""MERRYON"", ""brand_kor"": ""메리온"", ""brand_no"": 108383, ""category1"": ""여성의류"", ""category2"": ""상의"", ""category3"": ""셔츠"", ""category3_code"": 268103106, ""is_new"": false, ""item_no"": 4134563, ""period_sort"": ""ONE_DAY"", ""platform"": ""29cm"", ""ranking_category_code"": ""268103100"", ""ranking_category_name"": ""여성의류>상의"", ""review_avg"": 4.5, ""sale_percent"": 28, ""sale_price"": 85680, ""sold_out"": false, ""url"": ""https://product.29cm.co.kr/catalog/4134563""}",2026-10-03T01:00:02+00:00_62faa0ae
2026-10-03T10:00:02+09:00,2026-10-03T01:00:02+00:00,commerce_rank,셀즈 셔츠 블라우스_2COLORS,29cm:4134563@268103100,rank,65.0,"{""brand_eng"": ""MERRYON"", ""brand_kor"": ""메리온"", ""brand_no"": 108383, ""category1"": ""여성의류"", ""category2"": ""상의"", ""category3"": ""셔츠"", ""category3_code"": 268103106, ""is_new"": false, ""item_no"": 4134563, ""period_sort"": ""ONE_DAY"", ""platform"": ""29cm"", ""ranking_category_code"": ""268103100"", ""ranking_category_name"": ""여성의류>상의"", ""review_avg"": 4.5, ""sale_percent"": 28, ""sale_price"": 85680, ""sold_out"": false, ""url"": ""https://product.29cm.co.kr/catalog/4134563""}",2026-10-03T01:00:02+00:00_62faa0ae
2026-10-03T10:00:02+09:00,2026-10-03T01:00:02+00:00,commerce_rank,"[4th REORDER, 10/15 예약배송] LACE-DETAILED SLEEVELESS TOP (GREY)",29cm:4135019,heart_count,3421.0,"{""brand_eng"": ""LCDC TM"", ""brand_kor"": ""엘씨디씨 티엠"", ""brand_no"": 20882, ""category1"": ""여성의류"", ""category2"": ""상의"", ""category3"": ""긴소매 티셔츠"", ""category3_code"": 268103102, ""is_new"": false, ""item_no"": 4135019, ""period_sort"": ""ONE_DAY"", ""platform"": ""29cm"", ""ranking_category_code"": ""268103100"", ""ranking_category_name"": ""여성의류>상의"", ""review_avg"": 5.0, ""sale_percent"": 10, ""sale_price"": 116100, ""sold_out"": false, ""url"": ""https://product.29cm.co.kr/catalog/4135019""}",2026-10-03T01:00:02+00:00_62faa0ae
2026-10-03T10:00:02+09:00,2026-10-03T01:00:02+00:00,commerce_rank,"[4th REORDER, 10/15 예약배송] LACE-DETAILED SLEEVELESS TOP (GREY)",29cm:4135019,review_count,16.0,"{""brand_eng"": ""LCDC TM"", ""brand_kor"": ""엘씨디씨 티엠"", ""brand_no"": 20882, ""category1"": ""여성의류"", ""category2"": ""상의"", ""category3"": ""긴소매 티셔츠"", ""category3_code"": 268103102, ""is_new"": false, ""item_no"": 4135019, ""period_sort"": ""ONE_DAY"", ""platform"": ""29cm"", ""ranking_category_code"": ""268103100"", ""ranking_category_name"": ""여성의류>상의"", ""review_avg"": 5.0, ""sale_percent"": 10, ""sale_price"": 116100, ""sold_out"": false, ""url"": ""https://product.29cm.co.kr/catalog/4135019""}",2026-10-03T01:00:02+00:00_62faa0ae
2026-10-03T10:00:02+09:00,2026-10-03T01:00:02+00:00,commerce_rank,"[4th REORDER, 10/15 예약배송] LACE-DETAILED SLEEVELESS TOP (GREY)",29cm:4135019@268103100,rank,35.0,"{""brand_eng"": ""LCDC TM"", ""brand_kor"": ""엘씨디씨 티엠"", ""brand_no"": 20882, ""category1"": ""여성의류"", ""category2"": ""상의"", ""category3"": ""긴소매 티셔츠"", ""category3_code"": 268103102, ""is_new"": false, ""item_no"": 4135019, ""period_sort"": ""ONE_DAY"", ""platform"": ""29cm"", ""ranking_category_code"": ""268103100"", ""ranking_category_name"": ""여성의류>상의"", ""review_avg"": 5.0, ""sale_percent"": 10, ""sale_price"": 116100, ""sold_out"": false, ""url"": ""https://product.29cm.co.kr/catalog/4135019""}",2026-10-03T01:00:02+00:00_62faa0ae
2026-10-03T10:00:02+09:00,2026-10-03T01:00:03+00:00,commerce_rank,Raw Edge Pocket Long Sleeve Melange Gray,29cm:4135206,heart_count,710.0,"{""brand_eng"": ""partimento"", ""brand_kor"": ""파르티멘토"", ""brand_no"": 1588, ""category1"": ""여성의류"", ""category2"": ""상의"", ""category3"": ""긴소매 티셔츠"", ""category3_code"": 268103102, ""is_new"": false, ""item_no"": 4135206, ""period_sort"": ""ONE_DAY"", ""platform"": ""29cm"", ""ranking_category_code"": ""272103100"", ""ranking_category_name"": ""남성의류>상의"", ""review_avg"": 5.0, ""sale_percent"": 28, ""sale_price"": 29610, ""sold_out"": false, ""url"": ""https://product.29cm.co.kr/catalog/4135206""}",2026-10-03T01:00:02+00:00_62faa0ae
2026-10-03T10:00:02+09:00,2026-10-03T01:00:03+00:00,commerce_rank,Raw Edge Pocket Long Sleeve Melange Gray,29cm:4135206,review_count,21.0,"{""brand_eng"": ""partimento"", ""brand_kor"": ""파르티멘토"", ""brand_no"": 1588, ""category1"": ""여성의류"", ""category2"": ""상의"", ""category3"": ""긴소매 티셔츠"", ""category3_code"": 268103102, ""is_new"": false, ""item_no"": 4135206, ""period_sort"": ""ONE_DAY"", ""platform"": ""29cm"", ""ranking_category_code"": ""272103100"", ""ranking_category_name"": ""남성의류>상의"", ""review_avg"": 5.0, ""sale_percent"": 28, ""sale_price"": 29610, ""sold_out"": false, ""url"": ""https://product.29cm.co.kr/catalog/4135206""}",2026-10-03T01:00:02+00:00_62faa0ae
2026-10-03T10:00:02+09:00,2026-10-03T01:00:03+00:00,commerce_rank,Raw Edge Pocket Long Sleeve Melange Gray,29cm:4135206@272103100,rank,9.0,"{""brand_eng"": ""partimento"", ""brand_kor"": ""파르티멘토"", ""brand_no"": 1588, ""category1"": ""여성의류"", ""category2"": ""상의"", ""category3"": ""긴소매 티셔츠"", ""category3_code"": 268103102, ""is_new"": false, ""item_no"": 4135206, ""period_sort"": ""ONE_DAY"", ""platform"": ""29cm"", ""ranking_category_code"": ""272103100"", ""ranking_category_name"": ""남성의류>상의"", ""review_avg"": 5.0, ""sale_percent"": 28, ""sale_price"": 29610, ""sold_out"": false, ""url"": ""https://product.29cm.co.kr/catalog/4135206""}",2026-10-03T01:00:02+00:00_62faa0ae
2026-10-03T10:00:02+09:00,2026-10-03T01:00:03+00:00,commerce_rank,Raw Edge Pocket Long Sleeve Burgundy,29cm:4135208,heart_count,67.0,"{""brand_eng"": ""partimento"", ""brand_kor"": ""파르티멘토"", ""brand_no"": 1588, ""category1"": ""여성의류"", ""category2"": ""상의"", ""category3"": ""긴소매 티셔츠"", ""category3_code"": 268103102, ""is_new"": false, ""item_no"": 4135208, ""period_sort"": ""ONE_DAY"", ""platform"": ""29cm"", ""ranking_category_code"": ""272103100"", ""ranking_category_name"": ""남성의류>상의"", ""review_avg"": 5.0, ""sale_percent"": 28, ""sale_price"": 29610, ""sold_out"": false, ""url"": ""https://product.29cm.co.kr/catalog/4135208""}",2026-10-03T01:00:02+00:00_62faa0ae
2026-10-03T10:00:02+09:00,2026-10-03T01:00:03+00:00,commerce_rank,Raw Edge Pocket Long Sleeve Burgundy,29cm:4135208,review_count,3.0,"{""brand_eng"": ""partimento"", ""brand_kor"": ""파르티멘토"", ""brand_no"": 1588, ""category1"": ""여성의류"", ""category2"": ""상의"", ""category3"": ""긴소매 티셔츠"", ""category3_code"": 268103102, ""is_new"": false, ""item_no"": 4135208, ""period_sort"": ""ONE_DAY"", ""platform"": ""29cm"", ""ranking_category_code"": ""272103100"", ""ranking_category_name"": ""남성의류>상의"", ""review_avg"": 5.0, ""sale_percent"": 28, ""sale_price"": 29610, ""sold_out"": false, ""url"": ""https://product.29cm.co.kr/catalog/4135208""}",2026-10-03T01:00:02+00:00_62faa0ae
2026-10-03T10:00:02+09:00,2026-10-03T01:00:03+00:00,commerce_rank,Raw Edge Pocket Long Sleeve Burgundy,29cm:4135208@272103100,rank,63.0,"{""brand_eng"": ""partimento"", ""brand_kor"": ""파르티멘토"", ""brand_no"": 1588, ""category1"": ""여성의류"", ""category2"": ""상의"", ""category3"": ""긴소매 티셔츠"", ""category3_code"": 268103102, ""is_new"": false, ""item_no"": 4135208, ""period_sort"": ""ONE_DAY"", ""platform"": ""29cm"", ""ranking_category_code"": ""272103100"", ""ranking_category_name"": ""남성의류>상의"", ""review_avg"": 5.0, ""sale_percent"": 28, ""sale_price"": 29610, ""sold_out"": false, ""url"": ""https://product.29cm.co.kr/catalog/4135208""}",2026-10-03T01:00:02+00:00_62faa0ae
2026-10-03T10:00:02+09:00,2026-10-03T01:00:02+00:00,commerce_rank,[29CM 단독] (8차_10/8 순차배송) 데일리 레글런 티셔츠 (라벤더),29cm:4135750,heart_count,3889.0,"{""brand_eng"": ""FOREU"", ""brand_kor"": ""포르어"", ""brand_no"": 95874, ""category1"": ""여성의류"", ""category2"": ""상의"", ""category3"": ""긴소매 티셔츠"", ""category3_code"": 268103102, ""is_new"": false, ""item_no"": 4135750, ""period_sort"": ""ONE_DAY"", ""platform"": ""29cm"", ""ranking_category_code"": ""268103100"", ""ranking_category_name"": ""여성의류>상의"", ""review_avg"": 5.0, ""sale_percent"": 10, ""sale_price"": 57600, ""sold_out"": false, ""url"": ""https://product.29cm.co.kr/catalog/4135750""}",2026-10-03T01:00:02+00:00_62faa0ae
2026-10-03T10:00:02+09:00,2026-10-03T01:00:02+00:00,commerce_rank,[29CM 단독] (8차_10/8 순차배송) 데일리 레글런 티셔츠 (라벤더),29cm:4135750,review_count,64.0,"{""brand_eng"": ""FOREU"", ""brand_kor"": ""포르어"", ""brand_no"": 95874, ""category1"": ""여성의류"", ""category2"": ""상의"", ""category3"": ""긴소매 티셔츠"", ""category3_code"": 268103102, ""is_new"": false, ""item_no"": 4135750, ""period_sort"": ""ONE_DAY"", ""platform"": ""29cm"", ""ranking_category_code"": ""268103100"", ""ranking_category_name"": ""여성의류>상의"", ""review_avg"": 5.0, ""sale_percent"": 10, ""sale_price"": 57600, ""sold_out"": false, ""url"": ""https://product.29cm.co.kr/catalog/4135750""}",2026-10-03T01:00:02+00:00_62faa0ae
2026-10-03T10:00:02+09:00,2026-10-03T01:00:02+00:00,commerce_rank,[29CM 단독] (8차_10/8 순차배송) 데일리 레글런 티셔츠 (라벤더),29cm:4135750@268103100,rank,36.0,"{""brand_eng"": ""FOREU"", ""brand_kor"": ""포르어"", ""brand_no"": 95874, ""category1"": ""여성의류"", ""category2"": ""상의"", ""category3"": ""긴소매 티셔츠"", ""category3_code"": 268103102, ""is_new"": false, ""item_no"": 4135750, ""period_sort"": ""ONE_DAY"", ""platform"": ""29cm"", ""ranking_category_code"": ""268103100"", ""ranking_category_name"": ""여성의류>상의"", ""review_avg"": 5.0, ""sale_percent"": 10, ""sale_price"": 57600, ""sold_out"": false, ""url"": ""https://product.29cm.co.kr/catalog/4135750""}",2026-10-03T01:00:02+00:00_62faa0ae
2026-10-03T10:00:02+09:00,2026-10-03T01:00:03+00:00,commerce_rank,멘즈 라이트웨이트 신칠라 스냅-티 풀오버 25551R7,29cm:4136312,heart_count,932.0,"{""brand_eng"": ""PATAGONIA"", ""brand_kor"": ""파타고니아"", ""brand_no"": 34278, ""category1"": ""남성의류"", ""category2"": ""상의"", ""category3"": ""스웨트셔츠"", ""category3_code"": 272103107, ""is_new"": false, ""item_no"": 4136312, ""period_sort"": ""ONE_DAY"", ""platform"": ""29cm"", ""ranking_category_code"": ""272103100"", ""ranking_category_name"": ""남성의류>상의"", ""review_avg"": 5.0, ""sale_percent"": 5, ""sale_price"": 227050, ""sold_out"": false, ""url"": ""https://product.29cm.co.kr/catalog/4136312""}",2026-10-03T01:00:02+00:00_62faa0ae
2026-10-03T10:00:02+09:00,2026-10-03T01:00:03+00:00,commerce_rank,멘즈 라이트웨이트 신칠라 스냅-티 풀오버 25551R7,29cm:4136312,review_count,7.0,"{""brand_eng"": ""PATAGONIA"", ""brand_kor"": ""파타고니아"", ""brand_no"": 34278, ""category1"": ""남성의류"", ""category2"": ""상의"", ""category3"": ""스웨트셔츠"", ""category3_code"": 272103107, ""is_new"": false, ""item_no"": 4136312, ""period_sort"": ""ONE_DAY"", ""platform"": ""29cm"", ""ranking_category_code"": ""272103100"", ""ranking_category_name"": ""남성의류>상의"", ""review_avg"": 5.0, ""sale_percent"": 5, ""sale_price"": 227050, ""sold_out"": false, ""url"": ""https://product.29cm.co.kr/catalog/4136312""}",2026-10-03T01:00:02+00:00_62faa0ae
2026-10-03T10:00:02+09:00,2026-10-03T01:00:03+00:00,commerce_rank,멘즈 라이트웨이트 신칠라 스냅-티 풀오버 25551R7,29cm:4136312@272103100,rank,36.0,"{""brand_eng"": ""PATAGONIA"", ""brand_kor"": ""파타고니아"", ""brand_no"": 34278, ""category1"": ""남성의류"", ""category2"": ""상의"", ""category3"": ""스웨트셔츠"", ""category3_code"": 272103107, ""is_new"": false, ""item_no"": 4136312, ""period_sort"": ""ONE_DAY"", ""platform"": ""29cm"", ""ranking_category_code"": ""272103100"", ""ranking_category_name"": ""남성의류>상의"", ""review_avg"": 5.0, ""sale_percent"": 5, ""sale_price"": 227050, ""sold_out"": false, ""url"": ""https://product.29cm.co.kr/catalog/4136312""}",2026-10-03T01:00:02+00:00_62faa0ae
2026-10-03T10:00:02+09:00,2026-10-03T01:00:02+00:00,commerce_rank,[1차 리오더] Sheer boatneck raglan t-shirt_4colors,29cm:4137017,heart_count,2736.0,"{""brand_eng"": ""URAGO"", ""brand_kor"": ""유라고"", ""brand_no"": 2221, ""category1"": ""여성의류"", ""category2"": ""상의"", ""category3"": ""긴소매 티셔츠"", ""category3_code"": 268103102, ""is_new"": false, ""item_no"": 4137017, ""period_sort"": ""ONE_DAY"", ""platform"": ""29cm"", ""ranking_category_code"": ""268103100"", ""ranking_category_name"": ""여성의류>상의"", ""review_avg"": 5.0, ""sale_percent"": 10, ""sale_price"": 52200, ""sold_out"": false, ""url"": ""https://product.29cm.co.kr/catalog/4137017""}",2026-10-03T01:00:02+00:00_62faa0ae
2026-10-03T10:00:02+09:00,2026-10-03T01:00:02+00:00,commerce_rank,[1차 리오더] Sheer boatneck raglan t-shirt_4colors,29cm:4137017,review_count,16.0,"{""brand_eng"": ""URAGO"", ""brand_kor"": ""유라고"", ""brand_no"": 2221, ""category1"": ""여성의류"", ""category2"": ""상의"", ""category3"": ""긴소매 티셔츠"", ""category3_code"": 268103102, ""is_new"": false, ""item_no"": 4137017, ""period_sort"": ""ONE_DAY"", ""platform"": ""29cm"", ""ranking_category_code"": ""268103100"", ""ranking_category_name"": ""여성의류>상의"", ""review_avg"": 5.0, ""sale_percent"": 10, ""sale_price"": 52200, ""sold_out"": false, ""url"": ""https://product.29cm.co.kr/catalog/4137017""}",2026-10-03T01:00:02+00:00_62faa0ae
2026-10-03T10:00:02+09:00,2026-10-03T01:00:02+00:00,commerce_rank,[1차 리오더] Sheer boatneck raglan t-shirt_4colors,29cm:4137017@268103100,rank,69.0,"{""brand_eng"": ""URAGO"", ""brand_kor"": ""유라고"", ""brand_no"": 2221, ""category1"": ""여성의류"", ""category2"": ""상의"", ""category3"": ""긴소매 티셔츠"", ""category3_code"": 268103102, ""is_new"": false, ""item_no"": 4137017, ""period_sort"": ""ONE_DAY"", ""platform"": ""29cm"", ""ranking_category_code"": ""268103100"", ""ranking_category_name"": ""여성의류>상의"", ""review_avg"": 5.0, ""sale_percent"": 10, ""sale_price"": 52200, ""sold_out"": false, ""url"": ""https://product.29cm.co.kr/catalog/4137017""}",2026-10-03T01:00:02+00:00_62faa0ae
2026-10-03T10:00:02+09:00,2026-10-03T01:00:03+00:00,commerce_rank,남녀공용 플로우 크롭 무지 롱 슬리브 긴팔 티셔츠_6colors,29cm:4142833,heart_count,16.0,"{""brand_eng"": ""NUARTSTUDIO"", ""brand_kor"": ""누아트스튜디오"", ""brand_no"": 21874, ""category1"": ""남성의류"", ""category2"": ""상의"", ""category3"": ""긴소매 티셔츠"", ""category3_code"": 272103102, ""is_new"": false, ""item_no"": 4142833, ""period_sort"": ""ONE_DAY"", ""platform"": ""29cm"", ""ranking_category_code"": ""272103100"", ""ranking_category_name"": ""남성의류>상의"", ""review_avg"": 4.0, ""sale_percent"": 65, ""sale_price"": 13950, ""sold_out"": false, ""url"": ""https://product.29cm.co.kr/catalog/4142833""}",2026-10-03T01:00:02+00:00_62faa0ae
2026-10-03T10:00:02+09:00,2026-10-03T01:00:03+00:00,commerce_rank,남녀공용 플로우 크롭 무지 롱 슬리브 긴팔 티셔츠_6colors,29cm:4142833,review_count,1.0,"{""brand_eng"": ""NUARTSTUDIO"", ""brand_kor"": ""누아트스튜디오"", ""brand_no"": 21874, ""category1"": ""남성의류"", ""category2"": ""상의"", ""category3"": ""긴소매 티셔츠"", ""category3_code"": 272103102, ""is_new"": false, ""item_no"": 4142833, ""period_sort"": ""ONE_DAY"", ""platform"": ""29cm"", ""ranking_category_code"": ""272103100"", ""ranking_category_name"": ""남성의류>상의"", ""review_avg"": 4.0, ""sale_percent"": 65, ""sale_price"": 13950, ""sold_out"": false, ""url"": ""https://product.29cm.co.kr/catalog/4142833""}",2026-10-03T01:00:02+00:00_62faa0ae
2026-10-03T10:00:02+09:00,2026-10-03T01:00:03+00:00,commerce_rank,남녀공용 플로우 크롭 무지 롱 슬리브 긴팔 티셔츠_6colors,29cm:4142833@272103100,rank,96.0,"{""brand_eng"": ""NUARTSTUDIO"", ""brand_kor"": ""누아트스튜디오"", ""brand_no"": 21874, ""category1"": ""남성의류"", ""category2"": ""상의"", ""category3"": ""긴소매 티셔츠"", ""category3_code"": 272103102, ""is_new"": false, ""item_no"": 4142833, ""period_sort"": ""ONE_DAY"", ""platform"": ""29cm"", ""ranking_category_code"": ""272103100"", ""ranking_category_name"": ""남성의류>상의"", ""review_avg"": 4.0, ""sale_percent"": 65, ""sale_price"": 13950, ""sold_out"": false, ""url"": ""https://product.29cm.co.kr/catalog/4142833""}",2026-10-03T01:00:02+00:00_62faa0ae
2026-10-03T10:00:02+09:00,2026-10-03T01:00:02+00:00,commerce_rank,Bertie overfit sweatshirt (mgy/ch),29cm:4142878,heart_count,636.0,"{""brand_eng"": ""THE MITTEN"", ""brand_kor"": ""더미튼"", ""brand_no"": 25573, ""category1"": ""여성의류"", ""category2"": ""상의"", ""category3"": ""스웨트셔츠"", ""category3_code"": 268103104, ""is_new"": false, ""item_no"": 4142878, ""period_sort"": ""ONE_DAY"", ""platform"": ""29cm"", ""ranking_category_code"": ""268103100"", ""ranking_category_name"": ""여성의류>상의"", ""review_avg"": 5.0, ""sale_percent"": 23, ""sale_price"": 72680, ""sold_out"": false, ""url"": ""https://product.29cm.co.kr/catalog/4142878""}",2026-10-03T01:00:02+00:00_62faa0ae
2026-10-03T10:00:02+09:00,2026-10-03T01:00:02+00:00,commerce_rank,Bertie overfit sweatshirt (mgy/ch),29cm:4142878,review_count,5.0,"{""brand_eng"": ""THE MITTEN"", ""brand_kor"": ""더미튼"", ""brand_no"": 25573, ""category1"": ""여성의류"", ""category2"": ""상의"", ""category3"": ""스웨트셔츠"", ""category3_code"": 268103104, ""is_new"": false, ""item_no"": 4142878, ""period_sort"": ""ONE_DAY"", ""platform"": ""29cm"", ""ranking_category_code"": ""268103100"", ""ranking_category_name"": ""여성의류>상의"", ""review_avg"": 5.0, ""sale_percent"": 23, ""sale_price"": 72680, ""sold_out"": false, ""url"": ""https://product.29cm.co.kr/catalog/4142878""}",2026-10-03T01:00:02+00:00_62faa0ae
2026-10-03T10:00:02+09:00,2026-10-03T01:00:02+00:00,commerce_rank,Bertie overfit sweatshirt (mgy/ch),29cm:4142878@268103100,rank,93.0,"{""brand_eng"": ""THE MITTEN"", ""brand_kor"": ""더미튼"", ""brand_no"": 25573, ""category1"": ""여성의류"", ""category2"": ""상의"", ""category3"": ""스웨트셔츠"", ""category3_code"": 268103104, ""is_new"": false, ""item_no"": 4142878, ""period_sort"": ""ONE_DAY"", ""platform"": ""29cm"", ""ranking_category_code"": ""268103100"", ""ranking_category_name"": ""여성의류>상의"", ""review_avg"": 5.0, ""sale_percent"": 23, ""sale_price"": 72680, ""sold_out"": false, ""url"": ""https://product.29cm.co.kr/catalog/4142878""}",2026-10-03T01:00:02+00:00_62faa0ae
2026-10-03T10:00:02+09:00,2026-10-03T01:00:03+00:00,commerce_rank,Oxford Work Shirts (Stripe Blue),29cm:4143204,heart_count,269.0,"{""brand_eng"": ""HAVE HAD"", ""brand_kor"": ""해브해드"", ""brand_no"": 2910, ""category1"": ""남성의류"", ""category2"": ""상의"", ""category3"": ""긴소매 셔츠"", ""category3_code"": 272103106, ""is_new"": false, ""item_no"": 4143204, ""period_sort"": ""ONE_DAY"", ""platform"": ""29cm"", ""ranking_category_code"": ""272103100"", ""ranking_category_name"": ""남성의류>상의"", ""review_avg"": 5.0, ""sale_percent"": 23, ""sale_price"": 68090, ""sold_out"": false, ""url"": ""https://product.29cm.co.kr/catalog/4143204""}",2026-10-03T01:00:02+00:00_62faa0ae
2026-10-03T10:00:02+09:00,2026-10-03T01:00:03+00:00,commerce_rank,Oxford Work Shirts (Stripe Blue),29cm:4143204,review_count,5.0,"{""brand_eng"": ""HAVE HAD"", ""brand_kor"": ""해브해드"", ""brand_no"": 2910, ""category1"": ""남성의류"", ""category2"": ""상의"", ""category3"": ""긴소매 셔츠"", ""category3_code"": 272103106, ""is_new"": false, ""item_no"": 4143204, ""period_sort"": ""ONE_DAY"", ""platform"": ""29cm"", ""ranking_category_code"": ""272103100"", ""ranking_category_name"": ""남성의류>상의"", ""review_avg"": 5.0, ""sale_percent"": 23, ""sale_price"": 68090, ""sold_out"": false, ""url"": ""https://product.29cm.co.kr/catalog/4143204""}",2026-10-03T01:00:02+00:00_62faa0ae
2026-10-03T10:00:02+09:00,2026-10-03T01:00:03+00:00,commerce_rank,Oxford Work Shirts (Stripe Blue),29cm:4143204@272103100,rank,31.0,"{""brand_eng"": ""HAVE HAD"", ""brand_kor"": ""해브해드"", ""brand_no"": 2910, ""category1"": ""남성의류"", ""category2"": ""상의"", ""category3"": ""긴소매 셔츠"", ""category3_code"": 272103106, ""is_new"": false, ""item_no"": 4143204, ""period_sort"": ""ONE_DAY"", ""platform"": ""29cm"", ""ranking_category_code"": ""272103100"", ""ranking_category_name"": ""남성의류>상의"", ""review_avg"": 5.0, ""sale_percent"": 23, ""sale_price"": 68090, ""sold_out"": false, ""url"": ""https://product.29cm.co.kr/catalog/4143204""}",2026-10-03T01:00:02+00:00_62faa0ae
2026-10-03T10:00:02+09:00,2026-10-03T01:00:02+00:00,commerce_rank,[5차]BOATNECK HALF SLEEVE T-SHIRT_CHARCOAL,29cm:4145908,heart_count,1395.0,"{""brand_eng"": ""SYS"", ""brand_kor"": ""시스"", ""brand_no"": 113379, ""category1"": ""여성의류"", ""category2"": ""상의"", ""category3"": ""반소매 티셔츠"", ""category3_code"": 268103101, ""is_new"": false, ""item_no"": 4145908, ""period_sort"": ""ONE_DAY"", ""platform"": ""29cm"", ""ranking_category_code"": ""268103100"", ""ranking_category_name"": ""여성의류>상의"", ""review_avg"": 5.0, ""sale_percent"": 25, ""sale_price"": 33750, ""sold_out"": false, ""url"": ""https://product.29cm.co.kr/catalog/4145908""}",2026-10-03T01:00:02+00:00_62faa0ae
2026-10-03T10:00:02+09:00,2026-10-03T01:00:02+00:00,commerce_rank,[5차]BOATNECK HALF SLEEVE T-SHIRT_CHARCOAL,29cm:4145908,review_count,15.0,"{""brand_eng"": ""SYS"", ""brand_kor"": ""시스"", ""brand_no"": 113379, ""category1"": ""여성의류"", ""category2"": ""상의"", ""category3"": ""반소매 티셔츠"", ""category3_code"": 268103101, ""is_new"": false, ""item_no"": 4145908, ""period_sort"": ""ONE_DAY"", ""platform"": ""29cm"", ""ranking_category_code"": ""268103100"", ""ranking_category_name"": ""여성의류>상의"", ""review_avg"": 5.0, ""sale_percent"": 25, ""sale_price"": 33750, ""sold_out"": false, ""url"": ""https://product.29cm.co.kr/catalog/4145908""}",2026-10-03T01:00:02+00:00_62faa0ae
2026-10-03T10:00:02+09:00,2026-10-03T01:00:02+00:00,commerce_rank,[5차]BOATNECK HALF SLEEVE T-SHIRT_CHARCOAL,29cm:4145908@268103100,rank,59.0,"{""brand_eng"": ""SYS"", ""brand_kor"": ""시스"", ""brand_no"": 113379, ""category1"": ""여성의류"", ""category2"": ""상의"", ""category3"": ""반소매 티셔츠"", ""category3_code"": 268103101, ""is_new"": false, ""item_no"": 4145908, ""period_sort"": ""ONE_DAY"", ""platform"": ""29cm"", ""ranking_category_code"": ""268103100"", ""ranking_category_name"": ""여성의류>상의"", ""review_avg"": 5.0, ""sale_percent"": 25, ""sale_price"": 33750, ""sold_out"": false, ""url"": ""https://product.29cm.co.kr/catalog/4145908""}",2026-10-03T01:00:02+00:00_62faa0ae
2026-10-03T10:00:02+09:00,2026-10-03T01:00:02+00:00,commerce_rank,[오제 PICK] 울 텐셀 헨리넥 긴팔 티셔츠 MDTS112_6 Colors,29cm:4147743,heart_count,814.0,"{""brand_eng"": ""MONGDOL"", ""brand_kor"": ""몽돌"", ""brand_no"": 10654, ""category1"": ""여성의류"", ""category2"": ""상의"", ""category3"": ""긴소매 티셔츠"", ""category3_code"": 268103102, ""is_new"": false, ""item_no"": 4147743, ""period_sort"": ""ONE_DAY"", ""platform"": ""29cm"", ""ranking_category_code"": ""268103100"", ""ranking_category_name"": ""여성의류>상의"", ""review_avg"": 5.0, ""sale_percent"": 37, ""sale_price"": 30240, ""sold_out"": false, ""url"": ""https://product.29cm.co.kr/catalog/4147743""}",2026-10-03T01:00:02+00:00_62faa0ae
2026-10-03T10:00:02+09:00,2026-10-03T01:00:02+00:00,commerce_rank,[오제 PICK] 울 텐셀 헨리넥 긴팔 티셔츠 MDTS112_6 Colors,29cm:4147743,review_count,11.0,"{""brand_eng"": ""MONGDOL"", ""brand_kor"": ""몽돌"", ""brand_no"": 10654, ""category1"": ""여성의류"", ""category2"": ""상의"", ""category3"": ""긴소매 티셔츠"", ""category3_code"": 268103102, ""is_new"": false, ""item_no"": 4147743, ""period_sort"": ""ONE_DAY"", ""platform"": ""29cm"", ""ranking_category_code"": ""268103100"", ""ranking_category_name"": ""여성의류>상의"", ""review_avg"": 5.0, ""sale_percent"": 37, ""sale_price"": 30240, ""sold_out"": false, ""url"": ""https://product.29cm.co.kr/catalog/4147743""}",2026-10-03T01:00:02+00:00_62faa0ae
2026-10-03T10:00:02+09:00,2026-10-03T01:00:02+00:00,commerce_rank,[오제 PICK] 울 텐셀 헨리넥 긴팔 티셔츠 MDTS112_6 Colors,29cm:4147743@268103100,rank,68.0,"{""brand_eng"": ""MONGDOL"", ""brand_kor"": ""몽돌"", ""brand_no"": 10654, ""category1"": ""여성의류"", ""category2"": ""상의"", ""category3"": ""긴소매 티셔츠"", ""category3_code"": 268103102, ""is_new"": false, ""item_no"": 4147743, ""period_sort"": ""ONE_DAY"", ""platform"": ""29cm"", ""ranking_category_code"": ""268103100"", ""ranking_category_name"": ""여성의류>상의"", ""review_avg"": 5.0, ""sale_percent"": 37, ""sale_price"": 30240, ""sold_out"": false, ""url"": ""https://product.29cm.co.kr/catalog/4147743""}",2026-10-03T01:00:02+00:00_62faa0ae
2026-10-03T10:00:02+09:00,2026-10-03T01:00:02+00:00,commerce_rank,Ebb button overfit t-shirt (melange gray),29cm:4147832,heart_count,2663.0,"{""brand_eng"": ""RE_L"", ""brand_kor"": ""리엘"", ""brand_no"": 19781, ""category1"": ""여성의류"", ""category2"": ""상의"", ""category3"": ""긴소매 티셔츠"", ""category3_code"": 268103102, ""is_new"": false, ""item_no"": 4147832, ""period_sort"": ""ONE_DAY"", ""platform"": ""29cm"", ""ranking_category_code"": ""268103100"", ""ranking_category_name"": ""여성의류>상의"", ""review_avg"": 5.0, ""sale_percent"": 23, ""sale_price"": 60440, ""sold_out"": false, ""url"": ""https://product.29cm.co.kr/catalog/4147832""}",2026-10-03T01:00:02+00:00_62faa0ae
2026-10-03T10:00:02+09:00,2026-10-03T01:00:02+00:00,commerce_rank,Ebb button overfit t-shirt (melange gray),29cm:4147832,review_count,4.0,"{""brand_eng"": ""RE_L"", ""brand_kor"": ""리엘"", ""brand_no"": 19781, ""category1"": ""여성의류"", ""category2"": ""상의"", ""category3"": ""긴소매 티셔츠"", ""category3_code"": 268103102, ""is_new"": false, ""item_no"": 4147832, ""period_sort"": ""ONE_DAY"", ""platform"": ""29cm"", ""ranking_category_code"": ""268103100"", ""ranking_category_name"": ""여성의류>상의"", ""review_avg"": 5.0, ""sale_percent"": 23, ""sale_price"": 60440, ""sold_out"": false, ""url"": ""https://product.29cm.co.kr/catalog/4147832""}",2026-10-03T01:00:02+00:00_62faa0ae
2026-10-03T10:00:02+09:00,2026-10-03T01:00:02+00:00,commerce_rank,Ebb button overfit t-shirt (melange gray),29cm:4147832@268103100,rank,72.0,"{""brand_eng"": ""RE_L"", ""brand_kor"": ""리엘"", ""brand_no"": 19781, ""category1"": ""여성의류"", ""category2"": ""상의"", ""category3"": ""긴소매 티셔츠"", ""category3_code"": 268103102, ""is_new"": false, ""item_no"": 4147832, ""period_sort"": ""ONE_DAY"", ""platform"": ""29cm"", ""ranking_category_code"": ""268103100"", ""ranking_category_name"": ""여성의류>상의"", ""review_avg"": 5.0, ""sale_percent"": 23, ""sale_price"": 60440, ""sold_out"": false, ""url"": ""https://product.29cm.co.kr/catalog/4147832""}",2026-10-03T01:00:02+00:00_62faa0ae
2026-10-03T10:00:02+09:00,2026-10-03T01:00:03+00:00,commerce_rank,케른 와플 후디 블랙,29cm:4149352,heart_count,56.0,"{""brand_eng"": ""AFTER PRAY"", ""brand_kor"": ""애프터프레이"", ""brand_no"": 3262, ""category1"": ""남성의류"", ""category2"": ""상의"", ""category3"": ""후디"", ""category3_code"": 272103108, ""is_new"": false, ""item_no"": 4149352, ""period_sort"": ""ONE_DAY"", ""platform"": ""29cm"", ""ranking_category_code"": ""272103100"", ""ranking_category_name"": ""남성의류>상의"", ""review_avg"": 0.0, ""sale_percent"": 0, ""sale_price"": 93000, ""sold_out"": false, ""url"": ""https://product.29cm.co.kr/catalog/4149352""}",2026-10-03T01:00:02+00:00_62faa0ae
2026-10-03T10:00:02+09:00,2026-10-03T01:00:03+00:00,commerce_rank,케른 와플 후디 블랙,29cm:4149352,review_count,0.0,"{""brand_eng"": ""AFTER PRAY"", ""brand_kor"": ""애프터프레이"", ""brand_no"": 3262, ""category1"": ""남성의류"", ""category2"": ""상의"", ""category3"": ""후디"", ""category3_code"": 272103108, ""is_new"": false, ""item_no"": 4149352, ""period_sort"": ""ONE_DAY"", ""platform"": ""29cm"", ""ranking_category_code"": ""272103100"", ""ranking_category_name"": ""남성의류>상의"", ""review_avg"": 0.0, ""sale_percent"": 0, ""sale_price"": 93000, ""sold_out"": false, ""url"": ""https://product.29cm.co.kr/catalog/4149352""}",2026-10-03T01:00:02+00:00_62faa0ae
2026-10-03T10:00:02+09:00,2026-10-03T01:00:03+00:00,commerce_rank,케른 와플 후디 블랙,29cm:4149352@272103100,rank,100.0,"{""brand_eng"": ""AFTER PRAY"", ""brand_kor"": ""애프터프레이"", ""brand_no"": 3262, ""category1"": ""남성의류"", ""category2"": ""상의"", ""category3"": ""후디"", ""category3_code"": 272103108, ""is_new"": false, ""item_no"": 4149352, ""period_sort"": ""ONE_DAY"", ""platform"": ""29cm"", ""ranking_category_code"": ""272103100"", ""ranking_category_name"": ""남성의류>상의"", ""review_avg"": 0.0, ""sale_percent"": 0, ""sale_price"": 93000, ""sold_out"": false, ""url"": ""https://product.29cm.co.kr/catalog/4149352""}",2026-10-03T01:00:02+00:00_62faa0ae
2026-10-03T10:00:02+09:00,2026-10-03T01:00:03+00:00,commerce_rank,Everyday Classic Check Shirts (Navy),29cm:4149637,heart_count,403.0,"{""brand_eng"": ""HAVE HAD"", ""brand_kor"": ""해브해드"", ""brand_no"": 2910, ""category1"": ""남성의류"", ""category2"": ""상의"", ""category3"": ""긴소매 셔츠"", ""category3_code"": 272103106, ""is_new"": false, ""item_no"": 4149637, ""period_sort"": ""ONE_DAY"", ""platform"": ""29cm"", ""ranking_category_code"": ""272103100"", ""ranking_category_name"": ""남성의류>상의"", ""review_avg"": 5.0, ""sale_percent"": 23, ""sale_price"": 68090, ""sold_out"": false, ""url"": ""https://product.29cm.co.kr/catalog/4149637""}",2026-10-03T01:00:02+00:00_62faa0ae
2026-10-03T10:00:02+09:00,2026-10-03T01:00:03+00:00,commerce_rank,Everyday Classic Check Shirts (Navy),29cm:4149637,review_count,6.0,"{""brand_eng"": ""HAVE HAD"", ""brand_kor"": ""해브해드"", ""brand_no"": 2910, ""category1"": ""남성의류"", ""category2"": ""상의"", ""category3"": ""긴소매 셔츠"", ""category3_code"": 272103106, ""is_new"": false, ""item_no"": 4149637, ""period_sort"": ""ONE_DAY"", ""platform"": ""29cm"", ""ranking_category_code"": ""272103100"", ""ranking_category_name"": ""남성의류>상의"", ""review_avg"": 5.0, ""sale_percent"": 23, ""sale_price"": 68090, ""sold_out"": false, ""url"": ""https://product.29cm.co.kr/catalog/4149637""}",2026-10-03T01:00:02+00:00_62faa0ae
2026-10-03T10:00:02+09:00,2026-10-03T01:00:03+00:00,commerce_rank,Everyday Classic Check Shirts (Navy),29cm:4149637@272103100,rank,32.0,"{""brand_eng"": ""HAVE HAD"", ""brand_kor"": ""해브해드"", ""brand_no"": 2910, ""category1"": ""남성의류"", ""category2"": ""상의"", ""category3"": ""긴소매 셔츠"", ""category3_code"": 272103106, ""is_new"": false, ""item_no"": 4149637, ""period_sort"": ""ONE_DAY"", ""platform"": ""29cm"", ""ranking_category_code"": ""272103100"", ""ranking_category_name"": ""남성의류>상의"", ""review_avg"": 5.0, ""sale_percent"": 23, ""sale_price"": 68090, ""sold_out"": false, ""url"": ""https://product.29cm.co.kr/catalog/4149637""}",2026-10-03T01:00:02+00:00_62faa0ae
2026-10-03T10:00:02+09:00,2026-10-03T01:00:03+00:00,commerce_rank,LOGO AIR LONG SLEEVE (Red Bean),29cm:4149650,heart_count,56.0,"{""brand_eng"": ""CAYL"", ""brand_kor"": ""케일"", ""brand_no"": 8928, ""category1"": ""남성의류"", ""category2"": ""상의"", ""category3"": ""반소매 티셔츠"", ""category3_code"": 272103101, ""is_new"": false, ""item_no"": 4149650, ""period_sort"": ""ONE_DAY"", ""platform"": ""29cm"", ""ranking_category_code"": ""272103100"", ""ranking_category_name"": ""남성의류>상의"", ""review_avg"": 5.0, ""sale_percent"": 0, ""sale_price"": 65000, ""sold_out"": false, ""url"": ""https://product.29cm.co.kr/catalog/4149650""}",2026-10-03T01:00:02+00:00_62faa0ae
2026-10-03T10:00:02+09:00,2026-10-03T01:00:03+00:00,commerce_rank,LOGO AIR LONG SLEEVE (Red Bean),29cm:4149650,review_count,4.0,"{""brand_eng"": ""CAYL"", ""brand_kor"": ""케일"", ""brand_no"": 8928, ""category1"": ""남성의류"", ""category2"": ""상의"", ""category3"": ""반소매 티셔츠"", ""category3_code"": 272103101, ""is_new"": false, ""item_no"": 4149650, ""period_sort"": ""ONE_DAY"", ""platform"": ""29cm"", ""ranking_category_code"": ""272103100"", ""ranking_category_name"": ""남성의류>상의"", ""review_avg"": 5.0, ""sale_percent"": 0, ""sale_price"": 65000, ""sold_out"": false, ""url"": ""https://product.29cm.co.kr/catalog/4149650""}",2026-10-03T01:00:02+00:00_62faa0ae
2026-10-03T10:00:02+09:00,2026-10-03T01:00:03+00:00,commerce_rank,LOGO AIR LONG SLEEVE (Red Bean),29cm:4149650@272103100,rank,53.0,"{""brand_eng"": ""CAYL"", ""brand_kor"": ""케일"", ""brand_no"": 8928, ""category1"": ""남성의류"", ""category2"": ""상의"", ""category3"": ""반소매 티셔츠"", ""category3_code"": 272103101, ""is_new"": false, ""item_no"": 4149650, ""period_sort"": ""ONE_DAY"", ""platform"": ""29cm"", ""ranking_category_code"": ""272103100"", ""ranking_category_name"": ""남성의류>상의"", ""review_avg"": 5.0, ""sale_percent"": 0, ""sale_price"": 65000, ""sold_out"": false, ""url"": ""https://product.29cm.co.kr/catalog/4149650""}",2026-10-03T01:00:02+00:00_62faa0ae
2026-10-03T10:00:02+09:00,2026-10-03T01:00:02+00:00,commerce_rank,[주미니 Pick]Raglan oversized modal tee [TIFA06LT06]_Navy,29cm:4149711,heart_count,3991.0,"{""brand_eng"": ""TILLIDIE"", ""brand_kor"": ""틸아이다이"", ""brand_no"": 3421, ""category1"": ""여성의류"", ""category2"": ""상의"", ""category3"": ""긴소매 티셔츠"", ""category3_code"": 268103102, ""is_new"": false, ""item_no"": 4149711, ""period_sort"": ""ONE_DAY"", ""platform"": ""29cm"", ""ranking_category_code"": ""268103100"", ""ranking_category_name"": ""여성의류>상의"", ""review_avg"": 5.0, ""sale_percent"": 17, ""sale_price"": 63310, ""sold_out"": false, ""url"": ""https://product.29cm.co.kr/catalog/4149711""}",2026-10-03T01:00:02+00:00_62faa0ae
2026-10-03T10:00:02+09:00,2026-10-03T01:00:02+00:00,commerce_rank,[주미니 Pick]Raglan oversized modal tee [TIFA06LT06]_Navy,29cm:4149711,review_count,104.0,"{""brand_eng"": ""TILLIDIE"", ""brand_kor"": ""틸아이다이"", ""brand_no"": 3421, ""category1"": ""여성의류"", ""category2"": ""상의"", ""category3"": ""긴소매 티셔츠"", ""category3_code"": 268103102, ""is_new"": false, ""item_no"": 4149711, ""period_sort"": ""ONE_DAY"", ""platform"": ""29cm"", ""ranking_category_code"": ""268103100"", ""ranking_category_name"": ""여성의류>상의"", ""review_avg"": 5.0, ""sale_percent"": 17, ""sale_price"": 63310, ""sold_out"": false, ""url"": ""https://product.29cm.co.kr/catalog/4149711""}",2026-10-03T01:00:02+00:00_62faa0ae
2026-10-03T10:00:02+09:00,2026-10-03T01:00:02+00:00,commerce_rank,[주미니 Pick]Raglan oversized modal tee [TIFA06LT06]_Navy,29cm:4149711@268103100,rank,17.0,"{""brand_eng"": ""TILLIDIE"", ""brand_kor"": ""틸아이다이"", ""brand_no"": 3421, ""category1"": ""여성의류"", ""category2"": ""상의"", ""category3"": ""긴소매 티셔츠"", ""category3_code"": 268103102, ""is_new"": false, ""item_no"": 4149711, ""period_sort"": ""ONE_DAY"", ""platform"": ""29cm"", ""ranking_category_code"": ""268103100"", ""ranking_category_name"": ""여성의류>상의"", ""review_avg"": 5.0, ""sale_percent"": 17, ""sale_price"": 63310, ""sold_out"": false, ""url"": ""https://product.29cm.co.kr/catalog/4149711""}",2026-10-03T01:00:02+00:00_62faa0ae
2026-10-03T10:00:02+09:00,2026-10-03T01:00:02+00:00,commerce_rank,[4차 재입고] 로우엣지 래글런 롱슬리브 티셔츠_차콜,29cm:4150332,heart_count,575.0,"{""brand_eng"": ""URBANDTYPE"", ""brand_kor"": ""어반디타입"", ""brand_no"": 2295, ""category1"": ""여성의류"", ""category2"": ""상의"", ""category3"": ""긴소매 티셔츠"", ""category3_code"": 268103102, ""is_new"": false, ""item_no"": 4150332, ""period_sort"": ""ONE_DAY"", ""platform"": ""29cm"", ""ranking_category_code"": ""268103100"", ""ranking_category_name"": ""여성의류>상의"", ""review_avg"": 5.0, ""sale_percent"": 19, ""sale_price"": 31500, ""sold_out"": false, ""url"": ""https://product.29cm.co.kr/catalog/4150332""}",2026-10-03T01:00:02+00:00_62faa0ae
2026-10-03T10:00:02+09:00,2026-10-03T01:00:02+00:00,commerce_rank,[4차 재입고] 로우엣지 래글런 롱슬리브 티셔츠_차콜,29cm:4150332,review_count,13.0,"{""brand_eng"": ""URBANDTYPE"", ""brand_kor"": ""어반디타입"", ""brand_no"": 2295, ""category1"": ""여성의류"", ""category2"": ""상의"", ""category3"": ""긴소매 티셔츠"", ""category3_code"": 268103102, ""is_new"": false, ""item_no"": 4150332, ""period_sort"": ""ONE_DAY"", ""platform"": ""29cm"", ""ranking_category_code"": ""268103100"", ""ranking_category_name"": ""여성의류>상의"", ""review_avg"": 5.0, ""sale_percent"": 19, ""sale_price"": 31500, ""sold_out"": false, ""url"": ""https://product.29cm.co.kr/catalog/4150332""}",2026-10-03T01:00:02+00:00_62faa0ae
2026-10-03T10:00:02+09:00,2026-10-03T01:00:02+00:00,commerce_rank,[4차 재입고] 로우엣지 래글런 롱슬리브 티셔츠_차콜,29cm:4150332@268103100,rank,82.0,"{""brand_eng"": ""URBANDTYPE"", ""brand_kor"": ""어반디타입"", ""brand_no"": 2295, ""category1"": ""여성의류"", ""category2"": ""상의"", ""category3"": ""긴소매 티셔츠"", ""category3_code"": 268103102, ""is_new"": false, ""item_no"": 4150332, ""period_sort"": ""ONE_DAY"", ""platform"": ""29cm"", ""ranking_category_code"": ""268103100"", ""ranking_category_name"": ""여성의류>상의"", ""review_avg"": 5.0, ""sale_percent"": 19, ""sale_price"": 31500, ""sold_out"": false, ""url"": ""https://product.29cm.co.kr/catalog/4150332""}",2026-10-03T01:00:02+00:00_62faa0ae
2026-10-03T10:00:02+09:00,2026-10-03T01:00:02+00:00,commerce_rank,[4차 재입고] 로우엣지 래글런 롱슬리브 티셔츠_퍼플,29cm:4150333,heart_count,2512.0,"{""brand_eng"": ""URBANDTYPE"", ""brand_kor"": ""어반디타입"", ""brand_no"": 2295, ""category1"": ""여성의류"", ""category2"": ""상의"", ""category3"": ""긴소매 티셔츠"", ""category3_code"": 268103102, ""is_new"": false, ""item_no"": 4150333, ""period_sort"": ""ONE_DAY"", ""platform"": ""29cm"", ""ranking_category_code"": ""268103100"", ""ranking_category_name"": ""여성의류>상의"", ""review_avg"": 4.5, ""sale_percent"": 19, ""sale_price"": 31500, ""sold_out"": false, ""url"": ""https://product.29cm.co.kr/catalog/4150333""}",2026-10-03T01:00:02+00:00_62faa0ae
2026-10-03T10:00:02+09:00,2026-10-03T01:00:02+00:00,commerce_rank,[4차 재입고] 로우엣지 래글런 롱슬리브 티셔츠_퍼플,29cm:4150333,review_count,8.0,"{""brand_eng"": ""URBANDTYPE"", ""brand_kor"": ""어반디타입"", ""brand_no"": 2295, ""category1"": ""여성의류"", ""category2"": ""상의"", ""category3"": ""긴소매 티셔츠"", ""category3_code"": 268103102, ""is_new"": false, ""item_no"": 4150333, ""period_sort"": ""ONE_DAY"", ""platform"": ""29cm"", ""ranking_category_code"": ""268103100"", ""ranking_category_name"": ""여성의류>상의"", ""review_avg"": 4.5, ""sale_percent"": 19, ""sale_price"": 31500, ""sold_out"": false, ""url"": ""https://product.29cm.co.kr/catalog/4150333""}",2026-10-03T01:00:02+00:00_62faa0ae
2026-10-03T10:00:02+09:00,2026-10-03T01:00:02+00:00,commerce_rank,[4차 재입고] 로우엣지 래글런 롱슬리브 티셔츠_퍼플,29cm:4150333@268103100,rank,27.0,"{""brand_eng"": ""URBANDTYPE"", ""brand_kor"": ""어반디타입"", ""brand_no"": 2295, ""category1"": ""여성의류"", ""category2"": ""상의"", ""category3"": ""긴소매 티셔츠"", ""category3_code"": 268103102, ""is_new"": false, ""item_no"": 4150333, ""period_sort"": ""ONE_DAY"", ""platform"": ""29cm"", ""ranking_category_code"": ""268103100"", ""ranking_category_name"": ""여성의류>상의"", ""review_avg"": 4.5, ""sale_percent"": 19, ""sale_price"": 31500, ""sold_out"": false, ""url"": ""https://product.29cm.co.kr/catalog/4150333""}",2026-10-03T01:00:02+00:00_62faa0ae
2026-10-03T10:00:02+09:00,2026-10-03T01:00:02+00:00,commerce_rank,[4차 재입고] 로우엣지 래글런 롱슬리브 티셔츠_라이트 그레이,29cm:4150335,heart_count,983.0,"{""brand_eng"": ""URBANDTYPE"", ""brand_kor"": ""어반디타입"", ""brand_no"": 2295, ""category1"": ""여성의류"", ""category2"": ""상의"", ""category3"": ""긴소매 티셔츠"", ""category3_code"": 268103102, ""is_new"": false, ""item_no"": 4150335, ""period_sort"": ""ONE_DAY"", ""platform"": ""29cm"", ""ranking_category_code"": ""268103100"", ""ranking_category_name"": ""여성의류>상의"", ""review_avg"": 5.0, ""sale_percent"": 19, ""sale_price"": 31500, ""sold_out"": false, ""url"": ""https://product.29cm.co.kr/catalog/4150335""}",2026-10-03T01:00:02+00:00_62faa0ae
2026-10-03T10:00:02+09:00,2026-10-03T01:00:02+00:00,commerce_rank,[4차 재입고] 로우엣지 래글런 롱슬리브 티셔츠_라이트 그레이,29cm:4150335,review_count,17.0,"{""brand_eng"": ""URBANDTYPE"", ""brand_kor"": ""어반디타입"", ""brand_no"": 2295, ""category1"": ""여성의류"", ""category2"": ""상의"", ""category3"": ""긴소매 티셔츠"", ""category3_code"": 268103102, ""is_new"": false, ""item_no"": 4150335, ""period_sort"": ""ONE_DAY"", ""platform"": ""29cm"", ""ranking_category_code"": ""268103100"", ""ranking_category_name"": ""여성의류>상의"", ""review_avg"": 5.0, ""sale_percent"": 19, ""sale_price"": 31500, ""sold_out"": false, ""url"": ""https://product.29cm.co.kr/catalog/4150335""}",2026-10-03T01:00:02+00:00_62faa0ae
2026-10-03T10:00:02+09:00,2026-10-03T01:00:02+00:00,commerce_rank,[4차 재입고] 로우엣지 래글런 롱슬리브 티셔츠_라이트 그레이,29cm:4150335@268103100,rank,41.0,"{""brand_eng"": ""URBANDTYPE"", ""brand_kor"": ""어반디타입"", ""brand_no"": 2295, ""category1"": ""여성의류"", ""category2"": ""상의"", ""category3"": ""긴소매 티셔츠"", ""category3_code"": 268103102, ""is_new"": false, ""item_no"": 4150335, ""period_sort"": ""ONE_DAY"", ""platform"": ""29cm"", ""ranking_category_code"": ""268103100"", ""ranking_category_name"": ""여성의류>상의"", ""review_avg"": 5.0, ""sale_percent"": 19, ""sale_price"": 31500, ""sold_out"": false, ""url"": ""https://product.29cm.co.kr/catalog/4150335""}",2026-10-03T01:00:02+00:00_62faa0ae
2026-10-03T10:00:02+09:00,2026-10-03T01:00:02+00:00,commerce_rank,[7부/오버핏] Vintage Essential Raglan Tee,29cm:4152302,heart_count,16004.0,"{""brand_eng"": ""BITTERCELLS"", ""brand_kor"": ""비터셀즈"", ""brand_no"": 15063, ""category1"": ""여성의류"", ""category2"": ""상의"", ""category3"": ""긴소매 티셔츠"", ""category3_code"": 268103102, ""is_new"": false, ""item_no"": 4152302, ""period_sort"": ""ONE_DAY"", ""platform"": ""29cm"", ""ranking_category_code"": ""268103100"", ""ranking_category_name"": ""여성의류>상의"", ""review_avg"": 5.0, ""sale_percent"": 21, ""sale_price"": 34850, ""sold_out"": false, ""url"": ""https://product.29cm.co.kr/catalog/4152302""}",2026-10-03T01:00:02+00:00_62faa0ae
2026-10-03T10:00:02+09:00,2026-10-03T01:00:02+00:00,commerce_rank,[7부/오버핏] Vintage Essential Raglan Tee,29cm:4152302,review_count,372.0,"{""brand_eng"": ""BITTERCELLS"", ""brand_kor"": ""비터셀즈"", ""brand_no"": 15063, ""category1"": ""여성의류"", ""category2"": ""상의"", ""category3"": ""긴소매 티셔츠"", ""category3_code"": 268103102, ""is_new"": false, ""item_no"": 4152302, ""period_sort"": ""ONE_DAY"", ""platform"": ""29cm"", ""ranking_category_code"": ""268103100"", ""ranking_category_name"": ""여성의류>상의"", ""review_avg"": 5.0, ""sale_percent"": 21, ""sale_price"": 34850, ""sold_out"": false, ""url"": ""https://product.29cm.co.kr/catalog/4152302""}",2026-10-03T01:00:02+00:00_62faa0ae
2026-10-03T10:00:02+09:00,2026-10-03T01:00:02+00:00,commerce_rank,[7부/오버핏] Vintage Essential Raglan Tee,29cm:4152302@268103100,rank,1.0,"{""brand_eng"": ""BITTERCELLS"", ""brand_kor"": ""비터셀즈"", ""brand_no"": 15063, ""category1"": ""여성의류"", ""category2"": ""상의"", ""category3"": ""긴소매 티셔츠"", ""category3_code"": 268103102, ""is_new"": false, ""item_no"": 4152302, ""period_sort"": ""ONE_DAY"", ""platform"": ""29cm"", ""ranking_category_code"": ""268103100"", ""ranking_category_name"": ""여성의류>상의"", ""review_avg"": 5.0, ""sale_percent"": 21, ""sale_price"": 34850, ""sold_out"": false, ""url"": ""https://product.29cm.co.kr/catalog/4152302""}",2026-10-03T01:00:02+00:00_62faa0ae
2026-10-03T10:00:02+09:00,2026-10-03T01:00:03+00:00,commerce_rank,"Cut Off Raglan Long Sleeve, Blue",29cm:4154810,heart_count,357.0,"{""brand_eng"": ""BROWNYARD"", ""brand_kor"": ""브라운야드"", ""brand_no"": 2211, ""category1"": ""남성의류"", ""category2"": ""상의"", ""category3"": ""긴소매 티셔츠"", ""category3_code"": 272103102, ""is_new"": false, ""item_no"": 4154810, ""period_sort"": ""ONE_DAY"", ""platform"": ""29cm"", ""ranking_category_code"": ""272103100"", ""ranking_category_name"": ""남성의류>상의"", ""review_avg"": 5.0, ""sale_percent"": 0, ""sale_price"": 78000, ""sold_out"": false, ""url"": ""https://product.29cm.co.kr/catalog/4154810""}",2026-10-03T01:00:02+00:00_62faa0ae
2026-10-03T10:00:02+09:00,2026-10-03T01:00:03+00:00,commerce_rank,"Cut Off Raglan Long Sleeve, Blue",29cm:4154810,review_count,5.0,"{""brand_eng"": ""BROWNYARD"", ""brand_kor"": ""브라운야드"", ""brand_no"": 2211, ""category1"": ""남성의류"", ""category2"": ""상의"", ""category3"": ""긴소매 티셔츠"", ""category3_code"": 272103102, ""is_new"": false, ""item_no"": 4154810, ""period_sort"": ""ONE_DAY"", ""platform"": ""29cm"", ""ranking_category_code"": ""272103100"", ""ranking_category_name"": ""남성의류>상의"", ""review_avg"": 5.0, ""sale_percent"": 0, ""sale_price"": 78000, ""sold_out"": false, ""url"": ""https://product.29cm.co.kr/catalog/4154810""}",2026-10-03T01:00:02+00:00_62faa0ae
2026-10-03T10:00:02+09:00,2026-10-03T01:00:03+00:00,commerce_rank,"Cut Off Raglan Long Sleeve, Blue",29cm:4154810@272103100,rank,60.0,"{""brand_eng"": ""BROWNYARD"", ""brand_kor"": ""브라운야드"", ""brand_no"": 2211, ""category1"": ""남성의류"", ""category2"": ""상의"", ""category3"": ""긴소매 티셔츠"", ""category3_code"": 272103102, ""is_new"": false, ""item_no"": 4154810, ""period_sort"": ""ONE_DAY"", ""platform"": ""29cm"", ""ranking_category_code"": ""272103100"", ""ranking_category_name"": ""남성의류>상의"", ""review_avg"": 5.0, ""sale_percent"": 0, ""sale_price"": 78000, ""sold_out"": false, ""url"": ""https://product.29cm.co.kr/catalog/4154810""}",2026-10-03T01:00:02+00:00_62faa0ae
2026-10-03T10:00:02+09:00,2026-10-03T01:00:02+00:00,commerce_rank,SOFT RAGLAN T-SHIRT - RED,29cm:4156837,heart_count,3237.0,"{""brand_eng"": ""SO IR"", ""brand_kor"": ""쏘이르"", ""brand_no"": 15532, ""category1"": ""여성의류"", ""category2"": ""상의"", ""category3"": ""긴소매 티셔츠"", ""category3_code"": 268103102, ""is_new"": false, ""item_no"": 4156837, ""period_sort"": ""ONE_DAY"", ""platform"": ""29cm"", ""ranking_category_code"": ""268103100"", ""ranking_category_name"": ""여성의류>상의"", ""review_avg"": 5.0, ""sale_percent"": 23, ""sale_price"": 34430, ""sold_out"": false, ""url"": ""https://product.29cm.co.kr/catalog/4156837""}",2026-10-03T01:00:02+00:00_62faa0ae
2026-10-03T10:00:02+09:00,2026-10-03T01:00:02+00:00,commerce_rank,SOFT RAGLAN T-SHIRT - RED,29cm:4156837,review_count,25.0,"{""brand_eng"": ""SO IR"", ""brand_kor"": ""쏘이르"", ""brand_no"": 15532, ""category1"": ""여성의류"", ""category2"": ""상의"", ""category3"": ""긴소매 티셔츠"", ""category3_code"": 268103102, ""is_new"": false, ""item_no"": 4156837, ""period_sort"": ""ONE_DAY"", ""platform"": ""29cm"", ""ranking_category_code"": ""268103100"", ""ranking_category_name"": ""여성의류>상의"", ""review_avg"": 5.0, ""sale_percent"": 23, ""sale_price"": 34430, ""sold_out"": false, ""url"": ""https://product.29cm.co.kr/catalog/4156837""}",2026-10-03T01:00:02+00:00_62faa0ae
2026-10-03T10:00:02+09:00,2026-10-03T01:00:02+00:00,commerce_rank,SOFT RAGLAN T-SHIRT - RED,29cm:4156837@268103100,rank,75.0,"{""brand_eng"": ""SO IR"", ""brand_kor"": ""쏘이르"", ""brand_no"": 15532, ""category1"": ""여성의류"", ""category2"": ""상의"", ""category3"": ""긴소매 티셔츠"", ""category3_code"": 268103102, ""is_new"": false, ""item_no"": 4156837, ""period_sort"": ""ONE_DAY"", ""platform"": ""29cm"", ""ranking_category_code"": ""268103100"", ""ranking_category_name"": ""여성의류>상의"", ""review_avg"": 5.0, ""sale_percent"": 23, ""sale_price"": 34430, ""sold_out"": false, ""url"": ""https://product.29cm.co.kr/catalog/4156837""}",2026-10-03T01:00:02+00:00_62faa0ae
2026-10-03T10:00:02+09:00,2026-10-03T01:00:02+00:00,commerce_rank,Morning Gored Blouse_ivory,29cm:4160582,heart_count,160.0,"{""brand_eng"": ""GANISONG"", ""brand_kor"": ""가니송"", ""brand_no"": 5926, ""category1"": ""여성의류"", ""category2"": ""상의"", ""category3"": ""블라우스"", ""category3_code"": 268103107, ""is_new"": false, ""item_no"": 4160582, ""period_sort"": ""ONE_DAY"", ""platform"": ""29cm"", ""ranking_category_code"": ""268103100"", ""ranking_category_name"": ""여성의류>상의"", ""review_avg"": 5.0, ""sale_percent"": 15, ""sale_price"": 120700, ""sold_out"": false, ""url"": ""https://product.29cm.co.kr/catalog/4160582""}",2026-10-03T01:00:02+00:00_62faa0ae
2026-10-03T10:00:02+09:00,2026-10-03T01:00:02+00:00,commerce_rank,Morning Gored Blouse_ivory,29cm:4160582,review_count,1.0,"{""brand_eng"": ""GANISONG"", ""brand_kor"": ""가니송"", ""brand_no"": 5926, ""category1"": ""여성의류"", ""category2"": ""상의"", ""category3"": ""블라우스"", ""category3_code"": 268103107, ""is_new"": false, ""item_no"": 4160582, ""period_sort"": ""ONE_DAY"", ""platform"": ""29cm"", ""ranking_category_code"": ""268103100"", ""ranking_category_name"": ""여성의류>상의"", ""review_avg"": 5.0, ""sale_percent"": 15, ""sale_price"": 120700, ""sold_out"": false, ""url"": ""https://product.29cm.co.kr/catalog/4160582""}",2026-10-03T01:00:02+00:00_62faa0ae
2026-10-03T10:00:02+09:00,2026-10-03T01:00:02+00:00,commerce_rank,Morning Gored Blouse_ivory,29cm:4160582@268103100,rank,58.0,"{""brand_eng"": ""GANISONG"", ""brand_kor"": ""가니송"", ""brand_no"": 5926, ""category1"": ""여성의류"", ""category2"": ""상의"", ""category3"": ""블라우스"", ""category3_code"": 268103107, ""is_new"": false, ""item_no"": 4160582, ""period_sort"": ""ONE_DAY"", ""platform"": ""29cm"", ""ranking_category_code"": ""268103100"", ""ranking_category_name"": ""여성의류>상의"", ""review_avg"": 5.0, ""sale_percent"": 15, ""sale_price"": 120700, ""sold_out"": false, ""url"": ""https://product.29cm.co.kr/catalog/4160582""}",2026-10-03T01:00:02+00:00_62faa0ae
2026-10-03T10:00:02+09:00,2026-10-03T01:00:02+00:00,commerce_rank,Waffle henley neck t-shirt (3colors),29cm:4163816,heart_count,1108.0,"{""brand_eng"": ""BLUE BRICK"", ""brand_kor"": ""블루브릭"", ""brand_no"": 13213, ""category1"": ""여성의류"", ""category2"": ""상의"", ""category3"": ""긴소매 티셔츠"", ""category3_code"": 268103102, ""is_new"": false, ""item_no"": 4163816, ""period_sort"": ""ONE_DAY"", ""platform"": ""29cm"", ""ranking_category_code"": ""268103100"", ""ranking_category_name"": ""여성의류>상의"", ""review_avg"": 5.0, ""sale_percent"": 10, ""sale_price"": 64800, ""sold_out"": false, ""url"": ""https://product.29cm.co.kr/catalog/4163816""}",2026-10-03T01:00:02+00:00_62faa0ae
2026-10-03T10:00:02+09:00,2026-10-03T01:00:02+00:00,commerce_rank,Waffle henley neck t-shirt (3colors),29cm:4163816,review_count,11.0,"{""brand_eng"": ""BLUE BRICK"", ""brand_kor"": ""블루브릭"", ""brand_no"": 13213, ""category1"": ""여성의류"", ""category2"": ""상의"", ""category3"": ""긴소매 티셔츠"", ""category3_code"": 268103102, ""is_new"": false, ""item_no"": 4163816, ""period_sort"": ""ONE_DAY"", ""platform"": ""29cm"", ""ranking_category_code"": ""268103100"", ""ranking_category_name"": ""여성의류>상의"", ""review_avg"": 5.0, ""sale_percent"": 10, ""sale_price"": 64800, ""sold_out"": false, ""url"": ""https://product.29cm.co.kr/catalog/4163816""}",2026-10-03T01:00:02+00:00_62faa0ae
2026-10-03T10:00:02+09:00,2026-10-03T01:00:02+00:00,commerce_rank,Waffle henley neck t-shirt (3colors),29cm:4163816@268103100,rank,95.0,"{""brand_eng"": ""BLUE BRICK"", ""brand_kor"": ""블루브릭"", ""brand_no"": 13213, ""category1"": ""여성의류"", ""category2"": ""상의"", ""category3"": ""긴소매 티셔츠"", ""category3_code"": 268103102, ""is_new"": false, ""item_no"": 4163816, ""period_sort"": ""ONE_DAY"", ""platform"": ""29cm"", ""ranking_category_code"": ""268103100"", ""ranking_category_name"": ""여성의류>상의"", ""review_avg"": 5.0, ""sale_percent"": 10, ""sale_price"": 64800, ""sold_out"": false, ""url"": ""https://product.29cm.co.kr/catalog/4163816""}",2026-10-03T01:00:02+00:00_62faa0ae
2026-10-03T10:00:02+09:00,2026-10-03T01:00:02+00:00,commerce_rank,[2nd] 200 Base 3/4 tee (v-neck ver.)(5 color),29cm:4165065,heart_count,2309.0,"{""brand_eng"": ""FOETO"", ""brand_kor"": ""포에토"", ""brand_no"": 53520, ""category1"": ""여성의류"", ""category2"": ""상의"", ""category3"": ""반소매 티셔츠"", ""category3_code"": 268103101, ""is_new"": false, ""item_no"": 4165065, ""period_sort"": ""ONE_DAY"", ""platform"": ""29cm"", ""ranking_category_code"": ""268103100"", ""ranking_category_name"": ""여성의류>상의"", ""review_avg"": 5.0, ""sale_percent"": 19, ""sale_price"": 33210, ""sold_out"": false, ""url"": ""https://product.29cm.co.kr/catalog/4165065""}",2026-10-03T01:00:02+00:00_62faa0ae
2026-10-03T10:00:02+09:00,2026-10-03T01:00:02+00:00,commerce_rank,[2nd] 200 Base 3/4 tee (v-neck ver.)(5 color),29cm:4165065,review_count,28.0,"{""brand_eng"": ""FOETO"", ""brand_kor"": ""포에토"", ""brand_no"": 53520, ""category1"": ""여성의류"", ""category2"": ""상의"", ""category3"": ""반소매 티셔츠"", ""category3_code"": 268103101, ""is_new"": false, ""item_no"": 4165065, ""period_sort"": ""ONE_DAY"", ""platform"": ""29cm"", ""ranking_category_code"": ""268103100"", ""ranking_category_name"": ""여성의류>상의"", ""review_avg"": 5.0, ""sale_percent"": 19, ""sale_price"": 33210, ""sold_out"": false, ""url"": ""https://product.29cm.co.kr/catalog/4165065""}",2026-10-03T01:00:02+00:00_62faa0ae
2026-10-03T10:00:02+09:00,2026-10-03T01:00:02+00:00,commerce_rank,[2nd] 200 Base 3/4 tee (v-neck ver.)(5 color),29cm:4165065@268103100,rank,10.0,"{""brand_eng"": ""FOETO"", ""brand_kor"": ""포에토"", ""brand_no"": 53520, ""category1"": ""여성의류"", ""category2"": ""상의"", ""category3"": ""반소매 티셔츠"", ""category3_code"": 268103101, ""is_new"": false, ""item_no"": 4165065, ""period_sort"": ""ONE_DAY"", ""platform"": ""29cm"", ""ranking_category_code"": ""268103100"", ""ranking_category_name"": ""여성의류>상의"", ""review_avg"": 5.0, ""sale_percent"": 19, ""sale_price"": 33210, ""sold_out"": false, ""url"": ""https://product.29cm.co.kr/catalog/4165065""}",2026-10-03T01:00:02+00:00_62faa0ae
2026-10-03T10:00:02+09:00,2026-10-03T01:00:02+00:00,commerce_rank,[4th] 200 Base 3/4 tee (boatneck ver.)(5 color),29cm:4165076,heart_count,1436.0,"{""brand_eng"": ""FOETO"", ""brand_kor"": ""포에토"", ""brand_no"": 53520, ""category1"": ""여성의류"", ""category2"": ""상의"", ""category3"": ""반소매 티셔츠"", ""category3_code"": 268103101, ""is_new"": false, ""item_no"": 4165076, ""period_sort"": ""ONE_DAY"", ""platform"": ""29cm"", ""ranking_category_code"": ""268103100"", ""ranking_category_name"": ""여성의류>상의"", ""review_avg"": 5.0, ""sale_percent"": 19, ""sale_price"": 33210, ""sold_out"": false, ""url"": ""https://product.29cm.co.kr/catalog/4165076""}",2026-10-03T01:00:02+00:00_62faa0ae
2026-10-03T10:00:02+09:00,2026-10-03T01:00:02+00:00,commerce_rank,[4th] 200 Base 3/4 tee (boatneck ver.)(5 color),29cm:4165076,review_count,30.0,"{""brand_eng"": ""FOETO"", ""brand_kor"": ""포에토"", ""brand_no"": 53520, ""category1"": ""여성의류"", ""category2"": ""상의"", ""category3"": ""반소매 티셔츠"", ""category3_code"": 268103101, ""is_new"": false, ""item_no"": 4165076, ""period_sort"": ""ONE_DAY"", ""platform"": ""29cm"", ""ranking_category_code"": ""268103100"", ""ranking_category_name"": ""여성의류>상의"", ""review_avg"": 5.0, ""sale_percent"": 19, ""sale_price"": 33210, ""sold_out"": false, ""url"": ""https://product.29cm.co.kr/catalog/4165076""}",2026-10-03T01:00:02+00:00_62faa0ae
2026-10-03T10:00:02+09:00,2026-10-03T01:00:02+00:00,commerce_rank,[4th] 200 Base 3/4 tee (boatneck ver.)(5 color),29cm:4165076@268103100,rank,39.0,"{""brand_eng"": ""FOETO"", ""brand_kor"": ""포에토"", ""brand_no"": 53520, ""category1"": ""여성의류"", ""category2"": ""상의"", ""category3"": ""반소매 티셔츠"", ""category3_code"": 268103101, ""is_new"": false, ""item_no"": 4165076, ""period_sort"": ""ONE_DAY"", ""platform"": ""29cm"", ""ranking_category_code"": ""268103100"", ""ranking_category_name"": ""여성의류>상의"", ""review_avg"": 5.0, ""sale_percent"": 19, ""sale_price"": 33210, ""sold_out"": false, ""url"": ""https://product.29cm.co.kr/catalog/4165076""}",2026-10-03T01:00:02+00:00_62faa0ae
2026-10-03T10:00:02+09:00,2026-10-03T01:00:02+00:00,commerce_rank,[6th] Index wrinkle top (scarf set) - charcoal,29cm:4165674,heart_count,953.0,"{""brand_eng"": ""FOETO"", ""brand_kor"": ""포에토"", ""brand_no"": 53520, ""category1"": ""여성의류"", ""category2"": ""상의"", ""category3"": ""블라우스"", ""category3_code"": 268103107, ""is_new"": false, ""item_no"": 4165674, ""period_sort"": ""ONE_DAY"", ""platform"": ""29cm"", ""ranking_category_code"": ""268103100"", ""ranking_category_name"": ""여성의류>상의"", ""review_avg"": 5.0, ""sale_percent"": 19, ""sale_price"": 63990, ""sold_out"": false, ""url"": ""https://product.29cm.co.kr/catalog/4165674""}",2026-10-03T01:00:02+00:00_62faa0ae
2026-10-03T10:00:02+09:00,2026-10-03T01:00:02+00:00,commerce_rank,[6th] Index wrinkle top (scarf set) - charcoal,29cm:4165674,review_count,6.0,"{""brand_eng"": ""FOETO"", ""brand_kor"": ""포에토"", ""brand_no"": 53520, ""category1"": ""여성의류"", ""category2"": ""상의"", ""category3"": ""블라우스"", ""category3_code"": 268103107, ""is_new"": false, ""item_no"": 4165674, ""period_sort"": ""ONE_DAY"", ""platform"": ""29cm"", ""ranking_category_code"": ""268103100"", ""ranking_category_name"": ""여성의류>상의"", ""review_avg"": 5.0, ""sale_percent"": 19, ""sale_price"": 63990, ""sold_out"": false, ""url"": ""https://product.29cm.co.kr/catalog/4165674""}",2026-10-03T01:00:02+00:00_62faa0ae
2026-10-03T10:00:02+09:00,2026-10-03T01:00:02+00:00,commerce_rank,[6th] Index wrinkle top (scarf set) - charcoal,29cm:4165674@268103100,rank,92.0,"{""brand_eng"": ""FOETO"", ""brand_kor"": ""포에토"", ""brand_no"": 53520, ""category1"": ""여성의류"", ""category2"": ""상의"", ""category3"": ""블라우스"", ""category3_code"": 268103107, ""is_new"": false, ""item_no"": 4165674, ""period_sort"": ""ONE_DAY"", ""platform"": ""29cm"", ""ranking_category_code"": ""268103100"", ""ranking_category_name"": ""여성의류>상의"", ""review_avg"": 5.0, ""sale_percent"": 19, ""sale_price"": 63990, ""sold_out"": false, ""url"": ""https://product.29cm.co.kr/catalog/4165674""}",2026-10-03T01:00:02+00:00_62faa0ae
2026-10-03T10:00:02+09:00,2026-10-03T01:00:02+00:00,commerce_rank,[2차]Frill Pintuck Blouse _Cream,29cm:4170796,heart_count,1275.0,"{""brand_eng"": ""SLIE"", ""brand_kor"": ""슬리"", ""brand_no"": 112713, ""category1"": ""여성의류"", ""category2"": ""상의"", ""category3"": ""블라우스"", ""category3_code"": 268103107, ""is_new"": false, ""item_no"": 4170796, ""period_sort"": ""ONE_DAY"", ""platform"": ""29cm"", ""ranking_category_code"": ""268103100"", ""ranking_category_name"": ""여성의류>상의"", ""review_avg"": 0.0, ""sale_percent"": 19, ""sale_price"": 72090, ""sold_out"": false, ""url"": ""https://product.29cm.co.kr/catalog/4170796""}",2026-10-03T01:00:02+00:00_62faa0ae
2026-10-03T10:00:02+09:00,2026-10-03T01:00:02+00:00,commerce_rank,[2차]Frill Pintuck Blouse _Cream,29cm:4170796,review_count,0.0,"{""brand_eng"": ""SLIE"", ""brand_kor"": ""슬리"", ""brand_no"": 112713, ""category1"": ""여성의류"", ""category2"": ""상의"", ""category3"": ""블라우스"", ""category3_code"": 268103107, ""is_new"": false, ""item_no"": 4170796, ""period_sort"": ""ONE_DAY"", ""platform"": ""29cm"", ""ranking_category_code"": ""268103100"", ""ranking_category_name"": ""여성의류>상의"", ""review_avg"": 0.0, ""sale_percent"": 19, ""sale_price"": 72090, ""sold_out"": false, ""url"": ""https://product.29cm.co.kr/catalog/4170796""}",2026-10-03T01:00:02+00:00_62faa0ae
2026-10-03T10:00:02+09:00,2026-10-03T01:00:02+00:00,commerce_rank,[2차]Frill Pintuck Blouse _Cream,29cm:4170796@268103100,rank,89.0,"{""brand_eng"": ""SLIE"", ""brand_kor"": ""슬리"", ""brand_no"": 112713, ""category1"": ""여성의류"", ""category2"": ""상의"", ""category3"": ""블라우스"", ""category3_code"": 268103107, ""is_new"": false, ""item_no"": 4170796, ""period_sort"": ""ONE_DAY"", ""platform"": ""29cm"", ""ranking_category_code"": ""268103100"", ""ranking_category_name"": ""여성의류>상의"", ""review_avg"": 0.0, ""sale_percent"": 19, ""sale_price"": 72090, ""sold_out"": false, ""url"": ""https://product.29cm.co.kr/catalog/4170796""}",2026-10-03T01:00:02+00:00_62faa0ae
2026-10-03T10:00:02+09:00,2026-10-03T01:00:03+00:00,commerce_rank,AGED LABEL LONG-SLEEVE T-SHIRT - MELANGE GREY,29cm:4178761,heart_count,2.0,"{""brand_eng"": ""NOICE"", ""brand_kor"": ""노이스"", ""brand_no"": 71686, ""category1"": ""남성의류"", ""category2"": ""상의"", ""category3"": ""긴소매 티셔츠"", ""category3_code"": 272103102, ""is_new"": false, ""item_no"": 4178761, ""period_sort"": ""ONE_DAY"", ""platform"": ""29cm"", ""ranking_category_code"": ""272103100"", ""ranking_category_name"": ""남성의류>상의"", ""review_avg"": 0.0, ""sale_percent"": 14, ""sale_price"": 89780, ""sold_out"": false, ""url"": ""https://product.29cm.co.kr/catalog/4178761""}",2026-10-03T01:00:02+00:00_62faa0ae
2026-10-03T10:00:02+09:00,2026-10-03T01:00:03+00:00,commerce_rank,AGED LABEL LONG-SLEEVE T-SHIRT - MELANGE GREY,29cm:4178761,review_count,0.0,"{""brand_eng"": ""NOICE"", ""brand_kor"": ""노이스"", ""brand_no"": 71686, ""category1"": ""남성의류"", ""category2"": ""상의"", ""category3"": ""긴소매 티셔츠"", ""category3_code"": 272103102, ""is_new"": false, ""item_no"": 4178761, ""period_sort"": ""ONE_DAY"", ""platform"": ""29cm"", ""ranking_category_code"": ""272103100"", ""ranking_category_name"": ""남성의류>상의"", ""review_avg"": 0.0, ""sale_percent"": 14, ""sale_price"": 89780, ""sold_out"": false, ""url"": ""https://product.29cm.co.kr/catalog/4178761""}",2026-10-03T01:00:02+00:00_62faa0ae
2026-10-03T10:00:02+09:00,2026-10-03T01:00:03+00:00,commerce_rank,AGED LABEL LONG-SLEEVE T-SHIRT - MELANGE GREY,29cm:4178761@272103100,rank,86.0,"{""brand_eng"": ""NOICE"", ""brand_kor"": ""노이스"", ""brand_no"": 71686, ""category1"": ""남성의류"", ""category2"": ""상의"", ""category3"": ""긴소매 티셔츠"", ""category3_code"": 272103102, ""is_new"": false, ""item_no"": 4178761, ""period_sort"": ""ONE_DAY"", ""platform"": ""29cm"", ""ranking_category_code"": ""272103100"", ""ranking_category_name"": ""남성의류>상의"", ""review_avg"": 0.0, ""sale_percent"": 14, ""sale_price"": 89780, ""sold_out"": false, ""url"": ""https://product.29cm.co.kr/catalog/4178761""}",2026-10-03T01:00:02+00:00_62faa0ae
2026-10-03T10:00:02+09:00,2026-10-03T01:00:03+00:00,commerce_rank,Heavyweight USMA Raglan Sweatshirt Navy,29cm:4178831,heart_count,73.0,"{""brand_eng"": ""BRONSON"", ""brand_kor"": ""브론슨"", ""brand_no"": 89408, ""category1"": ""남성의류"", ""category2"": ""상의"", ""category3"": ""스웨트셔츠"", ""category3_code"": 272103107, ""is_new"": false, ""item_no"": 4178831, ""period_sort"": ""ONE_DAY"", ""platform"": ""29cm"", ""ranking_category_code"": ""272103100"", ""ranking_category_name"": ""남성의류>상의"", ""review_avg"": 0.0, ""sale_percent"": 10, ""sale_price"": 71100, ""sold_out"": false, ""url"": ""https://product.29cm.co.kr/catalog/4178831""}",2026-10-03T01:00:02+00:00_62faa0ae
2026-10-03T10:00:02+09:00,2026-10-03T01:00:03+00:00,commerce_rank,Heavyweight USMA Raglan Sweatshirt Navy,29cm:4178831,review_count,0.0,"{""brand_eng"": ""BRONSON"", ""brand_kor"": ""브론슨"", ""brand_no"": 89408, ""category1"": ""남성의류"", ""category2"": ""상의"", ""category3"": ""스웨트셔츠"", ""category3_code"": 272103107, ""is_new"": false, ""item_no"": 4178831, ""period_sort"": ""ONE_DAY"", ""platform"": ""29cm"", ""ranking_category_code"": ""272103100"", ""ranking_category_name"": ""남성의류>상의"", ""review_avg"": 0.0, ""sale_percent"": 10, ""sale_price"": 71100, ""sold_out"": false, ""url"": ""https://product.29cm.co.kr/catalog/4178831""}",2026-10-03T01:00:02+00:00_62faa0ae
2026-10-03T10:00:02+09:00,2026-10-03T01:00:03+00:00,commerce_rank,Heavyweight USMA Raglan Sweatshirt Navy,29cm:4178831@272103100,rank,89.0,"{""brand_eng"": ""BRONSON"", ""brand_kor"": ""브론슨"", ""brand_no"": 89408, ""category1"": ""남성의류"", ""category2"": ""상의"", ""category3"": ""스웨트셔츠"", ""category3_code"": 272103107, ""is_new"": false, ""item_no"": 4178831, ""period_sort"": ""ONE_DAY"", ""platform"": ""29cm"", ""ranking_category_code"": ""272103100"", ""ranking_category_name"": ""남성의류>상의"", ""review_avg"": 0.0, ""sale_percent"": 10, ""sale_price"": 71100, ""sold_out"": false, ""url"": ""https://product.29cm.co.kr/catalog/4178831""}",2026-10-03T01:00:02+00:00_62faa0ae
2026-10-03T10:00:02+09:00,2026-10-03T01:00:03+00:00,commerce_rank,THERMAL HENLEY L/S SHIRTS salt&pepper,29cm:4181127,heart_count,58.0,"{""brand_eng"": ""beheavyer"", ""brand_kor"": ""비헤비어"", ""brand_no"": 1897, ""category1"": ""남성의류"", ""category2"": ""상의"", ""category3"": ""긴소매 티셔츠"", ""category3_code"": 272103102, ""is_new"": false, ""item_no"": 4181127, ""period_sort"": ""ONE_DAY"", ""platform"": ""29cm"", ""ranking_category_code"": ""272103100"", ""ranking_category_name"": ""남성의류>상의"", ""review_avg"": 5.0, ""sale_percent"": 0, ""sale_price"": 119000, ""sold_out"": true, ""url"": ""https://product.29cm.co.kr/catalog/4181127""}",2026-10-03T01:00:02+00:00_62faa0ae
2026-10-03T10:00:02+09:00,2026-10-03T01:00:03+00:00,commerce_rank,THERMAL HENLEY L/S SHIRTS salt&pepper,29cm:4181127,review_count,2.0,"{""brand_eng"": ""beheavyer"", ""brand_kor"": ""비헤비어"", ""brand_no"": 1897, ""category1"": ""남성의류"", ""category2"": ""상의"", ""category3"": ""긴소매 티셔츠"", ""category3_code"": 272103102, ""is_new"": false, ""item_no"": 4181127, ""period_sort"": ""ONE_DAY"", ""platform"": ""29cm"", ""ranking_category_code"": ""272103100"", ""ranking_category_name"": ""남성의류>상의"", ""review_avg"": 5.0, ""sale_percent"": 0, ""sale_price"": 119000, ""sold_out"": true, ""url"": ""https://product.29cm.co.kr/catalog/4181127""}",2026-10-03T01:00:02+00:00_62faa0ae
2026-10-03T10:00:02+09:00,2026-10-03T01:00:03+00:00,commerce_rank,THERMAL HENLEY L/S SHIRTS salt&pepper,29cm:4181127@272103100,rank,28.0,"{""brand_eng"": ""beheavyer"", ""brand_kor"": ""비헤비어"", ""brand_no"": 1897, ""category1"": ""남성의류"", ""category2"": ""상의"", ""category3"": ""긴소매 티셔츠"", ""category3_code"": 272103102, ""is_new"": false, ""item_no"": 4181127, ""period_sort"": ""ONE_DAY"", ""platform"": ""29cm"", ""ranking_category_code"": ""272103100"", ""ranking_category_name"": ""남성의류>상의"", ""review_avg"": 5.0, ""sale_percent"": 0, ""sale_price"": 119000, ""sold_out"": true, ""url"": ""https://product.29cm.co.kr/catalog/4181127""}",2026-10-03T01:00:02+00:00_62faa0ae
2026-10-03T10:00:02+09:00,2026-10-03T01:00:02+00:00,commerce_rank,[2차 10/16 예약배송] Loose Mock Neck Tee (Black),29cm:4183641,heart_count,339.0,"{""brand_eng"": ""NOD"", ""brand_kor"": ""엔오디"", ""brand_no"": 34806, ""category1"": ""여성의류"", ""category2"": ""상의"", ""category3"": ""반소매 티셔츠"", ""category3_code"": 268103101, ""is_new"": false, ""item_no"": 4183641, ""period_sort"": ""ONE_DAY"", ""platform"": ""29cm"", ""ranking_category_code"": ""268103100"", ""ranking_category_name"": ""여성의류>상의"", ""review_avg"": 4.5, ""sale_percent"": 15, ""sale_price"": 47880, ""sold_out"": false, ""url"": ""https://product.29cm.co.kr/catalog/4183641""}",2026-10-03T01:00:02+00:00_62faa0ae
2026-10-03T10:00:02+09:00,2026-10-03T01:00:02+00:00,commerce_rank,[2차 10/16 예약배송] Loose Mock Neck Tee (Black),29cm:4183641,review_count,8.0,"{""brand_eng"": ""NOD"", ""brand_kor"": ""엔오디"", ""brand_no"": 34806, ""category1"": ""여성의류"", ""category2"": ""상의"", ""category3"": ""반소매 티셔츠"", ""category3_code"": 268103101, ""is_new"": false, ""item_no"": 4183641, ""period_sort"": ""ONE_DAY"", ""platform"": ""29cm"", ""ranking_category_code"": ""268103100"", ""ranking_category_name"": ""여성의류>상의"", ""review_avg"": 4.5, ""sale_percent"": 15, ""sale_price"": 47880, ""sold_out"": false, ""url"": ""https://product.29cm.co.kr/catalog/4183641""}",2026-10-03T01:00:02+00:00_62faa0ae
2026-10-03T10:00:02+09:00,2026-10-03T01:00:02+00:00,commerce_rank,[2차 10/16 예약배송] Loose Mock Neck Tee (Black),29cm:4183641@268103100,rank,48.0,"{""brand_eng"": ""NOD"", ""brand_kor"": ""엔오디"", ""brand_no"": 34806, ""category1"": ""여성의류"", ""category2"": ""상의"", ""category3"": ""반소매 티셔츠"", ""category3_code"": 268103101, ""is_new"": false, ""item_no"": 4183641, ""period_sort"": ""ONE_DAY"", ""platform"": ""29cm"", ""ranking_category_code"": ""268103100"", ""ranking_category_name"": ""여성의류>상의"", ""review_avg"": 4.5, ""sale_percent"": 15, ""sale_price"": 47880, ""sold_out"": false, ""url"": ""https://product.29cm.co.kr/catalog/4183641""}",2026-10-03T01:00:02+00:00_62faa0ae
2026-10-03T10:00:02+09:00,2026-10-03T01:00:02+00:00,commerce_rank,[3차 10/30 예약배송] Loose Mock Neck Tee (Charcoal),29cm:4183648,heart_count,1107.0,"{""brand_eng"": ""NOD"", ""brand_kor"": ""엔오디"", ""brand_no"": 34806, ""category1"": ""여성의류"", ""category2"": ""상의"", ""category3"": ""반소매 티셔츠"", ""category3_code"": 268103101, ""is_new"": false, ""item_no"": 4183648, ""period_sort"": ""ONE_DAY"", ""platform"": ""29cm"", ""ranking_category_code"": ""268103100"", ""ranking_category_name"": ""여성의류>상의"", ""review_avg"": 5.0, ""sale_percent"": 15, ""sale_price"": 47880, ""sold_out"": false, ""url"": ""https://product.29cm.co.kr/catalog/4183648""}",2026-10-03T01:00:02+00:00_62faa0ae
2026-10-03T10:00:02+09:00,2026-10-03T01:00:02+00:00,commerce_rank,[3차 10/30 예약배송] Loose Mock Neck Tee (Charcoal),29cm:4183648,review_count,16.0,"{""brand_eng"": ""NOD"", ""brand_kor"": ""엔오디"", ""brand_no"": 34806, ""category1"": ""여성의류"", ""category2"": ""상의"", ""category3"": ""반소매 티셔츠"", ""category3_code"": 268103101, ""is_new"": false, ""item_no"": 4183648, ""period_sort"": ""ONE_DAY"", ""platform"": ""29cm"", ""ranking_category_code"": ""268103100"", ""ranking_category_name"": ""여성의류>상의"", ""review_avg"": 5.0, ""sale_percent"": 15, ""sale_price"": 47880, ""sold_out"": false, ""url"": ""https://product.29cm.co.kr/catalog/4183648""}",2026-10-03T01:00:02+00:00_62faa0ae
2026-10-03T10:00:02+09:00,2026-10-03T01:00:02+00:00,commerce_rank,[3차 10/30 예약배송] Loose Mock Neck Tee (Charcoal),29cm:4183648@268103100,rank,25.0,"{""brand_eng"": ""NOD"", ""brand_kor"": ""엔오디"", ""brand_no"": 34806, ""category1"": ""여성의류"", ""category2"": ""상의"", ""category3"": ""반소매 티셔츠"", ""category3_code"": 268103101, ""is_new"": false, ""item_no"": 4183648, ""period_sort"": ""ONE_DAY"", ""platform"": ""29cm"", ""ranking_category_code"": ""268103100"", ""ranking_category_name"": ""여성의류>상의"", ""review_avg"": 5.0, ""sale_percent"": 15, ""sale_price"": 47880, ""sold_out"": false, ""url"": ""https://product.29cm.co.kr/catalog/4183648""}",2026-10-03T01:00:02+00:00_62faa0ae
2026-10-03T10:00:02+09:00,2026-10-03T01:00:02+00:00,commerce_rank,"[10/19 예약배송] [3rd REORDER] MOCK NECK LAYERED T-SHIRT, CHARCOAL",29cm:4185049,heart_count,1716.0,"{""brand_eng"": ""CACELE"", ""brand_kor"": ""카셀"", ""brand_no"": 44343, ""category1"": ""여성의류"", ""category2"": ""상의"", ""category3"": ""긴소매 티셔츠"", ""category3_code"": 268103102, ""is_new"": false, ""item_no"": 4185049, ""period_sort"": ""ONE_DAY"", ""platform"": ""29cm"", ""ranking_category_code"": ""268103100"", ""ranking_category_name"": ""여성의류>상의"", ""review_avg"": 5.0, ""sale_percent"": 19, ""sale_price"": 69660, ""sold_out"": false, ""url"": ""https://product.29cm.co.kr/catalog/4185049""}",2026-10-03T01:00:02+00:00_62faa0ae
2026-10-03T10:00:02+09:00,2026-10-03T01:00:02+00:00,commerce_rank,"[10/19 예약배송] [3rd REORDER] MOCK NECK LAYERED T-SHIRT, CHARCOAL",29cm:4185049,review_count,1.0,"{""brand_eng"": ""CACELE"", ""brand_kor"": ""카셀"", ""brand_no"": 44343, ""category1"": ""여성의류"", ""category2"": ""상의"", ""category3"": ""긴소매 티셔츠"", ""category3_code"": 268103102, ""is_new"": false, ""item_no"": 4185049, ""period_sort"": ""ONE_DAY"", ""platform"": ""29cm"", ""ranking_category_code"": ""268103100"", ""ranking_category_name"": ""여성의류>상의"", ""review_avg"": 5.0, ""sale_percent"": 19, ""sale_price"": 69660, ""sold_out"": false, ""url"": ""https://product.29cm.co.kr/catalog/4185049""}",2026-10-03T01:00:02+00:00_62faa0ae
2026-10-03T10:00:02+09:00,2026-10-03T01:00:02+00:00,commerce_rank,"[10/19 예약배송] [3rd REORDER] MOCK NECK LAYERED T-SHIRT, CHARCOAL",29cm:4185049@268103100,rank,100.0,"{""brand_eng"": ""CACELE"", ""brand_kor"": ""카셀"", ""brand_no"": 44343, ""category1"": ""여성의류"", ""category2"": ""상의"", ""category3"": ""긴소매 티셔츠"", ""category3_code"": 268103102, ""is_new"": false, ""item_no"": 4185049, ""period_sort"": ""ONE_DAY"", ""platform"": ""29cm"", ""ranking_category_code"": ""268103100"", ""ranking_category_name"": ""여성의류>상의"", ""review_avg"": 5.0, ""sale_percent"": 19, ""sale_price"": 69660, ""sold_out"": false, ""url"": ""https://product.29cm.co.kr/catalog/4185049""}",2026-10-03T01:00:02+00:00_62faa0ae
2026-10-03T10:00:02+09:00,2026-10-03T01:00:02+00:00,commerce_rank,[2차 리오더] Muse Lace V-neck Long Sleeve - Misty Grey,29cm:4188339,heart_count,192.0,"{""brand_eng"": ""RHEME"", ""brand_kor"": ""리임"", ""brand_no"": 80266, ""category1"": ""여성의류"", ""category2"": ""상의"", ""category3"": ""긴소매 티셔츠"", ""category3_code"": 268103102, ""is_new"": false, ""item_no"": 4188339, ""period_sort"": ""ONE_DAY"", ""platform"": ""29cm"", ""ranking_category_code"": ""268103100"", ""ranking_category_name"": ""여성의류>상의"", ""review_avg"": 0.0, ""sale_percent"": 19, ""sale_price"": 95400, ""sold_out"": false, ""url"": ""https://product.29cm.co.kr/catalog/4188339""}",2026-10-03T01:00:02+00:00_62faa0ae
2026-10-03T10:00:02+09:00,2026-10-03T01:00:02+00:00,commerce_rank,[2차 리오더] Muse Lace V-neck Long Sleeve - Misty Grey,29cm:4188339,review_count,0.0,"{""brand_eng"": ""RHEME"", ""brand_kor"": ""리임"", ""brand_no"": 80266, ""category1"": ""여성의류"", ""category2"": ""상의"", ""category3"": ""긴소매 티셔츠"", ""category3_code"": 268103102, ""is_new"": false, ""item_no"": 4188339, ""period_sort"": ""ONE_DAY"", ""platform"": ""29cm"", ""ranking_category_code"": ""268103100"", ""ranking_category_name"": ""여성의류>상의"", ""review_avg"": 0.0, ""sale_percent"": 19, ""sale_price"": 95400, ""sold_out"": false, ""url"": ""https://product.29cm.co.kr/catalog/4188339""}",2026-10-03T01:00:02+00:00_62faa0ae
2026-10-03T10:00:02+09:00,2026-10-03T01:00:02+00:00,commerce_rank,[2차 리오더] Muse Lace V-neck Long Sleeve - Misty Grey,29cm:4188339@268103100,rank,84.0,"{""brand_eng"": ""RHEME"", ""brand_kor"": ""리임"", ""brand_no"": 80266, ""category1"": ""여성의류"", ""category2"": ""상의"", ""category3"": ""긴소매 티셔츠"", ""category3_code"": 268103102, ""is_new"": false, ""item_no"": 4188339, ""period_sort"": ""ONE_DAY"", ""platform"": ""29cm"", ""ranking_category_code"": ""268103100"", ""ranking_category_name"": ""여성의류>상의"", ""review_avg"": 0.0, ""sale_percent"": 19, ""sale_price"": 95400, ""sold_out"": false, ""url"": ""https://product.29cm.co.kr/catalog/4188339""}",2026-10-03T01:00:02+00:00_62faa0ae
2026-10-03T10:00:02+09:00,2026-10-03T01:00:02+00:00,commerce_rank,Two-way Button Neck Top Black,29cm:4190360,heart_count,3374.0,"{""brand_eng"": ""MICHIKO LONDON KOSHINO"", ""brand_kor"": ""미치코런던 코시노"", ""brand_no"": 26100, ""category1"": ""여성의류"", ""category2"": ""상의"", ""category3"": ""반소매 티셔츠"", ""category3_code"": 268103101, ""is_new"": false, ""item_no"": 4190360, ""period_sort"": ""ONE_DAY"", ""platform"": ""29cm"", ""ranking_category_code"": ""268103100"", ""ranking_category_name"": ""여성의류>상의"", ""review_avg"": 4.5, ""sale_percent"": 15, ""sale_price"": 49590, ""sold_out"": false, ""url"": ""https://product.29cm.co.kr/catalog/4190360""}",2026-10-03T01:00:02+00:00_62faa0ae
2026-10-03T10:00:02+09:00,2026-10-03T01:00:02+00:00,commerce_rank,Two-way Button Neck Top Black,29cm:4190360,review_count,3.0,"{""brand_eng"": ""MICHIKO LONDON KOSHINO"", ""brand_kor"": ""미치코런던 코시노"", ""brand_no"": 26100, ""category1"": ""여성의류"", ""category2"": ""상의"", ""category3"": ""반소매 티셔츠"", ""category3_code"": 268103101, ""is_new"": false, ""item_no"": 4190360, ""period_sort"": ""ONE_DAY"", ""platform"": ""29cm"", ""ranking_category_code"": ""268103100"", ""ranking_category_name"": ""여성의류>상의"", ""review_avg"": 4.5, ""sale_percent"": 15, ""sale_price"": 49590, ""sold_out"": false, ""url"": ""https://product.29cm.co.kr/catalog/4190360""}",2026-10-03T01:00:02+00:00_62faa0ae
2026-10-03T10:00:02+09:00,2026-10-03T01:00:02+00:00,commerce_rank,Two-way Button Neck Top Black,29cm:4190360@268103100,rank,37.0,"{""brand_eng"": ""MICHIKO LONDON KOSHINO"", ""brand_kor"": ""미치코런던 코시노"", ""brand_no"": 26100, ""category1"": ""여성의류"", ""category2"": ""상의"", ""category3"": ""반소매 티셔츠"", ""category3_code"": 268103101, ""is_new"": false, ""item_no"": 4190360, ""period_sort"": ""ONE_DAY"", ""platform"": ""29cm"", ""ranking_category_code"": ""268103100"", ""ranking_category_name"": ""여성의류>상의"", ""review_avg"": 4.5, ""sale_percent"": 15, ""sale_price"": 49590, ""sold_out"": false, ""url"": ""https://product.29cm.co.kr/catalog/4190360""}",2026-10-03T01:00:02+00:00_62faa0ae
2026-10-03T10:00:02+09:00,2026-10-03T01:00:02+00:00,commerce_rank,Two-way Button Neck Top Charcoal,29cm:4190361,heart_count,5999.0,"{""brand_eng"": ""MICHIKO LONDON KOSHINO"", ""brand_kor"": ""미치코런던 코시노"", ""brand_no"": 26100, ""category1"": ""여성의류"", ""category2"": ""상의"", ""category3"": ""반소매 티셔츠"", ""category3_code"": 268103101, ""is_new"": false, ""item_no"": 4190361, ""period_sort"": ""ONE_DAY"", ""platform"": ""29cm"", ""ranking_category_code"": ""268103100"", ""ranking_category_name"": ""여성의류>상의"", ""review_avg"": 4.5, ""sale_percent"": 15, ""sale_price"": 49590, ""sold_out"": false, ""url"": ""https://product.29cm.co.kr/catalog/4190361""}",2026-10-03T01:00:02+00:00_62faa0ae
2026-10-03T10:00:02+09:00,2026-10-03T01:00:02+00:00,commerce_rank,Two-way Button Neck Top Charcoal,29cm:4190361,review_count,7.0,"{""brand_eng"": ""MICHIKO LONDON KOSHINO"", ""brand_kor"": ""미치코런던 코시노"", ""brand_no"": 26100, ""category1"": ""여성의류"", ""category2"": ""상의"", ""category3"": ""반소매 티셔츠"", ""category3_code"": 268103101, ""is_new"": false, ""item_no"": 4190361, ""period_sort"": ""ONE_DAY"", ""platform"": ""29cm"", ""ranking_category_code"": ""268103100"", ""ranking_category_name"": ""여성의류>상의"", ""review_avg"": 4.5, ""sale_percent"": 15, ""sale_price"": 49590, ""sold_out"": false, ""url"": ""https://product.29cm.co.kr/catalog/4190361""}",2026-10-03T01:00:02+00:00_62faa0ae
2026-10-03T10:00:02+09:00,2026-10-03T01:00:02+00:00,commerce_rank,Two-way Button Neck Top Charcoal,29cm:4190361@268103100,rank,4.0,"{""brand_eng"": ""MICHIKO LONDON KOSHINO"", ""brand_kor"": ""미치코런던 코시노"", ""brand_no"": 26100, ""category1"": ""여성의류"", ""category2"": ""상의"", ""category3"": ""반소매 티셔츠"", ""category3_code"": 268103101, ""is_new"": false, ""item_no"": 4190361, ""period_sort"": ""ONE_DAY"", ""platform"": ""29cm"", ""ranking_category_code"": ""268103100"", ""ranking_category_name"": ""여성의류>상의"", ""review_avg"": 4.5, ""sale_percent"": 15, ""sale_price"": 49590, ""sold_out"": false, ""url"": ""https://product.29cm.co.kr/catalog/4190361""}",2026-10-03T01:00:02+00:00_62faa0ae
2026-10-03T10:00:02+09:00,2026-10-03T01:00:02+00:00,commerce_rank,[8th]Wool Halter Neck Sleeveless Top,29cm:4192333,heart_count,1179.0,"{""brand_eng"": ""TORTE"", ""brand_kor"": ""토르테"", ""brand_no"": 104998, ""category1"": ""여성의류"", ""category2"": ""상의"", ""category3"": ""슬리브리스"", ""category3_code"": 268103103, ""is_new"": false, ""item_no"": 4192333, ""period_sort"": ""ONE_DAY"", ""platform"": ""29cm"", ""ranking_category_code"": ""268103100"", ""ranking_category_name"": ""여성의류>상의"", ""review_avg"": 4.5, ""sale_percent"": 10, ""sale_price"": 35100, ""sold_out"": false, ""url"": ""https://product.29cm.co.kr/catalog/4192333""}",2026-10-03T01:00:02+00:00_62faa0ae
2026-10-03T10:00:02+09:00,2026-10-03T01:00:02+00:00,commerce_rank,[8th]Wool Halter Neck Sleeveless Top,29cm:4192333,review_count,16.0,"{""brand_eng"": ""TORTE"", ""brand_kor"": ""토르테"", ""brand_no"": 104998, ""category1"": ""여성의류"", ""category2"": ""상의"", ""category3"": ""슬리브리스"", ""category3_code"": 268103103, ""is_new"": false, ""item_no"": 4192333, ""period_sort"": ""ONE_DAY"", ""platform"": ""29cm"", ""ranking_category_code"": ""268103100"", ""ranking_category_name"": ""여성의류>상의"", ""review_avg"": 4.5, ""sale_percent"": 10, ""sale_price"": 35100, ""sold_out"": false, ""url"": ""https://product.29cm.co.kr/catalog/4192333""}",2026-10-03T01:00:02+00:00_62faa0ae
2026-10-03T10:00:02+09:00,2026-10-03T01:00:02+00:00,commerce_rank,[8th]Wool Halter Neck Sleeveless Top,29cm:4192333@268103100,rank,86.0,"{""brand_eng"": ""TORTE"", ""brand_kor"": ""토르테"", ""brand_no"": 104998, ""category1"": ""여성의류"", ""category2"": ""상의"", ""category3"": ""슬리브리스"", ""category3_code"": 268103103, ""is_new"": false, ""item_no"": 4192333, ""period_sort"": ""ONE_DAY"", ""platform"": ""29cm"", ""ranking_category_code"": ""268103100"", ""ranking_category_name"": ""여성의류>상의"", ""review_avg"": 4.5, ""sale_percent"": 10, ""sale_price"": 35100, ""sold_out"": false, ""url"": ""https://product.29cm.co.kr/catalog/4192333""}",2026-10-03T01:00:02+00:00_62faa0ae
2026-10-03T10:00:02+09:00,2026-10-03T01:00:03+00:00,commerce_rank,Washed Cotton Chambray Shirt - Indigo,29cm:4192508,heart_count,24.0,"{""brand_eng"": ""Ourselves"", ""brand_kor"": ""아워셀브스"", ""brand_no"": 2185, ""category1"": ""남성의류"", ""category2"": ""상의"", ""category3"": ""긴소매 셔츠"", ""category3_code"": 272103106, ""is_new"": false, ""item_no"": 4192508, ""period_sort"": ""ONE_DAY"", ""platform"": ""29cm"", ""ranking_category_code"": ""272103100"", ""ranking_category_name"": ""남성의류>상의"", ""review_avg"": 0.0, ""sale_percent"": 0, ""sale_price"": 278000, ""sold_out"": false, ""url"": ""https://product.29cm.co.kr/catalog/4192508""}",2026-10-03T01:00:02+00:00_62faa0ae
2026-10-03T10:00:02+09:00,2026-10-03T01:00:03+00:00,commerce_rank,Washed Cotton Chambray Shirt - Indigo,29cm:4192508,review_count,0.0,"{""brand_eng"": ""Ourselves"", ""brand_kor"": ""아워셀브스"", ""brand_no"": 2185, ""category1"": ""남성의류"", ""category2"": ""상의"", ""category3"": ""긴소매 셔츠"", ""category3_code"": 272103106, ""is_new"": false, ""item_no"": 4192508, ""period_sort"": ""ONE_DAY"", ""platform"": ""29cm"", ""ranking_category_code"": ""272103100"", ""ranking_category_name"": ""남성의류>상의"", ""review_avg"": 0.0, ""sale_percent"": 0, ""sale_price"": 278000, ""sold_out"": false, ""url"": ""https://product.29cm.co.kr/catalog/4192508""}",2026-10-03T01:00:02+00:00_62faa0ae
2026-10-03T10:00:02+09:00,2026-10-03T01:00:03+00:00,commerce_rank,Washed Cotton Chambray Shirt - Indigo,29cm:4192508@272103100,rank,67.0,"{""brand_eng"": ""Ourselves"", ""brand_kor"": ""아워셀브스"", ""brand_no"": 2185, ""category1"": ""남성의류"", ""category2"": ""상의"", ""category3"": ""긴소매 셔츠"", ""category3_code"": 272103106, ""is_new"": false, ""item_no"": 4192508, ""period_sort"": ""ONE_DAY"", ""platform"": ""29cm"", ""ranking_category_code"": ""272103100"", ""ranking_category_name"": ""남성의류>상의"", ""review_avg"": 0.0, ""sale_percent"": 0, ""sale_price"": 278000, ""sold_out"": false, ""url"": ""https://product.29cm.co.kr/catalog/4192508""}",2026-10-03T01:00:02+00:00_62faa0ae
2026-10-03T10:00:02+09:00,2026-10-03T01:00:03+00:00,commerce_rank,레이어드 헨리넥 롱 슬리브 (블랙),29cm:4197376,heart_count,70.0,"{""brand_eng"": ""INDUST"", ""brand_kor"": ""인더스트"", ""brand_no"": 15333, ""category1"": ""여성의류"", ""category2"": ""상의"", ""category3"": ""긴소매 티셔츠"", ""category3_code"": 268103102, ""is_new"": false, ""item_no"": 4197376, ""period_sort"": ""ONE_DAY"", ""platform"": ""29cm"", ""ranking_category_code"": ""272103100"", ""ranking_category_name"": ""남성의류>상의"", ""review_avg"": 0.0, ""sale_percent"": 20, ""sale_price"": 49990, ""sold_out"": false, ""url"": ""https://product.29cm.co.kr/catalog/4197376""}",2026-10-03T01:00:02+00:00_62faa0ae
2026-10-03T10:00:02+09:00,2026-10-03T01:00:03+00:00,commerce_rank,레이어드 헨리넥 롱 슬리브 (블랙),29cm:4197376,review_count,0.0,"{""brand_eng"": ""INDUST"", ""brand_kor"": ""인더스트"", ""brand_no"": 15333, ""category1"": ""여성의류"", ""category2"": ""상의"", ""category3"": ""긴소매 티셔츠"", ""category3_code"": 268103102, ""is_new"": false, ""item_no"": 4197376, ""period_sort"": ""ONE_DAY"", ""platform"": ""29cm"", ""ranking_category_code"": ""272103100"", ""ranking_category_name"": ""남성의류>상의"", ""review_avg"": 0.0, ""sale_percent"": 20, ""sale_price"": 49990, ""sold_out"": false, ""url"": ""https://product.29cm.co.kr/catalog/4197376""}",2026-10-03T01:00:02+00:00_62faa0ae
2026-10-03T10:00:02+09:00,2026-10-03T01:00:03+00:00,commerce_rank,레이어드 헨리넥 롱 슬리브 (블랙),29cm:4197376@272103100,rank,71.0,"{""brand_eng"": ""INDUST"", ""brand_kor"": ""인더스트"", ""brand_no"": 15333, ""category1"": ""여성의류"", ""category2"": ""상의"", ""category3"": ""긴소매 티셔츠"", ""category3_code"": 268103102, ""is_new"": false, ""item_no"": 4197376, ""period_sort"": ""ONE_DAY"", ""platform"": ""29cm"", ""ranking_category_code"": ""272103100"", ""ranking_category_name"": ""남성의류>상의"", ""review_avg"": 0.0, ""sale_percent"": 20, ""sale_price"": 49990, ""sold_out"": false, ""url"": ""https://product.29cm.co.kr/catalog/4197376""}",2026-10-03T01:00:02+00:00_62faa0ae
2026-10-03T10:00:02+09:00,2026-10-03T01:00:03+00:00,commerce_rank,MP Logo LS Tee V-Black,29cm:4200844,heart_count,46.0,"{""brand_eng"": ""DEUTERO"", ""brand_kor"": ""듀테로"", ""brand_no"": 7954, ""category1"": ""여성의류"", ""category2"": ""상의"", ""category3"": ""긴소매 티셔츠"", ""category3_code"": 268103102, ""is_new"": false, ""item_no"": 4200844, ""period_sort"": ""ONE_DAY"", ""platform"": ""29cm"", ""ranking_category_code"": ""272103100"", ""ranking_category_name"": ""남성의류>상의"", ""review_avg"": 5.0, ""sale_percent"": 10, ""sale_price"": 71100, ""sold_out"": false, ""url"": ""https://product.29cm.co.kr/catalog/4200844""}",2026-10-03T01:00:02+00:00_62faa0ae
2026-10-03T10:00:02+09:00,2026-10-03T01:00:03+00:00,commerce_rank,MP Logo LS Tee V-Black,29cm:4200844,review_count,3.0,"{""brand_eng"": ""DEUTERO"", ""brand_kor"": ""듀테로"", ""brand_no"": 7954, ""category1"": ""여성의류"", ""category2"": ""상의"", ""category3"": ""긴소매 티셔츠"", ""category3_code"": 268103102, ""is_new"": false, ""item_no"": 4200844, ""period_sort"": ""ONE_DAY"", ""platform"": ""29cm"", ""ranking_category_code"": ""272103100"", ""ranking_category_name"": ""남성의류>상의"", ""review_avg"": 5.0, ""sale_percent"": 10, ""sale_price"": 71100, ""sold_out"": false, ""url"": ""https://product.29cm.co.kr/catalog/4200844""}",2026-10-03T01:00:02+00:00_62faa0ae
2026-10-03T10:00:02+09:00,2026-10-03T01:00:03+00:00,commerce_rank,MP Logo LS Tee V-Black,29cm:4200844@272103100,rank,44.0,"{""brand_eng"": ""DEUTERO"", ""brand_kor"": ""듀테로"", ""brand_no"": 7954, ""category1"": ""여성의류"", ""category2"": ""상의"", ""category3"": ""긴소매 티셔츠"", ""category3_code"": 268103102, ""is_new"": false, ""item_no"": 4200844, ""period_sort"": ""ONE_DAY"", ""platform"": ""29cm"", ""ranking_category_code"": ""272103100"", ""ranking_category_name"": ""남성의류>상의"", ""review_avg"": 5.0, ""sale_percent"": 10, ""sale_price"": 71100, ""sold_out"": false, ""url"": ""https://product.29cm.co.kr/catalog/4200844""}",2026-10-03T01:00:02+00:00_62faa0ae
2026-10-03T10:00:02+09:00,2026-10-03T01:00:02+00:00,commerce_rank,WAFFLE SWEATSHIRT MOON,29cm:4201038,heart_count,2059.0,"{""brand_eng"": ""pesto"", ""brand_kor"": ""페스토"", ""brand_no"": 16507, ""category1"": ""여성의류"", ""category2"": ""상의"", ""category3"": ""긴소매 티셔츠"", ""category3_code"": 268103102, ""is_new"": false, ""item_no"": 4201038, ""period_sort"": ""ONE_DAY"", ""platform"": ""29cm"", ""ranking_category_code"": ""268103100"", ""ranking_category_name"": ""여성의류>상의"", ""review_avg"": 5.0, ""sale_percent"": 19, ""sale_price"": 98820, ""sold_out"": false, ""url"": ""https://product.29cm.co.kr/catalog/4201038""}",2026-10-03T01:00:02+00:00_62faa0ae
2026-10-03T10:00:02+09:00,2026-10-03T01:00:02+00:00,commerce_rank,WAFFLE SWEATSHIRT MOON,29cm:4201038,review_count,2.0,"{""brand_eng"": ""pesto"", ""brand_kor"": ""페스토"", ""brand_no"": 16507, ""category1"": ""여성의류"", ""category2"": ""상의"", ""category3"": ""긴소매 티셔츠"", ""category3_code"": 268103102, ""is_new"": false, ""item_no"": 4201038, ""period_sort"": ""ONE_DAY"", ""platform"": ""29cm"", ""ranking_category_code"": ""268103100"", ""ranking_category_name"": ""여성의류>상의"", ""review_avg"": 5.0, ""sale_percent"": 19, ""sale_price"": 98820, ""sold_out"": false, ""url"": ""https://product.29cm.co.kr/catalog/4201038""}",2026-10-03T01:00:02+00:00_62faa0ae
2026-10-03T10:00:02+09:00,2026-10-03T01:00:02+00:00,commerce_rank,WAFFLE SWEATSHIRT MOON,29cm:4201038@268103100,rank,73.0,"{""brand_eng"": ""pesto"", ""brand_kor"": ""페스토"", ""brand_no"": 16507, ""category1"": ""여성의류"", ""category2"": ""상의"", ""category3"": ""긴소매 티셔츠"", ""category3_code"": 268103102, ""is_new"": false, ""item_no"": 4201038, ""period_sort"": ""ONE_DAY"", ""platform"": ""29cm"", ""ranking_category_code"": ""268103100"", ""ranking_category_name"": ""여성의류>상의"", ""review_avg"": 5.0, ""sale_percent"": 19, ""sale_price"": 98820, ""sold_out"": false, ""url"": ""https://product.29cm.co.kr/catalog/4201038""}",2026-10-03T01:00:02+00:00_62faa0ae
2026-10-03T10:00:02+09:00,2026-10-03T01:00:02+00:00,commerce_rank,[2nd] Hand pigment sweatshirt - vintage purple,29cm:4201248,heart_count,782.0,"{""brand_eng"": ""FOETO"", ""brand_kor"": ""포에토"", ""brand_no"": 53520, ""category1"": ""여성의류"", ""category2"": ""상의"", ""category3"": ""스웨트셔츠"", ""category3_code"": 268103104, ""is_new"": false, ""item_no"": 4201248, ""period_sort"": ""ONE_DAY"", ""platform"": ""29cm"", ""ranking_category_code"": ""268103100"", ""ranking_category_name"": ""여성의류>상의"", ""review_avg"": 5.0, ""sale_percent"": 19, ""sale_price"": 102060, ""sold_out"": false, ""url"": ""https://product.29cm.co.kr/catalog/4201248""}",2026-10-03T01:00:02+00:00_62faa0ae
2026-10-03T10:00:02+09:00,2026-10-03T01:00:02+00:00,commerce_rank,[2nd] Hand pigment sweatshirt - vintage purple,29cm:4201248,review_count,3.0,"{""brand_eng"": ""FOETO"", ""brand_kor"": ""포에토"", ""brand_no"": 53520, ""category1"": ""여성의류"", ""category2"": ""상의"", ""category3"": ""스웨트셔츠"", ""category3_code"": 268103104, ""is_new"": false, ""item_no"": 4201248, ""period_sort"": ""ONE_DAY"", ""platform"": ""29cm"", ""ranking_category_code"": ""268103100"", ""ranking_category_name"": ""여성의류>상의"", ""review_avg"": 5.0, ""sale_percent"": 19, ""sale_price"": 102060, ""sold_out"": false, ""url"": ""https://product.29cm.co.kr/catalog/4201248""}",2026-10-03T01:00:02+00:00_62faa0ae
2026-10-03T10:00:02+09:00,2026-10-03T01:00:02+00:00,commerce_rank,[2nd] Hand pigment sweatshirt - vintage purple,29cm:4201248@268103100,rank,91.0,"{""brand_eng"": ""FOETO"", ""brand_kor"": ""포에토"", ""brand_no"": 53520, ""category1"": ""여성의류"", ""category2"": ""상의"", ""category3"": ""스웨트셔츠"", ""category3_code"": 268103104, ""is_new"": false, ""item_no"": 4201248, ""period_sort"": ""ONE_DAY"", ""platform"": ""29cm"", ""ranking_category_code"": ""268103100"", ""ranking_category_name"": ""여성의류>상의"", ""review_avg"": 5.0, ""sale_percent"": 19, ""sale_price"": 102060, ""sold_out"": false, ""url"": ""https://product.29cm.co.kr/catalog/4201248""}",2026-10-03T01:00:02+00:00_62faa0ae
2026-10-03T10:00:02+09:00,2026-10-03T01:00:02+00:00,commerce_rank,Milo Stripe Tee_Blue,29cm:4205822,heart_count,592.0,"{""brand_eng"": ""108POUND"", ""brand_kor"": ""108파운드"", ""brand_no"": 86198, ""category1"": ""여성의류"", ""category2"": ""상의"", ""category3"": ""긴소매 티셔츠"", ""category3_code"": 268103102, ""is_new"": false, ""item_no"": 4205822, ""period_sort"": ""ONE_DAY"", ""platform"": ""29cm"", ""ranking_category_code"": ""268103100"", ""ranking_category_name"": ""여성의류>상의"", ""review_avg"": 5.0, ""sale_percent"": 24, ""sale_price"": 55080, ""sold_out"": false, ""url"": ""https://product.29cm.co.kr/catalog/4205822""}",2026-10-03T01:00:02+00:00_62faa0ae
2026-10-03T10:00:02+09:00,2026-10-03T01:00:02+00:00,commerce_rank,Milo Stripe Tee_Blue,29cm:4205822,review_count,5.0,"{""brand_eng"": ""108POUND"", ""brand_kor"": ""108파운드"", ""brand_no"": 86198, ""category1"": ""여성의류"", ""category2"": ""상의"", ""category3"": ""긴소매 티셔츠"", ""category3_code"": 268103102, ""is_new"": false, ""item_no"": 4205822, ""period_sort"": ""ONE_DAY"", ""platform"": ""29cm"", ""ranking_category_code"": ""268103100"", ""ranking_category_name"": ""여성의류>상의"", ""review_avg"": 5.0, ""sale_percent"": 24, ""sale_price"": 55080, ""sold_out"": false, ""url"": ""https://product.29cm.co.kr/catalog/4205822""}",2026-10-03T01:00:02+00:00_62faa0ae
2026-10-03T10:00:02+09:00,2026-10-03T01:00:02+00:00,commerce_rank,Milo Stripe Tee_Blue,29cm:4205822@268103100,rank,26.0,"{""brand_eng"": ""108POUND"", ""brand_kor"": ""108파운드"", ""brand_no"": 86198, ""category1"": ""여성의류"", ""category2"": ""상의"", ""category3"": ""긴소매 티셔츠"", ""category3_code"": 268103102, ""is_new"": false, ""item_no"": 4205822, ""period_sort"": ""ONE_DAY"", ""platform"": ""29cm"", ""ranking_category_code"": ""268103100"", ""ranking_category_name"": ""여성의류>상의"", ""review_avg"": 5.0, ""sale_percent"": 24, ""sale_price"": 55080, ""sold_out"": false, ""url"": ""https://product.29cm.co.kr/catalog/4205822""}",2026-10-03T01:00:02+00:00_62faa0ae
2026-10-03T10:00:02+09:00,2026-10-03T01:00:02+00:00,commerce_rank,Milo Stripe Tee_Oatmeal,29cm:4205823,heart_count,783.0,"{""brand_eng"": ""108POUND"", ""brand_kor"": ""108파운드"", ""brand_no"": 86198, ""category1"": ""여성의류"", ""category2"": ""상의"", ""category3"": ""긴소매 티셔츠"", ""category3_code"": 268103102, ""is_new"": false, ""item_no"": 4205823, ""period_sort"": ""ONE_DAY"", ""platform"": ""29cm"", ""ranking_category_code"": ""268103100"", ""ranking_category_name"": ""여성의류>상의"", ""review_avg"": 4.5, ""sale_percent"": 24, ""sale_price"": 55080, ""sold_out"": false, ""url"": ""https://product.29cm.co.kr/catalog/4205823""}",2026-10-03T01:00:02+00:00_62faa0ae
2026-10-03T10:00:02+09:00,2026-10-03T01:00:02+00:00,commerce_rank,Milo Stripe Tee_Oatmeal,29cm:4205823,review_count,2.0,"{""brand_eng"": ""108POUND"", ""brand_kor"": ""108파운드"", ""brand_no"": 86198, ""category1"": ""여성의류"", ""category2"": ""상의"", ""category3"": ""긴소매 티셔츠"", ""category3_code"": 268103102, ""is_new"": false, ""item_no"": 4205823, ""period_sort"": ""ONE_DAY"", ""platform"": ""29cm"", ""ranking_category_code"": ""268103100"", ""ranking_category_name"": ""여성의류>상의"", ""review_avg"": 4.5, ""sale_percent"": 24, ""sale_price"": 55080, ""sold_out"": false, ""url"": ""https://product.29cm.co.kr/catalog/4205823""}",2026-10-03T01:00:02+00:00_62faa0ae
2026-10-03T10:00:02+09:00,2026-10-03T01:00:02+00:00,commerce_rank,Milo Stripe Tee_Oatmeal,29cm:4205823@268103100,rank,31.0,"{""brand_eng"": ""108POUND"", ""brand_kor"": ""108파운드"", ""brand_no"": 86198, ""category1"": ""여성의류"", ""category2"": ""상의"", ""category3"": ""긴소매 티셔츠"", ""category3_code"": 268103102, ""is_new"": false, ""item_no"": 4205823, ""period_sort"": ""ONE_DAY"", ""platform"": ""29cm"", ""ranking_category_code"": ""268103100"", ""ranking_category_name"": ""여성의류>상의"", ""review_avg"": 4.5, ""sale_percent"": 24, ""sale_price"": 55080, ""sold_out"": false, ""url"": ""https://product.29cm.co.kr/catalog/4205823""}",2026-10-03T01:00:02+00:00_62faa0ae
2026-10-03T10:00:02+09:00,2026-10-03T01:00:02+00:00,commerce_rank,Henley 3/4 Sleeve Tee_Stripe Blue,29cm:4205826,heart_count,1086.0,"{""brand_eng"": ""108POUND"", ""brand_kor"": ""108파운드"", ""brand_no"": 86198, ""category1"": ""여성의류"", ""category2"": ""상의"", ""category3"": ""반소매 티셔츠"", ""category3_code"": 268103101, ""is_new"": false, ""item_no"": 4205826, ""period_sort"": ""ONE_DAY"", ""platform"": ""29cm"", ""ranking_category_code"": ""268103100"", ""ranking_category_name"": ""여성의류>상의"", ""review_avg"": 5.0, ""sale_percent"": 24, ""sale_price"": 48960, ""sold_out"": false, ""url"": ""https://product.29cm.co.kr/catalog/4205826""}",2026-10-03T01:00:02+00:00_62faa0ae
2026-10-03T10:00:02+09:00,2026-10-03T01:00:02+00:00,commerce_rank,Henley 3/4 Sleeve Tee_Stripe Blue,29cm:4205826,review_count,1.0,"{""brand_eng"": ""108POUND"", ""brand_kor"": ""108파운드"", ""brand_no"": 86198, ""category1"": ""여성의류"", ""category2"": ""상의"", ""category3"": ""반소매 티셔츠"", ""category3_code"": 268103101, ""is_new"": false, ""item_no"": 4205826, ""period_sort"": ""ONE_DAY"", ""platform"": ""29cm"", ""ranking_category_code"": ""268103100"", ""ranking_category_name"": ""여성의류>상의"", ""review_avg"": 5.0, ""sale_percent"": 24, ""sale_price"": 48960, ""sold_out"": false, ""url"": ""https://product.29cm.co.kr/catalog/4205826""}",2026-10-03T01:00:02+00:00_62faa0ae
2026-10-03T10:00:02+09:00,2026-10-03T01:00:02+00:00,commerce_rank,Henley 3/4 Sleeve Tee_Stripe Blue,29cm:4205826@268103100,rank,88.0,"{""brand_eng"": ""108POUND"", ""brand_kor"": ""108파운드"", ""brand_no"": 86198, ""category1"": ""여성의류"", ""category2"": ""상의"", ""category3"": ""반소매 티셔츠"", ""category3_code"": 268103101, ""is_new"": false, ""item_no"": 4205826, ""period_sort"": ""ONE_DAY"", ""platform"": ""29cm"", ""ranking_category_code"": ""268103100"", ""ranking_category_name"": ""여성의류>상의"", ""review_avg"": 5.0, ""sale_percent"": 24, ""sale_price"": 48960, ""sold_out"": false, ""url"": ""https://product.29cm.co.kr/catalog/4205826""}",2026-10-03T01:00:02+00:00_62faa0ae
2026-10-03T10:00:02+09:00,2026-10-03T01:00:02+00:00,commerce_rank,Henley 3/4 Sleeve Tee_Stripe Gray,29cm:4205827,heart_count,1315.0,"{""brand_eng"": ""108POUND"", ""brand_kor"": ""108파운드"", ""brand_no"": 86198, ""category1"": ""여성의류"", ""category2"": ""상의"", ""category3"": ""반소매 티셔츠"", ""category3_code"": 268103101, ""is_new"": false, ""item_no"": 4205827, ""period_sort"": ""ONE_DAY"", ""platform"": ""29cm"", ""ranking_category_code"": ""268103100"", ""ranking_category_name"": ""여성의류>상의"", ""review_avg"": 5.0, ""sale_percent"": 24, ""sale_price"": 48960, ""sold_out"": false, ""url"": ""https://product.29cm.co.kr/catalog/4205827""}",2026-10-03T01:00:02+00:00_62faa0ae
2026-10-03T10:00:02+09:00,2026-10-03T01:00:02+00:00,commerce_rank,Henley 3/4 Sleeve Tee_Stripe Gray,29cm:4205827,review_count,1.0,"{""brand_eng"": ""108POUND"", ""brand_kor"": ""108파운드"", ""brand_no"": 86198, ""category1"": ""여성의류"", ""category2"": ""상의"", ""category3"": ""반소매 티셔츠"", ""category3_code"": 268103101, ""is_new"": false, ""item_no"": 4205827, ""period_sort"": ""ONE_DAY"", ""platform"": ""29cm"", ""ranking_category_code"": ""268103100"", ""ranking_category_name"": ""여성의류>상의"", ""review_avg"": 5.0, ""sale_percent"": 24, ""sale_price"": 48960, ""sold_out"": false, ""url"": ""https://product.29cm.co.kr/catalog/4205827""}",2026-10-03T01:00:02+00:00_62faa0ae
2026-10-03T10:00:02+09:00,2026-10-03T01:00:02+00:00,commerce_rank,Henley 3/4 Sleeve Tee_Stripe Gray,29cm:4205827@268103100,rank,28.0,"{""brand_eng"": ""108POUND"", ""brand_kor"": ""108파운드"", ""brand_no"": 86198, ""category1"": ""여성의류"", ""category2"": ""상의"", ""category3"": ""반소매 티셔츠"", ""category3_code"": 268103101, ""is_new"": false, ""item_no"": 4205827, ""period_sort"": ""ONE_DAY"", ""platform"": ""29cm"", ""ranking_category_code"": ""268103100"", ""ranking_category_name"": ""여성의류>상의"", ""review_avg"": 5.0, ""sale_percent"": 24, ""sale_price"": 48960, ""sold_out"": false, ""url"": ""https://product.29cm.co.kr/catalog/4205827""}",2026-10-03T01:00:02+00:00_62faa0ae
2026-10-03T10:00:02+09:00,2026-10-03T01:00:03+00:00,commerce_rank,Gingham Check Short Collar Shirts Black,29cm:4209613,heart_count,5.0,"{""brand_eng"": ""partimento"", ""brand_kor"": ""파르티멘토"", ""brand_no"": 1588, ""category1"": ""남성의류"", ""category2"": ""상의"", ""category3"": ""긴소매 셔츠"", ""category3_code"": 272103106, ""is_new"": false, ""item_no"": 4209613, ""period_sort"": ""ONE_DAY"", ""platform"": ""29cm"", ""ranking_category_code"": ""272103100"", ""ranking_category_name"": ""남성의류>상의"", ""review_avg"": 0.0, ""sale_percent"": 28, ""sale_price"": 62910, ""sold_out"": false, ""url"": ""https://product.29cm.co.kr/catalog/4209613""}",2026-10-03T01:00:02+00:00_62faa0ae
2026-10-03T10:00:02+09:00,2026-10-03T01:00:03+00:00,commerce_rank,Gingham Check Short Collar Shirts Black,29cm:4209613,review_count,0.0,"{""brand_eng"": ""partimento"", ""brand_kor"": ""파르티멘토"", ""brand_no"": 1588, ""category1"": ""남성의류"", ""category2"": ""상의"", ""category3"": ""긴소매 셔츠"", ""category3_code"": 272103106, ""is_new"": false, ""item_no"": 4209613, ""period_sort"": ""ONE_DAY"", ""platform"": ""29cm"", ""ranking_category_code"": ""272103100"", ""ranking_category_name"": ""남성의류>상의"", ""review_avg"": 0.0, ""sale_percent"": 28, ""sale_price"": 62910, ""sold_out"": false, ""url"": ""https://product.29cm.co.kr/catalog/4209613""}",2026-10-03T01:00:02+00:00_62faa0ae
2026-10-03T10:00:02+09:00,2026-10-03T01:00:03+00:00,commerce_rank,Gingham Check Short Collar Shirts Black,29cm:4209613@272103100,rank,62.0,"{""brand_eng"": ""partimento"", ""brand_kor"": ""파르티멘토"", ""brand_no"": 1588, ""category1"": ""남성의류"", ""category2"": ""상의"", ""category3"": ""긴소매 셔츠"", ""category3_code"": 272103106, ""is_new"": false, ""item_no"": 4209613, ""period_sort"": ""ONE_DAY"", ""platform"": ""29cm"", ""ranking_category_code"": ""272103100"", ""ranking_category_name"": ""남성의류>상의"", ""review_avg"": 0.0, ""sale_percent"": 28, ""sale_price"": 62910, ""sold_out"": false, ""url"": ""https://product.29cm.co.kr/catalog/4209613""}",2026-10-03T01:00:02+00:00_62faa0ae
2026-10-03T10:00:02+09:00,2026-10-03T01:00:03+00:00,commerce_rank,Bumpy Slub Double Neck Long Sleeve Brown,29cm:4209629,heart_count,27.0,"{""brand_eng"": ""partimento"", ""brand_kor"": ""파르티멘토"", ""brand_no"": 1588, ""category1"": ""여성의류"", ""category2"": ""상의"", ""category3"": ""긴소매 티셔츠"", ""category3_code"": 268103102, ""is_new"": false, ""item_no"": 4209629, ""period_sort"": ""ONE_DAY"", ""platform"": ""29cm"", ""ranking_category_code"": ""272103100"", ""ranking_category_name"": ""남성의류>상의"", ""review_avg"": 5.0, ""sale_percent"": 28, ""sale_price"": 31410, ""sold_out"": false, ""url"": ""https://product.29cm.co.kr/catalog/4209629""}",2026-10-03T01:00:02+00:00_62faa0ae
2026-10-03T10:00:02+09:00,2026-10-03T01:00:03+00:00,commerce_rank,Bumpy Slub Double Neck Long Sleeve Brown,29cm:4209629,review_count,3.0,"{""brand_eng"": ""partimento"", ""brand_kor"": ""파르티멘토"", ""brand_no"": 1588, ""category1"": ""여성의류"", ""category2"": ""상의"", ""category3"": ""긴소매 티셔츠"", ""category3_code"": 268103102, ""is_new"": false, ""item_no"": 4209629, ""period_sort"": ""ONE_DAY"", ""platform"": ""29cm"", ""ranking_category_code"": ""272103100"", ""ranking_category_name"": ""남성의류>상의"", ""review_avg"": 5.0, ""sale_percent"": 28, ""sale_price"": 31410, ""sold_out"": false, ""url"": ""https://product.29cm.co.kr/catalog/4209629""}",2026-10-03T01:00:02+00:00_62faa0ae
2026-10-03T10:00:02+09:00,2026-10-03T01:00:03+00:00,commerce_rank,Bumpy Slub Double Neck Long Sleeve Brown,29cm:4209629@272103100,rank,92.0,"{""brand_eng"": ""partimento"", ""brand_kor"": ""파르티멘토"", ""brand_no"": 1588, ""category1"": ""여성의류"", ""category2"": ""상의"", ""category3"": ""긴소매 티셔츠"", ""category3_code"": 268103102, ""is_new"": false, ""item_no"": 4209629, ""period_sort"": ""ONE_DAY"", ""platform"": ""29cm"", ""ranking_category_code"": ""272103100"", ""ranking_category_name"": ""남성의류>상의"", ""review_avg"": 5.0, ""sale_percent"": 28, ""sale_price"": 31410, ""sold_out"": false, ""url"": ""https://product.29cm.co.kr/catalog/4209629""}",2026-10-03T01:00:02+00:00_62faa0ae
2026-10-03T10:00:02+09:00,2026-10-03T01:00:02+00:00,commerce_rank,[3rd] Kid pocket henry tee - beige,29cm:4219801,heart_count,596.0,"{""brand_eng"": ""FOETO"", ""brand_kor"": ""포에토"", ""brand_no"": 53520, ""category1"": ""여성의류"", ""category2"": ""상의"", ""category3"": ""반소매 티셔츠"", ""category3_code"": 268103101, ""is_new"": true, ""item_no"": 4219801, ""period_sort"": ""ONE_DAY"", ""platform"": ""29cm"", ""ranking_category_code"": ""268103100"", ""ranking_category_name"": ""여성의류>상의"", ""review_avg"": 5.0, ""sale_percent"": 19, ""sale_price"": 65610, ""sold_out"": false, ""url"": ""https://product.29cm.co.kr/catalog/4219801""}",2026-10-03T01:00:02+00:00_62faa0ae
2026-10-03T10:00:02+09:00,2026-10-03T01:00:02+00:00,commerce_rank,[3rd] Kid pocket henry tee - beige,29cm:4219801,review_count,1.0,"{""brand_eng"": ""FOETO"", ""brand_kor"": ""포에토"", ""brand_no"": 53520, ""category1"": ""여성의류"", ""category2"": ""상의"", ""category3"": ""반소매 티셔츠"", ""category3_code"": 268103101, ""is_new"": true, ""item_no"": 4219801, ""period_sort"": ""ONE_DAY"", ""platform"": ""29cm"", ""ranking_category_code"": ""268103100"", ""ranking_category_name"": ""여성의류>상의"", ""review_avg"": 5.0, ""sale_percent"": 19, ""sale_price"": 65610, ""sold_out"": false, ""url"": ""https://product.29cm.co.kr/catalog/4219801""}",2026-10-03T01:00:02+00:00_62faa0ae
2026-10-03T10:00:02+09:00,2026-10-03T01:00:02+00:00,commerce_rank,[3rd] Kid pocket henry tee - beige,29cm:4219801@268103100,rank,77.0,"{""brand_eng"": ""FOETO"", ""brand_kor"": ""포에토"", ""brand_no"": 53520, ""category1"": ""여성의류"", ""category2"": ""상의"", ""category3"": ""반소매 티셔츠"", ""category3_code"": 268103101, ""is_new"": true, ""item_no"": 4219801, ""period_sort"": ""ONE_DAY"", ""platform"": ""29cm"", ""ranking_category_code"": ""268103100"", ""ranking_category_name"": ""여성의류>상의"", ""review_avg"": 5.0, ""sale_percent"": 19, ""sale_price"": 65610, ""sold_out"": false, ""url"": ""https://product.29cm.co.kr/catalog/4219801""}",2026-10-03T01:00:02+00:00_62faa0ae
2026-10-03T10:00:02+09:00,2026-10-03T01:00:02+00:00,commerce_rank,[5th] Kid pocket henry tee - charcoal,29cm:4219804,heart_count,827.0,"{""brand_eng"": ""FOETO"", ""brand_kor"": ""포에토"", ""brand_no"": 53520, ""category1"": ""여성의류"", ""category2"": ""상의"", ""category3"": ""반소매 티셔츠"", ""category3_code"": 268103101, ""is_new"": true, ""item_no"": 4219804, ""period_sort"": ""ONE_DAY"", ""platform"": ""29cm"", ""ranking_category_code"": ""268103100"", ""ranking_category_name"": ""여성의류>상의"", ""review_avg"": 0.0, ""sale_percent"": 19, ""sale_price"": 65610, ""sold_out"": false, ""url"": ""https://product.29cm.co.kr/catalog/4219804""}",2026-10-03T01:00:02+00:00_62faa0ae
2026-10-03T10:00:02+09:00,2026-10-03T01:00:02+00:00,commerce_rank,[5th] Kid pocket henry tee - charcoal,29cm:4219804,review_count,0.0,"{""brand_eng"": ""FOETO"", ""brand_kor"": ""포에토"", ""brand_no"": 53520, ""category1"": ""여성의류"", ""category2"": ""상의"", ""category3"": ""반소매 티셔츠"", ""category3_code"": 268103101, ""is_new"": true, ""item_no"": 4219804, ""period_sort"": ""ONE_DAY"", ""platform"": ""29cm"", ""ranking_category_code"": ""268103100"", ""ranking_category_name"": ""여성의류>상의"", ""review_avg"": 0.0, ""sale_percent"": 19, ""sale_price"": 65610, ""sold_out"": false, ""url"": ""https://product.29cm.co.kr/catalog/4219804""}",2026-10-03T01:00:02+00:00_62faa0ae
2026-10-03T10:00:02+09:00,2026-10-03T01:00:02+00:00,commerce_rank,[5th] Kid pocket henry tee - charcoal,29cm:4219804@268103100,rank,47.0,"{""brand_eng"": ""FOETO"", ""brand_kor"": ""포에토"", ""brand_no"": 53520, ""category1"": ""여성의류"", ""category2"": ""상의"", ""category3"": ""반소매 티셔츠"", ""category3_code"": 268103101, ""is_new"": true, ""item_no"": 4219804, ""period_sort"": ""ONE_DAY"", ""platform"": ""29cm"", ""ranking_category_code"": ""268103100"", ""ranking_category_name"": ""여성의류>상의"", ""review_avg"": 0.0, ""sale_percent"": 19, ""sale_price"": 65610, ""sold_out"": false, ""url"": ""https://product.29cm.co.kr/catalog/4219804""}",2026-10-03T01:00:02+00:00_62faa0ae
2026-10-03T10:00:02+09:00,2026-10-03T01:00:02+00:00,commerce_rank,"Essential Oversized Shirt, MUTED PURPLE",29cm:4225031,heart_count,418.0,"{""brand_eng"": ""LONDONDADA"", ""brand_kor"": ""런던다다"", ""brand_no"": 102751, ""category1"": ""여성의류"", ""category2"": ""상의"", ""category3"": ""셔츠"", ""category3_code"": 268103106, ""is_new"": false, ""item_no"": 4225031, ""period_sort"": ""ONE_DAY"", ""platform"": ""29cm"", ""ranking_category_code"": ""268103100"", ""ranking_category_name"": ""여성의류>상의"", ""review_avg"": 0.0, ""sale_percent"": 14, ""sale_price"": 76100, ""sold_out"": false, ""url"": ""https://product.29cm.co.kr/catalog/4225031""}",2026-10-03T01:00:02+00:00_62faa0ae
2026-10-03T10:00:02+09:00,2026-10-03T01:00:02+00:00,commerce_rank,"Essential Oversized Shirt, MUTED PURPLE",29cm:4225031,review_count,0.0,"{""brand_eng"": ""LONDONDADA"", ""brand_kor"": ""런던다다"", ""brand_no"": 102751, ""category1"": ""여성의류"", ""category2"": ""상의"", ""category3"": ""셔츠"", ""category3_code"": 268103106, ""is_new"": false, ""item_no"": 4225031, ""period_sort"": ""ONE_DAY"", ""platform"": ""29cm"", ""ranking_category_code"": ""268103100"", ""ranking_category_name"": ""여성의류>상의"", ""review_avg"": 0.0, ""sale_percent"": 14, ""sale_price"": 76100, ""sold_out"": false, ""url"": ""https://product.29cm.co.kr/catalog/4225031""}",2026-10-03T01:00:02+00:00_62faa0ae
2026-10-03T10:00:02+09:00,2026-10-03T01:00:02+00:00,commerce_rank,"Essential Oversized Shirt, MUTED PURPLE",29cm:4225031@268103100,rank,94.0,"{""brand_eng"": ""LONDONDADA"", ""brand_kor"": ""런던다다"", ""brand_no"": 102751, ""category1"": ""여성의류"", ""category2"": ""상의"", ""category3"": ""셔츠"", ""category3_code"": 268103106, ""is_new"": false, ""item_no"": 4225031, ""period_sort"": ""ONE_DAY"", ""platform"": ""29cm"", ""ranking_category_code"": ""268103100"", ""ranking_category_name"": ""여성의류>상의"", ""review_avg"": 0.0, ""sale_percent"": 14, ""sale_price"": 76100, ""sold_out"": false, ""url"": ""https://product.29cm.co.kr/catalog/4225031""}",2026-10-03T01:00:02+00:00_62faa0ae
2026-10-03T10:00:02+09:00,2026-10-03T01:00:02+00:00,commerce_rank,오디세이 VTG 롱슬리브 (차콜),29cm:4225704,heart_count,2890.0,"{""brand_eng"": ""FINDOUBT"", ""brand_kor"": ""핀다웃"", ""brand_no"": 81719, ""category1"": ""여성의류"", ""category2"": ""상의"", ""category3"": ""긴소매 티셔츠"", ""category3_code"": 268103102, ""is_new"": false, ""item_no"": 4225704, ""period_sort"": ""ONE_DAY"", ""platform"": ""29cm"", ""ranking_category_code"": ""268103100"", ""ranking_category_name"": ""여성의류>상의"", ""review_avg"": 5.0, ""sale_percent"": 0, ""sale_price"": 92000, ""sold_out"": false, ""url"": ""https://product.29cm.co.kr/catalog/4225704""}",2026-10-03T01:00:02+00:00_62faa0ae
2026-10-03T10:00:02+09:00,2026-10-03T01:00:02+00:00,commerce_rank,오디세이 VTG 롱슬리브 (차콜),29cm:4225704,review_count,1.0,"{""brand_eng"": ""FINDOUBT"", ""brand_kor"": ""핀다웃"", ""brand_no"": 81719, ""category1"": ""여성의류"", ""category2"": ""상의"", ""category3"": ""긴소매 티셔츠"", ""category3_code"": 268103102, ""is_new"": false, ""item_no"": 4225704, ""period_sort"": ""ONE_DAY"", ""platform"": ""29cm"", ""ranking_category_code"": ""268103100"", ""ranking_category_name"": ""여성의류>상의"", ""review_avg"": 5.0, ""sale_percent"": 0, ""sale_price"": 92000, ""sold_out"": false, ""url"": ""https://product.29cm.co.kr/catalog/4225704""}",2026-10-03T01:00:02+00:00_62faa0ae
2026-10-03T10:00:02+09:00,2026-10-03T01:00:02+00:00,commerce_rank,오디세이 VTG 롱슬리브 (차콜),29cm:4225704@268103100,rank,67.0,"{""brand_eng"": ""FINDOUBT"", ""brand_kor"": ""핀다웃"", ""brand_no"": 81719, ""category1"": ""여성의류"", ""category2"": ""상의"", ""category3"": ""긴소매 티셔츠"", ""category3_code"": 268103102, ""is_new"": false, ""item_no"": 4225704, ""period_sort"": ""ONE_DAY"", ""platform"": ""29cm"", ""ranking_category_code"": ""268103100"", ""ranking_category_name"": ""여성의류>상의"", ""review_avg"": 5.0, ""sale_percent"": 0, ""sale_price"": 92000, ""sold_out"": false, ""url"": ""https://product.29cm.co.kr/catalog/4225704""}",2026-10-03T01:00:02+00:00_62faa0ae
2026-10-03T10:00:02+09:00,2026-10-03T01:00:03+00:00,commerce_rank,슬럽 컷 오프 롱슬리브_4Color,29cm:4232628,heart_count,46.0,"{""brand_eng"": ""MOODINSIDE"", ""brand_kor"": ""무드인사이드"", ""brand_no"": 98995, ""category1"": ""남성의류"", ""category2"": ""상의"", ""category3"": ""긴소매 티셔츠"", ""category3_code"": 272103102, ""is_new"": false, ""item_no"": 4232628, ""period_sort"": ""ONE_DAY"", ""platform"": ""29cm"", ""ranking_category_code"": ""272103100"", ""ranking_category_name"": ""남성의류>상의"", ""review_avg"": 0.0, ""sale_percent"": 50, ""sale_price"": 29900, ""sold_out"": false, ""url"": ""https://product.29cm.co.kr/catalog/4232628""}",2026-10-03T01:00:02+00:00_62faa0ae
2026-10-03T10:00:02+09:00,2026-10-03T01:00:03+00:00,commerce_rank,슬럽 컷 오프 롱슬리브_4Color,29cm:4232628,review_count,0.0,"{""brand_eng"": ""MOODINSIDE"", ""brand_kor"": ""무드인사이드"", ""brand_no"": 98995, ""category1"": ""남성의류"", ""category2"": ""상의"", ""category3"": ""긴소매 티셔츠"", ""category3_code"": 272103102, ""is_new"": false, ""item_no"": 4232628, ""period_sort"": ""ONE_DAY"", ""platform"": ""29cm"", ""ranking_category_code"": ""272103100"", ""ranking_category_name"": ""남성의류>상의"", ""review_avg"": 0.0, ""sale_percent"": 50, ""sale_price"": 29900, ""sold_out"": false, ""url"": ""https://product.29cm.co.kr/catalog/4232628""}",2026-10-03T01:00:02+00:00_62faa0ae
2026-10-03T10:00:02+09:00,2026-10-03T01:00:03+00:00,commerce_rank,슬럽 컷 오프 롱슬리브_4Color,29cm:4232628@272103100,rank,5.0,"{""brand_eng"": ""MOODINSIDE"", ""brand_kor"": ""무드인사이드"", ""brand_no"": 98995, ""category1"": ""남성의류"", ""category2"": ""상의"", ""category3"": ""긴소매 티셔츠"", ""category3_code"": 272103102, ""is_new"": false, ""item_no"": 4232628, ""period_sort"": ""ONE_DAY"", ""platform"": ""29cm"", ""ranking_category_code"": ""272103100"", ""ranking_category_name"": ""남성의류>상의"", ""review_avg"": 0.0, ""sale_percent"": 50, ""sale_price"": 29900, ""sold_out"": false, ""url"": ""https://product.29cm.co.kr/catalog/4232628""}",2026-10-03T01:00:02+00:00_62faa0ae
2026-10-03T10:00:02+09:00,2026-10-03T01:00:03+00:00,commerce_rank,시로 for HER 크루넥 롱 슬리브 티셔츠 화이트,29cm:4238103,heart_count,2.0,"{""brand_eng"": ""HANES"", ""brand_kor"": ""헤인즈"", ""brand_no"": 111528, ""category1"": ""여성의류"", ""category2"": ""상의"", ""category3"": ""반소매 티셔츠"", ""category3_code"": 268103101, ""is_new"": false, ""item_no"": 4238103, ""period_sort"": ""ONE_DAY"", ""platform"": ""29cm"", ""ranking_category_code"": ""272103100"", ""ranking_category_name"": ""남성의류>상의"", ""review_avg"": 0.0, ""sale_percent"": 15, ""sale_price"": 33920, ""sold_out"": false, ""url"": ""https://product.29cm.co.kr/catalog/4238103""}",2026-10-03T01:00:02+00:00_62faa0ae
2026-10-03T10:00:02+09:00,2026-10-03T01:00:03+00:00,commerce_rank,시로 for HER 크루넥 롱 슬리브 티셔츠 화이트,29cm:4238103,review_count,0.0,"{""brand_eng"": ""HANES"", ""brand_kor"": ""헤인즈"", ""brand_no"": 111528, ""category1"": ""여성의류"", ""category2"": ""상의"", ""category3"": ""반소매 티셔츠"", ""category3_code"": 268103101, ""is_new"": false, ""item_no"": 4238103, ""period_sort"": ""ONE_DAY"", ""platform"": ""29cm"", ""ranking_category_code"": ""272103100"", ""ranking_category_name"": ""남성의류>상의"", ""review_avg"": 0.0, ""sale_percent"": 15, ""sale_price"": 33920, ""sold_out"": false, ""url"": ""https://product.29cm.co.kr/catalog/4238103""}",2026-10-03T01:00:02+00:00_62faa0ae
2026-10-03T10:00:02+09:00,2026-10-03T01:00:03+00:00,commerce_rank,시로 for HER 크루넥 롱 슬리브 티셔츠 화이트,29cm:4238103@272103100,rank,83.0,"{""brand_eng"": ""HANES"", ""brand_kor"": ""헤인즈"", ""brand_no"": 111528, ""category1"": ""여성의류"", ""category2"": ""상의"", ""category3"": ""반소매 티셔츠"", ""category3_code"": 268103101, ""is_new"": false, ""item_no"": 4238103, ""period_sort"": ""ONE_DAY"", ""platform"": ""29cm"", ""ranking_category_code"": ""272103100"", ""ranking_category_name"": ""남성의류>상의"", ""review_avg"": 0.0, ""sale_percent"": 15, ""sale_price"": 33920, ""sold_out"": false, ""url"": ""https://product.29cm.co.kr/catalog/4238103""}",2026-10-03T01:00:02+00:00_62faa0ae
2026-10-03T10:00:02+09:00,2026-10-03T01:00:03+00:00,commerce_rank,WOOL STRIPE HOODY (Black),29cm:4241550,heart_count,3.0,"{""brand_eng"": ""CAYL"", ""brand_kor"": ""케일"", ""brand_no"": 8928, ""category1"": ""남성의류"", ""category2"": ""상의"", ""category3"": ""후디"", ""category3_code"": 272103108, ""is_new"": true, ""item_no"": 4241550, ""period_sort"": ""ONE_DAY"", ""platform"": ""29cm"", ""ranking_category_code"": ""272103100"", ""ranking_category_name"": ""남성의류>상의"", ""review_avg"": 0.0, ""sale_percent"": 0, ""sale_price"": 158000, ""sold_out"": false, ""url"": ""https://product.29cm.co.kr/catalog/4241550""}",2026-10-03T01:00:02+00:00_62faa0ae
2026-10-03T10:00:02+09:00,2026-10-03T01:00:03+00:00,commerce_rank,WOOL STRIPE HOODY (Black),29cm:4241550,review_count,0.0,"{""brand_eng"": ""CAYL"", ""brand_kor"": ""케일"", ""brand_no"": 8928, ""category1"": ""남성의류"", ""category2"": ""상의"", ""category3"": ""후디"", ""category3_code"": 272103108, ""is_new"": true, ""item_no"": 4241550, ""period_sort"": ""ONE_DAY"", ""platform"": ""29cm"", ""ranking_category_code"": ""272103100"", ""ranking_category_name"": ""남성의류>상의"", ""review_avg"": 0.0, ""sale_percent"": 0, ""sale_price"": 158000, ""sold_out"": false, ""url"": ""https://product.29cm.co.kr/catalog/4241550""}",2026-10-03T01:00:02+00:00_62faa0ae
2026-10-03T10:00:02+09:00,2026-10-03T01:00:03+00:00,commerce_rank,WOOL STRIPE HOODY (Black),29cm:4241550@272103100,rank,46.0,"{""brand_eng"": ""CAYL"", ""brand_kor"": ""케일"", ""brand_no"": 8928, ""category1"": ""남성의류"", ""category2"": ""상의"", ""category3"": ""후디"", ""category3_code"": 272103108, ""is_new"": true, ""item_no"": 4241550, ""period_sort"": ""ONE_DAY"", ""platform"": ""29cm"", ""ranking_category_code"": ""272103100"", ""ranking_category_name"": ""남성의류>상의"", ""review_avg"": 0.0, ""sale_percent"": 0, ""sale_price"": 158000, ""sold_out"": false, ""url"": ""https://product.29cm.co.kr/catalog/4241550""}",2026-10-03T01:00:02+00:00_62faa0ae
2026-10-03T10:00:02+09:00,2026-10-03T01:00:03+00:00,commerce_rank,LIGHT POWER GRID LONG SLEEVE (Grey),29cm:4241553,heart_count,1.0,"{""brand_eng"": ""CAYL"", ""brand_kor"": ""케일"", ""brand_no"": 8928, ""category1"": ""여성의류"", ""category2"": ""상의"", ""category3"": ""긴소매 티셔츠"", ""category3_code"": 268103102, ""is_new"": true, ""item_no"": 4241553, ""period_sort"": ""ONE_DAY"", ""platform"": ""29cm"", ""ranking_category_code"": ""272103100"", ""ranking_category_name"": ""남성의류>상의"", ""review_avg"": 0.0, ""sale_percent"": 0, ""sale_price"": 92000, ""sold_out"": false, ""url"": ""https://product.29cm.co.kr/catalog/4241553""}",2026-10-03T01:00:02+00:00_62faa0ae
2026-10-03T10:00:02+09:00,2026-10-03T01:00:03+00:00,commerce_rank,LIGHT POWER GRID LONG SLEEVE (Grey),29cm:4241553,review_count,0.0,"{""brand_eng"": ""CAYL"", ""brand_kor"": ""케일"", ""brand_no"": 8928, ""category1"": ""여성의류"", ""category2"": ""상의"", ""category3"": ""긴소매 티셔츠"", ""category3_code"": 268103102, ""is_new"": true, ""item_no"": 4241553, ""period_sort"": ""ONE_DAY"", ""platform"": ""29cm"", ""ranking_category_code"": ""272103100"", ""ranking_category_name"": ""남성의류>상의"", ""review_avg"": 0.0, ""sale_percent"": 0, ""sale_price"": 92000, ""sold_out"": false, ""url"": ""https://product.29cm.co.kr/catalog/4241553""}",2026-10-03T01:00:02+00:00_62faa0ae
2026-10-03T10:00:02+09:00,2026-10-03T01:00:03+00:00,commerce_rank,LIGHT POWER GRID LONG SLEEVE (Grey),29cm:4241553@272103100,rank,95.0,"{""brand_eng"": ""CAYL"", ""brand_kor"": ""케일"", ""brand_no"": 8928, ""category1"": ""여성의류"", ""category2"": ""상의"", ""category3"": ""긴소매 티셔츠"", ""category3_code"": 268103102, ""is_new"": true, ""item_no"": 4241553, ""period_sort"": ""ONE_DAY"", ""platform"": ""29cm"", ""ranking_category_code"": ""272103100"", ""ranking_category_name"": ""남성의류>상의"", ""review_avg"": 0.0, ""sale_percent"": 0, ""sale_price"": 92000, ""sold_out"": false, ""url"": ""https://product.29cm.co.kr/catalog/4241553""}",2026-10-03T01:00:02+00:00_62faa0ae
2026-10-03T10:00:02+09:00,2026-10-03T01:00:02+00:00,commerce_rank,[10/15 예약배송] Moss two-tone sweatshirt_Navy,29cm:4241698,heart_count,176.0,"{""brand_eng"": ""Tekto"", ""brand_kor"": ""텍토"", ""brand_no"": 75938, ""category1"": ""여성의류"", ""category2"": ""상의"", ""category3"": ""스웨트셔츠"", ""category3_code"": 268103104, ""is_new"": false, ""item_no"": 4241698, ""period_sort"": ""ONE_DAY"", ""platform"": ""29cm"", ""ranking_category_code"": ""268103100"", ""ranking_category_name"": ""여성의류>상의"", ""review_avg"": 0.0, ""sale_percent"": 14, ""sale_price"": 81230, ""sold_out"": false, ""url"": ""https://product.29cm.co.kr/catalog/4241698""}",2026-10-03T01:00:02+00:00_62faa0ae
2026-10-03T10:00:02+09:00,2026-10-03T01:00:02+00:00,commerce_rank,[10/15 예약배송] Moss two-tone sweatshirt_Navy,29cm:4241698,review_count,0.0,"{""brand_eng"": ""Tekto"", ""brand_kor"": ""텍토"", ""brand_no"": 75938, ""category1"": ""여성의류"", ""category2"": ""상의"", ""category3"": ""스웨트셔츠"", ""category3_code"": 268103104, ""is_new"": false, ""item_no"": 4241698, ""period_sort"": ""ONE_DAY"", ""platform"": ""29cm"", ""ranking_category_code"": ""268103100"", ""ranking_category_name"": ""여성의류>상의"", ""review_avg"": 0.0, ""sale_percent"": 14, ""sale_price"": 81230, ""sold_out"": false, ""url"": ""https://product.29cm.co.kr/catalog/4241698""}",2026-10-03T01:00:02+00:00_62faa0ae
2026-10-03T10:00:02+09:00,2026-10-03T01:00:02+00:00,commerce_rank,[10/15 예약배송] Moss two-tone sweatshirt_Navy,29cm:4241698@268103100,rank,97.0,"{""brand_eng"": ""Tekto"", ""brand_kor"": ""텍토"", ""brand_no"": 75938, ""category1"": ""여성의류"", ""category2"": ""상의"", ""category3"": ""스웨트셔츠"", ""category3_code"": 268103104, ""is_new"": false, ""item_no"": 4241698, ""period_sort"": ""ONE_DAY"", ""platform"": ""29cm"", ""ranking_category_code"": ""268103100"", ""ranking_category_name"": ""여성의류>상의"", ""review_avg"": 0.0, ""sale_percent"": 14, ""sale_price"": 81230, ""sold_out"": false, ""url"": ""https://product.29cm.co.kr/catalog/4241698""}",2026-10-03T01:00:02+00:00_62faa0ae
2026-10-03T10:00:02+09:00,2026-10-03T01:00:03+00:00,commerce_rank,UNISEX 레이어드 노치넥셔츠_[NAVY] / GF3USH002,29cm:4255867,heart_count,1.0,"{""brand_eng"": ""GENERAL IDEA"", ""brand_kor"": ""제너럴아이디어"", ""brand_no"": 4699, ""category1"": ""여성의류"", ""category2"": ""상의"", ""category3"": ""셔츠"", ""category3_code"": 268103106, ""is_new"": false, ""item_no"": 4255867, ""period_sort"": ""ONE_DAY"", ""platform"": ""29cm"", ""ranking_category_code"": ""272103100"", ""ranking_category_name"": ""남성의류>상의"", ""review_avg"": 0.0, ""sale_percent"": 31, ""sale_price"": 54600, ""sold_out"": false, ""url"": ""https://product.29cm.co.kr/catalog/4255867""}",2026-10-03T01:00:02+00:00_62faa0ae
2026-10-03T10:00:02+09:00,2026-10-03T01:00:03+00:00,commerce_rank,UNISEX 레이어드 노치넥셔츠_[NAVY] / GF3USH002,29cm:4255867,review_count,0.0,"{""brand_eng"": ""GENERAL IDEA"", ""brand_kor"": ""제너럴아이디어"", ""brand_no"": 4699, ""category1"": ""여성의류"", ""category2"": ""상의"", ""category3"": ""셔츠"", ""category3_code"": 268103106, ""is_new"": false, ""item_no"": 4255867, ""period_sort"": ""ONE_DAY"", ""platform"": ""29cm"", ""ranking_category_code"": ""272103100"", ""ranking_category_name"": ""남성의류>상의"", ""review_avg"": 0.0, ""sale_percent"": 31, ""sale_price"": 54600, ""sold_out"": false, ""url"": ""https://product.29cm.co.kr/catalog/4255867""}",2026-10-03T01:00:02+00:00_62faa0ae
2026-10-03T10:00:02+09:00,2026-10-03T01:00:03+00:00,commerce_rank,UNISEX 레이어드 노치넥셔츠_[NAVY] / GF3USH002,29cm:4255867@272103100,rank,98.0,"{""brand_eng"": ""GENERAL IDEA"", ""brand_kor"": ""제너럴아이디어"", ""brand_no"": 4699, ""category1"": ""여성의류"", ""category2"": ""상의"", ""category3"": ""셔츠"", ""category3_code"": 268103106, ""is_new"": false, ""item_no"": 4255867, ""period_sort"": ""ONE_DAY"", ""platform"": ""29cm"", ""ranking_category_code"": ""272103100"", ""ranking_category_name"": ""남성의류>상의"", ""review_avg"": 0.0, ""sale_percent"": 31, ""sale_price"": 54600, ""sold_out"": false, ""url"": ""https://product.29cm.co.kr/catalog/4255867""}",2026-10-03T01:00:02+00:00_62faa0ae
2026-10-03T10:00:02+09:00,2026-10-03T01:00:03+00:00,commerce_rank,엔비엘 하프 로고 롱슬리브 (네이비),29cm:4257048,heart_count,0.0,"{""brand_eng"": ""Tailor Studio"", ""brand_kor"": ""테일러스튜디오"", ""brand_no"": 8361, ""category1"": ""여성의류"", ""category2"": ""상의"", ""category3"": ""긴소매 티셔츠"", ""category3_code"": 268103102, ""is_new"": false, ""item_no"": 4257048, ""period_sort"": ""ONE_DAY"", ""platform"": ""29cm"", ""ranking_category_code"": ""272103100"", ""ranking_category_name"": ""남성의류>상의"", ""review_avg"": 0.0, ""sale_percent"": 37, ""sale_price"": 26460, ""sold_out"": false, ""url"": ""https://product.29cm.co.kr/catalog/4257048""}",2026-10-03T01:00:02+00:00_62faa0ae
2026-10-03T10:00:02+09:00,2026-10-03T01:00:03+00:00,commerce_rank,엔비엘 하프 로고 롱슬리브 (네이비),29cm:4257048,review_count,0.0,"{""brand_eng"": ""Tailor Studio"", ""brand_kor"": ""테일러스튜디오"", ""brand_no"": 8361, ""category1"": ""여성의류"", ""category2"": ""상의"", ""category3"": ""긴소매 티셔츠"", ""category3_code"": 268103102, ""is_new"": false, ""item_no"": 4257048, ""period_sort"": ""ONE_DAY"", ""platform"": ""29cm"", ""ranking_category_code"": ""272103100"", ""ranking_category_name"": ""남성의류>상의"", ""review_avg"": 0.0, ""sale_percent"": 37, ""sale_price"": 26460, ""sold_out"": false, ""url"": ""https://product.29cm.co.kr/catalog/4257048""}",2026-10-03T01:00:02+00:00_62faa0ae
2026-10-03T10:00:02+09:00,2026-10-03T01:00:03+00:00,commerce_rank,엔비엘 하프 로고 롱슬리브 (네이비),29cm:4257048@272103100,rank,41.0,"{""brand_eng"": ""Tailor Studio"", ""brand_kor"": ""테일러스튜디오"", ""brand_no"": 8361, ""category1"": ""여성의류"", ""category2"": ""상의"", ""category3"": ""긴소매 티셔츠"", ""category3_code"": 268103102, ""is_new"": false, ""item_no"": 4257048, ""period_sort"": ""ONE_DAY"", ""platform"": ""29cm"", ""ranking_category_code"": ""272103100"", ""ranking_category_name"": ""남성의류>상의"", ""review_avg"": 0.0, ""sale_percent"": 37, ""sale_price"": 26460, ""sold_out"": false, ""url"": ""https://product.29cm.co.kr/catalog/4257048""}",2026-10-03T01:00:02+00:00_62faa0ae
2026-10-03T10:00:02+09:00,2026-10-03T01:00:02+00:00,commerce_rank,[예약주문 10/30 순차배송] Arietta hidden button shirt (Black check),29cm:4257848,heart_count,97.0,"{""brand_eng"": ""Nothing written"", ""brand_kor"": ""낫띵리튼"", ""brand_no"": 4279, ""category1"": ""여성의류"", ""category2"": ""상의"", ""category3"": ""셔츠"", ""category3_code"": 268103106, ""is_new"": true, ""item_no"": 4257848, ""period_sort"": ""ONE_DAY"", ""platform"": ""29cm"", ""ranking_category_code"": ""268103100"", ""ranking_category_name"": ""여성의류>상의"", ""review_avg"": 0.0, ""sale_percent"": 5, ""sale_price"": 160550, ""sold_out"": false, ""url"": ""https://product.29cm.co.kr/catalog/4257848""}",2026-10-03T01:00:02+00:00_62faa0ae
2026-10-03T10:00:02+09:00,2026-10-03T01:00:02+00:00,commerce_rank,[예약주문 10/30 순차배송] Arietta hidden button shirt (Black check),29cm:4257848,review_count,0.0,"{""brand_eng"": ""Nothing written"", ""brand_kor"": ""낫띵리튼"", ""brand_no"": 4279, ""category1"": ""여성의류"", ""category2"": ""상의"", ""category3"": ""셔츠"", ""category3_code"": 268103106, ""is_new"": true, ""item_no"": 4257848, ""period_sort"": ""ONE_DAY"", ""platform"": ""29cm"", ""ranking_category_code"": ""268103100"", ""ranking_category_name"": ""여성의류>상의"", ""review_avg"": 0.0, ""sale_percent"": 5, ""sale_price"": 160550, ""sold_out"": false, ""url"": ""https://product.29cm.co.kr/catalog/4257848""}",2026-10-03T01:00:02+00:00_62faa0ae
2026-10-03T10:00:02+09:00,2026-10-03T01:00:02+00:00,commerce_rank,[예약주문 10/30 순차배송] Arietta hidden button shirt (Black check),29cm:4257848@268103100,rank,80.0,"{""brand_eng"": ""Nothing written"", ""brand_kor"": ""낫띵리튼"", ""brand_no"": 4279, ""category1"": ""여성의류"", ""category2"": ""상의"", ""category3"": ""셔츠"", ""category3_code"": 268103106, ""is_new"": true, ""item_no"": 4257848, ""period_sort"": ""ONE_DAY"", ""platform"": ""29cm"", ""ranking_category_code"": ""268103100"", ""ranking_category_name"": ""여성의류>상의"", ""review_avg"": 0.0, ""sale_percent"": 5, ""sale_price"": 160550, ""sold_out"": false, ""url"": ""https://product.29cm.co.kr/catalog/4257848""}",2026-10-03T01:00:02+00:00_62faa0ae
2026-10-03T10:00:02+09:00,2026-10-03T01:00:03+00:00,commerce_rank,INSANE RAW EDGE LONG SLV_NAVY,29cm:4267365,heart_count,4.0,"{""brand_eng"": ""INSANE GARAGE"", ""brand_kor"": ""인세인 개러지"", ""brand_no"": 95405, ""category1"": ""여성의류"", ""category2"": ""상의"", ""category3"": ""긴소매 티셔츠"", ""category3_code"": 268103102, ""is_new"": true, ""item_no"": 4267365, ""period_sort"": ""ONE_DAY"", ""platform"": ""29cm"", ""ranking_category_code"": ""272103100"", ""ranking_category_name"": ""남성의류>상의"", ""review_avg"": 0.0, ""sale_percent"": 10, ""sale_price"": 80100, ""sold_out"": false, ""url"": ""https://product.29cm.co.kr/catalog/4267365""}",2026-10-03T01:00:02+00:00_62faa0ae
2026-10-03T10:00:02+09:00,2026-10-03T01:00:03+00:00,commerce_rank,INSANE RAW EDGE LONG SLV_NAVY,29cm:4267365,review_count,0.0,"{""brand_eng"": ""INSANE GARAGE"", ""brand_kor"": ""인세인 개러지"", ""brand_no"": 95405, ""category1"": ""여성의류"", ""category2"": ""상의"", ""category3"": ""긴소매 티셔츠"", ""category3_code"": 268103102, ""is_new"": true, ""item_no"": 4267365, ""period_sort"": ""ONE_DAY"", ""platform"": ""29cm"", ""ranking_category_code"": ""272103100"", ""ranking_category_name"": ""남성의류>상의"", ""review_avg"": 0.0, ""sale_percent"": 10, ""sale_price"": 80100, ""sold_out"": false, ""url"": ""https://product.29cm.co.kr/catalog/4267365""}",2026-10-03T01:00:02+00:00_62faa0ae
2026-10-03T10:00:02+09:00,2026-10-03T01:00:03+00:00,commerce_rank,INSANE RAW EDGE LONG SLV_NAVY,29cm:4267365@272103100,rank,55.0,"{""brand_eng"": ""INSANE GARAGE"", ""brand_kor"": ""인세인 개러지"", ""brand_no"": 95405, ""category1"": ""여성의류"", ""category2"": ""상의"", ""category3"": ""긴소매 티셔츠"", ""category3_code"": 268103102, ""is_new"": true, ""item_no"": 4267365, ""period_sort"": ""ONE_DAY"", ""platform"": ""29cm"", ""ranking_category_code"": ""272103100"", ""ranking_category_name"": ""남성의류>상의"", ""review_avg"": 0.0, ""sale_percent"": 10, ""sale_price"": 80100, ""sold_out"": false, ""url"": ""https://product.29cm.co.kr/catalog/4267365""}",2026-10-03T01:00:02+00:00_62faa0ae
2026-10-03T10:00:02+09:00,2026-10-03T01:00:03+00:00,commerce_rank,Oversized Sweat Shirt (8color),29cm:642847,heart_count,6930.0,"{""brand_eng"": ""rough side"", ""brand_kor"": ""러프사이드"", ""brand_no"": 3821, ""category1"": ""남성의류"", ""category2"": ""상의"", ""category3"": ""스웨트셔츠"", ""category3_code"": 272103107, ""is_new"": false, ""item_no"": 642847, ""period_sort"": ""ONE_DAY"", ""platform"": ""29cm"", ""ranking_category_code"": ""272103100"", ""ranking_category_name"": ""남성의류>상의"", ""review_avg"": 5.0, ""sale_percent"": 0, ""sale_price"": 98000, ""sold_out"": false, ""url"": ""https://product.29cm.co.kr/catalog/642847""}",2026-10-03T01:00:02+00:00_62faa0ae
2026-10-03T10:00:02+09:00,2026-10-03T01:00:03+00:00,commerce_rank,Oversized Sweat Shirt (8color),29cm:642847,review_count,839.0,"{""brand_eng"": ""rough side"", ""brand_kor"": ""러프사이드"", ""brand_no"": 3821, ""category1"": ""남성의류"", ""category2"": ""상의"", ""category3"": ""스웨트셔츠"", ""category3_code"": 272103107, ""is_new"": false, ""item_no"": 642847, ""period_sort"": ""ONE_DAY"", ""platform"": ""29cm"", ""ranking_category_code"": ""272103100"", ""ranking_category_name"": ""남성의류>상의"", ""review_avg"": 5.0, ""sale_percent"": 0, ""sale_price"": 98000, ""sold_out"": false, ""url"": ""https://product.29cm.co.kr/catalog/642847""}",2026-10-03T01:00:02+00:00_62faa0ae
2026-10-03T10:00:02+09:00,2026-10-03T01:00:03+00:00,commerce_rank,Oversized Sweat Shirt (8color),29cm:642847@272103100,rank,16.0,"{""brand_eng"": ""rough side"", ""brand_kor"": ""러프사이드"", ""brand_no"": 3821, ""category1"": ""남성의류"", ""category2"": ""상의"", ""category3"": ""스웨트셔츠"", ""category3_code"": 272103107, ""is_new"": false, ""item_no"": 642847, ""period_sort"": ""ONE_DAY"", ""platform"": ""29cm"", ""ranking_category_code"": ""272103100"", ""ranking_category_name"": ""남성의류>상의"", ""review_avg"": 5.0, ""sale_percent"": 0, ""sale_price"": 98000, ""sold_out"": false, ""url"": ""https://product.29cm.co.kr/catalog/642847""}",2026-10-03T01:00:02+00:00_62faa0ae
2026-10-03T10:00:02+09:00,2026-10-03T01:00:03+00:00,commerce_rank,M_시그니처 클래식 & 베이직 핏 반소매 티셔츠 (180gsm) KMJT001,29cm:686462,heart_count,104.0,"{""brand_eng"": ""YJACK"", ""brand_kor"": ""와이잭"", ""brand_no"": 9351, ""category1"": ""남성의류"", ""category2"": ""상의"", ""category3"": ""반소매 티셔츠"", ""category3_code"": 272103101, ""is_new"": false, ""item_no"": 686462, ""period_sort"": ""ONE_DAY"", ""platform"": ""29cm"", ""ranking_category_code"": ""272103100"", ""ranking_category_name"": ""남성의류>상의"", ""review_avg"": 5.0, ""sale_percent"": 20, ""sale_price"": 36150, ""sold_out"": false, ""url"": ""https://product.29cm.co.kr/catalog/686462""}",2026-10-03T01:00:02+00:00_62faa0ae
2026-10-03T10:00:02+09:00,2026-10-03T01:00:03+00:00,commerce_rank,M_시그니처 클래식 & 베이직 핏 반소매 티셔츠 (180gsm) KMJT001,29cm:686462,review_count,92.0,"{""brand_eng"": ""YJACK"", ""brand_kor"": ""와이잭"", ""brand_no"": 9351, ""category1"": ""남성의류"", ""category2"": ""상의"", ""category3"": ""반소매 티셔츠"", ""category3_code"": 272103101, ""is_new"": false, ""item_no"": 686462, ""period_sort"": ""ONE_DAY"", ""platform"": ""29cm"", ""ranking_category_code"": ""272103100"", ""ranking_category_name"": ""남성의류>상의"", ""review_avg"": 5.0, ""sale_percent"": 20, ""sale_price"": 36150, ""sold_out"": false, ""url"": ""https://product.29cm.co.kr/catalog/686462""}",2026-10-03T01:00:02+00:00_62faa0ae
2026-10-03T10:00:02+09:00,2026-10-03T01:00:03+00:00,commerce_rank,M_시그니처 클래식 & 베이직 핏 반소매 티셔츠 (180gsm) KMJT001,29cm:686462@272103100,rank,77.0,"{""brand_eng"": ""YJACK"", ""brand_kor"": ""와이잭"", ""brand_no"": 9351, ""category1"": ""남성의류"", ""category2"": ""상의"", ""category3"": ""반소매 티셔츠"", ""category3_code"": 272103101, ""is_new"": false, ""item_no"": 686462, ""period_sort"": ""ONE_DAY"", ""platform"": ""29cm"", ""ranking_category_code"": ""272103100"", ""ranking_category_name"": ""남성의류>상의"", ""review_avg"": 5.0, ""sale_percent"": 20, ""sale_price"": 36150, ""sold_out"": false, ""url"": ""https://product.29cm.co.kr/catalog/686462""}",2026-10-03T01:00:02+00:00_62faa0ae
2026-10-03T10:00:02+09:00,2026-10-03T01:00:03+00:00,commerce_rank,[스페셜오더] ONE POCKET T-SHIRT new ver. (12 COLORS),29cm:993892,heart_count,11800.0,"{""brand_eng"": ""EASTLOGUE PERMANENT"", ""brand_kor"": ""이스트로그 퍼머넌트"", ""brand_no"": 9323, ""category1"": ""여성의류"", ""category2"": ""상의"", ""category3"": ""반소매 티셔츠"", ""category3_code"": 268103101, ""is_new"": false, ""item_no"": 993892, ""period_sort"": ""ONE_DAY"", ""platform"": ""29cm"", ""ranking_category_code"": ""272103100"", ""ranking_category_name"": ""남성의류>상의"", ""review_avg"": 5.0, ""sale_percent"": 19, ""sale_price"": 38760, ""sold_out"": false, ""url"": ""https://product.29cm.co.kr/catalog/993892""}",2026-10-03T01:00:02+00:00_62faa0ae
2026-10-03T10:00:02+09:00,2026-10-03T01:00:03+00:00,commerce_rank,[스페셜오더] ONE POCKET T-SHIRT new ver. (12 COLORS),29cm:993892,review_count,2398.0,"{""brand_eng"": ""EASTLOGUE PERMANENT"", ""brand_kor"": ""이스트로그 퍼머넌트"", ""brand_no"": 9323, ""category1"": ""여성의류"", ""category2"": ""상의"", ""category3"": ""반소매 티셔츠"", ""category3_code"": 268103101, ""is_new"": false, ""item_no"": 993892, ""period_sort"": ""ONE_DAY"", ""platform"": ""29cm"", ""ranking_category_code"": ""272103100"", ""ranking_category_name"": ""남성의류>상의"", ""review_avg"": 5.0, ""sale_percent"": 19, ""sale_price"": 38760, ""sold_out"": false, ""url"": ""https://product.29cm.co.kr/catalog/993892""}",2026-10-03T01:00:02+00:00_62faa0ae
2026-10-03T10:00:02+09:00,2026-10-03T01:00:03+00:00,commerce_rank,[스페셜오더] ONE POCKET T-SHIRT new ver. (12 COLORS),29cm:993892@272103100,rank,22.0,"{""brand_eng"": ""EASTLOGUE PERMANENT"", ""brand_kor"": ""이스트로그 퍼머넌트"", ""brand_no"": 9323, ""category1"": ""여성의류"", ""category2"": ""상의"", ""category3"": ""반소매 티셔츠"", ""category3_code"": 268103101, ""is_new"": false, ""item_no"": 993892, ""period_sort"": ""ONE_DAY"", ""platform"": ""29cm"", ""ranking_category_code"": ""272103100"", ""ranking_category_name"": ""남성의류>상의"", ""review_avg"": 5.0, ""sale_percent"": 19, ""sale_price"": 38760, ""sold_out"": false, ""url"": ""https://product.29cm.co.kr/catalog/993892""}",2026-10-03T01:00:02+00:00_62faa0ae
2026-10-03T22:00:06+09:00,2026-10-03T13:00:08+00:00,commerce_rank,[2PACK] 수피마 코튼 티셔츠,29cm:1501688,heart_count,3778.0,"{""brand_eng"": ""COOR"", ""brand_kor"": ""쿠어"", ""brand_no"": 15326, ""category1"": ""남성의류"", ""category2"": ""상의"", ""category3"": ""반소매 티셔츠"", ""category3_code"": 272103101, ""is_new"": false, ""item_no"": 1501688, ""period_sort"": ""ONE_DAY"", ""platform"": ""29cm"", ""ranking_category_code"": ""272103100"", ""ranking_category_name"": ""남성의류>상의"", ""review_avg"": 5.0, ""sale_percent"": 45, ""sale_price"": 44900, ""sold_out"": false, ""url"": ""https://product.29cm.co.kr/catalog/1501688""}",2026-10-03T13:00:06+00:00_f8e2270a
2026-10-03T22:00:06+09:00,2026-10-03T13:00:08+00:00,commerce_rank,[2PACK] 수피마 코튼 티셔츠,29cm:1501688,review_count,792.0,"{""brand_eng"": ""COOR"", ""brand_kor"": ""쿠어"", ""brand_no"": 15326, ""category1"": ""남성의류"", ""category2"": ""상의"", ""category3"": ""반소매 티셔츠"", ""category3_code"": 272103101, ""is_new"": false, ""item_no"": 1501688, ""period_sort"": ""ONE_DAY"", ""platform"": ""29cm"", ""ranking_category_code"": ""272103100"", ""ranking_category_name"": ""남성의류>상의"", ""review_avg"": 5.0, ""sale_percent"": 45, ""sale_price"": 44900, ""sold_out"": false, ""url"": ""https://product.29cm.co.kr/catalog/1501688""}",2026-10-03T13:00:06+00:00_f8e2270a
2026-10-03T22:00:06+09:00,2026-10-03T13:00:08+00:00,commerce_rank,[2PACK] 수피마 코튼 티셔츠,29cm:1501688@272103100,rank,18.0,"{""brand_eng"": ""COOR"", ""brand_kor"": ""쿠어"", ""brand_no"": 15326, ""category1"": ""남성의류"", ""category2"": ""상의"", ""category3"": ""반소매 티셔츠"", ""category3_code"": 272103101, ""is_new"": false, ""item_no"": 1501688, ""period_sort"": ""ONE_DAY"", ""platform"": ""29cm"", ""ranking_category_code"": ""272103100"", ""ranking_category_name"": ""남성의류>상의"", ""review_avg"": 5.0, ""sale_percent"": 45, ""sale_price"": 44900, ""sold_out"": false, ""url"": ""https://product.29cm.co.kr/catalog/1501688""}",2026-10-03T13:00:06+00:00_f8e2270a
2026-10-03T22:00:06+09:00,2026-10-03T13:00:08+00:00,commerce_rank,TG1-SH08 프렌치 스트라이프 셔츠 - [네이비],29cm:1678466,heart_count,6278.0,"{""brand_eng"": ""THOMAS MORE"", ""brand_kor"": ""토마스모어"", ""brand_no"": 2111, ""category1"": ""남성의류"", ""category2"": ""상의"", ""category3"": ""긴소매 셔츠"", ""category3_code"": 272103106, ""is_new"": false, ""item_no"": 1678466, ""period_sort"": ""ONE_DAY"", ""platform"": ""29cm"", ""ranking_category_code"": ""272103100"", ""ranking_category_name"": ""남성의류>상의"", ""review_avg"": 5.0, ""sale_percent"": 0, ""sale_price"": 59700, ""sold_out"": false, ""url"": ""https://product.29cm.co.kr/catalog/1678466""}",2026-10-03T13:00:06+00:00_f8e2270a
2026-10-03T22:00:06+09:00,2026-10-03T13:00:08+00:00,commerce_rank,TG1-SH08 프렌치 스트라이프 셔츠 - [네이비],29cm:1678466,review_count,1712.0,"{""brand_eng"": ""THOMAS MORE"", ""brand_kor"": ""토마스모어"", ""brand_no"": 2111, ""category1"": ""남성의류"", ""category2"": ""상의"", ""category3"": ""긴소매 셔츠"", ""category3_code"": 272103106, ""is_new"": false, ""item_no"": 1678466, ""period_sort"": ""ONE_DAY"", ""platform"": ""29cm"", ""ranking_category_code"": ""272103100"", ""ranking_category_name"": ""남성의류>상의"", ""review_avg"": 5.0, ""sale_percent"": 0, ""sale_price"": 59700, ""sold_out"": false, ""url"": ""https://product.29cm.co.kr/catalog/1678466""}",2026-10-03T13:00:06+00:00_f8e2270a
2026-10-03T22:00:06+09:00,2026-10-03T13:00:08+00:00,commerce_rank,TG1-SH08 프렌치 스트라이프 셔츠 - [네이비],29cm:1678466@272103100,rank,25.0,"{""brand_eng"": ""THOMAS MORE"", ""brand_kor"": ""토마스모어"", ""brand_no"": 2111, ""category1"": ""남성의류"", ""category2"": ""상의"", ""category3"": ""긴소매 셔츠"", ""category3_code"": 272103106, ""is_new"": false, ""item_no"": 1678466, ""period_sort"": ""ONE_DAY"", ""platform"": ""29cm"", ""ranking_category_code"": ""272103100"", ""ranking_category_name"": ""남성의류>상의"", ""review_avg"": 5.0, ""sale_percent"": 0, ""sale_price"": 59700, ""sold_out"": false, ""url"": ""https://product.29cm.co.kr/catalog/1678466""}",2026-10-03T13:00:06+00:00_f8e2270a
2026-10-03T22:00:06+09:00,2026-10-03T13:00:06+00:00,commerce_rank,a birthday sweatshirt (grey),29cm:1841835,heart_count,35496.0,"{""brand_eng"": ""HAAG"", ""brand_kor"": ""헤이그"", ""brand_no"": 19972, ""category1"": ""여성의류"", ""category2"": ""상의"", ""category3"": ""스웨트셔츠"", ""category3_code"": 268103104, ""is_new"": false, ""item_no"": 1841835, ""period_sort"": ""ONE_DAY"", ""platform"": ""29cm"", ""ranking_category_code"": ""268103100"", ""ranking_category_name"": ""여성의류>상의"", ""review_avg"": 5.0, ""sale_percent"": 5, ""sale_price"": 103550, ""sold_out"": false, ""url"": ""https://product.29cm.co.kr/catalog/1841835""}",2026-10-03T13:00:06+00:00_f8e2270a
2026-10-03T22:00:06+09:00,2026-10-03T13:00:06+00:00,commerce_rank,a birthday sweatshirt (grey),29cm:1841835,review_count,2533.0,"{""brand_eng"": ""HAAG"", ""brand_kor"": ""헤이그"", ""brand_no"": 19972, ""category1"": ""여성의류"", ""category2"": ""상의"", ""category3"": ""스웨트셔츠"", ""category3_code"": 268103104, ""is_new"": false, ""item_no"": 1841835, ""period_sort"": ""ONE_DAY"", ""platform"": ""29cm"", ""ranking_category_code"": ""268103100"", ""ranking_category_name"": ""여성의류>상의"", ""review_avg"": 5.0, ""sale_percent"": 5, ""sale_price"": 103550, ""sold_out"": false, ""url"": ""https://product.29cm.co.kr/catalog/1841835""}",2026-10-03T13:00:06+00:00_f8e2270a
2026-10-03T22:00:06+09:00,2026-10-03T13:00:06+00:00,commerce_rank,a birthday sweatshirt (grey),29cm:1841835@268103100,rank,75.0,"{""brand_eng"": ""HAAG"", ""brand_kor"": ""헤이그"", ""brand_no"": 19972, ""category1"": ""여성의류"", ""category2"": ""상의"", ""category3"": ""스웨트셔츠"", ""category3_code"": 268103104, ""is_new"": false, ""item_no"": 1841835, ""period_sort"": ""ONE_DAY"", ""platform"": ""29cm"", ""ranking_category_code"": ""268103100"", ""ranking_category_name"": ""여성의류>상의"", ""review_avg"": 5.0, ""sale_percent"": 5, ""sale_price"": 103550, ""sold_out"": false, ""url"": ""https://product.29cm.co.kr/catalog/1841835""}",2026-10-03T13:00:06+00:00_f8e2270a
2026-10-03T22:00:06+09:00,2026-10-03T13:00:08+00:00,commerce_rank,TF5-SH07 페이퍼셔츠 (12 Color),29cm:1911054,heart_count,66321.0,"{""brand_eng"": ""THOMAS MORE"", ""brand_kor"": ""토마스모어"", ""brand_no"": 2111, ""category1"": ""남성의류"", ""category2"": ""상의"", ""category3"": ""긴소매 셔츠"", ""category3_code"": 272103106, ""is_new"": false, ""item_no"": 1911054, ""period_sort"": ""ONE_DAY"", ""platform"": ""29cm"", ""ranking_category_code"": ""272103100"", ""ranking_category_name"": ""남성의류>상의"", ""review_avg"": 5.0, ""sale_percent"": 20, ""sale_price"": 47760, ""sold_out"": false, ""url"": ""https://product.29cm.co.kr/catalog/1911054""}",2026-10-03T13:00:06+00:00_f8e2270a
2026-10-03T22:00:06+09:00,2026-10-03T13:00:08+00:00,commerce_rank,TF5-SH07 페이퍼셔츠 (12 Color),29cm:1911054,review_count,21888.0,"{""brand_eng"": ""THOMAS MORE"", ""brand_kor"": ""토마스모어"", ""brand_no"": 2111, ""category1"": ""남성의류"", ""category2"": ""상의"", ""category3"": ""긴소매 셔츠"", ""category3_code"": 272103106, ""is_new"": false, ""item_no"": 1911054, ""period_sort"": ""ONE_DAY"", ""platform"": ""29cm"", ""ranking_category_code"": ""272103100"", ""ranking_category_name"": ""남성의류>상의"", ""review_avg"": 5.0, ""sale_percent"": 20, ""sale_price"": 47760, ""sold_out"": false, ""url"": ""https://product.29cm.co.kr/catalog/1911054""}",2026-10-03T13:00:06+00:00_f8e2270a
2026-10-03T22:00:06+09:00,2026-10-03T13:00:08+00:00,commerce_rank,TF5-SH07 페이퍼셔츠 (12 Color),29cm:1911054@272103100,rank,16.0,"{""brand_eng"": ""THOMAS MORE"", ""brand_kor"": ""토마스모어"", ""brand_no"": 2111, ""category1"": ""남성의류"", ""category2"": ""상의"", ""category3"": ""긴소매 셔츠"", ""category3_code"": 272103106, ""is_new"": false, ""item_no"": 1911054, ""period_sort"": ""ONE_DAY"", ""platform"": ""29cm"", ""ranking_category_code"": ""272103100"", ""ranking_category_name"": ""남성의류>상의"", ""review_avg"": 5.0, ""sale_percent"": 20, ""sale_price"": 47760, ""sold_out"": false, ""url"": ""https://product.29cm.co.kr/catalog/1911054""}",2026-10-03T13:00:06+00:00_f8e2270a
2026-10-03T22:00:06+09:00,2026-10-03T13:00:08+00:00,commerce_rank,[스페셜오더]_[레귤러] X-300 Supima Oxford Shirt (4color),29cm:2213632,heart_count,297.0,"{""brand_eng"": ""PRODE SHIRT"", ""brand_kor"": ""프로드셔츠"", ""brand_no"": 10939, ""category1"": ""남성의류"", ""category2"": ""상의"", ""category3"": ""긴소매 셔츠"", ""category3_code"": 272103106, ""is_new"": false, ""item_no"": 2213632, ""period_sort"": ""ONE_DAY"", ""platform"": ""29cm"", ""ranking_category_code"": ""272103100"", ""ranking_category_name"": ""남성의류>상의"", ""review_avg"": 5.0, ""sale_percent"": 0, ""sale_price"": 178000, ""sold_out"": false, ""url"": ""https://product.29cm.co.kr/catalog/2213632""}",2026-10-03T13:00:06+00:00_f8e2270a
2026-10-03T22:00:06+09:00,2026-10-03T13:00:08+00:00,commerce_rank,[스페셜오더]_[레귤러] X-300 Supima Oxford Shirt (4color),29cm:2213632,review_count,31.0,"{""brand_eng"": ""PRODE SHIRT"", ""brand_kor"": ""프로드셔츠"", ""brand_no"": 10939, ""category1"": ""남성의류"", ""category2"": ""상의"", ""category3"": ""긴소매 셔츠"", ""category3_code"": 272103106, ""is_new"": false, ""item_no"": 2213632, ""period_sort"": ""ONE_DAY"", ""platform"": ""29cm"", ""ranking_category_code"": ""272103100"", ""ranking_category_name"": ""남성의류>상의"", ""review_avg"": 5.0, ""sale_percent"": 0, ""sale_price"": 178000, ""sold_out"": false, ""url"": ""https://product.29cm.co.kr/catalog/2213632""}",2026-10-03T13:00:06+00:00_f8e2270a
2026-10-03T22:00:06+09:00,2026-10-03T13:00:08+00:00,commerce_rank,[스페셜오더]_[레귤러] X-300 Supima Oxford Shirt (4color),29cm:2213632@272103100,rank,100.0,"{""brand_eng"": ""PRODE SHIRT"", ""brand_kor"": ""프로드셔츠"", ""brand_no"": 10939, ""category1"": ""남성의류"", ""category2"": ""상의"", ""category3"": ""긴소매 셔츠"", ""category3_code"": 272103106, ""is_new"": false, ""item_no"": 2213632, ""period_sort"": ""ONE_DAY"", ""platform"": ""29cm"", ""ranking_category_code"": ""272103100"", ""ranking_category_name"": ""남성의류>상의"", ""review_avg"": 5.0, ""sale_percent"": 0, ""sale_price"": 178000, ""sold_out"": false, ""url"": ""https://product.29cm.co.kr/catalog/2213632""}",2026-10-03T13:00:06+00:00_f8e2270a
2026-10-03T22:00:06+09:00,2026-10-03T13:00:08+00:00,commerce_rank,Comfort Shirt - 12 Color,29cm:2460665,heart_count,4497.0,"{""brand_eng"": ""POTTERY"", ""brand_kor"": ""포터리"", ""brand_no"": 3453, ""category1"": ""남성의류"", ""category2"": ""상의"", ""category3"": ""긴소매 셔츠"", ""category3_code"": 272103106, ""is_new"": false, ""item_no"": 2460665, ""period_sort"": ""ONE_DAY"", ""platform"": ""29cm"", ""ranking_category_code"": ""272103100"", ""ranking_category_name"": ""남성의류>상의"", ""review_avg"": 5.0, ""sale_percent"": 19, ""sale_price"": 153090, ""sold_out"": false, ""url"": ""https://product.29cm.co.kr/catalog/2460665""}",2026-10-03T13:00:06+00:00_f8e2270a
2026-10-03T22:00:06+09:00,2026-10-03T13:00:08+00:00,commerce_rank,Comfort Shirt - 12 Color,29cm:2460665,review_count,815.0,"{""brand_eng"": ""POTTERY"", ""brand_kor"": ""포터리"", ""brand_no"": 3453, ""category1"": ""남성의류"", ""category2"": ""상의"", ""category3"": ""긴소매 셔츠"", ""category3_code"": 272103106, ""is_new"": false, ""item_no"": 2460665, ""period_sort"": ""ONE_DAY"", ""platform"": ""29cm"", ""ranking_category_code"": ""272103100"", ""ranking_category_name"": ""남성의류>상의"", ""review_avg"": 5.0, ""sale_percent"": 19, ""sale_price"": 153090, ""sold_out"": false, ""url"": ""https://product.29cm.co.kr/catalog/2460665""}",2026-10-03T13:00:06+00:00_f8e2270a
2026-10-03T22:00:06+09:00,2026-10-03T13:00:08+00:00,commerce_rank,Comfort Shirt - 12 Color,29cm:2460665@272103100,rank,41.0,"{""brand_eng"": ""POTTERY"", ""brand_kor"": ""포터리"", ""brand_no"": 3453, ""category1"": ""남성의류"", ""category2"": ""상의"", ""category3"": ""긴소매 셔츠"", ""category3_code"": 272103106, ""is_new"": false, ""item_no"": 2460665, ""period_sort"": ""ONE_DAY"", ""platform"": ""29cm"", ""ranking_category_code"": ""272103100"", ""ranking_category_name"": ""남성의류>상의"", ""review_avg"": 5.0, ""sale_percent"": 19, ""sale_price"": 153090, ""sold_out"": false, ""url"": ""https://product.29cm.co.kr/catalog/2460665""}",2026-10-03T13:00:06+00:00_f8e2270a
2026-10-03T22:00:06+09:00,2026-10-03T13:00:06+00:00,commerce_rank,Boat-neck Color Patch Tee (Cream/Blue),29cm:2469578,heart_count,7521.0,"{""brand_eng"": ""GREENBUTTER"", ""brand_kor"": ""그린버터"", ""brand_no"": 19819, ""category1"": ""여성의류"", ""category2"": ""상의"", ""category3"": ""긴소매 티셔츠"", ""category3_code"": 268103102, ""is_new"": false, ""item_no"": 2469578, ""period_sort"": ""ONE_DAY"", ""platform"": ""29cm"", ""ranking_category_code"": ""268103100"", ""ranking_category_name"": ""여성의류>상의"", ""review_avg"": 5.0, ""sale_percent"": 19, ""sale_price"": 42120, ""sold_out"": true, ""url"": ""https://product.29cm.co.kr/catalog/2469578""}",2026-10-03T13:00:06+00:00_f8e2270a
2026-10-03T22:00:06+09:00,2026-10-03T13:00:06+00:00,commerce_rank,Boat-neck Color Patch Tee (Cream/Blue),29cm:2469578,review_count,767.0,"{""brand_eng"": ""GREENBUTTER"", ""brand_kor"": ""그린버터"", ""brand_no"": 19819, ""category1"": ""여성의류"", ""category2"": ""상의"", ""category3"": ""긴소매 티셔츠"", ""category3_code"": 268103102, ""is_new"": false, ""item_no"": 2469578, ""period_sort"": ""ONE_DAY"", ""platform"": ""29cm"", ""ranking_category_code"": ""268103100"", ""ranking_category_name"": ""여성의류>상의"", ""review_avg"": 5.0, ""sale_percent"": 19, ""sale_price"": 42120, ""sold_out"": true, ""url"": ""https://product.29cm.co.kr/catalog/2469578""}",2026-10-03T13:00:06+00:00_f8e2270a
2026-10-03T22:00:06+09:00,2026-10-03T13:00:06+00:00,commerce_rank,Boat-neck Color Patch Tee (Cream/Blue),29cm:2469578@268103100,rank,6.0,"{""brand_eng"": ""GREENBUTTER"", ""brand_kor"": ""그린버터"", ""brand_no"": 19819, ""category1"": ""여성의류"", ""category2"": ""상의"", ""category3"": ""긴소매 티셔츠"", ""category3_code"": 268103102, ""is_new"": false, ""item_no"": 2469578, ""period_sort"": ""ONE_DAY"", ""platform"": ""29cm"", ""ranking_category_code"": ""268103100"", ""ranking_category_name"": ""여성의류>상의"", ""review_avg"": 5.0, ""sale_percent"": 19, ""sale_price"": 42120, ""sold_out"": true, ""url"": ""https://product.29cm.co.kr/catalog/2469578""}",2026-10-03T13:00:06+00:00_f8e2270a
2026-10-03T22:00:06+09:00,2026-10-03T13:00:08+00:00,commerce_rank,[2 PACK] 스포츠 오버핏 슬리브리스 (2color),29cm:2538278,heart_count,73.0,"{""brand_eng"": ""PIANER"", ""brand_kor"": ""피아네르"", ""brand_no"": 8081, ""category1"": ""남성의류"", ""category2"": ""상의"", ""category3"": ""슬리브리스"", ""category3_code"": 272103103, ""is_new"": false, ""item_no"": 2538278, ""period_sort"": ""ONE_DAY"", ""platform"": ""29cm"", ""ranking_category_code"": ""272103100"", ""ranking_category_name"": ""남성의류>상의"", ""review_avg"": 5.0, ""sale_percent"": 55, ""sale_price"": 26880, ""sold_out"": false, ""url"": ""https://product.29cm.co.kr/catalog/2538278""}",2026-10-03T13:00:06+00:00_f8e2270a
2026-10-03T22:00:06+09:00,2026-10-03T13:00:08+00:00,commerce_rank,[2 PACK] 스포츠 오버핏 슬리브리스 (2color),29cm:2538278,review_count,23.0,"{""brand_eng"": ""PIANER"", ""brand_kor"": ""피아네르"", ""brand_no"": 8081, ""category1"": ""남성의류"", ""category2"": ""상의"", ""category3"": ""슬리브리스"", ""category3_code"": 272103103, ""is_new"": false, ""item_no"": 2538278, ""period_sort"": ""ONE_DAY"", ""platform"": ""29cm"", ""ranking_category_code"": ""272103100"", ""ranking_category_name"": ""남성의류>상의"", ""review_avg"": 5.0, ""sale_percent"": 55, ""sale_price"": 26880, ""sold_out"": false, ""url"": ""https://product.29cm.co.kr/catalog/2538278""}",2026-10-03T13:00:06+00:00_f8e2270a
2026-10-03T22:00:06+09:00,2026-10-03T13:00:08+00:00,commerce_rank,[2 PACK] 스포츠 오버핏 슬리브리스 (2color),29cm:2538278@272103100,rank,33.0,"{""brand_eng"": ""PIANER"", ""brand_kor"": ""피아네르"", ""brand_no"": 8081, ""category1"": ""남성의류"", ""category2"": ""상의"", ""category3"": ""슬리브리스"", ""category3_code"": 272103103, ""is_new"": false, ""item_no"": 2538278, ""period_sort"": ""ONE_DAY"", ""platform"": ""29cm"", ""ranking_category_code"": ""272103100"", ""ranking_category_name"": ""남성의류>상의"", ""review_avg"": 5.0, ""sale_percent"": 55, ""sale_price"": 26880, ""sold_out"": false, ""url"": ""https://product.29cm.co.kr/catalog/2538278""}",2026-10-03T13:00:06+00:00_f8e2270a
2026-10-03T22:00:06+09:00,2026-10-03T13:00:06+00:00,commerce_rank,빅 트위치 로고 후드 티셔츠 오트밀,29cm:2737573,heart_count,529.0,"{""brand_eng"": ""Lee"", ""brand_kor"": ""리"", ""brand_no"": 15263, ""category1"": ""남성의류"", ""category2"": ""상의"", ""category3"": ""후디"", ""category3_code"": 272103108, ""is_new"": false, ""item_no"": 2737573, ""period_sort"": ""ONE_DAY"", ""platform"": ""29cm"", ""ranking_category_code"": ""268103100"", ""ranking_category_name"": ""여성의류>상의"", ""review_avg"": 5.0, ""sale_percent"": 63, ""sale_price"": 28980, ""sold_out"": false, ""url"": ""https://product.29cm.co.kr/catalog/2737573""}",2026-10-03T13:00:06+00:00_f8e2270a
2026-10-03T22:00:06+09:00,2026-10-03T13:00:06+00:00,commerce_rank,빅 트위치 로고 후드 티셔츠 오트밀,29cm:2737573,review_count,30.0,"{""brand_eng"": ""Lee"", ""brand_kor"": ""리"", ""brand_no"": 15263, ""category1"": ""남성의류"", ""category2"": ""상의"", ""category3"": ""후디"", ""category3_code"": 272103108, ""is_new"": false, ""item_no"": 2737573, ""period_sort"": ""ONE_DAY"", ""platform"": ""29cm"", ""ranking_category_code"": ""268103100"", ""ranking_category_name"": ""여성의류>상의"", ""review_avg"": 5.0, ""sale_percent"": 63, ""sale_price"": 28980, ""sold_out"": false, ""url"": ""https://product.29cm.co.kr/catalog/2737573""}",2026-10-03T13:00:06+00:00_f8e2270a
2026-10-03T22:00:06+09:00,2026-10-03T13:00:06+00:00,commerce_rank,빅 트위치 로고 후드 티셔츠 오트밀,29cm:2737573@268103100,rank,80.0,"{""brand_eng"": ""Lee"", ""brand_kor"": ""리"", ""brand_no"": 15263, ""category1"": ""남성의류"", ""category2"": ""상의"", ""category3"": ""후디"", ""category3_code"": 272103108, ""is_new"": false, ""item_no"": 2737573, ""period_sort"": ""ONE_DAY"", ""platform"": ""29cm"", ""ranking_category_code"": ""268103100"", ""ranking_category_name"": ""여성의류>상의"", ""review_avg"": 5.0, ""sale_percent"": 63, ""sale_price"": 28980, ""sold_out"": false, ""url"": ""https://product.29cm.co.kr/catalog/2737573""}",2026-10-03T13:00:06+00:00_f8e2270a
2026-10-03T22:00:06+09:00,2026-10-03T13:00:06+00:00,commerce_rank,Essential Boat Neck Tee_4 Colors,29cm:2746755,heart_count,28797.0,"{""brand_eng"": ""ARTTO"", ""brand_kor"": ""아르토"", ""brand_no"": 57017, ""category1"": ""여성의류"", ""category2"": ""단독"", ""category3"": ""상의"", ""category3_code"": 268116101, ""is_new"": false, ""item_no"": 2746755, ""period_sort"": ""ONE_DAY"", ""platform"": ""29cm"", ""ranking_category_code"": ""268103100"", ""ranking_category_name"": ""여성의류>상의"", ""review_avg"": 5.0, ""sale_percent"": 0, ""sale_price"": 36000, ""sold_out"": false, ""url"": ""https://product.29cm.co.kr/catalog/2746755""}",2026-10-03T13:00:06+00:00_f8e2270a
2026-10-03T22:00:06+09:00,2026-10-03T13:00:06+00:00,commerce_rank,Essential Boat Neck Tee_4 Colors,29cm:2746755,review_count,1998.0,"{""brand_eng"": ""ARTTO"", ""brand_kor"": ""아르토"", ""brand_no"": 57017, ""category1"": ""여성의류"", ""category2"": ""단독"", ""category3"": ""상의"", ""category3_code"": 268116101, ""is_new"": false, ""item_no"": 2746755, ""period_sort"": ""ONE_DAY"", ""platform"": ""29cm"", ""ranking_category_code"": ""268103100"", ""ranking_category_name"": ""여성의류>상의"", ""review_avg"": 5.0, ""sale_percent"": 0, ""sale_price"": 36000, ""sold_out"": false, ""url"": ""https://product.29cm.co.kr/catalog/2746755""}",2026-10-03T13:00:06+00:00_f8e2270a
2026-10-03T22:00:06+09:00,2026-10-03T13:00:06+00:00,commerce_rank,Essential Boat Neck Tee_4 Colors,29cm:2746755@268103100,rank,41.0,"{""brand_eng"": ""ARTTO"", ""brand_kor"": ""아르토"", ""brand_no"": 57017, ""category1"": ""여성의류"", ""category2"": ""단독"", ""category3"": ""상의"", ""category3_code"": 268116101, ""is_new"": false, ""item_no"": 2746755, ""period_sort"": ""ONE_DAY"", ""platform"": ""29cm"", ""ranking_category_code"": ""268103100"", ""ranking_category_name"": ""여성의류>상의"", ""review_avg"": 5.0, ""sale_percent"": 0, ""sale_price"": 36000, ""sold_out"": false, ""url"": ""https://product.29cm.co.kr/catalog/2746755""}",2026-10-03T13:00:06+00:00_f8e2270a
2026-10-03T22:00:06+09:00,2026-10-03T13:00:06+00:00,commerce_rank,[오제 PICK] 에센셜 롱 슬리브 티셔츠 MDTS063_6 Colors,29cm:2753432,heart_count,7776.0,"{""brand_eng"": ""MONGDOL"", ""brand_kor"": ""몽돌"", ""brand_no"": 10654, ""category1"": ""여성의류"", ""category2"": ""상의"", ""category3"": ""긴소매 티셔츠"", ""category3_code"": 268103102, ""is_new"": false, ""item_no"": 2753432, ""period_sort"": ""ONE_DAY"", ""platform"": ""29cm"", ""ranking_category_code"": ""268103100"", ""ranking_category_name"": ""여성의류>상의"", ""review_avg"": 4.5, ""sale_percent"": 37, ""sale_price"": 23310, ""sold_out"": false, ""url"": ""https://product.29cm.co.kr/catalog/2753432""}",2026-10-03T13:00:06+00:00_f8e2270a
2026-10-03T22:00:06+09:00,2026-10-03T13:00:06+00:00,commerce_rank,[오제 PICK] 에센셜 롱 슬리브 티셔츠 MDTS063_6 Colors,29cm:2753432,review_count,763.0,"{""brand_eng"": ""MONGDOL"", ""brand_kor"": ""몽돌"", ""brand_no"": 10654, ""category1"": ""여성의류"", ""category2"": ""상의"", ""category3"": ""긴소매 티셔츠"", ""category3_code"": 268103102, ""is_new"": false, ""item_no"": 2753432, ""period_sort"": ""ONE_DAY"", ""platform"": ""29cm"", ""ranking_category_code"": ""268103100"", ""ranking_category_name"": ""여성의류>상의"", ""review_avg"": 4.5, ""sale_percent"": 37, ""sale_price"": 23310, ""sold_out"": false, ""url"": ""https://product.29cm.co.kr/catalog/2753432""}",2026-10-03T13:00:06+00:00_f8e2270a
2026-10-03T22:00:06+09:00,2026-10-03T13:00:06+00:00,commerce_rank,[오제 PICK] 에센셜 롱 슬리브 티셔츠 MDTS063_6 Colors,29cm:2753432@268103100,rank,21.0,"{""brand_eng"": ""MONGDOL"", ""brand_kor"": ""몽돌"", ""brand_no"": 10654, ""category1"": ""여성의류"", ""category2"": ""상의"", ""category3"": ""긴소매 티셔츠"", ""category3_code"": 268103102, ""is_new"": false, ""item_no"": 2753432, ""period_sort"": ""ONE_DAY"", ""platform"": ""29cm"", ""ranking_category_code"": ""268103100"", ""ranking_category_name"": ""여성의류>상의"", ""review_avg"": 4.5, ""sale_percent"": 37, ""sale_price"": 23310, ""sold_out"": false, ""url"": ""https://product.29cm.co.kr/catalog/2753432""}",2026-10-03T13:00:06+00:00_f8e2270a
2026-10-03T22:00:06+09:00,2026-10-03T13:00:08+00:00,commerce_rank,83플래그 하프 집업 스웨트셔츠(기모)(4colors) NSW6036,29cm:2779685,heart_count,2317.0,"{""brand_eng"": ""NAUTICA"", ""brand_kor"": ""노티카"", ""brand_no"": 17425, ""category1"": ""남성의류"", ""category2"": ""상의"", ""category3"": ""스웨트셔츠"", ""category3_code"": 272103107, ""is_new"": false, ""item_no"": 2779685, ""period_sort"": ""ONE_DAY"", ""platform"": ""29cm"", ""ranking_category_code"": ""272103100"", ""ranking_category_name"": ""남성의류>상의"", ""review_avg"": 5.0, ""sale_percent"": 20, ""sale_price"": 71100, ""sold_out"": false, ""url"": ""https://product.29cm.co.kr/catalog/2779685""}",2026-10-03T13:00:06+00:00_f8e2270a
2026-10-03T22:00:06+09:00,2026-10-03T13:00:08+00:00,commerce_rank,83플래그 하프 집업 스웨트셔츠(기모)(4colors) NSW6036,29cm:2779685,review_count,191.0,"{""brand_eng"": ""NAUTICA"", ""brand_kor"": ""노티카"", ""brand_no"": 17425, ""category1"": ""남성의류"", ""category2"": ""상의"", ""category3"": ""스웨트셔츠"", ""category3_code"": 272103107, ""is_new"": false, ""item_no"": 2779685, ""period_sort"": ""ONE_DAY"", ""platform"": ""29cm"", ""ranking_category_code"": ""272103100"", ""ranking_category_name"": ""남성의류>상의"", ""review_avg"": 5.0, ""sale_percent"": 20, ""sale_price"": 71100, ""sold_out"": false, ""url"": ""https://product.29cm.co.kr/catalog/2779685""}",2026-10-03T13:00:06+00:00_f8e2270a
2026-10-03T22:00:06+09:00,2026-10-03T13:00:08+00:00,commerce_rank,83플래그 하프 집업 스웨트셔츠(기모)(4colors) NSW6036,29cm:2779685@272103100,rank,19.0,"{""brand_eng"": ""NAUTICA"", ""brand_kor"": ""노티카"", ""brand_no"": 17425, ""category1"": ""남성의류"", ""category2"": ""상의"", ""category3"": ""스웨트셔츠"", ""category3_code"": 272103107, ""is_new"": false, ""item_no"": 2779685, ""period_sort"": ""ONE_DAY"", ""platform"": ""29cm"", ""ranking_category_code"": ""272103100"", ""ranking_category_name"": ""남성의류>상의"", ""review_avg"": 5.0, ""sale_percent"": 20, ""sale_price"": 71100, ""sold_out"": false, ""url"": ""https://product.29cm.co.kr/catalog/2779685""}",2026-10-03T13:00:06+00:00_f8e2270a
2026-10-03T22:00:06+09:00,2026-10-03T13:00:06+00:00,commerce_rank,[28th][소진pick]Raglan sleeve t-shirt (melange gray),29cm:2792718,heart_count,5106.0,"{""brand_eng"": ""THE MITTEN"", ""brand_kor"": ""더미튼"", ""brand_no"": 25573, ""category1"": ""여성의류"", ""category2"": ""상의"", ""category3"": ""긴소매 티셔츠"", ""category3_code"": 268103102, ""is_new"": false, ""item_no"": 2792718, ""period_sort"": ""ONE_DAY"", ""platform"": ""29cm"", ""ranking_category_code"": ""268103100"", ""ranking_category_name"": ""여성의류>상의"", ""review_avg"": 5.0, ""sale_percent"": 23, ""sale_price"": 42080, ""sold_out"": false, ""url"": ""https://product.29cm.co.kr/catalog/2792718""}",2026-10-03T13:00:06+00:00_f8e2270a
2026-10-03T22:00:06+09:00,2026-10-03T13:00:06+00:00,commerce_rank,[28th][소진pick]Raglan sleeve t-shirt (melange gray),29cm:2792718,review_count,257.0,"{""brand_eng"": ""THE MITTEN"", ""brand_kor"": ""더미튼"", ""brand_no"": 25573, ""category1"": ""여성의류"", ""category2"": ""상의"", ""category3"": ""긴소매 티셔츠"", ""category3_code"": 268103102, ""is_new"": false, ""item_no"": 2792718, ""period_sort"": ""ONE_DAY"", ""platform"": ""29cm"", ""ranking_category_code"": ""268103100"", ""ranking_category_name"": ""여성의류>상의"", ""review_avg"": 5.0, ""sale_percent"": 23, ""sale_price"": 42080, ""sold_out"": false, ""url"": ""https://product.29cm.co.kr/catalog/2792718""}",2026-10-03T13:00:06+00:00_f8e2270a
2026-10-03T22:00:06+09:00,2026-10-03T13:00:06+00:00,commerce_rank,[28th][소진pick]Raglan sleeve t-shirt (melange gray),29cm:2792718@268103100,rank,38.0,"{""brand_eng"": ""THE MITTEN"", ""brand_kor"": ""더미튼"", ""brand_no"": 25573, ""category1"": ""여성의류"", ""category2"": ""상의"", ""category3"": ""긴소매 티셔츠"", ""category3_code"": 268103102, ""is_new"": false, ""item_no"": 2792718, ""period_sort"": ""ONE_DAY"", ""platform"": ""29cm"", ""ranking_category_code"": ""268103100"", ""ranking_category_name"": ""여성의류>상의"", ""review_avg"": 5.0, ""sale_percent"": 23, ""sale_price"": 42080, ""sold_out"": false, ""url"": ""https://product.29cm.co.kr/catalog/2792718""}",2026-10-03T13:00:06+00:00_f8e2270a
2026-10-03T22:00:06+09:00,2026-10-03T13:00:06+00:00,commerce_rank,[13차]Wool tencel round Tee (Ivory),29cm:2794388,heart_count,4669.0,"{""brand_eng"": ""NOEUD"", ""brand_kor"": ""노우드"", ""brand_no"": 22234, ""category1"": ""여성의류"", ""category2"": ""상의"", ""category3"": ""긴소매 티셔츠"", ""category3_code"": 268103102, ""is_new"": false, ""item_no"": 2794388, ""period_sort"": ""ONE_DAY"", ""platform"": ""29cm"", ""ranking_category_code"": ""268103100"", ""ranking_category_name"": ""여성의류>상의"", ""review_avg"": 5.0, ""sale_percent"": 20, ""sale_price"": 33600, ""sold_out"": false, ""url"": ""https://product.29cm.co.kr/catalog/2794388""}",2026-10-03T13:00:06+00:00_f8e2270a
2026-10-03T22:00:06+09:00,2026-10-03T13:00:06+00:00,commerce_rank,[13차]Wool tencel round Tee (Ivory),29cm:2794388,review_count,477.0,"{""brand_eng"": ""NOEUD"", ""brand_kor"": ""노우드"", ""brand_no"": 22234, ""category1"": ""여성의류"", ""category2"": ""상의"", ""category3"": ""긴소매 티셔츠"", ""category3_code"": 268103102, ""is_new"": false, ""item_no"": 2794388, ""period_sort"": ""ONE_DAY"", ""platform"": ""29cm"", ""ranking_category_code"": ""268103100"", ""ranking_category_name"": ""여성의류>상의"", ""review_avg"": 5.0, ""sale_percent"": 20, ""sale_price"": 33600, ""sold_out"": false, ""url"": ""https://product.29cm.co.kr/catalog/2794388""}",2026-10-03T13:00:06+00:00_f8e2270a
2026-10-03T22:00:06+09:00,2026-10-03T13:00:06+00:00,commerce_rank,[13차]Wool tencel round Tee (Ivory),29cm:2794388@268103100,rank,42.0,"{""brand_eng"": ""NOEUD"", ""brand_kor"": ""노우드"", ""brand_no"": 22234, ""category1"": ""여성의류"", ""category2"": ""상의"", ""category3"": ""긴소매 티셔츠"", ""category3_code"": 268103102, ""is_new"": false, ""item_no"": 2794388, ""period_sort"": ""ONE_DAY"", ""platform"": ""29cm"", ""ranking_category_code"": ""268103100"", ""ranking_category_name"": ""여성의류>상의"", ""review_avg"": 5.0, ""sale_percent"": 20, ""sale_price"": 33600, ""sold_out"": false, ""url"": ""https://product.29cm.co.kr/catalog/2794388""}",2026-10-03T13:00:06+00:00_f8e2270a
2026-10-03T22:00:06+09:00,2026-10-03T13:00:06+00:00,commerce_rank,LOND2 WAIST TUCK BLOUSE (Z-BL-4287),29cm:2809438,heart_count,41472.0,"{""brand_eng"": ""ATELIER NAIN"", ""brand_kor"": ""아틀리에 나인"", ""brand_no"": 27282, ""category1"": ""여성의류"", ""category2"": ""상의"", ""category3"": ""블라우스"", ""category3_code"": 268103107, ""is_new"": false, ""item_no"": 2809438, ""period_sort"": ""ONE_DAY"", ""platform"": ""29cm"", ""ranking_category_code"": ""268103100"", ""ranking_category_name"": ""여성의류>상의"", ""review_avg"": 4.5, ""sale_percent"": 32, ""sale_price"": 40120, ""sold_out"": false, ""url"": ""https://product.29cm.co.kr/catalog/2809438""}",2026-10-03T13:00:06+00:00_f8e2270a
2026-10-03T22:00:06+09:00,2026-10-03T13:00:06+00:00,commerce_rank,LOND2 WAIST TUCK BLOUSE (Z-BL-4287),29cm:2809438,review_count,691.0,"{""brand_eng"": ""ATELIER NAIN"", ""brand_kor"": ""아틀리에 나인"", ""brand_no"": 27282, ""category1"": ""여성의류"", ""category2"": ""상의"", ""category3"": ""블라우스"", ""category3_code"": 268103107, ""is_new"": false, ""item_no"": 2809438, ""period_sort"": ""ONE_DAY"", ""platform"": ""29cm"", ""ranking_category_code"": ""268103100"", ""ranking_category_name"": ""여성의류>상의"", ""review_avg"": 4.5, ""sale_percent"": 32, ""sale_price"": 40120, ""sold_out"": false, ""url"": ""https://product.29cm.co.kr/catalog/2809438""}",2026-10-03T13:00:06+00:00_f8e2270a
2026-10-03T22:00:06+09:00,2026-10-03T13:00:06+00:00,commerce_rank,LOND2 WAIST TUCK BLOUSE (Z-BL-4287),29cm:2809438@268103100,rank,28.0,"{""brand_eng"": ""ATELIER NAIN"", ""brand_kor"": ""아틀리에 나인"", ""brand_no"": 27282, ""category1"": ""여성의류"", ""category2"": ""상의"", ""category3"": ""블라우스"", ""category3_code"": 268103107, ""is_new"": false, ""item_no"": 2809438, ""period_sort"": ""ONE_DAY"", ""platform"": ""29cm"", ""ranking_category_code"": ""268103100"", ""ranking_category_name"": ""여성의류>상의"", ""review_avg"": 4.5, ""sale_percent"": 32, ""sale_price"": 40120, ""sold_out"": false, ""url"": ""https://product.29cm.co.kr/catalog/2809438""}",2026-10-03T13:00:06+00:00_f8e2270a
2026-10-03T22:00:06+09:00,2026-10-03T13:00:08+00:00,commerce_rank,[스페셜오더] SWEAT SHIRT (5 COLOR),29cm:2816996,heart_count,1904.0,"{""brand_eng"": ""EASTLOGUE PERMANENT"", ""brand_kor"": ""이스트로그 퍼머넌트"", ""brand_no"": 9323, ""category1"": ""남성의류"", ""category2"": ""상의"", ""category3"": ""스웨트셔츠"", ""category3_code"": 272103107, ""is_new"": false, ""item_no"": 2816996, ""period_sort"": ""ONE_DAY"", ""platform"": ""29cm"", ""ranking_category_code"": ""272103100"", ""ranking_category_name"": ""남성의류>상의"", ""review_avg"": 5.0, ""sale_percent"": 24, ""sale_price"": 82620, ""sold_out"": false, ""url"": ""https://product.29cm.co.kr/catalog/2816996""}",2026-10-03T13:00:06+00:00_f8e2270a
2026-10-03T22:00:06+09:00,2026-10-03T13:00:08+00:00,commerce_rank,[스페셜오더] SWEAT SHIRT (5 COLOR),29cm:2816996,review_count,471.0,"{""brand_eng"": ""EASTLOGUE PERMANENT"", ""brand_kor"": ""이스트로그 퍼머넌트"", ""brand_no"": 9323, ""category1"": ""남성의류"", ""category2"": ""상의"", ""category3"": ""스웨트셔츠"", ""category3_code"": 272103107, ""is_new"": false, ""item_no"": 2816996, ""period_sort"": ""ONE_DAY"", ""platform"": ""29cm"", ""ranking_category_code"": ""272103100"", ""ranking_category_name"": ""남성의류>상의"", ""review_avg"": 5.0, ""sale_percent"": 24, ""sale_price"": 82620, ""sold_out"": false, ""url"": ""https://product.29cm.co.kr/catalog/2816996""}",2026-10-03T13:00:06+00:00_f8e2270a
2026-10-03T22:00:06+09:00,2026-10-03T13:00:08+00:00,commerce_rank,[스페셜오더] SWEAT SHIRT (5 COLOR),29cm:2816996@272103100,rank,17.0,"{""brand_eng"": ""EASTLOGUE PERMANENT"", ""brand_kor"": ""이스트로그 퍼머넌트"", ""brand_no"": 9323, ""category1"": ""남성의류"", ""category2"": ""상의"", ""category3"": ""스웨트셔츠"", ""category3_code"": 272103107, ""is_new"": false, ""item_no"": 2816996, ""period_sort"": ""ONE_DAY"", ""platform"": ""29cm"", ""ranking_category_code"": ""272103100"", ""ranking_category_name"": ""남성의류>상의"", ""review_avg"": 5.0, ""sale_percent"": 24, ""sale_price"": 82620, ""sold_out"": false, ""url"": ""https://product.29cm.co.kr/catalog/2816996""}",2026-10-03T13:00:06+00:00_f8e2270a
2026-10-03T22:00:06+09:00,2026-10-03T13:00:08+00:00,commerce_rank,스몰 스크립트 로고 크루넥 스웨트셔츠 Normal Grey,29cm:2824024,heart_count,828.0,"{""brand_eng"": ""CHAMPION"", ""brand_kor"": ""챔피온"", ""brand_no"": 71185, ""category1"": ""남성의류"", ""category2"": ""상의"", ""category3"": ""스웨트셔츠"", ""category3_code"": 272103107, ""is_new"": false, ""item_no"": 2824024, ""period_sort"": ""ONE_DAY"", ""platform"": ""29cm"", ""ranking_category_code"": ""272103100"", ""ranking_category_name"": ""남성의류>상의"", ""review_avg"": 5.0, ""sale_percent"": 45, ""sale_price"": 32400, ""sold_out"": false, ""url"": ""https://product.29cm.co.kr/catalog/2824024""}",2026-10-03T13:00:06+00:00_f8e2270a
2026-10-03T22:00:06+09:00,2026-10-03T13:00:08+00:00,commerce_rank,스몰 스크립트 로고 크루넥 스웨트셔츠 Normal Grey,29cm:2824024,review_count,26.0,"{""brand_eng"": ""CHAMPION"", ""brand_kor"": ""챔피온"", ""brand_no"": 71185, ""category1"": ""남성의류"", ""category2"": ""상의"", ""category3"": ""스웨트셔츠"", ""category3_code"": 272103107, ""is_new"": false, ""item_no"": 2824024, ""period_sort"": ""ONE_DAY"", ""platform"": ""29cm"", ""ranking_category_code"": ""272103100"", ""ranking_category_name"": ""남성의류>상의"", ""review_avg"": 5.0, ""sale_percent"": 45, ""sale_price"": 32400, ""sold_out"": false, ""url"": ""https://product.29cm.co.kr/catalog/2824024""}",2026-10-03T13:00:06+00:00_f8e2270a
2026-10-03T22:00:06+09:00,2026-10-03T13:00:08+00:00,commerce_rank,스몰 스크립트 로고 크루넥 스웨트셔츠 Normal Grey,29cm:2824024@272103100,rank,95.0,"{""brand_eng"": ""CHAMPION"", ""brand_kor"": ""챔피온"", ""brand_no"": 71185, ""category1"": ""남성의류"", ""category2"": ""상의"", ""category3"": ""스웨트셔츠"", ""category3_code"": 272103107, ""is_new"": false, ""item_no"": 2824024, ""period_sort"": ""ONE_DAY"", ""platform"": ""29cm"", ""ranking_category_code"": ""272103100"", ""ranking_category_name"": ""남성의류>상의"", ""review_avg"": 5.0, ""sale_percent"": 45, ""sale_price"": 32400, ""sold_out"": false, ""url"": ""https://product.29cm.co.kr/catalog/2824024""}",2026-10-03T13:00:06+00:00_f8e2270a
2026-10-03T22:00:06+09:00,2026-10-03T13:00:08+00:00,commerce_rank,스몰 스크립트 로고 크루넥 스웨트셔츠 Black,29cm:2824036,heart_count,146.0,"{""brand_eng"": ""CHAMPION"", ""brand_kor"": ""챔피온"", ""brand_no"": 71185, ""category1"": ""남성의류"", ""category2"": ""상의"", ""category3"": ""스웨트셔츠"", ""category3_code"": 272103107, ""is_new"": false, ""item_no"": 2824036, ""period_sort"": ""ONE_DAY"", ""platform"": ""29cm"", ""ranking_category_code"": ""272103100"", ""ranking_category_name"": ""남성의류>상의"", ""review_avg"": 5.0, ""sale_percent"": 45, ""sale_price"": 32400, ""sold_out"": false, ""url"": ""https://product.29cm.co.kr/catalog/2824036""}",2026-10-03T13:00:06+00:00_f8e2270a
2026-10-03T22:00:06+09:00,2026-10-03T13:00:08+00:00,commerce_rank,스몰 스크립트 로고 크루넥 스웨트셔츠 Black,29cm:2824036,review_count,19.0,"{""brand_eng"": ""CHAMPION"", ""brand_kor"": ""챔피온"", ""brand_no"": 71185, ""category1"": ""남성의류"", ""category2"": ""상의"", ""category3"": ""스웨트셔츠"", ""category3_code"": 272103107, ""is_new"": false, ""item_no"": 2824036, ""period_sort"": ""ONE_DAY"", ""platform"": ""29cm"", ""ranking_category_code"": ""272103100"", ""ranking_category_name"": ""남성의류>상의"", ""review_avg"": 5.0, ""sale_percent"": 45, ""sale_price"": 32400, ""sold_out"": false, ""url"": ""https://product.29cm.co.kr/catalog/2824036""}",2026-10-03T13:00:06+00:00_f8e2270a
2026-10-03T22:00:06+09:00,2026-10-03T13:00:08+00:00,commerce_rank,스몰 스크립트 로고 크루넥 스웨트셔츠 Black,29cm:2824036@272103100,rank,99.0,"{""brand_eng"": ""CHAMPION"", ""brand_kor"": ""챔피온"", ""brand_no"": 71185, ""category1"": ""남성의류"", ""category2"": ""상의"", ""category3"": ""스웨트셔츠"", ""category3_code"": 272103107, ""is_new"": false, ""item_no"": 2824036, ""period_sort"": ""ONE_DAY"", ""platform"": ""29cm"", ""ranking_category_code"": ""272103100"", ""ranking_category_name"": ""남성의류>상의"", ""review_avg"": 5.0, ""sale_percent"": 45, ""sale_price"": 32400, ""sold_out"": false, ""url"": ""https://product.29cm.co.kr/catalog/2824036""}",2026-10-03T13:00:06+00:00_f8e2270a
2026-10-03T22:00:06+09:00,2026-10-03T13:00:08+00:00,commerce_rank,CCC FLANNEL SHIRTS [Buffalo Ivory],29cm:2831329,heart_count,43.0,"{""brand_eng"": ""VDR"", ""brand_kor"": ""비디알"", ""brand_no"": 4606, ""category1"": ""남성의류"", ""category2"": ""상의"", ""category3"": ""긴소매 셔츠"", ""category3_code"": 272103106, ""is_new"": false, ""item_no"": 2831329, ""period_sort"": ""ONE_DAY"", ""platform"": ""29cm"", ""ranking_category_code"": ""272103100"", ""ranking_category_name"": ""남성의류>상의"", ""review_avg"": 5.0, ""sale_percent"": 10, ""sale_price"": 179100, ""sold_out"": false, ""url"": ""https://product.29cm.co.kr/catalog/2831329""}",2026-10-03T13:00:06+00:00_f8e2270a
2026-10-03T22:00:06+09:00,2026-10-03T13:00:08+00:00,commerce_rank,CCC FLANNEL SHIRTS [Buffalo Ivory],29cm:2831329,review_count,3.0,"{""brand_eng"": ""VDR"", ""brand_kor"": ""비디알"", ""brand_no"": 4606, ""category1"": ""남성의류"", ""category2"": ""상의"", ""category3"": ""긴소매 셔츠"", ""category3_code"": 272103106, ""is_new"": false, ""item_no"": 2831329, ""period_sort"": ""ONE_DAY"", ""platform"": ""29cm"", ""ranking_category_code"": ""272103100"", ""ranking_category_name"": ""남성의류>상의"", ""review_avg"": 5.0, ""sale_percent"": 10, ""sale_price"": 179100, ""sold_out"": false, ""url"": ""https://product.29cm.co.kr/catalog/2831329""}",2026-10-03T13:00:06+00:00_f8e2270a
2026-10-03T22:00:06+09:00,2026-10-03T13:00:08+00:00,commerce_rank,CCC FLANNEL SHIRTS [Buffalo Ivory],29cm:2831329@272103100,rank,59.0,"{""brand_eng"": ""VDR"", ""brand_kor"": ""비디알"", ""brand_no"": 4606, ""category1"": ""남성의류"", ""category2"": ""상의"", ""category3"": ""긴소매 셔츠"", ""category3_code"": 272103106, ""is_new"": false, ""item_no"": 2831329, ""period_sort"": ""ONE_DAY"", ""platform"": ""29cm"", ""ranking_category_code"": ""272103100"", ""ranking_category_name"": ""남성의류>상의"", ""review_avg"": 5.0, ""sale_percent"": 10, ""sale_price"": 179100, ""sold_out"": false, ""url"": ""https://product.29cm.co.kr/catalog/2831329""}",2026-10-03T13:00:06+00:00_f8e2270a
2026-10-03T22:00:06+09:00,2026-10-03T13:00:08+00:00,commerce_rank,로고 타이포 그래픽 맨투맨 블루,29cm:2844829,heart_count,11.0,"{""brand_eng"": ""Wacky Willy"", ""brand_kor"": ""와키윌리"", ""brand_no"": 15237, ""category1"": ""남성의류"", ""category2"": ""상의"", ""category3"": ""스웨트셔츠"", ""category3_code"": 272103107, ""is_new"": false, ""item_no"": 2844829, ""period_sort"": ""ONE_DAY"", ""platform"": ""29cm"", ""ranking_category_code"": ""272103100"", ""ranking_category_name"": ""남성의류>상의"", ""review_avg"": 5.0, ""sale_percent"": 67, ""sale_price"": 26100, ""sold_out"": false, ""url"": ""https://product.29cm.co.kr/catalog/2844829""}",2026-10-03T13:00:06+00:00_f8e2270a
2026-10-03T22:00:06+09:00,2026-10-03T13:00:08+00:00,commerce_rank,로고 타이포 그래픽 맨투맨 블루,29cm:2844829,review_count,1.0,"{""brand_eng"": ""Wacky Willy"", ""brand_kor"": ""와키윌리"", ""brand_no"": 15237, ""category1"": ""남성의류"", ""category2"": ""상의"", ""category3"": ""스웨트셔츠"", ""category3_code"": 272103107, ""is_new"": false, ""item_no"": 2844829, ""period_sort"": ""ONE_DAY"", ""platform"": ""29cm"", ""ranking_category_code"": ""272103100"", ""ranking_category_name"": ""남성의류>상의"", ""review_avg"": 5.0, ""sale_percent"": 67, ""sale_price"": 26100, ""sold_out"": false, ""url"": ""https://product.29cm.co.kr/catalog/2844829""}",2026-10-03T13:00:06+00:00_f8e2270a
2026-10-03T22:00:06+09:00,2026-10-03T13:00:08+00:00,commerce_rank,로고 타이포 그래픽 맨투맨 블루,29cm:2844829@272103100,rank,5.0,"{""brand_eng"": ""Wacky Willy"", ""brand_kor"": ""와키윌리"", ""brand_no"": 15237, ""category1"": ""남성의류"", ""category2"": ""상의"", ""category3"": ""스웨트셔츠"", ""category3_code"": 272103107, ""is_new"": false, ""item_no"": 2844829, ""period_sort"": ""ONE_DAY"", ""platform"": ""29cm"", ""ranking_category_code"": ""272103100"", ""ranking_category_name"": ""남성의류>상의"", ""review_avg"": 5.0, ""sale_percent"": 67, ""sale_price"": 26100, ""sold_out"": false, ""url"": ""https://product.29cm.co.kr/catalog/2844829""}",2026-10-03T13:00:06+00:00_f8e2270a
2026-10-03T22:00:06+09:00,2026-10-03T13:00:06+00:00,commerce_rank,a haag half zip-up (grey),29cm:2883822,heart_count,14935.0,"{""brand_eng"": ""HAAG"", ""brand_kor"": ""헤이그"", ""brand_no"": 19972, ""category1"": ""여성의류"", ""category2"": ""상의"", ""category3"": ""스웨트셔츠"", ""category3_code"": 268103104, ""is_new"": false, ""item_no"": 2883822, ""period_sort"": ""ONE_DAY"", ""platform"": ""29cm"", ""ranking_category_code"": ""268103100"", ""ranking_category_name"": ""여성의류>상의"", ""review_avg"": 5.0, ""sale_percent"": 5, ""sale_price"": 112100, ""sold_out"": false, ""url"": ""https://product.29cm.co.kr/catalog/2883822""}",2026-10-03T13:00:06+00:00_f8e2270a
2026-10-03T22:00:06+09:00,2026-10-03T13:00:06+00:00,commerce_rank,a haag half zip-up (grey),29cm:2883822,review_count,833.0,"{""brand_eng"": ""HAAG"", ""brand_kor"": ""헤이그"", ""brand_no"": 19972, ""category1"": ""여성의류"", ""category2"": ""상의"", ""category3"": ""스웨트셔츠"", ""category3_code"": 268103104, ""is_new"": false, ""item_no"": 2883822, ""period_sort"": ""ONE_DAY"", ""platform"": ""29cm"", ""ranking_category_code"": ""268103100"", ""ranking_category_name"": ""여성의류>상의"", ""review_avg"": 5.0, ""sale_percent"": 5, ""sale_price"": 112100, ""sold_out"": false, ""url"": ""https://product.29cm.co.kr/catalog/2883822""}",2026-10-03T13:00:06+00:00_f8e2270a
2026-10-03T22:00:06+09:00,2026-10-03T13:00:06+00:00,commerce_rank,a haag half zip-up (grey),29cm:2883822@268103100,rank,88.0,"{""brand_eng"": ""HAAG"", ""brand_kor"": ""헤이그"", ""brand_no"": 19972, ""category1"": ""여성의류"", ""category2"": ""상의"", ""category3"": ""스웨트셔츠"", ""category3_code"": 268103104, ""is_new"": false, ""item_no"": 2883822, ""period_sort"": ""ONE_DAY"", ""platform"": ""29cm"", ""ranking_category_code"": ""268103100"", ""ranking_category_name"": ""여성의류>상의"", ""review_avg"": 5.0, ""sale_percent"": 5, ""sale_price"": 112100, ""sold_out"": false, ""url"": ""https://product.29cm.co.kr/catalog/2883822""}",2026-10-03T13:00:06+00:00_f8e2270a
2026-10-03T22:00:06+09:00,2026-10-03T13:00:08+00:00,commerce_rank,원포인트 그래픽 후드 블루,29cm:2970257,heart_count,2.0,"{""brand_eng"": ""Wacky Willy"", ""brand_kor"": ""와키윌리"", ""brand_no"": 15237, ""category1"": ""남성의류"", ""category2"": ""상의"", ""category3"": ""후디"", ""category3_code"": 272103108, ""is_new"": false, ""item_no"": 2970257, ""period_sort"": ""ONE_DAY"", ""platform"": ""29cm"", ""ranking_category_code"": ""272103100"", ""ranking_category_name"": ""남성의류>상의"", ""review_avg"": 0.0, ""sale_percent"": 74, ""sale_price"": 26100, ""sold_out"": true, ""url"": ""https://product.29cm.co.kr/catalog/2970257""}",2026-10-03T13:00:06+00:00_f8e2270a
2026-10-03T22:00:06+09:00,2026-10-03T13:00:08+00:00,commerce_rank,원포인트 그래픽 후드 블루,29cm:2970257,review_count,0.0,"{""brand_eng"": ""Wacky Willy"", ""brand_kor"": ""와키윌리"", ""brand_no"": 15237, ""category1"": ""남성의류"", ""category2"": ""상의"", ""category3"": ""후디"", ""category3_code"": 272103108, ""is_new"": false, ""item_no"": 2970257, ""period_sort"": ""ONE_DAY"", ""platform"": ""29cm"", ""ranking_category_code"": ""272103100"", ""ranking_category_name"": ""남성의류>상의"", ""review_avg"": 0.0, ""sale_percent"": 74, ""sale_price"": 26100, ""sold_out"": true, ""url"": ""https://product.29cm.co.kr/catalog/2970257""}",2026-10-03T13:00:06+00:00_f8e2270a
2026-10-03T22:00:06+09:00,2026-10-03T13:00:08+00:00,commerce_rank,원포인트 그래픽 후드 블루,29cm:2970257@272103100,rank,2.0,"{""brand_eng"": ""Wacky Willy"", ""brand_kor"": ""와키윌리"", ""brand_no"": 15237, ""category1"": ""남성의류"", ""category2"": ""상의"", ""category3"": ""후디"", ""category3_code"": 272103108, ""is_new"": false, ""item_no"": 2970257, ""period_sort"": ""ONE_DAY"", ""platform"": ""29cm"", ""ranking_category_code"": ""272103100"", ""ranking_category_name"": ""남성의류>상의"", ""review_avg"": 0.0, ""sale_percent"": 74, ""sale_price"": 26100, ""sold_out"": true, ""url"": ""https://product.29cm.co.kr/catalog/2970257""}",2026-10-03T13:00:06+00:00_f8e2270a
2026-10-03T22:00:06+09:00,2026-10-03T13:00:08+00:00,commerce_rank,원포인트 그래픽 후드 크림,29cm:2970258,heart_count,14.0,"{""brand_eng"": ""Wacky Willy"", ""brand_kor"": ""와키윌리"", ""brand_no"": 15237, ""category1"": ""남성의류"", ""category2"": ""상의"", ""category3"": ""후디"", ""category3_code"": 272103108, ""is_new"": false, ""item_no"": 2970258, ""period_sort"": ""ONE_DAY"", ""platform"": ""29cm"", ""ranking_category_code"": ""272103100"", ""ranking_category_name"": ""남성의류>상의"", ""review_avg"": 0.0, ""sale_percent"": 74, ""sale_price"": 26100, ""sold_out"": true, ""url"": ""https://product.29cm.co.kr/catalog/2970258""}",2026-10-03T13:00:06+00:00_f8e2270a
2026-10-03T22:00:06+09:00,2026-10-03T13:00:08+00:00,commerce_rank,원포인트 그래픽 후드 크림,29cm:2970258,review_count,0.0,"{""brand_eng"": ""Wacky Willy"", ""brand_kor"": ""와키윌리"", ""brand_no"": 15237, ""category1"": ""남성의류"", ""category2"": ""상의"", ""category3"": ""후디"", ""category3_code"": 272103108, ""is_new"": false, ""item_no"": 2970258, ""period_sort"": ""ONE_DAY"", ""platform"": ""29cm"", ""ranking_category_code"": ""272103100"", ""ranking_category_name"": ""남성의류>상의"", ""review_avg"": 0.0, ""sale_percent"": 74, ""sale_price"": 26100, ""sold_out"": true, ""url"": ""https://product.29cm.co.kr/catalog/2970258""}",2026-10-03T13:00:06+00:00_f8e2270a
2026-10-03T22:00:06+09:00,2026-10-03T13:00:08+00:00,commerce_rank,원포인트 그래픽 후드 크림,29cm:2970258@272103100,rank,13.0,"{""brand_eng"": ""Wacky Willy"", ""brand_kor"": ""와키윌리"", ""brand_no"": 15237, ""category1"": ""남성의류"", ""category2"": ""상의"", ""category3"": ""후디"", ""category3_code"": 272103108, ""is_new"": false, ""item_no"": 2970258, ""period_sort"": ""ONE_DAY"", ""platform"": ""29cm"", ""ranking_category_code"": ""272103100"", ""ranking_category_name"": ""남성의류>상의"", ""review_avg"": 0.0, ""sale_percent"": 74, ""sale_price"": 26100, ""sold_out"": true, ""url"": ""https://product.29cm.co.kr/catalog/2970258""}",2026-10-03T13:00:06+00:00_f8e2270a
2026-10-03T22:00:06+09:00,2026-10-03T13:00:08+00:00,commerce_rank,AUTHENTIC COMFORT SWEAT_BLACK,29cm:2981581,heart_count,232.0,"{""brand_eng"": ""OUTSTANDING"", ""brand_kor"": ""아웃스탠딩"", ""brand_no"": 1657, ""category1"": ""남성의류"", ""category2"": ""상의"", ""category3"": ""스웨트셔츠"", ""category3_code"": 272103107, ""is_new"": false, ""item_no"": 2981581, ""period_sort"": ""ONE_DAY"", ""platform"": ""29cm"", ""ranking_category_code"": ""272103100"", ""ranking_category_name"": ""남성의류>상의"", ""review_avg"": 5.0, ""sale_percent"": 10, ""sale_price"": 66600, ""sold_out"": false, ""url"": ""https://product.29cm.co.kr/catalog/2981581""}",2026-10-03T13:00:06+00:00_f8e2270a
2026-10-03T22:00:06+09:00,2026-10-03T13:00:08+00:00,commerce_rank,AUTHENTIC COMFORT SWEAT_BLACK,29cm:2981581,review_count,12.0,"{""brand_eng"": ""OUTSTANDING"", ""brand_kor"": ""아웃스탠딩"", ""brand_no"": 1657, ""category1"": ""남성의류"", ""category2"": ""상의"", ""category3"": ""스웨트셔츠"", ""category3_code"": 272103107, ""is_new"": false, ""item_no"": 2981581, ""period_sort"": ""ONE_DAY"", ""platform"": ""29cm"", ""ranking_category_code"": ""272103100"", ""ranking_category_name"": ""남성의류>상의"", ""review_avg"": 5.0, ""sale_percent"": 10, ""sale_price"": 66600, ""sold_out"": false, ""url"": ""https://product.29cm.co.kr/catalog/2981581""}",2026-10-03T13:00:06+00:00_f8e2270a
2026-10-03T22:00:06+09:00,2026-10-03T13:00:08+00:00,commerce_rank,AUTHENTIC COMFORT SWEAT_BLACK,29cm:2981581@272103100,rank,94.0,"{""brand_eng"": ""OUTSTANDING"", ""brand_kor"": ""아웃스탠딩"", ""brand_no"": 1657, ""category1"": ""남성의류"", ""category2"": ""상의"", ""category3"": ""스웨트셔츠"", ""category3_code"": 272103107, ""is_new"": false, ""item_no"": 2981581, ""period_sort"": ""ONE_DAY"", ""platform"": ""29cm"", ""ranking_category_code"": ""272103100"", ""ranking_category_name"": ""남성의류>상의"", ""review_avg"": 5.0, ""sale_percent"": 10, ""sale_price"": 66600, ""sold_out"": false, ""url"": ""https://product.29cm.co.kr/catalog/2981581""}",2026-10-03T13:00:06+00:00_f8e2270a
2026-10-03T22:00:06+09:00,2026-10-03T13:00:08+00:00,commerce_rank,Punisher Check Shirt (Ivory),29cm:3014354,heart_count,947.0,"{""brand_eng"": ""Fabregat"", ""brand_kor"": ""파브레가"", ""brand_no"": 16255, ""category1"": ""남성의류"", ""category2"": ""상의"", ""category3"": ""긴소매 셔츠"", ""category3_code"": 272103106, ""is_new"": false, ""item_no"": 3014354, ""period_sort"": ""ONE_DAY"", ""platform"": ""29cm"", ""ranking_category_code"": ""272103100"", ""ranking_category_name"": ""남성의류>상의"", ""review_avg"": 5.0, ""sale_percent"": 10, ""sale_price"": 69300, ""sold_out"": false, ""url"": ""https://product.29cm.co.kr/catalog/3014354""}",2026-10-03T13:00:06+00:00_f8e2270a
2026-10-03T22:00:06+09:00,2026-10-03T13:00:08+00:00,commerce_rank,Punisher Check Shirt (Ivory),29cm:3014354,review_count,44.0,"{""brand_eng"": ""Fabregat"", ""brand_kor"": ""파브레가"", ""brand_no"": 16255, ""category1"": ""남성의류"", ""category2"": ""상의"", ""category3"": ""긴소매 셔츠"", ""category3_code"": 272103106, ""is_new"": false, ""item_no"": 3014354, ""period_sort"": ""ONE_DAY"", ""platform"": ""29cm"", ""ranking_category_code"": ""272103100"", ""ranking_category_name"": ""남성의류>상의"", ""review_avg"": 5.0, ""sale_percent"": 10, ""sale_price"": 69300, ""sold_out"": false, ""url"": ""https://product.29cm.co.kr/catalog/3014354""}",2026-10-03T13:00:06+00:00_f8e2270a
2026-10-03T22:00:06+09:00,2026-10-03T13:00:08+00:00,commerce_rank,Punisher Check Shirt (Ivory),29cm:3014354@272103100,rank,65.0,"{""brand_eng"": ""Fabregat"", ""brand_kor"": ""파브레가"", ""brand_no"": 16255, ""category1"": ""남성의류"", ""category2"": ""상의"", ""category3"": ""긴소매 셔츠"", ""category3_code"": 272103106, ""is_new"": false, ""item_no"": 3014354, ""period_sort"": ""ONE_DAY"", ""platform"": ""29cm"", ""ranking_category_code"": ""272103100"", ""ranking_category_name"": ""남성의류>상의"", ""review_avg"": 5.0, ""sale_percent"": 10, ""sale_price"": 69300, ""sold_out"": false, ""url"": ""https://product.29cm.co.kr/catalog/3014354""}",2026-10-03T13:00:06+00:00_f8e2270a
2026-10-03T22:00:06+09:00,2026-10-03T13:00:06+00:00,commerce_rank,[29CM 단독/컬러추가] SIKN2136 클래식 스트라이프 카라 니트_Navy,29cm:3033257,heart_count,22447.0,"{""brand_eng"": ""Siyazu"", ""brand_kor"": ""시야쥬"", ""brand_no"": 10005, ""category1"": ""여성의류"", ""category2"": ""상의"", ""category3"": ""피케/카라 티셔츠"", ""category3_code"": 268103109, ""is_new"": false, ""item_no"": 3033257, ""period_sort"": ""ONE_DAY"", ""platform"": ""29cm"", ""ranking_category_code"": ""268103100"", ""ranking_category_name"": ""여성의류>상의"", ""review_avg"": 5.0, ""sale_percent"": 30, ""sale_price"": 68290, ""sold_out"": false, ""url"": ""https://product.29cm.co.kr/catalog/3033257""}",2026-10-03T13:00:06+00:00_f8e2270a
2026-10-03T22:00:06+09:00,2026-10-03T13:00:06+00:00,commerce_rank,[29CM 단독/컬러추가] SIKN2136 클래식 스트라이프 카라 니트_Navy,29cm:3033257,review_count,533.0,"{""brand_eng"": ""Siyazu"", ""brand_kor"": ""시야쥬"", ""brand_no"": 10005, ""category1"": ""여성의류"", ""category2"": ""상의"", ""category3"": ""피케/카라 티셔츠"", ""category3_code"": 268103109, ""is_new"": false, ""item_no"": 3033257, ""period_sort"": ""ONE_DAY"", ""platform"": ""29cm"", ""ranking_category_code"": ""268103100"", ""ranking_category_name"": ""여성의류>상의"", ""review_avg"": 5.0, ""sale_percent"": 30, ""sale_price"": 68290, ""sold_out"": false, ""url"": ""https://product.29cm.co.kr/catalog/3033257""}",2026-10-03T13:00:06+00:00_f8e2270a
2026-10-03T22:00:06+09:00,2026-10-03T13:00:06+00:00,commerce_rank,[29CM 단독/컬러추가] SIKN2136 클래식 스트라이프 카라 니트_Navy,29cm:3033257@268103100,rank,3.0,"{""brand_eng"": ""Siyazu"", ""brand_kor"": ""시야쥬"", ""brand_no"": 10005, ""category1"": ""여성의류"", ""category2"": ""상의"", ""category3"": ""피케/카라 티셔츠"", ""category3_code"": 268103109, ""is_new"": false, ""item_no"": 3033257, ""period_sort"": ""ONE_DAY"", ""platform"": ""29cm"", ""ranking_category_code"": ""268103100"", ""ranking_category_name"": ""여성의류>상의"", ""review_avg"": 5.0, ""sale_percent"": 30, ""sale_price"": 68290, ""sold_out"": false, ""url"": ""https://product.29cm.co.kr/catalog/3033257""}",2026-10-03T13:00:06+00:00_f8e2270a
2026-10-03T22:00:06+09:00,2026-10-03T13:00:06+00:00,commerce_rank,[11차] Draped tie blouse_brown,29cm:3079603,heart_count,45504.0,"{""brand_eng"": ""AARAN"", ""brand_kor"": ""어랜"", ""brand_no"": 25864, ""category1"": ""여성의류"", ""category2"": ""단독"", ""category3"": ""상의"", ""category3_code"": 268116101, ""is_new"": false, ""item_no"": 3079603, ""period_sort"": ""ONE_DAY"", ""platform"": ""29cm"", ""ranking_category_code"": ""268103100"", ""ranking_category_name"": ""여성의류>상의"", ""review_avg"": 4.5, ""sale_percent"": 10, ""sale_price"": 136800, ""sold_out"": false, ""url"": ""https://product.29cm.co.kr/catalog/3079603""}",2026-10-03T13:00:06+00:00_f8e2270a
2026-10-03T22:00:06+09:00,2026-10-03T13:00:06+00:00,commerce_rank,[11차] Draped tie blouse_brown,29cm:3079603,review_count,651.0,"{""brand_eng"": ""AARAN"", ""brand_kor"": ""어랜"", ""brand_no"": 25864, ""category1"": ""여성의류"", ""category2"": ""단독"", ""category3"": ""상의"", ""category3_code"": 268116101, ""is_new"": false, ""item_no"": 3079603, ""period_sort"": ""ONE_DAY"", ""platform"": ""29cm"", ""ranking_category_code"": ""268103100"", ""ranking_category_name"": ""여성의류>상의"", ""review_avg"": 4.5, ""sale_percent"": 10, ""sale_price"": 136800, ""sold_out"": false, ""url"": ""https://product.29cm.co.kr/catalog/3079603""}",2026-10-03T13:00:06+00:00_f8e2270a
2026-10-03T22:00:06+09:00,2026-10-03T13:00:06+00:00,commerce_rank,[11차] Draped tie blouse_brown,29cm:3079603@268103100,rank,13.0,"{""brand_eng"": ""AARAN"", ""brand_kor"": ""어랜"", ""brand_no"": 25864, ""category1"": ""여성의류"", ""category2"": ""단독"", ""category3"": ""상의"", ""category3_code"": 268116101, ""is_new"": false, ""item_no"": 3079603, ""period_sort"": ""ONE_DAY"", ""platform"": ""29cm"", ""ranking_category_code"": ""268103100"", ""ranking_category_name"": ""여성의류>상의"", ""review_avg"": 4.5, ""sale_percent"": 10, ""sale_price"": 136800, ""sold_out"": false, ""url"": ""https://product.29cm.co.kr/catalog/3079603""}",2026-10-03T13:00:06+00:00_f8e2270a
2026-10-03T22:00:06+09:00,2026-10-03T13:00:08+00:00,commerce_rank,[2PACK] 오리지널 16수 무지 반팔티 5종 OGST1900,29cm:3195180,heart_count,241.0,"{""brand_eng"": ""FP142"", ""brand_kor"": ""페플"", ""brand_no"": 11289, ""category1"": ""남성의류"", ""category2"": ""상의"", ""category3"": ""반소매 티셔츠"", ""category3_code"": 272103101, ""is_new"": false, ""item_no"": 3195180, ""period_sort"": ""ONE_DAY"", ""platform"": ""29cm"", ""ranking_category_code"": ""272103100"", ""ranking_category_name"": ""남성의류>상의"", ""review_avg"": 4.5, ""sale_percent"": 35, ""sale_price"": 33900, ""sold_out"": false, ""url"": ""https://product.29cm.co.kr/catalog/3195180""}",2026-10-03T13:00:06+00:00_f8e2270a
2026-10-03T22:00:06+09:00,2026-10-03T13:00:08+00:00,commerce_rank,[2PACK] 오리지널 16수 무지 반팔티 5종 OGST1900,29cm:3195180,review_count,42.0,"{""brand_eng"": ""FP142"", ""brand_kor"": ""페플"", ""brand_no"": 11289, ""category1"": ""남성의류"", ""category2"": ""상의"", ""category3"": ""반소매 티셔츠"", ""category3_code"": 272103101, ""is_new"": false, ""item_no"": 3195180, ""period_sort"": ""ONE_DAY"", ""platform"": ""29cm"", ""ranking_category_code"": ""272103100"", ""ranking_category_name"": ""남성의류>상의"", ""review_avg"": 4.5, ""sale_percent"": 35, ""sale_price"": 33900, ""sold_out"": false, ""url"": ""https://product.29cm.co.kr/catalog/3195180""}",2026-10-03T13:00:06+00:00_f8e2270a
2026-10-03T22:00:06+09:00,2026-10-03T13:00:08+00:00,commerce_rank,[2PACK] 오리지널 16수 무지 반팔티 5종 OGST1900,29cm:3195180@272103100,rank,64.0,"{""brand_eng"": ""FP142"", ""brand_kor"": ""페플"", ""brand_no"": 11289, ""category1"": ""남성의류"", ""category2"": ""상의"", ""category3"": ""반소매 티셔츠"", ""category3_code"": 272103101, ""is_new"": false, ""item_no"": 3195180, ""period_sort"": ""ONE_DAY"", ""platform"": ""29cm"", ""ranking_category_code"": ""272103100"", ""ranking_category_name"": ""남성의류>상의"", ""review_avg"": 4.5, ""sale_percent"": 35, ""sale_price"": 33900, ""sold_out"": false, ""url"": ""https://product.29cm.co.kr/catalog/3195180""}",2026-10-03T13:00:06+00:00_f8e2270a
2026-10-03T22:00:06+09:00,2026-10-03T13:00:08+00:00,commerce_rank,UNISEX HEART MESSAGE T-SHIRT atb1251u(ECRU),29cm:3226602,heart_count,16752.0,"{""brand_eng"": ""ADSB ANDERSSON BELL"", ""brand_kor"": ""앤더슨벨"", ""brand_no"": 1556, ""category1"": ""남성의류"", ""category2"": ""상의"", ""category3"": ""반소매 티셔츠"", ""category3_code"": 272103101, ""is_new"": false, ""item_no"": 3226602, ""period_sort"": ""ONE_DAY"", ""platform"": ""29cm"", ""ranking_category_code"": ""272103100"", ""ranking_category_name"": ""남성의류>상의"", ""review_avg"": 5.0, ""sale_percent"": 5, ""sale_price"": 69350, ""sold_out"": false, ""url"": ""https://product.29cm.co.kr/catalog/3226602""}",2026-10-03T13:00:06+00:00_f8e2270a
2026-10-03T22:00:06+09:00,2026-10-03T13:00:08+00:00,commerce_rank,UNISEX HEART MESSAGE T-SHIRT atb1251u(ECRU),29cm:3226602,review_count,312.0,"{""brand_eng"": ""ADSB ANDERSSON BELL"", ""brand_kor"": ""앤더슨벨"", ""brand_no"": 1556, ""category1"": ""남성의류"", ""category2"": ""상의"", ""category3"": ""반소매 티셔츠"", ""category3_code"": 272103101, ""is_new"": false, ""item_no"": 3226602, ""period_sort"": ""ONE_DAY"", ""platform"": ""29cm"", ""ranking_category_code"": ""272103100"", ""ranking_category_name"": ""남성의류>상의"", ""review_avg"": 5.0, ""sale_percent"": 5, ""sale_price"": 69350, ""sold_out"": false, ""url"": ""https://product.29cm.co.kr/catalog/3226602""}",2026-10-03T13:00:06+00:00_f8e2270a
2026-10-03T22:00:06+09:00,2026-10-03T13:00:08+00:00,commerce_rank,UNISEX HEART MESSAGE T-SHIRT atb1251u(ECRU),29cm:3226602@272103100,rank,42.0,"{""brand_eng"": ""ADSB ANDERSSON BELL"", ""brand_kor"": ""앤더슨벨"", ""brand_no"": 1556, ""category1"": ""남성의류"", ""category2"": ""상의"", ""category3"": ""반소매 티셔츠"", ""category3_code"": 272103101, ""is_new"": false, ""item_no"": 3226602, ""period_sort"": ""ONE_DAY"", ""platform"": ""29cm"", ""ranking_category_code"": ""272103100"", ""ranking_category_name"": ""남성의류>상의"", ""review_avg"": 5.0, ""sale_percent"": 5, ""sale_price"": 69350, ""sold_out"": false, ""url"": ""https://product.29cm.co.kr/catalog/3226602""}",2026-10-03T13:00:06+00:00_f8e2270a
2026-10-03T22:00:06+09:00,2026-10-03T13:00:08+00:00,commerce_rank,쿨 코튼 2-PACK 티셔츠 블랙,29cm:3273363,heart_count,338.0,"{""brand_eng"": ""COVERNAT"", ""brand_kor"": ""커버낫"", ""brand_no"": 15404, ""category1"": ""남성의류"", ""category2"": ""상의"", ""category3"": ""반소매 티셔츠"", ""category3_code"": 272103101, ""is_new"": false, ""item_no"": 3273363, ""period_sort"": ""ONE_DAY"", ""platform"": ""29cm"", ""ranking_category_code"": ""272103100"", ""ranking_category_name"": ""남성의류>상의"", ""review_avg"": 5.0, ""sale_percent"": 25, ""sale_price"": 36750, ""sold_out"": false, ""url"": ""https://product.29cm.co.kr/catalog/3273363""}",2026-10-03T13:00:06+00:00_f8e2270a
2026-10-03T22:00:06+09:00,2026-10-03T13:00:08+00:00,commerce_rank,쿨 코튼 2-PACK 티셔츠 블랙,29cm:3273363,review_count,44.0,"{""brand_eng"": ""COVERNAT"", ""brand_kor"": ""커버낫"", ""brand_no"": 15404, ""category1"": ""남성의류"", ""category2"": ""상의"", ""category3"": ""반소매 티셔츠"", ""category3_code"": 272103101, ""is_new"": false, ""item_no"": 3273363, ""period_sort"": ""ONE_DAY"", ""platform"": ""29cm"", ""ranking_category_code"": ""272103100"", ""ranking_category_name"": ""남성의류>상의"", ""review_avg"": 5.0, ""sale_percent"": 25, ""sale_price"": 36750, ""sold_out"": false, ""url"": ""https://product.29cm.co.kr/catalog/3273363""}",2026-10-03T13:00:06+00:00_f8e2270a
2026-10-03T22:00:06+09:00,2026-10-03T13:00:08+00:00,commerce_rank,쿨 코튼 2-PACK 티셔츠 블랙,29cm:3273363@272103100,rank,43.0,"{""brand_eng"": ""COVERNAT"", ""brand_kor"": ""커버낫"", ""brand_no"": 15404, ""category1"": ""남성의류"", ""category2"": ""상의"", ""category3"": ""반소매 티셔츠"", ""category3_code"": 272103101, ""is_new"": false, ""item_no"": 3273363, ""period_sort"": ""ONE_DAY"", ""platform"": ""29cm"", ""ranking_category_code"": ""272103100"", ""ranking_category_name"": ""남성의류>상의"", ""review_avg"": 5.0, ""sale_percent"": 25, ""sale_price"": 36750, ""sold_out"": false, ""url"": ""https://product.29cm.co.kr/catalog/3273363""}",2026-10-03T13:00:06+00:00_f8e2270a
2026-10-03T22:00:06+09:00,2026-10-03T13:00:08+00:00,commerce_rank,Tompkins Loopwheeled Tubular Tee 4 Color,29cm:3354267,heart_count,5289.0,"{""brand_eng"": ""BRONSON"", ""brand_kor"": ""브론슨"", ""brand_no"": 89408, ""category1"": ""여성의류"", ""category2"": ""상의"", ""category3"": ""반소매 티셔츠"", ""category3_code"": 268103101, ""is_new"": false, ""item_no"": 3354267, ""period_sort"": ""ONE_DAY"", ""platform"": ""29cm"", ""ranking_category_code"": ""272103100"", ""ranking_category_name"": ""남성의류>상의"", ""review_avg"": 5.0, ""sale_percent"": 10, ""sale_price"": 40500, ""sold_out"": false, ""url"": ""https://product.29cm.co.kr/catalog/3354267""}",2026-10-03T13:00:06+00:00_f8e2270a
2026-10-03T22:00:06+09:00,2026-10-03T13:00:08+00:00,commerce_rank,Tompkins Loopwheeled Tubular Tee 4 Color,29cm:3354267,review_count,852.0,"{""brand_eng"": ""BRONSON"", ""brand_kor"": ""브론슨"", ""brand_no"": 89408, ""category1"": ""여성의류"", ""category2"": ""상의"", ""category3"": ""반소매 티셔츠"", ""category3_code"": 268103101, ""is_new"": false, ""item_no"": 3354267, ""period_sort"": ""ONE_DAY"", ""platform"": ""29cm"", ""ranking_category_code"": ""272103100"", ""ranking_category_name"": ""남성의류>상의"", ""review_avg"": 5.0, ""sale_percent"": 10, ""sale_price"": 40500, ""sold_out"": false, ""url"": ""https://product.29cm.co.kr/catalog/3354267""}",2026-10-03T13:00:06+00:00_f8e2270a
2026-10-03T22:00:06+09:00,2026-10-03T13:00:08+00:00,commerce_rank,Tompkins Loopwheeled Tubular Tee 4 Color,29cm:3354267@272103100,rank,21.0,"{""brand_eng"": ""BRONSON"", ""brand_kor"": ""브론슨"", ""brand_no"": 89408, ""category1"": ""여성의류"", ""category2"": ""상의"", ""category3"": ""반소매 티셔츠"", ""category3_code"": 268103101, ""is_new"": false, ""item_no"": 3354267, ""period_sort"": ""ONE_DAY"", ""platform"": ""29cm"", ""ranking_category_code"": ""272103100"", ""ranking_category_name"": ""남성의류>상의"", ""review_avg"": 5.0, ""sale_percent"": 10, ""sale_price"": 40500, ""sold_out"": false, ""url"": ""https://product.29cm.co.kr/catalog/3354267""}",2026-10-03T13:00:06+00:00_f8e2270a
2026-10-03T22:00:06+09:00,2026-10-03T13:00:08+00:00,commerce_rank,Vintage Long Sleeve Henley Shirt Grey,29cm:3354337,heart_count,386.0,"{""brand_eng"": ""BRONSON"", ""brand_kor"": ""브론슨"", ""brand_no"": 89408, ""category1"": ""여성의류"", ""category2"": ""상의"", ""category3"": ""긴소매 티셔츠"", ""category3_code"": 268103102, ""is_new"": false, ""item_no"": 3354337, ""period_sort"": ""ONE_DAY"", ""platform"": ""29cm"", ""ranking_category_code"": ""272103100"", ""ranking_category_name"": ""남성의류>상의"", ""review_avg"": 4.5, ""sale_percent"": 10, ""sale_price"": 55800, ""sold_out"": false, ""url"": ""https://product.29cm.co.kr/catalog/3354337""}",2026-10-03T13:00:06+00:00_f8e2270a
2026-10-03T22:00:06+09:00,2026-10-03T13:00:08+00:00,commerce_rank,Vintage Long Sleeve Henley Shirt Grey,29cm:3354337,review_count,39.0,"{""brand_eng"": ""BRONSON"", ""brand_kor"": ""브론슨"", ""brand_no"": 89408, ""category1"": ""여성의류"", ""category2"": ""상의"", ""category3"": ""긴소매 티셔츠"", ""category3_code"": 268103102, ""is_new"": false, ""item_no"": 3354337, ""period_sort"": ""ONE_DAY"", ""platform"": ""29cm"", ""ranking_category_code"": ""272103100"", ""ranking_category_name"": ""남성의류>상의"", ""review_avg"": 4.5, ""sale_percent"": 10, ""sale_price"": 55800, ""sold_out"": false, ""url"": ""https://product.29cm.co.kr/catalog/3354337""}",2026-10-03T13:00:06+00:00_f8e2270a
2026-10-03T22:00:06+09:00,2026-10-03T13:00:08+00:00,commerce_rank,Vintage Long Sleeve Henley Shirt Grey,29cm:3354337@272103100,rank,86.0,"{""brand_eng"": ""BRONSON"", ""brand_kor"": ""브론슨"", ""brand_no"": 89408, ""category1"": ""여성의류"", ""category2"": ""상의"", ""category3"": ""긴소매 티셔츠"", ""category3_code"": 268103102, ""is_new"": false, ""item_no"": 3354337, ""period_sort"": ""ONE_DAY"", ""platform"": ""29cm"", ""ranking_category_code"": ""272103100"", ""ranking_category_name"": ""남성의류>상의"", ""review_avg"": 4.5, ""sale_percent"": 10, ""sale_price"": 55800, ""sold_out"": false, ""url"": ""https://product.29cm.co.kr/catalog/3354337""}",2026-10-03T13:00:06+00:00_f8e2270a
2026-10-03T22:00:06+09:00,2026-10-03T13:00:08+00:00,commerce_rank,Vintage Long Sleeve Henley Shirt Black,29cm:3354340,heart_count,2310.0,"{""brand_eng"": ""BRONSON"", ""brand_kor"": ""브론슨"", ""brand_no"": 89408, ""category1"": ""여성의류"", ""category2"": ""상의"", ""category3"": ""긴소매 티셔츠"", ""category3_code"": 268103102, ""is_new"": false, ""item_no"": 3354340, ""period_sort"": ""ONE_DAY"", ""platform"": ""29cm"", ""ranking_category_code"": ""272103100"", ""ranking_category_name"": ""남성의류>상의"", ""review_avg"": 5.0, ""sale_percent"": 10, ""sale_price"": 55800, ""sold_out"": false, ""url"": ""https://product.29cm.co.kr/catalog/3354340""}",2026-10-03T13:00:06+00:00_f8e2270a
2026-10-03T22:00:06+09:00,2026-10-03T13:00:08+00:00,commerce_rank,Vintage Long Sleeve Henley Shirt Black,29cm:3354340,review_count,249.0,"{""brand_eng"": ""BRONSON"", ""brand_kor"": ""브론슨"", ""brand_no"": 89408, ""category1"": ""여성의류"", ""category2"": ""상의"", ""category3"": ""긴소매 티셔츠"", ""category3_code"": 268103102, ""is_new"": false, ""item_no"": 3354340, ""period_sort"": ""ONE_DAY"", ""platform"": ""29cm"", ""ranking_category_code"": ""272103100"", ""ranking_category_name"": ""남성의류>상의"", ""review_avg"": 5.0, ""sale_percent"": 10, ""sale_price"": 55800, ""sold_out"": false, ""url"": ""https://product.29cm.co.kr/catalog/3354340""}",2026-10-03T13:00:06+00:00_f8e2270a
2026-10-03T22:00:06+09:00,2026-10-03T13:00:08+00:00,commerce_rank,Vintage Long Sleeve Henley Shirt Black,29cm:3354340@272103100,rank,4.0,"{""brand_eng"": ""BRONSON"", ""brand_kor"": ""브론슨"", ""brand_no"": 89408, ""category1"": ""여성의류"", ""category2"": ""상의"", ""category3"": ""긴소매 티셔츠"", ""category3_code"": 268103102, ""is_new"": false, ""item_no"": 3354340, ""period_sort"": ""ONE_DAY"", ""platform"": ""29cm"", ""ranking_category_code"": ""272103100"", ""ranking_category_name"": ""남성의류>상의"", ""review_avg"": 5.0, ""sale_percent"": 10, ""sale_price"": 55800, ""sold_out"": false, ""url"": ""https://product.29cm.co.kr/catalog/3354340""}",2026-10-03T13:00:06+00:00_f8e2270a
2026-10-03T22:00:06+09:00,2026-10-03T13:00:08+00:00,commerce_rank,Vintage Long Sleeve Henley Shirt Navy,29cm:3354342,heart_count,724.0,"{""brand_eng"": ""BRONSON"", ""brand_kor"": ""브론슨"", ""brand_no"": 89408, ""category1"": ""여성의류"", ""category2"": ""상의"", ""category3"": ""긴소매 티셔츠"", ""category3_code"": 268103102, ""is_new"": false, ""item_no"": 3354342, ""period_sort"": ""ONE_DAY"", ""platform"": ""29cm"", ""ranking_category_code"": ""272103100"", ""ranking_category_name"": ""남성의류>상의"", ""review_avg"": 5.0, ""sale_percent"": 10, ""sale_price"": 55800, ""sold_out"": false, ""url"": ""https://product.29cm.co.kr/catalog/3354342""}",2026-10-03T13:00:06+00:00_f8e2270a
2026-10-03T22:00:06+09:00,2026-10-03T13:00:08+00:00,commerce_rank,Vintage Long Sleeve Henley Shirt Navy,29cm:3354342,review_count,118.0,"{""brand_eng"": ""BRONSON"", ""brand_kor"": ""브론슨"", ""brand_no"": 89408, ""category1"": ""여성의류"", ""category2"": ""상의"", ""category3"": ""긴소매 티셔츠"", ""category3_code"": 268103102, ""is_new"": false, ""item_no"": 3354342, ""period_sort"": ""ONE_DAY"", ""platform"": ""29cm"", ""ranking_category_code"": ""272103100"", ""ranking_category_name"": ""남성의류>상의"", ""review_avg"": 5.0, ""sale_percent"": 10, ""sale_price"": 55800, ""sold_out"": false, ""url"": ""https://product.29cm.co.kr/catalog/3354342""}",2026-10-03T13:00:06+00:00_f8e2270a
2026-10-03T22:00:06+09:00,2026-10-03T13:00:08+00:00,commerce_rank,Vintage Long Sleeve Henley Shirt Navy,29cm:3354342@272103100,rank,38.0,"{""brand_eng"": ""BRONSON"", ""brand_kor"": ""브론슨"", ""brand_no"": 89408, ""category1"": ""여성의류"", ""category2"": ""상의"", ""category3"": ""긴소매 티셔츠"", ""category3_code"": 268103102, ""is_new"": false, ""item_no"": 3354342, ""period_sort"": ""ONE_DAY"", ""platform"": ""29cm"", ""ranking_category_code"": ""272103100"", ""ranking_category_name"": ""남성의류>상의"", ""review_avg"": 5.0, ""sale_percent"": 10, ""sale_price"": 55800, ""sold_out"": false, ""url"": ""https://product.29cm.co.kr/catalog/3354342""}",2026-10-03T13:00:06+00:00_f8e2270a
2026-10-03T22:00:06+09:00,2026-10-03T13:00:08+00:00,commerce_rank,Vintage Long Sleeve Henley Shirt White,29cm:3354346,heart_count,498.0,"{""brand_eng"": ""BRONSON"", ""brand_kor"": ""브론슨"", ""brand_no"": 89408, ""category1"": ""여성의류"", ""category2"": ""상의"", ""category3"": ""긴소매 티셔츠"", ""category3_code"": 268103102, ""is_new"": false, ""item_no"": 3354346, ""period_sort"": ""ONE_DAY"", ""platform"": ""29cm"", ""ranking_category_code"": ""272103100"", ""ranking_category_name"": ""남성의류>상의"", ""review_avg"": 5.0, ""sale_percent"": 10, ""sale_price"": 55800, ""sold_out"": false, ""url"": ""https://product.29cm.co.kr/catalog/3354346""}",2026-10-03T13:00:06+00:00_f8e2270a
2026-10-03T22:00:06+09:00,2026-10-03T13:00:08+00:00,commerce_rank,Vintage Long Sleeve Henley Shirt White,29cm:3354346,review_count,150.0,"{""brand_eng"": ""BRONSON"", ""brand_kor"": ""브론슨"", ""brand_no"": 89408, ""category1"": ""여성의류"", ""category2"": ""상의"", ""category3"": ""긴소매 티셔츠"", ""category3_code"": 268103102, ""is_new"": false, ""item_no"": 3354346, ""period_sort"": ""ONE_DAY"", ""platform"": ""29cm"", ""ranking_category_code"": ""272103100"", ""ranking_category_name"": ""남성의류>상의"", ""review_avg"": 5.0, ""sale_percent"": 10, ""sale_price"": 55800, ""sold_out"": false, ""url"": ""https://product.29cm.co.kr/catalog/3354346""}",2026-10-03T13:00:06+00:00_f8e2270a
2026-10-03T22:00:06+09:00,2026-10-03T13:00:08+00:00,commerce_rank,Vintage Long Sleeve Henley Shirt White,29cm:3354346@272103100,rank,11.0,"{""brand_eng"": ""BRONSON"", ""brand_kor"": ""브론슨"", ""brand_no"": 89408, ""category1"": ""여성의류"", ""category2"": ""상의"", ""category3"": ""긴소매 티셔츠"", ""category3_code"": 268103102, ""is_new"": false, ""item_no"": 3354346, ""period_sort"": ""ONE_DAY"", ""platform"": ""29cm"", ""ranking_category_code"": ""272103100"", ""ranking_category_name"": ""남성의류>상의"", ""review_avg"": 5.0, ""sale_percent"": 10, ""sale_price"": 55800, ""sold_out"": false, ""url"": ""https://product.29cm.co.kr/catalog/3354346""}",2026-10-03T13:00:06+00:00_f8e2270a
2026-10-03T22:00:06+09:00,2026-10-03T13:00:08+00:00,commerce_rank,10.5 oz Cotton Tank Top 3 Color,29cm:3354351,heart_count,1441.0,"{""brand_eng"": ""BRONSON"", ""brand_kor"": ""브론슨"", ""brand_no"": 89408, ""category1"": ""여성의류"", ""category2"": ""상의"", ""category3"": ""슬리브리스"", ""category3_code"": 268103103, ""is_new"": false, ""item_no"": 3354351, ""period_sort"": ""ONE_DAY"", ""platform"": ""29cm"", ""ranking_category_code"": ""272103100"", ""ranking_category_name"": ""남성의류>상의"", ""review_avg"": 5.0, ""sale_percent"": 10, ""sale_price"": 22500, ""sold_out"": false, ""url"": ""https://product.29cm.co.kr/catalog/3354351""}",2026-10-03T13:00:06+00:00_f8e2270a
2026-10-03T22:00:06+09:00,2026-10-03T13:00:08+00:00,commerce_rank,10.5 oz Cotton Tank Top 3 Color,29cm:3354351,review_count,189.0,"{""brand_eng"": ""BRONSON"", ""brand_kor"": ""브론슨"", ""brand_no"": 89408, ""category1"": ""여성의류"", ""category2"": ""상의"", ""category3"": ""슬리브리스"", ""category3_code"": 268103103, ""is_new"": false, ""item_no"": 3354351, ""period_sort"": ""ONE_DAY"", ""platform"": ""29cm"", ""ranking_category_code"": ""272103100"", ""ranking_category_name"": ""남성의류>상의"", ""review_avg"": 5.0, ""sale_percent"": 10, ""sale_price"": 22500, ""sold_out"": false, ""url"": ""https://product.29cm.co.kr/catalog/3354351""}",2026-10-03T13:00:06+00:00_f8e2270a
2026-10-03T22:00:06+09:00,2026-10-03T13:00:08+00:00,commerce_rank,10.5 oz Cotton Tank Top 3 Color,29cm:3354351@272103100,rank,20.0,"{""brand_eng"": ""BRONSON"", ""brand_kor"": ""브론슨"", ""brand_no"": 89408, ""category1"": ""여성의류"", ""category2"": ""상의"", ""category3"": ""슬리브리스"", ""category3_code"": 268103103, ""is_new"": false, ""item_no"": 3354351, ""period_sort"": ""ONE_DAY"", ""platform"": ""29cm"", ""ranking_category_code"": ""272103100"", ""ranking_category_name"": ""남성의류>상의"", ""review_avg"": 5.0, ""sale_percent"": 10, ""sale_price"": 22500, ""sold_out"": false, ""url"": ""https://product.29cm.co.kr/catalog/3354351""}",2026-10-03T13:00:06+00:00_f8e2270a
2026-10-03T22:00:06+09:00,2026-10-03T13:00:08+00:00,commerce_rank,Breton Stripe Long Sleeve Tee KR ver. A/N,29cm:3354355,heart_count,924.0,"{""brand_eng"": ""BRONSON"", ""brand_kor"": ""브론슨"", ""brand_no"": 89408, ""category1"": ""여성의류"", ""category2"": ""상의"", ""category3"": ""긴소매 티셔츠"", ""category3_code"": 268103102, ""is_new"": false, ""item_no"": 3354355, ""period_sort"": ""ONE_DAY"", ""platform"": ""29cm"", ""ranking_category_code"": ""272103100"", ""ranking_category_name"": ""남성의류>상의"", ""review_avg"": 5.0, ""sale_percent"": 10, ""sale_price"": 46800, ""sold_out"": false, ""url"": ""https://product.29cm.co.kr/catalog/3354355""}",2026-10-03T13:00:06+00:00_f8e2270a
2026-10-03T22:00:06+09:00,2026-10-03T13:00:08+00:00,commerce_rank,Breton Stripe Long Sleeve Tee KR ver. A/N,29cm:3354355,review_count,106.0,"{""brand_eng"": ""BRONSON"", ""brand_kor"": ""브론슨"", ""brand_no"": 89408, ""category1"": ""여성의류"", ""category2"": ""상의"", ""category3"": ""긴소매 티셔츠"", ""category3_code"": 268103102, ""is_new"": false, ""item_no"": 3354355, ""period_sort"": ""ONE_DAY"", ""platform"": ""29cm"", ""ranking_category_code"": ""272103100"", ""ranking_category_name"": ""남성의류>상의"", ""review_avg"": 5.0, ""sale_percent"": 10, ""sale_price"": 46800, ""sold_out"": false, ""url"": ""https://product.29cm.co.kr/catalog/3354355""}",2026-10-03T13:00:06+00:00_f8e2270a
2026-10-03T22:00:06+09:00,2026-10-03T13:00:08+00:00,commerce_rank,Breton Stripe Long Sleeve Tee KR ver. A/N,29cm:3354355@272103100,rank,75.0,"{""brand_eng"": ""BRONSON"", ""brand_kor"": ""브론슨"", ""brand_no"": 89408, ""category1"": ""여성의류"", ""category2"": ""상의"", ""category3"": ""긴소매 티셔츠"", ""category3_code"": 268103102, ""is_new"": false, ""item_no"": 3354355, ""period_sort"": ""ONE_DAY"", ""platform"": ""29cm"", ""ranking_category_code"": ""272103100"", ""ranking_category_name"": ""남성의류>상의"", ""review_avg"": 5.0, ""sale_percent"": 10, ""sale_price"": 46800, ""sold_out"": false, ""url"": ""https://product.29cm.co.kr/catalog/3354355""}",2026-10-03T13:00:06+00:00_f8e2270a
2026-10-03T22:00:06+09:00,2026-10-03T13:00:08+00:00,commerce_rank,Knight Motorcycle Short Sleeve Tee Navy,29cm:3354375,heart_count,849.0,"{""brand_eng"": ""BRONSON"", ""brand_kor"": ""브론슨"", ""brand_no"": 89408, ""category1"": ""여성의류"", ""category2"": ""상의"", ""category3"": ""반소매 티셔츠"", ""category3_code"": 268103101, ""is_new"": false, ""item_no"": 3354375, ""period_sort"": ""ONE_DAY"", ""platform"": ""29cm"", ""ranking_category_code"": ""272103100"", ""ranking_category_name"": ""남성의류>상의"", ""review_avg"": 5.0, ""sale_percent"": 15, ""sale_price"": 35910, ""sold_out"": false, ""url"": ""https://product.29cm.co.kr/catalog/3354375""}",2026-10-03T13:00:06+00:00_f8e2270a
2026-10-03T22:00:06+09:00,2026-10-03T13:00:08+00:00,commerce_rank,Knight Motorcycle Short Sleeve Tee Navy,29cm:3354375,review_count,94.0,"{""brand_eng"": ""BRONSON"", ""brand_kor"": ""브론슨"", ""brand_no"": 89408, ""category1"": ""여성의류"", ""category2"": ""상의"", ""category3"": ""반소매 티셔츠"", ""category3_code"": 268103101, ""is_new"": false, ""item_no"": 3354375, ""period_sort"": ""ONE_DAY"", ""platform"": ""29cm"", ""ranking_category_code"": ""272103100"", ""ranking_category_name"": ""남성의류>상의"", ""review_avg"": 5.0, ""sale_percent"": 15, ""sale_price"": 35910, ""sold_out"": false, ""url"": ""https://product.29cm.co.kr/catalog/3354375""}",2026-10-03T13:00:06+00:00_f8e2270a
2026-10-03T22:00:06+09:00,2026-10-03T13:00:08+00:00,commerce_rank,Knight Motorcycle Short Sleeve Tee Navy,29cm:3354375@272103100,rank,54.0,"{""brand_eng"": ""BRONSON"", ""brand_kor"": ""브론슨"", ""brand_no"": 89408, ""category1"": ""여성의류"", ""category2"": ""상의"", ""category3"": ""반소매 티셔츠"", ""category3_code"": 268103101, ""is_new"": false, ""item_no"": 3354375, ""period_sort"": ""ONE_DAY"", ""platform"": ""29cm"", ""ranking_category_code"": ""272103100"", ""ranking_category_name"": ""남성의류>상의"", ""review_avg"": 5.0, ""sale_percent"": 15, ""sale_price"": 35910, ""sold_out"": false, ""url"": ""https://product.29cm.co.kr/catalog/3354375""}",2026-10-03T13:00:06+00:00_f8e2270a
2026-10-03T22:00:06+09:00,2026-10-03T13:00:08+00:00,commerce_rank,Blue Chambray Work Shirt KR Ver. Light Indigo,29cm:3354494,heart_count,1285.0,"{""brand_eng"": ""BRONSON"", ""brand_kor"": ""브론슨"", ""brand_no"": 89408, ""category1"": ""남성의류"", ""category2"": ""상의"", ""category3"": ""긴소매 셔츠"", ""category3_code"": 272103106, ""is_new"": false, ""item_no"": 3354494, ""period_sort"": ""ONE_DAY"", ""platform"": ""29cm"", ""ranking_category_code"": ""272103100"", ""ranking_category_name"": ""남성의류>상의"", ""review_avg"": 5.0, ""sale_percent"": 10, ""sale_price"": 66600, ""sold_out"": false, ""url"": ""https://product.29cm.co.kr/catalog/3354494""}",2026-10-03T13:00:06+00:00_f8e2270a
2026-10-03T22:00:06+09:00,2026-10-03T13:00:08+00:00,commerce_rank,Blue Chambray Work Shirt KR Ver. Light Indigo,29cm:3354494,review_count,132.0,"{""brand_eng"": ""BRONSON"", ""brand_kor"": ""브론슨"", ""brand_no"": 89408, ""category1"": ""남성의류"", ""category2"": ""상의"", ""category3"": ""긴소매 셔츠"", ""category3_code"": 272103106, ""is_new"": false, ""item_no"": 3354494, ""period_sort"": ""ONE_DAY"", ""platform"": ""29cm"", ""ranking_category_code"": ""272103100"", ""ranking_category_name"": ""남성의류>상의"", ""review_avg"": 5.0, ""sale_percent"": 10, ""sale_price"": 66600, ""sold_out"": false, ""url"": ""https://product.29cm.co.kr/catalog/3354494""}",2026-10-03T13:00:06+00:00_f8e2270a
2026-10-03T22:00:06+09:00,2026-10-03T13:00:08+00:00,commerce_rank,Blue Chambray Work Shirt KR Ver. Light Indigo,29cm:3354494@272103100,rank,49.0,"{""brand_eng"": ""BRONSON"", ""brand_kor"": ""브론슨"", ""brand_no"": 89408, ""category1"": ""남성의류"", ""category2"": ""상의"", ""category3"": ""긴소매 셔츠"", ""category3_code"": 272103106, ""is_new"": false, ""item_no"": 3354494, ""period_sort"": ""ONE_DAY"", ""platform"": ""29cm"", ""ranking_category_code"": ""272103100"", ""ranking_category_name"": ""남성의류>상의"", ""review_avg"": 5.0, ""sale_percent"": 10, ""sale_price"": 66600, ""sold_out"": false, ""url"": ""https://product.29cm.co.kr/catalog/3354494""}",2026-10-03T13:00:06+00:00_f8e2270a
2026-10-03T22:00:06+09:00,2026-10-03T13:00:08+00:00,commerce_rank,9oz USA Cotton Tubular Tee Black,29cm:3355100,heart_count,530.0,"{""brand_eng"": ""BRONSON"", ""brand_kor"": ""브론슨"", ""brand_no"": 89408, ""category1"": ""여성의류"", ""category2"": ""상의"", ""category3"": ""반소매 티셔츠"", ""category3_code"": 268103101, ""is_new"": false, ""item_no"": 3355100, ""period_sort"": ""ONE_DAY"", ""platform"": ""29cm"", ""ranking_category_code"": ""272103100"", ""ranking_category_name"": ""남성의류>상의"", ""review_avg"": 5.0, ""sale_percent"": 28, ""sale_price"": 25200, ""sold_out"": false, ""url"": ""https://product.29cm.co.kr/catalog/3355100""}",2026-10-03T13:00:06+00:00_f8e2270a
2026-10-03T22:00:06+09:00,2026-10-03T13:00:08+00:00,commerce_rank,9oz USA Cotton Tubular Tee Black,29cm:3355100,review_count,106.0,"{""brand_eng"": ""BRONSON"", ""brand_kor"": ""브론슨"", ""brand_no"": 89408, ""category1"": ""여성의류"", ""category2"": ""상의"", ""category3"": ""반소매 티셔츠"", ""category3_code"": 268103101, ""is_new"": false, ""item_no"": 3355100, ""period_sort"": ""ONE_DAY"", ""platform"": ""29cm"", ""ranking_category_code"": ""272103100"", ""ranking_category_name"": ""남성의류>상의"", ""review_avg"": 5.0, ""sale_percent"": 28, ""sale_price"": 25200, ""sold_out"": false, ""url"": ""https://product.29cm.co.kr/catalog/3355100""}",2026-10-03T13:00:06+00:00_f8e2270a
2026-10-03T22:00:06+09:00,2026-10-03T13:00:08+00:00,commerce_rank,9oz USA Cotton Tubular Tee Black,29cm:3355100@272103100,rank,6.0,"{""brand_eng"": ""BRONSON"", ""brand_kor"": ""브론슨"", ""brand_no"": 89408, ""category1"": ""여성의류"", ""category2"": ""상의"", ""category3"": ""반소매 티셔츠"", ""category3_code"": 268103101, ""is_new"": false, ""item_no"": 3355100, ""period_sort"": ""ONE_DAY"", ""platform"": ""29cm"", ""ranking_category_code"": ""272103100"", ""ranking_category_name"": ""남성의류>상의"", ""review_avg"": 5.0, ""sale_percent"": 28, ""sale_price"": 25200, ""sold_out"": false, ""url"": ""https://product.29cm.co.kr/catalog/3355100""}",2026-10-03T13:00:06+00:00_f8e2270a
2026-10-03T22:00:06+09:00,2026-10-03T13:00:08+00:00,commerce_rank,9oz USA Cotton Tubular Tee Vintage Black,29cm:3355129,heart_count,195.0,"{""brand_eng"": ""BRONSON"", ""brand_kor"": ""브론슨"", ""brand_no"": 89408, ""category1"": ""여성의류"", ""category2"": ""상의"", ""category3"": ""반소매 티셔츠"", ""category3_code"": 268103101, ""is_new"": false, ""item_no"": 3355129, ""period_sort"": ""ONE_DAY"", ""platform"": ""29cm"", ""ranking_category_code"": ""272103100"", ""ranking_category_name"": ""남성의류>상의"", ""review_avg"": 4.5, ""sale_percent"": 14, ""sale_price"": 29930, ""sold_out"": false, ""url"": ""https://product.29cm.co.kr/catalog/3355129""}",2026-10-03T13:00:06+00:00_f8e2270a
2026-10-03T22:00:06+09:00,2026-10-03T13:00:08+00:00,commerce_rank,9oz USA Cotton Tubular Tee Vintage Black,29cm:3355129,review_count,49.0,"{""brand_eng"": ""BRONSON"", ""brand_kor"": ""브론슨"", ""brand_no"": 89408, ""category1"": ""여성의류"", ""category2"": ""상의"", ""category3"": ""반소매 티셔츠"", ""category3_code"": 268103101, ""is_new"": false, ""item_no"": 3355129, ""period_sort"": ""ONE_DAY"", ""platform"": ""29cm"", ""ranking_category_code"": ""272103100"", ""ranking_category_name"": ""남성의류>상의"", ""review_avg"": 4.5, ""sale_percent"": 14, ""sale_price"": 29930, ""sold_out"": false, ""url"": ""https://product.29cm.co.kr/catalog/3355129""}",2026-10-03T13:00:06+00:00_f8e2270a
2026-10-03T22:00:06+09:00,2026-10-03T13:00:08+00:00,commerce_rank,9oz USA Cotton Tubular Tee Vintage Black,29cm:3355129@272103100,rank,63.0,"{""brand_eng"": ""BRONSON"", ""brand_kor"": ""브론슨"", ""brand_no"": 89408, ""category1"": ""여성의류"", ""category2"": ""상의"", ""category3"": ""반소매 티셔츠"", ""category3_code"": 268103101, ""is_new"": false, ""item_no"": 3355129, ""period_sort"": ""ONE_DAY"", ""platform"": ""29cm"", ""ranking_category_code"": ""272103100"", ""ranking_category_name"": ""남성의류>상의"", ""review_avg"": 4.5, ""sale_percent"": 14, ""sale_price"": 29930, ""sold_out"": false, ""url"": ""https://product.29cm.co.kr/catalog/3355129""}",2026-10-03T13:00:06+00:00_f8e2270a
2026-10-03T22:00:06+09:00,2026-10-03T13:00:08+00:00,commerce_rank,9oz USA Cotton Tubular Tee White,29cm:3355216,heart_count,1291.0,"{""brand_eng"": ""BRONSON"", ""brand_kor"": ""브론슨"", ""brand_no"": 89408, ""category1"": ""여성의류"", ""category2"": ""상의"", ""category3"": ""반소매 티셔츠"", ""category3_code"": 268103101, ""is_new"": false, ""item_no"": 3355216, ""period_sort"": ""ONE_DAY"", ""platform"": ""29cm"", ""ranking_category_code"": ""272103100"", ""ranking_category_name"": ""남성의류>상의"", ""review_avg"": 5.0, ""sale_percent"": 28, ""sale_price"": 25200, ""sold_out"": false, ""url"": ""https://product.29cm.co.kr/catalog/3355216""}",2026-10-03T13:00:06+00:00_f8e2270a
2026-10-03T22:00:06+09:00,2026-10-03T13:00:08+00:00,commerce_rank,9oz USA Cotton Tubular Tee White,29cm:3355216,review_count,222.0,"{""brand_eng"": ""BRONSON"", ""brand_kor"": ""브론슨"", ""brand_no"": 89408, ""category1"": ""여성의류"", ""category2"": ""상의"", ""category3"": ""반소매 티셔츠"", ""category3_code"": 268103101, ""is_new"": false, ""item_no"": 3355216, ""period_sort"": ""ONE_DAY"", ""platform"": ""29cm"", ""ranking_category_code"": ""272103100"", ""ranking_category_name"": ""남성의류>상의"", ""review_avg"": 5.0, ""sale_percent"": 28, ""sale_price"": 25200, ""sold_out"": false, ""url"": ""https://product.29cm.co.kr/catalog/3355216""}",2026-10-03T13:00:06+00:00_f8e2270a
2026-10-03T22:00:06+09:00,2026-10-03T13:00:08+00:00,commerce_rank,9oz USA Cotton Tubular Tee White,29cm:3355216@272103100,rank,1.0,"{""brand_eng"": ""BRONSON"", ""brand_kor"": ""브론슨"", ""brand_no"": 89408, ""category1"": ""여성의류"", ""category2"": ""상의"", ""category3"": ""반소매 티셔츠"", ""category3_code"": 268103101, ""is_new"": false, ""item_no"": 3355216, ""period_sort"": ""ONE_DAY"", ""platform"": ""29cm"", ""ranking_category_code"": ""272103100"", ""ranking_category_name"": ""남성의류>상의"", ""review_avg"": 5.0, ""sale_percent"": 28, ""sale_price"": 25200, ""sold_out"": false, ""url"": ""https://product.29cm.co.kr/catalog/3355216""}",2026-10-03T13:00:06+00:00_f8e2270a
2026-10-03T22:00:06+09:00,2026-10-03T13:00:06+00:00,commerce_rank,[닝닝 착용] 3/4 BUTTON FLY TEE_3 Colors,29cm:3364834,heart_count,22822.0,"{""brand_eng"": ""GLOWNY"", ""brand_kor"": ""글로니"", ""brand_no"": 16723, ""category1"": ""여성의류"", ""category2"": ""단독"", ""category3"": ""상의"", ""category3_code"": 268116101, ""is_new"": false, ""item_no"": 3364834, ""period_sort"": ""ONE_DAY"", ""platform"": ""29cm"", ""ranking_category_code"": ""268103100"", ""ranking_category_name"": ""여성의류>상의"", ""review_avg"": 5.0, ""sale_percent"": 0, ""sale_price"": 50000, ""sold_out"": false, ""url"": ""https://product.29cm.co.kr/catalog/3364834""}",2026-10-03T13:00:06+00:00_f8e2270a
2026-10-03T22:00:06+09:00,2026-10-03T13:00:06+00:00,commerce_rank,[닝닝 착용] 3/4 BUTTON FLY TEE_3 Colors,29cm:3364834,review_count,1008.0,"{""brand_eng"": ""GLOWNY"", ""brand_kor"": ""글로니"", ""brand_no"": 16723, ""category1"": ""여성의류"", ""category2"": ""단독"", ""category3"": ""상의"", ""category3_code"": 268116101, ""is_new"": false, ""item_no"": 3364834, ""period_sort"": ""ONE_DAY"", ""platform"": ""29cm"", ""ranking_category_code"": ""268103100"", ""ranking_category_name"": ""여성의류>상의"", ""review_avg"": 5.0, ""sale_percent"": 0, ""sale_price"": 50000, ""sold_out"": false, ""url"": ""https://product.29cm.co.kr/catalog/3364834""}",2026-10-03T13:00:06+00:00_f8e2270a
2026-10-03T22:00:06+09:00,2026-10-03T13:00:06+00:00,commerce_rank,[닝닝 착용] 3/4 BUTTON FLY TEE_3 Colors,29cm:3364834@268103100,rank,30.0,"{""brand_eng"": ""GLOWNY"", ""brand_kor"": ""글로니"", ""brand_no"": 16723, ""category1"": ""여성의류"", ""category2"": ""단독"", ""category3"": ""상의"", ""category3_code"": 268116101, ""is_new"": false, ""item_no"": 3364834, ""period_sort"": ""ONE_DAY"", ""platform"": ""29cm"", ""ranking_category_code"": ""268103100"", ""ranking_category_name"": ""여성의류>상의"", ""review_avg"": 5.0, ""sale_percent"": 0, ""sale_price"": 50000, ""sold_out"": false, ""url"": ""https://product.29cm.co.kr/catalog/3364834""}",2026-10-03T13:00:06+00:00_f8e2270a
2026-10-03T22:00:06+09:00,2026-10-03T13:00:08+00:00,commerce_rank,Heavyweight Waffle Cotton Underwear Grey,29cm:3388472,heart_count,487.0,"{""brand_eng"": ""BRONSON"", ""brand_kor"": ""브론슨"", ""brand_no"": 89408, ""category1"": ""여성의류"", ""category2"": ""상의"", ""category3"": ""긴소매 티셔츠"", ""category3_code"": 268103102, ""is_new"": false, ""item_no"": 3388472, ""period_sort"": ""ONE_DAY"", ""platform"": ""29cm"", ""ranking_category_code"": ""272103100"", ""ranking_category_name"": ""남성의류>상의"", ""review_avg"": 5.0, ""sale_percent"": 10, ""sale_price"": 48600, ""sold_out"": false, ""url"": ""https://product.29cm.co.kr/catalog/3388472""}",2026-10-03T13:00:06+00:00_f8e2270a
2026-10-03T22:00:06+09:00,2026-10-03T13:00:08+00:00,commerce_rank,Heavyweight Waffle Cotton Underwear Grey,29cm:3388472,review_count,32.0,"{""brand_eng"": ""BRONSON"", ""brand_kor"": ""브론슨"", ""brand_no"": 89408, ""category1"": ""여성의류"", ""category2"": ""상의"", ""category3"": ""긴소매 티셔츠"", ""category3_code"": 268103102, ""is_new"": false, ""item_no"": 3388472, ""period_sort"": ""ONE_DAY"", ""platform"": ""29cm"", ""ranking_category_code"": ""272103100"", ""ranking_category_name"": ""남성의류>상의"", ""review_avg"": 5.0, ""sale_percent"": 10, ""sale_price"": 48600, ""sold_out"": false, ""url"": ""https://product.29cm.co.kr/catalog/3388472""}",2026-10-03T13:00:06+00:00_f8e2270a
2026-10-03T22:00:06+09:00,2026-10-03T13:00:08+00:00,commerce_rank,Heavyweight Waffle Cotton Underwear Grey,29cm:3388472@272103100,rank,8.0,"{""brand_eng"": ""BRONSON"", ""brand_kor"": ""브론슨"", ""brand_no"": 89408, ""category1"": ""여성의류"", ""category2"": ""상의"", ""category3"": ""긴소매 티셔츠"", ""category3_code"": 268103102, ""is_new"": false, ""item_no"": 3388472, ""period_sort"": ""ONE_DAY"", ""platform"": ""29cm"", ""ranking_category_code"": ""272103100"", ""ranking_category_name"": ""남성의류>상의"", ""review_avg"": 5.0, ""sale_percent"": 10, ""sale_price"": 48600, ""sold_out"": false, ""url"": ""https://product.29cm.co.kr/catalog/3388472""}",2026-10-03T13:00:06+00:00_f8e2270a
2026-10-03T22:00:06+09:00,2026-10-03T13:00:08+00:00,commerce_rank,메르디앙 솔리드 엘보 패치 긴팔 티셔츠 (12E) ASJM2G92023-12E,29cm:3408744,heart_count,805.0,"{""brand_eng"": ""SAINT JAMES"", ""brand_kor"": ""세인트제임스"", ""brand_no"": 5724, ""category1"": ""남성의류"", ""category2"": ""상의"", ""category3"": ""긴소매 티셔츠"", ""category3_code"": 272103102, ""is_new"": false, ""item_no"": 3408744, ""period_sort"": ""ONE_DAY"", ""platform"": ""29cm"", ""ranking_category_code"": ""272103100"", ""ranking_category_name"": ""남성의류>상의"", ""review_avg"": 5.0, ""sale_percent"": 15, ""sale_price"": 142800, ""sold_out"": false, ""url"": ""https://product.29cm.co.kr/catalog/3408744""}",2026-10-03T13:00:06+00:00_f8e2270a
2026-10-03T22:00:06+09:00,2026-10-03T13:00:08+00:00,commerce_rank,메르디앙 솔리드 엘보 패치 긴팔 티셔츠 (12E) ASJM2G92023-12E,29cm:3408744,review_count,41.0,"{""brand_eng"": ""SAINT JAMES"", ""brand_kor"": ""세인트제임스"", ""brand_no"": 5724, ""category1"": ""남성의류"", ""category2"": ""상의"", ""category3"": ""긴소매 티셔츠"", ""category3_code"": 272103102, ""is_new"": false, ""item_no"": 3408744, ""period_sort"": ""ONE_DAY"", ""platform"": ""29cm"", ""ranking_category_code"": ""272103100"", ""ranking_category_name"": ""남성의류>상의"", ""review_avg"": 5.0, ""sale_percent"": 15, ""sale_price"": 142800, ""sold_out"": false, ""url"": ""https://product.29cm.co.kr/catalog/3408744""}",2026-10-03T13:00:06+00:00_f8e2270a
2026-10-03T22:00:06+09:00,2026-10-03T13:00:08+00:00,commerce_rank,메르디앙 솔리드 엘보 패치 긴팔 티셔츠 (12E) ASJM2G92023-12E,29cm:3408744@272103100,rank,90.0,"{""brand_eng"": ""SAINT JAMES"", ""brand_kor"": ""세인트제임스"", ""brand_no"": 5724, ""category1"": ""남성의류"", ""category2"": ""상의"", ""category3"": ""긴소매 티셔츠"", ""category3_code"": 272103102, ""is_new"": false, ""item_no"": 3408744, ""period_sort"": ""ONE_DAY"", ""platform"": ""29cm"", ""ranking_category_code"": ""272103100"", ""ranking_category_name"": ""남성의류>상의"", ""review_avg"": 5.0, ""sale_percent"": 15, ""sale_price"": 142800, ""sold_out"": false, ""url"": ""https://product.29cm.co.kr/catalog/3408744""}",2026-10-03T13:00:06+00:00_f8e2270a
2026-10-03T22:00:06+09:00,2026-10-03T13:00:06+00:00,commerce_rank,Reversible 3/4 Sleeve Tee_Ivory,29cm:3410565,heart_count,21197.0,"{""brand_eng"": ""108POUND"", ""brand_kor"": ""108파운드"", ""brand_no"": 86198, ""category1"": ""여성의류"", ""category2"": ""상의"", ""category3"": ""긴소매 티셔츠"", ""category3_code"": 268103102, ""is_new"": false, ""item_no"": 3410565, ""period_sort"": ""ONE_DAY"", ""platform"": ""29cm"", ""ranking_category_code"": ""268103100"", ""ranking_category_name"": ""여성의류>상의"", ""review_avg"": 4.5, ""sale_percent"": 23, ""sale_price"": 29840, ""sold_out"": false, ""url"": ""https://product.29cm.co.kr/catalog/3410565""}",2026-10-03T13:00:06+00:00_f8e2270a
2026-10-03T22:00:06+09:00,2026-10-03T13:00:06+00:00,commerce_rank,Reversible 3/4 Sleeve Tee_Ivory,29cm:3410565,review_count,958.0,"{""brand_eng"": ""108POUND"", ""brand_kor"": ""108파운드"", ""brand_no"": 86198, ""category1"": ""여성의류"", ""category2"": ""상의"", ""category3"": ""긴소매 티셔츠"", ""category3_code"": 268103102, ""is_new"": false, ""item_no"": 3410565, ""period_sort"": ""ONE_DAY"", ""platform"": ""29cm"", ""ranking_category_code"": ""268103100"", ""ranking_category_name"": ""여성의류>상의"", ""review_avg"": 4.5, ""sale_percent"": 23, ""sale_price"": 29840, ""sold_out"": false, ""url"": ""https://product.29cm.co.kr/catalog/3410565""}",2026-10-03T13:00:06+00:00_f8e2270a
2026-10-03T22:00:06+09:00,2026-10-03T13:00:06+00:00,commerce_rank,Reversible 3/4 Sleeve Tee_Ivory,29cm:3410565@268103100,rank,16.0,"{""brand_eng"": ""108POUND"", ""brand_kor"": ""108파운드"", ""brand_no"": 86198, ""category1"": ""여성의류"", ""category2"": ""상의"", ""category3"": ""긴소매 티셔츠"", ""category3_code"": 268103102, ""is_new"": false, ""item_no"": 3410565, ""period_sort"": ""ONE_DAY"", ""platform"": ""29cm"", ""ranking_category_code"": ""268103100"", ""ranking_category_name"": ""여성의류>상의"", ""review_avg"": 4.5, ""sale_percent"": 23, ""sale_price"": 29840, ""sold_out"": false, ""url"": ""https://product.29cm.co.kr/catalog/3410565""}",2026-10-03T13:00:06+00:00_f8e2270a
2026-10-03T22:00:06+09:00,2026-10-03T13:00:06+00:00,commerce_rank,Essential Layered Long Sleeve [Ivory],29cm:3411199,heart_count,2600.0,"{""brand_eng"": ""RoséFrantz"", ""brand_kor"": ""로제프란츠"", ""brand_no"": 14310, ""category1"": ""여성의류"", ""category2"": ""상의"", ""category3"": ""긴소매 티셔츠"", ""category3_code"": 268103102, ""is_new"": false, ""item_no"": 3411199, ""period_sort"": ""ONE_DAY"", ""platform"": ""29cm"", ""ranking_category_code"": ""268103100"", ""ranking_category_name"": ""여성의류>상의"", ""review_avg"": 5.0, ""sale_percent"": 28, ""sale_price"": 33120, ""sold_out"": false, ""url"": ""https://product.29cm.co.kr/catalog/3411199""}",2026-10-03T13:00:06+00:00_f8e2270a
2026-10-03T22:00:06+09:00,2026-10-03T13:00:06+00:00,commerce_rank,Essential Layered Long Sleeve [Ivory],29cm:3411199,review_count,138.0,"{""brand_eng"": ""RoséFrantz"", ""brand_kor"": ""로제프란츠"", ""brand_no"": 14310, ""category1"": ""여성의류"", ""category2"": ""상의"", ""category3"": ""긴소매 티셔츠"", ""category3_code"": 268103102, ""is_new"": false, ""item_no"": 3411199, ""period_sort"": ""ONE_DAY"", ""platform"": ""29cm"", ""ranking_category_code"": ""268103100"", ""ranking_category_name"": ""여성의류>상의"", ""review_avg"": 5.0, ""sale_percent"": 28, ""sale_price"": 33120, ""sold_out"": false, ""url"": ""https://product.29cm.co.kr/catalog/3411199""}",2026-10-03T13:00:06+00:00_f8e2270a
2026-10-03T22:00:06+09:00,2026-10-03T13:00:06+00:00,commerce_rank,Essential Layered Long Sleeve [Ivory],29cm:3411199@268103100,rank,32.0,"{""brand_eng"": ""RoséFrantz"", ""brand_kor"": ""로제프란츠"", ""brand_no"": 14310, ""category1"": ""여성의류"", ""category2"": ""상의"", ""category3"": ""긴소매 티셔츠"", ""category3_code"": 268103102, ""is_new"": false, ""item_no"": 3411199, ""period_sort"": ""ONE_DAY"", ""platform"": ""29cm"", ""ranking_category_code"": ""268103100"", ""ranking_category_name"": ""여성의류>상의"", ""review_avg"": 5.0, ""sale_percent"": 28, ""sale_price"": 33120, ""sold_out"": false, ""url"": ""https://product.29cm.co.kr/catalog/3411199""}",2026-10-03T13:00:06+00:00_f8e2270a
2026-10-03T22:00:06+09:00,2026-10-03T13:00:06+00:00,commerce_rank,Henley Neck Stripe Long Sleeve Black,29cm:3429540,heart_count,8704.0,"{""brand_eng"": ""partimento"", ""brand_kor"": ""파르티멘토"", ""brand_no"": 1588, ""category1"": ""여성의류"", ""category2"": ""상의"", ""category3"": ""긴소매 티셔츠"", ""category3_code"": 268103102, ""is_new"": false, ""item_no"": 3429540, ""period_sort"": ""ONE_DAY"", ""platform"": ""29cm"", ""ranking_category_code"": ""268103100"", ""ranking_category_name"": ""여성의류>상의"", ""review_avg"": 5.0, ""sale_percent"": 33, ""sale_price"": 32850, ""sold_out"": false, ""url"": ""https://product.29cm.co.kr/catalog/3429540""}",2026-10-03T13:00:06+00:00_f8e2270a
2026-10-03T22:00:06+09:00,2026-10-03T13:00:06+00:00,commerce_rank,Henley Neck Stripe Long Sleeve Black,29cm:3429540,review_count,433.0,"{""brand_eng"": ""partimento"", ""brand_kor"": ""파르티멘토"", ""brand_no"": 1588, ""category1"": ""여성의류"", ""category2"": ""상의"", ""category3"": ""긴소매 티셔츠"", ""category3_code"": 268103102, ""is_new"": false, ""item_no"": 3429540, ""period_sort"": ""ONE_DAY"", ""platform"": ""29cm"", ""ranking_category_code"": ""268103100"", ""ranking_category_name"": ""여성의류>상의"", ""review_avg"": 5.0, ""sale_percent"": 33, ""sale_price"": 32850, ""sold_out"": false, ""url"": ""https://product.29cm.co.kr/catalog/3429540""}",2026-10-03T13:00:06+00:00_f8e2270a
2026-10-03T22:00:06+09:00,2026-10-03T13:00:06+00:00,commerce_rank,Henley Neck Stripe Long Sleeve Black,29cm:3429540@268103100,rank,2.0,"{""brand_eng"": ""partimento"", ""brand_kor"": ""파르티멘토"", ""brand_no"": 1588, ""category1"": ""여성의류"", ""category2"": ""상의"", ""category3"": ""긴소매 티셔츠"", ""category3_code"": 268103102, ""is_new"": false, ""item_no"": 3429540, ""period_sort"": ""ONE_DAY"", ""platform"": ""29cm"", ""ranking_category_code"": ""268103100"", ""ranking_category_name"": ""여성의류>상의"", ""review_avg"": 5.0, ""sale_percent"": 33, ""sale_price"": 32850, ""sold_out"": false, ""url"": ""https://product.29cm.co.kr/catalog/3429540""}",2026-10-03T13:00:06+00:00_f8e2270a
2026-10-03T22:00:06+09:00,2026-10-03T13:00:06+00:00,commerce_rank,Circle Star Layered Long Sleeve Black,29cm:3429552,heart_count,7208.0,"{""brand_eng"": ""partimento"", ""brand_kor"": ""파르티멘토"", ""brand_no"": 1588, ""category1"": ""여성의류"", ""category2"": ""상의"", ""category3"": ""긴소매 티셔츠"", ""category3_code"": 268103102, ""is_new"": false, ""item_no"": 3429552, ""period_sort"": ""ONE_DAY"", ""platform"": ""29cm"", ""ranking_category_code"": ""268103100"", ""ranking_category_name"": ""여성의류>상의"", ""review_avg"": 5.0, ""sale_percent"": 33, ""sale_price"": 32850, ""sold_out"": false, ""url"": ""https://product.29cm.co.kr/catalog/3429552""}",2026-10-03T13:00:06+00:00_f8e2270a
2026-10-03T22:00:06+09:00,2026-10-03T13:00:06+00:00,commerce_rank,Circle Star Layered Long Sleeve Black,29cm:3429552,review_count,490.0,"{""brand_eng"": ""partimento"", ""brand_kor"": ""파르티멘토"", ""brand_no"": 1588, ""category1"": ""여성의류"", ""category2"": ""상의"", ""category3"": ""긴소매 티셔츠"", ""category3_code"": 268103102, ""is_new"": false, ""item_no"": 3429552, ""period_sort"": ""ONE_DAY"", ""platform"": ""29cm"", ""ranking_category_code"": ""268103100"", ""ranking_category_name"": ""여성의류>상의"", ""review_avg"": 5.0, ""sale_percent"": 33, ""sale_price"": 32850, ""sold_out"": false, ""url"": ""https://product.29cm.co.kr/catalog/3429552""}",2026-10-03T13:00:06+00:00_f8e2270a
2026-10-03T22:00:06+09:00,2026-10-03T13:00:06+00:00,commerce_rank,Circle Star Layered Long Sleeve Black,29cm:3429552@268103100,rank,24.0,"{""brand_eng"": ""partimento"", ""brand_kor"": ""파르티멘토"", ""brand_no"": 1588, ""category1"": ""여성의류"", ""category2"": ""상의"", ""category3"": ""긴소매 티셔츠"", ""category3_code"": 268103102, ""is_new"": false, ""item_no"": 3429552, ""period_sort"": ""ONE_DAY"", ""platform"": ""29cm"", ""ranking_category_code"": ""268103100"", ""ranking_category_name"": ""여성의류>상의"", ""review_avg"": 5.0, ""sale_percent"": 33, ""sale_price"": 32850, ""sold_out"": false, ""url"": ""https://product.29cm.co.kr/catalog/3429552""}",2026-10-03T13:00:06+00:00_f8e2270a
2026-10-03T22:00:06+09:00,2026-10-03T13:00:08+00:00,commerce_rank,TG3-SH13 블랙 워시드 데님 셔츠,29cm:3434711,heart_count,761.0,"{""brand_eng"": ""THOMAS MORE"", ""brand_kor"": ""토마스모어"", ""brand_no"": 2111, ""category1"": ""남성의류"", ""category2"": ""상의"", ""category3"": ""긴소매 셔츠"", ""category3_code"": 272103106, ""is_new"": false, ""item_no"": 3434711, ""period_sort"": ""ONE_DAY"", ""platform"": ""29cm"", ""ranking_category_code"": ""272103100"", ""ranking_category_name"": ""남성의류>상의"", ""review_avg"": 4.5, ""sale_percent"": 0, ""sale_price"": 67500, ""sold_out"": false, ""url"": ""https://product.29cm.co.kr/catalog/3434711""}",2026-10-03T13:00:06+00:00_f8e2270a
2026-10-03T22:00:06+09:00,2026-10-03T13:00:08+00:00,commerce_rank,TG3-SH13 블랙 워시드 데님 셔츠,29cm:3434711,review_count,50.0,"{""brand_eng"": ""THOMAS MORE"", ""brand_kor"": ""토마스모어"", ""brand_no"": 2111, ""category1"": ""남성의류"", ""category2"": ""상의"", ""category3"": ""긴소매 셔츠"", ""category3_code"": 272103106, ""is_new"": false, ""item_no"": 3434711, ""period_sort"": ""ONE_DAY"", ""platform"": ""29cm"", ""ranking_category_code"": ""272103100"", ""ranking_category_name"": ""남성의류>상의"", ""review_avg"": 4.5, ""sale_percent"": 0, ""sale_price"": 67500, ""sold_out"": false, ""url"": ""https://product.29cm.co.kr/catalog/3434711""}",2026-10-03T13:00:06+00:00_f8e2270a
2026-10-03T22:00:06+09:00,2026-10-03T13:00:08+00:00,commerce_rank,TG3-SH13 블랙 워시드 데님 셔츠,29cm:3434711@272103100,rank,45.0,"{""brand_eng"": ""THOMAS MORE"", ""brand_kor"": ""토마스모어"", ""brand_no"": 2111, ""category1"": ""남성의류"", ""category2"": ""상의"", ""category3"": ""긴소매 셔츠"", ""category3_code"": 272103106, ""is_new"": false, ""item_no"": 3434711, ""period_sort"": ""ONE_DAY"", ""platform"": ""29cm"", ""ranking_category_code"": ""272103100"", ""ranking_category_name"": ""남성의류>상의"", ""review_avg"": 4.5, ""sale_percent"": 0, ""sale_price"": 67500, ""sold_out"": false, ""url"": ""https://product.29cm.co.kr/catalog/3434711""}",2026-10-03T13:00:06+00:00_f8e2270a
2026-10-03T22:00:06+09:00,2026-10-03T13:00:06+00:00,commerce_rank,[2 PACK-컬러추가]Essential Golgi Tee-11 colors,29cm:3442256,heart_count,51059.0,"{""brand_eng"": ""BITTERCELLS"", ""brand_kor"": ""비터셀즈"", ""brand_no"": 15063, ""category1"": ""여성의류"", ""category2"": ""상의"", ""category3"": ""긴소매 티셔츠"", ""category3_code"": 268103102, ""is_new"": false, ""item_no"": 3442256, ""period_sort"": ""ONE_DAY"", ""platform"": ""29cm"", ""ranking_category_code"": ""268103100"", ""ranking_category_name"": ""여성의류>상의"", ""review_avg"": 5.0, ""sale_percent"": 19, ""sale_price"": 63180, ""sold_out"": false, ""url"": ""https://product.29cm.co.kr/catalog/3442256""}",2026-10-03T13:00:06+00:00_f8e2270a
2026-10-03T22:00:06+09:00,2026-10-03T13:00:06+00:00,commerce_rank,[2 PACK-컬러추가]Essential Golgi Tee-11 colors,29cm:3442256,review_count,2794.0,"{""brand_eng"": ""BITTERCELLS"", ""brand_kor"": ""비터셀즈"", ""brand_no"": 15063, ""category1"": ""여성의류"", ""category2"": ""상의"", ""category3"": ""긴소매 티셔츠"", ""category3_code"": 268103102, ""is_new"": false, ""item_no"": 3442256, ""period_sort"": ""ONE_DAY"", ""platform"": ""29cm"", ""ranking_category_code"": ""268103100"", ""ranking_category_name"": ""여성의류>상의"", ""review_avg"": 5.0, ""sale_percent"": 19, ""sale_price"": 63180, ""sold_out"": false, ""url"": ""https://product.29cm.co.kr/catalog/3442256""}",2026-10-03T13:00:06+00:00_f8e2270a
2026-10-03T22:00:06+09:00,2026-10-03T13:00:06+00:00,commerce_rank,[2 PACK-컬러추가]Essential Golgi Tee-11 colors,29cm:3442256@268103100,rank,14.0,"{""brand_eng"": ""BITTERCELLS"", ""brand_kor"": ""비터셀즈"", ""brand_no"": 15063, ""category1"": ""여성의류"", ""category2"": ""상의"", ""category3"": ""긴소매 티셔츠"", ""category3_code"": 268103102, ""is_new"": false, ""item_no"": 3442256, ""period_sort"": ""ONE_DAY"", ""platform"": ""29cm"", ""ranking_category_code"": ""268103100"", ""ranking_category_name"": ""여성의류>상의"", ""review_avg"": 5.0, ""sale_percent"": 19, ""sale_price"": 63180, ""sold_out"": false, ""url"": ""https://product.29cm.co.kr/catalog/3442256""}",2026-10-03T13:00:06+00:00_f8e2270a
2026-10-03T22:00:06+09:00,2026-10-03T13:00:06+00:00,commerce_rank,Oversized Essential Shirt-Ivory,29cm:3442316,heart_count,24110.0,"{""brand_eng"": ""BITTERCELLS"", ""brand_kor"": ""비터셀즈"", ""brand_no"": 15063, ""category1"": ""여성의류"", ""category2"": ""상의"", ""category3"": ""셔츠"", ""category3_code"": 268103106, ""is_new"": false, ""item_no"": 3442316, ""period_sort"": ""ONE_DAY"", ""platform"": ""29cm"", ""ranking_category_code"": ""268103100"", ""ranking_category_name"": ""여성의류>상의"", ""review_avg"": 5.0, ""sale_percent"": 10, ""sale_price"": 53100, ""sold_out"": false, ""url"": ""https://product.29cm.co.kr/catalog/3442316""}",2026-10-03T13:00:06+00:00_f8e2270a
2026-10-03T22:00:06+09:00,2026-10-03T13:00:06+00:00,commerce_rank,Oversized Essential Shirt-Ivory,29cm:3442316,review_count,681.0,"{""brand_eng"": ""BITTERCELLS"", ""brand_kor"": ""비터셀즈"", ""brand_no"": 15063, ""category1"": ""여성의류"", ""category2"": ""상의"", ""category3"": ""셔츠"", ""category3_code"": 268103106, ""is_new"": false, ""item_no"": 3442316, ""period_sort"": ""ONE_DAY"", ""platform"": ""29cm"", ""ranking_category_code"": ""268103100"", ""ranking_category_name"": ""여성의류>상의"", ""review_avg"": 5.0, ""sale_percent"": 10, ""sale_price"": 53100, ""sold_out"": false, ""url"": ""https://product.29cm.co.kr/catalog/3442316""}",2026-10-03T13:00:06+00:00_f8e2270a
2026-10-03T22:00:06+09:00,2026-10-03T13:00:06+00:00,commerce_rank,Oversized Essential Shirt-Ivory,29cm:3442316@268103100,rank,76.0,"{""brand_eng"": ""BITTERCELLS"", ""brand_kor"": ""비터셀즈"", ""brand_no"": 15063, ""category1"": ""여성의류"", ""category2"": ""상의"", ""category3"": ""셔츠"", ""category3_code"": 268103106, ""is_new"": false, ""item_no"": 3442316, ""period_sort"": ""ONE_DAY"", ""platform"": ""29cm"", ""ranking_category_code"": ""268103100"", ""ranking_category_name"": ""여성의류>상의"", ""review_avg"": 5.0, ""sale_percent"": 10, ""sale_price"": 53100, ""sold_out"": false, ""url"": ""https://product.29cm.co.kr/catalog/3442316""}",2026-10-03T13:00:06+00:00_f8e2270a
2026-10-03T22:00:06+09:00,2026-10-03T13:00:06+00:00,commerce_rank,[김가을 Pick] [27th] Wave Logo Raglan Long Top - White Melange(Navy),29cm:3444277,heart_count,26770.0,"{""brand_eng"": ""SOMEWHEREBUTTER"", ""brand_kor"": ""썸웨어버터"", ""brand_no"": 18640, ""category1"": ""여성의류"", ""category2"": ""상의"", ""category3"": ""긴소매 티셔츠"", ""category3_code"": 268103102, ""is_new"": false, ""item_no"": 3444277, ""period_sort"": ""ONE_DAY"", ""platform"": ""29cm"", ""ranking_category_code"": ""268103100"", ""ranking_category_name"": ""여성의류>상의"", ""review_avg"": 5.0, ""sale_percent"": 10, ""sale_price"": 62100, ""sold_out"": false, ""url"": ""https://product.29cm.co.kr/catalog/3444277""}",2026-10-03T13:00:06+00:00_f8e2270a
2026-10-03T22:00:06+09:00,2026-10-03T13:00:06+00:00,commerce_rank,[김가을 Pick] [27th] Wave Logo Raglan Long Top - White Melange(Navy),29cm:3444277,review_count,604.0,"{""brand_eng"": ""SOMEWHEREBUTTER"", ""brand_kor"": ""썸웨어버터"", ""brand_no"": 18640, ""category1"": ""여성의류"", ""category2"": ""상의"", ""category3"": ""긴소매 티셔츠"", ""category3_code"": 268103102, ""is_new"": false, ""item_no"": 3444277, ""period_sort"": ""ONE_DAY"", ""platform"": ""29cm"", ""ranking_category_code"": ""268103100"", ""ranking_category_name"": ""여성의류>상의"", ""review_avg"": 5.0, ""sale_percent"": 10, ""sale_price"": 62100, ""sold_out"": false, ""url"": ""https://product.29cm.co.kr/catalog/3444277""}",2026-10-03T13:00:06+00:00_f8e2270a
2026-10-03T22:00:06+09:00,2026-10-03T13:00:06+00:00,commerce_rank,[김가을 Pick] [27th] Wave Logo Raglan Long Top - White Melange(Navy),29cm:3444277@268103100,rank,82.0,"{""brand_eng"": ""SOMEWHEREBUTTER"", ""brand_kor"": ""썸웨어버터"", ""brand_no"": 18640, ""category1"": ""여성의류"", ""category2"": ""상의"", ""category3"": ""긴소매 티셔츠"", ""category3_code"": 268103102, ""is_new"": false, ""item_no"": 3444277, ""period_sort"": ""ONE_DAY"", ""platform"": ""29cm"", ""ranking_category_code"": ""268103100"", ""ranking_category_name"": ""여성의류>상의"", ""review_avg"": 5.0, ""sale_percent"": 10, ""sale_price"": 62100, ""sold_out"": false, ""url"": ""https://product.29cm.co.kr/catalog/3444277""}",2026-10-03T13:00:06+00:00_f8e2270a
2026-10-03T22:00:06+09:00,2026-10-03T13:00:08+00:00,commerce_rank,[2팩/세미크롭핏] 스웨트 셔츠,29cm:3450561,heart_count,813.0,"{""brand_eng"": ""DISCUS ATHLETIC"", ""brand_kor"": ""디스커스 애슬레틱"", ""brand_no"": 24583, ""category1"": ""남성의류"", ""category2"": ""상의"", ""category3"": ""스웨트셔츠"", ""category3_code"": 272103107, ""is_new"": false, ""item_no"": 3450561, ""period_sort"": ""ONE_DAY"", ""platform"": ""29cm"", ""ranking_category_code"": ""272103100"", ""ranking_category_name"": ""남성의류>상의"", ""review_avg"": 5.0, ""sale_percent"": 36, ""sale_price"": 69650, ""sold_out"": false, ""url"": ""https://product.29cm.co.kr/catalog/3450561""}",2026-10-03T13:00:06+00:00_f8e2270a
2026-10-03T22:00:06+09:00,2026-10-03T13:00:08+00:00,commerce_rank,[2팩/세미크롭핏] 스웨트 셔츠,29cm:3450561,review_count,106.0,"{""brand_eng"": ""DISCUS ATHLETIC"", ""brand_kor"": ""디스커스 애슬레틱"", ""brand_no"": 24583, ""category1"": ""남성의류"", ""category2"": ""상의"", ""category3"": ""스웨트셔츠"", ""category3_code"": 272103107, ""is_new"": false, ""item_no"": 3450561, ""period_sort"": ""ONE_DAY"", ""platform"": ""29cm"", ""ranking_category_code"": ""272103100"", ""ranking_category_name"": ""남성의류>상의"", ""review_avg"": 5.0, ""sale_percent"": 36, ""sale_price"": 69650, ""sold_out"": false, ""url"": ""https://product.29cm.co.kr/catalog/3450561""}",2026-10-03T13:00:06+00:00_f8e2270a
2026-10-03T22:00:06+09:00,2026-10-03T13:00:08+00:00,commerce_rank,[2팩/세미크롭핏] 스웨트 셔츠,29cm:3450561@272103100,rank,36.0,"{""brand_eng"": ""DISCUS ATHLETIC"", ""brand_kor"": ""디스커스 애슬레틱"", ""brand_no"": 24583, ""category1"": ""남성의류"", ""category2"": ""상의"", ""category3"": ""스웨트셔츠"", ""category3_code"": 272103107, ""is_new"": false, ""item_no"": 3450561, ""period_sort"": ""ONE_DAY"", ""platform"": ""29cm"", ""ranking_category_code"": ""272103100"", ""ranking_category_name"": ""남성의류>상의"", ""review_avg"": 5.0, ""sale_percent"": 36, ""sale_price"": 69650, ""sold_out"": false, ""url"": ""https://product.29cm.co.kr/catalog/3450561""}",2026-10-03T13:00:06+00:00_f8e2270a
2026-10-03T22:00:06+09:00,2026-10-03T13:00:06+00:00,commerce_rank,[8COLORS] 라인드 와플 롱 슬리브,29cm:3450583,heart_count,4366.0,"{""brand_eng"": ""MADDEN"", ""brand_kor"": ""매든"", ""brand_no"": 28008, ""category1"": ""여성의류"", ""category2"": ""상의"", ""category3"": ""긴소매 티셔츠"", ""category3_code"": 268103102, ""is_new"": false, ""item_no"": 3450583, ""period_sort"": ""ONE_DAY"", ""platform"": ""29cm"", ""ranking_category_code"": ""268103100"", ""ranking_category_name"": ""여성의류>상의"", ""review_avg"": 5.0, ""sale_percent"": 20, ""sale_price"": 47980, ""sold_out"": false, ""url"": ""https://product.29cm.co.kr/catalog/3450583""}",2026-10-03T13:00:06+00:00_f8e2270a
2026-10-03T22:00:06+09:00,2026-10-03T13:00:06+00:00,commerce_rank,[8COLORS] 라인드 와플 롱 슬리브,29cm:3450583,review_count,221.0,"{""brand_eng"": ""MADDEN"", ""brand_kor"": ""매든"", ""brand_no"": 28008, ""category1"": ""여성의류"", ""category2"": ""상의"", ""category3"": ""긴소매 티셔츠"", ""category3_code"": 268103102, ""is_new"": false, ""item_no"": 3450583, ""period_sort"": ""ONE_DAY"", ""platform"": ""29cm"", ""ranking_category_code"": ""268103100"", ""ranking_category_name"": ""여성의류>상의"", ""review_avg"": 5.0, ""sale_percent"": 20, ""sale_price"": 47980, ""sold_out"": false, ""url"": ""https://product.29cm.co.kr/catalog/3450583""}",2026-10-03T13:00:06+00:00_f8e2270a
2026-10-03T22:00:06+09:00,2026-10-03T13:00:06+00:00,commerce_rank,[8COLORS] 라인드 와플 롱 슬리브,29cm:3450583@268103100,rank,7.0,"{""brand_eng"": ""MADDEN"", ""brand_kor"": ""매든"", ""brand_no"": 28008, ""category1"": ""여성의류"", ""category2"": ""상의"", ""category3"": ""긴소매 티셔츠"", ""category3_code"": 268103102, ""is_new"": false, ""item_no"": 3450583, ""period_sort"": ""ONE_DAY"", ""platform"": ""29cm"", ""ranking_category_code"": ""268103100"", ""ranking_category_name"": ""여성의류>상의"", ""review_avg"": 5.0, ""sale_percent"": 20, ""sale_price"": 47980, ""sold_out"": false, ""url"": ""https://product.29cm.co.kr/catalog/3450583""}",2026-10-03T13:00:06+00:00_f8e2270a
2026-10-03T22:00:06+09:00,2026-10-03T13:00:06+00:00,commerce_rank,[6th] Nov raglan t-shirt (melange gray),29cm:3460541,heart_count,3065.0,"{""brand_eng"": ""THE MITTEN"", ""brand_kor"": ""더미튼"", ""brand_no"": 25573, ""category1"": ""여성의류"", ""category2"": ""상의"", ""category3"": ""긴소매 티셔츠"", ""category3_code"": 268103102, ""is_new"": false, ""item_no"": 3460541, ""period_sort"": ""ONE_DAY"", ""platform"": ""29cm"", ""ranking_category_code"": ""268103100"", ""ranking_category_name"": ""여성의류>상의"", ""review_avg"": 5.0, ""sale_percent"": 24, ""sale_price"": 64310, ""sold_out"": false, ""url"": ""https://product.29cm.co.kr/catalog/3460541""}",2026-10-03T13:00:06+00:00_f8e2270a
2026-10-03T22:00:06+09:00,2026-10-03T13:00:06+00:00,commerce_rank,[6th] Nov raglan t-shirt (melange gray),29cm:3460541,review_count,80.0,"{""brand_eng"": ""THE MITTEN"", ""brand_kor"": ""더미튼"", ""brand_no"": 25573, ""category1"": ""여성의류"", ""category2"": ""상의"", ""category3"": ""긴소매 티셔츠"", ""category3_code"": 268103102, ""is_new"": false, ""item_no"": 3460541, ""period_sort"": ""ONE_DAY"", ""platform"": ""29cm"", ""ranking_category_code"": ""268103100"", ""ranking_category_name"": ""여성의류>상의"", ""review_avg"": 5.0, ""sale_percent"": 24, ""sale_price"": 64310, ""sold_out"": false, ""url"": ""https://product.29cm.co.kr/catalog/3460541""}",2026-10-03T13:00:06+00:00_f8e2270a
2026-10-03T22:00:06+09:00,2026-10-03T13:00:06+00:00,commerce_rank,[6th] Nov raglan t-shirt (melange gray),29cm:3460541@268103100,rank,81.0,"{""brand_eng"": ""THE MITTEN"", ""brand_kor"": ""더미튼"", ""brand_no"": 25573, ""category1"": ""여성의류"", ""category2"": ""상의"", ""category3"": ""긴소매 티셔츠"", ""category3_code"": 268103102, ""is_new"": false, ""item_no"": 3460541, ""period_sort"": ""ONE_DAY"", ""platform"": ""29cm"", ""ranking_category_code"": ""268103100"", ""ranking_category_name"": ""여성의류>상의"", ""review_avg"": 5.0, ""sale_percent"": 24, ""sale_price"": 64310, ""sold_out"": false, ""url"": ""https://product.29cm.co.kr/catalog/3460541""}",2026-10-03T13:00:06+00:00_f8e2270a
2026-10-03T22:00:06+09:00,2026-10-03T13:00:06+00:00,commerce_rank,"[26th][오제,소진pick]Molly hoodie t-shirt (melange gray)",29cm:3460559,heart_count,10639.0,"{""brand_eng"": ""THE MITTEN"", ""brand_kor"": ""더미튼"", ""brand_no"": 25573, ""category1"": ""여성의류"", ""category2"": ""상의"", ""category3"": ""후디"", ""category3_code"": 268103105, ""is_new"": false, ""item_no"": 3460559, ""period_sort"": ""ONE_DAY"", ""platform"": ""29cm"", ""ranking_category_code"": ""268103100"", ""ranking_category_name"": ""여성의류>상의"", ""review_avg"": 5.0, ""sale_percent"": 24, ""sale_price"": 67330, ""sold_out"": false, ""url"": ""https://product.29cm.co.kr/catalog/3460559""}",2026-10-03T13:00:06+00:00_f8e2270a
2026-10-03T22:00:06+09:00,2026-10-03T13:00:06+00:00,commerce_rank,"[26th][오제,소진pick]Molly hoodie t-shirt (melange gray)",29cm:3460559,review_count,382.0,"{""brand_eng"": ""THE MITTEN"", ""brand_kor"": ""더미튼"", ""brand_no"": 25573, ""category1"": ""여성의류"", ""category2"": ""상의"", ""category3"": ""후디"", ""category3_code"": 268103105, ""is_new"": false, ""item_no"": 3460559, ""period_sort"": ""ONE_DAY"", ""platform"": ""29cm"", ""ranking_category_code"": ""268103100"", ""ranking_category_name"": ""여성의류>상의"", ""review_avg"": 5.0, ""sale_percent"": 24, ""sale_price"": 67330, ""sold_out"": false, ""url"": ""https://product.29cm.co.kr/catalog/3460559""}",2026-10-03T13:00:06+00:00_f8e2270a
2026-10-03T22:00:06+09:00,2026-10-03T13:00:06+00:00,commerce_rank,"[26th][오제,소진pick]Molly hoodie t-shirt (melange gray)",29cm:3460559@268103100,rank,94.0,"{""brand_eng"": ""THE MITTEN"", ""brand_kor"": ""더미튼"", ""brand_no"": 25573, ""category1"": ""여성의류"", ""category2"": ""상의"", ""category3"": ""후디"", ""category3_code"": 268103105, ""is_new"": false, ""item_no"": 3460559, ""period_sort"": ""ONE_DAY"", ""platform"": ""29cm"", ""ranking_category_code"": ""268103100"", ""ranking_category_name"": ""여성의류>상의"", ""review_avg"": 5.0, ""sale_percent"": 24, ""sale_price"": 67330, ""sold_out"": false, ""url"": ""https://product.29cm.co.kr/catalog/3460559""}",2026-10-03T13:00:06+00:00_f8e2270a
2026-10-03T22:00:06+09:00,2026-10-03T13:00:08+00:00,commerce_rank,U넥 긴팔 티셔츠 - 멜란지 그레이,29cm:3472825,heart_count,342.0,"{""brand_eng"": ""asp"", ""brand_kor"": ""애습"", ""brand_no"": 10042, ""category1"": ""남성의류"", ""category2"": ""상의"", ""category3"": ""긴소매 티셔츠"", ""category3_code"": 272103102, ""is_new"": false, ""item_no"": 3472825, ""period_sort"": ""ONE_DAY"", ""platform"": ""29cm"", ""ranking_category_code"": ""272103100"", ""ranking_category_name"": ""남성의류>상의"", ""review_avg"": 5.0, ""sale_percent"": 15, ""sale_price"": 37620, ""sold_out"": false, ""url"": ""https://product.29cm.co.kr/catalog/3472825""}",2026-10-03T13:00:06+00:00_f8e2270a
2026-10-03T22:00:06+09:00,2026-10-03T13:00:08+00:00,commerce_rank,U넥 긴팔 티셔츠 - 멜란지 그레이,29cm:3472825,review_count,25.0,"{""brand_eng"": ""asp"", ""brand_kor"": ""애습"", ""brand_no"": 10042, ""category1"": ""남성의류"", ""category2"": ""상의"", ""category3"": ""긴소매 티셔츠"", ""category3_code"": 272103102, ""is_new"": false, ""item_no"": 3472825, ""period_sort"": ""ONE_DAY"", ""platform"": ""29cm"", ""ranking_category_code"": ""272103100"", ""ranking_category_name"": ""남성의류>상의"", ""review_avg"": 5.0, ""sale_percent"": 15, ""sale_price"": 37620, ""sold_out"": false, ""url"": ""https://product.29cm.co.kr/catalog/3472825""}",2026-10-03T13:00:06+00:00_f8e2270a
2026-10-03T22:00:06+09:00,2026-10-03T13:00:08+00:00,commerce_rank,U넥 긴팔 티셔츠 - 멜란지 그레이,29cm:3472825@272103100,rank,87.0,"{""brand_eng"": ""asp"", ""brand_kor"": ""애습"", ""brand_no"": 10042, ""category1"": ""남성의류"", ""category2"": ""상의"", ""category3"": ""긴소매 티셔츠"", ""category3_code"": 272103102, ""is_new"": false, ""item_no"": 3472825, ""period_sort"": ""ONE_DAY"", ""platform"": ""29cm"", ""ranking_category_code"": ""272103100"", ""ranking_category_name"": ""남성의류>상의"", ""review_avg"": 5.0, ""sale_percent"": 15, ""sale_price"": 37620, ""sold_out"": false, ""url"": ""https://product.29cm.co.kr/catalog/3472825""}",2026-10-03T13:00:06+00:00_f8e2270a
2026-10-03T22:00:06+09:00,2026-10-03T13:00:08+00:00,commerce_rank,페이디드 셔츠 - 차콜 브라운,29cm:3472831,heart_count,647.0,"{""brand_eng"": ""asp"", ""brand_kor"": ""애습"", ""brand_no"": 10042, ""category1"": ""남성의류"", ""category2"": ""상의"", ""category3"": ""긴소매 셔츠"", ""category3_code"": 272103106, ""is_new"": false, ""item_no"": 3472831, ""period_sort"": ""ONE_DAY"", ""platform"": ""29cm"", ""ranking_category_code"": ""272103100"", ""ranking_category_name"": ""남성의류>상의"", ""review_avg"": 5.0, ""sale_percent"": 15, ""sale_price"": 64980, ""sold_out"": false, ""url"": ""https://product.29cm.co.kr/catalog/3472831""}",2026-10-03T13:00:06+00:00_f8e2270a
2026-10-03T22:00:06+09:00,2026-10-03T13:00:08+00:00,commerce_rank,페이디드 셔츠 - 차콜 브라운,29cm:3472831,review_count,31.0,"{""brand_eng"": ""asp"", ""brand_kor"": ""애습"", ""brand_no"": 10042, ""category1"": ""남성의류"", ""category2"": ""상의"", ""category3"": ""긴소매 셔츠"", ""category3_code"": 272103106, ""is_new"": false, ""item_no"": 3472831, ""period_sort"": ""ONE_DAY"", ""platform"": ""29cm"", ""ranking_category_code"": ""272103100"", ""ranking_category_name"": ""남성의류>상의"", ""review_avg"": 5.0, ""sale_percent"": 15, ""sale_price"": 64980, ""sold_out"": false, ""url"": ""https://product.29cm.co.kr/catalog/3472831""}",2026-10-03T13:00:06+00:00_f8e2270a
2026-10-03T22:00:06+09:00,2026-10-03T13:00:08+00:00,commerce_rank,페이디드 셔츠 - 차콜 브라운,29cm:3472831@272103100,rank,32.0,"{""brand_eng"": ""asp"", ""brand_kor"": ""애습"", ""brand_no"": 10042, ""category1"": ""남성의류"", ""category2"": ""상의"", ""category3"": ""긴소매 셔츠"", ""category3_code"": 272103106, ""is_new"": false, ""item_no"": 3472831, ""period_sort"": ""ONE_DAY"", ""platform"": ""29cm"", ""ranking_category_code"": ""272103100"", ""ranking_category_name"": ""남성의류>상의"", ""review_avg"": 5.0, ""sale_percent"": 15, ""sale_price"": 64980, ""sold_out"": false, ""url"": ""https://product.29cm.co.kr/catalog/3472831""}",2026-10-03T13:00:06+00:00_f8e2270a
2026-10-03T22:00:06+09:00,2026-10-03T13:00:08+00:00,commerce_rank,Garment Dyed Waffle Henley_Cream,29cm:3490398,heart_count,92.0,"{""brand_eng"": ""Art if acts"", ""brand_kor"": ""아트 이프 액츠"", ""brand_no"": 2911, ""category1"": ""남성의류"", ""category2"": ""상의"", ""category3"": ""긴소매 티셔츠"", ""category3_code"": 272103102, ""is_new"": false, ""item_no"": 3490398, ""period_sort"": ""ONE_DAY"", ""platform"": ""29cm"", ""ranking_category_code"": ""272103100"", ""ranking_category_name"": ""남성의류>상의"", ""review_avg"": 4.5, ""sale_percent"": 0, ""sale_price"": 98000, ""sold_out"": false, ""url"": ""https://product.29cm.co.kr/catalog/3490398""}",2026-10-03T13:00:06+00:00_f8e2270a
2026-10-03T22:00:06+09:00,2026-10-03T13:00:08+00:00,commerce_rank,Garment Dyed Waffle Henley_Cream,29cm:3490398,review_count,3.0,"{""brand_eng"": ""Art if acts"", ""brand_kor"": ""아트 이프 액츠"", ""brand_no"": 2911, ""category1"": ""남성의류"", ""category2"": ""상의"", ""category3"": ""긴소매 티셔츠"", ""category3_code"": 272103102, ""is_new"": false, ""item_no"": 3490398, ""period_sort"": ""ONE_DAY"", ""platform"": ""29cm"", ""ranking_category_code"": ""272103100"", ""ranking_category_name"": ""남성의류>상의"", ""review_avg"": 4.5, ""sale_percent"": 0, ""sale_price"": 98000, ""sold_out"": false, ""url"": ""https://product.29cm.co.kr/catalog/3490398""}",2026-10-03T13:00:06+00:00_f8e2270a
2026-10-03T22:00:06+09:00,2026-10-03T13:00:08+00:00,commerce_rank,Garment Dyed Waffle Henley_Cream,29cm:3490398@272103100,rank,89.0,"{""brand_eng"": ""Art if acts"", ""brand_kor"": ""아트 이프 액츠"", ""brand_no"": 2911, ""category1"": ""남성의류"", ""category2"": ""상의"", ""category3"": ""긴소매 티셔츠"", ""category3_code"": 272103102, ""is_new"": false, ""item_no"": 3490398, ""period_sort"": ""ONE_DAY"", ""platform"": ""29cm"", ""ranking_category_code"": ""272103100"", ""ranking_category_name"": ""남성의류>상의"", ""review_avg"": 4.5, ""sale_percent"": 0, ""sale_price"": 98000, ""sold_out"": false, ""url"": ""https://product.29cm.co.kr/catalog/3490398""}",2026-10-03T13:00:06+00:00_f8e2270a
2026-10-03T22:00:06+09:00,2026-10-03T13:00:06+00:00,commerce_rank,Folder L/S Tee (4 Colors),29cm:3522545,heart_count,8053.0,"{""brand_eng"": ""TEKET"", ""brand_kor"": ""테켓"", ""brand_no"": 34509, ""category1"": ""여성의류"", ""category2"": ""상의"", ""category3"": ""긴소매 티셔츠"", ""category3_code"": 268103102, ""is_new"": false, ""item_no"": 3522545, ""period_sort"": ""ONE_DAY"", ""platform"": ""29cm"", ""ranking_category_code"": ""268103100"", ""ranking_category_name"": ""여성의류>상의"", ""review_avg"": 5.0, ""sale_percent"": 0, ""sale_price"": 65000, ""sold_out"": false, ""url"": ""https://product.29cm.co.kr/catalog/3522545""}",2026-10-03T13:00:06+00:00_f8e2270a
2026-10-03T22:00:06+09:00,2026-10-03T13:00:06+00:00,commerce_rank,Folder L/S Tee (4 Colors),29cm:3522545,review_count,599.0,"{""brand_eng"": ""TEKET"", ""brand_kor"": ""테켓"", ""brand_no"": 34509, ""category1"": ""여성의류"", ""category2"": ""상의"", ""category3"": ""긴소매 티셔츠"", ""category3_code"": 268103102, ""is_new"": false, ""item_no"": 3522545, ""period_sort"": ""ONE_DAY"", ""platform"": ""29cm"", ""ranking_category_code"": ""268103100"", ""ranking_category_name"": ""여성의류>상의"", ""review_avg"": 5.0, ""sale_percent"": 0, ""sale_price"": 65000, ""sold_out"": false, ""url"": ""https://product.29cm.co.kr/catalog/3522545""}",2026-10-03T13:00:06+00:00_f8e2270a
2026-10-03T22:00:06+09:00,2026-10-03T13:00:06+00:00,commerce_rank,Folder L/S Tee (4 Colors),29cm:3522545@268103100,rank,29.0,"{""brand_eng"": ""TEKET"", ""brand_kor"": ""테켓"", ""brand_no"": 34509, ""category1"": ""여성의류"", ""category2"": ""상의"", ""category3"": ""긴소매 티셔츠"", ""category3_code"": 268103102, ""is_new"": false, ""item_no"": 3522545, ""period_sort"": ""ONE_DAY"", ""platform"": ""29cm"", ""ranking_category_code"": ""268103100"", ""ranking_category_name"": ""여성의류>상의"", ""review_avg"": 5.0, ""sale_percent"": 0, ""sale_price"": 65000, ""sold_out"": false, ""url"": ""https://product.29cm.co.kr/catalog/3522545""}",2026-10-03T13:00:06+00:00_f8e2270a
2026-10-03T22:00:06+09:00,2026-10-03T13:00:06+00:00,commerce_rank,Raye Pocket Shirt_Navy,29cm:3523834,heart_count,10543.0,"{""brand_eng"": ""THE BARNNET"", ""brand_kor"": ""더바넷"", ""brand_no"": 76630, ""category1"": ""여성의류"", ""category2"": ""상의"", ""category3"": ""셔츠"", ""category3_code"": 268103106, ""is_new"": false, ""item_no"": 3523834, ""period_sort"": ""ONE_DAY"", ""platform"": ""29cm"", ""ranking_category_code"": ""268103100"", ""ranking_category_name"": ""여성의류>상의"", ""review_avg"": 5.0, ""sale_percent"": 33, ""sale_price"": 92480, ""sold_out"": false, ""url"": ""https://product.29cm.co.kr/catalog/3523834""}",2026-10-03T13:00:06+00:00_f8e2270a
2026-10-03T22:00:06+09:00,2026-10-03T13:00:06+00:00,commerce_rank,Raye Pocket Shirt_Navy,29cm:3523834,review_count,189.0,"{""brand_eng"": ""THE BARNNET"", ""brand_kor"": ""더바넷"", ""brand_no"": 76630, ""category1"": ""여성의류"", ""category2"": ""상의"", ""category3"": ""셔츠"", ""category3_code"": 268103106, ""is_new"": false, ""item_no"": 3523834, ""period_sort"": ""ONE_DAY"", ""platform"": ""29cm"", ""ranking_category_code"": ""268103100"", ""ranking_category_name"": ""여성의류>상의"", ""review_avg"": 5.0, ""sale_percent"": 33, ""sale_price"": 92480, ""sold_out"": false, ""url"": ""https://product.29cm.co.kr/catalog/3523834""}",2026-10-03T13:00:06+00:00_f8e2270a
2026-10-03T22:00:06+09:00,2026-10-03T13:00:06+00:00,commerce_rank,Raye Pocket Shirt_Navy,29cm:3523834@268103100,rank,60.0,"{""brand_eng"": ""THE BARNNET"", ""brand_kor"": ""더바넷"", ""brand_no"": 76630, ""category1"": ""여성의류"", ""category2"": ""상의"", ""category3"": ""셔츠"", ""category3_code"": 268103106, ""is_new"": false, ""item_no"": 3523834, ""period_sort"": ""ONE_DAY"", ""platform"": ""29cm"", ""ranking_category_code"": ""268103100"", ""ranking_category_name"": ""여성의류>상의"", ""review_avg"": 5.0, ""sale_percent"": 33, ""sale_price"": 92480, ""sold_out"": false, ""url"": ""https://product.29cm.co.kr/catalog/3523834""}",2026-10-03T13:00:06+00:00_f8e2270a
2026-10-03T22:00:06+09:00,2026-10-03T13:00:06+00:00,commerce_rank,[57th] Curve scarf blouse (stone gray),29cm:3535240,heart_count,33382.0,"{""brand_eng"": ""PREP FOR THE"", ""brand_kor"": ""프렙포더"", ""brand_no"": 86845, ""category1"": ""여성의류"", ""category2"": ""상의"", ""category3"": ""블라우스"", ""category3_code"": 268103107, ""is_new"": false, ""item_no"": 3535240, ""period_sort"": ""ONE_DAY"", ""platform"": ""29cm"", ""ranking_category_code"": ""268103100"", ""ranking_category_name"": ""여성의류>상의"", ""review_avg"": 5.0, ""sale_percent"": 14, ""sale_price"": 125690, ""sold_out"": false, ""url"": ""https://product.29cm.co.kr/catalog/3535240""}",2026-10-03T13:00:06+00:00_f8e2270a
2026-10-03T22:00:06+09:00,2026-10-03T13:00:06+00:00,commerce_rank,[57th] Curve scarf blouse (stone gray),29cm:3535240,review_count,412.0,"{""brand_eng"": ""PREP FOR THE"", ""brand_kor"": ""프렙포더"", ""brand_no"": 86845, ""category1"": ""여성의류"", ""category2"": ""상의"", ""category3"": ""블라우스"", ""category3_code"": 268103107, ""is_new"": false, ""item_no"": 3535240, ""period_sort"": ""ONE_DAY"", ""platform"": ""29cm"", ""ranking_category_code"": ""268103100"", ""ranking_category_name"": ""여성의류>상의"", ""review_avg"": 5.0, ""sale_percent"": 14, ""sale_price"": 125690, ""sold_out"": false, ""url"": ""https://product.29cm.co.kr/catalog/3535240""}",2026-10-03T13:00:06+00:00_f8e2270a
2026-10-03T22:00:06+09:00,2026-10-03T13:00:06+00:00,commerce_rank,[57th] Curve scarf blouse (stone gray),29cm:3535240@268103100,rank,20.0,"{""brand_eng"": ""PREP FOR THE"", ""brand_kor"": ""프렙포더"", ""brand_no"": 86845, ""category1"": ""여성의류"", ""category2"": ""상의"", ""category3"": ""블라우스"", ""category3_code"": 268103107, ""is_new"": false, ""item_no"": 3535240, ""period_sort"": ""ONE_DAY"", ""platform"": ""29cm"", ""ranking_category_code"": ""268103100"", ""ranking_category_name"": ""여성의류>상의"", ""review_avg"": 5.0, ""sale_percent"": 14, ""sale_price"": 125690, ""sold_out"": false, ""url"": ""https://product.29cm.co.kr/catalog/3535240""}",2026-10-03T13:00:06+00:00_f8e2270a
2026-10-03T22:00:06+09:00,2026-10-03T13:00:06+00:00,commerce_rank,Easy long sleeve_5 Colors,29cm:3540872,heart_count,628.0,"{""brand_eng"": ""BUDHI MUDRA"", ""brand_kor"": ""부디무드라"", ""brand_no"": 20781, ""category1"": ""여성의류"", ""category2"": ""상의"", ""category3"": ""긴소매 티셔츠"", ""category3_code"": 268103102, ""is_new"": false, ""item_no"": 3540872, ""period_sort"": ""ONE_DAY"", ""platform"": ""29cm"", ""ranking_category_code"": ""268103100"", ""ranking_category_name"": ""여성의류>상의"", ""review_avg"": 4.5, ""sale_percent"": 12, ""sale_price"": 48400, ""sold_out"": false, ""url"": ""https://product.29cm.co.kr/catalog/3540872""}",2026-10-03T13:00:06+00:00_f8e2270a
2026-10-03T22:00:06+09:00,2026-10-03T13:00:06+00:00,commerce_rank,Easy long sleeve_5 Colors,29cm:3540872,review_count,84.0,"{""brand_eng"": ""BUDHI MUDRA"", ""brand_kor"": ""부디무드라"", ""brand_no"": 20781, ""category1"": ""여성의류"", ""category2"": ""상의"", ""category3"": ""긴소매 티셔츠"", ""category3_code"": 268103102, ""is_new"": false, ""item_no"": 3540872, ""period_sort"": ""ONE_DAY"", ""platform"": ""29cm"", ""ranking_category_code"": ""268103100"", ""ranking_category_name"": ""여성의류>상의"", ""review_avg"": 4.5, ""sale_percent"": 12, ""sale_price"": 48400, ""sold_out"": false, ""url"": ""https://product.29cm.co.kr/catalog/3540872""}",2026-10-03T13:00:06+00:00_f8e2270a
2026-10-03T22:00:06+09:00,2026-10-03T13:00:06+00:00,commerce_rank,Easy long sleeve_5 Colors,29cm:3540872@268103100,rank,50.0,"{""brand_eng"": ""BUDHI MUDRA"", ""brand_kor"": ""부디무드라"", ""brand_no"": 20781, ""category1"": ""여성의류"", ""category2"": ""상의"", ""category3"": ""긴소매 티셔츠"", ""category3_code"": 268103102, ""is_new"": false, ""item_no"": 3540872, ""period_sort"": ""ONE_DAY"", ""platform"": ""29cm"", ""ranking_category_code"": ""268103100"", ""ranking_category_name"": ""여성의류>상의"", ""review_avg"": 4.5, ""sale_percent"": 12, ""sale_price"": 48400, ""sold_out"": false, ""url"": ""https://product.29cm.co.kr/catalog/3540872""}",2026-10-03T13:00:06+00:00_f8e2270a
2026-10-03T22:00:06+09:00,2026-10-03T13:00:06+00:00,commerce_rank,044 레글런 롱 슬리브 티셔츠,29cm:3545920,heart_count,10448.0,"{""brand_eng"": ""VIVA LA VIDA"", ""brand_kor"": ""비바라비다"", ""brand_no"": 100816, ""category1"": ""여성의류"", ""category2"": ""상의"", ""category3"": ""긴소매 티셔츠"", ""category3_code"": 268103102, ""is_new"": false, ""item_no"": 3545920, ""period_sort"": ""ONE_DAY"", ""platform"": ""29cm"", ""ranking_category_code"": ""268103100"", ""ranking_category_name"": ""여성의류>상의"", ""review_avg"": 5.0, ""sale_percent"": 31, ""sale_price"": 32310, ""sold_out"": false, ""url"": ""https://product.29cm.co.kr/catalog/3545920""}",2026-10-03T13:00:06+00:00_f8e2270a
2026-10-03T22:00:06+09:00,2026-10-03T13:00:06+00:00,commerce_rank,044 레글런 롱 슬리브 티셔츠,29cm:3545920,review_count,228.0,"{""brand_eng"": ""VIVA LA VIDA"", ""brand_kor"": ""비바라비다"", ""brand_no"": 100816, ""category1"": ""여성의류"", ""category2"": ""상의"", ""category3"": ""긴소매 티셔츠"", ""category3_code"": 268103102, ""is_new"": false, ""item_no"": 3545920, ""period_sort"": ""ONE_DAY"", ""platform"": ""29cm"", ""ranking_category_code"": ""268103100"", ""ranking_category_name"": ""여성의류>상의"", ""review_avg"": 5.0, ""sale_percent"": 31, ""sale_price"": 32310, ""sold_out"": false, ""url"": ""https://product.29cm.co.kr/catalog/3545920""}",2026-10-03T13:00:06+00:00_f8e2270a
2026-10-03T22:00:06+09:00,2026-10-03T13:00:06+00:00,commerce_rank,044 레글런 롱 슬리브 티셔츠,29cm:3545920@268103100,rank,17.0,"{""brand_eng"": ""VIVA LA VIDA"", ""brand_kor"": ""비바라비다"", ""brand_no"": 100816, ""category1"": ""여성의류"", ""category2"": ""상의"", ""category3"": ""긴소매 티셔츠"", ""category3_code"": 268103102, ""is_new"": false, ""item_no"": 3545920, ""period_sort"": ""ONE_DAY"", ""platform"": ""29cm"", ""ranking_category_code"": ""268103100"", ""ranking_category_name"": ""여성의류>상의"", ""review_avg"": 5.0, ""sale_percent"": 31, ""sale_price"": 32310, ""sold_out"": false, ""url"": ""https://product.29cm.co.kr/catalog/3545920""}",2026-10-03T13:00:06+00:00_f8e2270a
2026-10-03T22:00:06+09:00,2026-10-03T13:00:08+00:00,commerce_rank,ASKIN LOGO LONG SLEEVE (BROWN GREY),29cm:3549850,heart_count,501.0,"{""brand_eng"": ""GOYOWEAR"", ""brand_kor"": ""고요웨어"", ""brand_no"": 16187, ""category1"": ""남성의류"", ""category2"": ""상의"", ""category3"": ""긴소매 티셔츠"", ""category3_code"": 272103102, ""is_new"": false, ""item_no"": 3549850, ""period_sort"": ""ONE_DAY"", ""platform"": ""29cm"", ""ranking_category_code"": ""272103100"", ""ranking_category_name"": ""남성의류>상의"", ""review_avg"": 5.0, ""sale_percent"": 5, ""sale_price"": 46550, ""sold_out"": false, ""url"": ""https://product.29cm.co.kr/catalog/3549850""}",2026-10-03T13:00:06+00:00_f8e2270a
2026-10-03T22:00:06+09:00,2026-10-03T13:00:08+00:00,commerce_rank,ASKIN LOGO LONG SLEEVE (BROWN GREY),29cm:3549850,review_count,35.0,"{""brand_eng"": ""GOYOWEAR"", ""brand_kor"": ""고요웨어"", ""brand_no"": 16187, ""category1"": ""남성의류"", ""category2"": ""상의"", ""category3"": ""긴소매 티셔츠"", ""category3_code"": 272103102, ""is_new"": false, ""item_no"": 3549850, ""period_sort"": ""ONE_DAY"", ""platform"": ""29cm"", ""ranking_category_code"": ""272103100"", ""ranking_category_name"": ""남성의류>상의"", ""review_avg"": 5.0, ""sale_percent"": 5, ""sale_price"": 46550, ""sold_out"": false, ""url"": ""https://product.29cm.co.kr/catalog/3549850""}",2026-10-03T13:00:06+00:00_f8e2270a
2026-10-03T22:00:06+09:00,2026-10-03T13:00:08+00:00,commerce_rank,ASKIN LOGO LONG SLEEVE (BROWN GREY),29cm:3549850@272103100,rank,61.0,"{""brand_eng"": ""GOYOWEAR"", ""brand_kor"": ""고요웨어"", ""brand_no"": 16187, ""category1"": ""남성의류"", ""category2"": ""상의"", ""category3"": ""긴소매 티셔츠"", ""category3_code"": 272103102, ""is_new"": false, ""item_no"": 3549850, ""period_sort"": ""ONE_DAY"", ""platform"": ""29cm"", ""ranking_category_code"": ""272103100"", ""ranking_category_name"": ""남성의류>상의"", ""review_avg"": 5.0, ""sale_percent"": 5, ""sale_price"": 46550, ""sold_out"": false, ""url"": ""https://product.29cm.co.kr/catalog/3549850""}",2026-10-03T13:00:06+00:00_f8e2270a
2026-10-03T22:00:06+09:00,2026-10-03T13:00:06+00:00,commerce_rank,[RESTOCK][47차] Draped Wool Tencel Layered Tee Set (Gray),29cm:3598810,heart_count,29186.0,"{""brand_eng"": ""TOAVE"", ""brand_kor"": ""토아베"", ""brand_no"": 101870, ""category1"": ""여성의류"", ""category2"": ""상의"", ""category3"": ""긴소매 티셔츠"", ""category3_code"": 268103102, ""is_new"": false, ""item_no"": 3598810, ""period_sort"": ""ONE_DAY"", ""platform"": ""29cm"", ""ranking_category_code"": ""268103100"", ""ranking_category_name"": ""여성의류>상의"", ""review_avg"": 4.5, ""sale_percent"": 10, ""sale_price"": 71820, ""sold_out"": false, ""url"": ""https://product.29cm.co.kr/catalog/3598810""}",2026-10-03T13:00:06+00:00_f8e2270a
2026-10-03T22:00:06+09:00,2026-10-03T13:00:06+00:00,commerce_rank,[RESTOCK][47차] Draped Wool Tencel Layered Tee Set (Gray),29cm:3598810,review_count,324.0,"{""brand_eng"": ""TOAVE"", ""brand_kor"": ""토아베"", ""brand_no"": 101870, ""category1"": ""여성의류"", ""category2"": ""상의"", ""category3"": ""긴소매 티셔츠"", ""category3_code"": 268103102, ""is_new"": false, ""item_no"": 3598810, ""period_sort"": ""ONE_DAY"", ""platform"": ""29cm"", ""ranking_category_code"": ""268103100"", ""ranking_category_name"": ""여성의류>상의"", ""review_avg"": 4.5, ""sale_percent"": 10, ""sale_price"": 71820, ""sold_out"": false, ""url"": ""https://product.29cm.co.kr/catalog/3598810""}",2026-10-03T13:00:06+00:00_f8e2270a
2026-10-03T22:00:06+09:00,2026-10-03T13:00:06+00:00,commerce_rank,[RESTOCK][47차] Draped Wool Tencel Layered Tee Set (Gray),29cm:3598810@268103100,rank,100.0,"{""brand_eng"": ""TOAVE"", ""brand_kor"": ""토아베"", ""brand_no"": 101870, ""category1"": ""여성의류"", ""category2"": ""상의"", ""category3"": ""긴소매 티셔츠"", ""category3_code"": 268103102, ""is_new"": false, ""item_no"": 3598810, ""period_sort"": ""ONE_DAY"", ""platform"": ""29cm"", ""ranking_category_code"": ""268103100"", ""ranking_category_name"": ""여성의류>상의"", ""review_avg"": 4.5, ""sale_percent"": 10, ""sale_price"": 71820, ""sold_out"": false, ""url"": ""https://product.29cm.co.kr/catalog/3598810""}",2026-10-03T13:00:06+00:00_f8e2270a
2026-10-03T22:00:06+09:00,2026-10-03T13:00:06+00:00,commerce_rank,[41th] Raglan Campus Logo Long Top - Grey(Navy),29cm:3628013,heart_count,22427.0,"{""brand_eng"": ""SOMEWHEREBUTTER"", ""brand_kor"": ""썸웨어버터"", ""brand_no"": 18640, ""category1"": ""여성의류"", ""category2"": ""상의"", ""category3"": ""긴소매 티셔츠"", ""category3_code"": 268103102, ""is_new"": false, ""item_no"": 3628013, ""period_sort"": ""ONE_DAY"", ""platform"": ""29cm"", ""ranking_category_code"": ""268103100"", ""ranking_category_name"": ""여성의류>상의"", ""review_avg"": 5.0, ""sale_percent"": 10, ""sale_price"": 44100, ""sold_out"": false, ""url"": ""https://product.29cm.co.kr/catalog/3628013""}",2026-10-03T13:00:06+00:00_f8e2270a
2026-10-03T22:00:06+09:00,2026-10-03T13:00:06+00:00,commerce_rank,[41th] Raglan Campus Logo Long Top - Grey(Navy),29cm:3628013,review_count,633.0,"{""brand_eng"": ""SOMEWHEREBUTTER"", ""brand_kor"": ""썸웨어버터"", ""brand_no"": 18640, ""category1"": ""여성의류"", ""category2"": ""상의"", ""category3"": ""긴소매 티셔츠"", ""category3_code"": 268103102, ""is_new"": false, ""item_no"": 3628013, ""period_sort"": ""ONE_DAY"", ""platform"": ""29cm"", ""ranking_category_code"": ""268103100"", ""ranking_category_name"": ""여성의류>상의"", ""review_avg"": 5.0, ""sale_percent"": 10, ""sale_price"": 44100, ""sold_out"": false, ""url"": ""https://product.29cm.co.kr/catalog/3628013""}",2026-10-03T13:00:06+00:00_f8e2270a
2026-10-03T22:00:06+09:00,2026-10-03T13:00:06+00:00,commerce_rank,[41th] Raglan Campus Logo Long Top - Grey(Navy),29cm:3628013@268103100,rank,8.0,"{""brand_eng"": ""SOMEWHEREBUTTER"", ""brand_kor"": ""썸웨어버터"", ""brand_no"": 18640, ""category1"": ""여성의류"", ""category2"": ""상의"", ""category3"": ""긴소매 티셔츠"", ""category3_code"": 268103102, ""is_new"": false, ""item_no"": 3628013, ""period_sort"": ""ONE_DAY"", ""platform"": ""29cm"", ""ranking_category_code"": ""268103100"", ""ranking_category_name"": ""여성의류>상의"", ""review_avg"": 5.0, ""sale_percent"": 10, ""sale_price"": 44100, ""sold_out"": false, ""url"": ""https://product.29cm.co.kr/catalog/3628013""}",2026-10-03T13:00:06+00:00_f8e2270a
2026-10-03T22:00:06+09:00,2026-10-03T13:00:08+00:00,commerce_rank,Blue Chambray Work Shirt KR Ver. Dark Indigo,29cm:3628796,heart_count,983.0,"{""brand_eng"": ""BRONSON"", ""brand_kor"": ""브론슨"", ""brand_no"": 89408, ""category1"": ""남성의류"", ""category2"": ""상의"", ""category3"": ""긴소매 셔츠"", ""category3_code"": 272103106, ""is_new"": false, ""item_no"": 3628796, ""period_sort"": ""ONE_DAY"", ""platform"": ""29cm"", ""ranking_category_code"": ""272103100"", ""ranking_category_name"": ""남성의류>상의"", ""review_avg"": 4.5, ""sale_percent"": 10, ""sale_price"": 66600, ""sold_out"": false, ""url"": ""https://product.29cm.co.kr/catalog/3628796""}",2026-10-03T13:00:06+00:00_f8e2270a
2026-10-03T22:00:06+09:00,2026-10-03T13:00:08+00:00,commerce_rank,Blue Chambray Work Shirt KR Ver. Dark Indigo,29cm:3628796,review_count,40.0,"{""brand_eng"": ""BRONSON"", ""brand_kor"": ""브론슨"", ""brand_no"": 89408, ""category1"": ""남성의류"", ""category2"": ""상의"", ""category3"": ""긴소매 셔츠"", ""category3_code"": 272103106, ""is_new"": false, ""item_no"": 3628796, ""period_sort"": ""ONE_DAY"", ""platform"": ""29cm"", ""ranking_category_code"": ""272103100"", ""ranking_category_name"": ""남성의류>상의"", ""review_avg"": 4.5, ""sale_percent"": 10, ""sale_price"": 66600, ""sold_out"": false, ""url"": ""https://product.29cm.co.kr/catalog/3628796""}",2026-10-03T13:00:06+00:00_f8e2270a
2026-10-03T22:00:06+09:00,2026-10-03T13:00:08+00:00,commerce_rank,Blue Chambray Work Shirt KR Ver. Dark Indigo,29cm:3628796@272103100,rank,29.0,"{""brand_eng"": ""BRONSON"", ""brand_kor"": ""브론슨"", ""brand_no"": 89408, ""category1"": ""남성의류"", ""category2"": ""상의"", ""category3"": ""긴소매 셔츠"", ""category3_code"": 272103106, ""is_new"": false, ""item_no"": 3628796, ""period_sort"": ""ONE_DAY"", ""platform"": ""29cm"", ""ranking_category_code"": ""272103100"", ""ranking_category_name"": ""남성의류>상의"", ""review_avg"": 4.5, ""sale_percent"": 10, ""sale_price"": 66600, ""sold_out"": false, ""url"": ""https://product.29cm.co.kr/catalog/3628796""}",2026-10-03T13:00:06+00:00_f8e2270a
2026-10-03T22:00:06+09:00,2026-10-03T13:00:06+00:00,commerce_rank,원 클래식 드라이 핏 긴소매 탑 W - [블랙:화이트 / FN2802-013],29cm:3679452,heart_count,3996.0,"{""brand_eng"": ""NIKE"", ""brand_kor"": ""나이키"", ""brand_no"": 95369, ""category1"": ""레저"", ""category2"": ""피트니스"", ""category3"": ""상의"", ""category3_code"": 286106101, ""is_new"": false, ""item_no"": 3679452, ""period_sort"": ""ONE_DAY"", ""platform"": ""29cm"", ""ranking_category_code"": ""268103100"", ""ranking_category_name"": ""여성의류>상의"", ""review_avg"": 5.0, ""sale_percent"": 10, ""sale_price"": 49500, ""sold_out"": false, ""url"": ""https://product.29cm.co.kr/catalog/3679452""}",2026-10-03T13:00:06+00:00_f8e2270a
2026-10-03T22:00:06+09:00,2026-10-03T13:00:06+00:00,commerce_rank,원 클래식 드라이 핏 긴소매 탑 W - [블랙:화이트 / FN2802-013],29cm:3679452,review_count,116.0,"{""brand_eng"": ""NIKE"", ""brand_kor"": ""나이키"", ""brand_no"": 95369, ""category1"": ""레저"", ""category2"": ""피트니스"", ""category3"": ""상의"", ""category3_code"": 286106101, ""is_new"": false, ""item_no"": 3679452, ""period_sort"": ""ONE_DAY"", ""platform"": ""29cm"", ""ranking_category_code"": ""268103100"", ""ranking_category_name"": ""여성의류>상의"", ""review_avg"": 5.0, ""sale_percent"": 10, ""sale_price"": 49500, ""sold_out"": false, ""url"": ""https://product.29cm.co.kr/catalog/3679452""}",2026-10-03T13:00:06+00:00_f8e2270a
2026-10-03T22:00:06+09:00,2026-10-03T13:00:06+00:00,commerce_rank,원 클래식 드라이 핏 긴소매 탑 W - [블랙:화이트 / FN2802-013],29cm:3679452@268103100,rank,10.0,"{""brand_eng"": ""NIKE"", ""brand_kor"": ""나이키"", ""brand_no"": 95369, ""category1"": ""레저"", ""category2"": ""피트니스"", ""category3"": ""상의"", ""category3_code"": 286106101, ""is_new"": false, ""item_no"": 3679452, ""period_sort"": ""ONE_DAY"", ""platform"": ""29cm"", ""ranking_category_code"": ""268103100"", ""ranking_category_name"": ""여성의류>상의"", ""review_avg"": 5.0, ""sale_percent"": 10, ""sale_price"": 49500, ""sold_out"": false, ""url"": ""https://product.29cm.co.kr/catalog/3679452""}",2026-10-03T13:00:06+00:00_f8e2270a
2026-10-03T22:00:06+09:00,2026-10-03T13:00:06+00:00,commerce_rank,마티니 프릴 블라우스,29cm:3719533,heart_count,5399.0,"{""brand_eng"": ""MERRYON"", ""brand_kor"": ""메리온"", ""brand_no"": 108383, ""category1"": ""여성의류"", ""category2"": ""상의"", ""category3"": ""블라우스"", ""category3_code"": 268103107, ""is_new"": false, ""item_no"": 3719533, ""period_sort"": ""ONE_DAY"", ""platform"": ""29cm"", ""ranking_category_code"": ""268103100"", ""ranking_category_name"": ""여성의류>상의"", ""review_avg"": 5.0, ""sale_percent"": 28, ""sale_price"": 84960, ""sold_out"": false, ""url"": ""https://product.29cm.co.kr/catalog/3719533""}",2026-10-03T13:00:06+00:00_f8e2270a
2026-10-03T22:00:06+09:00,2026-10-03T13:00:06+00:00,commerce_rank,마티니 프릴 블라우스,29cm:3719533,review_count,37.0,"{""brand_eng"": ""MERRYON"", ""brand_kor"": ""메리온"", ""brand_no"": 108383, ""category1"": ""여성의류"", ""category2"": ""상의"", ""category3"": ""블라우스"", ""category3_code"": 268103107, ""is_new"": false, ""item_no"": 3719533, ""period_sort"": ""ONE_DAY"", ""platform"": ""29cm"", ""ranking_category_code"": ""268103100"", ""ranking_category_name"": ""여성의류>상의"", ""review_avg"": 5.0, ""sale_percent"": 28, ""sale_price"": 84960, ""sold_out"": false, ""url"": ""https://product.29cm.co.kr/catalog/3719533""}",2026-10-03T13:00:06+00:00_f8e2270a
2026-10-03T22:00:06+09:00,2026-10-03T13:00:06+00:00,commerce_rank,마티니 프릴 블라우스,29cm:3719533@268103100,rank,39.0,"{""brand_eng"": ""MERRYON"", ""brand_kor"": ""메리온"", ""brand_no"": 108383, ""category1"": ""여성의류"", ""category2"": ""상의"", ""category3"": ""블라우스"", ""category3_code"": 268103107, ""is_new"": false, ""item_no"": 3719533, ""period_sort"": ""ONE_DAY"", ""platform"": ""29cm"", ""ranking_category_code"": ""268103100"", ""ranking_category_name"": ""여성의류>상의"", ""review_avg"": 5.0, ""sale_percent"": 28, ""sale_price"": 84960, ""sold_out"": false, ""url"": ""https://product.29cm.co.kr/catalog/3719533""}",2026-10-03T13:00:06+00:00_f8e2270a
2026-10-03T22:00:06+09:00,2026-10-03T13:00:08+00:00,commerce_rank,데님 오버핏 데일리 셔츠 - 3color M1WS0151,29cm:3729091,heart_count,104.0,"{""brand_eng"": ""MIND BRIDGE MEN"", ""brand_kor"": ""마인드브릿지 맨"", ""brand_no"": 9564, ""category1"": ""남성의류"", ""category2"": ""상의"", ""category3"": ""긴소매 셔츠"", ""category3_code"": 272103106, ""is_new"": false, ""item_no"": 3729091, ""period_sort"": ""ONE_DAY"", ""platform"": ""29cm"", ""ranking_category_code"": ""272103100"", ""ranking_category_name"": ""남성의류>상의"", ""review_avg"": 5.0, ""sale_percent"": 33, ""sale_price"": 53910, ""sold_out"": false, ""url"": ""https://product.29cm.co.kr/catalog/3729091""}",2026-10-03T13:00:06+00:00_f8e2270a
2026-10-03T22:00:06+09:00,2026-10-03T13:00:08+00:00,commerce_rank,데님 오버핏 데일리 셔츠 - 3color M1WS0151,29cm:3729091,review_count,1.0,"{""brand_eng"": ""MIND BRIDGE MEN"", ""brand_kor"": ""마인드브릿지 맨"", ""brand_no"": 9564, ""category1"": ""남성의류"", ""category2"": ""상의"", ""category3"": ""긴소매 셔츠"", ""category3_code"": 272103106, ""is_new"": false, ""item_no"": 3729091, ""period_sort"": ""ONE_DAY"", ""platform"": ""29cm"", ""ranking_category_code"": ""272103100"", ""ranking_category_name"": ""남성의류>상의"", ""review_avg"": 5.0, ""sale_percent"": 33, ""sale_price"": 53910, ""sold_out"": false, ""url"": ""https://product.29cm.co.kr/catalog/3729091""}",2026-10-03T13:00:06+00:00_f8e2270a
2026-10-03T22:00:06+09:00,2026-10-03T13:00:08+00:00,commerce_rank,데님 오버핏 데일리 셔츠 - 3color M1WS0151,29cm:3729091@272103100,rank,71.0,"{""brand_eng"": ""MIND BRIDGE MEN"", ""brand_kor"": ""마인드브릿지 맨"", ""brand_no"": 9564, ""category1"": ""남성의류"", ""category2"": ""상의"", ""category3"": ""긴소매 셔츠"", ""category3_code"": 272103106, ""is_new"": false, ""item_no"": 3729091, ""period_sort"": ""ONE_DAY"", ""platform"": ""29cm"", ""ranking_category_code"": ""272103100"", ""ranking_category_name"": ""남성의류>상의"", ""review_avg"": 5.0, ""sale_percent"": 33, ""sale_price"": 53910, ""sold_out"": false, ""url"": ""https://product.29cm.co.kr/catalog/3729091""}",2026-10-03T13:00:06+00:00_f8e2270a
2026-10-03T22:00:06+09:00,2026-10-03T13:00:06+00:00,commerce_rank,[13차] 오버 스트라이프 티셔츠_네이비,29cm:3748318,heart_count,4629.0,"{""brand_eng"": ""YUPPE"", ""brand_kor"": ""엽페"", ""brand_no"": 2856, ""category1"": ""여성의류"", ""category2"": ""상의"", ""category3"": ""긴소매 티셔츠"", ""category3_code"": 268103102, ""is_new"": false, ""item_no"": 3748318, ""period_sort"": ""ONE_DAY"", ""platform"": ""29cm"", ""ranking_category_code"": ""268103100"", ""ranking_category_name"": ""여성의류>상의"", ""review_avg"": 5.0, ""sale_percent"": 36, ""sale_price"": 50560, ""sold_out"": false, ""url"": ""https://product.29cm.co.kr/catalog/3748318""}",2026-10-03T13:00:06+00:00_f8e2270a
2026-10-03T22:00:06+09:00,2026-10-03T13:00:06+00:00,commerce_rank,[13차] 오버 스트라이프 티셔츠_네이비,29cm:3748318,review_count,123.0,"{""brand_eng"": ""YUPPE"", ""brand_kor"": ""엽페"", ""brand_no"": 2856, ""category1"": ""여성의류"", ""category2"": ""상의"", ""category3"": ""긴소매 티셔츠"", ""category3_code"": 268103102, ""is_new"": false, ""item_no"": 3748318, ""period_sort"": ""ONE_DAY"", ""platform"": ""29cm"", ""ranking_category_code"": ""268103100"", ""ranking_category_name"": ""여성의류>상의"", ""review_avg"": 5.0, ""sale_percent"": 36, ""sale_price"": 50560, ""sold_out"": false, ""url"": ""https://product.29cm.co.kr/catalog/3748318""}",2026-10-03T13:00:06+00:00_f8e2270a
2026-10-03T22:00:06+09:00,2026-10-03T13:00:06+00:00,commerce_rank,[13차] 오버 스트라이프 티셔츠_네이비,29cm:3748318@268103100,rank,23.0,"{""brand_eng"": ""YUPPE"", ""brand_kor"": ""엽페"", ""brand_no"": 2856, ""category1"": ""여성의류"", ""category2"": ""상의"", ""category3"": ""긴소매 티셔츠"", ""category3_code"": 268103102, ""is_new"": false, ""item_no"": 3748318, ""period_sort"": ""ONE_DAY"", ""platform"": ""29cm"", ""ranking_category_code"": ""268103100"", ""ranking_category_name"": ""여성의류>상의"", ""review_avg"": 5.0, ""sale_percent"": 36, ""sale_price"": 50560, ""sold_out"": false, ""url"": ""https://product.29cm.co.kr/catalog/3748318""}",2026-10-03T13:00:06+00:00_f8e2270a
2026-10-03T22:00:06+09:00,2026-10-03T13:00:06+00:00,commerce_rank,Light Oversized Check Shirts Blue / Black,29cm:3748753,heart_count,21280.0,"{""brand_eng"": ""MICHIKO LONDON KOSHINO"", ""brand_kor"": ""미치코런던 코시노"", ""brand_no"": 26100, ""category1"": ""여성의류"", ""category2"": ""상의"", ""category3"": ""셔츠"", ""category3_code"": 268103106, ""is_new"": false, ""item_no"": 3748753, ""period_sort"": ""ONE_DAY"", ""platform"": ""29cm"", ""ranking_category_code"": ""268103100"", ""ranking_category_name"": ""여성의류>상의"", ""review_avg"": 5.0, ""sale_percent"": 19, ""sale_price"": 58320, ""sold_out"": false, ""url"": ""https://product.29cm.co.kr/catalog/3748753""}",2026-10-03T13:00:06+00:00_f8e2270a
2026-10-03T22:00:06+09:00,2026-10-03T13:00:06+00:00,commerce_rank,Light Oversized Check Shirts Blue / Black,29cm:3748753,review_count,639.0,"{""brand_eng"": ""MICHIKO LONDON KOSHINO"", ""brand_kor"": ""미치코런던 코시노"", ""brand_no"": 26100, ""category1"": ""여성의류"", ""category2"": ""상의"", ""category3"": ""셔츠"", ""category3_code"": 268103106, ""is_new"": false, ""item_no"": 3748753, ""period_sort"": ""ONE_DAY"", ""platform"": ""29cm"", ""ranking_category_code"": ""268103100"", ""ranking_category_name"": ""여성의류>상의"", ""review_avg"": 5.0, ""sale_percent"": 19, ""sale_price"": 58320, ""sold_out"": false, ""url"": ""https://product.29cm.co.kr/catalog/3748753""}",2026-10-03T13:00:06+00:00_f8e2270a
2026-10-03T22:00:06+09:00,2026-10-03T13:00:06+00:00,commerce_rank,Light Oversized Check Shirts Blue / Black,29cm:3748753@268103100,rank,40.0,"{""brand_eng"": ""MICHIKO LONDON KOSHINO"", ""brand_kor"": ""미치코런던 코시노"", ""brand_no"": 26100, ""category1"": ""여성의류"", ""category2"": ""상의"", ""category3"": ""셔츠"", ""category3_code"": 268103106, ""is_new"": false, ""item_no"": 3748753, ""period_sort"": ""ONE_DAY"", ""platform"": ""29cm"", ""ranking_category_code"": ""268103100"", ""ranking_category_name"": ""여성의류>상의"", ""review_avg"": 5.0, ""sale_percent"": 19, ""sale_price"": 58320, ""sold_out"": false, ""url"": ""https://product.29cm.co.kr/catalog/3748753""}",2026-10-03T13:00:06+00:00_f8e2270a
2026-10-03T22:00:06+09:00,2026-10-03T13:00:06+00:00,commerce_rank,3/4 Sleeve Slim Fit Shirts White,29cm:3748861,heart_count,6351.0,"{""brand_eng"": ""MICHIKO LONDON KOSHINO"", ""brand_kor"": ""미치코런던 코시노"", ""brand_no"": 26100, ""category1"": ""여성의류"", ""category2"": ""상의"", ""category3"": ""셔츠"", ""category3_code"": 268103106, ""is_new"": false, ""item_no"": 3748861, ""period_sort"": ""ONE_DAY"", ""platform"": ""29cm"", ""ranking_category_code"": ""268103100"", ""ranking_category_name"": ""여성의류>상의"", ""review_avg"": 4.5, ""sale_percent"": 19, ""sale_price"": 51030, ""sold_out"": false, ""url"": ""https://product.29cm.co.kr/catalog/3748861""}",2026-10-03T13:00:06+00:00_f8e2270a
2026-10-03T22:00:06+09:00,2026-10-03T13:00:06+00:00,commerce_rank,3/4 Sleeve Slim Fit Shirts White,29cm:3748861,review_count,109.0,"{""brand_eng"": ""MICHIKO LONDON KOSHINO"", ""brand_kor"": ""미치코런던 코시노"", ""brand_no"": 26100, ""category1"": ""여성의류"", ""category2"": ""상의"", ""category3"": ""셔츠"", ""category3_code"": 268103106, ""is_new"": false, ""item_no"": 3748861, ""period_sort"": ""ONE_DAY"", ""platform"": ""29cm"", ""ranking_category_code"": ""268103100"", ""ranking_category_name"": ""여성의류>상의"", ""review_avg"": 4.5, ""sale_percent"": 19, ""sale_price"": 51030, ""sold_out"": false, ""url"": ""https://product.29cm.co.kr/catalog/3748861""}",2026-10-03T13:00:06+00:00_f8e2270a
2026-10-03T22:00:06+09:00,2026-10-03T13:00:06+00:00,commerce_rank,3/4 Sleeve Slim Fit Shirts White,29cm:3748861@268103100,rank,9.0,"{""brand_eng"": ""MICHIKO LONDON KOSHINO"", ""brand_kor"": ""미치코런던 코시노"", ""brand_no"": 26100, ""category1"": ""여성의류"", ""category2"": ""상의"", ""category3"": ""셔츠"", ""category3_code"": 268103106, ""is_new"": false, ""item_no"": 3748861, ""period_sort"": ""ONE_DAY"", ""platform"": ""29cm"", ""ranking_category_code"": ""268103100"", ""ranking_category_name"": ""여성의류>상의"", ""review_avg"": 4.5, ""sale_percent"": 19, ""sale_price"": 51030, ""sold_out"": false, ""url"": ""https://product.29cm.co.kr/catalog/3748861""}",2026-10-03T13:00:06+00:00_f8e2270a
2026-10-03T22:00:06+09:00,2026-10-03T13:00:06+00:00,commerce_rank,[2nd] Long Sleeve Tie T-shirts E201_2color,29cm:3752697,heart_count,1659.0,"{""brand_eng"": ""TENUVE"", ""brand_kor"": ""테누브"", ""brand_no"": 97132, ""category1"": ""여성의류"", ""category2"": ""단독"", ""category3"": ""상의"", ""category3_code"": 268116101, ""is_new"": false, ""item_no"": 3752697, ""period_sort"": ""ONE_DAY"", ""platform"": ""29cm"", ""ranking_category_code"": ""268103100"", ""ranking_category_name"": ""여성의류>상의"", ""review_avg"": 4.5, ""sale_percent"": 28, ""sale_price"": 64080, ""sold_out"": false, ""url"": ""https://product.29cm.co.kr/catalog/3752697""}",2026-10-03T13:00:06+00:00_f8e2270a
2026-10-03T22:00:06+09:00,2026-10-03T13:00:06+00:00,commerce_rank,[2nd] Long Sleeve Tie T-shirts E201_2color,29cm:3752697,review_count,33.0,"{""brand_eng"": ""TENUVE"", ""brand_kor"": ""테누브"", ""brand_no"": 97132, ""category1"": ""여성의류"", ""category2"": ""단독"", ""category3"": ""상의"", ""category3_code"": 268116101, ""is_new"": false, ""item_no"": 3752697, ""period_sort"": ""ONE_DAY"", ""platform"": ""29cm"", ""ranking_category_code"": ""268103100"", ""ranking_category_name"": ""여성의류>상의"", ""review_avg"": 4.5, ""sale_percent"": 28, ""sale_price"": 64080, ""sold_out"": false, ""url"": ""https://product.29cm.co.kr/catalog/3752697""}",2026-10-03T13:00:06+00:00_f8e2270a
2026-10-03T22:00:06+09:00,2026-10-03T13:00:06+00:00,commerce_rank,[2nd] Long Sleeve Tie T-shirts E201_2color,29cm:3752697@268103100,rank,83.0,"{""brand_eng"": ""TENUVE"", ""brand_kor"": ""테누브"", ""brand_no"": 97132, ""category1"": ""여성의류"", ""category2"": ""단독"", ""category3"": ""상의"", ""category3_code"": 268116101, ""is_new"": false, ""item_no"": 3752697, ""period_sort"": ""ONE_DAY"", ""platform"": ""29cm"", ""ranking_category_code"": ""268103100"", ""ranking_category_name"": ""여성의류>상의"", ""review_avg"": 4.5, ""sale_percent"": 28, ""sale_price"": 64080, ""sold_out"": false, ""url"": ""https://product.29cm.co.kr/catalog/3752697""}",2026-10-03T13:00:06+00:00_f8e2270a
2026-10-03T22:00:06+09:00,2026-10-03T13:00:06+00:00,commerce_rank,[12th_10/15 예약배송] Marc waffle t-shirt_melange,29cm:3762890,heart_count,3869.0,"{""brand_eng"": ""Tekto"", ""brand_kor"": ""텍토"", ""brand_no"": 75938, ""category1"": ""여성의류"", ""category2"": ""상의"", ""category3"": ""긴소매 티셔츠"", ""category3_code"": 268103102, ""is_new"": false, ""item_no"": 3762890, ""period_sort"": ""ONE_DAY"", ""platform"": ""29cm"", ""ranking_category_code"": ""268103100"", ""ranking_category_name"": ""여성의류>상의"", ""review_avg"": 5.0, ""sale_percent"": 21, ""sale_price"": 59000, ""sold_out"": false, ""url"": ""https://product.29cm.co.kr/catalog/3762890""}",2026-10-03T13:00:06+00:00_f8e2270a
2026-10-03T22:00:06+09:00,2026-10-03T13:00:06+00:00,commerce_rank,[12th_10/15 예약배송] Marc waffle t-shirt_melange,29cm:3762890,review_count,172.0,"{""brand_eng"": ""Tekto"", ""brand_kor"": ""텍토"", ""brand_no"": 75938, ""category1"": ""여성의류"", ""category2"": ""상의"", ""category3"": ""긴소매 티셔츠"", ""category3_code"": 268103102, ""is_new"": false, ""item_no"": 3762890, ""period_sort"": ""ONE_DAY"", ""platform"": ""29cm"", ""ranking_category_code"": ""268103100"", ""ranking_category_name"": ""여성의류>상의"", ""review_avg"": 5.0, ""sale_percent"": 21, ""sale_price"": 59000, ""sold_out"": false, ""url"": ""https://product.29cm.co.kr/catalog/3762890""}",2026-10-03T13:00:06+00:00_f8e2270a
2026-10-03T22:00:06+09:00,2026-10-03T13:00:06+00:00,commerce_rank,[12th_10/15 예약배송] Marc waffle t-shirt_melange,29cm:3762890@268103100,rank,90.0,"{""brand_eng"": ""Tekto"", ""brand_kor"": ""텍토"", ""brand_no"": 75938, ""category1"": ""여성의류"", ""category2"": ""상의"", ""category3"": ""긴소매 티셔츠"", ""category3_code"": 268103102, ""is_new"": false, ""item_no"": 3762890, ""period_sort"": ""ONE_DAY"", ""platform"": ""29cm"", ""ranking_category_code"": ""268103100"", ""ranking_category_name"": ""여성의류>상의"", ""review_avg"": 5.0, ""sale_percent"": 21, ""sale_price"": 59000, ""sold_out"": false, ""url"": ""https://product.29cm.co.kr/catalog/3762890""}",2026-10-03T13:00:06+00:00_f8e2270a
2026-10-03T22:00:06+09:00,2026-10-03T13:00:06+00:00,commerce_rank,Born Slit Top [BLACK],29cm:3772745,heart_count,1513.0,"{""brand_eng"": ""PROJECTWAVE"", ""brand_kor"": ""프로젝트 웨이브"", ""brand_no"": 52782, ""category1"": ""여성의류"", ""category2"": ""상의"", ""category3"": ""슬리브리스"", ""category3_code"": 268103103, ""is_new"": false, ""item_no"": 3772745, ""period_sort"": ""ONE_DAY"", ""platform"": ""29cm"", ""ranking_category_code"": ""268103100"", ""ranking_category_name"": ""여성의류>상의"", ""review_avg"": 4.5, ""sale_percent"": 10, ""sale_price"": 67320, ""sold_out"": false, ""url"": ""https://product.29cm.co.kr/catalog/3772745""}",2026-10-03T13:00:06+00:00_f8e2270a
2026-10-03T22:00:06+09:00,2026-10-03T13:00:06+00:00,commerce_rank,Born Slit Top [BLACK],29cm:3772745,review_count,4.0,"{""brand_eng"": ""PROJECTWAVE"", ""brand_kor"": ""프로젝트 웨이브"", ""brand_no"": 52782, ""category1"": ""여성의류"", ""category2"": ""상의"", ""category3"": ""슬리브리스"", ""category3_code"": 268103103, ""is_new"": false, ""item_no"": 3772745, ""period_sort"": ""ONE_DAY"", ""platform"": ""29cm"", ""ranking_category_code"": ""268103100"", ""ranking_category_name"": ""여성의류>상의"", ""review_avg"": 4.5, ""sale_percent"": 10, ""sale_price"": 67320, ""sold_out"": false, ""url"": ""https://product.29cm.co.kr/catalog/3772745""}",2026-10-03T13:00:06+00:00_f8e2270a
2026-10-03T22:00:06+09:00,2026-10-03T13:00:06+00:00,commerce_rank,Born Slit Top [BLACK],29cm:3772745@268103100,rank,18.0,"{""brand_eng"": ""PROJECTWAVE"", ""brand_kor"": ""프로젝트 웨이브"", ""brand_no"": 52782, ""category1"": ""여성의류"", ""category2"": ""상의"", ""category3"": ""슬리브리스"", ""category3_code"": 268103103, ""is_new"": false, ""item_no"": 3772745, ""period_sort"": ""ONE_DAY"", ""platform"": ""29cm"", ""ranking_category_code"": ""268103100"", ""ranking_category_name"": ""여성의류>상의"", ""review_avg"": 4.5, ""sale_percent"": 10, ""sale_price"": 67320, ""sold_out"": false, ""url"": ""https://product.29cm.co.kr/catalog/3772745""}",2026-10-03T13:00:06+00:00_f8e2270a
2026-10-03T22:00:06+09:00,2026-10-03T13:00:08+00:00,commerce_rank,비피 롱 슬리브 티셔츠 헤더 그레이,29cm:3775151,heart_count,34.0,"{""brand_eng"": ""HANES"", ""brand_kor"": ""헤인즈"", ""brand_no"": 111528, ""category1"": ""남성의류"", ""category2"": ""상의"", ""category3"": ""긴소매 티셔츠"", ""category3_code"": 272103102, ""is_new"": false, ""item_no"": 3775151, ""period_sort"": ""ONE_DAY"", ""platform"": ""29cm"", ""ranking_category_code"": ""272103100"", ""ranking_category_name"": ""남성의류>상의"", ""review_avg"": 5.0, ""sale_percent"": 15, ""sale_price"": 32220, ""sold_out"": false, ""url"": ""https://product.29cm.co.kr/catalog/3775151""}",2026-10-03T13:00:06+00:00_f8e2270a
2026-10-03T22:00:06+09:00,2026-10-03T13:00:08+00:00,commerce_rank,비피 롱 슬리브 티셔츠 헤더 그레이,29cm:3775151,review_count,2.0,"{""brand_eng"": ""HANES"", ""brand_kor"": ""헤인즈"", ""brand_no"": 111528, ""category1"": ""남성의류"", ""category2"": ""상의"", ""category3"": ""긴소매 티셔츠"", ""category3_code"": 272103102, ""is_new"": false, ""item_no"": 3775151, ""period_sort"": ""ONE_DAY"", ""platform"": ""29cm"", ""ranking_category_code"": ""272103100"", ""ranking_category_name"": ""남성의류>상의"", ""review_avg"": 5.0, ""sale_percent"": 15, ""sale_price"": 32220, ""sold_out"": false, ""url"": ""https://product.29cm.co.kr/catalog/3775151""}",2026-10-03T13:00:06+00:00_f8e2270a
2026-10-03T22:00:06+09:00,2026-10-03T13:00:08+00:00,commerce_rank,비피 롱 슬리브 티셔츠 헤더 그레이,29cm:3775151@272103100,rank,96.0,"{""brand_eng"": ""HANES"", ""brand_kor"": ""헤인즈"", ""brand_no"": 111528, ""category1"": ""남성의류"", ""category2"": ""상의"", ""category3"": ""긴소매 티셔츠"", ""category3_code"": 272103102, ""is_new"": false, ""item_no"": 3775151, ""period_sort"": ""ONE_DAY"", ""platform"": ""29cm"", ""ranking_category_code"": ""272103100"", ""ranking_category_name"": ""남성의류>상의"", ""review_avg"": 5.0, ""sale_percent"": 15, ""sale_price"": 32220, ""sold_out"": false, ""url"": ""https://product.29cm.co.kr/catalog/3775151""}",2026-10-03T13:00:06+00:00_f8e2270a
2026-10-03T22:00:06+09:00,2026-10-03T13:00:06+00:00,commerce_rank,[29CM 단독컬러][재이 pick]Number 23 Raglan Off-Shoulder T-Shirt_CTT3002(5color),29cm:3781911,heart_count,10684.0,"{""brand_eng"": ""CITTA"", ""brand_kor"": ""씨타"", ""brand_no"": 71833, ""category1"": ""여성의류"", ""category2"": ""상의"", ""category3"": ""긴소매 티셔츠"", ""category3_code"": 268103102, ""is_new"": false, ""item_no"": 3781911, ""period_sort"": ""ONE_DAY"", ""platform"": ""29cm"", ""ranking_category_code"": ""268103100"", ""ranking_category_name"": ""여성의류>상의"", ""review_avg"": 5.0, ""sale_percent"": 29, ""sale_price"": 39820, ""sold_out"": false, ""url"": ""https://product.29cm.co.kr/catalog/3781911""}",2026-10-03T13:00:06+00:00_f8e2270a
2026-10-03T22:00:06+09:00,2026-10-03T13:00:06+00:00,commerce_rank,[29CM 단독컬러][재이 pick]Number 23 Raglan Off-Shoulder T-Shirt_CTT3002(5color),29cm:3781911,review_count,379.0,"{""brand_eng"": ""CITTA"", ""brand_kor"": ""씨타"", ""brand_no"": 71833, ""category1"": ""여성의류"", ""category2"": ""상의"", ""category3"": ""긴소매 티셔츠"", ""category3_code"": 268103102, ""is_new"": false, ""item_no"": 3781911, ""period_sort"": ""ONE_DAY"", ""platform"": ""29cm"", ""ranking_category_code"": ""268103100"", ""ranking_category_name"": ""여성의류>상의"", ""review_avg"": 5.0, ""sale_percent"": 29, ""sale_price"": 39820, ""sold_out"": false, ""url"": ""https://product.29cm.co.kr/catalog/3781911""}",2026-10-03T13:00:06+00:00_f8e2270a
2026-10-03T22:00:06+09:00,2026-10-03T13:00:06+00:00,commerce_rank,[29CM 단독컬러][재이 pick]Number 23 Raglan Off-Shoulder T-Shirt_CTT3002(5color),29cm:3781911@268103100,rank,57.0,"{""brand_eng"": ""CITTA"", ""brand_kor"": ""씨타"", ""brand_no"": 71833, ""category1"": ""여성의류"", ""category2"": ""상의"", ""category3"": ""긴소매 티셔츠"", ""category3_code"": 268103102, ""is_new"": false, ""item_no"": 3781911, ""period_sort"": ""ONE_DAY"", ""platform"": ""29cm"", ""ranking_category_code"": ""268103100"", ""ranking_category_name"": ""여성의류>상의"", ""review_avg"": 5.0, ""sale_percent"": 29, ""sale_price"": 39820, ""sold_out"": false, ""url"": ""https://product.29cm.co.kr/catalog/3781911""}",2026-10-03T13:00:06+00:00_f8e2270a
2026-10-03T22:00:06+09:00,2026-10-03T13:00:08+00:00,commerce_rank,리브드 크롭 헨리넥 롱슬리브 ( 4Color ),29cm:3787186,heart_count,147.0,"{""brand_eng"": ""BRENSON"", ""brand_kor"": ""브렌슨"", ""brand_no"": 8969, ""category1"": ""남성의류"", ""category2"": ""상의"", ""category3"": ""긴소매 티셔츠"", ""category3_code"": 272103102, ""is_new"": false, ""item_no"": 3787186, ""period_sort"": ""ONE_DAY"", ""platform"": ""29cm"", ""ranking_category_code"": ""272103100"", ""ranking_category_name"": ""남성의류>상의"", ""review_avg"": 5.0, ""sale_percent"": 11, ""sale_price"": 31100, ""sold_out"": false, ""url"": ""https://product.29cm.co.kr/catalog/3787186""}",2026-10-03T13:00:06+00:00_f8e2270a
2026-10-03T22:00:06+09:00,2026-10-03T13:00:08+00:00,commerce_rank,리브드 크롭 헨리넥 롱슬리브 ( 4Color ),29cm:3787186,review_count,1.0,"{""brand_eng"": ""BRENSON"", ""brand_kor"": ""브렌슨"", ""brand_no"": 8969, ""category1"": ""남성의류"", ""category2"": ""상의"", ""category3"": ""긴소매 티셔츠"", ""category3_code"": 272103102, ""is_new"": false, ""item_no"": 3787186, ""period_sort"": ""ONE_DAY"", ""platform"": ""29cm"", ""ranking_category_code"": ""272103100"", ""ranking_category_name"": ""남성의류>상의"", ""review_avg"": 5.0, ""sale_percent"": 11, ""sale_price"": 31100, ""sold_out"": false, ""url"": ""https://product.29cm.co.kr/catalog/3787186""}",2026-10-03T13:00:06+00:00_f8e2270a
2026-10-03T22:00:06+09:00,2026-10-03T13:00:08+00:00,commerce_rank,리브드 크롭 헨리넥 롱슬리브 ( 4Color ),29cm:3787186@272103100,rank,34.0,"{""brand_eng"": ""BRENSON"", ""brand_kor"": ""브렌슨"", ""brand_no"": 8969, ""category1"": ""남성의류"", ""category2"": ""상의"", ""category3"": ""긴소매 티셔츠"", ""category3_code"": 272103102, ""is_new"": false, ""item_no"": 3787186, ""period_sort"": ""ONE_DAY"", ""platform"": ""29cm"", ""ranking_category_code"": ""272103100"", ""ranking_category_name"": ""남성의류>상의"", ""review_avg"": 5.0, ""sale_percent"": 11, ""sale_price"": 31100, ""sold_out"": false, ""url"": ""https://product.29cm.co.kr/catalog/3787186""}",2026-10-03T13:00:06+00:00_f8e2270a
2026-10-03T22:00:06+09:00,2026-10-03T13:00:06+00:00,commerce_rank,[14차/경리님 착용]Cut-off one shoulder sweatshirt_melange pink,29cm:3798217,heart_count,12927.0,"{""brand_eng"": ""AARAN"", ""brand_kor"": ""어랜"", ""brand_no"": 25864, ""category1"": ""여성의류"", ""category2"": ""상의"", ""category3"": ""스웨트셔츠"", ""category3_code"": 268103104, ""is_new"": false, ""item_no"": 3798217, ""period_sort"": ""ONE_DAY"", ""platform"": ""29cm"", ""ranking_category_code"": ""268103100"", ""ranking_category_name"": ""여성의류>상의"", ""review_avg"": 4.5, ""sale_percent"": 10, ""sale_price"": 76500, ""sold_out"": false, ""url"": ""https://product.29cm.co.kr/catalog/3798217""}",2026-10-03T13:00:06+00:00_f8e2270a
2026-10-03T22:00:06+09:00,2026-10-03T13:00:06+00:00,commerce_rank,[14차/경리님 착용]Cut-off one shoulder sweatshirt_melange pink,29cm:3798217,review_count,255.0,"{""brand_eng"": ""AARAN"", ""brand_kor"": ""어랜"", ""brand_no"": 25864, ""category1"": ""여성의류"", ""category2"": ""상의"", ""category3"": ""스웨트셔츠"", ""category3_code"": 268103104, ""is_new"": false, ""item_no"": 3798217, ""period_sort"": ""ONE_DAY"", ""platform"": ""29cm"", ""ranking_category_code"": ""268103100"", ""ranking_category_name"": ""여성의류>상의"", ""review_avg"": 4.5, ""sale_percent"": 10, ""sale_price"": 76500, ""sold_out"": false, ""url"": ""https://product.29cm.co.kr/catalog/3798217""}",2026-10-03T13:00:06+00:00_f8e2270a
2026-10-03T22:00:06+09:00,2026-10-03T13:00:06+00:00,commerce_rank,[14차/경리님 착용]Cut-off one shoulder sweatshirt_melange pink,29cm:3798217@268103100,rank,25.0,"{""brand_eng"": ""AARAN"", ""brand_kor"": ""어랜"", ""brand_no"": 25864, ""category1"": ""여성의류"", ""category2"": ""상의"", ""category3"": ""스웨트셔츠"", ""category3_code"": 268103104, ""is_new"": false, ""item_no"": 3798217, ""period_sort"": ""ONE_DAY"", ""platform"": ""29cm"", ""ranking_category_code"": ""268103100"", ""ranking_category_name"": ""여성의류>상의"", ""review_avg"": 4.5, ""sale_percent"": 10, ""sale_price"": 76500, ""sold_out"": false, ""url"": ""https://product.29cm.co.kr/catalog/3798217""}",2026-10-03T13:00:06+00:00_f8e2270a
2026-10-03T22:00:06+09:00,2026-10-03T13:00:08+00:00,commerce_rank,Everyday Comfort Shirts (Dusty Blue),29cm:3803158,heart_count,404.0,"{""brand_eng"": ""HAVE HAD"", ""brand_kor"": ""해브해드"", ""brand_no"": 2910, ""category1"": ""남성의류"", ""category2"": ""상의"", ""category3"": ""긴소매 셔츠"", ""category3_code"": 272103106, ""is_new"": false, ""item_no"": 3803158, ""period_sort"": ""ONE_DAY"", ""platform"": ""29cm"", ""ranking_category_code"": ""272103100"", ""ranking_category_name"": ""남성의류>상의"", ""review_avg"": 5.0, ""sale_percent"": 19, ""sale_price"": 55890, ""sold_out"": false, ""url"": ""https://product.29cm.co.kr/catalog/3803158""}",2026-10-03T13:00:06+00:00_f8e2270a
2026-10-03T22:00:06+09:00,2026-10-03T13:00:08+00:00,commerce_rank,Everyday Comfort Shirts (Dusty Blue),29cm:3803158,review_count,9.0,"{""brand_eng"": ""HAVE HAD"", ""brand_kor"": ""해브해드"", ""brand_no"": 2910, ""category1"": ""남성의류"", ""category2"": ""상의"", ""category3"": ""긴소매 셔츠"", ""category3_code"": 272103106, ""is_new"": false, ""item_no"": 3803158, ""period_sort"": ""ONE_DAY"", ""platform"": ""29cm"", ""ranking_category_code"": ""272103100"", ""ranking_category_name"": ""남성의류>상의"", ""review_avg"": 5.0, ""sale_percent"": 19, ""sale_price"": 55890, ""sold_out"": false, ""url"": ""https://product.29cm.co.kr/catalog/3803158""}",2026-10-03T13:00:06+00:00_f8e2270a
2026-10-03T22:00:06+09:00,2026-10-03T13:00:08+00:00,commerce_rank,Everyday Comfort Shirts (Dusty Blue),29cm:3803158@272103100,rank,92.0,"{""brand_eng"": ""HAVE HAD"", ""brand_kor"": ""해브해드"", ""brand_no"": 2910, ""category1"": ""남성의류"", ""category2"": ""상의"", ""category3"": ""긴소매 셔츠"", ""category3_code"": 272103106, ""is_new"": false, ""item_no"": 3803158, ""period_sort"": ""ONE_DAY"", ""platform"": ""29cm"", ""ranking_category_code"": ""272103100"", ""ranking_category_name"": ""남성의류>상의"", ""review_avg"": 5.0, ""sale_percent"": 19, ""sale_price"": 55890, ""sold_out"": false, ""url"": ""https://product.29cm.co.kr/catalog/3803158""}",2026-10-03T13:00:06+00:00_f8e2270a
2026-10-03T22:00:06+09:00,2026-10-03T13:00:06+00:00,commerce_rank,[16차/예약배송] Multi raglan sweatshirt (oatmeal+navy),29cm:3804547,heart_count,5024.0,"{""brand_eng"": ""CORE DE"", ""brand_kor"": ""코어드"", ""brand_no"": 49308, ""category1"": ""여성의류"", ""category2"": ""상의"", ""category3"": ""스웨트셔츠"", ""category3_code"": 268103104, ""is_new"": false, ""item_no"": 3804547, ""period_sort"": ""ONE_DAY"", ""platform"": ""29cm"", ""ranking_category_code"": ""268103100"", ""ranking_category_name"": ""여성의류>상의"", ""review_avg"": 5.0, ""sale_percent"": 5, ""sale_price"": 84550, ""sold_out"": false, ""url"": ""https://product.29cm.co.kr/catalog/3804547""}",2026-10-03T13:00:06+00:00_f8e2270a
2026-10-03T22:00:06+09:00,2026-10-03T13:00:06+00:00,commerce_rank,[16차/예약배송] Multi raglan sweatshirt (oatmeal+navy),29cm:3804547,review_count,113.0,"{""brand_eng"": ""CORE DE"", ""brand_kor"": ""코어드"", ""brand_no"": 49308, ""category1"": ""여성의류"", ""category2"": ""상의"", ""category3"": ""스웨트셔츠"", ""category3_code"": 268103104, ""is_new"": false, ""item_no"": 3804547, ""period_sort"": ""ONE_DAY"", ""platform"": ""29cm"", ""ranking_category_code"": ""268103100"", ""ranking_category_name"": ""여성의류>상의"", ""review_avg"": 5.0, ""sale_percent"": 5, ""sale_price"": 84550, ""sold_out"": false, ""url"": ""https://product.29cm.co.kr/catalog/3804547""}",2026-10-03T13:00:06+00:00_f8e2270a
2026-10-03T22:00:06+09:00,2026-10-03T13:00:06+00:00,commerce_rank,[16차/예약배송] Multi raglan sweatshirt (oatmeal+navy),29cm:3804547@268103100,rank,27.0,"{""brand_eng"": ""CORE DE"", ""brand_kor"": ""코어드"", ""brand_no"": 49308, ""category1"": ""여성의류"", ""category2"": ""상의"", ""category3"": ""스웨트셔츠"", ""category3_code"": 268103104, ""is_new"": false, ""item_no"": 3804547, ""period_sort"": ""ONE_DAY"", ""platform"": ""29cm"", ""ranking_category_code"": ""268103100"", ""ranking_category_name"": ""여성의류>상의"", ""review_avg"": 5.0, ""sale_percent"": 5, ""sale_price"": 84550, ""sold_out"": false, ""url"": ""https://product.29cm.co.kr/catalog/3804547""}",2026-10-03T13:00:06+00:00_f8e2270a
2026-10-03T22:00:06+09:00,2026-10-03T13:00:08+00:00,commerce_rank,TG2-TS05 튜블러 티 (11 Color),29cm:3873884,heart_count,4651.0,"{""brand_eng"": ""THOMAS MORE"", ""brand_kor"": ""토마스모어"", ""brand_no"": 2111, ""category1"": ""남성의류"", ""category2"": ""상의"", ""category3"": ""반소매 티셔츠"", ""category3_code"": 272103101, ""is_new"": false, ""item_no"": 3873884, ""period_sort"": ""ONE_DAY"", ""platform"": ""29cm"", ""ranking_category_code"": ""272103100"", ""ranking_category_name"": ""남성의류>상의"", ""review_avg"": 4.5, ""sale_percent"": 0, ""sale_price"": 23700, ""sold_out"": false, ""url"": ""https://product.29cm.co.kr/catalog/3873884""}",2026-10-03T13:00:06+00:00_f8e2270a
2026-10-03T22:00:06+09:00,2026-10-03T13:00:08+00:00,commerce_rank,TG2-TS05 튜블러 티 (11 Color),29cm:3873884,review_count,797.0,"{""brand_eng"": ""THOMAS MORE"", ""brand_kor"": ""토마스모어"", ""brand_no"": 2111, ""category1"": ""남성의류"", ""category2"": ""상의"", ""category3"": ""반소매 티셔츠"", ""category3_code"": 272103101, ""is_new"": false, ""item_no"": 3873884, ""period_sort"": ""ONE_DAY"", ""platform"": ""29cm"", ""ranking_category_code"": ""272103100"", ""ranking_category_name"": ""남성의류>상의"", ""review_avg"": 4.5, ""sale_percent"": 0, ""sale_price"": 23700, ""sold_out"": false, ""url"": ""https://product.29cm.co.kr/catalog/3873884""}",2026-10-03T13:00:06+00:00_f8e2270a
2026-10-03T22:00:06+09:00,2026-10-03T13:00:08+00:00,commerce_rank,TG2-TS05 튜블러 티 (11 Color),29cm:3873884@272103100,rank,10.0,"{""brand_eng"": ""THOMAS MORE"", ""brand_kor"": ""토마스모어"", ""brand_no"": 2111, ""category1"": ""남성의류"", ""category2"": ""상의"", ""category3"": ""반소매 티셔츠"", ""category3_code"": 272103101, ""is_new"": false, ""item_no"": 3873884, ""period_sort"": ""ONE_DAY"", ""platform"": ""29cm"", ""ranking_category_code"": ""272103100"", ""ranking_category_name"": ""남성의류>상의"", ""review_avg"": 4.5, ""sale_percent"": 0, ""sale_price"": 23700, ""sold_out"": false, ""url"": ""https://product.29cm.co.kr/catalog/3873884""}",2026-10-03T13:00:06+00:00_f8e2270a
2026-10-03T22:00:06+09:00,2026-10-03T13:00:08+00:00,commerce_rank,JAPANESE TENJIKU JERSEY TUBULAR TEE_1%OATMEAL,29cm:3943402,heart_count,372.0,"{""brand_eng"": ""OUTSTANDING"", ""brand_kor"": ""아웃스탠딩"", ""brand_no"": 1657, ""category1"": ""남성의류"", ""category2"": ""상의"", ""category3"": ""반소매 티셔츠"", ""category3_code"": 272103101, ""is_new"": false, ""item_no"": 3943402, ""period_sort"": ""ONE_DAY"", ""platform"": ""29cm"", ""ranking_category_code"": ""272103100"", ""ranking_category_name"": ""남성의류>상의"", ""review_avg"": 5.0, ""sale_percent"": 10, ""sale_price"": 48600, ""sold_out"": false, ""url"": ""https://product.29cm.co.kr/catalog/3943402""}",2026-10-03T13:00:06+00:00_f8e2270a
2026-10-03T22:00:06+09:00,2026-10-03T13:00:08+00:00,commerce_rank,JAPANESE TENJIKU JERSEY TUBULAR TEE_1%OATMEAL,29cm:3943402,review_count,54.0,"{""brand_eng"": ""OUTSTANDING"", ""brand_kor"": ""아웃스탠딩"", ""brand_no"": 1657, ""category1"": ""남성의류"", ""category2"": ""상의"", ""category3"": ""반소매 티셔츠"", ""category3_code"": 272103101, ""is_new"": false, ""item_no"": 3943402, ""period_sort"": ""ONE_DAY"", ""platform"": ""29cm"", ""ranking_category_code"": ""272103100"", ""ranking_category_name"": ""남성의류>상의"", ""review_avg"": 5.0, ""sale_percent"": 10, ""sale_price"": 48600, ""sold_out"": false, ""url"": ""https://product.29cm.co.kr/catalog/3943402""}",2026-10-03T13:00:06+00:00_f8e2270a
2026-10-03T22:00:06+09:00,2026-10-03T13:00:08+00:00,commerce_rank,JAPANESE TENJIKU JERSEY TUBULAR TEE_1%OATMEAL,29cm:3943402@272103100,rank,91.0,"{""brand_eng"": ""OUTSTANDING"", ""brand_kor"": ""아웃스탠딩"", ""brand_no"": 1657, ""category1"": ""남성의류"", ""category2"": ""상의"", ""category3"": ""반소매 티셔츠"", ""category3_code"": 272103101, ""is_new"": false, ""item_no"": 3943402, ""period_sort"": ""ONE_DAY"", ""platform"": ""29cm"", ""ranking_category_code"": ""272103100"", ""ranking_category_name"": ""남성의류>상의"", ""review_avg"": 5.0, ""sale_percent"": 10, ""sale_price"": 48600, ""sold_out"": false, ""url"": ""https://product.29cm.co.kr/catalog/3943402""}",2026-10-03T13:00:06+00:00_f8e2270a
2026-10-03T22:00:06+09:00,2026-10-03T13:00:08+00:00,commerce_rank,LAUNDRY SMALL CHECK SHIRT [CHARCOAL BLACK],29cm:3945677,heart_count,670.0,"{""brand_eng"": ""UNION BLUE"", ""brand_kor"": ""유니온 블루"", ""brand_no"": 13510, ""category1"": ""남성의류"", ""category2"": ""상의"", ""category3"": ""긴소매 셔츠"", ""category3_code"": 272103106, ""is_new"": false, ""item_no"": 3945677, ""period_sort"": ""ONE_DAY"", ""platform"": ""29cm"", ""ranking_category_code"": ""272103100"", ""ranking_category_name"": ""남성의류>상의"", ""review_avg"": 5.0, ""sale_percent"": 5, ""sale_price"": 82650, ""sold_out"": false, ""url"": ""https://product.29cm.co.kr/catalog/3945677""}",2026-10-03T13:00:06+00:00_f8e2270a
2026-10-03T22:00:06+09:00,2026-10-03T13:00:08+00:00,commerce_rank,LAUNDRY SMALL CHECK SHIRT [CHARCOAL BLACK],29cm:3945677,review_count,46.0,"{""brand_eng"": ""UNION BLUE"", ""brand_kor"": ""유니온 블루"", ""brand_no"": 13510, ""category1"": ""남성의류"", ""category2"": ""상의"", ""category3"": ""긴소매 셔츠"", ""category3_code"": 272103106, ""is_new"": false, ""item_no"": 3945677, ""period_sort"": ""ONE_DAY"", ""platform"": ""29cm"", ""ranking_category_code"": ""272103100"", ""ranking_category_name"": ""남성의류>상의"", ""review_avg"": 5.0, ""sale_percent"": 5, ""sale_price"": 82650, ""sold_out"": false, ""url"": ""https://product.29cm.co.kr/catalog/3945677""}",2026-10-03T13:00:06+00:00_f8e2270a
2026-10-03T22:00:06+09:00,2026-10-03T13:00:08+00:00,commerce_rank,LAUNDRY SMALL CHECK SHIRT [CHARCOAL BLACK],29cm:3945677@272103100,rank,23.0,"{""brand_eng"": ""UNION BLUE"", ""brand_kor"": ""유니온 블루"", ""brand_no"": 13510, ""category1"": ""남성의류"", ""category2"": ""상의"", ""category3"": ""긴소매 셔츠"", ""category3_code"": 272103106, ""is_new"": false, ""item_no"": 3945677, ""period_sort"": ""ONE_DAY"", ""platform"": ""29cm"", ""ranking_category_code"": ""272103100"", ""ranking_category_name"": ""남성의류>상의"", ""review_avg"": 5.0, ""sale_percent"": 5, ""sale_price"": 82650, ""sold_out"": false, ""url"": ""https://product.29cm.co.kr/catalog/3945677""}",2026-10-03T13:00:06+00:00_f8e2270a
2026-10-03T22:00:06+09:00,2026-10-03T13:00:08+00:00,commerce_rank,SEMI CROP CHECK SHIRT [SLATE],29cm:4040012,heart_count,306.0,"{""brand_eng"": ""UNION BLUE"", ""brand_kor"": ""유니온 블루"", ""brand_no"": 13510, ""category1"": ""남성의류"", ""category2"": ""상의"", ""category3"": ""긴소매 셔츠"", ""category3_code"": 272103106, ""is_new"": false, ""item_no"": 4040012, ""period_sort"": ""ONE_DAY"", ""platform"": ""29cm"", ""ranking_category_code"": ""272103100"", ""ranking_category_name"": ""남성의류>상의"", ""review_avg"": 5.0, ""sale_percent"": 5, ""sale_price"": 77900, ""sold_out"": false, ""url"": ""https://product.29cm.co.kr/catalog/4040012""}",2026-10-03T13:00:06+00:00_f8e2270a
2026-10-03T22:00:06+09:00,2026-10-03T13:00:08+00:00,commerce_rank,SEMI CROP CHECK SHIRT [SLATE],29cm:4040012,review_count,24.0,"{""brand_eng"": ""UNION BLUE"", ""brand_kor"": ""유니온 블루"", ""brand_no"": 13510, ""category1"": ""남성의류"", ""category2"": ""상의"", ""category3"": ""긴소매 셔츠"", ""category3_code"": 272103106, ""is_new"": false, ""item_no"": 4040012, ""period_sort"": ""ONE_DAY"", ""platform"": ""29cm"", ""ranking_category_code"": ""272103100"", ""ranking_category_name"": ""남성의류>상의"", ""review_avg"": 5.0, ""sale_percent"": 5, ""sale_price"": 77900, ""sold_out"": false, ""url"": ""https://product.29cm.co.kr/catalog/4040012""}",2026-10-03T13:00:06+00:00_f8e2270a
2026-10-03T22:00:06+09:00,2026-10-03T13:00:08+00:00,commerce_rank,SEMI CROP CHECK SHIRT [SLATE],29cm:4040012@272103100,rank,60.0,"{""brand_eng"": ""UNION BLUE"", ""brand_kor"": ""유니온 블루"", ""brand_no"": 13510, ""category1"": ""남성의류"", ""category2"": ""상의"", ""category3"": ""긴소매 셔츠"", ""category3_code"": 272103106, ""is_new"": false, ""item_no"": 4040012, ""period_sort"": ""ONE_DAY"", ""platform"": ""29cm"", ""ranking_category_code"": ""272103100"", ""ranking_category_name"": ""남성의류>상의"", ""review_avg"": 5.0, ""sale_percent"": 5, ""sale_price"": 77900, ""sold_out"": false, ""url"": ""https://product.29cm.co.kr/catalog/4040012""}",2026-10-03T13:00:06+00:00_f8e2270a
2026-10-03T22:00:06+09:00,2026-10-03T13:00:06+00:00,commerce_rank,소프트 레이어드 헨리넥 티셔츠 블랙,29cm:4068256,heart_count,2295.0,"{""brand_eng"": ""nunzsi"", ""brand_kor"": ""넌즈시"", ""brand_no"": 121028, ""category1"": ""여성의류"", ""category2"": ""상의"", ""category3"": ""긴소매 티셔츠"", ""category3_code"": 268103102, ""is_new"": false, ""item_no"": 4068256, ""period_sort"": ""ONE_DAY"", ""platform"": ""29cm"", ""ranking_category_code"": ""268103100"", ""ranking_category_name"": ""여성의류>상의"", ""review_avg"": 5.0, ""sale_percent"": 31, ""sale_price"": 42900, ""sold_out"": false, ""url"": ""https://product.29cm.co.kr/catalog/4068256""}",2026-10-03T13:00:06+00:00_f8e2270a
2026-10-03T22:00:06+09:00,2026-10-03T13:00:06+00:00,commerce_rank,소프트 레이어드 헨리넥 티셔츠 블랙,29cm:4068256,review_count,17.0,"{""brand_eng"": ""nunzsi"", ""brand_kor"": ""넌즈시"", ""brand_no"": 121028, ""category1"": ""여성의류"", ""category2"": ""상의"", ""category3"": ""긴소매 티셔츠"", ""category3_code"": 268103102, ""is_new"": false, ""item_no"": 4068256, ""period_sort"": ""ONE_DAY"", ""platform"": ""29cm"", ""ranking_category_code"": ""268103100"", ""ranking_category_name"": ""여성의류>상의"", ""review_avg"": 5.0, ""sale_percent"": 31, ""sale_price"": 42900, ""sold_out"": false, ""url"": ""https://product.29cm.co.kr/catalog/4068256""}",2026-10-03T13:00:06+00:00_f8e2270a
2026-10-03T22:00:06+09:00,2026-10-03T13:00:06+00:00,commerce_rank,소프트 레이어드 헨리넥 티셔츠 블랙,29cm:4068256@268103100,rank,98.0,"{""brand_eng"": ""nunzsi"", ""brand_kor"": ""넌즈시"", ""brand_no"": 121028, ""category1"": ""여성의류"", ""category2"": ""상의"", ""category3"": ""긴소매 티셔츠"", ""category3_code"": 268103102, ""is_new"": false, ""item_no"": 4068256, ""period_sort"": ""ONE_DAY"", ""platform"": ""29cm"", ""ranking_category_code"": ""268103100"", ""ranking_category_name"": ""여성의류>상의"", ""review_avg"": 5.0, ""sale_percent"": 31, ""sale_price"": 42900, ""sold_out"": false, ""url"": ""https://product.29cm.co.kr/catalog/4068256""}",2026-10-03T13:00:06+00:00_f8e2270a
2026-10-03T22:00:06+09:00,2026-10-03T13:00:06+00:00,commerce_rank,Corduroy Mid Sleeve Shirt_Khaki Beige,29cm:4081083,heart_count,9295.0,"{""brand_eng"": ""108POUND"", ""brand_kor"": ""108파운드"", ""brand_no"": 86198, ""category1"": ""여성의류"", ""category2"": ""상의"", ""category3"": ""셔츠"", ""category3_code"": 268103106, ""is_new"": false, ""item_no"": 4081083, ""period_sort"": ""ONE_DAY"", ""platform"": ""29cm"", ""ranking_category_code"": ""268103100"", ""ranking_category_name"": ""여성의류>상의"", ""review_avg"": 4.5, ""sale_percent"": 21, ""sale_price"": 72730, ""sold_out"": false, ""url"": ""https://product.29cm.co.kr/catalog/4081083""}",2026-10-03T13:00:06+00:00_f8e2270a
2026-10-03T22:00:06+09:00,2026-10-03T13:00:06+00:00,commerce_rank,Corduroy Mid Sleeve Shirt_Khaki Beige,29cm:4081083,review_count,105.0,"{""brand_eng"": ""108POUND"", ""brand_kor"": ""108파운드"", ""brand_no"": 86198, ""category1"": ""여성의류"", ""category2"": ""상의"", ""category3"": ""셔츠"", ""category3_code"": 268103106, ""is_new"": false, ""item_no"": 4081083, ""period_sort"": ""ONE_DAY"", ""platform"": ""29cm"", ""ranking_category_code"": ""268103100"", ""ranking_category_name"": ""여성의류>상의"", ""review_avg"": 4.5, ""sale_percent"": 21, ""sale_price"": 72730, ""sold_out"": false, ""url"": ""https://product.29cm.co.kr/catalog/4081083""}",2026-10-03T13:00:06+00:00_f8e2270a
2026-10-03T22:00:06+09:00,2026-10-03T13:00:06+00:00,commerce_rank,Corduroy Mid Sleeve Shirt_Khaki Beige,29cm:4081083@268103100,rank,48.0,"{""brand_eng"": ""108POUND"", ""brand_kor"": ""108파운드"", ""brand_no"": 86198, ""category1"": ""여성의류"", ""category2"": ""상의"", ""category3"": ""셔츠"", ""category3_code"": 268103106, ""is_new"": false, ""item_no"": 4081083, ""period_sort"": ""ONE_DAY"", ""platform"": ""29cm"", ""ranking_category_code"": ""268103100"", ""ranking_category_name"": ""여성의류>상의"", ""review_avg"": 4.5, ""sale_percent"": 21, ""sale_price"": 72730, ""sold_out"": false, ""url"": ""https://product.29cm.co.kr/catalog/4081083""}",2026-10-03T13:00:06+00:00_f8e2270a
2026-10-03T22:00:06+09:00,2026-10-03T13:00:06+00:00,commerce_rank,Corduroy Mid Sleeve Shirt_Navy,29cm:4081084,heart_count,3731.0,"{""brand_eng"": ""108POUND"", ""brand_kor"": ""108파운드"", ""brand_no"": 86198, ""category1"": ""여성의류"", ""category2"": ""상의"", ""category3"": ""셔츠"", ""category3_code"": 268103106, ""is_new"": false, ""item_no"": 4081084, ""period_sort"": ""ONE_DAY"", ""platform"": ""29cm"", ""ranking_category_code"": ""268103100"", ""ranking_category_name"": ""여성의류>상의"", ""review_avg"": 4.5, ""sale_percent"": 21, ""sale_price"": 72730, ""sold_out"": false, ""url"": ""https://product.29cm.co.kr/catalog/4081084""}",2026-10-03T13:00:06+00:00_f8e2270a
2026-10-03T22:00:06+09:00,2026-10-03T13:00:06+00:00,commerce_rank,Corduroy Mid Sleeve Shirt_Navy,29cm:4081084,review_count,82.0,"{""brand_eng"": ""108POUND"", ""brand_kor"": ""108파운드"", ""brand_no"": 86198, ""category1"": ""여성의류"", ""category2"": ""상의"", ""category3"": ""셔츠"", ""category3_code"": 268103106, ""is_new"": false, ""item_no"": 4081084, ""period_sort"": ""ONE_DAY"", ""platform"": ""29cm"", ""ranking_category_code"": ""268103100"", ""ranking_category_name"": ""여성의류>상의"", ""review_avg"": 4.5, ""sale_percent"": 21, ""sale_price"": 72730, ""sold_out"": false, ""url"": ""https://product.29cm.co.kr/catalog/4081084""}",2026-10-03T13:00:06+00:00_f8e2270a
2026-10-03T22:00:06+09:00,2026-10-03T13:00:06+00:00,commerce_rank,Corduroy Mid Sleeve Shirt_Navy,29cm:4081084@268103100,rank,85.0,"{""brand_eng"": ""108POUND"", ""brand_kor"": ""108파운드"", ""brand_no"": 86198, ""category1"": ""여성의류"", ""category2"": ""상의"", ""category3"": ""셔츠"", ""category3_code"": 268103106, ""is_new"": false, ""item_no"": 4081084, ""period_sort"": ""ONE_DAY"", ""platform"": ""29cm"", ""ranking_category_code"": ""268103100"", ""ranking_category_name"": ""여성의류>상의"", ""review_avg"": 4.5, ""sale_percent"": 21, ""sale_price"": 72730, ""sold_out"": false, ""url"": ""https://product.29cm.co.kr/catalog/4081084""}",2026-10-03T13:00:06+00:00_f8e2270a
2026-10-03T22:00:06+09:00,2026-10-03T13:00:06+00:00,commerce_rank,Henley 3/4 Sleeve Tee_Melange Gray,29cm:4081120,heart_count,10133.0,"{""brand_eng"": ""108POUND"", ""brand_kor"": ""108파운드"", ""brand_no"": 86198, ""category1"": ""여성의류"", ""category2"": ""상의"", ""category3"": ""긴소매 티셔츠"", ""category3_code"": 268103102, ""is_new"": false, ""item_no"": 4081120, ""period_sort"": ""ONE_DAY"", ""platform"": ""29cm"", ""ranking_category_code"": ""268103100"", ""ranking_category_name"": ""여성의류>상의"", ""review_avg"": 4.5, ""sale_percent"": 21, ""sale_price"": 45850, ""sold_out"": false, ""url"": ""https://product.29cm.co.kr/catalog/4081120""}",2026-10-03T13:00:06+00:00_f8e2270a
2026-10-03T22:00:06+09:00,2026-10-03T13:00:06+00:00,commerce_rank,Henley 3/4 Sleeve Tee_Melange Gray,29cm:4081120,review_count,95.0,"{""brand_eng"": ""108POUND"", ""brand_kor"": ""108파운드"", ""brand_no"": 86198, ""category1"": ""여성의류"", ""category2"": ""상의"", ""category3"": ""긴소매 티셔츠"", ""category3_code"": 268103102, ""is_new"": false, ""item_no"": 4081120, ""period_sort"": ""ONE_DAY"", ""platform"": ""29cm"", ""ranking_category_code"": ""268103100"", ""ranking_category_name"": ""여성의류>상의"", ""review_avg"": 4.5, ""sale_percent"": 21, ""sale_price"": 45850, ""sold_out"": false, ""url"": ""https://product.29cm.co.kr/catalog/4081120""}",2026-10-03T13:00:06+00:00_f8e2270a
2026-10-03T22:00:06+09:00,2026-10-03T13:00:06+00:00,commerce_rank,Henley 3/4 Sleeve Tee_Melange Gray,29cm:4081120@268103100,rank,73.0,"{""brand_eng"": ""108POUND"", ""brand_kor"": ""108파운드"", ""brand_no"": 86198, ""category1"": ""여성의류"", ""category2"": ""상의"", ""category3"": ""긴소매 티셔츠"", ""category3_code"": 268103102, ""is_new"": false, ""item_no"": 4081120, ""period_sort"": ""ONE_DAY"", ""platform"": ""29cm"", ""ranking_category_code"": ""268103100"", ""ranking_category_name"": ""여성의류>상의"", ""review_avg"": 4.5, ""sale_percent"": 21, ""sale_price"": 45850, ""sold_out"": false, ""url"": ""https://product.29cm.co.kr/catalog/4081120""}",2026-10-03T13:00:06+00:00_f8e2270a
2026-10-03T22:00:06+09:00,2026-10-03T13:00:06+00:00,commerce_rank,와플 래글런 LST (Dark Navy),29cm:4088282,heart_count,2371.0,"{""brand_eng"": ""ENZO BLUES"", ""brand_kor"": ""엔조블루스"", ""brand_no"": 1549, ""category1"": ""여성의류"", ""category2"": ""상의"", ""category3"": ""긴소매 티셔츠"", ""category3_code"": 268103102, ""is_new"": false, ""item_no"": 4088282, ""period_sort"": ""ONE_DAY"", ""platform"": ""29cm"", ""ranking_category_code"": ""268103100"", ""ranking_category_name"": ""여성의류>상의"", ""review_avg"": 5.0, ""sale_percent"": 19, ""sale_price"": 63990, ""sold_out"": false, ""url"": ""https://product.29cm.co.kr/catalog/4088282""}",2026-10-03T13:00:06+00:00_f8e2270a
2026-10-03T22:00:06+09:00,2026-10-03T13:00:06+00:00,commerce_rank,와플 래글런 LST (Dark Navy),29cm:4088282,review_count,16.0,"{""brand_eng"": ""ENZO BLUES"", ""brand_kor"": ""엔조블루스"", ""brand_no"": 1549, ""category1"": ""여성의류"", ""category2"": ""상의"", ""category3"": ""긴소매 티셔츠"", ""category3_code"": 268103102, ""is_new"": false, ""item_no"": 4088282, ""period_sort"": ""ONE_DAY"", ""platform"": ""29cm"", ""ranking_category_code"": ""268103100"", ""ranking_category_name"": ""여성의류>상의"", ""review_avg"": 5.0, ""sale_percent"": 19, ""sale_price"": 63990, ""sold_out"": false, ""url"": ""https://product.29cm.co.kr/catalog/4088282""}",2026-10-03T13:00:06+00:00_f8e2270a
2026-10-03T22:00:06+09:00,2026-10-03T13:00:06+00:00,commerce_rank,와플 래글런 LST (Dark Navy),29cm:4088282@268103100,rank,58.0,"{""brand_eng"": ""ENZO BLUES"", ""brand_kor"": ""엔조블루스"", ""brand_no"": 1549, ""category1"": ""여성의류"", ""category2"": ""상의"", ""category3"": ""긴소매 티셔츠"", ""category3_code"": 268103102, ""is_new"": false, ""item_no"": 4088282, ""period_sort"": ""ONE_DAY"", ""platform"": ""29cm"", ""ranking_category_code"": ""268103100"", ""ranking_category_name"": ""여성의류>상의"", ""review_avg"": 5.0, ""sale_percent"": 19, ""sale_price"": 63990, ""sold_out"": false, ""url"": ""https://product.29cm.co.kr/catalog/4088282""}",2026-10-03T13:00:06+00:00_f8e2270a
2026-10-03T22:00:06+09:00,2026-10-03T13:00:06+00:00,commerce_rank,50s RAGLAN GRAPHIC T-SHIRT_NAVY,29cm:4096889,heart_count,9034.0,"{""brand_eng"": ""TTUDEMENT"", ""brand_kor"": ""튜드먼트"", ""brand_no"": 36259, ""category1"": ""여성의류"", ""category2"": ""상의"", ""category3"": ""긴소매 티셔츠"", ""category3_code"": 268103102, ""is_new"": false, ""item_no"": 4096889, ""period_sort"": ""ONE_DAY"", ""platform"": ""29cm"", ""ranking_category_code"": ""268103100"", ""ranking_category_name"": ""여성의류>상의"", ""review_avg"": 5.0, ""sale_percent"": 28, ""sale_price"": 50510, ""sold_out"": false, ""url"": ""https://product.29cm.co.kr/catalog/4096889""}",2026-10-03T13:00:06+00:00_f8e2270a
2026-10-03T22:00:06+09:00,2026-10-03T13:00:06+00:00,commerce_rank,50s RAGLAN GRAPHIC T-SHIRT_NAVY,29cm:4096889,review_count,68.0,"{""brand_eng"": ""TTUDEMENT"", ""brand_kor"": ""튜드먼트"", ""brand_no"": 36259, ""category1"": ""여성의류"", ""category2"": ""상의"", ""category3"": ""긴소매 티셔츠"", ""category3_code"": 268103102, ""is_new"": false, ""item_no"": 4096889, ""period_sort"": ""ONE_DAY"", ""platform"": ""29cm"", ""ranking_category_code"": ""268103100"", ""ranking_category_name"": ""여성의류>상의"", ""review_avg"": 5.0, ""sale_percent"": 28, ""sale_price"": 50510, ""sold_out"": false, ""url"": ""https://product.29cm.co.kr/catalog/4096889""}",2026-10-03T13:00:06+00:00_f8e2270a
2026-10-03T22:00:06+09:00,2026-10-03T13:00:06+00:00,commerce_rank,50s RAGLAN GRAPHIC T-SHIRT_NAVY,29cm:4096889@268103100,rank,33.0,"{""brand_eng"": ""TTUDEMENT"", ""brand_kor"": ""튜드먼트"", ""brand_no"": 36259, ""category1"": ""여성의류"", ""category2"": ""상의"", ""category3"": ""긴소매 티셔츠"", ""category3_code"": 268103102, ""is_new"": false, ""item_no"": 4096889, ""period_sort"": ""ONE_DAY"", ""platform"": ""29cm"", ""ranking_category_code"": ""268103100"", ""ranking_category_name"": ""여성의류>상의"", ""review_avg"": 5.0, ""sale_percent"": 28, ""sale_price"": 50510, ""sold_out"": false, ""url"": ""https://product.29cm.co.kr/catalog/4096889""}",2026-10-03T13:00:06+00:00_f8e2270a
2026-10-03T22:00:06+09:00,2026-10-03T13:00:06+00:00,commerce_rank,"[디렉터픽] REGULAR WAFFLE HENLEY LONG SLEEVE, GRAY",29cm:4099039,heart_count,2971.0,"{""brand_eng"": ""PLZPROJECT"", ""brand_kor"": ""플리즈프로젝트"", ""brand_no"": 18645, ""category1"": ""여성의류"", ""category2"": ""상의"", ""category3"": ""긴소매 티셔츠"", ""category3_code"": 268103102, ""is_new"": false, ""item_no"": 4099039, ""period_sort"": ""ONE_DAY"", ""platform"": ""29cm"", ""ranking_category_code"": ""268103100"", ""ranking_category_name"": ""여성의류>상의"", ""review_avg"": 4.5, ""sale_percent"": 10, ""sale_price"": 52200, ""sold_out"": false, ""url"": ""https://product.29cm.co.kr/catalog/4099039""}",2026-10-03T13:00:06+00:00_f8e2270a
2026-10-03T22:00:06+09:00,2026-10-03T13:00:06+00:00,commerce_rank,"[디렉터픽] REGULAR WAFFLE HENLEY LONG SLEEVE, GRAY",29cm:4099039,review_count,18.0,"{""brand_eng"": ""PLZPROJECT"", ""brand_kor"": ""플리즈프로젝트"", ""brand_no"": 18645, ""category1"": ""여성의류"", ""category2"": ""상의"", ""category3"": ""긴소매 티셔츠"", ""category3_code"": 268103102, ""is_new"": false, ""item_no"": 4099039, ""period_sort"": ""ONE_DAY"", ""platform"": ""29cm"", ""ranking_category_code"": ""268103100"", ""ranking_category_name"": ""여성의류>상의"", ""review_avg"": 4.5, ""sale_percent"": 10, ""sale_price"": 52200, ""sold_out"": false, ""url"": ""https://product.29cm.co.kr/catalog/4099039""}",2026-10-03T13:00:06+00:00_f8e2270a
2026-10-03T22:00:06+09:00,2026-10-03T13:00:06+00:00,commerce_rank,"[디렉터픽] REGULAR WAFFLE HENLEY LONG SLEEVE, GRAY",29cm:4099039@268103100,rank,37.0,"{""brand_eng"": ""PLZPROJECT"", ""brand_kor"": ""플리즈프로젝트"", ""brand_no"": 18645, ""category1"": ""여성의류"", ""category2"": ""상의"", ""category3"": ""긴소매 티셔츠"", ""category3_code"": 268103102, ""is_new"": false, ""item_no"": 4099039, ""period_sort"": ""ONE_DAY"", ""platform"": ""29cm"", ""ranking_category_code"": ""268103100"", ""ranking_category_name"": ""여성의류>상의"", ""review_avg"": 4.5, ""sale_percent"": 10, ""sale_price"": 52200, ""sold_out"": false, ""url"": ""https://product.29cm.co.kr/catalog/4099039""}",2026-10-03T13:00:06+00:00_f8e2270a
2026-10-03T22:00:06+09:00,2026-10-03T13:00:06+00:00,commerce_rank,"[디렉터픽][2차] DAMAGE WAFFLE LONG SLEEVE, CHARCOAL",29cm:4099045,heart_count,1922.0,"{""brand_eng"": ""PLZPROJECT"", ""brand_kor"": ""플리즈프로젝트"", ""brand_no"": 18645, ""category1"": ""여성의류"", ""category2"": ""상의"", ""category3"": ""긴소매 티셔츠"", ""category3_code"": 268103102, ""is_new"": false, ""item_no"": 4099045, ""period_sort"": ""ONE_DAY"", ""platform"": ""29cm"", ""ranking_category_code"": ""268103100"", ""ranking_category_name"": ""여성의류>상의"", ""review_avg"": 5.0, ""sale_percent"": 10, ""sale_price"": 53100, ""sold_out"": false, ""url"": ""https://product.29cm.co.kr/catalog/4099045""}",2026-10-03T13:00:06+00:00_f8e2270a
2026-10-03T22:00:06+09:00,2026-10-03T13:00:06+00:00,commerce_rank,"[디렉터픽][2차] DAMAGE WAFFLE LONG SLEEVE, CHARCOAL",29cm:4099045,review_count,24.0,"{""brand_eng"": ""PLZPROJECT"", ""brand_kor"": ""플리즈프로젝트"", ""brand_no"": 18645, ""category1"": ""여성의류"", ""category2"": ""상의"", ""category3"": ""긴소매 티셔츠"", ""category3_code"": 268103102, ""is_new"": false, ""item_no"": 4099045, ""period_sort"": ""ONE_DAY"", ""platform"": ""29cm"", ""ranking_category_code"": ""268103100"", ""ranking_category_name"": ""여성의류>상의"", ""review_avg"": 5.0, ""sale_percent"": 10, ""sale_price"": 53100, ""sold_out"": false, ""url"": ""https://product.29cm.co.kr/catalog/4099045""}",2026-10-03T13:00:06+00:00_f8e2270a
2026-10-03T22:00:06+09:00,2026-10-03T13:00:06+00:00,commerce_rank,"[디렉터픽][2차] DAMAGE WAFFLE LONG SLEEVE, CHARCOAL",29cm:4099045@268103100,rank,36.0,"{""brand_eng"": ""PLZPROJECT"", ""brand_kor"": ""플리즈프로젝트"", ""brand_no"": 18645, ""category1"": ""여성의류"", ""category2"": ""상의"", ""category3"": ""긴소매 티셔츠"", ""category3_code"": 268103102, ""is_new"": false, ""item_no"": 4099045, ""period_sort"": ""ONE_DAY"", ""platform"": ""29cm"", ""ranking_category_code"": ""268103100"", ""ranking_category_name"": ""여성의류>상의"", ""review_avg"": 5.0, ""sale_percent"": 10, ""sale_price"": 53100, ""sold_out"": false, ""url"": ""https://product.29cm.co.kr/catalog/4099045""}",2026-10-03T13:00:06+00:00_f8e2270a
2026-10-03T22:00:06+09:00,2026-10-03T13:00:08+00:00,commerce_rank,봉봉 엘보 패치 스웻셔츠 (OTM) ASJU2G3KR74-OTM,29cm:4108651,heart_count,583.0,"{""brand_eng"": ""SAINT JAMES"", ""brand_kor"": ""세인트제임스"", ""brand_no"": 5724, ""category1"": ""남성의류"", ""category2"": ""상의"", ""category3"": ""스웨트셔츠"", ""category3_code"": 272103107, ""is_new"": false, ""item_no"": 4108651, ""period_sort"": ""ONE_DAY"", ""platform"": ""29cm"", ""ranking_category_code"": ""272103100"", ""ranking_category_name"": ""남성의류>상의"", ""review_avg"": 5.0, ""sale_percent"": 19, ""sale_price"": 143730, ""sold_out"": false, ""url"": ""https://product.29cm.co.kr/catalog/4108651""}",2026-10-03T13:00:06+00:00_f8e2270a
2026-10-03T22:00:06+09:00,2026-10-03T13:00:08+00:00,commerce_rank,봉봉 엘보 패치 스웻셔츠 (OTM) ASJU2G3KR74-OTM,29cm:4108651,review_count,7.0,"{""brand_eng"": ""SAINT JAMES"", ""brand_kor"": ""세인트제임스"", ""brand_no"": 5724, ""category1"": ""남성의류"", ""category2"": ""상의"", ""category3"": ""스웨트셔츠"", ""category3_code"": 272103107, ""is_new"": false, ""item_no"": 4108651, ""period_sort"": ""ONE_DAY"", ""platform"": ""29cm"", ""ranking_category_code"": ""272103100"", ""ranking_category_name"": ""남성의류>상의"", ""review_avg"": 5.0, ""sale_percent"": 19, ""sale_price"": 143730, ""sold_out"": false, ""url"": ""https://product.29cm.co.kr/catalog/4108651""}",2026-10-03T13:00:06+00:00_f8e2270a
2026-10-03T22:00:06+09:00,2026-10-03T13:00:08+00:00,commerce_rank,봉봉 엘보 패치 스웻셔츠 (OTM) ASJU2G3KR74-OTM,29cm:4108651@272103100,rank,58.0,"{""brand_eng"": ""SAINT JAMES"", ""brand_kor"": ""세인트제임스"", ""brand_no"": 5724, ""category1"": ""남성의류"", ""category2"": ""상의"", ""category3"": ""스웨트셔츠"", ""category3_code"": 272103107, ""is_new"": false, ""item_no"": 4108651, ""period_sort"": ""ONE_DAY"", ""platform"": ""29cm"", ""ranking_category_code"": ""272103100"", ""ranking_category_name"": ""남성의류>상의"", ""review_avg"": 5.0, ""sale_percent"": 19, ""sale_price"": 143730, ""sold_out"": false, ""url"": ""https://product.29cm.co.kr/catalog/4108651""}",2026-10-03T13:00:06+00:00_f8e2270a
2026-10-03T22:00:06+09:00,2026-10-03T13:00:08+00:00,commerce_rank,플래그 아치 로고 오버핏 스웨트 셔츠 Navy,29cm:4109982,heart_count,202.0,"{""brand_eng"": ""CHAMPION"", ""brand_kor"": ""챔피온"", ""brand_no"": 71185, ""category1"": ""남성의류"", ""category2"": ""상의"", ""category3"": ""스웨트셔츠"", ""category3_code"": 272103107, ""is_new"": false, ""item_no"": 4109982, ""period_sort"": ""ONE_DAY"", ""platform"": ""29cm"", ""ranking_category_code"": ""272103100"", ""ranking_category_name"": ""남성의류>상의"", ""review_avg"": 5.0, ""sale_percent"": 10, ""sale_price"": 80100, ""sold_out"": false, ""url"": ""https://product.29cm.co.kr/catalog/4109982""}",2026-10-03T13:00:06+00:00_f8e2270a
2026-10-03T22:00:06+09:00,2026-10-03T13:00:08+00:00,commerce_rank,플래그 아치 로고 오버핏 스웨트 셔츠 Navy,29cm:4109982,review_count,1.0,"{""brand_eng"": ""CHAMPION"", ""brand_kor"": ""챔피온"", ""brand_no"": 71185, ""category1"": ""남성의류"", ""category2"": ""상의"", ""category3"": ""스웨트셔츠"", ""category3_code"": 272103107, ""is_new"": false, ""item_no"": 4109982, ""period_sort"": ""ONE_DAY"", ""platform"": ""29cm"", ""ranking_category_code"": ""272103100"", ""ranking_category_name"": ""남성의류>상의"", ""review_avg"": 5.0, ""sale_percent"": 10, ""sale_price"": 80100, ""sold_out"": false, ""url"": ""https://product.29cm.co.kr/catalog/4109982""}",2026-10-03T13:00:06+00:00_f8e2270a
2026-10-03T22:00:06+09:00,2026-10-03T13:00:08+00:00,commerce_rank,플래그 아치 로고 오버핏 스웨트 셔츠 Navy,29cm:4109982@272103100,rank,83.0,"{""brand_eng"": ""CHAMPION"", ""brand_kor"": ""챔피온"", ""brand_no"": 71185, ""category1"": ""남성의류"", ""category2"": ""상의"", ""category3"": ""스웨트셔츠"", ""category3_code"": 272103107, ""is_new"": false, ""item_no"": 4109982, ""period_sort"": ""ONE_DAY"", ""platform"": ""29cm"", ""ranking_category_code"": ""272103100"", ""ranking_category_name"": ""남성의류>상의"", ""review_avg"": 5.0, ""sale_percent"": 10, ""sale_price"": 80100, ""sold_out"": false, ""url"": ""https://product.29cm.co.kr/catalog/4109982""}",2026-10-03T13:00:06+00:00_f8e2270a
2026-10-03T22:00:06+09:00,2026-10-03T13:00:06+00:00,commerce_rank,[29Edition] [2nd] Pleats Jersey Blouse B506_2color,29cm:4114479,heart_count,3103.0,"{""brand_eng"": ""VAN ROHE"", ""brand_kor"": ""반로에"", ""brand_no"": 73260, ""category1"": ""여성의류"", ""category2"": ""상의"", ""category3"": ""블라우스"", ""category3_code"": 268103107, ""is_new"": false, ""item_no"": 4114479, ""period_sort"": ""ONE_DAY"", ""platform"": ""29cm"", ""ranking_category_code"": ""268103100"", ""ranking_category_name"": ""여성의류>상의"", ""review_avg"": 5.0, ""sale_percent"": 10, ""sale_price"": 80100, ""sold_out"": false, ""url"": ""https://product.29cm.co.kr/catalog/4114479""}",2026-10-03T13:00:06+00:00_f8e2270a
2026-10-03T22:00:06+09:00,2026-10-03T13:00:06+00:00,commerce_rank,[29Edition] [2nd] Pleats Jersey Blouse B506_2color,29cm:4114479,review_count,42.0,"{""brand_eng"": ""VAN ROHE"", ""brand_kor"": ""반로에"", ""brand_no"": 73260, ""category1"": ""여성의류"", ""category2"": ""상의"", ""category3"": ""블라우스"", ""category3_code"": 268103107, ""is_new"": false, ""item_no"": 4114479, ""period_sort"": ""ONE_DAY"", ""platform"": ""29cm"", ""ranking_category_code"": ""268103100"", ""ranking_category_name"": ""여성의류>상의"", ""review_avg"": 5.0, ""sale_percent"": 10, ""sale_price"": 80100, ""sold_out"": false, ""url"": ""https://product.29cm.co.kr/catalog/4114479""}",2026-10-03T13:00:06+00:00_f8e2270a
2026-10-03T22:00:06+09:00,2026-10-03T13:00:06+00:00,commerce_rank,[29Edition] [2nd] Pleats Jersey Blouse B506_2color,29cm:4114479@268103100,rank,67.0,"{""brand_eng"": ""VAN ROHE"", ""brand_kor"": ""반로에"", ""brand_no"": 73260, ""category1"": ""여성의류"", ""category2"": ""상의"", ""category3"": ""블라우스"", ""category3_code"": 268103107, ""is_new"": false, ""item_no"": 4114479, ""period_sort"": ""ONE_DAY"", ""platform"": ""29cm"", ""ranking_category_code"": ""268103100"", ""ranking_category_name"": ""여성의류>상의"", ""review_avg"": 5.0, ""sale_percent"": 10, ""sale_price"": 80100, ""sold_out"": false, ""url"": ""https://product.29cm.co.kr/catalog/4114479""}",2026-10-03T13:00:06+00:00_f8e2270a
2026-10-03T22:00:06+09:00,2026-10-03T13:00:06+00:00,commerce_rank,Essential Henley Neck Waffle Tee-Ivory,29cm:4115247,heart_count,1547.0,"{""brand_eng"": ""BITTERCELLS"", ""brand_kor"": ""비터셀즈"", ""brand_no"": 15063, ""category1"": ""여성의류"", ""category2"": ""상의"", ""category3"": ""긴소매 티셔츠"", ""category3_code"": 268103102, ""is_new"": false, ""item_no"": 4115247, ""period_sort"": ""ONE_DAY"", ""platform"": ""29cm"", ""ranking_category_code"": ""268103100"", ""ranking_category_name"": ""여성의류>상의"", ""review_avg"": 5.0, ""sale_percent"": 10, ""sale_price"": 39600, ""sold_out"": false, ""url"": ""https://product.29cm.co.kr/catalog/4115247""}",2026-10-03T13:00:06+00:00_f8e2270a
2026-10-03T22:00:06+09:00,2026-10-03T13:00:06+00:00,commerce_rank,Essential Henley Neck Waffle Tee-Ivory,29cm:4115247,review_count,16.0,"{""brand_eng"": ""BITTERCELLS"", ""brand_kor"": ""비터셀즈"", ""brand_no"": 15063, ""category1"": ""여성의류"", ""category2"": ""상의"", ""category3"": ""긴소매 티셔츠"", ""category3_code"": 268103102, ""is_new"": false, ""item_no"": 4115247, ""period_sort"": ""ONE_DAY"", ""platform"": ""29cm"", ""ranking_category_code"": ""268103100"", ""ranking_category_name"": ""여성의류>상의"", ""review_avg"": 5.0, ""sale_percent"": 10, ""sale_price"": 39600, ""sold_out"": false, ""url"": ""https://product.29cm.co.kr/catalog/4115247""}",2026-10-03T13:00:06+00:00_f8e2270a
2026-10-03T22:00:06+09:00,2026-10-03T13:00:06+00:00,commerce_rank,Essential Henley Neck Waffle Tee-Ivory,29cm:4115247@268103100,rank,97.0,"{""brand_eng"": ""BITTERCELLS"", ""brand_kor"": ""비터셀즈"", ""brand_no"": 15063, ""category1"": ""여성의류"", ""category2"": ""상의"", ""category3"": ""긴소매 티셔츠"", ""category3_code"": 268103102, ""is_new"": false, ""item_no"": 4115247, ""period_sort"": ""ONE_DAY"", ""platform"": ""29cm"", ""ranking_category_code"": ""268103100"", ""ranking_category_name"": ""여성의류>상의"", ""review_avg"": 5.0, ""sale_percent"": 10, ""sale_price"": 39600, ""sold_out"": false, ""url"": ""https://product.29cm.co.kr/catalog/4115247""}",2026-10-03T13:00:06+00:00_f8e2270a
2026-10-03T22:00:06+09:00,2026-10-03T13:00:06+00:00,commerce_rank,MAISON DE ROLA EMBROIDERY STRIPE LONG SLEEVE L/GR+NV,29cm:4115527,heart_count,959.0,"{""brand_eng"": ""rolarola"", ""brand_kor"": ""로라로라"", ""brand_no"": 2250, ""category1"": ""여성의류"", ""category2"": ""상의"", ""category3"": ""긴소매 티셔츠"", ""category3_code"": 268103102, ""is_new"": false, ""item_no"": 4115527, ""period_sort"": ""ONE_DAY"", ""platform"": ""29cm"", ""ranking_category_code"": ""268103100"", ""ranking_category_name"": ""여성의류>상의"", ""review_avg"": 5.0, ""sale_percent"": 28, ""sale_price"": 49680, ""sold_out"": false, ""url"": ""https://product.29cm.co.kr/catalog/4115527""}",2026-10-03T13:00:06+00:00_f8e2270a
2026-10-03T22:00:06+09:00,2026-10-03T13:00:06+00:00,commerce_rank,MAISON DE ROLA EMBROIDERY STRIPE LONG SLEEVE L/GR+NV,29cm:4115527,review_count,9.0,"{""brand_eng"": ""rolarola"", ""brand_kor"": ""로라로라"", ""brand_no"": 2250, ""category1"": ""여성의류"", ""category2"": ""상의"", ""category3"": ""긴소매 티셔츠"", ""category3_code"": 268103102, ""is_new"": false, ""item_no"": 4115527, ""period_sort"": ""ONE_DAY"", ""platform"": ""29cm"", ""ranking_category_code"": ""268103100"", ""ranking_category_name"": ""여성의류>상의"", ""review_avg"": 5.0, ""sale_percent"": 28, ""sale_price"": 49680, ""sold_out"": false, ""url"": ""https://product.29cm.co.kr/catalog/4115527""}",2026-10-03T13:00:06+00:00_f8e2270a
2026-10-03T22:00:06+09:00,2026-10-03T13:00:06+00:00,commerce_rank,MAISON DE ROLA EMBROIDERY STRIPE LONG SLEEVE L/GR+NV,29cm:4115527@268103100,rank,44.0,"{""brand_eng"": ""rolarola"", ""brand_kor"": ""로라로라"", ""brand_no"": 2250, ""category1"": ""여성의류"", ""category2"": ""상의"", ""category3"": ""긴소매 티셔츠"", ""category3_code"": 268103102, ""is_new"": false, ""item_no"": 4115527, ""period_sort"": ""ONE_DAY"", ""platform"": ""29cm"", ""ranking_category_code"": ""268103100"", ""ranking_category_name"": ""여성의류>상의"", ""review_avg"": 5.0, ""sale_percent"": 28, ""sale_price"": 49680, ""sold_out"": false, ""url"": ""https://product.29cm.co.kr/catalog/4115527""}",2026-10-03T13:00:06+00:00_f8e2270a
2026-10-03T22:00:06+09:00,2026-10-03T13:00:06+00:00,commerce_rank,"[소담,유미 pick]Daily Soft Slim Raglan Tee_CTT3039(6color)",29cm:4117309,heart_count,11097.0,"{""brand_eng"": ""CITTA"", ""brand_kor"": ""씨타"", ""brand_no"": 71833, ""category1"": ""여성의류"", ""category2"": ""상의"", ""category3"": ""긴소매 티셔츠"", ""category3_code"": 268103102, ""is_new"": false, ""item_no"": 4117309, ""period_sort"": ""ONE_DAY"", ""platform"": ""29cm"", ""ranking_category_code"": ""268103100"", ""ranking_category_name"": ""여성의류>상의"", ""review_avg"": 4.5, ""sale_percent"": 17, ""sale_price"": 37260, ""sold_out"": false, ""url"": ""https://product.29cm.co.kr/catalog/4117309""}",2026-10-03T13:00:06+00:00_f8e2270a
2026-10-03T22:00:06+09:00,2026-10-03T13:00:06+00:00,commerce_rank,"[소담,유미 pick]Daily Soft Slim Raglan Tee_CTT3039(6color)",29cm:4117309,review_count,58.0,"{""brand_eng"": ""CITTA"", ""brand_kor"": ""씨타"", ""brand_no"": 71833, ""category1"": ""여성의류"", ""category2"": ""상의"", ""category3"": ""긴소매 티셔츠"", ""category3_code"": 268103102, ""is_new"": false, ""item_no"": 4117309, ""period_sort"": ""ONE_DAY"", ""platform"": ""29cm"", ""ranking_category_code"": ""268103100"", ""ranking_category_name"": ""여성의류>상의"", ""review_avg"": 4.5, ""sale_percent"": 17, ""sale_price"": 37260, ""sold_out"": false, ""url"": ""https://product.29cm.co.kr/catalog/4117309""}",2026-10-03T13:00:06+00:00_f8e2270a
2026-10-03T22:00:06+09:00,2026-10-03T13:00:06+00:00,commerce_rank,"[소담,유미 pick]Daily Soft Slim Raglan Tee_CTT3039(6color)",29cm:4117309@268103100,rank,22.0,"{""brand_eng"": ""CITTA"", ""brand_kor"": ""씨타"", ""brand_no"": 71833, ""category1"": ""여성의류"", ""category2"": ""상의"", ""category3"": ""긴소매 티셔츠"", ""category3_code"": 268103102, ""is_new"": false, ""item_no"": 4117309, ""period_sort"": ""ONE_DAY"", ""platform"": ""29cm"", ""ranking_category_code"": ""268103100"", ""ranking_category_name"": ""여성의류>상의"", ""review_avg"": 4.5, ""sale_percent"": 17, ""sale_price"": 37260, ""sold_out"": false, ""url"": ""https://product.29cm.co.kr/catalog/4117309""}",2026-10-03T13:00:06+00:00_f8e2270a
2026-10-03T22:00:06+09:00,2026-10-03T13:00:08+00:00,commerce_rank,리브드 헨리넥 롱슬리브_8Color,29cm:4118543,heart_count,47.0,"{""brand_eng"": ""MOODINSIDE"", ""brand_kor"": ""무드인사이드"", ""brand_no"": 98995, ""category1"": ""남성의류"", ""category2"": ""상의"", ""category3"": ""긴소매 티셔츠"", ""category3_code"": 272103102, ""is_new"": false, ""item_no"": 4118543, ""period_sort"": ""ONE_DAY"", ""platform"": ""29cm"", ""ranking_category_code"": ""272103100"", ""ranking_category_name"": ""남성의류>상의"", ""review_avg"": 0.0, ""sale_percent"": 33, ""sale_price"": 39900, ""sold_out"": false, ""url"": ""https://product.29cm.co.kr/catalog/4118543""}",2026-10-03T13:00:06+00:00_f8e2270a
2026-10-03T22:00:06+09:00,2026-10-03T13:00:08+00:00,commerce_rank,리브드 헨리넥 롱슬리브_8Color,29cm:4118543,review_count,0.0,"{""brand_eng"": ""MOODINSIDE"", ""brand_kor"": ""무드인사이드"", ""brand_no"": 98995, ""category1"": ""남성의류"", ""category2"": ""상의"", ""category3"": ""긴소매 티셔츠"", ""category3_code"": 272103102, ""is_new"": false, ""item_no"": 4118543, ""period_sort"": ""ONE_DAY"", ""platform"": ""29cm"", ""ranking_category_code"": ""272103100"", ""ranking_category_name"": ""남성의류>상의"", ""review_avg"": 0.0, ""sale_percent"": 33, ""sale_price"": 39900, ""sold_out"": false, ""url"": ""https://product.29cm.co.kr/catalog/4118543""}",2026-10-03T13:00:06+00:00_f8e2270a
2026-10-03T22:00:06+09:00,2026-10-03T13:00:08+00:00,commerce_rank,리브드 헨리넥 롱슬리브_8Color,29cm:4118543@272103100,rank,66.0,"{""brand_eng"": ""MOODINSIDE"", ""brand_kor"": ""무드인사이드"", ""brand_no"": 98995, ""category1"": ""남성의류"", ""category2"": ""상의"", ""category3"": ""긴소매 티셔츠"", ""category3_code"": 272103102, ""is_new"": false, ""item_no"": 4118543, ""period_sort"": ""ONE_DAY"", ""platform"": ""29cm"", ""ranking_category_code"": ""272103100"", ""ranking_category_name"": ""남성의류>상의"", ""review_avg"": 0.0, ""sale_percent"": 33, ""sale_price"": 39900, ""sold_out"": false, ""url"": ""https://product.29cm.co.kr/catalog/4118543""}",2026-10-03T13:00:06+00:00_f8e2270a
2026-10-03T22:00:06+09:00,2026-10-03T13:00:08+00:00,commerce_rank,세미 크롭 롱슬리브_5Color,29cm:4118566,heart_count,35.0,"{""brand_eng"": ""MOODINSIDE"", ""brand_kor"": ""무드인사이드"", ""brand_no"": 98995, ""category1"": ""남성의류"", ""category2"": ""상의"", ""category3"": ""긴소매 티셔츠"", ""category3_code"": 272103102, ""is_new"": false, ""item_no"": 4118566, ""period_sort"": ""ONE_DAY"", ""platform"": ""29cm"", ""ranking_category_code"": ""272103100"", ""ranking_category_name"": ""남성의류>상의"", ""review_avg"": 5.0, ""sale_percent"": 57, ""sale_price"": 25900, ""sold_out"": false, ""url"": ""https://product.29cm.co.kr/catalog/4118566""}",2026-10-03T13:00:06+00:00_f8e2270a
2026-10-03T22:00:06+09:00,2026-10-03T13:00:08+00:00,commerce_rank,세미 크롭 롱슬리브_5Color,29cm:4118566,review_count,1.0,"{""brand_eng"": ""MOODINSIDE"", ""brand_kor"": ""무드인사이드"", ""brand_no"": 98995, ""category1"": ""남성의류"", ""category2"": ""상의"", ""category3"": ""긴소매 티셔츠"", ""category3_code"": 272103102, ""is_new"": false, ""item_no"": 4118566, ""period_sort"": ""ONE_DAY"", ""platform"": ""29cm"", ""ranking_category_code"": ""272103100"", ""ranking_category_name"": ""남성의류>상의"", ""review_avg"": 5.0, ""sale_percent"": 57, ""sale_price"": 25900, ""sold_out"": false, ""url"": ""https://product.29cm.co.kr/catalog/4118566""}",2026-10-03T13:00:06+00:00_f8e2270a
2026-10-03T22:00:06+09:00,2026-10-03T13:00:08+00:00,commerce_rank,세미 크롭 롱슬리브_5Color,29cm:4118566@272103100,rank,53.0,"{""brand_eng"": ""MOODINSIDE"", ""brand_kor"": ""무드인사이드"", ""brand_no"": 98995, ""category1"": ""남성의류"", ""category2"": ""상의"", ""category3"": ""긴소매 티셔츠"", ""category3_code"": 272103102, ""is_new"": false, ""item_no"": 4118566, ""period_sort"": ""ONE_DAY"", ""platform"": ""29cm"", ""ranking_category_code"": ""272103100"", ""ranking_category_name"": ""남성의류>상의"", ""review_avg"": 5.0, ""sale_percent"": 57, ""sale_price"": 25900, ""sold_out"": false, ""url"": ""https://product.29cm.co.kr/catalog/4118566""}",2026-10-03T13:00:06+00:00_f8e2270a
2026-10-03T22:00:06+09:00,2026-10-03T13:00:08+00:00,commerce_rank,워시드 슬럽 포켓 롱슬리브_5Color,29cm:4118575,heart_count,41.0,"{""brand_eng"": ""MOODINSIDE"", ""brand_kor"": ""무드인사이드"", ""brand_no"": 98995, ""category1"": ""남성의류"", ""category2"": ""상의"", ""category3"": ""긴소매 티셔츠"", ""category3_code"": 272103102, ""is_new"": false, ""item_no"": 4118575, ""period_sort"": ""ONE_DAY"", ""platform"": ""29cm"", ""ranking_category_code"": ""272103100"", ""ranking_category_name"": ""남성의류>상의"", ""review_avg"": 5.0, ""sale_percent"": 50, ""sale_price"": 29900, ""sold_out"": false, ""url"": ""https://product.29cm.co.kr/catalog/4118575""}",2026-10-03T13:00:06+00:00_f8e2270a
2026-10-03T22:00:06+09:00,2026-10-03T13:00:08+00:00,commerce_rank,워시드 슬럽 포켓 롱슬리브_5Color,29cm:4118575,review_count,2.0,"{""brand_eng"": ""MOODINSIDE"", ""brand_kor"": ""무드인사이드"", ""brand_no"": 98995, ""category1"": ""남성의류"", ""category2"": ""상의"", ""category3"": ""긴소매 티셔츠"", ""category3_code"": 272103102, ""is_new"": false, ""item_no"": 4118575, ""period_sort"": ""ONE_DAY"", ""platform"": ""29cm"", ""ranking_category_code"": ""272103100"", ""ranking_category_name"": ""남성의류>상의"", ""review_avg"": 5.0, ""sale_percent"": 50, ""sale_price"": 29900, ""sold_out"": false, ""url"": ""https://product.29cm.co.kr/catalog/4118575""}",2026-10-03T13:00:06+00:00_f8e2270a
2026-10-03T22:00:06+09:00,2026-10-03T13:00:08+00:00,commerce_rank,워시드 슬럽 포켓 롱슬리브_5Color,29cm:4118575@272103100,rank,22.0,"{""brand_eng"": ""MOODINSIDE"", ""brand_kor"": ""무드인사이드"", ""brand_no"": 98995, ""category1"": ""남성의류"", ""category2"": ""상의"", ""category3"": ""긴소매 티셔츠"", ""category3_code"": 272103102, ""is_new"": false, ""item_no"": 4118575, ""period_sort"": ""ONE_DAY"", ""platform"": ""29cm"", ""ranking_category_code"": ""272103100"", ""ranking_category_name"": ""남성의류>상의"", ""review_avg"": 5.0, ""sale_percent"": 50, ""sale_price"": 29900, ""sold_out"": false, ""url"": ""https://product.29cm.co.kr/catalog/4118575""}",2026-10-03T13:00:06+00:00_f8e2270a
2026-10-03T22:00:06+09:00,2026-10-03T13:00:08+00:00,commerce_rank,인시전 브이넥 롱슬리브_3Color,29cm:4118604,heart_count,4.0,"{""brand_eng"": ""MOODINSIDE"", ""brand_kor"": ""무드인사이드"", ""brand_no"": 98995, ""category1"": ""남성의류"", ""category2"": ""상의"", ""category3"": ""긴소매 티셔츠"", ""category3_code"": 272103102, ""is_new"": false, ""item_no"": 4118604, ""period_sort"": ""ONE_DAY"", ""platform"": ""29cm"", ""ranking_category_code"": ""272103100"", ""ranking_category_name"": ""남성의류>상의"", ""review_avg"": 0.0, ""sale_percent"": 50, ""sale_price"": 29900, ""sold_out"": false, ""url"": ""https://product.29cm.co.kr/catalog/4118604""}",2026-10-03T13:00:06+00:00_f8e2270a
2026-10-03T22:00:06+09:00,2026-10-03T13:00:08+00:00,commerce_rank,인시전 브이넥 롱슬리브_3Color,29cm:4118604,review_count,0.0,"{""brand_eng"": ""MOODINSIDE"", ""brand_kor"": ""무드인사이드"", ""brand_no"": 98995, ""category1"": ""남성의류"", ""category2"": ""상의"", ""category3"": ""긴소매 티셔츠"", ""category3_code"": 272103102, ""is_new"": false, ""item_no"": 4118604, ""period_sort"": ""ONE_DAY"", ""platform"": ""29cm"", ""ranking_category_code"": ""272103100"", ""ranking_category_name"": ""남성의류>상의"", ""review_avg"": 0.0, ""sale_percent"": 50, ""sale_price"": 29900, ""sold_out"": false, ""url"": ""https://product.29cm.co.kr/catalog/4118604""}",2026-10-03T13:00:06+00:00_f8e2270a
2026-10-03T22:00:06+09:00,2026-10-03T13:00:08+00:00,commerce_rank,인시전 브이넥 롱슬리브_3Color,29cm:4118604@272103100,rank,97.0,"{""brand_eng"": ""MOODINSIDE"", ""brand_kor"": ""무드인사이드"", ""brand_no"": 98995, ""category1"": ""남성의류"", ""category2"": ""상의"", ""category3"": ""긴소매 티셔츠"", ""category3_code"": 272103102, ""is_new"": false, ""item_no"": 4118604, ""period_sort"": ""ONE_DAY"", ""platform"": ""29cm"", ""ranking_category_code"": ""272103100"", ""ranking_category_name"": ""남성의류>상의"", ""review_avg"": 0.0, ""sale_percent"": 50, ""sale_price"": 29900, ""sold_out"": false, ""url"": ""https://product.29cm.co.kr/catalog/4118604""}",2026-10-03T13:00:06+00:00_f8e2270a
2026-10-03T22:00:06+09:00,2026-10-03T13:00:08+00:00,commerce_rank,스웻 크롭 반집업_6Color,29cm:4118913,heart_count,728.0,"{""brand_eng"": ""MOODINSIDE"", ""brand_kor"": ""무드인사이드"", ""brand_no"": 98995, ""category1"": ""남성의류"", ""category2"": ""상의"", ""category3"": ""스웨트셔츠"", ""category3_code"": 272103107, ""is_new"": false, ""item_no"": 4118913, ""period_sort"": ""ONE_DAY"", ""platform"": ""29cm"", ""ranking_category_code"": ""272103100"", ""ranking_category_name"": ""남성의류>상의"", ""review_avg"": 5.0, ""sale_percent"": 54, ""sale_price"": 54900, ""sold_out"": false, ""url"": ""https://product.29cm.co.kr/catalog/4118913""}",2026-10-03T13:00:06+00:00_f8e2270a
2026-10-03T22:00:06+09:00,2026-10-03T13:00:08+00:00,commerce_rank,스웻 크롭 반집업_6Color,29cm:4118913,review_count,21.0,"{""brand_eng"": ""MOODINSIDE"", ""brand_kor"": ""무드인사이드"", ""brand_no"": 98995, ""category1"": ""남성의류"", ""category2"": ""상의"", ""category3"": ""스웨트셔츠"", ""category3_code"": 272103107, ""is_new"": false, ""item_no"": 4118913, ""period_sort"": ""ONE_DAY"", ""platform"": ""29cm"", ""ranking_category_code"": ""272103100"", ""ranking_category_name"": ""남성의류>상의"", ""review_avg"": 5.0, ""sale_percent"": 54, ""sale_price"": 54900, ""sold_out"": false, ""url"": ""https://product.29cm.co.kr/catalog/4118913""}",2026-10-03T13:00:06+00:00_f8e2270a
2026-10-03T22:00:06+09:00,2026-10-03T13:00:08+00:00,commerce_rank,스웻 크롭 반집업_6Color,29cm:4118913@272103100,rank,30.0,"{""brand_eng"": ""MOODINSIDE"", ""brand_kor"": ""무드인사이드"", ""brand_no"": 98995, ""category1"": ""남성의류"", ""category2"": ""상의"", ""category3"": ""스웨트셔츠"", ""category3_code"": 272103107, ""is_new"": false, ""item_no"": 4118913, ""period_sort"": ""ONE_DAY"", ""platform"": ""29cm"", ""ranking_category_code"": ""272103100"", ""ranking_category_name"": ""남성의류>상의"", ""review_avg"": 5.0, ""sale_percent"": 54, ""sale_price"": 54900, ""sold_out"": false, ""url"": ""https://product.29cm.co.kr/catalog/4118913""}",2026-10-03T13:00:06+00:00_f8e2270a
2026-10-03T22:00:06+09:00,2026-10-03T13:00:06+00:00,commerce_rank,[7th_10/15 예약배송] Marc waffle t-shirt_Navy&grey,29cm:4120280,heart_count,4820.0,"{""brand_eng"": ""Tekto"", ""brand_kor"": ""텍토"", ""brand_no"": 75938, ""category1"": ""여성의류"", ""category2"": ""상의"", ""category3"": ""긴소매 티셔츠"", ""category3_code"": 268103102, ""is_new"": false, ""item_no"": 4120280, ""period_sort"": ""ONE_DAY"", ""platform"": ""29cm"", ""ranking_category_code"": ""268103100"", ""ranking_category_name"": ""여성의류>상의"", ""review_avg"": 4.5, ""sale_percent"": 14, ""sale_price"": 64130, ""sold_out"": false, ""url"": ""https://product.29cm.co.kr/catalog/4120280""}",2026-10-03T13:00:06+00:00_f8e2270a
2026-10-03T22:00:06+09:00,2026-10-03T13:00:06+00:00,commerce_rank,[7th_10/15 예약배송] Marc waffle t-shirt_Navy&grey,29cm:4120280,review_count,52.0,"{""brand_eng"": ""Tekto"", ""brand_kor"": ""텍토"", ""brand_no"": 75938, ""category1"": ""여성의류"", ""category2"": ""상의"", ""category3"": ""긴소매 티셔츠"", ""category3_code"": 268103102, ""is_new"": false, ""item_no"": 4120280, ""period_sort"": ""ONE_DAY"", ""platform"": ""29cm"", ""ranking_category_code"": ""268103100"", ""ranking_category_name"": ""여성의류>상의"", ""review_avg"": 4.5, ""sale_percent"": 14, ""sale_price"": 64130, ""sold_out"": false, ""url"": ""https://product.29cm.co.kr/catalog/4120280""}",2026-10-03T13:00:06+00:00_f8e2270a
2026-10-03T22:00:06+09:00,2026-10-03T13:00:06+00:00,commerce_rank,[7th_10/15 예약배송] Marc waffle t-shirt_Navy&grey,29cm:4120280@268103100,rank,72.0,"{""brand_eng"": ""Tekto"", ""brand_kor"": ""텍토"", ""brand_no"": 75938, ""category1"": ""여성의류"", ""category2"": ""상의"", ""category3"": ""긴소매 티셔츠"", ""category3_code"": 268103102, ""is_new"": false, ""item_no"": 4120280, ""period_sort"": ""ONE_DAY"", ""platform"": ""29cm"", ""ranking_category_code"": ""268103100"", ""ranking_category_name"": ""여성의류>상의"", ""review_avg"": 4.5, ""sale_percent"": 14, ""sale_price"": 64130, ""sold_out"": false, ""url"": ""https://product.29cm.co.kr/catalog/4120280""}",2026-10-03T13:00:06+00:00_f8e2270a
2026-10-03T22:00:06+09:00,2026-10-03T13:00:06+00:00,commerce_rank,[26th] Hines deep v-neck sweatshirt - Purple,29cm:4120936,heart_count,5943.0,"{""brand_eng"": ""APPAREL ARCHIVE"", ""brand_kor"": ""어패럴아카이브"", ""brand_no"": 98593, ""category1"": ""남성의류"", ""category2"": ""상의"", ""category3"": ""스웨트셔츠"", ""category3_code"": 272103107, ""is_new"": false, ""item_no"": 4120936, ""period_sort"": ""ONE_DAY"", ""platform"": ""29cm"", ""ranking_category_code"": ""268103100"", ""ranking_category_name"": ""여성의류>상의"", ""review_avg"": 5.0, ""sale_percent"": 10, ""sale_price"": 71100, ""sold_out"": false, ""url"": ""https://product.29cm.co.kr/catalog/4120936""}",2026-10-03T13:00:06+00:00_f8e2270a
2026-10-03T22:00:06+09:00,2026-10-03T13:00:06+00:00,commerce_rank,[26th] Hines deep v-neck sweatshirt - Purple,29cm:4120936,review_count,26.0,"{""brand_eng"": ""APPAREL ARCHIVE"", ""brand_kor"": ""어패럴아카이브"", ""brand_no"": 98593, ""category1"": ""남성의류"", ""category2"": ""상의"", ""category3"": ""스웨트셔츠"", ""category3_code"": 272103107, ""is_new"": false, ""item_no"": 4120936, ""period_sort"": ""ONE_DAY"", ""platform"": ""29cm"", ""ranking_category_code"": ""268103100"", ""ranking_category_name"": ""여성의류>상의"", ""review_avg"": 5.0, ""sale_percent"": 10, ""sale_price"": 71100, ""sold_out"": false, ""url"": ""https://product.29cm.co.kr/catalog/4120936""}",2026-10-03T13:00:06+00:00_f8e2270a
2026-10-03T22:00:06+09:00,2026-10-03T13:00:06+00:00,commerce_rank,[26th] Hines deep v-neck sweatshirt - Purple,29cm:4120936@268103100,rank,46.0,"{""brand_eng"": ""APPAREL ARCHIVE"", ""brand_kor"": ""어패럴아카이브"", ""brand_no"": 98593, ""category1"": ""남성의류"", ""category2"": ""상의"", ""category3"": ""스웨트셔츠"", ""category3_code"": 272103107, ""is_new"": false, ""item_no"": 4120936, ""period_sort"": ""ONE_DAY"", ""platform"": ""29cm"", ""ranking_category_code"": ""268103100"", ""ranking_category_name"": ""여성의류>상의"", ""review_avg"": 5.0, ""sale_percent"": 10, ""sale_price"": 71100, ""sold_out"": false, ""url"": ""https://product.29cm.co.kr/catalog/4120936""}",2026-10-03T13:00:06+00:00_f8e2270a
2026-10-03T22:00:06+09:00,2026-10-03T13:00:06+00:00,commerce_rank,"ARU LOGO PATCH STRIPE SWEATSHIRT, MELANGE GREY",29cm:4125017,heart_count,3102.0,"{""brand_eng"": ""AREYOU SEOUL"", ""brand_kor"": ""아유서울"", ""brand_no"": 49275, ""category1"": ""여성의류"", ""category2"": ""상의"", ""category3"": ""스웨트셔츠"", ""category3_code"": 268103104, ""is_new"": false, ""item_no"": 4125017, ""period_sort"": ""ONE_DAY"", ""platform"": ""29cm"", ""ranking_category_code"": ""268103100"", ""ranking_category_name"": ""여성의류>상의"", ""review_avg"": 5.0, ""sale_percent"": 10, ""sale_price"": 103500, ""sold_out"": false, ""url"": ""https://product.29cm.co.kr/catalog/4125017""}",2026-10-03T13:00:06+00:00_f8e2270a
2026-10-03T22:00:06+09:00,2026-10-03T13:00:06+00:00,commerce_rank,"ARU LOGO PATCH STRIPE SWEATSHIRT, MELANGE GREY",29cm:4125017,review_count,28.0,"{""brand_eng"": ""AREYOU SEOUL"", ""brand_kor"": ""아유서울"", ""brand_no"": 49275, ""category1"": ""여성의류"", ""category2"": ""상의"", ""category3"": ""스웨트셔츠"", ""category3_code"": 268103104, ""is_new"": false, ""item_no"": 4125017, ""period_sort"": ""ONE_DAY"", ""platform"": ""29cm"", ""ranking_category_code"": ""268103100"", ""ranking_category_name"": ""여성의류>상의"", ""review_avg"": 5.0, ""sale_percent"": 10, ""sale_price"": 103500, ""sold_out"": false, ""url"": ""https://product.29cm.co.kr/catalog/4125017""}",2026-10-03T13:00:06+00:00_f8e2270a
2026-10-03T22:00:06+09:00,2026-10-03T13:00:06+00:00,commerce_rank,"ARU LOGO PATCH STRIPE SWEATSHIRT, MELANGE GREY",29cm:4125017@268103100,rank,70.0,"{""brand_eng"": ""AREYOU SEOUL"", ""brand_kor"": ""아유서울"", ""brand_no"": 49275, ""category1"": ""여성의류"", ""category2"": ""상의"", ""category3"": ""스웨트셔츠"", ""category3_code"": 268103104, ""is_new"": false, ""item_no"": 4125017, ""period_sort"": ""ONE_DAY"", ""platform"": ""29cm"", ""ranking_category_code"": ""268103100"", ""ranking_category_name"": ""여성의류>상의"", ""review_avg"": 5.0, ""sale_percent"": 10, ""sale_price"": 103500, ""sold_out"": false, ""url"": ""https://product.29cm.co.kr/catalog/4125017""}",2026-10-03T13:00:06+00:00_f8e2270a
2026-10-03T22:00:06+09:00,2026-10-03T13:00:06+00:00,commerce_rank,MORIN LACE SLEEVELESS (2COLOR),29cm:4125859,heart_count,4915.0,"{""brand_eng"": ""FOLNUA"", ""brand_kor"": ""폴뉴아"", ""brand_no"": 15359, ""category1"": ""여성의류"", ""category2"": ""상의"", ""category3"": ""슬리브리스"", ""category3_code"": 268103103, ""is_new"": false, ""item_no"": 4125859, ""period_sort"": ""ONE_DAY"", ""platform"": ""29cm"", ""ranking_category_code"": ""268103100"", ""ranking_category_name"": ""여성의류>상의"", ""review_avg"": 5.0, ""sale_percent"": 19, ""sale_price"": 36330, ""sold_out"": false, ""url"": ""https://product.29cm.co.kr/catalog/4125859""}",2026-10-03T13:00:06+00:00_f8e2270a
2026-10-03T22:00:06+09:00,2026-10-03T13:00:06+00:00,commerce_rank,MORIN LACE SLEEVELESS (2COLOR),29cm:4125859,review_count,23.0,"{""brand_eng"": ""FOLNUA"", ""brand_kor"": ""폴뉴아"", ""brand_no"": 15359, ""category1"": ""여성의류"", ""category2"": ""상의"", ""category3"": ""슬리브리스"", ""category3_code"": 268103103, ""is_new"": false, ""item_no"": 4125859, ""period_sort"": ""ONE_DAY"", ""platform"": ""29cm"", ""ranking_category_code"": ""268103100"", ""ranking_category_name"": ""여성의류>상의"", ""review_avg"": 5.0, ""sale_percent"": 19, ""sale_price"": 36330, ""sold_out"": false, ""url"": ""https://product.29cm.co.kr/catalog/4125859""}",2026-10-03T13:00:06+00:00_f8e2270a
2026-10-03T22:00:06+09:00,2026-10-03T13:00:06+00:00,commerce_rank,MORIN LACE SLEEVELESS (2COLOR),29cm:4125859@268103100,rank,5.0,"{""brand_eng"": ""FOLNUA"", ""brand_kor"": ""폴뉴아"", ""brand_no"": 15359, ""category1"": ""여성의류"", ""category2"": ""상의"", ""category3"": ""슬리브리스"", ""category3_code"": 268103103, ""is_new"": false, ""item_no"": 4125859, ""period_sort"": ""ONE_DAY"", ""platform"": ""29cm"", ""ranking_category_code"": ""268103100"", ""ranking_category_name"": ""여성의류>상의"", ""review_avg"": 5.0, ""sale_percent"": 19, ""sale_price"": 36330, ""sold_out"": false, ""url"": ""https://product.29cm.co.kr/catalog/4125859""}",2026-10-03T13:00:06+00:00_f8e2270a
2026-10-03T22:00:06+09:00,2026-10-03T13:00:08+00:00,commerce_rank,[1st Reorder] Raw Edge L/S Tee - 3 Color,29cm:4127841,heart_count,419.0,"{""brand_eng"": ""NWT"", ""brand_kor"": ""엔더블유티"", ""brand_no"": 1813, ""category1"": ""남성의류"", ""category2"": ""상의"", ""category3"": ""긴소매 티셔츠"", ""category3_code"": 272103102, ""is_new"": false, ""item_no"": 4127841, ""period_sort"": ""ONE_DAY"", ""platform"": ""29cm"", ""ranking_category_code"": ""272103100"", ""ranking_category_name"": ""남성의류>상의"", ""review_avg"": 0.0, ""sale_percent"": 0, ""sale_price"": 68000, ""sold_out"": false, ""url"": ""https://product.29cm.co.kr/catalog/4127841""}",2026-10-03T13:00:06+00:00_f8e2270a
2026-10-03T22:00:06+09:00,2026-10-03T13:00:08+00:00,commerce_rank,[1st Reorder] Raw Edge L/S Tee - 3 Color,29cm:4127841,review_count,0.0,"{""brand_eng"": ""NWT"", ""brand_kor"": ""엔더블유티"", ""brand_no"": 1813, ""category1"": ""남성의류"", ""category2"": ""상의"", ""category3"": ""긴소매 티셔츠"", ""category3_code"": 272103102, ""is_new"": false, ""item_no"": 4127841, ""period_sort"": ""ONE_DAY"", ""platform"": ""29cm"", ""ranking_category_code"": ""272103100"", ""ranking_category_name"": ""남성의류>상의"", ""review_avg"": 0.0, ""sale_percent"": 0, ""sale_price"": 68000, ""sold_out"": false, ""url"": ""https://product.29cm.co.kr/catalog/4127841""}",2026-10-03T13:00:06+00:00_f8e2270a
2026-10-03T22:00:06+09:00,2026-10-03T13:00:08+00:00,commerce_rank,[1st Reorder] Raw Edge L/S Tee - 3 Color,29cm:4127841@272103100,rank,14.0,"{""brand_eng"": ""NWT"", ""brand_kor"": ""엔더블유티"", ""brand_no"": 1813, ""category1"": ""남성의류"", ""category2"": ""상의"", ""category3"": ""긴소매 티셔츠"", ""category3_code"": 272103102, ""is_new"": false, ""item_no"": 4127841, ""period_sort"": ""ONE_DAY"", ""platform"": ""29cm"", ""ranking_category_code"": ""272103100"", ""ranking_category_name"": ""남성의류>상의"", ""review_avg"": 0.0, ""sale_percent"": 0, ""sale_price"": 68000, ""sold_out"": false, ""url"": ""https://product.29cm.co.kr/catalog/4127841""}",2026-10-03T13:00:06+00:00_f8e2270a
2026-10-03T22:00:06+09:00,2026-10-03T13:00:08+00:00,commerce_rank,TG3-TS14 하이넥 하프집업 스웻셔츠 - [딥네이비],29cm:4128388,heart_count,393.0,"{""brand_eng"": ""THOMAS MORE"", ""brand_kor"": ""토마스모어"", ""brand_no"": 2111, ""category1"": ""남성의류"", ""category2"": ""상의"", ""category3"": ""스웨트셔츠"", ""category3_code"": 272103107, ""is_new"": false, ""item_no"": 4128388, ""period_sort"": ""ONE_DAY"", ""platform"": ""29cm"", ""ranking_category_code"": ""272103100"", ""ranking_category_name"": ""남성의류>상의"", ""review_avg"": 4.5, ""sale_percent"": 0, ""sale_price"": 73500, ""sold_out"": false, ""url"": ""https://product.29cm.co.kr/catalog/4128388""}",2026-10-03T13:00:06+00:00_f8e2270a
2026-10-03T22:00:06+09:00,2026-10-03T13:00:08+00:00,commerce_rank,TG3-TS14 하이넥 하프집업 스웻셔츠 - [딥네이비],29cm:4128388,review_count,31.0,"{""brand_eng"": ""THOMAS MORE"", ""brand_kor"": ""토마스모어"", ""brand_no"": 2111, ""category1"": ""남성의류"", ""category2"": ""상의"", ""category3"": ""스웨트셔츠"", ""category3_code"": 272103107, ""is_new"": false, ""item_no"": 4128388, ""period_sort"": ""ONE_DAY"", ""platform"": ""29cm"", ""ranking_category_code"": ""272103100"", ""ranking_category_name"": ""남성의류>상의"", ""review_avg"": 4.5, ""sale_percent"": 0, ""sale_price"": 73500, ""sold_out"": false, ""url"": ""https://product.29cm.co.kr/catalog/4128388""}",2026-10-03T13:00:06+00:00_f8e2270a
2026-10-03T22:00:06+09:00,2026-10-03T13:00:08+00:00,commerce_rank,TG3-TS14 하이넥 하프집업 스웻셔츠 - [딥네이비],29cm:4128388@272103100,rank,69.0,"{""brand_eng"": ""THOMAS MORE"", ""brand_kor"": ""토마스모어"", ""brand_no"": 2111, ""category1"": ""남성의류"", ""category2"": ""상의"", ""category3"": ""스웨트셔츠"", ""category3_code"": 272103107, ""is_new"": false, ""item_no"": 4128388, ""period_sort"": ""ONE_DAY"", ""platform"": ""29cm"", ""ranking_category_code"": ""272103100"", ""ranking_category_name"": ""남성의류>상의"", ""review_avg"": 4.5, ""sale_percent"": 0, ""sale_price"": 73500, ""sold_out"": false, ""url"": ""https://product.29cm.co.kr/catalog/4128388""}",2026-10-03T13:00:06+00:00_f8e2270a
2026-10-03T22:00:06+09:00,2026-10-03T13:00:08+00:00,commerce_rank,TG3-TS07 선 페이디드 스웻셔츠 - [퍼티베이지],29cm:4128392,heart_count,200.0,"{""brand_eng"": ""THOMAS MORE"", ""brand_kor"": ""토마스모어"", ""brand_no"": 2111, ""category1"": ""남성의류"", ""category2"": ""상의"", ""category3"": ""스웨트셔츠"", ""category3_code"": 272103107, ""is_new"": false, ""item_no"": 4128392, ""period_sort"": ""ONE_DAY"", ""platform"": ""29cm"", ""ranking_category_code"": ""272103100"", ""ranking_category_name"": ""남성의류>상의"", ""review_avg"": 4.5, ""sale_percent"": 0, ""sale_price"": 67000, ""sold_out"": false, ""url"": ""https://product.29cm.co.kr/catalog/4128392""}",2026-10-03T13:00:06+00:00_f8e2270a
2026-10-03T22:00:06+09:00,2026-10-03T13:00:08+00:00,commerce_rank,TG3-TS07 선 페이디드 스웻셔츠 - [퍼티베이지],29cm:4128392,review_count,11.0,"{""brand_eng"": ""THOMAS MORE"", ""brand_kor"": ""토마스모어"", ""brand_no"": 2111, ""category1"": ""남성의류"", ""category2"": ""상의"", ""category3"": ""스웨트셔츠"", ""category3_code"": 272103107, ""is_new"": false, ""item_no"": 4128392, ""period_sort"": ""ONE_DAY"", ""platform"": ""29cm"", ""ranking_category_code"": ""272103100"", ""ranking_category_name"": ""남성의류>상의"", ""review_avg"": 4.5, ""sale_percent"": 0, ""sale_price"": 67000, ""sold_out"": false, ""url"": ""https://product.29cm.co.kr/catalog/4128392""}",2026-10-03T13:00:06+00:00_f8e2270a
2026-10-03T22:00:06+09:00,2026-10-03T13:00:08+00:00,commerce_rank,TG3-TS07 선 페이디드 스웻셔츠 - [퍼티베이지],29cm:4128392@272103100,rank,31.0,"{""brand_eng"": ""THOMAS MORE"", ""brand_kor"": ""토마스모어"", ""brand_no"": 2111, ""category1"": ""남성의류"", ""category2"": ""상의"", ""category3"": ""스웨트셔츠"", ""category3_code"": 272103107, ""is_new"": false, ""item_no"": 4128392, ""period_sort"": ""ONE_DAY"", ""platform"": ""29cm"", ""ranking_category_code"": ""272103100"", ""ranking_category_name"": ""남성의류>상의"", ""review_avg"": 4.5, ""sale_percent"": 0, ""sale_price"": 67000, ""sold_out"": false, ""url"": ""https://product.29cm.co.kr/catalog/4128392""}",2026-10-03T13:00:06+00:00_f8e2270a
2026-10-03T22:00:06+09:00,2026-10-03T13:00:08+00:00,commerce_rank,TG3-TS07 선 페이디드 스웻셔츠 - [시그마레드],29cm:4128396,heart_count,352.0,"{""brand_eng"": ""THOMAS MORE"", ""brand_kor"": ""토마스모어"", ""brand_no"": 2111, ""category1"": ""남성의류"", ""category2"": ""상의"", ""category3"": ""스웨트셔츠"", ""category3_code"": 272103107, ""is_new"": false, ""item_no"": 4128396, ""period_sort"": ""ONE_DAY"", ""platform"": ""29cm"", ""ranking_category_code"": ""272103100"", ""ranking_category_name"": ""남성의류>상의"", ""review_avg"": 5.0, ""sale_percent"": 0, ""sale_price"": 67000, ""sold_out"": false, ""url"": ""https://product.29cm.co.kr/catalog/4128396""}",2026-10-03T13:00:06+00:00_f8e2270a
2026-10-03T22:00:06+09:00,2026-10-03T13:00:08+00:00,commerce_rank,TG3-TS07 선 페이디드 스웻셔츠 - [시그마레드],29cm:4128396,review_count,23.0,"{""brand_eng"": ""THOMAS MORE"", ""brand_kor"": ""토마스모어"", ""brand_no"": 2111, ""category1"": ""남성의류"", ""category2"": ""상의"", ""category3"": ""스웨트셔츠"", ""category3_code"": 272103107, ""is_new"": false, ""item_no"": 4128396, ""period_sort"": ""ONE_DAY"", ""platform"": ""29cm"", ""ranking_category_code"": ""272103100"", ""ranking_category_name"": ""남성의류>상의"", ""review_avg"": 5.0, ""sale_percent"": 0, ""sale_price"": 67000, ""sold_out"": false, ""url"": ""https://product.29cm.co.kr/catalog/4128396""}",2026-10-03T13:00:06+00:00_f8e2270a
2026-10-03T22:00:06+09:00,2026-10-03T13:00:08+00:00,commerce_rank,TG3-TS07 선 페이디드 스웻셔츠 - [시그마레드],29cm:4128396@272103100,rank,77.0,"{""brand_eng"": ""THOMAS MORE"", ""brand_kor"": ""토마스모어"", ""brand_no"": 2111, ""category1"": ""남성의류"", ""category2"": ""상의"", ""category3"": ""스웨트셔츠"", ""category3_code"": 272103107, ""is_new"": false, ""item_no"": 4128396, ""period_sort"": ""ONE_DAY"", ""platform"": ""29cm"", ""ranking_category_code"": ""272103100"", ""ranking_category_name"": ""남성의류>상의"", ""review_avg"": 5.0, ""sale_percent"": 0, ""sale_price"": 67000, ""sold_out"": false, ""url"": ""https://product.29cm.co.kr/catalog/4128396""}",2026-10-03T13:00:06+00:00_f8e2270a
2026-10-03T22:00:06+09:00,2026-10-03T13:00:08+00:00,commerce_rank,TG3-TS09 립 트림 롱슬리브 티셔츠 - [블랙],29cm:4128402,heart_count,99.0,"{""brand_eng"": ""THOMAS MORE"", ""brand_kor"": ""토마스모어"", ""brand_no"": 2111, ""category1"": ""남성의류"", ""category2"": ""상의"", ""category3"": ""긴소매 티셔츠"", ""category3_code"": 272103102, ""is_new"": false, ""item_no"": 4128402, ""period_sort"": ""ONE_DAY"", ""platform"": ""29cm"", ""ranking_category_code"": ""272103100"", ""ranking_category_name"": ""남성의류>상의"", ""review_avg"": 5.0, ""sale_percent"": 0, ""sale_price"": 39700, ""sold_out"": false, ""url"": ""https://product.29cm.co.kr/catalog/4128402""}",2026-10-03T13:00:06+00:00_f8e2270a
2026-10-03T22:00:06+09:00,2026-10-03T13:00:08+00:00,commerce_rank,TG3-TS09 립 트림 롱슬리브 티셔츠 - [블랙],29cm:4128402,review_count,4.0,"{""brand_eng"": ""THOMAS MORE"", ""brand_kor"": ""토마스모어"", ""brand_no"": 2111, ""category1"": ""남성의류"", ""category2"": ""상의"", ""category3"": ""긴소매 티셔츠"", ""category3_code"": 272103102, ""is_new"": false, ""item_no"": 4128402, ""period_sort"": ""ONE_DAY"", ""platform"": ""29cm"", ""ranking_category_code"": ""272103100"", ""ranking_category_name"": ""남성의류>상의"", ""review_avg"": 5.0, ""sale_percent"": 0, ""sale_price"": 39700, ""sold_out"": false, ""url"": ""https://product.29cm.co.kr/catalog/4128402""}",2026-10-03T13:00:06+00:00_f8e2270a
2026-10-03T22:00:06+09:00,2026-10-03T13:00:08+00:00,commerce_rank,TG3-TS09 립 트림 롱슬리브 티셔츠 - [블랙],29cm:4128402@272103100,rank,46.0,"{""brand_eng"": ""THOMAS MORE"", ""brand_kor"": ""토마스모어"", ""brand_no"": 2111, ""category1"": ""남성의류"", ""category2"": ""상의"", ""category3"": ""긴소매 티셔츠"", ""category3_code"": 272103102, ""is_new"": false, ""item_no"": 4128402, ""period_sort"": ""ONE_DAY"", ""platform"": ""29cm"", ""ranking_category_code"": ""272103100"", ""ranking_category_name"": ""남성의류>상의"", ""review_avg"": 5.0, ""sale_percent"": 0, ""sale_price"": 39700, ""sold_out"": false, ""url"": ""https://product.29cm.co.kr/catalog/4128402""}",2026-10-03T13:00:06+00:00_f8e2270a
2026-10-03T22:00:06+09:00,2026-10-03T13:00:06+00:00,commerce_rank,TG3-TS13 멀티 스트라이프 롱슬리브 티셔츠,29cm:4128404,heart_count,2777.0,"{""brand_eng"": ""THOMAS MORE"", ""brand_kor"": ""토마스모어"", ""brand_no"": 2111, ""category1"": ""남성의류"", ""category2"": ""상의"", ""category3"": ""긴소매 티셔츠"", ""category3_code"": 272103102, ""is_new"": false, ""item_no"": 4128404, ""period_sort"": ""ONE_DAY"", ""platform"": ""29cm"", ""ranking_category_code"": ""268103100"", ""ranking_category_name"": ""여성의류>상의"", ""review_avg"": 4.5, ""sale_percent"": 0, ""sale_price"": 39700, ""sold_out"": false, ""url"": ""https://product.29cm.co.kr/catalog/4128404""}",2026-10-03T13:00:06+00:00_f8e2270a
2026-10-03T22:00:06+09:00,2026-10-03T13:00:06+00:00,commerce_rank,TG3-TS13 멀티 스트라이프 롱슬리브 티셔츠,29cm:4128404,review_count,158.0,"{""brand_eng"": ""THOMAS MORE"", ""brand_kor"": ""토마스모어"", ""brand_no"": 2111, ""category1"": ""남성의류"", ""category2"": ""상의"", ""category3"": ""긴소매 티셔츠"", ""category3_code"": 272103102, ""is_new"": false, ""item_no"": 4128404, ""period_sort"": ""ONE_DAY"", ""platform"": ""29cm"", ""ranking_category_code"": ""268103100"", ""ranking_category_name"": ""여성의류>상의"", ""review_avg"": 4.5, ""sale_percent"": 0, ""sale_price"": 39700, ""sold_out"": false, ""url"": ""https://product.29cm.co.kr/catalog/4128404""}",2026-10-03T13:00:06+00:00_f8e2270a
2026-10-03T22:00:06+09:00,2026-10-03T13:00:06+00:00,commerce_rank,TG3-TS13 멀티 스트라이프 롱슬리브 티셔츠,29cm:4128404@268103100,rank,95.0,"{""brand_eng"": ""THOMAS MORE"", ""brand_kor"": ""토마스모어"", ""brand_no"": 2111, ""category1"": ""남성의류"", ""category2"": ""상의"", ""category3"": ""긴소매 티셔츠"", ""category3_code"": 272103102, ""is_new"": false, ""item_no"": 4128404, ""period_sort"": ""ONE_DAY"", ""platform"": ""29cm"", ""ranking_category_code"": ""268103100"", ""ranking_category_name"": ""여성의류>상의"", ""review_avg"": 4.5, ""sale_percent"": 0, ""sale_price"": 39700, ""sold_out"": false, ""url"": ""https://product.29cm.co.kr/catalog/4128404""}",2026-10-03T13:00:06+00:00_f8e2270a
2026-10-03T22:00:06+09:00,2026-10-03T13:00:08+00:00,commerce_rank,TG3-TS13 멀티 스트라이프 롱슬리브 티셔츠,29cm:4128404@272103100,rank,7.0,"{""brand_eng"": ""THOMAS MORE"", ""brand_kor"": ""토마스모어"", ""brand_no"": 2111, ""category1"": ""남성의류"", ""category2"": ""상의"", ""category3"": ""긴소매 티셔츠"", ""category3_code"": 272103102, ""is_new"": false, ""item_no"": 4128404, ""period_sort"": ""ONE_DAY"", ""platform"": ""29cm"", ""ranking_category_code"": ""272103100"", ""ranking_category_name"": ""남성의류>상의"", ""review_avg"": 4.5, ""sale_percent"": 0, ""sale_price"": 39700, ""sold_out"": false, ""url"": ""https://product.29cm.co.kr/catalog/4128404""}",2026-10-03T13:00:06+00:00_f8e2270a
2026-10-03T22:00:06+09:00,2026-10-03T13:00:08+00:00,commerce_rank,TG3-TS12 씬 스트라이프 롱슬리브 티셔츠,29cm:4128405,heart_count,881.0,"{""brand_eng"": ""THOMAS MORE"", ""brand_kor"": ""토마스모어"", ""brand_no"": 2111, ""category1"": ""남성의류"", ""category2"": ""상의"", ""category3"": ""긴소매 티셔츠"", ""category3_code"": 272103102, ""is_new"": false, ""item_no"": 4128405, ""period_sort"": ""ONE_DAY"", ""platform"": ""29cm"", ""ranking_category_code"": ""272103100"", ""ranking_category_name"": ""남성의류>상의"", ""review_avg"": 4.5, ""sale_percent"": 0, ""sale_price"": 35700, ""sold_out"": false, ""url"": ""https://product.29cm.co.kr/catalog/4128405""}",2026-10-03T13:00:06+00:00_f8e2270a
2026-10-03T22:00:06+09:00,2026-10-03T13:00:08+00:00,commerce_rank,TG3-TS12 씬 스트라이프 롱슬리브 티셔츠,29cm:4128405,review_count,40.0,"{""brand_eng"": ""THOMAS MORE"", ""brand_kor"": ""토마스모어"", ""brand_no"": 2111, ""category1"": ""남성의류"", ""category2"": ""상의"", ""category3"": ""긴소매 티셔츠"", ""category3_code"": 272103102, ""is_new"": false, ""item_no"": 4128405, ""period_sort"": ""ONE_DAY"", ""platform"": ""29cm"", ""ranking_category_code"": ""272103100"", ""ranking_category_name"": ""남성의류>상의"", ""review_avg"": 4.5, ""sale_percent"": 0, ""sale_price"": 35700, ""sold_out"": false, ""url"": ""https://product.29cm.co.kr/catalog/4128405""}",2026-10-03T13:00:06+00:00_f8e2270a
2026-10-03T22:00:06+09:00,2026-10-03T13:00:08+00:00,commerce_rank,TG3-TS12 씬 스트라이프 롱슬리브 티셔츠,29cm:4128405@272103100,rank,9.0,"{""brand_eng"": ""THOMAS MORE"", ""brand_kor"": ""토마스모어"", ""brand_no"": 2111, ""category1"": ""남성의류"", ""category2"": ""상의"", ""category3"": ""긴소매 티셔츠"", ""category3_code"": 272103102, ""is_new"": false, ""item_no"": 4128405, ""period_sort"": ""ONE_DAY"", ""platform"": ""29cm"", ""ranking_category_code"": ""272103100"", ""ranking_category_name"": ""남성의류>상의"", ""review_avg"": 4.5, ""sale_percent"": 0, ""sale_price"": 35700, ""sold_out"": false, ""url"": ""https://product.29cm.co.kr/catalog/4128405""}",2026-10-03T13:00:06+00:00_f8e2270a
2026-10-03T22:00:06+09:00,2026-10-03T13:00:08+00:00,commerce_rank,Fine Stripe Long Sleeve Brick,29cm:4128773,heart_count,29.0,"{""brand_eng"": ""rough side"", ""brand_kor"": ""러프사이드"", ""brand_no"": 3821, ""category1"": ""남성의류"", ""category2"": ""상의"", ""category3"": ""긴소매 티셔츠"", ""category3_code"": 272103102, ""is_new"": false, ""item_no"": 4128773, ""period_sort"": ""ONE_DAY"", ""platform"": ""29cm"", ""ranking_category_code"": ""272103100"", ""ranking_category_name"": ""남성의류>상의"", ""review_avg"": 0.0, ""sale_percent"": 5, ""sale_price"": 75100, ""sold_out"": false, ""url"": ""https://product.29cm.co.kr/catalog/4128773""}",2026-10-03T13:00:06+00:00_f8e2270a
2026-10-03T22:00:06+09:00,2026-10-03T13:00:08+00:00,commerce_rank,Fine Stripe Long Sleeve Brick,29cm:4128773,review_count,0.0,"{""brand_eng"": ""rough side"", ""brand_kor"": ""러프사이드"", ""brand_no"": 3821, ""category1"": ""남성의류"", ""category2"": ""상의"", ""category3"": ""긴소매 티셔츠"", ""category3_code"": 272103102, ""is_new"": false, ""item_no"": 4128773, ""period_sort"": ""ONE_DAY"", ""platform"": ""29cm"", ""ranking_category_code"": ""272103100"", ""ranking_category_name"": ""남성의류>상의"", ""review_avg"": 0.0, ""sale_percent"": 5, ""sale_price"": 75100, ""sold_out"": false, ""url"": ""https://product.29cm.co.kr/catalog/4128773""}",2026-10-03T13:00:06+00:00_f8e2270a
2026-10-03T22:00:06+09:00,2026-10-03T13:00:08+00:00,commerce_rank,Fine Stripe Long Sleeve Brick,29cm:4128773@272103100,rank,44.0,"{""brand_eng"": ""rough side"", ""brand_kor"": ""러프사이드"", ""brand_no"": 3821, ""category1"": ""남성의류"", ""category2"": ""상의"", ""category3"": ""긴소매 티셔츠"", ""category3_code"": 272103102, ""is_new"": false, ""item_no"": 4128773, ""period_sort"": ""ONE_DAY"", ""platform"": ""29cm"", ""ranking_category_code"": ""272103100"", ""ranking_category_name"": ""남성의류>상의"", ""review_avg"": 0.0, ""sale_percent"": 5, ""sale_price"": 75100, ""sold_out"": false, ""url"": ""https://product.29cm.co.kr/catalog/4128773""}",2026-10-03T13:00:06+00:00_f8e2270a
2026-10-03T22:00:06+09:00,2026-10-03T13:00:08+00:00,commerce_rank,Fine Stripe Long Sleeve Forest Brown,29cm:4128781,heart_count,10.0,"{""brand_eng"": ""rough side"", ""brand_kor"": ""러프사이드"", ""brand_no"": 3821, ""category1"": ""남성의류"", ""category2"": ""상의"", ""category3"": ""긴소매 티셔츠"", ""category3_code"": 272103102, ""is_new"": false, ""item_no"": 4128781, ""period_sort"": ""ONE_DAY"", ""platform"": ""29cm"", ""ranking_category_code"": ""272103100"", ""ranking_category_name"": ""남성의류>상의"", ""review_avg"": 0.0, ""sale_percent"": 5, ""sale_price"": 75100, ""sold_out"": false, ""url"": ""https://product.29cm.co.kr/catalog/4128781""}",2026-10-03T13:00:06+00:00_f8e2270a
2026-10-03T22:00:06+09:00,2026-10-03T13:00:08+00:00,commerce_rank,Fine Stripe Long Sleeve Forest Brown,29cm:4128781,review_count,0.0,"{""brand_eng"": ""rough side"", ""brand_kor"": ""러프사이드"", ""brand_no"": 3821, ""category1"": ""남성의류"", ""category2"": ""상의"", ""category3"": ""긴소매 티셔츠"", ""category3_code"": 272103102, ""is_new"": false, ""item_no"": 4128781, ""period_sort"": ""ONE_DAY"", ""platform"": ""29cm"", ""ranking_category_code"": ""272103100"", ""ranking_category_name"": ""남성의류>상의"", ""review_avg"": 0.0, ""sale_percent"": 5, ""sale_price"": 75100, ""sold_out"": false, ""url"": ""https://product.29cm.co.kr/catalog/4128781""}",2026-10-03T13:00:06+00:00_f8e2270a
2026-10-03T22:00:06+09:00,2026-10-03T13:00:08+00:00,commerce_rank,Fine Stripe Long Sleeve Forest Brown,29cm:4128781@272103100,rank,52.0,"{""brand_eng"": ""rough side"", ""brand_kor"": ""러프사이드"", ""brand_no"": 3821, ""category1"": ""남성의류"", ""category2"": ""상의"", ""category3"": ""긴소매 티셔츠"", ""category3_code"": 272103102, ""is_new"": false, ""item_no"": 4128781, ""period_sort"": ""ONE_DAY"", ""platform"": ""29cm"", ""ranking_category_code"": ""272103100"", ""ranking_category_name"": ""남성의류>상의"", ""review_avg"": 0.0, ""sale_percent"": 5, ""sale_price"": 75100, ""sold_out"": false, ""url"": ""https://product.29cm.co.kr/catalog/4128781""}",2026-10-03T13:00:06+00:00_f8e2270a
2026-10-03T22:00:06+09:00,2026-10-03T13:00:08+00:00,commerce_rank,Fine Stripe Long Sleeve Graphite,29cm:4128782,heart_count,76.0,"{""brand_eng"": ""rough side"", ""brand_kor"": ""러프사이드"", ""brand_no"": 3821, ""category1"": ""남성의류"", ""category2"": ""상의"", ""category3"": ""긴소매 티셔츠"", ""category3_code"": 272103102, ""is_new"": false, ""item_no"": 4128782, ""period_sort"": ""ONE_DAY"", ""platform"": ""29cm"", ""ranking_category_code"": ""272103100"", ""ranking_category_name"": ""남성의류>상의"", ""review_avg"": 5.0, ""sale_percent"": 5, ""sale_price"": 75100, ""sold_out"": false, ""url"": ""https://product.29cm.co.kr/catalog/4128782""}",2026-10-03T13:00:06+00:00_f8e2270a
2026-10-03T22:00:06+09:00,2026-10-03T13:00:08+00:00,commerce_rank,Fine Stripe Long Sleeve Graphite,29cm:4128782,review_count,1.0,"{""brand_eng"": ""rough side"", ""brand_kor"": ""러프사이드"", ""brand_no"": 3821, ""category1"": ""남성의류"", ""category2"": ""상의"", ""category3"": ""긴소매 티셔츠"", ""category3_code"": 272103102, ""is_new"": false, ""item_no"": 4128782, ""period_sort"": ""ONE_DAY"", ""platform"": ""29cm"", ""ranking_category_code"": ""272103100"", ""ranking_category_name"": ""남성의류>상의"", ""review_avg"": 5.0, ""sale_percent"": 5, ""sale_price"": 75100, ""sold_out"": false, ""url"": ""https://product.29cm.co.kr/catalog/4128782""}",2026-10-03T13:00:06+00:00_f8e2270a
2026-10-03T22:00:06+09:00,2026-10-03T13:00:08+00:00,commerce_rank,Fine Stripe Long Sleeve Graphite,29cm:4128782@272103100,rank,12.0,"{""brand_eng"": ""rough side"", ""brand_kor"": ""러프사이드"", ""brand_no"": 3821, ""category1"": ""남성의류"", ""category2"": ""상의"", ""category3"": ""긴소매 티셔츠"", ""category3_code"": 272103102, ""is_new"": false, ""item_no"": 4128782, ""period_sort"": ""ONE_DAY"", ""platform"": ""29cm"", ""ranking_category_code"": ""272103100"", ""ranking_category_name"": ""남성의류>상의"", ""review_avg"": 5.0, ""sale_percent"": 5, ""sale_price"": 75100, ""sold_out"": false, ""url"": ""https://product.29cm.co.kr/catalog/4128782""}",2026-10-03T13:00:06+00:00_f8e2270a
2026-10-03T22:00:06+09:00,2026-10-03T13:00:06+00:00,commerce_rank,[쁨이 PICK] Essential Button Hoodie-Butter,29cm:4129128,heart_count,2537.0,"{""brand_eng"": ""BITTERCELLS"", ""brand_kor"": ""비터셀즈"", ""brand_no"": 15063, ""category1"": ""여성의류"", ""category2"": ""상의"", ""category3"": ""후디"", ""category3_code"": 268103105, ""is_new"": false, ""item_no"": 4129128, ""period_sort"": ""ONE_DAY"", ""platform"": ""29cm"", ""ranking_category_code"": ""268103100"", ""ranking_category_name"": ""여성의류>상의"", ""review_avg"": 5.0, ""sale_percent"": 10, ""sale_price"": 71100, ""sold_out"": false, ""url"": ""https://product.29cm.co.kr/catalog/4129128""}",2026-10-03T13:00:06+00:00_f8e2270a
2026-10-03T22:00:06+09:00,2026-10-03T13:00:06+00:00,commerce_rank,[쁨이 PICK] Essential Button Hoodie-Butter,29cm:4129128,review_count,6.0,"{""brand_eng"": ""BITTERCELLS"", ""brand_kor"": ""비터셀즈"", ""brand_no"": 15063, ""category1"": ""여성의류"", ""category2"": ""상의"", ""category3"": ""후디"", ""category3_code"": 268103105, ""is_new"": false, ""item_no"": 4129128, ""period_sort"": ""ONE_DAY"", ""platform"": ""29cm"", ""ranking_category_code"": ""268103100"", ""ranking_category_name"": ""여성의류>상의"", ""review_avg"": 5.0, ""sale_percent"": 10, ""sale_price"": 71100, ""sold_out"": false, ""url"": ""https://product.29cm.co.kr/catalog/4129128""}",2026-10-03T13:00:06+00:00_f8e2270a
2026-10-03T22:00:06+09:00,2026-10-03T13:00:06+00:00,commerce_rank,[쁨이 PICK] Essential Button Hoodie-Butter,29cm:4129128@268103100,rank,69.0,"{""brand_eng"": ""BITTERCELLS"", ""brand_kor"": ""비터셀즈"", ""brand_no"": 15063, ""category1"": ""여성의류"", ""category2"": ""상의"", ""category3"": ""후디"", ""category3_code"": 268103105, ""is_new"": false, ""item_no"": 4129128, ""period_sort"": ""ONE_DAY"", ""platform"": ""29cm"", ""ranking_category_code"": ""268103100"", ""ranking_category_name"": ""여성의류>상의"", ""review_avg"": 5.0, ""sale_percent"": 10, ""sale_price"": 71100, ""sold_out"": false, ""url"": ""https://product.29cm.co.kr/catalog/4129128""}",2026-10-03T13:00:06+00:00_f8e2270a
2026-10-03T22:00:06+09:00,2026-10-03T13:00:06+00:00,commerce_rank,[쁨이 PICK] Gradation Knit Hood Zip Up-Olive,29cm:4129140,heart_count,2664.0,"{""brand_eng"": ""BITTERCELLS"", ""brand_kor"": ""비터셀즈"", ""brand_no"": 15063, ""category1"": ""여성의류"", ""category2"": ""상의"", ""category3"": ""후디"", ""category3_code"": 268103105, ""is_new"": false, ""item_no"": 4129140, ""period_sort"": ""ONE_DAY"", ""platform"": ""29cm"", ""ranking_category_code"": ""268103100"", ""ranking_category_name"": ""여성의류>상의"", ""review_avg"": 5.0, ""sale_percent"": 10, ""sale_price"": 88200, ""sold_out"": false, ""url"": ""https://product.29cm.co.kr/catalog/4129140""}",2026-10-03T13:00:06+00:00_f8e2270a
2026-10-03T22:00:06+09:00,2026-10-03T13:00:06+00:00,commerce_rank,[쁨이 PICK] Gradation Knit Hood Zip Up-Olive,29cm:4129140,review_count,5.0,"{""brand_eng"": ""BITTERCELLS"", ""brand_kor"": ""비터셀즈"", ""brand_no"": 15063, ""category1"": ""여성의류"", ""category2"": ""상의"", ""category3"": ""후디"", ""category3_code"": 268103105, ""is_new"": false, ""item_no"": 4129140, ""period_sort"": ""ONE_DAY"", ""platform"": ""29cm"", ""ranking_category_code"": ""268103100"", ""ranking_category_name"": ""여성의류>상의"", ""review_avg"": 5.0, ""sale_percent"": 10, ""sale_price"": 88200, ""sold_out"": false, ""url"": ""https://product.29cm.co.kr/catalog/4129140""}",2026-10-03T13:00:06+00:00_f8e2270a
2026-10-03T22:00:06+09:00,2026-10-03T13:00:06+00:00,commerce_rank,[쁨이 PICK] Gradation Knit Hood Zip Up-Olive,29cm:4129140@268103100,rank,52.0,"{""brand_eng"": ""BITTERCELLS"", ""brand_kor"": ""비터셀즈"", ""brand_no"": 15063, ""category1"": ""여성의류"", ""category2"": ""상의"", ""category3"": ""후디"", ""category3_code"": 268103105, ""is_new"": false, ""item_no"": 4129140, ""period_sort"": ""ONE_DAY"", ""platform"": ""29cm"", ""ranking_category_code"": ""268103100"", ""ranking_category_name"": ""여성의류>상의"", ""review_avg"": 5.0, ""sale_percent"": 10, ""sale_price"": 88200, ""sold_out"": false, ""url"": ""https://product.29cm.co.kr/catalog/4129140""}",2026-10-03T13:00:06+00:00_f8e2270a
2026-10-03T22:00:06+09:00,2026-10-03T13:00:08+00:00,commerce_rank,소프트 브러쉬드 멀티핀 스트라이프 티셔츠 (차콜),29cm:4129305,heart_count,154.0,"{""brand_eng"": ""COOR"", ""brand_kor"": ""쿠어"", ""brand_no"": 15326, ""category1"": ""남성의류"", ""category2"": ""상의"", ""category3"": ""긴소매 티셔츠"", ""category3_code"": 272103102, ""is_new"": false, ""item_no"": 4129305, ""period_sort"": ""ONE_DAY"", ""platform"": ""29cm"", ""ranking_category_code"": ""272103100"", ""ranking_category_name"": ""남성의류>상의"", ""review_avg"": 5.0, ""sale_percent"": 10, ""sale_price"": 76500, ""sold_out"": false, ""url"": ""https://product.29cm.co.kr/catalog/4129305""}",2026-10-03T13:00:06+00:00_f8e2270a
2026-10-03T22:00:06+09:00,2026-10-03T13:00:08+00:00,commerce_rank,소프트 브러쉬드 멀티핀 스트라이프 티셔츠 (차콜),29cm:4129305,review_count,2.0,"{""brand_eng"": ""COOR"", ""brand_kor"": ""쿠어"", ""brand_no"": 15326, ""category1"": ""남성의류"", ""category2"": ""상의"", ""category3"": ""긴소매 티셔츠"", ""category3_code"": 272103102, ""is_new"": false, ""item_no"": 4129305, ""period_sort"": ""ONE_DAY"", ""platform"": ""29cm"", ""ranking_category_code"": ""272103100"", ""ranking_category_name"": ""남성의류>상의"", ""review_avg"": 5.0, ""sale_percent"": 10, ""sale_price"": 76500, ""sold_out"": false, ""url"": ""https://product.29cm.co.kr/catalog/4129305""}",2026-10-03T13:00:06+00:00_f8e2270a
2026-10-03T22:00:06+09:00,2026-10-03T13:00:08+00:00,commerce_rank,소프트 브러쉬드 멀티핀 스트라이프 티셔츠 (차콜),29cm:4129305@272103100,rank,67.0,"{""brand_eng"": ""COOR"", ""brand_kor"": ""쿠어"", ""brand_no"": 15326, ""category1"": ""남성의류"", ""category2"": ""상의"", ""category3"": ""긴소매 티셔츠"", ""category3_code"": 272103102, ""is_new"": false, ""item_no"": 4129305, ""period_sort"": ""ONE_DAY"", ""platform"": ""29cm"", ""ranking_category_code"": ""272103100"", ""ranking_category_name"": ""남성의류>상의"", ""review_avg"": 5.0, ""sale_percent"": 10, ""sale_price"": 76500, ""sold_out"": false, ""url"": ""https://product.29cm.co.kr/catalog/4129305""}",2026-10-03T13:00:06+00:00_f8e2270a
2026-10-03T22:00:06+09:00,2026-10-03T13:00:08+00:00,commerce_rank,멀티핀 스트라이프 포켓 티셔츠 (블루),29cm:4129310,heart_count,40.0,"{""brand_eng"": ""COOR"", ""brand_kor"": ""쿠어"", ""brand_no"": 15326, ""category1"": ""남성의류"", ""category2"": ""상의"", ""category3"": ""긴소매 티셔츠"", ""category3_code"": 272103102, ""is_new"": false, ""item_no"": 4129310, ""period_sort"": ""ONE_DAY"", ""platform"": ""29cm"", ""ranking_category_code"": ""272103100"", ""ranking_category_name"": ""남성의류>상의"", ""review_avg"": 5.0, ""sale_percent"": 10, ""sale_price"": 76500, ""sold_out"": false, ""url"": ""https://product.29cm.co.kr/catalog/4129310""}",2026-10-03T13:00:06+00:00_f8e2270a
2026-10-03T22:00:06+09:00,2026-10-03T13:00:08+00:00,commerce_rank,멀티핀 스트라이프 포켓 티셔츠 (블루),29cm:4129310,review_count,2.0,"{""brand_eng"": ""COOR"", ""brand_kor"": ""쿠어"", ""brand_no"": 15326, ""category1"": ""남성의류"", ""category2"": ""상의"", ""category3"": ""긴소매 티셔츠"", ""category3_code"": 272103102, ""is_new"": false, ""item_no"": 4129310, ""period_sort"": ""ONE_DAY"", ""platform"": ""29cm"", ""ranking_category_code"": ""272103100"", ""ranking_category_name"": ""남성의류>상의"", ""review_avg"": 5.0, ""sale_percent"": 10, ""sale_price"": 76500, ""sold_out"": false, ""url"": ""https://product.29cm.co.kr/catalog/4129310""}",2026-10-03T13:00:06+00:00_f8e2270a
2026-10-03T22:00:06+09:00,2026-10-03T13:00:08+00:00,commerce_rank,멀티핀 스트라이프 포켓 티셔츠 (블루),29cm:4129310@272103100,rank,35.0,"{""brand_eng"": ""COOR"", ""brand_kor"": ""쿠어"", ""brand_no"": 15326, ""category1"": ""남성의류"", ""category2"": ""상의"", ""category3"": ""긴소매 티셔츠"", ""category3_code"": 272103102, ""is_new"": false, ""item_no"": 4129310, ""period_sort"": ""ONE_DAY"", ""platform"": ""29cm"", ""ranking_category_code"": ""272103100"", ""ranking_category_name"": ""남성의류>상의"", ""review_avg"": 5.0, ""sale_percent"": 10, ""sale_price"": 76500, ""sold_out"": false, ""url"": ""https://product.29cm.co.kr/catalog/4129310""}",2026-10-03T13:00:06+00:00_f8e2270a
2026-10-03T22:00:06+09:00,2026-10-03T13:00:08+00:00,commerce_rank,레귤러핏 와플 롱 슬리브 (멜란지그레이),29cm:4129326,heart_count,114.0,"{""brand_eng"": ""COOR"", ""brand_kor"": ""쿠어"", ""brand_no"": 15326, ""category1"": ""남성의류"", ""category2"": ""상의"", ""category3"": ""긴소매 티셔츠"", ""category3_code"": 272103102, ""is_new"": false, ""item_no"": 4129326, ""period_sort"": ""ONE_DAY"", ""platform"": ""29cm"", ""ranking_category_code"": ""272103100"", ""ranking_category_name"": ""남성의류>상의"", ""review_avg"": 5.0, ""sale_percent"": 10, ""sale_price"": 68400, ""sold_out"": false, ""url"": ""https://product.29cm.co.kr/catalog/4129326""}",2026-10-03T13:00:06+00:00_f8e2270a
2026-10-03T22:00:06+09:00,2026-10-03T13:00:08+00:00,commerce_rank,레귤러핏 와플 롱 슬리브 (멜란지그레이),29cm:4129326,review_count,2.0,"{""brand_eng"": ""COOR"", ""brand_kor"": ""쿠어"", ""brand_no"": 15326, ""category1"": ""남성의류"", ""category2"": ""상의"", ""category3"": ""긴소매 티셔츠"", ""category3_code"": 272103102, ""is_new"": false, ""item_no"": 4129326, ""period_sort"": ""ONE_DAY"", ""platform"": ""29cm"", ""ranking_category_code"": ""272103100"", ""ranking_category_name"": ""남성의류>상의"", ""review_avg"": 5.0, ""sale_percent"": 10, ""sale_price"": 68400, ""sold_out"": false, ""url"": ""https://product.29cm.co.kr/catalog/4129326""}",2026-10-03T13:00:06+00:00_f8e2270a
2026-10-03T22:00:06+09:00,2026-10-03T13:00:08+00:00,commerce_rank,레귤러핏 와플 롱 슬리브 (멜란지그레이),29cm:4129326@272103100,rank,26.0,"{""brand_eng"": ""COOR"", ""brand_kor"": ""쿠어"", ""brand_no"": 15326, ""category1"": ""남성의류"", ""category2"": ""상의"", ""category3"": ""긴소매 티셔츠"", ""category3_code"": 272103102, ""is_new"": false, ""item_no"": 4129326, ""period_sort"": ""ONE_DAY"", ""platform"": ""29cm"", ""ranking_category_code"": ""272103100"", ""ranking_category_name"": ""남성의류>상의"", ""review_avg"": 5.0, ""sale_percent"": 10, ""sale_price"": 68400, ""sold_out"": false, ""url"": ""https://product.29cm.co.kr/catalog/4129326""}",2026-10-03T13:00:06+00:00_f8e2270a
2026-10-03T22:00:06+09:00,2026-10-03T13:00:08+00:00,commerce_rank,STRIPED REGULAR-FIT TEE_NAVY [LC267TS09NV],29cm:4129583,heart_count,821.0,"{""brand_eng"": ""LOW CLASSIC"", ""brand_kor"": ""로우클래식"", ""brand_no"": 302, ""category1"": ""남성의류"", ""category2"": ""상의"", ""category3"": ""긴소매 티셔츠"", ""category3_code"": 272103102, ""is_new"": false, ""item_no"": 4129583, ""period_sort"": ""ONE_DAY"", ""platform"": ""29cm"", ""ranking_category_code"": ""272103100"", ""ranking_category_name"": ""남성의류>상의"", ""review_avg"": 5.0, ""sale_percent"": 5, ""sale_price"": 65550, ""sold_out"": false, ""url"": ""https://product.29cm.co.kr/catalog/4129583""}",2026-10-03T13:00:06+00:00_f8e2270a
2026-10-03T22:00:06+09:00,2026-10-03T13:00:08+00:00,commerce_rank,STRIPED REGULAR-FIT TEE_NAVY [LC267TS09NV],29cm:4129583,review_count,16.0,"{""brand_eng"": ""LOW CLASSIC"", ""brand_kor"": ""로우클래식"", ""brand_no"": 302, ""category1"": ""남성의류"", ""category2"": ""상의"", ""category3"": ""긴소매 티셔츠"", ""category3_code"": 272103102, ""is_new"": false, ""item_no"": 4129583, ""period_sort"": ""ONE_DAY"", ""platform"": ""29cm"", ""ranking_category_code"": ""272103100"", ""ranking_category_name"": ""남성의류>상의"", ""review_avg"": 5.0, ""sale_percent"": 5, ""sale_price"": 65550, ""sold_out"": false, ""url"": ""https://product.29cm.co.kr/catalog/4129583""}",2026-10-03T13:00:06+00:00_f8e2270a
2026-10-03T22:00:06+09:00,2026-10-03T13:00:08+00:00,commerce_rank,STRIPED REGULAR-FIT TEE_NAVY [LC267TS09NV],29cm:4129583@272103100,rank,85.0,"{""brand_eng"": ""LOW CLASSIC"", ""brand_kor"": ""로우클래식"", ""brand_no"": 302, ""category1"": ""남성의류"", ""category2"": ""상의"", ""category3"": ""긴소매 티셔츠"", ""category3_code"": 272103102, ""is_new"": false, ""item_no"": 4129583, ""period_sort"": ""ONE_DAY"", ""platform"": ""29cm"", ""ranking_category_code"": ""272103100"", ""ranking_category_name"": ""남성의류>상의"", ""review_avg"": 5.0, ""sale_percent"": 5, ""sale_price"": 65550, ""sold_out"": false, ""url"": ""https://product.29cm.co.kr/catalog/4129583""}",2026-10-03T13:00:06+00:00_f8e2270a
2026-10-03T22:00:06+09:00,2026-10-03T13:00:06+00:00,commerce_rank,LOW WASHED ZIP-UP HOODIE_MELANGE GREY [LC267TS13MG],29cm:4129596,heart_count,626.0,"{""brand_eng"": ""LOW CLASSIC"", ""brand_kor"": ""로우클래식"", ""brand_no"": 302, ""category1"": ""남성의류"", ""category2"": ""상의"", ""category3"": ""후디"", ""category3_code"": 272103108, ""is_new"": false, ""item_no"": 4129596, ""period_sort"": ""ONE_DAY"", ""platform"": ""29cm"", ""ranking_category_code"": ""268103100"", ""ranking_category_name"": ""여성의류>상의"", ""review_avg"": 5.0, ""sale_percent"": 10, ""sale_price"": 125100, ""sold_out"": false, ""url"": ""https://product.29cm.co.kr/catalog/4129596""}",2026-10-03T13:00:06+00:00_f8e2270a
2026-10-03T22:00:06+09:00,2026-10-03T13:00:06+00:00,commerce_rank,LOW WASHED ZIP-UP HOODIE_MELANGE GREY [LC267TS13MG],29cm:4129596,review_count,13.0,"{""brand_eng"": ""LOW CLASSIC"", ""brand_kor"": ""로우클래식"", ""brand_no"": 302, ""category1"": ""남성의류"", ""category2"": ""상의"", ""category3"": ""후디"", ""category3_code"": 272103108, ""is_new"": false, ""item_no"": 4129596, ""period_sort"": ""ONE_DAY"", ""platform"": ""29cm"", ""ranking_category_code"": ""268103100"", ""ranking_category_name"": ""여성의류>상의"", ""review_avg"": 5.0, ""sale_percent"": 10, ""sale_price"": 125100, ""sold_out"": false, ""url"": ""https://product.29cm.co.kr/catalog/4129596""}",2026-10-03T13:00:06+00:00_f8e2270a
2026-10-03T22:00:06+09:00,2026-10-03T13:00:06+00:00,commerce_rank,LOW WASHED ZIP-UP HOODIE_MELANGE GREY [LC267TS13MG],29cm:4129596@268103100,rank,93.0,"{""brand_eng"": ""LOW CLASSIC"", ""brand_kor"": ""로우클래식"", ""brand_no"": 302, ""category1"": ""남성의류"", ""category2"": ""상의"", ""category3"": ""후디"", ""category3_code"": 272103108, ""is_new"": false, ""item_no"": 4129596, ""period_sort"": ""ONE_DAY"", ""platform"": ""29cm"", ""ranking_category_code"": ""268103100"", ""ranking_category_name"": ""여성의류>상의"", ""review_avg"": 5.0, ""sale_percent"": 10, ""sale_price"": 125100, ""sold_out"": false, ""url"": ""https://product.29cm.co.kr/catalog/4129596""}",2026-10-03T13:00:06+00:00_f8e2270a
2026-10-03T22:00:06+09:00,2026-10-03T13:00:06+00:00,commerce_rank,[29EDITION X 알로하]Oasis Blooming Sweatshirt_CLOUD,29cm:4130049,heart_count,5845.0,"{""brand_eng"": ""WEDNESDAYOASIS"", ""brand_kor"": ""웬즈데이오아시스"", ""brand_no"": 69104, ""category1"": ""여성의류"", ""category2"": ""상의"", ""category3"": ""스웨트셔츠"", ""category3_code"": 268103104, ""is_new"": false, ""item_no"": 4130049, ""period_sort"": ""ONE_DAY"", ""platform"": ""29cm"", ""ranking_category_code"": ""268103100"", ""ranking_category_name"": ""여성의류>상의"", ""review_avg"": 5.0, ""sale_percent"": 19, ""sale_price"": 51030, ""sold_out"": false, ""url"": ""https://product.29cm.co.kr/catalog/4130049""}",2026-10-03T13:00:06+00:00_f8e2270a
2026-10-03T22:00:06+09:00,2026-10-03T13:00:06+00:00,commerce_rank,[29EDITION X 알로하]Oasis Blooming Sweatshirt_CLOUD,29cm:4130049,review_count,86.0,"{""brand_eng"": ""WEDNESDAYOASIS"", ""brand_kor"": ""웬즈데이오아시스"", ""brand_no"": 69104, ""category1"": ""여성의류"", ""category2"": ""상의"", ""category3"": ""스웨트셔츠"", ""category3_code"": 268103104, ""is_new"": false, ""item_no"": 4130049, ""period_sort"": ""ONE_DAY"", ""platform"": ""29cm"", ""ranking_category_code"": ""268103100"", ""ranking_category_name"": ""여성의류>상의"", ""review_avg"": 5.0, ""sale_percent"": 19, ""sale_price"": 51030, ""sold_out"": false, ""url"": ""https://product.29cm.co.kr/catalog/4130049""}",2026-10-03T13:00:06+00:00_f8e2270a
2026-10-03T22:00:06+09:00,2026-10-03T13:00:06+00:00,commerce_rank,[29EDITION X 알로하]Oasis Blooming Sweatshirt_CLOUD,29cm:4130049@268103100,rank,62.0,"{""brand_eng"": ""WEDNESDAYOASIS"", ""brand_kor"": ""웬즈데이오아시스"", ""brand_no"": 69104, ""category1"": ""여성의류"", ""category2"": ""상의"", ""category3"": ""스웨트셔츠"", ""category3_code"": 268103104, ""is_new"": false, ""item_no"": 4130049, ""period_sort"": ""ONE_DAY"", ""platform"": ""29cm"", ""ranking_category_code"": ""268103100"", ""ranking_category_name"": ""여성의류>상의"", ""review_avg"": 5.0, ""sale_percent"": 19, ""sale_price"": 51030, ""sold_out"": false, ""url"": ""https://product.29cm.co.kr/catalog/4130049""}",2026-10-03T13:00:06+00:00_f8e2270a
2026-10-03T22:00:06+09:00,2026-10-03T13:00:08+00:00,commerce_rank,Button Down Shirt - 4 Color,29cm:4131378,heart_count,9.0,"{""brand_eng"": ""POTTERY"", ""brand_kor"": ""포터리"", ""brand_no"": 3453, ""category1"": ""남성의류"", ""category2"": ""상의"", ""category3"": ""긴소매 셔츠"", ""category3_code"": 272103106, ""is_new"": false, ""item_no"": 4131378, ""period_sort"": ""ONE_DAY"", ""platform"": ""29cm"", ""ranking_category_code"": ""272103100"", ""ranking_category_name"": ""남성의류>상의"", ""review_avg"": 5.0, ""sale_percent"": 0, ""sale_price"": 189000, ""sold_out"": false, ""url"": ""https://product.29cm.co.kr/catalog/4131378""}",2026-10-03T13:00:06+00:00_f8e2270a
2026-10-03T22:00:06+09:00,2026-10-03T13:00:08+00:00,commerce_rank,Button Down Shirt - 4 Color,29cm:4131378,review_count,1.0,"{""brand_eng"": ""POTTERY"", ""brand_kor"": ""포터리"", ""brand_no"": 3453, ""category1"": ""남성의류"", ""category2"": ""상의"", ""category3"": ""긴소매 셔츠"", ""category3_code"": 272103106, ""is_new"": false, ""item_no"": 4131378, ""period_sort"": ""ONE_DAY"", ""platform"": ""29cm"", ""ranking_category_code"": ""272103100"", ""ranking_category_name"": ""남성의류>상의"", ""review_avg"": 5.0, ""sale_percent"": 0, ""sale_price"": 189000, ""sold_out"": false, ""url"": ""https://product.29cm.co.kr/catalog/4131378""}",2026-10-03T13:00:06+00:00_f8e2270a
2026-10-03T22:00:06+09:00,2026-10-03T13:00:08+00:00,commerce_rank,Button Down Shirt - 4 Color,29cm:4131378@272103100,rank,73.0,"{""brand_eng"": ""POTTERY"", ""brand_kor"": ""포터리"", ""brand_no"": 3453, ""category1"": ""남성의류"", ""category2"": ""상의"", ""category3"": ""긴소매 셔츠"", ""category3_code"": 272103106, ""is_new"": false, ""item_no"": 4131378, ""period_sort"": ""ONE_DAY"", ""platform"": ""29cm"", ""ranking_category_code"": ""272103100"", ""ranking_category_name"": ""남성의류>상의"", ""review_avg"": 5.0, ""sale_percent"": 0, ""sale_price"": 189000, ""sold_out"": false, ""url"": ""https://product.29cm.co.kr/catalog/4131378""}",2026-10-03T13:00:06+00:00_f8e2270a
2026-10-03T22:00:06+09:00,2026-10-03T13:00:06+00:00,commerce_rank,[9th] Pecan Waffle Raglan Long Top - Grey(Navy),29cm:4132890,heart_count,1878.0,"{""brand_eng"": ""SOMEWHEREBUTTER"", ""brand_kor"": ""썸웨어버터"", ""brand_no"": 18640, ""category1"": ""여성의류"", ""category2"": ""상의"", ""category3"": ""긴소매 티셔츠"", ""category3_code"": 268103102, ""is_new"": false, ""item_no"": 4132890, ""period_sort"": ""ONE_DAY"", ""platform"": ""29cm"", ""ranking_category_code"": ""268103100"", ""ranking_category_name"": ""여성의류>상의"", ""review_avg"": 5.0, ""sale_percent"": 10, ""sale_price"": 71100, ""sold_out"": false, ""url"": ""https://product.29cm.co.kr/catalog/4132890""}",2026-10-03T13:00:06+00:00_f8e2270a
2026-10-03T22:00:06+09:00,2026-10-03T13:00:06+00:00,commerce_rank,[9th] Pecan Waffle Raglan Long Top - Grey(Navy),29cm:4132890,review_count,37.0,"{""brand_eng"": ""SOMEWHEREBUTTER"", ""brand_kor"": ""썸웨어버터"", ""brand_no"": 18640, ""category1"": ""여성의류"", ""category2"": ""상의"", ""category3"": ""긴소매 티셔츠"", ""category3_code"": 268103102, ""is_new"": false, ""item_no"": 4132890, ""period_sort"": ""ONE_DAY"", ""platform"": ""29cm"", ""ranking_category_code"": ""268103100"", ""ranking_category_name"": ""여성의류>상의"", ""review_avg"": 5.0, ""sale_percent"": 10, ""sale_price"": 71100, ""sold_out"": false, ""url"": ""https://product.29cm.co.kr/catalog/4132890""}",2026-10-03T13:00:06+00:00_f8e2270a
2026-10-03T22:00:06+09:00,2026-10-03T13:00:06+00:00,commerce_rank,[9th] Pecan Waffle Raglan Long Top - Grey(Navy),29cm:4132890@268103100,rank,54.0,"{""brand_eng"": ""SOMEWHEREBUTTER"", ""brand_kor"": ""썸웨어버터"", ""brand_no"": 18640, ""category1"": ""여성의류"", ""category2"": ""상의"", ""category3"": ""긴소매 티셔츠"", ""category3_code"": 268103102, ""is_new"": false, ""item_no"": 4132890, ""period_sort"": ""ONE_DAY"", ""platform"": ""29cm"", ""ranking_category_code"": ""268103100"", ""ranking_category_name"": ""여성의류>상의"", ""review_avg"": 5.0, ""sale_percent"": 10, ""sale_price"": 71100, ""sold_out"": false, ""url"": ""https://product.29cm.co.kr/catalog/4132890""}",2026-10-03T13:00:06+00:00_f8e2270a
2026-10-03T22:00:06+09:00,2026-10-03T13:00:08+00:00,commerce_rank,DISTRESSED BASEBALL L/S SHIRTS d.purple/heather,29cm:4132943,heart_count,114.0,"{""brand_eng"": ""beheavyer"", ""brand_kor"": ""비헤비어"", ""brand_no"": 1897, ""category1"": ""남성의류"", ""category2"": ""상의"", ""category3"": ""긴소매 티셔츠"", ""category3_code"": 272103102, ""is_new"": false, ""item_no"": 4132943, ""period_sort"": ""ONE_DAY"", ""platform"": ""29cm"", ""ranking_category_code"": ""272103100"", ""ranking_category_name"": ""남성의류>상의"", ""review_avg"": 0.0, ""sale_percent"": 0, ""sale_price"": 119000, ""sold_out"": false, ""url"": ""https://product.29cm.co.kr/catalog/4132943""}",2026-10-03T13:00:06+00:00_f8e2270a
2026-10-03T22:00:06+09:00,2026-10-03T13:00:08+00:00,commerce_rank,DISTRESSED BASEBALL L/S SHIRTS d.purple/heather,29cm:4132943,review_count,0.0,"{""brand_eng"": ""beheavyer"", ""brand_kor"": ""비헤비어"", ""brand_no"": 1897, ""category1"": ""남성의류"", ""category2"": ""상의"", ""category3"": ""긴소매 티셔츠"", ""category3_code"": 272103102, ""is_new"": false, ""item_no"": 4132943, ""period_sort"": ""ONE_DAY"", ""platform"": ""29cm"", ""ranking_category_code"": ""272103100"", ""ranking_category_name"": ""남성의류>상의"", ""review_avg"": 0.0, ""sale_percent"": 0, ""sale_price"": 119000, ""sold_out"": false, ""url"": ""https://product.29cm.co.kr/catalog/4132943""}",2026-10-03T13:00:06+00:00_f8e2270a
2026-10-03T22:00:06+09:00,2026-10-03T13:00:08+00:00,commerce_rank,DISTRESSED BASEBALL L/S SHIRTS d.purple/heather,29cm:4132943@272103100,rank,39.0,"{""brand_eng"": ""beheavyer"", ""brand_kor"": ""비헤비어"", ""brand_no"": 1897, ""category1"": ""남성의류"", ""category2"": ""상의"", ""category3"": ""긴소매 티셔츠"", ""category3_code"": 272103102, ""is_new"": false, ""item_no"": 4132943, ""period_sort"": ""ONE_DAY"", ""platform"": ""29cm"", ""ranking_category_code"": ""272103100"", ""ranking_category_name"": ""남성의류>상의"", ""review_avg"": 0.0, ""sale_percent"": 0, ""sale_price"": 119000, ""sold_out"": false, ""url"": ""https://product.29cm.co.kr/catalog/4132943""}",2026-10-03T13:00:06+00:00_f8e2270a
2026-10-03T22:00:06+09:00,2026-10-03T13:00:08+00:00,commerce_rank,DISTRESSED BASEBALL L/S SHIRTS d.brown/brown,29cm:4132956,heart_count,99.0,"{""brand_eng"": ""beheavyer"", ""brand_kor"": ""비헤비어"", ""brand_no"": 1897, ""category1"": ""남성의류"", ""category2"": ""상의"", ""category3"": ""긴소매 티셔츠"", ""category3_code"": 272103102, ""is_new"": false, ""item_no"": 4132956, ""period_sort"": ""ONE_DAY"", ""platform"": ""29cm"", ""ranking_category_code"": ""272103100"", ""ranking_category_name"": ""남성의류>상의"", ""review_avg"": 5.0, ""sale_percent"": 0, ""sale_price"": 119000, ""sold_out"": false, ""url"": ""https://product.29cm.co.kr/catalog/4132956""}",2026-10-03T13:00:06+00:00_f8e2270a
2026-10-03T22:00:06+09:00,2026-10-03T13:00:08+00:00,commerce_rank,DISTRESSED BASEBALL L/S SHIRTS d.brown/brown,29cm:4132956,review_count,4.0,"{""brand_eng"": ""beheavyer"", ""brand_kor"": ""비헤비어"", ""brand_no"": 1897, ""category1"": ""남성의류"", ""category2"": ""상의"", ""category3"": ""긴소매 티셔츠"", ""category3_code"": 272103102, ""is_new"": false, ""item_no"": 4132956, ""period_sort"": ""ONE_DAY"", ""platform"": ""29cm"", ""ranking_category_code"": ""272103100"", ""ranking_category_name"": ""남성의류>상의"", ""review_avg"": 5.0, ""sale_percent"": 0, ""sale_price"": 119000, ""sold_out"": false, ""url"": ""https://product.29cm.co.kr/catalog/4132956""}",2026-10-03T13:00:06+00:00_f8e2270a
2026-10-03T22:00:06+09:00,2026-10-03T13:00:08+00:00,commerce_rank,DISTRESSED BASEBALL L/S SHIRTS d.brown/brown,29cm:4132956@272103100,rank,48.0,"{""brand_eng"": ""beheavyer"", ""brand_kor"": ""비헤비어"", ""brand_no"": 1897, ""category1"": ""남성의류"", ""category2"": ""상의"", ""category3"": ""긴소매 티셔츠"", ""category3_code"": 272103102, ""is_new"": false, ""item_no"": 4132956, ""period_sort"": ""ONE_DAY"", ""platform"": ""29cm"", ""ranking_category_code"": ""272103100"", ""ranking_category_name"": ""남성의류>상의"", ""review_avg"": 5.0, ""sale_percent"": 0, ""sale_price"": 119000, ""sold_out"": false, ""url"": ""https://product.29cm.co.kr/catalog/4132956""}",2026-10-03T13:00:06+00:00_f8e2270a
2026-10-03T22:00:06+09:00,2026-10-03T13:00:06+00:00,commerce_rank,V Layered Tee Purple,29cm:4134050,heart_count,1250.0,"{""brand_eng"": ""RENSE"", ""brand_kor"": ""렌세"", ""brand_no"": 72648, ""category1"": ""여성의류"", ""category2"": ""상의"", ""category3"": ""긴소매 티셔츠"", ""category3_code"": 268103102, ""is_new"": false, ""item_no"": 4134050, ""period_sort"": ""ONE_DAY"", ""platform"": ""29cm"", ""ranking_category_code"": ""268103100"", ""ranking_category_name"": ""여성의류>상의"", ""review_avg"": 5.0, ""sale_percent"": 28, ""sale_price"": 33840, ""sold_out"": false, ""url"": ""https://product.29cm.co.kr/catalog/4134050""}",2026-10-03T13:00:06+00:00_f8e2270a
2026-10-03T22:00:06+09:00,2026-10-03T13:00:06+00:00,commerce_rank,V Layered Tee Purple,29cm:4134050,review_count,22.0,"{""brand_eng"": ""RENSE"", ""brand_kor"": ""렌세"", ""brand_no"": 72648, ""category1"": ""여성의류"", ""category2"": ""상의"", ""category3"": ""긴소매 티셔츠"", ""category3_code"": 268103102, ""is_new"": false, ""item_no"": 4134050, ""period_sort"": ""ONE_DAY"", ""platform"": ""29cm"", ""ranking_category_code"": ""268103100"", ""ranking_category_name"": ""여성의류>상의"", ""review_avg"": 5.0, ""sale_percent"": 28, ""sale_price"": 33840, ""sold_out"": false, ""url"": ""https://product.29cm.co.kr/catalog/4134050""}",2026-10-03T13:00:06+00:00_f8e2270a
2026-10-03T22:00:06+09:00,2026-10-03T13:00:06+00:00,commerce_rank,V Layered Tee Purple,29cm:4134050@268103100,rank,84.0,"{""brand_eng"": ""RENSE"", ""brand_kor"": ""렌세"", ""brand_no"": 72648, ""category1"": ""여성의류"", ""category2"": ""상의"", ""category3"": ""긴소매 티셔츠"", ""category3_code"": 268103102, ""is_new"": false, ""item_no"": 4134050, ""period_sort"": ""ONE_DAY"", ""platform"": ""29cm"", ""ranking_category_code"": ""268103100"", ""ranking_category_name"": ""여성의류>상의"", ""review_avg"": 5.0, ""sale_percent"": 28, ""sale_price"": 33840, ""sold_out"": false, ""url"": ""https://product.29cm.co.kr/catalog/4134050""}",2026-10-03T13:00:06+00:00_f8e2270a
2026-10-03T22:00:06+09:00,2026-10-03T13:00:08+00:00,commerce_rank,GUSSET RAGLAN L/S T-SHIRT [CHARCOAL],29cm:4134329,heart_count,163.0,"{""brand_eng"": ""UNION BLUE"", ""brand_kor"": ""유니온 블루"", ""brand_no"": 13510, ""category1"": ""남성의류"", ""category2"": ""상의"", ""category3"": ""긴소매 티셔츠"", ""category3_code"": 272103102, ""is_new"": false, ""item_no"": 4134329, ""period_sort"": ""ONE_DAY"", ""platform"": ""29cm"", ""ranking_category_code"": ""272103100"", ""ranking_category_name"": ""남성의류>상의"", ""review_avg"": 5.0, ""sale_percent"": 10, ""sale_price"": 70200, ""sold_out"": false, ""url"": ""https://product.29cm.co.kr/catalog/4134329""}",2026-10-03T13:00:06+00:00_f8e2270a
2026-10-03T22:00:06+09:00,2026-10-03T13:00:08+00:00,commerce_rank,GUSSET RAGLAN L/S T-SHIRT [CHARCOAL],29cm:4134329,review_count,8.0,"{""brand_eng"": ""UNION BLUE"", ""brand_kor"": ""유니온 블루"", ""brand_no"": 13510, ""category1"": ""남성의류"", ""category2"": ""상의"", ""category3"": ""긴소매 티셔츠"", ""category3_code"": 272103102, ""is_new"": false, ""item_no"": 4134329, ""period_sort"": ""ONE_DAY"", ""platform"": ""29cm"", ""ranking_category_code"": ""272103100"", ""ranking_category_name"": ""남성의류>상의"", ""review_avg"": 5.0, ""sale_percent"": 10, ""sale_price"": 70200, ""sold_out"": false, ""url"": ""https://product.29cm.co.kr/catalog/4134329""}",2026-10-03T13:00:06+00:00_f8e2270a
2026-10-03T22:00:06+09:00,2026-10-03T13:00:08+00:00,commerce_rank,GUSSET RAGLAN L/S T-SHIRT [CHARCOAL],29cm:4134329@272103100,rank,72.0,"{""brand_eng"": ""UNION BLUE"", ""brand_kor"": ""유니온 블루"", ""brand_no"": 13510, ""category1"": ""남성의류"", ""category2"": ""상의"", ""category3"": ""긴소매 티셔츠"", ""category3_code"": 272103102, ""is_new"": false, ""item_no"": 4134329, ""period_sort"": ""ONE_DAY"", ""platform"": ""29cm"", ""ranking_category_code"": ""272103100"", ""ranking_category_name"": ""남성의류>상의"", ""review_avg"": 5.0, ""sale_percent"": 10, ""sale_price"": 70200, ""sold_out"": false, ""url"": ""https://product.29cm.co.kr/catalog/4134329""}",2026-10-03T13:00:06+00:00_f8e2270a
2026-10-03T22:00:06+09:00,2026-10-03T13:00:08+00:00,commerce_rank,GUSSET RAGLAN L/S T-SHIRT [BLUE],29cm:4134340,heart_count,659.0,"{""brand_eng"": ""UNION BLUE"", ""brand_kor"": ""유니온 블루"", ""brand_no"": 13510, ""category1"": ""남성의류"", ""category2"": ""상의"", ""category3"": ""긴소매 티셔츠"", ""category3_code"": 272103102, ""is_new"": false, ""item_no"": 4134340, ""period_sort"": ""ONE_DAY"", ""platform"": ""29cm"", ""ranking_category_code"": ""272103100"", ""ranking_category_name"": ""남성의류>상의"", ""review_avg"": 5.0, ""sale_percent"": 10, ""sale_price"": 70200, ""sold_out"": false, ""url"": ""https://product.29cm.co.kr/catalog/4134340""}",2026-10-03T13:00:06+00:00_f8e2270a
2026-10-03T22:00:06+09:00,2026-10-03T13:00:08+00:00,commerce_rank,GUSSET RAGLAN L/S T-SHIRT [BLUE],29cm:4134340,review_count,5.0,"{""brand_eng"": ""UNION BLUE"", ""brand_kor"": ""유니온 블루"", ""brand_no"": 13510, ""category1"": ""남성의류"", ""category2"": ""상의"", ""category3"": ""긴소매 티셔츠"", ""category3_code"": 272103102, ""is_new"": false, ""item_no"": 4134340, ""period_sort"": ""ONE_DAY"", ""platform"": ""29cm"", ""ranking_category_code"": ""272103100"", ""ranking_category_name"": ""남성의류>상의"", ""review_avg"": 5.0, ""sale_percent"": 10, ""sale_price"": 70200, ""sold_out"": false, ""url"": ""https://product.29cm.co.kr/catalog/4134340""}",2026-10-03T13:00:06+00:00_f8e2270a
2026-10-03T22:00:06+09:00,2026-10-03T13:00:08+00:00,commerce_rank,GUSSET RAGLAN L/S T-SHIRT [BLUE],29cm:4134340@272103100,rank,27.0,"{""brand_eng"": ""UNION BLUE"", ""brand_kor"": ""유니온 블루"", ""brand_no"": 13510, ""category1"": ""남성의류"", ""category2"": ""상의"", ""category3"": ""긴소매 티셔츠"", ""category3_code"": 272103102, ""is_new"": false, ""item_no"": 4134340, ""period_sort"": ""ONE_DAY"", ""platform"": ""29cm"", ""ranking_category_code"": ""272103100"", ""ranking_category_name"": ""남성의류>상의"", ""review_avg"": 5.0, ""sale_percent"": 10, ""sale_price"": 70200, ""sold_out"": false, ""url"": ""https://product.29cm.co.kr/catalog/4134340""}",2026-10-03T13:00:06+00:00_f8e2270a
2026-10-03T22:00:06+09:00,2026-10-03T13:00:06+00:00,commerce_rank,셀즈 셔츠 블라우스_2COLORS,29cm:4134563,heart_count,5130.0,"{""brand_eng"": ""MERRYON"", ""brand_kor"": ""메리온"", ""brand_no"": 108383, ""category1"": ""여성의류"", ""category2"": ""상의"", ""category3"": ""셔츠"", ""category3_code"": 268103106, ""is_new"": false, ""item_no"": 4134563, ""period_sort"": ""ONE_DAY"", ""platform"": ""29cm"", ""ranking_category_code"": ""268103100"", ""ranking_category_name"": ""여성의류>상의"", ""review_avg"": 4.5, ""sale_percent"": 28, ""sale_price"": 85680, ""sold_out"": false, ""url"": ""https://product.29cm.co.kr/catalog/4134563""}",2026-10-03T13:00:06+00:00_f8e2270a
2026-10-03T22:00:06+09:00,2026-10-03T13:00:06+00:00,commerce_rank,셀즈 셔츠 블라우스_2COLORS,29cm:4134563,review_count,20.0,"{""brand_eng"": ""MERRYON"", ""brand_kor"": ""메리온"", ""brand_no"": 108383, ""category1"": ""여성의류"", ""category2"": ""상의"", ""category3"": ""셔츠"", ""category3_code"": 268103106, ""is_new"": false, ""item_no"": 4134563, ""period_sort"": ""ONE_DAY"", ""platform"": ""29cm"", ""ranking_category_code"": ""268103100"", ""ranking_category_name"": ""여성의류>상의"", ""review_avg"": 4.5, ""sale_percent"": 28, ""sale_price"": 85680, ""sold_out"": false, ""url"": ""https://product.29cm.co.kr/catalog/4134563""}",2026-10-03T13:00:06+00:00_f8e2270a
2026-10-03T22:00:06+09:00,2026-10-03T13:00:06+00:00,commerce_rank,셀즈 셔츠 블라우스_2COLORS,29cm:4134563@268103100,rank,65.0,"{""brand_eng"": ""MERRYON"", ""brand_kor"": ""메리온"", ""brand_no"": 108383, ""category1"": ""여성의류"", ""category2"": ""상의"", ""category3"": ""셔츠"", ""category3_code"": 268103106, ""is_new"": false, ""item_no"": 4134563, ""period_sort"": ""ONE_DAY"", ""platform"": ""29cm"", ""ranking_category_code"": ""268103100"", ""ranking_category_name"": ""여성의류>상의"", ""review_avg"": 4.5, ""sale_percent"": 28, ""sale_price"": 85680, ""sold_out"": false, ""url"": ""https://product.29cm.co.kr/catalog/4134563""}",2026-10-03T13:00:06+00:00_f8e2270a
2026-10-03T22:00:06+09:00,2026-10-03T13:00:06+00:00,commerce_rank,"[4th REORDER, 10/15 예약배송] LACE-DETAILED SLEEVELESS TOP (GREY)",29cm:4135019,heart_count,3450.0,"{""brand_eng"": ""LCDC TM"", ""brand_kor"": ""엘씨디씨 티엠"", ""brand_no"": 20882, ""category1"": ""여성의류"", ""category2"": ""상의"", ""category3"": ""긴소매 티셔츠"", ""category3_code"": 268103102, ""is_new"": false, ""item_no"": 4135019, ""period_sort"": ""ONE_DAY"", ""platform"": ""29cm"", ""ranking_category_code"": ""268103100"", ""ranking_category_name"": ""여성의류>상의"", ""review_avg"": 5.0, ""sale_percent"": 10, ""sale_price"": 116100, ""sold_out"": false, ""url"": ""https://product.29cm.co.kr/catalog/4135019""}",2026-10-03T13:00:06+00:00_f8e2270a
2026-10-03T22:00:06+09:00,2026-10-03T13:00:06+00:00,commerce_rank,"[4th REORDER, 10/15 예약배송] LACE-DETAILED SLEEVELESS TOP (GREY)",29cm:4135019,review_count,16.0,"{""brand_eng"": ""LCDC TM"", ""brand_kor"": ""엘씨디씨 티엠"", ""brand_no"": 20882, ""category1"": ""여성의류"", ""category2"": ""상의"", ""category3"": ""긴소매 티셔츠"", ""category3_code"": 268103102, ""is_new"": false, ""item_no"": 4135019, ""period_sort"": ""ONE_DAY"", ""platform"": ""29cm"", ""ranking_category_code"": ""268103100"", ""ranking_category_name"": ""여성의류>상의"", ""review_avg"": 5.0, ""sale_percent"": 10, ""sale_price"": 116100, ""sold_out"": false, ""url"": ""https://product.29cm.co.kr/catalog/4135019""}",2026-10-03T13:00:06+00:00_f8e2270a
2026-10-03T22:00:06+09:00,2026-10-03T13:00:06+00:00,commerce_rank,"[4th REORDER, 10/15 예약배송] LACE-DETAILED SLEEVELESS TOP (GREY)",29cm:4135019@268103100,rank,56.0,"{""brand_eng"": ""LCDC TM"", ""brand_kor"": ""엘씨디씨 티엠"", ""brand_no"": 20882, ""category1"": ""여성의류"", ""category2"": ""상의"", ""category3"": ""긴소매 티셔츠"", ""category3_code"": 268103102, ""is_new"": false, ""item_no"": 4135019, ""period_sort"": ""ONE_DAY"", ""platform"": ""29cm"", ""ranking_category_code"": ""268103100"", ""ranking_category_name"": ""여성의류>상의"", ""review_avg"": 5.0, ""sale_percent"": 10, ""sale_price"": 116100, ""sold_out"": false, ""url"": ""https://product.29cm.co.kr/catalog/4135019""}",2026-10-03T13:00:06+00:00_f8e2270a
2026-10-03T22:00:06+09:00,2026-10-03T13:00:08+00:00,commerce_rank,Raw Edge Pocket Long Sleeve Melange Gray,29cm:4135206,heart_count,719.0,"{""brand_eng"": ""partimento"", ""brand_kor"": ""파르티멘토"", ""brand_no"": 1588, ""category1"": ""여성의류"", ""category2"": ""상의"", ""category3"": ""긴소매 티셔츠"", ""category3_code"": 268103102, ""is_new"": false, ""item_no"": 4135206, ""period_sort"": ""ONE_DAY"", ""platform"": ""29cm"", ""ranking_category_code"": ""272103100"", ""ranking_category_name"": ""남성의류>상의"", ""review_avg"": 5.0, ""sale_percent"": 28, ""sale_price"": 29610, ""sold_out"": false, ""url"": ""https://product.29cm.co.kr/catalog/4135206""}",2026-10-03T13:00:06+00:00_f8e2270a
2026-10-03T22:00:06+09:00,2026-10-03T13:00:08+00:00,commerce_rank,Raw Edge Pocket Long Sleeve Melange Gray,29cm:4135206,review_count,21.0,"{""brand_eng"": ""partimento"", ""brand_kor"": ""파르티멘토"", ""brand_no"": 1588, ""category1"": ""여성의류"", ""category2"": ""상의"", ""category3"": ""긴소매 티셔츠"", ""category3_code"": 268103102, ""is_new"": false, ""item_no"": 4135206, ""period_sort"": ""ONE_DAY"", ""platform"": ""29cm"", ""ranking_category_code"": ""272103100"", ""ranking_category_name"": ""남성의류>상의"", ""review_avg"": 5.0, ""sale_percent"": 28, ""sale_price"": 29610, ""sold_out"": false, ""url"": ""https://product.29cm.co.kr/catalog/4135206""}",2026-10-03T13:00:06+00:00_f8e2270a
2026-10-03T22:00:06+09:00,2026-10-03T13:00:08+00:00,commerce_rank,Raw Edge Pocket Long Sleeve Melange Gray,29cm:4135206@272103100,rank,28.0,"{""brand_eng"": ""partimento"", ""brand_kor"": ""파르티멘토"", ""brand_no"": 1588, ""category1"": ""여성의류"", ""category2"": ""상의"", ""category3"": ""긴소매 티셔츠"", ""category3_code"": 268103102, ""is_new"": false, ""item_no"": 4135206, ""period_sort"": ""ONE_DAY"", ""platform"": ""29cm"", ""ranking_category_code"": ""272103100"", ""ranking_category_name"": ""남성의류>상의"", ""review_avg"": 5.0, ""sale_percent"": 28, ""sale_price"": 29610, ""sold_out"": false, ""url"": ""https://product.29cm.co.kr/catalog/4135206""}",2026-10-03T13:00:06+00:00_f8e2270a
2026-10-03T22:00:06+09:00,2026-10-03T13:00:08+00:00,commerce_rank,Raw Edge Pocket Long Sleeve Burgundy,29cm:4135208,heart_count,67.0,"{""brand_eng"": ""partimento"", ""brand_kor"": ""파르티멘토"", ""brand_no"": 1588, ""category1"": ""여성의류"", ""category2"": ""상의"", ""category3"": ""긴소매 티셔츠"", ""category3_code"": 268103102, ""is_new"": false, ""item_no"": 4135208, ""period_sort"": ""ONE_DAY"", ""platform"": ""29cm"", ""ranking_category_code"": ""272103100"", ""ranking_category_name"": ""남성의류>상의"", ""review_avg"": 5.0, ""sale_percent"": 28, ""sale_price"": 29610, ""sold_out"": false, ""url"": ""https://product.29cm.co.kr/catalog/4135208""}",2026-10-03T13:00:06+00:00_f8e2270a
2026-10-03T22:00:06+09:00,2026-10-03T13:00:08+00:00,commerce_rank,Raw Edge Pocket Long Sleeve Burgundy,29cm:4135208,review_count,3.0,"{""brand_eng"": ""partimento"", ""brand_kor"": ""파르티멘토"", ""brand_no"": 1588, ""category1"": ""여성의류"", ""category2"": ""상의"", ""category3"": ""긴소매 티셔츠"", ""category3_code"": 268103102, ""is_new"": false, ""item_no"": 4135208, ""period_sort"": ""ONE_DAY"", ""platform"": ""29cm"", ""ranking_category_code"": ""272103100"", ""ranking_category_name"": ""남성의류>상의"", ""review_avg"": 5.0, ""sale_percent"": 28, ""sale_price"": 29610, ""sold_out"": false, ""url"": ""https://product.29cm.co.kr/catalog/4135208""}",2026-10-03T13:00:06+00:00_f8e2270a
2026-10-03T22:00:06+09:00,2026-10-03T13:00:08+00:00,commerce_rank,Raw Edge Pocket Long Sleeve Burgundy,29cm:4135208@272103100,rank,81.0,"{""brand_eng"": ""partimento"", ""brand_kor"": ""파르티멘토"", ""brand_no"": 1588, ""category1"": ""여성의류"", ""category2"": ""상의"", ""category3"": ""긴소매 티셔츠"", ""category3_code"": 268103102, ""is_new"": false, ""item_no"": 4135208, ""period_sort"": ""ONE_DAY"", ""platform"": ""29cm"", ""ranking_category_code"": ""272103100"", ""ranking_category_name"": ""남성의류>상의"", ""review_avg"": 5.0, ""sale_percent"": 28, ""sale_price"": 29610, ""sold_out"": false, ""url"": ""https://product.29cm.co.kr/catalog/4135208""}",2026-10-03T13:00:06+00:00_f8e2270a
2026-10-03T22:00:06+09:00,2026-10-03T13:00:08+00:00,commerce_rank,Raw Edge Pocket Long Sleeve Black,29cm:4135210,heart_count,214.0,"{""brand_eng"": ""partimento"", ""brand_kor"": ""파르티멘토"", ""brand_no"": 1588, ""category1"": ""여성의류"", ""category2"": ""상의"", ""category3"": ""긴소매 티셔츠"", ""category3_code"": 268103102, ""is_new"": false, ""item_no"": 4135210, ""period_sort"": ""ONE_DAY"", ""platform"": ""29cm"", ""ranking_category_code"": ""272103100"", ""ranking_category_name"": ""남성의류>상의"", ""review_avg"": 4.5, ""sale_percent"": 28, ""sale_price"": 29610, ""sold_out"": false, ""url"": ""https://product.29cm.co.kr/catalog/4135210""}",2026-10-03T13:00:06+00:00_f8e2270a
2026-10-03T22:00:06+09:00,2026-10-03T13:00:08+00:00,commerce_rank,Raw Edge Pocket Long Sleeve Black,29cm:4135210,review_count,11.0,"{""brand_eng"": ""partimento"", ""brand_kor"": ""파르티멘토"", ""brand_no"": 1588, ""category1"": ""여성의류"", ""category2"": ""상의"", ""category3"": ""긴소매 티셔츠"", ""category3_code"": 268103102, ""is_new"": false, ""item_no"": 4135210, ""period_sort"": ""ONE_DAY"", ""platform"": ""29cm"", ""ranking_category_code"": ""272103100"", ""ranking_category_name"": ""남성의류>상의"", ""review_avg"": 4.5, ""sale_percent"": 28, ""sale_price"": 29610, ""sold_out"": false, ""url"": ""https://product.29cm.co.kr/catalog/4135210""}",2026-10-03T13:00:06+00:00_f8e2270a
2026-10-03T22:00:06+09:00,2026-10-03T13:00:08+00:00,commerce_rank,Raw Edge Pocket Long Sleeve Black,29cm:4135210@272103100,rank,88.0,"{""brand_eng"": ""partimento"", ""brand_kor"": ""파르티멘토"", ""brand_no"": 1588, ""category1"": ""여성의류"", ""category2"": ""상의"", ""category3"": ""긴소매 티셔츠"", ""category3_code"": 268103102, ""is_new"": false, ""item_no"": 4135210, ""period_sort"": ""ONE_DAY"", ""platform"": ""29cm"", ""ranking_category_code"": ""272103100"", ""ranking_category_name"": ""남성의류>상의"", ""review_avg"": 4.5, ""sale_percent"": 28, ""sale_price"": 29610, ""sold_out"": false, ""url"": ""https://product.29cm.co.kr/catalog/4135210""}",2026-10-03T13:00:06+00:00_f8e2270a
2026-10-03T22:00:06+09:00,2026-10-03T13:00:06+00:00,commerce_rank,[29CM 단독] (8차_10/8 순차배송) 데일리 레글런 티셔츠 (라벤더),29cm:4135750,heart_count,3911.0,"{""brand_eng"": ""FOREU"", ""brand_kor"": ""포르어"", ""brand_no"": 95874, ""category1"": ""여성의류"", ""category2"": ""상의"", ""category3"": ""긴소매 티셔츠"", ""category3_code"": 268103102, ""is_new"": false, ""item_no"": 4135750, ""period_sort"": ""ONE_DAY"", ""platform"": ""29cm"", ""ranking_category_code"": ""268103100"", ""ranking_category_name"": ""여성의류>상의"", ""review_avg"": 5.0, ""sale_percent"": 10, ""sale_price"": 57600, ""sold_out"": false, ""url"": ""https://product.29cm.co.kr/catalog/4135750""}",2026-10-03T13:00:06+00:00_f8e2270a
2026-10-03T22:00:06+09:00,2026-10-03T13:00:06+00:00,commerce_rank,[29CM 단독] (8차_10/8 순차배송) 데일리 레글런 티셔츠 (라벤더),29cm:4135750,review_count,64.0,"{""brand_eng"": ""FOREU"", ""brand_kor"": ""포르어"", ""brand_no"": 95874, ""category1"": ""여성의류"", ""category2"": ""상의"", ""category3"": ""긴소매 티셔츠"", ""category3_code"": 268103102, ""is_new"": false, ""item_no"": 4135750, ""period_sort"": ""ONE_DAY"", ""platform"": ""29cm"", ""ranking_category_code"": ""268103100"", ""ranking_category_name"": ""여성의류>상의"", ""review_avg"": 5.0, ""sale_percent"": 10, ""sale_price"": 57600, ""sold_out"": false, ""url"": ""https://product.29cm.co.kr/catalog/4135750""}",2026-10-03T13:00:06+00:00_f8e2270a
2026-10-03T22:00:06+09:00,2026-10-03T13:00:06+00:00,commerce_rank,[29CM 단독] (8차_10/8 순차배송) 데일리 레글런 티셔츠 (라벤더),29cm:4135750@268103100,rank,53.0,"{""brand_eng"": ""FOREU"", ""brand_kor"": ""포르어"", ""brand_no"": 95874, ""category1"": ""여성의류"", ""category2"": ""상의"", ""category3"": ""긴소매 티셔츠"", ""category3_code"": 268103102, ""is_new"": false, ""item_no"": 4135750, ""period_sort"": ""ONE_DAY"", ""platform"": ""29cm"", ""ranking_category_code"": ""268103100"", ""ranking_category_name"": ""여성의류>상의"", ""review_avg"": 5.0, ""sale_percent"": 10, ""sale_price"": 57600, ""sold_out"": false, ""url"": ""https://product.29cm.co.kr/catalog/4135750""}",2026-10-03T13:00:06+00:00_f8e2270a
2026-10-03T22:00:06+09:00,2026-10-03T13:00:08+00:00,commerce_rank,멘즈 라이트웨이트 신칠라 스냅-티 풀오버 25551R7,29cm:4136312,heart_count,954.0,"{""brand_eng"": ""PATAGONIA"", ""brand_kor"": ""파타고니아"", ""brand_no"": 34278, ""category1"": ""남성의류"", ""category2"": ""상의"", ""category3"": ""스웨트셔츠"", ""category3_code"": 272103107, ""is_new"": false, ""item_no"": 4136312, ""period_sort"": ""ONE_DAY"", ""platform"": ""29cm"", ""ranking_category_code"": ""272103100"", ""ranking_category_name"": ""남성의류>상의"", ""review_avg"": 5.0, ""sale_percent"": 5, ""sale_price"": 227050, ""sold_out"": false, ""url"": ""https://product.29cm.co.kr/catalog/4136312""}",2026-10-03T13:00:06+00:00_f8e2270a
2026-10-03T22:00:06+09:00,2026-10-03T13:00:08+00:00,commerce_rank,멘즈 라이트웨이트 신칠라 스냅-티 풀오버 25551R7,29cm:4136312,review_count,7.0,"{""brand_eng"": ""PATAGONIA"", ""brand_kor"": ""파타고니아"", ""brand_no"": 34278, ""category1"": ""남성의류"", ""category2"": ""상의"", ""category3"": ""스웨트셔츠"", ""category3_code"": 272103107, ""is_new"": false, ""item_no"": 4136312, ""period_sort"": ""ONE_DAY"", ""platform"": ""29cm"", ""ranking_category_code"": ""272103100"", ""ranking_category_name"": ""남성의류>상의"", ""review_avg"": 5.0, ""sale_percent"": 5, ""sale_price"": 227050, ""sold_out"": false, ""url"": ""https://product.29cm.co.kr/catalog/4136312""}",2026-10-03T13:00:06+00:00_f8e2270a
2026-10-03T22:00:06+09:00,2026-10-03T13:00:08+00:00,commerce_rank,멘즈 라이트웨이트 신칠라 스냅-티 풀오버 25551R7,29cm:4136312@272103100,rank,15.0,"{""brand_eng"": ""PATAGONIA"", ""brand_kor"": ""파타고니아"", ""brand_no"": 34278, ""category1"": ""남성의류"", ""category2"": ""상의"", ""category3"": ""스웨트셔츠"", ""category3_code"": 272103107, ""is_new"": false, ""item_no"": 4136312, ""period_sort"": ""ONE_DAY"", ""platform"": ""29cm"", ""ranking_category_code"": ""272103100"", ""ranking_category_name"": ""남성의류>상의"", ""review_avg"": 5.0, ""sale_percent"": 5, ""sale_price"": 227050, ""sold_out"": false, ""url"": ""https://product.29cm.co.kr/catalog/4136312""}",2026-10-03T13:00:06+00:00_f8e2270a
2026-10-03T22:00:06+09:00,2026-10-03T13:00:06+00:00,commerce_rank,[1차 리오더] Sheer boatneck raglan t-shirt_4colors,29cm:4137017,heart_count,2757.0,"{""brand_eng"": ""URAGO"", ""brand_kor"": ""유라고"", ""brand_no"": 2221, ""category1"": ""여성의류"", ""category2"": ""상의"", ""category3"": ""긴소매 티셔츠"", ""category3_code"": 268103102, ""is_new"": false, ""item_no"": 4137017, ""period_sort"": ""ONE_DAY"", ""platform"": ""29cm"", ""ranking_category_code"": ""268103100"", ""ranking_category_name"": ""여성의류>상의"", ""review_avg"": 5.0, ""sale_percent"": 10, ""sale_price"": 52200, ""sold_out"": false, ""url"": ""https://product.29cm.co.kr/catalog/4137017""}",2026-10-03T13:00:06+00:00_f8e2270a
2026-10-03T22:00:06+09:00,2026-10-03T13:00:06+00:00,commerce_rank,[1차 리오더] Sheer boatneck raglan t-shirt_4colors,29cm:4137017,review_count,16.0,"{""brand_eng"": ""URAGO"", ""brand_kor"": ""유라고"", ""brand_no"": 2221, ""category1"": ""여성의류"", ""category2"": ""상의"", ""category3"": ""긴소매 티셔츠"", ""category3_code"": 268103102, ""is_new"": false, ""item_no"": 4137017, ""period_sort"": ""ONE_DAY"", ""platform"": ""29cm"", ""ranking_category_code"": ""268103100"", ""ranking_category_name"": ""여성의류>상의"", ""review_avg"": 5.0, ""sale_percent"": 10, ""sale_price"": 52200, ""sold_out"": false, ""url"": ""https://product.29cm.co.kr/catalog/4137017""}",2026-10-03T13:00:06+00:00_f8e2270a
2026-10-03T22:00:06+09:00,2026-10-03T13:00:06+00:00,commerce_rank,[1차 리오더] Sheer boatneck raglan t-shirt_4colors,29cm:4137017@268103100,rank,47.0,"{""brand_eng"": ""URAGO"", ""brand_kor"": ""유라고"", ""brand_no"": 2221, ""category1"": ""여성의류"", ""category2"": ""상의"", ""category3"": ""긴소매 티셔츠"", ""category3_code"": 268103102, ""is_new"": false, ""item_no"": 4137017, ""period_sort"": ""ONE_DAY"", ""platform"": ""29cm"", ""ranking_category_code"": ""268103100"", ""ranking_category_name"": ""여성의류>상의"", ""review_avg"": 5.0, ""sale_percent"": 10, ""sale_price"": 52200, ""sold_out"": false, ""url"": ""https://product.29cm.co.kr/catalog/4137017""}",2026-10-03T13:00:06+00:00_f8e2270a
2026-10-03T22:00:06+09:00,2026-10-03T13:00:06+00:00,commerce_rank,[1차 리오더] Check frill pintuck blouse_2colors,29cm:4137027,heart_count,2109.0,"{""brand_eng"": ""URAGO"", ""brand_kor"": ""유라고"", ""brand_no"": 2221, ""category1"": ""여성의류"", ""category2"": ""상의"", ""category3"": ""블라우스"", ""category3_code"": 268103107, ""is_new"": false, ""item_no"": 4137027, ""period_sort"": ""ONE_DAY"", ""platform"": ""29cm"", ""ranking_category_code"": ""268103100"", ""ranking_category_name"": ""여성의류>상의"", ""review_avg"": 5.0, ""sale_percent"": 10, ""sale_price"": 80100, ""sold_out"": false, ""url"": ""https://product.29cm.co.kr/catalog/4137027""}",2026-10-03T13:00:06+00:00_f8e2270a
2026-10-03T22:00:06+09:00,2026-10-03T13:00:06+00:00,commerce_rank,[1차 리오더] Check frill pintuck blouse_2colors,29cm:4137027,review_count,9.0,"{""brand_eng"": ""URAGO"", ""brand_kor"": ""유라고"", ""brand_no"": 2221, ""category1"": ""여성의류"", ""category2"": ""상의"", ""category3"": ""블라우스"", ""category3_code"": 268103107, ""is_new"": false, ""item_no"": 4137027, ""period_sort"": ""ONE_DAY"", ""platform"": ""29cm"", ""ranking_category_code"": ""268103100"", ""ranking_category_name"": ""여성의류>상의"", ""review_avg"": 5.0, ""sale_percent"": 10, ""sale_price"": 80100, ""sold_out"": false, ""url"": ""https://product.29cm.co.kr/catalog/4137027""}",2026-10-03T13:00:06+00:00_f8e2270a
2026-10-03T22:00:06+09:00,2026-10-03T13:00:06+00:00,commerce_rank,[1차 리오더] Check frill pintuck blouse_2colors,29cm:4137027@268103100,rank,99.0,"{""brand_eng"": ""URAGO"", ""brand_kor"": ""유라고"", ""brand_no"": 2221, ""category1"": ""여성의류"", ""category2"": ""상의"", ""category3"": ""블라우스"", ""category3_code"": 268103107, ""is_new"": false, ""item_no"": 4137027, ""period_sort"": ""ONE_DAY"", ""platform"": ""29cm"", ""ranking_category_code"": ""268103100"", ""ranking_category_name"": ""여성의류>상의"", ""review_avg"": 5.0, ""sale_percent"": 10, ""sale_price"": 80100, ""sold_out"": false, ""url"": ""https://product.29cm.co.kr/catalog/4137027""}",2026-10-03T13:00:06+00:00_f8e2270a
2026-10-03T22:00:06+09:00,2026-10-03T13:00:08+00:00,commerce_rank,남녀공용 플로우 크롭 무지 롱 슬리브 긴팔 티셔츠_6colors,29cm:4142833,heart_count,18.0,"{""brand_eng"": ""NUARTSTUDIO"", ""brand_kor"": ""누아트스튜디오"", ""brand_no"": 21874, ""category1"": ""남성의류"", ""category2"": ""상의"", ""category3"": ""긴소매 티셔츠"", ""category3_code"": 272103102, ""is_new"": false, ""item_no"": 4142833, ""period_sort"": ""ONE_DAY"", ""platform"": ""29cm"", ""ranking_category_code"": ""272103100"", ""ranking_category_name"": ""남성의류>상의"", ""review_avg"": 4.0, ""sale_percent"": 65, ""sale_price"": 13950, ""sold_out"": false, ""url"": ""https://product.29cm.co.kr/catalog/4142833""}",2026-10-03T13:00:06+00:00_f8e2270a
2026-10-03T22:00:06+09:00,2026-10-03T13:00:08+00:00,commerce_rank,남녀공용 플로우 크롭 무지 롱 슬리브 긴팔 티셔츠_6colors,29cm:4142833,review_count,1.0,"{""brand_eng"": ""NUARTSTUDIO"", ""brand_kor"": ""누아트스튜디오"", ""brand_no"": 21874, ""category1"": ""남성의류"", ""category2"": ""상의"", ""category3"": ""긴소매 티셔츠"", ""category3_code"": 272103102, ""is_new"": false, ""item_no"": 4142833, ""period_sort"": ""ONE_DAY"", ""platform"": ""29cm"", ""ranking_category_code"": ""272103100"", ""ranking_category_name"": ""남성의류>상의"", ""review_avg"": 4.0, ""sale_percent"": 65, ""sale_price"": 13950, ""sold_out"": false, ""url"": ""https://product.29cm.co.kr/catalog/4142833""}",2026-10-03T13:00:06+00:00_f8e2270a
2026-10-03T22:00:06+09:00,2026-10-03T13:00:08+00:00,commerce_rank,남녀공용 플로우 크롭 무지 롱 슬리브 긴팔 티셔츠_6colors,29cm:4142833@272103100,rank,82.0,"{""brand_eng"": ""NUARTSTUDIO"", ""brand_kor"": ""누아트스튜디오"", ""brand_no"": 21874, ""category1"": ""남성의류"", ""category2"": ""상의"", ""category3"": ""긴소매 티셔츠"", ""category3_code"": 272103102, ""is_new"": false, ""item_no"": 4142833, ""period_sort"": ""ONE_DAY"", ""platform"": ""29cm"", ""ranking_category_code"": ""272103100"", ""ranking_category_name"": ""남성의류>상의"", ""review_avg"": 4.0, ""sale_percent"": 65, ""sale_price"": 13950, ""sold_out"": false, ""url"": ""https://product.29cm.co.kr/catalog/4142833""}",2026-10-03T13:00:06+00:00_f8e2270a
2026-10-03T22:00:06+09:00,2026-10-03T13:00:06+00:00,commerce_rank,Bertie overfit sweatshirt (mgy/ch),29cm:4142878,heart_count,680.0,"{""brand_eng"": ""THE MITTEN"", ""brand_kor"": ""더미튼"", ""brand_no"": 25573, ""category1"": ""여성의류"", ""category2"": ""상의"", ""category3"": ""스웨트셔츠"", ""category3_code"": 268103104, ""is_new"": false, ""item_no"": 4142878, ""period_sort"": ""ONE_DAY"", ""platform"": ""29cm"", ""ranking_category_code"": ""268103100"", ""ranking_category_name"": ""여성의류>상의"", ""review_avg"": 5.0, ""sale_percent"": 23, ""sale_price"": 72680, ""sold_out"": false, ""url"": ""https://product.29cm.co.kr/catalog/4142878""}",2026-10-03T13:00:06+00:00_f8e2270a
2026-10-03T22:00:06+09:00,2026-10-03T13:00:06+00:00,commerce_rank,Bertie overfit sweatshirt (mgy/ch),29cm:4142878,review_count,5.0,"{""brand_eng"": ""THE MITTEN"", ""brand_kor"": ""더미튼"", ""brand_no"": 25573, ""category1"": ""여성의류"", ""category2"": ""상의"", ""category3"": ""스웨트셔츠"", ""category3_code"": 268103104, ""is_new"": false, ""item_no"": 4142878, ""period_sort"": ""ONE_DAY"", ""platform"": ""29cm"", ""ranking_category_code"": ""268103100"", ""ranking_category_name"": ""여성의류>상의"", ""review_avg"": 5.0, ""sale_percent"": 23, ""sale_price"": 72680, ""sold_out"": false, ""url"": ""https://product.29cm.co.kr/catalog/4142878""}",2026-10-03T13:00:06+00:00_f8e2270a
2026-10-03T22:00:06+09:00,2026-10-03T13:00:06+00:00,commerce_rank,Bertie overfit sweatshirt (mgy/ch),29cm:4142878@268103100,rank,55.0,"{""brand_eng"": ""THE MITTEN"", ""brand_kor"": ""더미튼"", ""brand_no"": 25573, ""category1"": ""여성의류"", ""category2"": ""상의"", ""category3"": ""스웨트셔츠"", ""category3_code"": 268103104, ""is_new"": false, ""item_no"": 4142878, ""period_sort"": ""ONE_DAY"", ""platform"": ""29cm"", ""ranking_category_code"": ""268103100"", ""ranking_category_name"": ""여성의류>상의"", ""review_avg"": 5.0, ""sale_percent"": 23, ""sale_price"": 72680, ""sold_out"": false, ""url"": ""https://product.29cm.co.kr/catalog/4142878""}",2026-10-03T13:00:06+00:00_f8e2270a
2026-10-03T22:00:06+09:00,2026-10-03T13:00:06+00:00,commerce_rank,[5차]BOATNECK HALF SLEEVE T-SHIRT_CHARCOAL,29cm:4145908,heart_count,1420.0,"{""brand_eng"": ""SYS"", ""brand_kor"": ""시스"", ""brand_no"": 113379, ""category1"": ""여성의류"", ""category2"": ""상의"", ""category3"": ""반소매 티셔츠"", ""category3_code"": 268103101, ""is_new"": false, ""item_no"": 4145908, ""period_sort"": ""ONE_DAY"", ""platform"": ""29cm"", ""ranking_category_code"": ""268103100"", ""ranking_category_name"": ""여성의류>상의"", ""review_avg"": 5.0, ""sale_percent"": 25, ""sale_price"": 33750, ""sold_out"": false, ""url"": ""https://product.29cm.co.kr/catalog/4145908""}",2026-10-03T13:00:06+00:00_f8e2270a
2026-10-03T22:00:06+09:00,2026-10-03T13:00:06+00:00,commerce_rank,[5차]BOATNECK HALF SLEEVE T-SHIRT_CHARCOAL,29cm:4145908,review_count,15.0,"{""brand_eng"": ""SYS"", ""brand_kor"": ""시스"", ""brand_no"": 113379, ""category1"": ""여성의류"", ""category2"": ""상의"", ""category3"": ""반소매 티셔츠"", ""category3_code"": 268103101, ""is_new"": false, ""item_no"": 4145908, ""period_sort"": ""ONE_DAY"", ""platform"": ""29cm"", ""ranking_category_code"": ""268103100"", ""ranking_category_name"": ""여성의류>상의"", ""review_avg"": 5.0, ""sale_percent"": 25, ""sale_price"": 33750, ""sold_out"": false, ""url"": ""https://product.29cm.co.kr/catalog/4145908""}",2026-10-03T13:00:06+00:00_f8e2270a
2026-10-03T22:00:06+09:00,2026-10-03T13:00:06+00:00,commerce_rank,[5차]BOATNECK HALF SLEEVE T-SHIRT_CHARCOAL,29cm:4145908@268103100,rank,96.0,"{""brand_eng"": ""SYS"", ""brand_kor"": ""시스"", ""brand_no"": 113379, ""category1"": ""여성의류"", ""category2"": ""상의"", ""category3"": ""반소매 티셔츠"", ""category3_code"": 268103101, ""is_new"": false, ""item_no"": 4145908, ""period_sort"": ""ONE_DAY"", ""platform"": ""29cm"", ""ranking_category_code"": ""268103100"", ""ranking_category_name"": ""여성의류>상의"", ""review_avg"": 5.0, ""sale_percent"": 25, ""sale_price"": 33750, ""sold_out"": false, ""url"": ""https://product.29cm.co.kr/catalog/4145908""}",2026-10-03T13:00:06+00:00_f8e2270a
2026-10-03T22:00:06+09:00,2026-10-03T13:00:06+00:00,commerce_rank,deep v-neck slub t-shirt  (NA),29cm:4146567,heart_count,1646.0,"{""brand_eng"": ""haveawhale"", ""brand_kor"": ""해브어웨일"", ""brand_no"": 66481, ""category1"": ""여성의류"", ""category2"": ""상의"", ""category3"": ""긴소매 티셔츠"", ""category3_code"": 268103102, ""is_new"": false, ""item_no"": 4146567, ""period_sort"": ""ONE_DAY"", ""platform"": ""29cm"", ""ranking_category_code"": ""268103100"", ""ranking_category_name"": ""여성의류>상의"", ""review_avg"": 5.0, ""sale_percent"": 37, ""sale_price"": 62370, ""sold_out"": false, ""url"": ""https://product.29cm.co.kr/catalog/4146567""}",2026-10-03T13:00:06+00:00_f8e2270a
2026-10-03T22:00:06+09:00,2026-10-03T13:00:06+00:00,commerce_rank,deep v-neck slub t-shirt  (NA),29cm:4146567,review_count,1.0,"{""brand_eng"": ""haveawhale"", ""brand_kor"": ""해브어웨일"", ""brand_no"": 66481, ""category1"": ""여성의류"", ""category2"": ""상의"", ""category3"": ""긴소매 티셔츠"", ""category3_code"": 268103102, ""is_new"": false, ""item_no"": 4146567, ""period_sort"": ""ONE_DAY"", ""platform"": ""29cm"", ""ranking_category_code"": ""268103100"", ""ranking_category_name"": ""여성의류>상의"", ""review_avg"": 5.0, ""sale_percent"": 37, ""sale_price"": 62370, ""sold_out"": false, ""url"": ""https://product.29cm.co.kr/catalog/4146567""}",2026-10-03T13:00:06+00:00_f8e2270a
2026-10-03T22:00:06+09:00,2026-10-03T13:00:06+00:00,commerce_rank,deep v-neck slub t-shirt  (NA),29cm:4146567@268103100,rank,78.0,"{""brand_eng"": ""haveawhale"", ""brand_kor"": ""해브어웨일"", ""brand_no"": 66481, ""category1"": ""여성의류"", ""category2"": ""상의"", ""category3"": ""긴소매 티셔츠"", ""category3_code"": 268103102, ""is_new"": false, ""item_no"": 4146567, ""period_sort"": ""ONE_DAY"", ""platform"": ""29cm"", ""ranking_category_code"": ""268103100"", ""ranking_category_name"": ""여성의류>상의"", ""review_avg"": 5.0, ""sale_percent"": 37, ""sale_price"": 62370, ""sold_out"": false, ""url"": ""https://product.29cm.co.kr/catalog/4146567""}",2026-10-03T13:00:06+00:00_f8e2270a
2026-10-03T22:00:06+09:00,2026-10-03T13:00:06+00:00,commerce_rank,Ebb button overfit t-shirt (melange gray),29cm:4147832,heart_count,2700.0,"{""brand_eng"": ""RE_L"", ""brand_kor"": ""리엘"", ""brand_no"": 19781, ""category1"": ""여성의류"", ""category2"": ""상의"", ""category3"": ""긴소매 티셔츠"", ""category3_code"": 268103102, ""is_new"": false, ""item_no"": 4147832, ""period_sort"": ""ONE_DAY"", ""platform"": ""29cm"", ""ranking_category_code"": ""268103100"", ""ranking_category_name"": ""여성의류>상의"", ""review_avg"": 5.0, ""sale_percent"": 23, ""sale_price"": 60440, ""sold_out"": false, ""url"": ""https://product.29cm.co.kr/catalog/4147832""}",2026-10-03T13:00:06+00:00_f8e2270a
2026-10-03T22:00:06+09:00,2026-10-03T13:00:06+00:00,commerce_rank,Ebb button overfit t-shirt (melange gray),29cm:4147832,review_count,4.0,"{""brand_eng"": ""RE_L"", ""brand_kor"": ""리엘"", ""brand_no"": 19781, ""category1"": ""여성의류"", ""category2"": ""상의"", ""category3"": ""긴소매 티셔츠"", ""category3_code"": 268103102, ""is_new"": false, ""item_no"": 4147832, ""period_sort"": ""ONE_DAY"", ""platform"": ""29cm"", ""ranking_category_code"": ""268103100"", ""ranking_category_name"": ""여성의류>상의"", ""review_avg"": 5.0, ""sale_percent"": 23, ""sale_price"": 60440, ""sold_out"": false, ""url"": ""https://product.29cm.co.kr/catalog/4147832""}",2026-10-03T13:00:06+00:00_f8e2270a
2026-10-03T22:00:06+09:00,2026-10-03T13:00:06+00:00,commerce_rank,Ebb button overfit t-shirt (melange gray),29cm:4147832@268103100,rank,66.0,"{""brand_eng"": ""RE_L"", ""brand_kor"": ""리엘"", ""brand_no"": 19781, ""category1"": ""여성의류"", ""category2"": ""상의"", ""category3"": ""긴소매 티셔츠"", ""category3_code"": 268103102, ""is_new"": false, ""item_no"": 4147832, ""period_sort"": ""ONE_DAY"", ""platform"": ""29cm"", ""ranking_category_code"": ""268103100"", ""ranking_category_name"": ""여성의류>상의"", ""review_avg"": 5.0, ""sale_percent"": 23, ""sale_price"": 60440, ""sold_out"": false, ""url"": ""https://product.29cm.co.kr/catalog/4147832""}",2026-10-03T13:00:06+00:00_f8e2270a
2026-10-03T22:00:06+09:00,2026-10-03T13:00:08+00:00,commerce_rank,Everyday Classic Check Shirts (Navy),29cm:4149637,heart_count,407.0,"{""brand_eng"": ""HAVE HAD"", ""brand_kor"": ""해브해드"", ""brand_no"": 2910, ""category1"": ""남성의류"", ""category2"": ""상의"", ""category3"": ""긴소매 셔츠"", ""category3_code"": 272103106, ""is_new"": false, ""item_no"": 4149637, ""period_sort"": ""ONE_DAY"", ""platform"": ""29cm"", ""ranking_category_code"": ""272103100"", ""ranking_category_name"": ""남성의류>상의"", ""review_avg"": 5.0, ""sale_percent"": 23, ""sale_price"": 68090, ""sold_out"": false, ""url"": ""https://product.29cm.co.kr/catalog/4149637""}",2026-10-03T13:00:06+00:00_f8e2270a
2026-10-03T22:00:06+09:00,2026-10-03T13:00:08+00:00,commerce_rank,Everyday Classic Check Shirts (Navy),29cm:4149637,review_count,6.0,"{""brand_eng"": ""HAVE HAD"", ""brand_kor"": ""해브해드"", ""brand_no"": 2910, ""category1"": ""남성의류"", ""category2"": ""상의"", ""category3"": ""긴소매 셔츠"", ""category3_code"": 272103106, ""is_new"": false, ""item_no"": 4149637, ""period_sort"": ""ONE_DAY"", ""platform"": ""29cm"", ""ranking_category_code"": ""272103100"", ""ranking_category_name"": ""남성의류>상의"", ""review_avg"": 5.0, ""sale_percent"": 23, ""sale_price"": 68090, ""sold_out"": false, ""url"": ""https://product.29cm.co.kr/catalog/4149637""}",2026-10-03T13:00:06+00:00_f8e2270a
2026-10-03T22:00:06+09:00,2026-10-03T13:00:08+00:00,commerce_rank,Everyday Classic Check Shirts (Navy),29cm:4149637@272103100,rank,37.0,"{""brand_eng"": ""HAVE HAD"", ""brand_kor"": ""해브해드"", ""brand_no"": 2910, ""category1"": ""남성의류"", ""category2"": ""상의"", ""category3"": ""긴소매 셔츠"", ""category3_code"": 272103106, ""is_new"": false, ""item_no"": 4149637, ""period_sort"": ""ONE_DAY"", ""platform"": ""29cm"", ""ranking_category_code"": ""272103100"", ""ranking_category_name"": ""남성의류>상의"", ""review_avg"": 5.0, ""sale_percent"": 23, ""sale_price"": 68090, ""sold_out"": false, ""url"": ""https://product.29cm.co.kr/catalog/4149637""}",2026-10-03T13:00:06+00:00_f8e2270a
2026-10-03T22:00:06+09:00,2026-10-03T13:00:08+00:00,commerce_rank,Everyday Classic Check Shirts (Beige),29cm:4149643,heart_count,163.0,"{""brand_eng"": ""HAVE HAD"", ""brand_kor"": ""해브해드"", ""brand_no"": 2910, ""category1"": ""남성의류"", ""category2"": ""상의"", ""category3"": ""긴소매 셔츠"", ""category3_code"": 272103106, ""is_new"": false, ""item_no"": 4149643, ""period_sort"": ""ONE_DAY"", ""platform"": ""29cm"", ""ranking_category_code"": ""272103100"", ""ranking_category_name"": ""남성의류>상의"", ""review_avg"": 5.0, ""sale_percent"": 23, ""sale_price"": 68090, ""sold_out"": false, ""url"": ""https://product.29cm.co.kr/catalog/4149643""}",2026-10-03T13:00:06+00:00_f8e2270a
2026-10-03T22:00:06+09:00,2026-10-03T13:00:08+00:00,commerce_rank,Everyday Classic Check Shirts (Beige),29cm:4149643,review_count,4.0,"{""brand_eng"": ""HAVE HAD"", ""brand_kor"": ""해브해드"", ""brand_no"": 2910, ""category1"": ""남성의류"", ""category2"": ""상의"", ""category3"": ""긴소매 셔츠"", ""category3_code"": 272103106, ""is_new"": false, ""item_no"": 4149643, ""period_sort"": ""ONE_DAY"", ""platform"": ""29cm"", ""ranking_category_code"": ""272103100"", ""ranking_category_name"": ""남성의류>상의"", ""review_avg"": 5.0, ""sale_percent"": 23, ""sale_price"": 68090, ""sold_out"": false, ""url"": ""https://product.29cm.co.kr/catalog/4149643""}",2026-10-03T13:00:06+00:00_f8e2270a
2026-10-03T22:00:06+09:00,2026-10-03T13:00:08+00:00,commerce_rank,Everyday Classic Check Shirts (Beige),29cm:4149643@272103100,rank,62.0,"{""brand_eng"": ""HAVE HAD"", ""brand_kor"": ""해브해드"", ""brand_no"": 2910, ""category1"": ""남성의류"", ""category2"": ""상의"", ""category3"": ""긴소매 셔츠"", ""category3_code"": 272103106, ""is_new"": false, ""item_no"": 4149643, ""period_sort"": ""ONE_DAY"", ""platform"": ""29cm"", ""ranking_category_code"": ""272103100"", ""ranking_category_name"": ""남성의류>상의"", ""review_avg"": 5.0, ""sale_percent"": 23, ""sale_price"": 68090, ""sold_out"": false, ""url"": ""https://product.29cm.co.kr/catalog/4149643""}",2026-10-03T13:00:06+00:00_f8e2270a
2026-10-03T22:00:06+09:00,2026-10-03T13:00:08+00:00,commerce_rank,LOGO AIR LONG SLEEVE (Black),29cm:4149648,heart_count,60.0,"{""brand_eng"": ""CAYL"", ""brand_kor"": ""케일"", ""brand_no"": 8928, ""category1"": ""남성의류"", ""category2"": ""상의"", ""category3"": ""반소매 티셔츠"", ""category3_code"": 272103101, ""is_new"": false, ""item_no"": 4149648, ""period_sort"": ""ONE_DAY"", ""platform"": ""29cm"", ""ranking_category_code"": ""272103100"", ""ranking_category_name"": ""남성의류>상의"", ""review_avg"": 5.0, ""sale_percent"": 0, ""sale_price"": 65000, ""sold_out"": false, ""url"": ""https://product.29cm.co.kr/catalog/4149648""}",2026-10-03T13:00:06+00:00_f8e2270a
2026-10-03T22:00:06+09:00,2026-10-03T13:00:08+00:00,commerce_rank,LOGO AIR LONG SLEEVE (Black),29cm:4149648,review_count,1.0,"{""brand_eng"": ""CAYL"", ""brand_kor"": ""케일"", ""brand_no"": 8928, ""category1"": ""남성의류"", ""category2"": ""상의"", ""category3"": ""반소매 티셔츠"", ""category3_code"": 272103101, ""is_new"": false, ""item_no"": 4149648, ""period_sort"": ""ONE_DAY"", ""platform"": ""29cm"", ""ranking_category_code"": ""272103100"", ""ranking_category_name"": ""남성의류>상의"", ""review_avg"": 5.0, ""sale_percent"": 0, ""sale_price"": 65000, ""sold_out"": false, ""url"": ""https://product.29cm.co.kr/catalog/4149648""}",2026-10-03T13:00:06+00:00_f8e2270a
2026-10-03T22:00:06+09:00,2026-10-03T13:00:08+00:00,commerce_rank,LOGO AIR LONG SLEEVE (Black),29cm:4149648@272103100,rank,78.0,"{""brand_eng"": ""CAYL"", ""brand_kor"": ""케일"", ""brand_no"": 8928, ""category1"": ""남성의류"", ""category2"": ""상의"", ""category3"": ""반소매 티셔츠"", ""category3_code"": 272103101, ""is_new"": false, ""item_no"": 4149648, ""period_sort"": ""ONE_DAY"", ""platform"": ""29cm"", ""ranking_category_code"": ""272103100"", ""ranking_category_name"": ""남성의류>상의"", ""review_avg"": 5.0, ""sale_percent"": 0, ""sale_price"": 65000, ""sold_out"": false, ""url"": ""https://product.29cm.co.kr/catalog/4149648""}",2026-10-03T13:00:06+00:00_f8e2270a
2026-10-03T22:00:06+09:00,2026-10-03T13:00:08+00:00,commerce_rank,LOGO AIR LONG SLEEVE (Cream),29cm:4149649,heart_count,33.0,"{""brand_eng"": ""CAYL"", ""brand_kor"": ""케일"", ""brand_no"": 8928, ""category1"": ""남성의류"", ""category2"": ""상의"", ""category3"": ""반소매 티셔츠"", ""category3_code"": 272103101, ""is_new"": false, ""item_no"": 4149649, ""period_sort"": ""ONE_DAY"", ""platform"": ""29cm"", ""ranking_category_code"": ""272103100"", ""ranking_category_name"": ""남성의류>상의"", ""review_avg"": 5.0, ""sale_percent"": 0, ""sale_price"": 65000, ""sold_out"": false, ""url"": ""https://product.29cm.co.kr/catalog/4149649""}",2026-10-03T13:00:06+00:00_f8e2270a
2026-10-03T22:00:06+09:00,2026-10-03T13:00:08+00:00,commerce_rank,LOGO AIR LONG SLEEVE (Cream),29cm:4149649,review_count,3.0,"{""brand_eng"": ""CAYL"", ""brand_kor"": ""케일"", ""brand_no"": 8928, ""category1"": ""남성의류"", ""category2"": ""상의"", ""category3"": ""반소매 티셔츠"", ""category3_code"": 272103101, ""is_new"": false, ""item_no"": 4149649, ""period_sort"": ""ONE_DAY"", ""platform"": ""29cm"", ""ranking_category_code"": ""272103100"", ""ranking_category_name"": ""남성의류>상의"", ""review_avg"": 5.0, ""sale_percent"": 0, ""sale_price"": 65000, ""sold_out"": false, ""url"": ""https://product.29cm.co.kr/catalog/4149649""}",2026-10-03T13:00:06+00:00_f8e2270a
2026-10-03T22:00:06+09:00,2026-10-03T13:00:08+00:00,commerce_rank,LOGO AIR LONG SLEEVE (Cream),29cm:4149649@272103100,rank,56.0,"{""brand_eng"": ""CAYL"", ""brand_kor"": ""케일"", ""brand_no"": 8928, ""category1"": ""남성의류"", ""category2"": ""상의"", ""category3"": ""반소매 티셔츠"", ""category3_code"": 272103101, ""is_new"": false, ""item_no"": 4149649, ""period_sort"": ""ONE_DAY"", ""platform"": ""29cm"", ""ranking_category_code"": ""272103100"", ""ranking_category_name"": ""남성의류>상의"", ""review_avg"": 5.0, ""sale_percent"": 0, ""sale_price"": 65000, ""sold_out"": false, ""url"": ""https://product.29cm.co.kr/catalog/4149649""}",2026-10-03T13:00:06+00:00_f8e2270a
2026-10-03T22:00:06+09:00,2026-10-03T13:00:08+00:00,commerce_rank,LOGO AIR LONG SLEEVE (Red Bean),29cm:4149650,heart_count,55.0,"{""brand_eng"": ""CAYL"", ""brand_kor"": ""케일"", ""brand_no"": 8928, ""category1"": ""남성의류"", ""category2"": ""상의"", ""category3"": ""반소매 티셔츠"", ""category3_code"": 272103101, ""is_new"": false, ""item_no"": 4149650, ""period_sort"": ""ONE_DAY"", ""platform"": ""29cm"", ""ranking_category_code"": ""272103100"", ""ranking_category_name"": ""남성의류>상의"", ""review_avg"": 5.0, ""sale_percent"": 0, ""sale_price"": 65000, ""sold_out"": false, ""url"": ""https://product.29cm.co.kr/catalog/4149650""}",2026-10-03T13:00:06+00:00_f8e2270a
2026-10-03T22:00:06+09:00,2026-10-03T13:00:08+00:00,commerce_rank,LOGO AIR LONG SLEEVE (Red Bean),29cm:4149650,review_count,4.0,"{""brand_eng"": ""CAYL"", ""brand_kor"": ""케일"", ""brand_no"": 8928, ""category1"": ""남성의류"", ""category2"": ""상의"", ""category3"": ""반소매 티셔츠"", ""category3_code"": 272103101, ""is_new"": false, ""item_no"": 4149650, ""period_sort"": ""ONE_DAY"", ""platform"": ""29cm"", ""ranking_category_code"": ""272103100"", ""ranking_category_name"": ""남성의류>상의"", ""review_avg"": 5.0, ""sale_percent"": 0, ""sale_price"": 65000, ""sold_out"": false, ""url"": ""https://product.29cm.co.kr/catalog/4149650""}",2026-10-03T13:00:06+00:00_f8e2270a
2026-10-03T22:00:06+09:00,2026-10-03T13:00:08+00:00,commerce_rank,LOGO AIR LONG SLEEVE (Red Bean),29cm:4149650@272103100,rank,70.0,"{""brand_eng"": ""CAYL"", ""brand_kor"": ""케일"", ""brand_no"": 8928, ""category1"": ""남성의류"", ""category2"": ""상의"", ""category3"": ""반소매 티셔츠"", ""category3_code"": 272103101, ""is_new"": false, ""item_no"": 4149650, ""period_sort"": ""ONE_DAY"", ""platform"": ""29cm"", ""ranking_category_code"": ""272103100"", ""ranking_category_name"": ""남성의류>상의"", ""review_avg"": 5.0, ""sale_percent"": 0, ""sale_price"": 65000, ""sold_out"": false, ""url"": ""https://product.29cm.co.kr/catalog/4149650""}",2026-10-03T13:00:06+00:00_f8e2270a
2026-10-03T22:00:06+09:00,2026-10-03T13:00:06+00:00,commerce_rank,[주미니 Pick]Raglan oversized modal tee [TIFA06LT06]_Navy,29cm:4149711,heart_count,4031.0,"{""brand_eng"": ""TILLIDIE"", ""brand_kor"": ""틸아이다이"", ""brand_no"": 3421, ""category1"": ""여성의류"", ""category2"": ""상의"", ""category3"": ""긴소매 티셔츠"", ""category3_code"": 268103102, ""is_new"": false, ""item_no"": 4149711, ""period_sort"": ""ONE_DAY"", ""platform"": ""29cm"", ""ranking_category_code"": ""268103100"", ""ranking_category_name"": ""여성의류>상의"", ""review_avg"": 5.0, ""sale_percent"": 17, ""sale_price"": 63310, ""sold_out"": false, ""url"": ""https://product.29cm.co.kr/catalog/4149711""}",2026-10-03T13:00:06+00:00_f8e2270a
2026-10-03T22:00:06+09:00,2026-10-03T13:00:06+00:00,commerce_rank,[주미니 Pick]Raglan oversized modal tee [TIFA06LT06]_Navy,29cm:4149711,review_count,104.0,"{""brand_eng"": ""TILLIDIE"", ""brand_kor"": ""틸아이다이"", ""brand_no"": 3421, ""category1"": ""여성의류"", ""category2"": ""상의"", ""category3"": ""긴소매 티셔츠"", ""category3_code"": 268103102, ""is_new"": false, ""item_no"": 4149711, ""period_sort"": ""ONE_DAY"", ""platform"": ""29cm"", ""ranking_category_code"": ""268103100"", ""ranking_category_name"": ""여성의류>상의"", ""review_avg"": 5.0, ""sale_percent"": 17, ""sale_price"": 63310, ""sold_out"": false, ""url"": ""https://product.29cm.co.kr/catalog/4149711""}",2026-10-03T13:00:06+00:00_f8e2270a
2026-10-03T22:00:06+09:00,2026-10-03T13:00:06+00:00,commerce_rank,[주미니 Pick]Raglan oversized modal tee [TIFA06LT06]_Navy,29cm:4149711@268103100,rank,19.0,"{""brand_eng"": ""TILLIDIE"", ""brand_kor"": ""틸아이다이"", ""brand_no"": 3421, ""category1"": ""여성의류"", ""category2"": ""상의"", ""category3"": ""긴소매 티셔츠"", ""category3_code"": 268103102, ""is_new"": false, ""item_no"": 4149711, ""period_sort"": ""ONE_DAY"", ""platform"": ""29cm"", ""ranking_category_code"": ""268103100"", ""ranking_category_name"": ""여성의류>상의"", ""review_avg"": 5.0, ""sale_percent"": 17, ""sale_price"": 63310, ""sold_out"": false, ""url"": ""https://product.29cm.co.kr/catalog/4149711""}",2026-10-03T13:00:06+00:00_f8e2270a
2026-10-03T22:00:06+09:00,2026-10-03T13:00:06+00:00,commerce_rank,[4차 재입고] 로우엣지 래글런 롱슬리브 티셔츠_차콜,29cm:4150332,heart_count,588.0,"{""brand_eng"": ""URBANDTYPE"", ""brand_kor"": ""어반디타입"", ""brand_no"": 2295, ""category1"": ""여성의류"", ""category2"": ""상의"", ""category3"": ""긴소매 티셔츠"", ""category3_code"": 268103102, ""is_new"": false, ""item_no"": 4150332, ""period_sort"": ""ONE_DAY"", ""platform"": ""29cm"", ""ranking_category_code"": ""268103100"", ""ranking_category_name"": ""여성의류>상의"", ""review_avg"": 5.0, ""sale_percent"": 19, ""sale_price"": 31500, ""sold_out"": false, ""url"": ""https://product.29cm.co.kr/catalog/4150332""}",2026-10-03T13:00:06+00:00_f8e2270a
2026-10-03T22:00:06+09:00,2026-10-03T13:00:06+00:00,commerce_rank,[4차 재입고] 로우엣지 래글런 롱슬리브 티셔츠_차콜,29cm:4150332,review_count,13.0,"{""brand_eng"": ""URBANDTYPE"", ""brand_kor"": ""어반디타입"", ""brand_no"": 2295, ""category1"": ""여성의류"", ""category2"": ""상의"", ""category3"": ""긴소매 티셔츠"", ""category3_code"": 268103102, ""is_new"": false, ""item_no"": 4150332, ""period_sort"": ""ONE_DAY"", ""platform"": ""29cm"", ""ranking_category_code"": ""268103100"", ""ranking_category_name"": ""여성의류>상의"", ""review_avg"": 5.0, ""sale_percent"": 19, ""sale_price"": 31500, ""sold_out"": false, ""url"": ""https://product.29cm.co.kr/catalog/4150332""}",2026-10-03T13:00:06+00:00_f8e2270a
2026-10-03T22:00:06+09:00,2026-10-03T13:00:06+00:00,commerce_rank,[4차 재입고] 로우엣지 래글런 롱슬리브 티셔츠_차콜,29cm:4150332@268103100,rank,87.0,"{""brand_eng"": ""URBANDTYPE"", ""brand_kor"": ""어반디타입"", ""brand_no"": 2295, ""category1"": ""여성의류"", ""category2"": ""상의"", ""category3"": ""긴소매 티셔츠"", ""category3_code"": 268103102, ""is_new"": false, ""item_no"": 4150332, ""period_sort"": ""ONE_DAY"", ""platform"": ""29cm"", ""ranking_category_code"": ""268103100"", ""ranking_category_name"": ""여성의류>상의"", ""review_avg"": 5.0, ""sale_percent"": 19, ""sale_price"": 31500, ""sold_out"": false, ""url"": ""https://product.29cm.co.kr/catalog/4150332""}",2026-10-03T13:00:06+00:00_f8e2270a
2026-10-03T22:00:06+09:00,2026-10-03T13:00:06+00:00,commerce_rank,[4차 재입고] 로우엣지 래글런 롱슬리브 티셔츠_퍼플,29cm:4150333,heart_count,2579.0,"{""brand_eng"": ""URBANDTYPE"", ""brand_kor"": ""어반디타입"", ""brand_no"": 2295, ""category1"": ""여성의류"", ""category2"": ""상의"", ""category3"": ""긴소매 티셔츠"", ""category3_code"": 268103102, ""is_new"": false, ""item_no"": 4150333, ""period_sort"": ""ONE_DAY"", ""platform"": ""29cm"", ""ranking_category_code"": ""268103100"", ""ranking_category_name"": ""여성의류>상의"", ""review_avg"": 4.5, ""sale_percent"": 19, ""sale_price"": 31500, ""sold_out"": false, ""url"": ""https://product.29cm.co.kr/catalog/4150333""}",2026-10-03T13:00:06+00:00_f8e2270a
2026-10-03T22:00:06+09:00,2026-10-03T13:00:06+00:00,commerce_rank,[4차 재입고] 로우엣지 래글런 롱슬리브 티셔츠_퍼플,29cm:4150333,review_count,8.0,"{""brand_eng"": ""URBANDTYPE"", ""brand_kor"": ""어반디타입"", ""brand_no"": 2295, ""category1"": ""여성의류"", ""category2"": ""상의"", ""category3"": ""긴소매 티셔츠"", ""category3_code"": 268103102, ""is_new"": false, ""item_no"": 4150333, ""period_sort"": ""ONE_DAY"", ""platform"": ""29cm"", ""ranking_category_code"": ""268103100"", ""ranking_category_name"": ""여성의류>상의"", ""review_avg"": 4.5, ""sale_percent"": 19, ""sale_price"": 31500, ""sold_out"": false, ""url"": ""https://product.29cm.co.kr/catalog/4150333""}",2026-10-03T13:00:06+00:00_f8e2270a
2026-10-03T22:00:06+09:00,2026-10-03T13:00:06+00:00,commerce_rank,[4차 재입고] 로우엣지 래글런 롱슬리브 티셔츠_퍼플,29cm:4150333@268103100,rank,15.0,"{""brand_eng"": ""URBANDTYPE"", ""brand_kor"": ""어반디타입"", ""brand_no"": 2295, ""category1"": ""여성의류"", ""category2"": ""상의"", ""category3"": ""긴소매 티셔츠"", ""category3_code"": 268103102, ""is_new"": false, ""item_no"": 4150333, ""period_sort"": ""ONE_DAY"", ""platform"": ""29cm"", ""ranking_category_code"": ""268103100"", ""ranking_category_name"": ""여성의류>상의"", ""review_avg"": 4.5, ""sale_percent"": 19, ""sale_price"": 31500, ""sold_out"": false, ""url"": ""https://product.29cm.co.kr/catalog/4150333""}",2026-10-03T13:00:06+00:00_f8e2270a
2026-10-03T22:00:06+09:00,2026-10-03T13:00:06+00:00,commerce_rank,[4차 재입고] 로우엣지 래글런 롱슬리브 티셔츠_라이트 그레이,29cm:4150335,heart_count,1008.0,"{""brand_eng"": ""URBANDTYPE"", ""brand_kor"": ""어반디타입"", ""brand_no"": 2295, ""category1"": ""여성의류"", ""category2"": ""상의"", ""category3"": ""긴소매 티셔츠"", ""category3_code"": 268103102, ""is_new"": false, ""item_no"": 4150335, ""period_sort"": ""ONE_DAY"", ""platform"": ""29cm"", ""ranking_category_code"": ""268103100"", ""ranking_category_name"": ""여성의류>상의"", ""review_avg"": 5.0, ""sale_percent"": 19, ""sale_price"": 31500, ""sold_out"": false, ""url"": ""https://product.29cm.co.kr/catalog/4150335""}",2026-10-03T13:00:06+00:00_f8e2270a
2026-10-03T22:00:06+09:00,2026-10-03T13:00:06+00:00,commerce_rank,[4차 재입고] 로우엣지 래글런 롱슬리브 티셔츠_라이트 그레이,29cm:4150335,review_count,17.0,"{""brand_eng"": ""URBANDTYPE"", ""brand_kor"": ""어반디타입"", ""brand_no"": 2295, ""category1"": ""여성의류"", ""category2"": ""상의"", ""category3"": ""긴소매 티셔츠"", ""category3_code"": 268103102, ""is_new"": false, ""item_no"": 4150335, ""period_sort"": ""ONE_DAY"", ""platform"": ""29cm"", ""ranking_category_code"": ""268103100"", ""ranking_category_name"": ""여성의류>상의"", ""review_avg"": 5.0, ""sale_percent"": 19, ""sale_price"": 31500, ""sold_out"": false, ""url"": ""https://product.29cm.co.kr/catalog/4150335""}",2026-10-03T13:00:06+00:00_f8e2270a
2026-10-03T22:00:06+09:00,2026-10-03T13:00:06+00:00,commerce_rank,[4차 재입고] 로우엣지 래글런 롱슬리브 티셔츠_라이트 그레이,29cm:4150335@268103100,rank,61.0,"{""brand_eng"": ""URBANDTYPE"", ""brand_kor"": ""어반디타입"", ""brand_no"": 2295, ""category1"": ""여성의류"", ""category2"": ""상의"", ""category3"": ""긴소매 티셔츠"", ""category3_code"": 268103102, ""is_new"": false, ""item_no"": 4150335, ""period_sort"": ""ONE_DAY"", ""platform"": ""29cm"", ""ranking_category_code"": ""268103100"", ""ranking_category_name"": ""여성의류>상의"", ""review_avg"": 5.0, ""sale_percent"": 19, ""sale_price"": 31500, ""sold_out"": false, ""url"": ""https://product.29cm.co.kr/catalog/4150335""}",2026-10-03T13:00:06+00:00_f8e2270a
2026-10-03T22:00:06+09:00,2026-10-03T13:00:06+00:00,commerce_rank,[7부/오버핏] Vintage Essential Raglan Tee,29cm:4152302,heart_count,16218.0,"{""brand_eng"": ""BITTERCELLS"", ""brand_kor"": ""비터셀즈"", ""brand_no"": 15063, ""category1"": ""여성의류"", ""category2"": ""상의"", ""category3"": ""긴소매 티셔츠"", ""category3_code"": 268103102, ""is_new"": false, ""item_no"": 4152302, ""period_sort"": ""ONE_DAY"", ""platform"": ""29cm"", ""ranking_category_code"": ""268103100"", ""ranking_category_name"": ""여성의류>상의"", ""review_avg"": 5.0, ""sale_percent"": 21, ""sale_price"": 34850, ""sold_out"": false, ""url"": ""https://product.29cm.co.kr/catalog/4152302""}",2026-10-03T13:00:06+00:00_f8e2270a
2026-10-03T22:00:06+09:00,2026-10-03T13:00:06+00:00,commerce_rank,[7부/오버핏] Vintage Essential Raglan Tee,29cm:4152302,review_count,372.0,"{""brand_eng"": ""BITTERCELLS"", ""brand_kor"": ""비터셀즈"", ""brand_no"": 15063, ""category1"": ""여성의류"", ""category2"": ""상의"", ""category3"": ""긴소매 티셔츠"", ""category3_code"": 268103102, ""is_new"": false, ""item_no"": 4152302, ""period_sort"": ""ONE_DAY"", ""platform"": ""29cm"", ""ranking_category_code"": ""268103100"", ""ranking_category_name"": ""여성의류>상의"", ""review_avg"": 5.0, ""sale_percent"": 21, ""sale_price"": 34850, ""sold_out"": false, ""url"": ""https://product.29cm.co.kr/catalog/4152302""}",2026-10-03T13:00:06+00:00_f8e2270a
2026-10-03T22:00:06+09:00,2026-10-03T13:00:06+00:00,commerce_rank,[7부/오버핏] Vintage Essential Raglan Tee,29cm:4152302@268103100,rank,1.0,"{""brand_eng"": ""BITTERCELLS"", ""brand_kor"": ""비터셀즈"", ""brand_no"": 15063, ""category1"": ""여성의류"", ""category2"": ""상의"", ""category3"": ""긴소매 티셔츠"", ""category3_code"": 268103102, ""is_new"": false, ""item_no"": 4152302, ""period_sort"": ""ONE_DAY"", ""platform"": ""29cm"", ""ranking_category_code"": ""268103100"", ""ranking_category_name"": ""여성의류>상의"", ""review_avg"": 5.0, ""sale_percent"": 21, ""sale_price"": 34850, ""sold_out"": false, ""url"": ""https://product.29cm.co.kr/catalog/4152302""}",2026-10-03T13:00:06+00:00_f8e2270a
2026-10-03T22:00:06+09:00,2026-10-03T13:00:06+00:00,commerce_rank,SOFT RAGLAN T-SHIRT - RED,29cm:4156837,heart_count,3261.0,"{""brand_eng"": ""SO IR"", ""brand_kor"": ""쏘이르"", ""brand_no"": 15532, ""category1"": ""여성의류"", ""category2"": ""상의"", ""category3"": ""긴소매 티셔츠"", ""category3_code"": 268103102, ""is_new"": false, ""item_no"": 4156837, ""period_sort"": ""ONE_DAY"", ""platform"": ""29cm"", ""ranking_category_code"": ""268103100"", ""ranking_category_name"": ""여성의류>상의"", ""review_avg"": 5.0, ""sale_percent"": 23, ""sale_price"": 34430, ""sold_out"": false, ""url"": ""https://product.29cm.co.kr/catalog/4156837""}",2026-10-03T13:00:06+00:00_f8e2270a
2026-10-03T22:00:06+09:00,2026-10-03T13:00:06+00:00,commerce_rank,SOFT RAGLAN T-SHIRT - RED,29cm:4156837,review_count,25.0,"{""brand_eng"": ""SO IR"", ""brand_kor"": ""쏘이르"", ""brand_no"": 15532, ""category1"": ""여성의류"", ""category2"": ""상의"", ""category3"": ""긴소매 티셔츠"", ""category3_code"": 268103102, ""is_new"": false, ""item_no"": 4156837, ""period_sort"": ""ONE_DAY"", ""platform"": ""29cm"", ""ranking_category_code"": ""268103100"", ""ranking_category_name"": ""여성의류>상의"", ""review_avg"": 5.0, ""sale_percent"": 23, ""sale_price"": 34430, ""sold_out"": false, ""url"": ""https://product.29cm.co.kr/catalog/4156837""}",2026-10-03T13:00:06+00:00_f8e2270a
2026-10-03T22:00:06+09:00,2026-10-03T13:00:06+00:00,commerce_rank,SOFT RAGLAN T-SHIRT - RED,29cm:4156837@268103100,rank,51.0,"{""brand_eng"": ""SO IR"", ""brand_kor"": ""쏘이르"", ""brand_no"": 15532, ""category1"": ""여성의류"", ""category2"": ""상의"", ""category3"": ""긴소매 티셔츠"", ""category3_code"": 268103102, ""is_new"": false, ""item_no"": 4156837, ""period_sort"": ""ONE_DAY"", ""platform"": ""29cm"", ""ranking_category_code"": ""268103100"", ""ranking_category_name"": ""여성의류>상의"", ""review_avg"": 5.0, ""sale_percent"": 23, ""sale_price"": 34430, ""sold_out"": false, ""url"": ""https://product.29cm.co.kr/catalog/4156837""}",2026-10-03T13:00:06+00:00_f8e2270a
2026-10-03T22:00:06+09:00,2026-10-03T13:00:06+00:00,commerce_rank,Morning Gored Blouse_ivory,29cm:4160582,heart_count,204.0,"{""brand_eng"": ""GANISONG"", ""brand_kor"": ""가니송"", ""brand_no"": 5926, ""category1"": ""여성의류"", ""category2"": ""상의"", ""category3"": ""블라우스"", ""category3_code"": 268103107, ""is_new"": false, ""item_no"": 4160582, ""period_sort"": ""ONE_DAY"", ""platform"": ""29cm"", ""ranking_category_code"": ""268103100"", ""ranking_category_name"": ""여성의류>상의"", ""review_avg"": 5.0, ""sale_percent"": 15, ""sale_price"": 120700, ""sold_out"": false, ""url"": ""https://product.29cm.co.kr/catalog/4160582""}",2026-10-03T13:00:06+00:00_f8e2270a
2026-10-03T22:00:06+09:00,2026-10-03T13:00:06+00:00,commerce_rank,Morning Gored Blouse_ivory,29cm:4160582,review_count,1.0,"{""brand_eng"": ""GANISONG"", ""brand_kor"": ""가니송"", ""brand_no"": 5926, ""category1"": ""여성의류"", ""category2"": ""상의"", ""category3"": ""블라우스"", ""category3_code"": 268103107, ""is_new"": false, ""item_no"": 4160582, ""period_sort"": ""ONE_DAY"", ""platform"": ""29cm"", ""ranking_category_code"": ""268103100"", ""ranking_category_name"": ""여성의류>상의"", ""review_avg"": 5.0, ""sale_percent"": 15, ""sale_price"": 120700, ""sold_out"": false, ""url"": ""https://product.29cm.co.kr/catalog/4160582""}",2026-10-03T13:00:06+00:00_f8e2270a
2026-10-03T22:00:06+09:00,2026-10-03T13:00:06+00:00,commerce_rank,Morning Gored Blouse_ivory,29cm:4160582@268103100,rank,63.0,"{""brand_eng"": ""GANISONG"", ""brand_kor"": ""가니송"", ""brand_no"": 5926, ""category1"": ""여성의류"", ""category2"": ""상의"", ""category3"": ""블라우스"", ""category3_code"": 268103107, ""is_new"": false, ""item_no"": 4160582, ""period_sort"": ""ONE_DAY"", ""platform"": ""29cm"", ""ranking_category_code"": ""268103100"", ""ranking_category_name"": ""여성의류>상의"", ""review_avg"": 5.0, ""sale_percent"": 15, ""sale_price"": 120700, ""sold_out"": false, ""url"": ""https://product.29cm.co.kr/catalog/4160582""}",2026-10-03T13:00:06+00:00_f8e2270a
2026-10-03T22:00:06+09:00,2026-10-03T13:00:06+00:00,commerce_rank,[2차] Soft Shirring Layered Top [Gray],29cm:4161157,heart_count,1793.0,"{""brand_eng"": ""typeservice"", ""brand_kor"": ""타입서비스"", ""brand_no"": 12544, ""category1"": ""여성의류"", ""category2"": ""상의"", ""category3"": ""긴소매 티셔츠"", ""category3_code"": 268103102, ""is_new"": false, ""item_no"": 4161157, ""period_sort"": ""ONE_DAY"", ""platform"": ""29cm"", ""ranking_category_code"": ""268103100"", ""ranking_category_name"": ""여성의류>상의"", ""review_avg"": 5.0, ""sale_percent"": 10, ""sale_price"": 75600, ""sold_out"": false, ""url"": ""https://product.29cm.co.kr/catalog/4161157""}",2026-10-03T13:00:06+00:00_f8e2270a
2026-10-03T22:00:06+09:00,2026-10-03T13:00:06+00:00,commerce_rank,[2차] Soft Shirring Layered Top [Gray],29cm:4161157,review_count,10.0,"{""brand_eng"": ""typeservice"", ""brand_kor"": ""타입서비스"", ""brand_no"": 12544, ""category1"": ""여성의류"", ""category2"": ""상의"", ""category3"": ""긴소매 티셔츠"", ""category3_code"": 268103102, ""is_new"": false, ""item_no"": 4161157, ""period_sort"": ""ONE_DAY"", ""platform"": ""29cm"", ""ranking_category_code"": ""268103100"", ""ranking_category_name"": ""여성의류>상의"", ""review_avg"": 5.0, ""sale_percent"": 10, ""sale_price"": 75600, ""sold_out"": false, ""url"": ""https://product.29cm.co.kr/catalog/4161157""}",2026-10-03T13:00:06+00:00_f8e2270a
2026-10-03T22:00:06+09:00,2026-10-03T13:00:06+00:00,commerce_rank,[2차] Soft Shirring Layered Top [Gray],29cm:4161157@268103100,rank,91.0,"{""brand_eng"": ""typeservice"", ""brand_kor"": ""타입서비스"", ""brand_no"": 12544, ""category1"": ""여성의류"", ""category2"": ""상의"", ""category3"": ""긴소매 티셔츠"", ""category3_code"": 268103102, ""is_new"": false, ""item_no"": 4161157, ""period_sort"": ""ONE_DAY"", ""platform"": ""29cm"", ""ranking_category_code"": ""268103100"", ""ranking_category_name"": ""여성의류>상의"", ""review_avg"": 5.0, ""sale_percent"": 10, ""sale_price"": 75600, ""sold_out"": false, ""url"": ""https://product.29cm.co.kr/catalog/4161157""}",2026-10-03T13:00:06+00:00_f8e2270a
2026-10-03T22:00:06+09:00,2026-10-03T13:00:06+00:00,commerce_rank,[8차] Pond Floral Hook T-Shirt (Pink yellow),29cm:4163596,heart_count,3704.0,"{""brand_eng"": ""TOAVE"", ""brand_kor"": ""토아베"", ""brand_no"": 101870, ""category1"": ""여성의류"", ""category2"": ""상의"", ""category3"": ""긴소매 티셔츠"", ""category3_code"": 268103102, ""is_new"": false, ""item_no"": 4163596, ""period_sort"": ""ONE_DAY"", ""platform"": ""29cm"", ""ranking_category_code"": ""268103100"", ""ranking_category_name"": ""여성의류>상의"", ""review_avg"": 5.0, ""sale_percent"": 10, ""sale_price"": 62100, ""sold_out"": false, ""url"": ""https://product.29cm.co.kr/catalog/4163596""}",2026-10-03T13:00:06+00:00_f8e2270a
2026-10-03T22:00:06+09:00,2026-10-03T13:00:06+00:00,commerce_rank,[8차] Pond Floral Hook T-Shirt (Pink yellow),29cm:4163596,review_count,19.0,"{""brand_eng"": ""TOAVE"", ""brand_kor"": ""토아베"", ""brand_no"": 101870, ""category1"": ""여성의류"", ""category2"": ""상의"", ""category3"": ""긴소매 티셔츠"", ""category3_code"": 268103102, ""is_new"": false, ""item_no"": 4163596, ""period_sort"": ""ONE_DAY"", ""platform"": ""29cm"", ""ranking_category_code"": ""268103100"", ""ranking_category_name"": ""여성의류>상의"", ""review_avg"": 5.0, ""sale_percent"": 10, ""sale_price"": 62100, ""sold_out"": false, ""url"": ""https://product.29cm.co.kr/catalog/4163596""}",2026-10-03T13:00:06+00:00_f8e2270a
2026-10-03T22:00:06+09:00,2026-10-03T13:00:06+00:00,commerce_rank,[8차] Pond Floral Hook T-Shirt (Pink yellow),29cm:4163596@268103100,rank,79.0,"{""brand_eng"": ""TOAVE"", ""brand_kor"": ""토아베"", ""brand_no"": 101870, ""category1"": ""여성의류"", ""category2"": ""상의"", ""category3"": ""긴소매 티셔츠"", ""category3_code"": 268103102, ""is_new"": false, ""item_no"": 4163596, ""period_sort"": ""ONE_DAY"", ""platform"": ""29cm"", ""ranking_category_code"": ""268103100"", ""ranking_category_name"": ""여성의류>상의"", ""review_avg"": 5.0, ""sale_percent"": 10, ""sale_price"": 62100, ""sold_out"": false, ""url"": ""https://product.29cm.co.kr/catalog/4163596""}",2026-10-03T13:00:06+00:00_f8e2270a
2026-10-03T22:00:06+09:00,2026-10-03T13:00:06+00:00,commerce_rank,[2nd] 200 Base 3/4 tee (v-neck ver.)(5 color),29cm:4165065,heart_count,2375.0,"{""brand_eng"": ""FOETO"", ""brand_kor"": ""포에토"", ""brand_no"": 53520, ""category1"": ""여성의류"", ""category2"": ""상의"", ""category3"": ""반소매 티셔츠"", ""category3_code"": 268103101, ""is_new"": false, ""item_no"": 4165065, ""period_sort"": ""ONE_DAY"", ""platform"": ""29cm"", ""ranking_category_code"": ""268103100"", ""ranking_category_name"": ""여성의류>상의"", ""review_avg"": 5.0, ""sale_percent"": 19, ""sale_price"": 33210, ""sold_out"": false, ""url"": ""https://product.29cm.co.kr/catalog/4165065""}",2026-10-03T13:00:06+00:00_f8e2270a
2026-10-03T22:00:06+09:00,2026-10-03T13:00:06+00:00,commerce_rank,[2nd] 200 Base 3/4 tee (v-neck ver.)(5 color),29cm:4165065,review_count,28.0,"{""brand_eng"": ""FOETO"", ""brand_kor"": ""포에토"", ""brand_no"": 53520, ""category1"": ""여성의류"", ""category2"": ""상의"", ""category3"": ""반소매 티셔츠"", ""category3_code"": 268103101, ""is_new"": false, ""item_no"": 4165065, ""period_sort"": ""ONE_DAY"", ""platform"": ""29cm"", ""ranking_category_code"": ""268103100"", ""ranking_category_name"": ""여성의류>상의"", ""review_avg"": 5.0, ""sale_percent"": 19, ""sale_price"": 33210, ""sold_out"": false, ""url"": ""https://product.29cm.co.kr/catalog/4165065""}",2026-10-03T13:00:06+00:00_f8e2270a
2026-10-03T22:00:06+09:00,2026-10-03T13:00:06+00:00,commerce_rank,[2nd] 200 Base 3/4 tee (v-neck ver.)(5 color),29cm:4165065@268103100,rank,11.0,"{""brand_eng"": ""FOETO"", ""brand_kor"": ""포에토"", ""brand_no"": 53520, ""category1"": ""여성의류"", ""category2"": ""상의"", ""category3"": ""반소매 티셔츠"", ""category3_code"": 268103101, ""is_new"": false, ""item_no"": 4165065, ""period_sort"": ""ONE_DAY"", ""platform"": ""29cm"", ""ranking_category_code"": ""268103100"", ""ranking_category_name"": ""여성의류>상의"", ""review_avg"": 5.0, ""sale_percent"": 19, ""sale_price"": 33210, ""sold_out"": false, ""url"": ""https://product.29cm.co.kr/catalog/4165065""}",2026-10-03T13:00:06+00:00_f8e2270a
2026-10-03T22:00:06+09:00,2026-10-03T13:00:06+00:00,commerce_rank,[4th] 200 Base 3/4 tee (boatneck ver.)(5 color),29cm:4165076,heart_count,1476.0,"{""brand_eng"": ""FOETO"", ""brand_kor"": ""포에토"", ""brand_no"": 53520, ""category1"": ""여성의류"", ""category2"": ""상의"", ""category3"": ""반소매 티셔츠"", ""category3_code"": 268103101, ""is_new"": false, ""item_no"": 4165076, ""period_sort"": ""ONE_DAY"", ""platform"": ""29cm"", ""ranking_category_code"": ""268103100"", ""ranking_category_name"": ""여성의류>상의"", ""review_avg"": 5.0, ""sale_percent"": 19, ""sale_price"": 33210, ""sold_out"": false, ""url"": ""https://product.29cm.co.kr/catalog/4165076""}",2026-10-03T13:00:06+00:00_f8e2270a
2026-10-03T22:00:06+09:00,2026-10-03T13:00:06+00:00,commerce_rank,[4th] 200 Base 3/4 tee (boatneck ver.)(5 color),29cm:4165076,review_count,30.0,"{""brand_eng"": ""FOETO"", ""brand_kor"": ""포에토"", ""brand_no"": 53520, ""category1"": ""여성의류"", ""category2"": ""상의"", ""category3"": ""반소매 티셔츠"", ""category3_code"": 268103101, ""is_new"": false, ""item_no"": 4165076, ""period_sort"": ""ONE_DAY"", ""platform"": ""29cm"", ""ranking_category_code"": ""268103100"", ""ranking_category_name"": ""여성의류>상의"", ""review_avg"": 5.0, ""sale_percent"": 19, ""sale_price"": 33210, ""sold_out"": false, ""url"": ""https://product.29cm.co.kr/catalog/4165076""}",2026-10-03T13:00:06+00:00_f8e2270a
2026-10-03T22:00:06+09:00,2026-10-03T13:00:06+00:00,commerce_rank,[4th] 200 Base 3/4 tee (boatneck ver.)(5 color),29cm:4165076@268103100,rank,35.0,"{""brand_eng"": ""FOETO"", ""brand_kor"": ""포에토"", ""brand_no"": 53520, ""category1"": ""여성의류"", ""category2"": ""상의"", ""category3"": ""반소매 티셔츠"", ""category3_code"": 268103101, ""is_new"": false, ""item_no"": 4165076, ""period_sort"": ""ONE_DAY"", ""platform"": ""29cm"", ""ranking_category_code"": ""268103100"", ""ranking_category_name"": ""여성의류>상의"", ""review_avg"": 5.0, ""sale_percent"": 19, ""sale_price"": 33210, ""sold_out"": false, ""url"": ""https://product.29cm.co.kr/catalog/4165076""}",2026-10-03T13:00:06+00:00_f8e2270a
2026-10-03T22:00:06+09:00,2026-10-03T13:00:06+00:00,commerce_rank,[2차]Frill Pintuck Blouse _Cream,29cm:4170796,heart_count,1341.0,"{""brand_eng"": ""SLIE"", ""brand_kor"": ""슬리"", ""brand_no"": 112713, ""category1"": ""여성의류"", ""category2"": ""상의"", ""category3"": ""블라우스"", ""category3_code"": 268103107, ""is_new"": false, ""item_no"": 4170796, ""period_sort"": ""ONE_DAY"", ""platform"": ""29cm"", ""ranking_category_code"": ""268103100"", ""ranking_category_name"": ""여성의류>상의"", ""review_avg"": 0.0, ""sale_percent"": 19, ""sale_price"": 72090, ""sold_out"": false, ""url"": ""https://product.29cm.co.kr/catalog/4170796""}",2026-10-03T13:00:06+00:00_f8e2270a
2026-10-03T22:00:06+09:00,2026-10-03T13:00:06+00:00,commerce_rank,[2차]Frill Pintuck Blouse _Cream,29cm:4170796,review_count,0.0,"{""brand_eng"": ""SLIE"", ""brand_kor"": ""슬리"", ""brand_no"": 112713, ""category1"": ""여성의류"", ""category2"": ""상의"", ""category3"": ""블라우스"", ""category3_code"": 268103107, ""is_new"": false, ""item_no"": 4170796, ""period_sort"": ""ONE_DAY"", ""platform"": ""29cm"", ""ranking_category_code"": ""268103100"", ""ranking_category_name"": ""여성의류>상의"", ""review_avg"": 0.0, ""sale_percent"": 19, ""sale_price"": 72090, ""sold_out"": false, ""url"": ""https://product.29cm.co.kr/catalog/4170796""}",2026-10-03T13:00:06+00:00_f8e2270a
2026-10-03T22:00:06+09:00,2026-10-03T13:00:06+00:00,commerce_rank,[2차]Frill Pintuck Blouse _Cream,29cm:4170796@268103100,rank,59.0,"{""brand_eng"": ""SLIE"", ""brand_kor"": ""슬리"", ""brand_no"": 112713, ""category1"": ""여성의류"", ""category2"": ""상의"", ""category3"": ""블라우스"", ""category3_code"": 268103107, ""is_new"": false, ""item_no"": 4170796, ""period_sort"": ""ONE_DAY"", ""platform"": ""29cm"", ""ranking_category_code"": ""268103100"", ""ranking_category_name"": ""여성의류>상의"", ""review_avg"": 0.0, ""sale_percent"": 19, ""sale_price"": 72090, ""sold_out"": false, ""url"": ""https://product.29cm.co.kr/catalog/4170796""}",2026-10-03T13:00:06+00:00_f8e2270a
2026-10-03T22:00:06+09:00,2026-10-03T13:00:08+00:00,commerce_rank,소프트 벨로어 와플 크루넥 (Storm Navy),29cm:4178424,heart_count,5.0,"{""brand_eng"": ""HDEX"", ""brand_kor"": ""에이치덱스"", ""brand_no"": 20192, ""category1"": ""남성의류"", ""category2"": ""상의"", ""category3"": ""긴소매 티셔츠"", ""category3_code"": 272103102, ""is_new"": false, ""item_no"": 4178424, ""period_sort"": ""ONE_DAY"", ""platform"": ""29cm"", ""ranking_category_code"": ""272103100"", ""ranking_category_name"": ""남성의류>상의"", ""review_avg"": 0.0, ""sale_percent"": 10, ""sale_price"": 53100, ""sold_out"": false, ""url"": ""https://product.29cm.co.kr/catalog/4178424""}",2026-10-03T13:00:06+00:00_f8e2270a
2026-10-03T22:00:06+09:00,2026-10-03T13:00:08+00:00,commerce_rank,소프트 벨로어 와플 크루넥 (Storm Navy),29cm:4178424,review_count,0.0,"{""brand_eng"": ""HDEX"", ""brand_kor"": ""에이치덱스"", ""brand_no"": 20192, ""category1"": ""남성의류"", ""category2"": ""상의"", ""category3"": ""긴소매 티셔츠"", ""category3_code"": 272103102, ""is_new"": false, ""item_no"": 4178424, ""period_sort"": ""ONE_DAY"", ""platform"": ""29cm"", ""ranking_category_code"": ""272103100"", ""ranking_category_name"": ""남성의류>상의"", ""review_avg"": 0.0, ""sale_percent"": 10, ""sale_price"": 53100, ""sold_out"": false, ""url"": ""https://product.29cm.co.kr/catalog/4178424""}",2026-10-03T13:00:06+00:00_f8e2270a
2026-10-03T22:00:06+09:00,2026-10-03T13:00:08+00:00,commerce_rank,소프트 벨로어 와플 크루넥 (Storm Navy),29cm:4178424@272103100,rank,93.0,"{""brand_eng"": ""HDEX"", ""brand_kor"": ""에이치덱스"", ""brand_no"": 20192, ""category1"": ""남성의류"", ""category2"": ""상의"", ""category3"": ""긴소매 티셔츠"", ""category3_code"": 272103102, ""is_new"": false, ""item_no"": 4178424, ""period_sort"": ""ONE_DAY"", ""platform"": ""29cm"", ""ranking_category_code"": ""272103100"", ""ranking_category_name"": ""남성의류>상의"", ""review_avg"": 0.0, ""sale_percent"": 10, ""sale_price"": 53100, ""sold_out"": false, ""url"": ""https://product.29cm.co.kr/catalog/4178424""}",2026-10-03T13:00:06+00:00_f8e2270a
2026-10-03T22:00:06+09:00,2026-10-03T13:00:08+00:00,commerce_rank,Heavyweight USMA Raglan Sweatshirt Navy,29cm:4178831,heart_count,76.0,"{""brand_eng"": ""BRONSON"", ""brand_kor"": ""브론슨"", ""brand_no"": 89408, ""category1"": ""남성의류"", ""category2"": ""상의"", ""category3"": ""스웨트셔츠"", ""category3_code"": 272103107, ""is_new"": false, ""item_no"": 4178831, ""period_sort"": ""ONE_DAY"", ""platform"": ""29cm"", ""ranking_category_code"": ""272103100"", ""ranking_category_name"": ""남성의류>상의"", ""review_avg"": 0.0, ""sale_percent"": 10, ""sale_price"": 71100, ""sold_out"": false, ""url"": ""https://product.29cm.co.kr/catalog/4178831""}",2026-10-03T13:00:06+00:00_f8e2270a
2026-10-03T22:00:06+09:00,2026-10-03T13:00:08+00:00,commerce_rank,Heavyweight USMA Raglan Sweatshirt Navy,29cm:4178831,review_count,0.0,"{""brand_eng"": ""BRONSON"", ""brand_kor"": ""브론슨"", ""brand_no"": 89408, ""category1"": ""남성의류"", ""category2"": ""상의"", ""category3"": ""스웨트셔츠"", ""category3_code"": 272103107, ""is_new"": false, ""item_no"": 4178831, ""period_sort"": ""ONE_DAY"", ""platform"": ""29cm"", ""ranking_category_code"": ""272103100"", ""ranking_category_name"": ""남성의류>상의"", ""review_avg"": 0.0, ""sale_percent"": 10, ""sale_price"": 71100, ""sold_out"": false, ""url"": ""https://product.29cm.co.kr/catalog/4178831""}",2026-10-03T13:00:06+00:00_f8e2270a
2026-10-03T22:00:06+09:00,2026-10-03T13:00:08+00:00,commerce_rank,Heavyweight USMA Raglan Sweatshirt Navy,29cm:4178831@272103100,rank,84.0,"{""brand_eng"": ""BRONSON"", ""brand_kor"": ""브론슨"", ""brand_no"": 89408, ""category1"": ""남성의류"", ""category2"": ""상의"", ""category3"": ""스웨트셔츠"", ""category3_code"": 272103107, ""is_new"": false, ""item_no"": 4178831, ""period_sort"": ""ONE_DAY"", ""platform"": ""29cm"", ""ranking_category_code"": ""272103100"", ""ranking_category_name"": ""남성의류>상의"", ""review_avg"": 0.0, ""sale_percent"": 10, ""sale_price"": 71100, ""sold_out"": false, ""url"": ""https://product.29cm.co.kr/catalog/4178831""}",2026-10-03T13:00:06+00:00_f8e2270a
2026-10-03T22:00:06+09:00,2026-10-03T13:00:06+00:00,commerce_rank,[3차 10/30 예약배송] Loose Mock Neck Tee (Charcoal),29cm:4183648,heart_count,1147.0,"{""brand_eng"": ""NOD"", ""brand_kor"": ""엔오디"", ""brand_no"": 34806, ""category1"": ""여성의류"", ""category2"": ""상의"", ""category3"": ""반소매 티셔츠"", ""category3_code"": 268103101, ""is_new"": false, ""item_no"": 4183648, ""period_sort"": ""ONE_DAY"", ""platform"": ""29cm"", ""ranking_category_code"": ""268103100"", ""ranking_category_name"": ""여성의류>상의"", ""review_avg"": 5.0, ""sale_percent"": 15, ""sale_price"": 47880, ""sold_out"": false, ""url"": ""https://product.29cm.co.kr/catalog/4183648""}",2026-10-03T13:00:06+00:00_f8e2270a
2026-10-03T22:00:06+09:00,2026-10-03T13:00:06+00:00,commerce_rank,[3차 10/30 예약배송] Loose Mock Neck Tee (Charcoal),29cm:4183648,review_count,16.0,"{""brand_eng"": ""NOD"", ""brand_kor"": ""엔오디"", ""brand_no"": 34806, ""category1"": ""여성의류"", ""category2"": ""상의"", ""category3"": ""반소매 티셔츠"", ""category3_code"": 268103101, ""is_new"": false, ""item_no"": 4183648, ""period_sort"": ""ONE_DAY"", ""platform"": ""29cm"", ""ranking_category_code"": ""268103100"", ""ranking_category_name"": ""여성의류>상의"", ""review_avg"": 5.0, ""sale_percent"": 15, ""sale_price"": 47880, ""sold_out"": false, ""url"": ""https://product.29cm.co.kr/catalog/4183648""}",2026-10-03T13:00:06+00:00_f8e2270a
2026-10-03T22:00:06+09:00,2026-10-03T13:00:06+00:00,commerce_rank,[3차 10/30 예약배송] Loose Mock Neck Tee (Charcoal),29cm:4183648@268103100,rank,34.0,"{""brand_eng"": ""NOD"", ""brand_kor"": ""엔오디"", ""brand_no"": 34806, ""category1"": ""여성의류"", ""category2"": ""상의"", ""category3"": ""반소매 티셔츠"", ""category3_code"": 268103101, ""is_new"": false, ""item_no"": 4183648, ""period_sort"": ""ONE_DAY"", ""platform"": ""29cm"", ""ranking_category_code"": ""268103100"", ""ranking_category_name"": ""여성의류>상의"", ""review_avg"": 5.0, ""sale_percent"": 15, ""sale_price"": 47880, ""sold_out"": false, ""url"": ""https://product.29cm.co.kr/catalog/4183648""}",2026-10-03T13:00:06+00:00_f8e2270a
2026-10-03T22:00:06+09:00,2026-10-03T13:00:06+00:00,commerce_rank,[4th]Wrinkle Tie Pintuck Blouse Cream,29cm:4184227,heart_count,505.0,"{""brand_eng"": ""TORTE"", ""brand_kor"": ""토르테"", ""brand_no"": 104998, ""category1"": ""여성의류"", ""category2"": ""상의"", ""category3"": ""블라우스"", ""category3_code"": 268103107, ""is_new"": false, ""item_no"": 4184227, ""period_sort"": ""ONE_DAY"", ""platform"": ""29cm"", ""ranking_category_code"": ""268103100"", ""ranking_category_name"": ""여성의류>상의"", ""review_avg"": 5.0, ""sale_percent"": 30, ""sale_price"": 64400, ""sold_out"": false, ""url"": ""https://product.29cm.co.kr/catalog/4184227""}",2026-10-03T13:00:06+00:00_f8e2270a
2026-10-03T22:00:06+09:00,2026-10-03T13:00:06+00:00,commerce_rank,[4th]Wrinkle Tie Pintuck Blouse Cream,29cm:4184227,review_count,9.0,"{""brand_eng"": ""TORTE"", ""brand_kor"": ""토르테"", ""brand_no"": 104998, ""category1"": ""여성의류"", ""category2"": ""상의"", ""category3"": ""블라우스"", ""category3_code"": 268103107, ""is_new"": false, ""item_no"": 4184227, ""period_sort"": ""ONE_DAY"", ""platform"": ""29cm"", ""ranking_category_code"": ""268103100"", ""ranking_category_name"": ""여성의류>상의"", ""review_avg"": 5.0, ""sale_percent"": 30, ""sale_price"": 64400, ""sold_out"": false, ""url"": ""https://product.29cm.co.kr/catalog/4184227""}",2026-10-03T13:00:06+00:00_f8e2270a
2026-10-03T22:00:06+09:00,2026-10-03T13:00:06+00:00,commerce_rank,[4th]Wrinkle Tie Pintuck Blouse Cream,29cm:4184227@268103100,rank,26.0,"{""brand_eng"": ""TORTE"", ""brand_kor"": ""토르테"", ""brand_no"": 104998, ""category1"": ""여성의류"", ""category2"": ""상의"", ""category3"": ""블라우스"", ""category3_code"": 268103107, ""is_new"": false, ""item_no"": 4184227, ""period_sort"": ""ONE_DAY"", ""platform"": ""29cm"", ""ranking_category_code"": ""268103100"", ""ranking_category_name"": ""여성의류>상의"", ""review_avg"": 5.0, ""sale_percent"": 30, ""sale_price"": 64400, ""sold_out"": false, ""url"": ""https://product.29cm.co.kr/catalog/4184227""}",2026-10-03T13:00:06+00:00_f8e2270a
2026-10-03T22:00:06+09:00,2026-10-03T13:00:06+00:00,commerce_rank,[2차]PLEATED TIE BLOUSE_CHARCOAL,29cm:4187039,heart_count,139.0,"{""brand_eng"": ""SYS"", ""brand_kor"": ""시스"", ""brand_no"": 113379, ""category1"": ""여성의류"", ""category2"": ""상의"", ""category3"": ""블라우스"", ""category3_code"": 268103107, ""is_new"": true, ""item_no"": 4187039, ""period_sort"": ""ONE_DAY"", ""platform"": ""29cm"", ""ranking_category_code"": ""268103100"", ""ranking_category_name"": ""여성의류>상의"", ""review_avg"": 5.0, ""sale_percent"": 25, ""sale_price"": 59250, ""sold_out"": false, ""url"": ""https://product.29cm.co.kr/catalog/4187039""}",2026-10-03T13:00:06+00:00_f8e2270a
2026-10-03T22:00:06+09:00,2026-10-03T13:00:06+00:00,commerce_rank,[2차]PLEATED TIE BLOUSE_CHARCOAL,29cm:4187039,review_count,3.0,"{""brand_eng"": ""SYS"", ""brand_kor"": ""시스"", ""brand_no"": 113379, ""category1"": ""여성의류"", ""category2"": ""상의"", ""category3"": ""블라우스"", ""category3_code"": 268103107, ""is_new"": true, ""item_no"": 4187039, ""period_sort"": ""ONE_DAY"", ""platform"": ""29cm"", ""ranking_category_code"": ""268103100"", ""ranking_category_name"": ""여성의류>상의"", ""review_avg"": 5.0, ""sale_percent"": 25, ""sale_price"": 59250, ""sold_out"": false, ""url"": ""https://product.29cm.co.kr/catalog/4187039""}",2026-10-03T13:00:06+00:00_f8e2270a
2026-10-03T22:00:06+09:00,2026-10-03T13:00:06+00:00,commerce_rank,[2차]PLEATED TIE BLOUSE_CHARCOAL,29cm:4187039@268103100,rank,68.0,"{""brand_eng"": ""SYS"", ""brand_kor"": ""시스"", ""brand_no"": 113379, ""category1"": ""여성의류"", ""category2"": ""상의"", ""category3"": ""블라우스"", ""category3_code"": 268103107, ""is_new"": true, ""item_no"": 4187039, ""period_sort"": ""ONE_DAY"", ""platform"": ""29cm"", ""ranking_category_code"": ""268103100"", ""ranking_category_name"": ""여성의류>상의"", ""review_avg"": 5.0, ""sale_percent"": 25, ""sale_price"": 59250, ""sold_out"": false, ""url"": ""https://product.29cm.co.kr/catalog/4187039""}",2026-10-03T13:00:06+00:00_f8e2270a
2026-10-03T22:00:06+09:00,2026-10-03T13:00:06+00:00,commerce_rank,[2차 리오더] Muse Lace V-neck Long Sleeve - Misty Grey,29cm:4188339,heart_count,269.0,"{""brand_eng"": ""RHEME"", ""brand_kor"": ""리임"", ""brand_no"": 80266, ""category1"": ""여성의류"", ""category2"": ""상의"", ""category3"": ""긴소매 티셔츠"", ""category3_code"": 268103102, ""is_new"": false, ""item_no"": 4188339, ""period_sort"": ""ONE_DAY"", ""platform"": ""29cm"", ""ranking_category_code"": ""268103100"", ""ranking_category_name"": ""여성의류>상의"", ""review_avg"": 0.0, ""sale_percent"": 19, ""sale_price"": 95400, ""sold_out"": false, ""url"": ""https://product.29cm.co.kr/catalog/4188339""}",2026-10-03T13:00:06+00:00_f8e2270a
2026-10-03T22:00:06+09:00,2026-10-03T13:00:06+00:00,commerce_rank,[2차 리오더] Muse Lace V-neck Long Sleeve - Misty Grey,29cm:4188339,review_count,0.0,"{""brand_eng"": ""RHEME"", ""brand_kor"": ""리임"", ""brand_no"": 80266, ""category1"": ""여성의류"", ""category2"": ""상의"", ""category3"": ""긴소매 티셔츠"", ""category3_code"": 268103102, ""is_new"": false, ""item_no"": 4188339, ""period_sort"": ""ONE_DAY"", ""platform"": ""29cm"", ""ranking_category_code"": ""268103100"", ""ranking_category_name"": ""여성의류>상의"", ""review_avg"": 0.0, ""sale_percent"": 19, ""sale_price"": 95400, ""sold_out"": false, ""url"": ""https://product.29cm.co.kr/catalog/4188339""}",2026-10-03T13:00:06+00:00_f8e2270a
2026-10-03T22:00:06+09:00,2026-10-03T13:00:06+00:00,commerce_rank,[2차 리오더] Muse Lace V-neck Long Sleeve - Misty Grey,29cm:4188339@268103100,rank,77.0,"{""brand_eng"": ""RHEME"", ""brand_kor"": ""리임"", ""brand_no"": 80266, ""category1"": ""여성의류"", ""category2"": ""상의"", ""category3"": ""긴소매 티셔츠"", ""category3_code"": 268103102, ""is_new"": false, ""item_no"": 4188339, ""period_sort"": ""ONE_DAY"", ""platform"": ""29cm"", ""ranking_category_code"": ""268103100"", ""ranking_category_name"": ""여성의류>상의"", ""review_avg"": 0.0, ""sale_percent"": 19, ""sale_price"": 95400, ""sold_out"": false, ""url"": ""https://product.29cm.co.kr/catalog/4188339""}",2026-10-03T13:00:06+00:00_f8e2270a
2026-10-03T22:00:06+09:00,2026-10-03T13:00:06+00:00,commerce_rank,Two-way Button Neck Top Black,29cm:4190360,heart_count,3402.0,"{""brand_eng"": ""MICHIKO LONDON KOSHINO"", ""brand_kor"": ""미치코런던 코시노"", ""brand_no"": 26100, ""category1"": ""여성의류"", ""category2"": ""상의"", ""category3"": ""반소매 티셔츠"", ""category3_code"": 268103101, ""is_new"": false, ""item_no"": 4190360, ""period_sort"": ""ONE_DAY"", ""platform"": ""29cm"", ""ranking_category_code"": ""268103100"", ""ranking_category_name"": ""여성의류>상의"", ""review_avg"": 4.5, ""sale_percent"": 15, ""sale_price"": 49590, ""sold_out"": false, ""url"": ""https://product.29cm.co.kr/catalog/4190360""}",2026-10-03T13:00:06+00:00_f8e2270a
2026-10-03T22:00:06+09:00,2026-10-03T13:00:06+00:00,commerce_rank,Two-way Button Neck Top Black,29cm:4190360,review_count,3.0,"{""brand_eng"": ""MICHIKO LONDON KOSHINO"", ""brand_kor"": ""미치코런던 코시노"", ""brand_no"": 26100, ""category1"": ""여성의류"", ""category2"": ""상의"", ""category3"": ""반소매 티셔츠"", ""category3_code"": 268103101, ""is_new"": false, ""item_no"": 4190360, ""period_sort"": ""ONE_DAY"", ""platform"": ""29cm"", ""ranking_category_code"": ""268103100"", ""ranking_category_name"": ""여성의류>상의"", ""review_avg"": 4.5, ""sale_percent"": 15, ""sale_price"": 49590, ""sold_out"": false, ""url"": ""https://product.29cm.co.kr/catalog/4190360""}",2026-10-03T13:00:06+00:00_f8e2270a
2026-10-03T22:00:06+09:00,2026-10-03T13:00:06+00:00,commerce_rank,Two-way Button Neck Top Black,29cm:4190360@268103100,rank,43.0,"{""brand_eng"": ""MICHIKO LONDON KOSHINO"", ""brand_kor"": ""미치코런던 코시노"", ""brand_no"": 26100, ""category1"": ""여성의류"", ""category2"": ""상의"", ""category3"": ""반소매 티셔츠"", ""category3_code"": 268103101, ""is_new"": false, ""item_no"": 4190360, ""period_sort"": ""ONE_DAY"", ""platform"": ""29cm"", ""ranking_category_code"": ""268103100"", ""ranking_category_name"": ""여성의류>상의"", ""review_avg"": 4.5, ""sale_percent"": 15, ""sale_price"": 49590, ""sold_out"": false, ""url"": ""https://product.29cm.co.kr/catalog/4190360""}",2026-10-03T13:00:06+00:00_f8e2270a
2026-10-03T22:00:06+09:00,2026-10-03T13:00:06+00:00,commerce_rank,Two-way Button Neck Top Charcoal,29cm:4190361,heart_count,6146.0,"{""brand_eng"": ""MICHIKO LONDON KOSHINO"", ""brand_kor"": ""미치코런던 코시노"", ""brand_no"": 26100, ""category1"": ""여성의류"", ""category2"": ""상의"", ""category3"": ""반소매 티셔츠"", ""category3_code"": 268103101, ""is_new"": false, ""item_no"": 4190361, ""period_sort"": ""ONE_DAY"", ""platform"": ""29cm"", ""ranking_category_code"": ""268103100"", ""ranking_category_name"": ""여성의류>상의"", ""review_avg"": 4.5, ""sale_percent"": 15, ""sale_price"": 49590, ""sold_out"": false, ""url"": ""https://product.29cm.co.kr/catalog/4190361""}",2026-10-03T13:00:06+00:00_f8e2270a
2026-10-03T22:00:06+09:00,2026-10-03T13:00:06+00:00,commerce_rank,Two-way Button Neck Top Charcoal,29cm:4190361,review_count,7.0,"{""brand_eng"": ""MICHIKO LONDON KOSHINO"", ""brand_kor"": ""미치코런던 코시노"", ""brand_no"": 26100, ""category1"": ""여성의류"", ""category2"": ""상의"", ""category3"": ""반소매 티셔츠"", ""category3_code"": 268103101, ""is_new"": false, ""item_no"": 4190361, ""period_sort"": ""ONE_DAY"", ""platform"": ""29cm"", ""ranking_category_code"": ""268103100"", ""ranking_category_name"": ""여성의류>상의"", ""review_avg"": 4.5, ""sale_percent"": 15, ""sale_price"": 49590, ""sold_out"": false, ""url"": ""https://product.29cm.co.kr/catalog/4190361""}",2026-10-03T13:00:06+00:00_f8e2270a
2026-10-03T22:00:06+09:00,2026-10-03T13:00:06+00:00,commerce_rank,Two-way Button Neck Top Charcoal,29cm:4190361@268103100,rank,4.0,"{""brand_eng"": ""MICHIKO LONDON KOSHINO"", ""brand_kor"": ""미치코런던 코시노"", ""brand_no"": 26100, ""category1"": ""여성의류"", ""category2"": ""상의"", ""category3"": ""반소매 티셔츠"", ""category3_code"": 268103101, ""is_new"": false, ""item_no"": 4190361, ""period_sort"": ""ONE_DAY"", ""platform"": ""29cm"", ""ranking_category_code"": ""268103100"", ""ranking_category_name"": ""여성의류>상의"", ""review_avg"": 4.5, ""sale_percent"": 15, ""sale_price"": 49590, ""sold_out"": false, ""url"": ""https://product.29cm.co.kr/catalog/4190361""}",2026-10-03T13:00:06+00:00_f8e2270a
2026-10-03T22:00:06+09:00,2026-10-03T13:00:06+00:00,commerce_rank,[8th]Wool Halter Neck Sleeveless Top,29cm:4192333,heart_count,1333.0,"{""brand_eng"": ""TORTE"", ""brand_kor"": ""토르테"", ""brand_no"": 104998, ""category1"": ""여성의류"", ""category2"": ""상의"", ""category3"": ""슬리브리스"", ""category3_code"": 268103103, ""is_new"": false, ""item_no"": 4192333, ""period_sort"": ""ONE_DAY"", ""platform"": ""29cm"", ""ranking_category_code"": ""268103100"", ""ranking_category_name"": ""여성의류>상의"", ""review_avg"": 4.5, ""sale_percent"": 30, ""sale_price"": 27300, ""sold_out"": false, ""url"": ""https://product.29cm.co.kr/catalog/4192333""}",2026-10-03T13:00:06+00:00_f8e2270a
2026-10-03T22:00:06+09:00,2026-10-03T13:00:06+00:00,commerce_rank,[8th]Wool Halter Neck Sleeveless Top,29cm:4192333,review_count,16.0,"{""brand_eng"": ""TORTE"", ""brand_kor"": ""토르테"", ""brand_no"": 104998, ""category1"": ""여성의류"", ""category2"": ""상의"", ""category3"": ""슬리브리스"", ""category3_code"": 268103103, ""is_new"": false, ""item_no"": 4192333, ""period_sort"": ""ONE_DAY"", ""platform"": ""29cm"", ""ranking_category_code"": ""268103100"", ""ranking_category_name"": ""여성의류>상의"", ""review_avg"": 4.5, ""sale_percent"": 30, ""sale_price"": 27300, ""sold_out"": false, ""url"": ""https://product.29cm.co.kr/catalog/4192333""}",2026-10-03T13:00:06+00:00_f8e2270a
2026-10-03T22:00:06+09:00,2026-10-03T13:00:06+00:00,commerce_rank,[8th]Wool Halter Neck Sleeveless Top,29cm:4192333@268103100,rank,12.0,"{""brand_eng"": ""TORTE"", ""brand_kor"": ""토르테"", ""brand_no"": 104998, ""category1"": ""여성의류"", ""category2"": ""상의"", ""category3"": ""슬리브리스"", ""category3_code"": 268103103, ""is_new"": false, ""item_no"": 4192333, ""period_sort"": ""ONE_DAY"", ""platform"": ""29cm"", ""ranking_category_code"": ""268103100"", ""ranking_category_name"": ""여성의류>상의"", ""review_avg"": 4.5, ""sale_percent"": 30, ""sale_price"": 27300, ""sold_out"": false, ""url"": ""https://product.29cm.co.kr/catalog/4192333""}",2026-10-03T13:00:06+00:00_f8e2270a
2026-10-03T22:00:06+09:00,2026-10-03T13:00:08+00:00,commerce_rank,Washed Cotton Chambray Shirt - Indigo,29cm:4192508,heart_count,24.0,"{""brand_eng"": ""Ourselves"", ""brand_kor"": ""아워셀브스"", ""brand_no"": 2185, ""category1"": ""남성의류"", ""category2"": ""상의"", ""category3"": ""긴소매 셔츠"", ""category3_code"": 272103106, ""is_new"": false, ""item_no"": 4192508, ""period_sort"": ""ONE_DAY"", ""platform"": ""29cm"", ""ranking_category_code"": ""272103100"", ""ranking_category_name"": ""남성의류>상의"", ""review_avg"": 0.0, ""sale_percent"": 0, ""sale_price"": 278000, ""sold_out"": false, ""url"": ""https://product.29cm.co.kr/catalog/4192508""}",2026-10-03T13:00:06+00:00_f8e2270a
2026-10-03T22:00:06+09:00,2026-10-03T13:00:08+00:00,commerce_rank,Washed Cotton Chambray Shirt - Indigo,29cm:4192508,review_count,0.0,"{""brand_eng"": ""Ourselves"", ""brand_kor"": ""아워셀브스"", ""brand_no"": 2185, ""category1"": ""남성의류"", ""category2"": ""상의"", ""category3"": ""긴소매 셔츠"", ""category3_code"": 272103106, ""is_new"": false, ""item_no"": 4192508, ""period_sort"": ""ONE_DAY"", ""platform"": ""29cm"", ""ranking_category_code"": ""272103100"", ""ranking_category_name"": ""남성의류>상의"", ""review_avg"": 0.0, ""sale_percent"": 0, ""sale_price"": 278000, ""sold_out"": false, ""url"": ""https://product.29cm.co.kr/catalog/4192508""}",2026-10-03T13:00:06+00:00_f8e2270a
2026-10-03T22:00:06+09:00,2026-10-03T13:00:08+00:00,commerce_rank,Washed Cotton Chambray Shirt - Indigo,29cm:4192508@272103100,rank,79.0,"{""brand_eng"": ""Ourselves"", ""brand_kor"": ""아워셀브스"", ""brand_no"": 2185, ""category1"": ""남성의류"", ""category2"": ""상의"", ""category3"": ""긴소매 셔츠"", ""category3_code"": 272103106, ""is_new"": false, ""item_no"": 4192508, ""period_sort"": ""ONE_DAY"", ""platform"": ""29cm"", ""ranking_category_code"": ""272103100"", ""ranking_category_name"": ""남성의류>상의"", ""review_avg"": 0.0, ""sale_percent"": 0, ""sale_price"": 278000, ""sold_out"": false, ""url"": ""https://product.29cm.co.kr/catalog/4192508""}",2026-10-03T13:00:06+00:00_f8e2270a
2026-10-03T22:00:06+09:00,2026-10-03T13:00:08+00:00,commerce_rank,레이어드 헨리넥 롱 슬리브 (블랙),29cm:4197376,heart_count,70.0,"{""brand_eng"": ""INDUST"", ""brand_kor"": ""인더스트"", ""brand_no"": 15333, ""category1"": ""여성의류"", ""category2"": ""상의"", ""category3"": ""긴소매 티셔츠"", ""category3_code"": 268103102, ""is_new"": false, ""item_no"": 4197376, ""period_sort"": ""ONE_DAY"", ""platform"": ""29cm"", ""ranking_category_code"": ""272103100"", ""ranking_category_name"": ""남성의류>상의"", ""review_avg"": 0.0, ""sale_percent"": 20, ""sale_price"": 49990, ""sold_out"": false, ""url"": ""https://product.29cm.co.kr/catalog/4197376""}",2026-10-03T13:00:06+00:00_f8e2270a
2026-10-03T22:00:06+09:00,2026-10-03T13:00:08+00:00,commerce_rank,레이어드 헨리넥 롱 슬리브 (블랙),29cm:4197376,review_count,0.0,"{""brand_eng"": ""INDUST"", ""brand_kor"": ""인더스트"", ""brand_no"": 15333, ""category1"": ""여성의류"", ""category2"": ""상의"", ""category3"": ""긴소매 티셔츠"", ""category3_code"": 268103102, ""is_new"": false, ""item_no"": 4197376, ""period_sort"": ""ONE_DAY"", ""platform"": ""29cm"", ""ranking_category_code"": ""272103100"", ""ranking_category_name"": ""남성의류>상의"", ""review_avg"": 0.0, ""sale_percent"": 20, ""sale_price"": 49990, ""sold_out"": false, ""url"": ""https://product.29cm.co.kr/catalog/4197376""}",2026-10-03T13:00:06+00:00_f8e2270a
2026-10-03T22:00:06+09:00,2026-10-03T13:00:08+00:00,commerce_rank,레이어드 헨리넥 롱 슬리브 (블랙),29cm:4197376@272103100,rank,50.0,"{""brand_eng"": ""INDUST"", ""brand_kor"": ""인더스트"", ""brand_no"": 15333, ""category1"": ""여성의류"", ""category2"": ""상의"", ""category3"": ""긴소매 티셔츠"", ""category3_code"": 268103102, ""is_new"": false, ""item_no"": 4197376, ""period_sort"": ""ONE_DAY"", ""platform"": ""29cm"", ""ranking_category_code"": ""272103100"", ""ranking_category_name"": ""남성의류>상의"", ""review_avg"": 0.0, ""sale_percent"": 20, ""sale_price"": 49990, ""sold_out"": false, ""url"": ""https://product.29cm.co.kr/catalog/4197376""}",2026-10-03T13:00:06+00:00_f8e2270a
2026-10-03T22:00:06+09:00,2026-10-03T13:00:06+00:00,commerce_rank,WAFFLE SWEATSHIRT MOON,29cm:4201038,heart_count,2086.0,"{""brand_eng"": ""pesto"", ""brand_kor"": ""페스토"", ""brand_no"": 16507, ""category1"": ""여성의류"", ""category2"": ""상의"", ""category3"": ""긴소매 티셔츠"", ""category3_code"": 268103102, ""is_new"": false, ""item_no"": 4201038, ""period_sort"": ""ONE_DAY"", ""platform"": ""29cm"", ""ranking_category_code"": ""268103100"", ""ranking_category_name"": ""여성의류>상의"", ""review_avg"": 5.0, ""sale_percent"": 19, ""sale_price"": 98820, ""sold_out"": false, ""url"": ""https://product.29cm.co.kr/catalog/4201038""}",2026-10-03T13:00:06+00:00_f8e2270a
2026-10-03T22:00:06+09:00,2026-10-03T13:00:06+00:00,commerce_rank,WAFFLE SWEATSHIRT MOON,29cm:4201038,review_count,2.0,"{""brand_eng"": ""pesto"", ""brand_kor"": ""페스토"", ""brand_no"": 16507, ""category1"": ""여성의류"", ""category2"": ""상의"", ""category3"": ""긴소매 티셔츠"", ""category3_code"": 268103102, ""is_new"": false, ""item_no"": 4201038, ""period_sort"": ""ONE_DAY"", ""platform"": ""29cm"", ""ranking_category_code"": ""268103100"", ""ranking_category_name"": ""여성의류>상의"", ""review_avg"": 5.0, ""sale_percent"": 19, ""sale_price"": 98820, ""sold_out"": false, ""url"": ""https://product.29cm.co.kr/catalog/4201038""}",2026-10-03T13:00:06+00:00_f8e2270a
2026-10-03T22:00:06+09:00,2026-10-03T13:00:06+00:00,commerce_rank,WAFFLE SWEATSHIRT MOON,29cm:4201038@268103100,rank,86.0,"{""brand_eng"": ""pesto"", ""brand_kor"": ""페스토"", ""brand_no"": 16507, ""category1"": ""여성의류"", ""category2"": ""상의"", ""category3"": ""긴소매 티셔츠"", ""category3_code"": 268103102, ""is_new"": false, ""item_no"": 4201038, ""period_sort"": ""ONE_DAY"", ""platform"": ""29cm"", ""ranking_category_code"": ""268103100"", ""ranking_category_name"": ""여성의류>상의"", ""review_avg"": 5.0, ""sale_percent"": 19, ""sale_price"": 98820, ""sold_out"": false, ""url"": ""https://product.29cm.co.kr/catalog/4201038""}",2026-10-03T13:00:06+00:00_f8e2270a
2026-10-03T22:00:06+09:00,2026-10-03T13:00:08+00:00,commerce_rank,Striped Layered Henley Long Sleeve - Black,29cm:4202984,heart_count,31.0,"{""brand_eng"": ""ANGLAN"", ""brand_kor"": ""앵글런"", ""brand_no"": 10088, ""category1"": ""여성의류"", ""category2"": ""상의"", ""category3"": ""반소매 티셔츠"", ""category3_code"": 268103101, ""is_new"": false, ""item_no"": 4202984, ""period_sort"": ""ONE_DAY"", ""platform"": ""29cm"", ""ranking_category_code"": ""272103100"", ""ranking_category_name"": ""남성의류>상의"", ""review_avg"": 0.0, ""sale_percent"": 0, ""sale_price"": 89000, ""sold_out"": false, ""url"": ""https://product.29cm.co.kr/catalog/4202984""}",2026-10-03T13:00:06+00:00_f8e2270a
2026-10-03T22:00:06+09:00,2026-10-03T13:00:08+00:00,commerce_rank,Striped Layered Henley Long Sleeve - Black,29cm:4202984,review_count,0.0,"{""brand_eng"": ""ANGLAN"", ""brand_kor"": ""앵글런"", ""brand_no"": 10088, ""category1"": ""여성의류"", ""category2"": ""상의"", ""category3"": ""반소매 티셔츠"", ""category3_code"": 268103101, ""is_new"": false, ""item_no"": 4202984, ""period_sort"": ""ONE_DAY"", ""platform"": ""29cm"", ""ranking_category_code"": ""272103100"", ""ranking_category_name"": ""남성의류>상의"", ""review_avg"": 0.0, ""sale_percent"": 0, ""sale_price"": 89000, ""sold_out"": false, ""url"": ""https://product.29cm.co.kr/catalog/4202984""}",2026-10-03T13:00:06+00:00_f8e2270a
2026-10-03T22:00:06+09:00,2026-10-03T13:00:08+00:00,commerce_rank,Striped Layered Henley Long Sleeve - Black,29cm:4202984@272103100,rank,51.0,"{""brand_eng"": ""ANGLAN"", ""brand_kor"": ""앵글런"", ""brand_no"": 10088, ""category1"": ""여성의류"", ""category2"": ""상의"", ""category3"": ""반소매 티셔츠"", ""category3_code"": 268103101, ""is_new"": false, ""item_no"": 4202984, ""period_sort"": ""ONE_DAY"", ""platform"": ""29cm"", ""ranking_category_code"": ""272103100"", ""ranking_category_name"": ""남성의류>상의"", ""review_avg"": 0.0, ""sale_percent"": 0, ""sale_price"": 89000, ""sold_out"": false, ""url"": ""https://product.29cm.co.kr/catalog/4202984""}",2026-10-03T13:00:06+00:00_f8e2270a
2026-10-03T22:00:06+09:00,2026-10-03T13:00:06+00:00,commerce_rank,Milo Stripe Tee_Blue,29cm:4205822,heart_count,624.0,"{""brand_eng"": ""108POUND"", ""brand_kor"": ""108파운드"", ""brand_no"": 86198, ""category1"": ""여성의류"", ""category2"": ""상의"", ""category3"": ""긴소매 티셔츠"", ""category3_code"": 268103102, ""is_new"": false, ""item_no"": 4205822, ""period_sort"": ""ONE_DAY"", ""platform"": ""29cm"", ""ranking_category_code"": ""268103100"", ""ranking_category_name"": ""여성의류>상의"", ""review_avg"": 5.0, ""sale_percent"": 24, ""sale_price"": 55080, ""sold_out"": false, ""url"": ""https://product.29cm.co.kr/catalog/4205822""}",2026-10-03T13:00:06+00:00_f8e2270a
2026-10-03T22:00:06+09:00,2026-10-03T13:00:06+00:00,commerce_rank,Milo Stripe Tee_Blue,29cm:4205822,review_count,5.0,"{""brand_eng"": ""108POUND"", ""brand_kor"": ""108파운드"", ""brand_no"": 86198, ""category1"": ""여성의류"", ""category2"": ""상의"", ""category3"": ""긴소매 티셔츠"", ""category3_code"": 268103102, ""is_new"": false, ""item_no"": 4205822, ""period_sort"": ""ONE_DAY"", ""platform"": ""29cm"", ""ranking_category_code"": ""268103100"", ""ranking_category_name"": ""여성의류>상의"", ""review_avg"": 5.0, ""sale_percent"": 24, ""sale_price"": 55080, ""sold_out"": false, ""url"": ""https://product.29cm.co.kr/catalog/4205822""}",2026-10-03T13:00:06+00:00_f8e2270a
2026-10-03T22:00:06+09:00,2026-10-03T13:00:06+00:00,commerce_rank,Milo Stripe Tee_Blue,29cm:4205822@268103100,rank,64.0,"{""brand_eng"": ""108POUND"", ""brand_kor"": ""108파운드"", ""brand_no"": 86198, ""category1"": ""여성의류"", ""category2"": ""상의"", ""category3"": ""긴소매 티셔츠"", ""category3_code"": 268103102, ""is_new"": false, ""item_no"": 4205822, ""period_sort"": ""ONE_DAY"", ""platform"": ""29cm"", ""ranking_category_code"": ""268103100"", ""ranking_category_name"": ""여성의류>상의"", ""review_avg"": 5.0, ""sale_percent"": 24, ""sale_price"": 55080, ""sold_out"": false, ""url"": ""https://product.29cm.co.kr/catalog/4205822""}",2026-10-03T13:00:06+00:00_f8e2270a
2026-10-03T22:00:06+09:00,2026-10-03T13:00:06+00:00,commerce_rank,Milo Stripe Tee_Oatmeal,29cm:4205823,heart_count,828.0,"{""brand_eng"": ""108POUND"", ""brand_kor"": ""108파운드"", ""brand_no"": 86198, ""category1"": ""여성의류"", ""category2"": ""상의"", ""category3"": ""긴소매 티셔츠"", ""category3_code"": 268103102, ""is_new"": false, ""item_no"": 4205823, ""period_sort"": ""ONE_DAY"", ""platform"": ""29cm"", ""ranking_category_code"": ""268103100"", ""ranking_category_name"": ""여성의류>상의"", ""review_avg"": 4.5, ""sale_percent"": 24, ""sale_price"": 55080, ""sold_out"": false, ""url"": ""https://product.29cm.co.kr/catalog/4205823""}",2026-10-03T13:00:06+00:00_f8e2270a
2026-10-03T22:00:06+09:00,2026-10-03T13:00:06+00:00,commerce_rank,Milo Stripe Tee_Oatmeal,29cm:4205823,review_count,2.0,"{""brand_eng"": ""108POUND"", ""brand_kor"": ""108파운드"", ""brand_no"": 86198, ""category1"": ""여성의류"", ""category2"": ""상의"", ""category3"": ""긴소매 티셔츠"", ""category3_code"": 268103102, ""is_new"": false, ""item_no"": 4205823, ""period_sort"": ""ONE_DAY"", ""platform"": ""29cm"", ""ranking_category_code"": ""268103100"", ""ranking_category_name"": ""여성의류>상의"", ""review_avg"": 4.5, ""sale_percent"": 24, ""sale_price"": 55080, ""sold_out"": false, ""url"": ""https://product.29cm.co.kr/catalog/4205823""}",2026-10-03T13:00:06+00:00_f8e2270a
2026-10-03T22:00:06+09:00,2026-10-03T13:00:06+00:00,commerce_rank,Milo Stripe Tee_Oatmeal,29cm:4205823@268103100,rank,49.0,"{""brand_eng"": ""108POUND"", ""brand_kor"": ""108파운드"", ""brand_no"": 86198, ""category1"": ""여성의류"", ""category2"": ""상의"", ""category3"": ""긴소매 티셔츠"", ""category3_code"": 268103102, ""is_new"": false, ""item_no"": 4205823, ""period_sort"": ""ONE_DAY"", ""platform"": ""29cm"", ""ranking_category_code"": ""268103100"", ""ranking_category_name"": ""여성의류>상의"", ""review_avg"": 4.5, ""sale_percent"": 24, ""sale_price"": 55080, ""sold_out"": false, ""url"": ""https://product.29cm.co.kr/catalog/4205823""}",2026-10-03T13:00:06+00:00_f8e2270a
2026-10-03T22:00:06+09:00,2026-10-03T13:00:06+00:00,commerce_rank,Henley 3/4 Sleeve Tee_Stripe Blue,29cm:4205826,heart_count,1123.0,"{""brand_eng"": ""108POUND"", ""brand_kor"": ""108파운드"", ""brand_no"": 86198, ""category1"": ""여성의류"", ""category2"": ""상의"", ""category3"": ""반소매 티셔츠"", ""category3_code"": 268103101, ""is_new"": false, ""item_no"": 4205826, ""period_sort"": ""ONE_DAY"", ""platform"": ""29cm"", ""ranking_category_code"": ""268103100"", ""ranking_category_name"": ""여성의류>상의"", ""review_avg"": 5.0, ""sale_percent"": 24, ""sale_price"": 48960, ""sold_out"": false, ""url"": ""https://product.29cm.co.kr/catalog/4205826""}",2026-10-03T13:00:06+00:00_f8e2270a
2026-10-03T22:00:06+09:00,2026-10-03T13:00:06+00:00,commerce_rank,Henley 3/4 Sleeve Tee_Stripe Blue,29cm:4205826,review_count,1.0,"{""brand_eng"": ""108POUND"", ""brand_kor"": ""108파운드"", ""brand_no"": 86198, ""category1"": ""여성의류"", ""category2"": ""상의"", ""category3"": ""반소매 티셔츠"", ""category3_code"": 268103101, ""is_new"": false, ""item_no"": 4205826, ""period_sort"": ""ONE_DAY"", ""platform"": ""29cm"", ""ranking_category_code"": ""268103100"", ""ranking_category_name"": ""여성의류>상의"", ""review_avg"": 5.0, ""sale_percent"": 24, ""sale_price"": 48960, ""sold_out"": false, ""url"": ""https://product.29cm.co.kr/catalog/4205826""}",2026-10-03T13:00:06+00:00_f8e2270a
2026-10-03T22:00:06+09:00,2026-10-03T13:00:06+00:00,commerce_rank,Henley 3/4 Sleeve Tee_Stripe Blue,29cm:4205826@268103100,rank,71.0,"{""brand_eng"": ""108POUND"", ""brand_kor"": ""108파운드"", ""brand_no"": 86198, ""category1"": ""여성의류"", ""category2"": ""상의"", ""category3"": ""반소매 티셔츠"", ""category3_code"": 268103101, ""is_new"": false, ""item_no"": 4205826, ""period_sort"": ""ONE_DAY"", ""platform"": ""29cm"", ""ranking_category_code"": ""268103100"", ""ranking_category_name"": ""여성의류>상의"", ""review_avg"": 5.0, ""sale_percent"": 24, ""sale_price"": 48960, ""sold_out"": false, ""url"": ""https://product.29cm.co.kr/catalog/4205826""}",2026-10-03T13:00:06+00:00_f8e2270a
2026-10-03T22:00:06+09:00,2026-10-03T13:00:06+00:00,commerce_rank,Henley 3/4 Sleeve Tee_Stripe Gray,29cm:4205827,heart_count,1375.0,"{""brand_eng"": ""108POUND"", ""brand_kor"": ""108파운드"", ""brand_no"": 86198, ""category1"": ""여성의류"", ""category2"": ""상의"", ""category3"": ""반소매 티셔츠"", ""category3_code"": 268103101, ""is_new"": false, ""item_no"": 4205827, ""period_sort"": ""ONE_DAY"", ""platform"": ""29cm"", ""ranking_category_code"": ""268103100"", ""ranking_category_name"": ""여성의류>상의"", ""review_avg"": 5.0, ""sale_percent"": 24, ""sale_price"": 48960, ""sold_out"": false, ""url"": ""https://product.29cm.co.kr/catalog/4205827""}",2026-10-03T13:00:06+00:00_f8e2270a
2026-10-03T22:00:06+09:00,2026-10-03T13:00:06+00:00,commerce_rank,Henley 3/4 Sleeve Tee_Stripe Gray,29cm:4205827,review_count,1.0,"{""brand_eng"": ""108POUND"", ""brand_kor"": ""108파운드"", ""brand_no"": 86198, ""category1"": ""여성의류"", ""category2"": ""상의"", ""category3"": ""반소매 티셔츠"", ""category3_code"": 268103101, ""is_new"": false, ""item_no"": 4205827, ""period_sort"": ""ONE_DAY"", ""platform"": ""29cm"", ""ranking_category_code"": ""268103100"", ""ranking_category_name"": ""여성의류>상의"", ""review_avg"": 5.0, ""sale_percent"": 24, ""sale_price"": 48960, ""sold_out"": false, ""url"": ""https://product.29cm.co.kr/catalog/4205827""}",2026-10-03T13:00:06+00:00_f8e2270a
2026-10-03T22:00:06+09:00,2026-10-03T13:00:06+00:00,commerce_rank,Henley 3/4 Sleeve Tee_Stripe Gray,29cm:4205827@268103100,rank,31.0,"{""brand_eng"": ""108POUND"", ""brand_kor"": ""108파운드"", ""brand_no"": 86198, ""category1"": ""여성의류"", ""category2"": ""상의"", ""category3"": ""반소매 티셔츠"", ""category3_code"": 268103101, ""is_new"": false, ""item_no"": 4205827, ""period_sort"": ""ONE_DAY"", ""platform"": ""29cm"", ""ranking_category_code"": ""268103100"", ""ranking_category_name"": ""여성의류>상의"", ""review_avg"": 5.0, ""sale_percent"": 24, ""sale_price"": 48960, ""sold_out"": false, ""url"": ""https://product.29cm.co.kr/catalog/4205827""}",2026-10-03T13:00:06+00:00_f8e2270a
2026-10-03T22:00:06+09:00,2026-10-03T13:00:08+00:00,commerce_rank,Gingham Check Short Collar Shirts Black,29cm:4209613,heart_count,7.0,"{""brand_eng"": ""partimento"", ""brand_kor"": ""파르티멘토"", ""brand_no"": 1588, ""category1"": ""남성의류"", ""category2"": ""상의"", ""category3"": ""긴소매 셔츠"", ""category3_code"": 272103106, ""is_new"": false, ""item_no"": 4209613, ""period_sort"": ""ONE_DAY"", ""platform"": ""29cm"", ""ranking_category_code"": ""272103100"", ""ranking_category_name"": ""남성의류>상의"", ""review_avg"": 0.0, ""sale_percent"": 28, ""sale_price"": 62910, ""sold_out"": false, ""url"": ""https://product.29cm.co.kr/catalog/4209613""}",2026-10-03T13:00:06+00:00_f8e2270a
2026-10-03T22:00:06+09:00,2026-10-03T13:00:08+00:00,commerce_rank,Gingham Check Short Collar Shirts Black,29cm:4209613,review_count,0.0,"{""brand_eng"": ""partimento"", ""brand_kor"": ""파르티멘토"", ""brand_no"": 1588, ""category1"": ""남성의류"", ""category2"": ""상의"", ""category3"": ""긴소매 셔츠"", ""category3_code"": 272103106, ""is_new"": false, ""item_no"": 4209613, ""period_sort"": ""ONE_DAY"", ""platform"": ""29cm"", ""ranking_category_code"": ""272103100"", ""ranking_category_name"": ""남성의류>상의"", ""review_avg"": 0.0, ""sale_percent"": 28, ""sale_price"": 62910, ""sold_out"": false, ""url"": ""https://product.29cm.co.kr/catalog/4209613""}",2026-10-03T13:00:06+00:00_f8e2270a
2026-10-03T22:00:06+09:00,2026-10-03T13:00:08+00:00,commerce_rank,Gingham Check Short Collar Shirts Black,29cm:4209613@272103100,rank,98.0,"{""brand_eng"": ""partimento"", ""brand_kor"": ""파르티멘토"", ""brand_no"": 1588, ""category1"": ""남성의류"", ""category2"": ""상의"", ""category3"": ""긴소매 셔츠"", ""category3_code"": 272103106, ""is_new"": false, ""item_no"": 4209613, ""period_sort"": ""ONE_DAY"", ""platform"": ""29cm"", ""ranking_category_code"": ""272103100"", ""ranking_category_name"": ""남성의류>상의"", ""review_avg"": 0.0, ""sale_percent"": 28, ""sale_price"": 62910, ""sold_out"": false, ""url"": ""https://product.29cm.co.kr/catalog/4209613""}",2026-10-03T13:00:06+00:00_f8e2270a
2026-10-03T22:00:06+09:00,2026-10-03T13:00:08+00:00,commerce_rank,Dyed Glitch Shirt Blue Gray,29cm:4215234,heart_count,36.0,"{""brand_eng"": ""GONAK"", ""brand_kor"": ""고낙"", ""brand_no"": 85996, ""category1"": ""남성의류"", ""category2"": ""상의"", ""category3"": ""긴소매 셔츠"", ""category3_code"": 272103106, ""is_new"": false, ""item_no"": 4215234, ""period_sort"": ""ONE_DAY"", ""platform"": ""29cm"", ""ranking_category_code"": ""272103100"", ""ranking_category_name"": ""남성의류>상의"", ""review_avg"": 0.0, ""sale_percent"": 0, ""sale_price"": 138000, ""sold_out"": false, ""url"": ""https://product.29cm.co.kr/catalog/4215234""}",2026-10-03T13:00:06+00:00_f8e2270a
2026-10-03T22:00:06+09:00,2026-10-03T13:00:08+00:00,commerce_rank,Dyed Glitch Shirt Blue Gray,29cm:4215234,review_count,0.0,"{""brand_eng"": ""GONAK"", ""brand_kor"": ""고낙"", ""brand_no"": 85996, ""category1"": ""남성의류"", ""category2"": ""상의"", ""category3"": ""긴소매 셔츠"", ""category3_code"": 272103106, ""is_new"": false, ""item_no"": 4215234, ""period_sort"": ""ONE_DAY"", ""platform"": ""29cm"", ""ranking_category_code"": ""272103100"", ""ranking_category_name"": ""남성의류>상의"", ""review_avg"": 0.0, ""sale_percent"": 0, ""sale_price"": 138000, ""sold_out"": false, ""url"": ""https://product.29cm.co.kr/catalog/4215234""}",2026-10-03T13:00:06+00:00_f8e2270a
2026-10-03T22:00:06+09:00,2026-10-03T13:00:08+00:00,commerce_rank,Dyed Glitch Shirt Blue Gray,29cm:4215234@272103100,rank,80.0,"{""brand_eng"": ""GONAK"", ""brand_kor"": ""고낙"", ""brand_no"": 85996, ""category1"": ""남성의류"", ""category2"": ""상의"", ""category3"": ""긴소매 셔츠"", ""category3_code"": 272103106, ""is_new"": false, ""item_no"": 4215234, ""period_sort"": ""ONE_DAY"", ""platform"": ""29cm"", ""ranking_category_code"": ""272103100"", ""ranking_category_name"": ""남성의류>상의"", ""review_avg"": 0.0, ""sale_percent"": 0, ""sale_price"": 138000, ""sold_out"": false, ""url"": ""https://product.29cm.co.kr/catalog/4215234""}",2026-10-03T13:00:06+00:00_f8e2270a
2026-10-03T22:00:06+09:00,2026-10-03T13:00:06+00:00,commerce_rank,[3rd] Kid pocket henry tee - beige,29cm:4219801,heart_count,649.0,"{""brand_eng"": ""FOETO"", ""brand_kor"": ""포에토"", ""brand_no"": 53520, ""category1"": ""여성의류"", ""category2"": ""상의"", ""category3"": ""반소매 티셔츠"", ""category3_code"": 268103101, ""is_new"": true, ""item_no"": 4219801, ""period_sort"": ""ONE_DAY"", ""platform"": ""29cm"", ""ranking_category_code"": ""268103100"", ""ranking_category_name"": ""여성의류>상의"", ""review_avg"": 5.0, ""sale_percent"": 19, ""sale_price"": 65610, ""sold_out"": false, ""url"": ""https://product.29cm.co.kr/catalog/4219801""}",2026-10-03T13:00:06+00:00_f8e2270a
2026-10-03T22:00:06+09:00,2026-10-03T13:00:06+00:00,commerce_rank,[3rd] Kid pocket henry tee - beige,29cm:4219801,review_count,1.0,"{""brand_eng"": ""FOETO"", ""brand_kor"": ""포에토"", ""brand_no"": 53520, ""category1"": ""여성의류"", ""category2"": ""상의"", ""category3"": ""반소매 티셔츠"", ""category3_code"": 268103101, ""is_new"": true, ""item_no"": 4219801, ""period_sort"": ""ONE_DAY"", ""platform"": ""29cm"", ""ranking_category_code"": ""268103100"", ""ranking_category_name"": ""여성의류>상의"", ""review_avg"": 5.0, ""sale_percent"": 19, ""sale_price"": 65610, ""sold_out"": false, ""url"": ""https://product.29cm.co.kr/catalog/4219801""}",2026-10-03T13:00:06+00:00_f8e2270a
2026-10-03T22:00:06+09:00,2026-10-03T13:00:06+00:00,commerce_rank,[3rd] Kid pocket henry tee - beige,29cm:4219801@268103100,rank,74.0,"{""brand_eng"": ""FOETO"", ""brand_kor"": ""포에토"", ""brand_no"": 53520, ""category1"": ""여성의류"", ""category2"": ""상의"", ""category3"": ""반소매 티셔츠"", ""category3_code"": 268103101, ""is_new"": true, ""item_no"": 4219801, ""period_sort"": ""ONE_DAY"", ""platform"": ""29cm"", ""ranking_category_code"": ""268103100"", ""ranking_category_name"": ""여성의류>상의"", ""review_avg"": 5.0, ""sale_percent"": 19, ""sale_price"": 65610, ""sold_out"": false, ""url"": ""https://product.29cm.co.kr/catalog/4219801""}",2026-10-03T13:00:06+00:00_f8e2270a
2026-10-03T22:00:06+09:00,2026-10-03T13:00:06+00:00,commerce_rank,[5th] Kid pocket henry tee - charcoal,29cm:4219804,heart_count,905.0,"{""brand_eng"": ""FOETO"", ""brand_kor"": ""포에토"", ""brand_no"": 53520, ""category1"": ""여성의류"", ""category2"": ""상의"", ""category3"": ""반소매 티셔츠"", ""category3_code"": 268103101, ""is_new"": true, ""item_no"": 4219804, ""period_sort"": ""ONE_DAY"", ""platform"": ""29cm"", ""ranking_category_code"": ""268103100"", ""ranking_category_name"": ""여성의류>상의"", ""review_avg"": 0.0, ""sale_percent"": 19, ""sale_price"": 65610, ""sold_out"": false, ""url"": ""https://product.29cm.co.kr/catalog/4219804""}",2026-10-03T13:00:06+00:00_f8e2270a
2026-10-03T22:00:06+09:00,2026-10-03T13:00:06+00:00,commerce_rank,[5th] Kid pocket henry tee - charcoal,29cm:4219804,review_count,0.0,"{""brand_eng"": ""FOETO"", ""brand_kor"": ""포에토"", ""brand_no"": 53520, ""category1"": ""여성의류"", ""category2"": ""상의"", ""category3"": ""반소매 티셔츠"", ""category3_code"": 268103101, ""is_new"": true, ""item_no"": 4219804, ""period_sort"": ""ONE_DAY"", ""platform"": ""29cm"", ""ranking_category_code"": ""268103100"", ""ranking_category_name"": ""여성의류>상의"", ""review_avg"": 0.0, ""sale_percent"": 19, ""sale_price"": 65610, ""sold_out"": false, ""url"": ""https://product.29cm.co.kr/catalog/4219804""}",2026-10-03T13:00:06+00:00_f8e2270a
2026-10-03T22:00:06+09:00,2026-10-03T13:00:06+00:00,commerce_rank,[5th] Kid pocket henry tee - charcoal,29cm:4219804@268103100,rank,45.0,"{""brand_eng"": ""FOETO"", ""brand_kor"": ""포에토"", ""brand_no"": 53520, ""category1"": ""여성의류"", ""category2"": ""상의"", ""category3"": ""반소매 티셔츠"", ""category3_code"": 268103101, ""is_new"": true, ""item_no"": 4219804, ""period_sort"": ""ONE_DAY"", ""platform"": ""29cm"", ""ranking_category_code"": ""268103100"", ""ranking_category_name"": ""여성의류>상의"", ""review_avg"": 0.0, ""sale_percent"": 19, ""sale_price"": 65610, ""sold_out"": false, ""url"": ""https://product.29cm.co.kr/catalog/4219804""}",2026-10-03T13:00:06+00:00_f8e2270a
2026-10-03T22:00:06+09:00,2026-10-03T13:00:06+00:00,commerce_rank,오디세이 VTG 롱슬리브 (차콜),29cm:4225704,heart_count,2934.0,"{""brand_eng"": ""FINDOUBT"", ""brand_kor"": ""핀다웃"", ""brand_no"": 81719, ""category1"": ""여성의류"", ""category2"": ""상의"", ""category3"": ""긴소매 티셔츠"", ""category3_code"": 268103102, ""is_new"": false, ""item_no"": 4225704, ""period_sort"": ""ONE_DAY"", ""platform"": ""29cm"", ""ranking_category_code"": ""268103100"", ""ranking_category_name"": ""여성의류>상의"", ""review_avg"": 5.0, ""sale_percent"": 0, ""sale_price"": 92000, ""sold_out"": false, ""url"": ""https://product.29cm.co.kr/catalog/4225704""}",2026-10-03T13:00:06+00:00_f8e2270a
2026-10-03T22:00:06+09:00,2026-10-03T13:00:06+00:00,commerce_rank,오디세이 VTG 롱슬리브 (차콜),29cm:4225704,review_count,1.0,"{""brand_eng"": ""FINDOUBT"", ""brand_kor"": ""핀다웃"", ""brand_no"": 81719, ""category1"": ""여성의류"", ""category2"": ""상의"", ""category3"": ""긴소매 티셔츠"", ""category3_code"": 268103102, ""is_new"": false, ""item_no"": 4225704, ""period_sort"": ""ONE_DAY"", ""platform"": ""29cm"", ""ranking_category_code"": ""268103100"", ""ranking_category_name"": ""여성의류>상의"", ""review_avg"": 5.0, ""sale_percent"": 0, ""sale_price"": 92000, ""sold_out"": false, ""url"": ""https://product.29cm.co.kr/catalog/4225704""}",2026-10-03T13:00:06+00:00_f8e2270a
2026-10-03T22:00:06+09:00,2026-10-03T13:00:06+00:00,commerce_rank,오디세이 VTG 롱슬리브 (차콜),29cm:4225704@268103100,rank,92.0,"{""brand_eng"": ""FINDOUBT"", ""brand_kor"": ""핀다웃"", ""brand_no"": 81719, ""category1"": ""여성의류"", ""category2"": ""상의"", ""category3"": ""긴소매 티셔츠"", ""category3_code"": 268103102, ""is_new"": false, ""item_no"": 4225704, ""period_sort"": ""ONE_DAY"", ""platform"": ""29cm"", ""ranking_category_code"": ""268103100"", ""ranking_category_name"": ""여성의류>상의"", ""review_avg"": 5.0, ""sale_percent"": 0, ""sale_price"": 92000, ""sold_out"": false, ""url"": ""https://product.29cm.co.kr/catalog/4225704""}",2026-10-03T13:00:06+00:00_f8e2270a
2026-10-03T22:00:06+09:00,2026-10-03T13:00:08+00:00,commerce_rank,슬럽 컷 오프 롱슬리브_4Color,29cm:4232628,heart_count,50.0,"{""brand_eng"": ""MOODINSIDE"", ""brand_kor"": ""무드인사이드"", ""brand_no"": 98995, ""category1"": ""남성의류"", ""category2"": ""상의"", ""category3"": ""긴소매 티셔츠"", ""category3_code"": 272103102, ""is_new"": false, ""item_no"": 4232628, ""period_sort"": ""ONE_DAY"", ""platform"": ""29cm"", ""ranking_category_code"": ""272103100"", ""ranking_category_name"": ""남성의류>상의"", ""review_avg"": 0.0, ""sale_percent"": 50, ""sale_price"": 29900, ""sold_out"": false, ""url"": ""https://product.29cm.co.kr/catalog/4232628""}",2026-10-03T13:00:06+00:00_f8e2270a
2026-10-03T22:00:06+09:00,2026-10-03T13:00:08+00:00,commerce_rank,슬럽 컷 오프 롱슬리브_4Color,29cm:4232628,review_count,0.0,"{""brand_eng"": ""MOODINSIDE"", ""brand_kor"": ""무드인사이드"", ""brand_no"": 98995, ""category1"": ""남성의류"", ""category2"": ""상의"", ""category3"": ""긴소매 티셔츠"", ""category3_code"": 272103102, ""is_new"": false, ""item_no"": 4232628, ""period_sort"": ""ONE_DAY"", ""platform"": ""29cm"", ""ranking_category_code"": ""272103100"", ""ranking_category_name"": ""남성의류>상의"", ""review_avg"": 0.0, ""sale_percent"": 50, ""sale_price"": 29900, ""sold_out"": false, ""url"": ""https://product.29cm.co.kr/catalog/4232628""}",2026-10-03T13:00:06+00:00_f8e2270a
2026-10-03T22:00:06+09:00,2026-10-03T13:00:08+00:00,commerce_rank,슬럽 컷 오프 롱슬리브_4Color,29cm:4232628@272103100,rank,3.0,"{""brand_eng"": ""MOODINSIDE"", ""brand_kor"": ""무드인사이드"", ""brand_no"": 98995, ""category1"": ""남성의류"", ""category2"": ""상의"", ""category3"": ""긴소매 티셔츠"", ""category3_code"": 272103102, ""is_new"": false, ""item_no"": 4232628, ""period_sort"": ""ONE_DAY"", ""platform"": ""29cm"", ""ranking_category_code"": ""272103100"", ""ranking_category_name"": ""남성의류>상의"", ""review_avg"": 0.0, ""sale_percent"": 50, ""sale_price"": 29900, ""sold_out"": false, ""url"": ""https://product.29cm.co.kr/catalog/4232628""}",2026-10-03T13:00:06+00:00_f8e2270a
2026-10-03T22:00:06+09:00,2026-10-03T13:00:08+00:00,commerce_rank,써멀 크루넥 롱 슬리브 티셔츠 블랙,29cm:4238715,heart_count,9.0,"{""brand_eng"": ""HANES"", ""brand_kor"": ""헤인즈"", ""brand_no"": 111528, ""category1"": ""여성의류"", ""category2"": ""상의"", ""category3"": ""긴소매 티셔츠"", ""category3_code"": 268103102, ""is_new"": false, ""item_no"": 4238715, ""period_sort"": ""ONE_DAY"", ""platform"": ""29cm"", ""ranking_category_code"": ""272103100"", ""ranking_category_name"": ""남성의류>상의"", ""review_avg"": 0.0, ""sale_percent"": 15, ""sale_price"": 23720, ""sold_out"": false, ""url"": ""https://product.29cm.co.kr/catalog/4238715""}",2026-10-03T13:00:06+00:00_f8e2270a
2026-10-03T22:00:06+09:00,2026-10-03T13:00:08+00:00,commerce_rank,써멀 크루넥 롱 슬리브 티셔츠 블랙,29cm:4238715,review_count,0.0,"{""brand_eng"": ""HANES"", ""brand_kor"": ""헤인즈"", ""brand_no"": 111528, ""category1"": ""여성의류"", ""category2"": ""상의"", ""category3"": ""긴소매 티셔츠"", ""category3_code"": 268103102, ""is_new"": false, ""item_no"": 4238715, ""period_sort"": ""ONE_DAY"", ""platform"": ""29cm"", ""ranking_category_code"": ""272103100"", ""ranking_category_name"": ""남성의류>상의"", ""review_avg"": 0.0, ""sale_percent"": 15, ""sale_price"": 23720, ""sold_out"": false, ""url"": ""https://product.29cm.co.kr/catalog/4238715""}",2026-10-03T13:00:06+00:00_f8e2270a
2026-10-03T22:00:06+09:00,2026-10-03T13:00:08+00:00,commerce_rank,써멀 크루넥 롱 슬리브 티셔츠 블랙,29cm:4238715@272103100,rank,55.0,"{""brand_eng"": ""HANES"", ""brand_kor"": ""헤인즈"", ""brand_no"": 111528, ""category1"": ""여성의류"", ""category2"": ""상의"", ""category3"": ""긴소매 티셔츠"", ""category3_code"": 268103102, ""is_new"": false, ""item_no"": 4238715, ""period_sort"": ""ONE_DAY"", ""platform"": ""29cm"", ""ranking_category_code"": ""272103100"", ""ranking_category_name"": ""남성의류>상의"", ""review_avg"": 0.0, ""sale_percent"": 15, ""sale_price"": 23720, ""sold_out"": false, ""url"": ""https://product.29cm.co.kr/catalog/4238715""}",2026-10-03T13:00:06+00:00_f8e2270a
2026-10-03T22:00:06+09:00,2026-10-03T13:00:08+00:00,commerce_rank,써멀 크루넥 롱 슬리브 티셔츠 헤더 그레이,29cm:4238716,heart_count,6.0,"{""brand_eng"": ""HANES"", ""brand_kor"": ""헤인즈"", ""brand_no"": 111528, ""category1"": ""여성의류"", ""category2"": ""상의"", ""category3"": ""긴소매 티셔츠"", ""category3_code"": 268103102, ""is_new"": false, ""item_no"": 4238716, ""period_sort"": ""ONE_DAY"", ""platform"": ""29cm"", ""ranking_category_code"": ""272103100"", ""ranking_category_name"": ""남성의류>상의"", ""review_avg"": 0.0, ""sale_percent"": 15, ""sale_price"": 23720, ""sold_out"": false, ""url"": ""https://product.29cm.co.kr/catalog/4238716""}",2026-10-03T13:00:06+00:00_f8e2270a
2026-10-03T22:00:06+09:00,2026-10-03T13:00:08+00:00,commerce_rank,써멀 크루넥 롱 슬리브 티셔츠 헤더 그레이,29cm:4238716,review_count,0.0,"{""brand_eng"": ""HANES"", ""brand_kor"": ""헤인즈"", ""brand_no"": 111528, ""category1"": ""여성의류"", ""category2"": ""상의"", ""category3"": ""긴소매 티셔츠"", ""category3_code"": 268103102, ""is_new"": false, ""item_no"": 4238716, ""period_sort"": ""ONE_DAY"", ""platform"": ""29cm"", ""ranking_category_code"": ""272103100"", ""ranking_category_name"": ""남성의류>상의"", ""review_avg"": 0.0, ""sale_percent"": 15, ""sale_price"": 23720, ""sold_out"": false, ""url"": ""https://product.29cm.co.kr/catalog/4238716""}",2026-10-03T13:00:06+00:00_f8e2270a
2026-10-03T22:00:06+09:00,2026-10-03T13:00:08+00:00,commerce_rank,써멀 크루넥 롱 슬리브 티셔츠 헤더 그레이,29cm:4238716@272103100,rank,74.0,"{""brand_eng"": ""HANES"", ""brand_kor"": ""헤인즈"", ""brand_no"": 111528, ""category1"": ""여성의류"", ""category2"": ""상의"", ""category3"": ""긴소매 티셔츠"", ""category3_code"": 268103102, ""is_new"": false, ""item_no"": 4238716, ""period_sort"": ""ONE_DAY"", ""platform"": ""29cm"", ""ranking_category_code"": ""272103100"", ""ranking_category_name"": ""남성의류>상의"", ""review_avg"": 0.0, ""sale_percent"": 15, ""sale_price"": 23720, ""sold_out"": false, ""url"": ""https://product.29cm.co.kr/catalog/4238716""}",2026-10-03T13:00:06+00:00_f8e2270a
2026-10-03T22:00:06+09:00,2026-10-03T13:00:08+00:00,commerce_rank,WOOL STRIPE HOODY (Black),29cm:4241550,heart_count,3.0,"{""brand_eng"": ""CAYL"", ""brand_kor"": ""케일"", ""brand_no"": 8928, ""category1"": ""남성의류"", ""category2"": ""상의"", ""category3"": ""후디"", ""category3_code"": 272103108, ""is_new"": true, ""item_no"": 4241550, ""period_sort"": ""ONE_DAY"", ""platform"": ""29cm"", ""ranking_category_code"": ""272103100"", ""ranking_category_name"": ""남성의류>상의"", ""review_avg"": 0.0, ""sale_percent"": 0, ""sale_price"": 158000, ""sold_out"": false, ""url"": ""https://product.29cm.co.kr/catalog/4241550""}",2026-10-03T13:00:06+00:00_f8e2270a
2026-10-03T22:00:06+09:00,2026-10-03T13:00:08+00:00,commerce_rank,WOOL STRIPE HOODY (Black),29cm:4241550,review_count,0.0,"{""brand_eng"": ""CAYL"", ""brand_kor"": ""케일"", ""brand_no"": 8928, ""category1"": ""남성의류"", ""category2"": ""상의"", ""category3"": ""후디"", ""category3_code"": 272103108, ""is_new"": true, ""item_no"": 4241550, ""period_sort"": ""ONE_DAY"", ""platform"": ""29cm"", ""ranking_category_code"": ""272103100"", ""ranking_category_name"": ""남성의류>상의"", ""review_avg"": 0.0, ""sale_percent"": 0, ""sale_price"": 158000, ""sold_out"": false, ""url"": ""https://product.29cm.co.kr/catalog/4241550""}",2026-10-03T13:00:06+00:00_f8e2270a
2026-10-03T22:00:06+09:00,2026-10-03T13:00:08+00:00,commerce_rank,WOOL STRIPE HOODY (Black),29cm:4241550@272103100,rank,68.0,"{""brand_eng"": ""CAYL"", ""brand_kor"": ""케일"", ""brand_no"": 8928, ""category1"": ""남성의류"", ""category2"": ""상의"", ""category3"": ""후디"", ""category3_code"": 272103108, ""is_new"": true, ""item_no"": 4241550, ""period_sort"": ""ONE_DAY"", ""platform"": ""29cm"", ""ranking_category_code"": ""272103100"", ""ranking_category_name"": ""남성의류>상의"", ""review_avg"": 0.0, ""sale_percent"": 0, ""sale_price"": 158000, ""sold_out"": false, ""url"": ""https://product.29cm.co.kr/catalog/4241550""}",2026-10-03T13:00:06+00:00_f8e2270a
2026-10-03T22:00:06+09:00,2026-10-03T13:00:08+00:00,commerce_rank,LIGHT POWER GRID LONG SLEEVE (Black),29cm:4241552,heart_count,7.0,"{""brand_eng"": ""CAYL"", ""brand_kor"": ""케일"", ""brand_no"": 8928, ""category1"": ""여성의류"", ""category2"": ""상의"", ""category3"": ""긴소매 티셔츠"", ""category3_code"": 268103102, ""is_new"": true, ""item_no"": 4241552, ""period_sort"": ""ONE_DAY"", ""platform"": ""29cm"", ""ranking_category_code"": ""272103100"", ""ranking_category_name"": ""남성의류>상의"", ""review_avg"": 5.0, ""sale_percent"": 0, ""sale_price"": 92000, ""sold_out"": false, ""url"": ""https://product.29cm.co.kr/catalog/4241552""}",2026-10-03T13:00:06+00:00_f8e2270a
2026-10-03T22:00:06+09:00,2026-10-03T13:00:08+00:00,commerce_rank,LIGHT POWER GRID LONG SLEEVE (Black),29cm:4241552,review_count,1.0,"{""brand_eng"": ""CAYL"", ""brand_kor"": ""케일"", ""brand_no"": 8928, ""category1"": ""여성의류"", ""category2"": ""상의"", ""category3"": ""긴소매 티셔츠"", ""category3_code"": 268103102, ""is_new"": true, ""item_no"": 4241552, ""period_sort"": ""ONE_DAY"", ""platform"": ""29cm"", ""ranking_category_code"": ""272103100"", ""ranking_category_name"": ""남성의류>상의"", ""review_avg"": 5.0, ""sale_percent"": 0, ""sale_price"": 92000, ""sold_out"": false, ""url"": ""https://product.29cm.co.kr/catalog/4241552""}",2026-10-03T13:00:06+00:00_f8e2270a
2026-10-03T22:00:06+09:00,2026-10-03T13:00:08+00:00,commerce_rank,LIGHT POWER GRID LONG SLEEVE (Black),29cm:4241552@272103100,rank,57.0,"{""brand_eng"": ""CAYL"", ""brand_kor"": ""케일"", ""brand_no"": 8928, ""category1"": ""여성의류"", ""category2"": ""상의"", ""category3"": ""긴소매 티셔츠"", ""category3_code"": 268103102, ""is_new"": true, ""item_no"": 4241552, ""period_sort"": ""ONE_DAY"", ""platform"": ""29cm"", ""ranking_category_code"": ""272103100"", ""ranking_category_name"": ""남성의류>상의"", ""review_avg"": 5.0, ""sale_percent"": 0, ""sale_price"": 92000, ""sold_out"": false, ""url"": ""https://product.29cm.co.kr/catalog/4241552""}",2026-10-03T13:00:06+00:00_f8e2270a
2026-10-03T22:00:06+09:00,2026-10-03T13:00:08+00:00,commerce_rank,엔비엘 하프 로고 롱슬리브 (네이비),29cm:4257048,heart_count,0.0,"{""brand_eng"": ""Tailor Studio"", ""brand_kor"": ""테일러스튜디오"", ""brand_no"": 8361, ""category1"": ""여성의류"", ""category2"": ""상의"", ""category3"": ""긴소매 티셔츠"", ""category3_code"": 268103102, ""is_new"": false, ""item_no"": 4257048, ""period_sort"": ""ONE_DAY"", ""platform"": ""29cm"", ""ranking_category_code"": ""272103100"", ""ranking_category_name"": ""남성의류>상의"", ""review_avg"": 0.0, ""sale_percent"": 37, ""sale_price"": 26460, ""sold_out"": false, ""url"": ""https://product.29cm.co.kr/catalog/4257048""}",2026-10-03T13:00:06+00:00_f8e2270a
2026-10-03T22:00:06+09:00,2026-10-03T13:00:08+00:00,commerce_rank,엔비엘 하프 로고 롱슬리브 (네이비),29cm:4257048,review_count,0.0,"{""brand_eng"": ""Tailor Studio"", ""brand_kor"": ""테일러스튜디오"", ""brand_no"": 8361, ""category1"": ""여성의류"", ""category2"": ""상의"", ""category3"": ""긴소매 티셔츠"", ""category3_code"": 268103102, ""is_new"": false, ""item_no"": 4257048, ""period_sort"": ""ONE_DAY"", ""platform"": ""29cm"", ""ranking_category_code"": ""272103100"", ""ranking_category_name"": ""남성의류>상의"", ""review_avg"": 0.0, ""sale_percent"": 37, ""sale_price"": 26460, ""sold_out"": false, ""url"": ""https://product.29cm.co.kr/catalog/4257048""}",2026-10-03T13:00:06+00:00_f8e2270a
2026-10-03T22:00:06+09:00,2026-10-03T13:00:08+00:00,commerce_rank,엔비엘 하프 로고 롱슬리브 (네이비),29cm:4257048@272103100,rank,76.0,"{""brand_eng"": ""Tailor Studio"", ""brand_kor"": ""테일러스튜디오"", ""brand_no"": 8361, ""category1"": ""여성의류"", ""category2"": ""상의"", ""category3"": ""긴소매 티셔츠"", ""category3_code"": 268103102, ""is_new"": false, ""item_no"": 4257048, ""period_sort"": ""ONE_DAY"", ""platform"": ""29cm"", ""ranking_category_code"": ""272103100"", ""ranking_category_name"": ""남성의류>상의"", ""review_avg"": 0.0, ""sale_percent"": 37, ""sale_price"": 26460, ""sold_out"": false, ""url"": ""https://product.29cm.co.kr/catalog/4257048""}",2026-10-03T13:00:06+00:00_f8e2270a
2026-10-03T22:00:06+09:00,2026-10-03T13:00:06+00:00,commerce_rank,[29CM 단독][곰송이 착용] flo striped t-shirt (3color),29cm:4264503,heart_count,138.0,"{""brand_eng"": ""MONOCHROME"", ""brand_kor"": ""모노크롬"", ""brand_no"": 9567, ""category1"": ""여성의류"", ""category2"": ""상의"", ""category3"": ""긴소매 티셔츠"", ""category3_code"": 268103102, ""is_new"": true, ""item_no"": 4264503, ""period_sort"": ""ONE_DAY"", ""platform"": ""29cm"", ""ranking_category_code"": ""268103100"", ""ranking_category_name"": ""여성의류>상의"", ""review_avg"": 0.0, ""sale_percent"": 36, ""sale_price"": 82560, ""sold_out"": false, ""url"": ""https://product.29cm.co.kr/catalog/4264503""}",2026-10-03T13:00:06+00:00_f8e2270a
2026-10-03T22:00:06+09:00,2026-10-03T13:00:06+00:00,commerce_rank,[29CM 단독][곰송이 착용] flo striped t-shirt (3color),29cm:4264503,review_count,0.0,"{""brand_eng"": ""MONOCHROME"", ""brand_kor"": ""모노크롬"", ""brand_no"": 9567, ""category1"": ""여성의류"", ""category2"": ""상의"", ""category3"": ""긴소매 티셔츠"", ""category3_code"": 268103102, ""is_new"": true, ""item_no"": 4264503, ""period_sort"": ""ONE_DAY"", ""platform"": ""29cm"", ""ranking_category_code"": ""268103100"", ""ranking_category_name"": ""여성의류>상의"", ""review_avg"": 0.0, ""sale_percent"": 36, ""sale_price"": 82560, ""sold_out"": false, ""url"": ""https://product.29cm.co.kr/catalog/4264503""}",2026-10-03T13:00:06+00:00_f8e2270a
2026-10-03T22:00:06+09:00,2026-10-03T13:00:06+00:00,commerce_rank,[29CM 단독][곰송이 착용] flo striped t-shirt (3color),29cm:4264503@268103100,rank,89.0,"{""brand_eng"": ""MONOCHROME"", ""brand_kor"": ""모노크롬"", ""brand_no"": 9567, ""category1"": ""여성의류"", ""category2"": ""상의"", ""category3"": ""긴소매 티셔츠"", ""category3_code"": 268103102, ""is_new"": true, ""item_no"": 4264503, ""period_sort"": ""ONE_DAY"", ""platform"": ""29cm"", ""ranking_category_code"": ""268103100"", ""ranking_category_name"": ""여성의류>상의"", ""review_avg"": 0.0, ""sale_percent"": 36, ""sale_price"": 82560, ""sold_out"": false, ""url"": ""https://product.29cm.co.kr/catalog/4264503""}",2026-10-03T13:00:06+00:00_f8e2270a
2026-10-03T22:00:06+09:00,2026-10-03T13:00:08+00:00,commerce_rank,Oversized Sweat Shirt (8color),29cm:642847,heart_count,6932.0,"{""brand_eng"": ""rough side"", ""brand_kor"": ""러프사이드"", ""brand_no"": 3821, ""category1"": ""남성의류"", ""category2"": ""상의"", ""category3"": ""스웨트셔츠"", ""category3_code"": 272103107, ""is_new"": false, ""item_no"": 642847, ""period_sort"": ""ONE_DAY"", ""platform"": ""29cm"", ""ranking_category_code"": ""272103100"", ""ranking_category_name"": ""남성의류>상의"", ""review_avg"": 5.0, ""sale_percent"": 0, ""sale_price"": 98000, ""sold_out"": false, ""url"": ""https://product.29cm.co.kr/catalog/642847""}",2026-10-03T13:00:06+00:00_f8e2270a
2026-10-03T22:00:06+09:00,2026-10-03T13:00:08+00:00,commerce_rank,Oversized Sweat Shirt (8color),29cm:642847,review_count,839.0,"{""brand_eng"": ""rough side"", ""brand_kor"": ""러프사이드"", ""brand_no"": 3821, ""category1"": ""남성의류"", ""category2"": ""상의"", ""category3"": ""스웨트셔츠"", ""category3_code"": 272103107, ""is_new"": false, ""item_no"": 642847, ""period_sort"": ""ONE_DAY"", ""platform"": ""29cm"", ""ranking_category_code"": ""272103100"", ""ranking_category_name"": ""남성의류>상의"", ""review_avg"": 5.0, ""sale_percent"": 0, ""sale_price"": 98000, ""sold_out"": false, ""url"": ""https://product.29cm.co.kr/catalog/642847""}",2026-10-03T13:00:06+00:00_f8e2270a
2026-10-03T22:00:06+09:00,2026-10-03T13:00:08+00:00,commerce_rank,Oversized Sweat Shirt (8color),29cm:642847@272103100,rank,24.0,"{""brand_eng"": ""rough side"", ""brand_kor"": ""러프사이드"", ""brand_no"": 3821, ""category1"": ""남성의류"", ""category2"": ""상의"", ""category3"": ""스웨트셔츠"", ""category3_code"": 272103107, ""is_new"": false, ""item_no"": 642847, ""period_sort"": ""ONE_DAY"", ""platform"": ""29cm"", ""ranking_category_code"": ""272103100"", ""ranking_category_name"": ""남성의류>상의"", ""review_avg"": 5.0, ""sale_percent"": 0, ""sale_price"": 98000, ""sold_out"": false, ""url"": ""https://product.29cm.co.kr/catalog/642847""}",2026-10-03T13:00:06+00:00_f8e2270a
2026-10-03T22:00:06+09:00,2026-10-03T13:00:08+00:00,commerce_rank,[패키지]레이어드 롱나시 1+1패키지 HJST2072,29cm:955595,heart_count,215.0,"{""brand_eng"": ""JEMUT"", ""brand_kor"": ""제멋"", ""brand_no"": 8844, ""category1"": ""남성의류"", ""category2"": ""상의"", ""category3"": ""슬리브리스"", ""category3_code"": 272103103, ""is_new"": false, ""item_no"": 955595, ""period_sort"": ""ONE_DAY"", ""platform"": ""29cm"", ""ranking_category_code"": ""272103100"", ""ranking_category_name"": ""남성의류>상의"", ""review_avg"": 4.5, ""sale_percent"": 40, ""sale_price"": 28800, ""sold_out"": false, ""url"": ""https://product.29cm.co.kr/catalog/955595""}",2026-10-03T13:00:06+00:00_f8e2270a
2026-10-03T22:00:06+09:00,2026-10-03T13:00:08+00:00,commerce_rank,[패키지]레이어드 롱나시 1+1패키지 HJST2072,29cm:955595,review_count,81.0,"{""brand_eng"": ""JEMUT"", ""brand_kor"": ""제멋"", ""brand_no"": 8844, ""category1"": ""남성의류"", ""category2"": ""상의"", ""category3"": ""슬리브리스"", ""category3_code"": 272103103, ""is_new"": false, ""item_no"": 955595, ""period_sort"": ""ONE_DAY"", ""platform"": ""29cm"", ""ranking_category_code"": ""272103100"", ""ranking_category_name"": ""남성의류>상의"", ""review_avg"": 4.5, ""sale_percent"": 40, ""sale_price"": 28800, ""sold_out"": false, ""url"": ""https://product.29cm.co.kr/catalog/955595""}",2026-10-03T13:00:06+00:00_f8e2270a
2026-10-03T22:00:06+09:00,2026-10-03T13:00:08+00:00,commerce_rank,[패키지]레이어드 롱나시 1+1패키지 HJST2072,29cm:955595@272103100,rank,47.0,"{""brand_eng"": ""JEMUT"", ""brand_kor"": ""제멋"", ""brand_no"": 8844, ""category1"": ""남성의류"", ""category2"": ""상의"", ""category3"": ""슬리브리스"", ""category3_code"": 272103103, ""is_new"": false, ""item_no"": 955595, ""period_sort"": ""ONE_DAY"", ""platform"": ""29cm"", ""ranking_category_code"": ""272103100"", ""ranking_category_name"": ""남성의류>상의"", ""review_avg"": 4.5, ""sale_percent"": 40, ""sale_price"": 28800, ""sold_out"": false, ""url"": ""https://product.29cm.co.kr/catalog/955595""}",2026-10-03T13:00:06+00:00_f8e2270a
2026-10-03T22:00:06+09:00,2026-10-03T13:00:08+00:00,commerce_rank,[스페셜오더] ONE POCKET T-SHIRT new ver. (12 COLORS),29cm:993892,heart_count,11800.0,"{""brand_eng"": ""EASTLOGUE PERMANENT"", ""brand_kor"": ""이스트로그 퍼머넌트"", ""brand_no"": 9323, ""category1"": ""여성의류"", ""category2"": ""상의"", ""category3"": ""반소매 티셔츠"", ""category3_code"": 268103101, ""is_new"": false, ""item_no"": 993892, ""period_sort"": ""ONE_DAY"", ""platform"": ""29cm"", ""ranking_category_code"": ""272103100"", ""ranking_category_name"": ""남성의류>상의"", ""review_avg"": 5.0, ""sale_percent"": 19, ""sale_price"": 38760, ""sold_out"": false, ""url"": ""https://product.29cm.co.kr/catalog/993892""}",2026-10-03T13:00:06+00:00_f8e2270a
2026-10-03T22:00:06+09:00,2026-10-03T13:00:08+00:00,commerce_rank,[스페셜오더] ONE POCKET T-SHIRT new ver. (12 COLORS),29cm:993892,review_count,2398.0,"{""brand_eng"": ""EASTLOGUE PERMANENT"", ""brand_kor"": ""이스트로그 퍼머넌트"", ""brand_no"": 9323, ""category1"": ""여성의류"", ""category2"": ""상의"", ""category3"": ""반소매 티셔츠"", ""category3_code"": 268103101, ""is_new"": false, ""item_no"": 993892, ""period_sort"": ""ONE_DAY"", ""platform"": ""29cm"", ""ranking_category_code"": ""272103100"", ""ranking_category_name"": ""남성의류>상의"", ""review_avg"": 5.0, ""sale_percent"": 19, ""sale_price"": 38760, ""sold_out"": false, ""url"": ""https://product.29cm.co.kr/catalog/993892""}",2026-10-03T13:00:06+00:00_f8e2270a
2026-10-03T22:00:06+09:00,2026-10-03T13:00:08+00:00,commerce_rank,[스페셜오더] ONE POCKET T-SHIRT new ver. (12 COLORS),29cm:993892@272103100,rank,40.0,"{""brand_eng"": ""EASTLOGUE PERMANENT"", ""brand_kor"": ""이스트로그 퍼머넌트"", ""brand_no"": 9323, ""category1"": ""여성의류"", ""category2"": ""상의"", ""category3"": ""반소매 티셔츠"", ""category3_code"": 268103101, ""is_new"": false, ""item_no"": 993892, ""period_sort"": ""ONE_DAY"", ""platform"": ""29cm"", ""ranking_category_code"": ""272103100"", ""ranking_category_name"": ""남성의류>상의"", ""review_avg"": 5.0, ""sale_percent"": 19, ""sale_price"": 38760, ""sold_out"": false, ""url"": ""https://product.29cm.co.kr/catalog/993892""}",2026-10-03T13:00:06+00:00_f8e2270a
